segment_key,jev_topic_id,jev_topic_key,jev_topic_name,jev_probability,jev_confidence,jev_probabilities,jev_model,jev_request_sha256
semantic-experiment:sentence5:bge:q70:v1:2271676346:000000011080-000000206240,106,semantic:bge:leaf-local-6-2:42:106,Sooneutraalne ajateenistus ja reservi täitmine,0.51,0.5,"{""104"": 0.0, ""198"": 0.0, ""2"": 0.0, ""193"": 0.0, ""202"": 0.0, ""234"": 0.0, ""65"": 0.0, ""34"": 0.0, ""71"": 0.0, ""4"": 0.0, ""124"": 0.0, ""204"": 0.0, ""131"": 0.0, ""160"": 0.0, ""106"": 0.51, ""212"": 0.0, ""79"": 0.0, ""217"": 0.0, ""98"": 0.0, ""177"": 0.0, ""119"": 0.0, ""63"": 0.0, ""93"": 0.0, ""3"": 0.0, ""189"": 0.0, ""152"": 0.0, ""78"": 0.0, ""9"": 0.0, ""118"": 0.0, ""225"": 0.0, ""114"": 0.0, ""26"": 0.0, ""27"": 0.0, ""221"": 0.0, ""53"": 0.0, ""40"": 0.0, ""178"": 0.0, ""157"": 0.0, ""21"": 0.0, ""181"": 0.0, ""62"": 0.0, ""94"": 0.0, ""30"": 0.0, ""147"": 0.0, ""33"": 0.0, ""7"": 0.0, ""123"": 0.0, ""172"": 0.0, ""91"": 0.0, ""54"": 0.0, ""59"": 0.0, ""77"": 0.0, ""215"": 0.0, ""66"": 0.0, ""16"": 0.0, ""42"": 0.0, ""117"": 0.0, ""159"": 0.0, ""35"": 0.0, ""10"": 0.0, ""116"": 0.0, ""76"": 0.0, ""196"": 0.0, ""233"": 0.0, ""37"": 0.0, ""224"": 0.0, ""201"": 0.0, ""99"": 0.0, ""135"": 0.0, ""191"": 0.0, ""228"": 0.0, ""235"": 0.0, ""-1"": 0.41000000000000003, ""110"": 0.0, ""89"": 0.0, ""5"": 0.0, ""220"": 0.0, ""162"": 0.0, ""168"": 0.0, ""133"": 0.0, ""163"": 0.0, ""208"": 0.0, ""61"": 0.0, ""195"": 0.0, ""102"": 0.0, ""158"": 0.0, ""68"": 0.0, ""200"": 0.0, ""231"": 0.0, ""171"": 0.0, ""145"": 0.0, ""90"": 0.0, ""36"": 0.0, ""80"": 0.0, ""211"": 0.0, ""45"": 0.02, ""174"": 0.0, ""232"": 0.0, ""95"": 0.0, ""146"": 0.0, ""67"": 0.0, ""164"": 0.0, ""32"": 0.0, ""156"": 0.0, ""75"": 0.0, ""31"": 0.0, ""22"": 0.0, ""0"": 0.0, ""203"": 0.0, ""153"": 0.0, ""190"": 0.0, ""111"": 0.0, ""81"": 0.0, ""83"": 0.0, ""206"": 0.0, ""227"": 0.0, ""70"": 0.0, ""223"": 0.0, ""8"": 0.0, ""173"": 0.0, ""197"": 0.0, ""175"": 0.0, ""97"": 0.0, ""109"": 0.0, ""58"": 0.0, ""25"": 0.0, ""161"": 0.0, ""19"": 0.0, ""130"": 0.0, ""194"": 0.0, ""149"": 0.0, ""226"": 0.0, ""14"": 0.0, ""92"": 0.0, ""219"": 0.0, ""86"": 0.0, ""142"": 0.0, ""125"": 0.0, ""205"": 0.0, ""134"": 0.0, ""144"": 0.0, ""182"": 0.0, ""103"": 0.0, ""49"": 0.0, ""128"": 0.0, ""44"": 0.0, ""126"": 0.0, ""57"": 0.0, ""179"": 0.0, ""51"": 0.0, ""23"": 0.0, ""132"": 0.0, ""55"": 0.0, ""64"": 0.0, ""138"": 0.0, ""155"": 0.0, ""230"": 0.0, ""11"": 0.0, ""112"": 0.0, ""218"": 0.0, ""52"": 0.0, ""85"": 0.0, ""214"": 0.0, ""50"": 0.0, ""15"": 0.0, ""121"": 0.0, ""139"": 0.0, ""60"": 0.0, ""38"": 0.0, ""169"": 0.0, ""29"": 0.0, ""41"": 0.0, ""207"": 0.0, ""167"": 0.0, ""69"": 0.0, ""199"": 0.0, ""72"": 0.0, ""74"": 0.0, ""13"": 0.0, ""43"": 0.0, ""229"": 0.0, ""140"": 0.0, ""209"": 0.0, ""1"": 0.0, ""82"": 0.0, ""20"": 0.0, ""101"": 0.0, ""88"": 0.0, ""96"": 0.0, ""100"": 0.05, ""108"": 0.0, ""87"": 0.0, ""129"": 0.0, ""186"": 0.0, ""48"": 0.0, ""47"": 0.0, ""141"": 0.0, ""56"": 0.0, ""137"": 0.0, ""122"": 0.0, ""150"": 0.0, ""183"": 0.0, ""12"": 0.0, ""151"": 0.0, ""127"": 0.0, ""213"": 0.0, ""210"": 0.0, ""120"": 0.0, ""113"": 0.0, ""188"": 0.0, ""165"": 0.0, ""222"": 0.0, ""107"": 0.0, ""180"": 0.0, ""28"": 0.0, ""46"": 0.0, ""39"": 0.0, ""17"": 0.0, ""192"": 0.0, ""170"": 0.0, ""18"": 0.0, ""148"": 0.0, ""176"": 0.0, ""143"": 0.0, ""154"": 0.0, ""216"": 0.0, ""105"": 0.0, ""187"": 0.0, ""84"": 0.0, ""73"": 0.0, ""166"": 0.0, ""184"": 0.0, ""24"": 0.0, ""6"": 0.0, ""115"": 0.0, ""185"": 0.0, ""136"": 0.0}",jev-1.13.0,447fc018c4ab1f67996065ffa815215d9e807f183b158de0947fa17d37487122
semantic-experiment:sentence5:bge:q70:v1:2271676346:000000206240-000000353720,-1,semantic:bge:leaf-local-6-2:42:-1,Unassigned,0.63,0.61,"{""186"": 0.0, ""119"": 0.0, ""163"": 0.0, ""107"": 0.0, ""110"": 0.0, ""165"": 0.0, ""63"": 0.0, ""219"": 0.0, ""235"": 0.0, ""91"": 0.0, ""218"": 0.0, ""143"": 0.0, ""184"": 0.0, ""187"": 0.0, ""151"": 0.0, ""129"": 0.0, ""190"": 0.0, ""42"": 0.0, ""200"": 0.0, ""103"": 0.0, ""201"": 0.0, ""178"": 0.0, ""27"": 0.0, ""46"": 0.0, ""67"": 0.0, ""225"": 0.0, ""12"": 0.0, ""211"": 0.0, ""95"": 0.0, ""191"": 0.0, ""160"": 0.0, ""111"": 0.0, ""30"": 0.0, ""6"": 0.0, ""7"": 0.0, ""175"": 0.0, ""68"": 0.0, ""144"": 0.0, ""20"": 0.0, ""38"": 0.0, ""162"": 0.0, ""10"": 0.0, ""161"": 0.0, ""130"": 0.0, ""196"": 0.0, ""232"": 0.0, ""87"": 0.0, ""60"": 0.0, ""207"": 0.0, ""157"": 0.0, ""171"": 0.0, ""182"": 0.0, ""197"": 0.0, ""18"": 0.0, ""64"": 0.0, ""55"": 0.0, ""99"": 0.0, ""158"": 0.0, ""132"": 0.0, ""34"": 0.0, ""228"": 0.0, ""122"": 0.0, ""92"": 0.0, ""224"": 0.0, ""48"": 0.0, ""61"": 0.0, ""222"": 0.0, ""1"": 0.0, ""45"": 0.04, ""153"": 0.0, ""88"": 0.0, ""164"": 0.0, ""118"": 0.0, ""4"": 0.0, ""140"": 0.0, ""193"": 0.0, ""148"": 0.0, ""0"": 0.0, ""136"": 0.0, ""145"": 0.0, ""26"": 0.0, ""181"": 0.0, ""179"": 0.0, ""59"": 0.0, ""81"": 0.0, ""19"": 0.0, ""135"": 0.0, ""3"": 0.0, ""96"": 0.0, ""208"": 0.0, ""2"": 0.0, ""79"": 0.0, ""104"": 0.0, ""97"": 0.0, ""40"": 0.0, ""21"": 0.0, ""15"": 0.0, ""203"": 0.0, ""123"": 0.0, ""198"": 0.0, ""202"": 0.0, ""127"": 0.0, ""189"": 0.0, ""102"": 0.0, ""121"": 0.0, ""78"": 0.0, ""227"": 0.0, ""76"": 0.0, ""85"": 0.0, ""31"": 0.0, ""137"": 0.0, ""172"": 0.0, ""180"": 0.0, ""69"": 0.0, ""84"": 0.0, ""35"": 0.0, ""74"": 0.0, ""37"": 0.0, ""33"": 0.0, ""5"": 0.0, ""86"": 0.0, ""109"": 0.0, ""25"": 0.0, ""39"": 0.0, ""152"": 0.0, ""168"": 0.0, ""124"": 0.0, ""9"": 0.0, ""226"": 0.0, ""147"": 0.0, ""233"": 0.0, ""75"": 0.0, ""70"": 0.02, ""24"": 0.0, ""52"": 0.0, ""114"": 0.0, ""71"": 0.0, ""120"": 0.0, ""212"": 0.0, ""134"": 0.0, ""77"": 0.0, ""138"": 0.0, ""57"": 0.0, ""128"": 0.0, ""23"": 0.02, ""220"": 0.0, ""142"": 0.0, ""150"": 0.0, ""169"": 0.0, ""173"": 0.0, ""155"": 0.0, ""167"": 0.0, ""154"": 0.0, ""146"": 0.0, ""8"": 0.0, ""176"": 0.0, ""126"": 0.0, ""54"": 0.0, ""170"": 0.0, ""115"": 0.0, ""93"": 0.0, ""94"": 0.0, ""82"": 0.0, ""223"": 0.0, ""44"": 0.0, ""50"": 0.0, ""117"": 0.0, ""214"": 0.0, ""205"": 0.0, ""230"": 0.0, ""105"": 0.0, ""65"": 0.0, ""213"": 0.0, ""199"": 0.0, ""113"": 0.0, ""16"": 0.0, ""51"": 0.0, ""188"": 0.0, ""204"": 0.0, ""53"": 0.0, ""-1"": 0.63, ""90"": 0.0, ""234"": 0.0, ""116"": 0.0, ""14"": 0.0, ""29"": 0.0, ""183"": 0.0, ""83"": 0.0, ""192"": 0.0, ""159"": 0.0, ""80"": 0.0, ""216"": 0.0, ""141"": 0.0, ""177"": 0.0, ""149"": 0.0, ""56"": 0.0, ""139"": 0.0, ""106"": 0.16, ""43"": 0.0, ""210"": 0.0, ""221"": 0.0, ""13"": 0.0, ""62"": 0.0, ""195"": 0.0, ""131"": 0.0, ""166"": 0.0, ""17"": 0.0, ""58"": 0.0, ""101"": 0.0, ""215"": 0.0, ""209"": 0.0, ""49"": 0.0, ""100"": 0.05, ""229"": 0.0, ""194"": 0.0, ""41"": 0.0, ""36"": 0.0, ""47"": 0.0, ""156"": 0.0, ""125"": 0.0, ""32"": 0.0, ""73"": 0.0, ""185"": 0.0, ""98"": 0.0, ""66"": 0.02, ""108"": 0.01, ""22"": 0.0, ""206"": 0.0, ""28"": 0.0, ""11"": 0.04, ""72"": 0.0, ""112"": 0.0, ""174"": 0.0, ""133"": 0.0, ""231"": 0.0, ""217"": 0.0, ""89"": 0.0}",jev-1.13.0,9f2d8f76124a235b45f234a413e8604502426d4a28d484c44ea86ee886089624
semantic-experiment:sentence5:bge:q70:v1:2271676346:000000353720-000000554280,106,semantic:bge:leaf-local-6-2:42:106,Sooneutraalne ajateenistus ja reservi täitmine,0.48,0.47,"{""186"": 0.0, ""119"": 0.0, ""163"": 0.0, ""107"": 0.0, ""110"": 0.0, ""165"": 0.0, ""63"": 0.0, ""219"": 0.0, ""235"": 0.0, ""91"": 0.0, ""218"": 0.0, ""187"": 0.0, ""143"": 0.0, ""184"": 0.0, ""151"": 0.0, ""129"": 0.0, ""190"": 0.0, ""42"": 0.0, ""200"": 0.0, ""103"": 0.0, ""201"": 0.0, ""178"": 0.0, ""27"": 0.0, ""46"": 0.0, ""67"": 0.0, ""211"": 0.0, ""12"": 0.0, ""225"": 0.0, ""95"": 0.0, ""191"": 0.0, ""160"": 0.0, ""111"": 0.0, ""30"": 0.0, ""6"": 0.0, ""7"": 0.0, ""68"": 0.0, ""175"": 0.0, ""144"": 0.0, ""20"": 0.0, ""38"": 0.0, ""162"": 0.0, ""10"": 0.0, ""161"": 0.0, ""130"": 0.0, ""196"": 0.0, ""232"": 0.0, ""87"": 0.0, ""60"": 0.0, ""207"": 0.0, ""157"": 0.0, ""182"": 0.0, ""171"": 0.0, ""197"": 0.0, ""18"": 0.0, ""64"": 0.0, ""55"": 0.0, ""99"": 0.01, ""158"": 0.0, ""132"": 0.0, ""34"": 0.0, ""228"": 0.0, ""122"": 0.0, ""92"": 0.0, ""224"": 0.0, ""48"": 0.0, ""61"": 0.0, ""222"": 0.0, ""1"": 0.0, ""45"": 0.21000000000000002, ""153"": 0.0, ""88"": 0.0, ""164"": 0.0, ""118"": 0.0, ""4"": 0.0, ""136"": 0.0, ""0"": 0.0, ""148"": 0.0, ""193"": 0.0, ""140"": 0.0, ""145"": 0.0, ""26"": 0.0, ""181"": 0.0, ""179"": 0.0, ""59"": 0.0, ""81"": 0.0, ""19"": 0.0, ""135"": 0.0, ""3"": 0.0, ""96"": 0.0, ""208"": 0.0, ""2"": 0.0, ""79"": 0.0, ""104"": 0.0, ""97"": 0.0, ""40"": 0.0, ""21"": 0.0, ""15"": 0.0, ""203"": 0.0, ""123"": 0.0, ""198"": 0.0, ""202"": 0.0, ""127"": 0.0, ""121"": 0.0, ""102"": 0.0, ""189"": 0.0, ""78"": 0.0, ""227"": 0.0, ""76"": 0.0, ""85"": 0.0, ""31"": 0.0, ""137"": 0.0, ""172"": 0.0, ""180"": 0.0, ""69"": 0.0, ""84"": 0.0, ""35"": 0.0, ""74"": 0.0, ""37"": 0.0, ""33"": 0.0, ""5"": 0.0, ""25"": 0.0, ""109"": 0.0, ""86"": 0.0, ""39"": 0.0, ""9"": 0.0, ""168"": 0.0, ""124"": 0.0, ""152"": 0.0, ""226"": 0.0, ""114"": 0.0, ""233"": 0.0, ""75"": 0.0, ""70"": 0.0, ""24"": 0.0, ""52"": 0.0, ""147"": 0.0, ""71"": 0.0, ""134"": 0.0, ""212"": 0.0, ""120"": 0.0, ""77"": 0.0, ""138"": 0.0, ""128"": 0.0, ""57"": 0.0, ""23"": 0.0, ""220"": 0.0, ""142"": 0.0, ""169"": 0.0, ""150"": 0.0, ""173"": 0.0, ""126"": 0.0, ""154"": 0.0, ""155"": 0.0, ""170"": 0.0, ""54"": 0.0, ""176"": 0.0, ""8"": 0.0, ""146"": 0.0, ""167"": 0.0, ""115"": 0.0, ""93"": 0.0, ""94"": 0.0, ""82"": 0.0, ""223"": 0.0, ""44"": 0.0, ""50"": 0.0, ""117"": 0.0, ""214"": 0.0, ""205"": 0.0, ""230"": 0.0, ""105"": 0.0, ""65"": 0.0, ""213"": 0.0, ""199"": 0.0, ""188"": 0.0, ""16"": 0.0, ""51"": 0.0, ""113"": 0.0, ""204"": 0.0, ""53"": 0.0, ""-1"": 0.12, ""90"": 0.0, ""234"": 0.0, ""116"": 0.0, ""14"": 0.0, ""29"": 0.02, ""80"": 0.0, ""83"": 0.04, ""192"": 0.0, ""159"": 0.0, ""183"": 0.0, ""216"": 0.0, ""141"": 0.0, ""149"": 0.0, ""177"": 0.0, ""139"": 0.0, ""56"": 0.0, ""106"": 0.48, ""43"": 0.0, ""210"": 0.0, ""221"": 0.0, ""13"": 0.0, ""62"": 0.0, ""195"": 0.0, ""131"": 0.0, ""166"": 0.0, ""17"": 0.0, ""58"": 0.0, ""101"": 0.0, ""215"": 0.0, ""209"": 0.0, ""49"": 0.0, ""229"": 0.0, ""100"": 0.11, ""36"": 0.0, ""194"": 0.0, ""41"": 0.0, ""47"": 0.0, ""156"": 0.0, ""108"": 0.0, ""32"": 0.0, ""73"": 0.0, ""185"": 0.0, ""22"": 0.0, ""66"": 0.0, ""125"": 0.0, ""98"": 0.0, ""206"": 0.0, ""28"": 0.0, ""11"": 0.0, ""174"": 0.0, ""112"": 0.0, ""72"": 0.0, ""217"": 0.0, ""231"": 0.0, ""133"": 0.0, ""89"": 0.0}",jev-1.13.0,d9ee4ccf27ca763da736eb6f88bec6496081c6132465d13e1f29fc20eb824b99
semantic-experiment:sentence5:bge:q70:v1:2271676346:000000554280-000000692840,83,semantic:bge:leaf-local-6-2:42:83,Kaitsekulude tõus ja hanked,0.96,0.95,"{""170"": 0.0, ""129"": 0.0, ""22"": 0.0, ""220"": 0.0, ""78"": 0.0, ""70"": 0.0, ""106"": 0.0, ""30"": 0.0, ""80"": 0.0, ""9"": 0.0, ""147"": 0.0, ""117"": 0.0, ""134"": 0.0, ""136"": 0.0, ""2"": 0.0, ""114"": 0.0, ""26"": 0.0, ""123"": 0.0, ""79"": 0.0, ""126"": 0.0, ""13"": 0.0, ""113"": 0.0, ""166"": 0.0, ""223"": 0.0, ""38"": 0.0, ""67"": 0.0, ""208"": 0.0, ""181"": 0.0, ""216"": 0.0, ""197"": 0.0, ""108"": 0.0, ""165"": 0.0, ""105"": 0.0, ""65"": 0.0, ""94"": 0.0, ""15"": 0.0, ""120"": 0.0, ""124"": 0.0, ""128"": 0.0, ""226"": 0.0, ""159"": 0.0, ""222"": 0.0, ""172"": 0.0, ""200"": 0.0, ""235"": 0.0, ""231"": 0.0, ""175"": 0.0, ""209"": 0.0, ""85"": 0.0, ""8"": 0.0, ""139"": 0.0, ""46"": 0.0, ""212"": 0.0, ""17"": 0.0, ""68"": 0.0, ""146"": 0.0, ""161"": 0.0, ""144"": 0.0, ""202"": 0.0, ""122"": 0.0, ""37"": 0.0, ""131"": 0.0, ""183"": 0.0, ""50"": 0.0, ""207"": 0.0, ""23"": 0.0, ""148"": 0.0, ""71"": 0.0, ""121"": 0.0, ""99"": 0.0, ""205"": 0.0, ""150"": 0.0, ""118"": 0.0, ""90"": 0.0, ""63"": 0.0, ""112"": 0.0, ""232"": 0.0, ""12"": 0.0, ""187"": 0.0, ""44"": 0.0, ""155"": 0.0, ""130"": 0.0, ""102"": 0.0, ""228"": 0.0, ""93"": 0.0, ""69"": 0.0, ""18"": 0.0, ""196"": 0.0, ""188"": 0.0, ""171"": 0.0, ""174"": 0.0, ""75"": 0.0, ""14"": 0.0, ""211"": 0.0, ""55"": 0.0, ""25"": 0.0, ""89"": 0.0, ""204"": 0.0, ""32"": 0.0, ""35"": 0.0, ""40"": 0.0, ""195"": 0.0, ""135"": 0.0, ""110"": 0.0, ""178"": 0.0, ""34"": 0.0, ""176"": 0.0, ""16"": 0.0, ""74"": 0.0, ""133"": 0.0, ""193"": 0.0, ""225"": 0.0, ""77"": 0.0, ""156"": 0.0, ""21"": 0.0, ""201"": 0.0, ""230"": 0.0, ""213"": 0.0, ""20"": 0.0, ""149"": 0.0, ""111"": 0.0, ""219"": 0.0, ""138"": 0.0, ""91"": 0.0, ""218"": 0.0, ""7"": 0.0, ""153"": 0.0, ""83"": 0.96, ""53"": 0.0, ""66"": 0.0, ""184"": 0.0, ""95"": 0.0, ""127"": 0.0, ""107"": 0.0, ""198"": 0.0, ""163"": 0.0, ""186"": 0.0, ""210"": 0.0, ""162"": 0.0, ""45"": 0.02, ""119"": 0.0, ""145"": 0.0, ""76"": 0.0, ""0"": 0.0, ""86"": 0.0, ""224"": 0.0, ""158"": 0.0, ""58"": 0.0, ""206"": 0.0, ""24"": 0.0, ""185"": 0.0, ""191"": 0.0, ""103"": 0.0, ""27"": 0.0, ""52"": 0.0, ""19"": 0.0, ""48"": 0.0, ""-1"": 0.0, ""154"": 0.0, ""116"": 0.0, ""142"": 0.0, ""180"": 0.0, ""54"": 0.0, ""64"": 0.0, ""28"": 0.0, ""33"": 0.0, ""173"": 0.0, ""10"": 0.0, ""51"": 0.0, ""62"": 0.0, ""115"": 0.0, ""47"": 0.0, ""6"": 0.0, ""192"": 0.0, ""92"": 0.0, ""87"": 0.0, ""152"": 0.0, ""160"": 0.0, ""182"": 0.0, ""59"": 0.0, ""141"": 0.0, ""61"": 0.0, ""151"": 0.0, ""84"": 0.0, ""5"": 0.0, ""29"": 0.0, ""125"": 0.0, ""31"": 0.0, ""214"": 0.0, ""189"": 0.01, ""41"": 0.0, ""229"": 0.0, ""157"": 0.0, ""3"": 0.0, ""168"": 0.0, ""11"": 0.0, ""104"": 0.0, ""137"": 0.0, ""96"": 0.0, ""143"": 0.0, ""72"": 0.0, ""233"": 0.0, ""164"": 0.0, ""190"": 0.0, ""39"": 0.0, ""97"": 0.0, ""203"": 0.0, ""109"": 0.0, ""81"": 0.0, ""49"": 0.0, ""215"": 0.0, ""227"": 0.0, ""43"": 0.0, ""36"": 0.0, ""60"": 0.0, ""88"": 0.0, ""1"": 0.0, ""56"": 0.0, ""132"": 0.0, ""42"": 0.0, ""199"": 0.0, ""57"": 0.0, ""101"": 0.0, ""73"": 0.0, ""194"": 0.0, ""140"": 0.0, ""177"": 0.0, ""167"": 0.0, ""98"": 0.0, ""217"": 0.0, ""4"": 0.0, ""82"": 0.0, ""169"": 0.0, ""221"": 0.0, ""179"": 0.0, ""100"": 0.01, ""234"": 0.0}",jev-1.13.0,909ccad0de07f72297bad1267bc688ef425585691ecd4d6edc6a00c5907b1b64
semantic-experiment:sentence5:bge:q70:v1:2271676346:000000692840-000000889120,189,semantic:bge:leaf-local-6-2:42:189,kihiline õhukaitse ja mehitamata võimed,1.0,1.0,"{""62"": 0.0, ""31"": 0.0, ""37"": 0.0, ""155"": 0.0, ""41"": 0.0, ""74"": 0.0, ""219"": 0.0, ""89"": 0.0, ""102"": 0.0, ""40"": 0.0, ""110"": 0.0, ""164"": 0.0, ""140"": 0.0, ""174"": 0.0, ""208"": 0.0, ""176"": 0.0, ""80"": 0.0, ""223"": 0.0, ""36"": 0.0, ""32"": 0.0, ""9"": 0.0, ""29"": 0.0, ""197"": 0.0, ""47"": 0.0, ""86"": 0.0, ""148"": 0.0, ""124"": 0.0, ""213"": 0.0, ""188"": 0.0, ""5"": 0.0, ""2"": 0.0, ""77"": 0.0, ""182"": 0.0, ""128"": 0.0, ""115"": 0.0, ""190"": 0.0, ""226"": 0.0, ""175"": 0.0, ""136"": 0.0, ""209"": 0.0, ""118"": 0.0, ""39"": 0.0, ""199"": 0.0, ""14"": 0.0, ""138"": 0.0, ""104"": 0.0, ""46"": 0.0, ""159"": 0.0, ""-1"": 0.0, ""35"": 0.0, ""26"": 0.0, ""156"": 0.0, ""229"": 0.0, ""96"": 0.0, ""177"": 0.0, ""150"": 0.0, ""42"": 0.0, ""34"": 0.0, ""154"": 0.0, ""22"": 0.0, ""147"": 0.0, ""71"": 0.0, ""179"": 0.0, ""13"": 0.0, ""126"": 0.0, ""4"": 0.0, ""21"": 0.0, ""85"": 0.0, ""67"": 0.0, ""228"": 0.0, ""54"": 0.0, ""131"": 0.0, ""225"": 0.0, ""33"": 0.0, ""99"": 0.0, ""19"": 0.0, ""18"": 0.0, ""93"": 0.0, ""3"": 0.0, ""50"": 0.0, ""28"": 0.0, ""203"": 0.0, ""202"": 0.0, ""7"": 0.0, ""227"": 0.0, ""194"": 0.0, ""45"": 0.0, ""125"": 0.0, ""38"": 0.0, ""58"": 0.0, ""144"": 0.0, ""206"": 0.0, ""120"": 0.0, ""8"": 0.0, ""69"": 0.0, ""116"": 0.0, ""53"": 0.0, ""15"": 0.0, ""198"": 0.0, ""129"": 0.0, ""162"": 0.0, ""180"": 0.0, ""82"": 0.0, ""49"": 0.0, ""51"": 0.0, ""217"": 0.0, ""76"": 0.0, ""189"": 1.0, ""216"": 0.0, ""173"": 0.0, ""122"": 0.0, ""90"": 0.0, ""218"": 0.0, ""210"": 0.0, ""153"": 0.0, ""192"": 0.0, ""105"": 0.0, ""73"": 0.0, ""167"": 0.0, ""98"": 0.0, ""23"": 0.0, ""59"": 0.0, ""214"": 0.0, ""27"": 0.0, ""100"": 0.0, ""87"": 0.0, ""142"": 0.0, ""224"": 0.0, ""66"": 0.0, ""168"": 0.0, ""107"": 0.0, ""171"": 0.0, ""211"": 0.0, ""111"": 0.0, ""114"": 0.0, ""187"": 0.0, ""166"": 0.0, ""200"": 0.0, ""161"": 0.0, ""68"": 0.0, ""78"": 0.0, ""165"": 0.0, ""137"": 0.0, ""191"": 0.0, ""160"": 0.0, ""57"": 0.0, ""172"": 0.0, ""133"": 0.0, ""157"": 0.0, ""0"": 0.0, ""109"": 0.0, ""135"": 0.0, ""195"": 0.0, ""151"": 0.0, ""207"": 0.0, ""204"": 0.0, ""158"": 0.0, ""185"": 0.0, ""186"": 0.0, ""94"": 0.0, ""183"": 0.0, ""181"": 0.0, ""139"": 0.0, ""81"": 0.0, ""196"": 0.0, ""143"": 0.0, ""149"": 0.0, ""230"": 0.0, ""48"": 0.0, ""70"": 0.0, ""108"": 0.0, ""95"": 0.0, ""17"": 0.0, ""10"": 0.0, ""60"": 0.0, ""112"": 0.0, ""163"": 0.0, ""91"": 0.0, ""30"": 0.0, ""113"": 0.0, ""25"": 0.0, ""215"": 0.0, ""20"": 0.0, ""222"": 0.0, ""92"": 0.0, ""106"": 0.0, ""1"": 0.0, ""121"": 0.0, ""65"": 0.0, ""83"": 0.0, ""103"": 0.0, ""132"": 0.0, ""56"": 0.0, ""88"": 0.0, ""61"": 0.0, ""234"": 0.0, ""75"": 0.0, ""232"": 0.0, ""233"": 0.0, ""119"": 0.0, ""152"": 0.0, ""184"": 0.0, ""235"": 0.0, ""178"": 0.0, ""141"": 0.0, ""134"": 0.0, ""84"": 0.0, ""52"": 0.0, ""44"": 0.0, ""170"": 0.0, ""212"": 0.0, ""97"": 0.0, ""145"": 0.0, ""12"": 0.0, ""146"": 0.0, ""16"": 0.0, ""205"": 0.0, ""123"": 0.0, ""64"": 0.0, ""231"": 0.0, ""193"": 0.0, ""169"": 0.0, ""55"": 0.0, ""11"": 0.0, ""117"": 0.0, ""101"": 0.0, ""24"": 0.0, ""130"": 0.0, ""127"": 0.0, ""72"": 0.0, ""6"": 0.0, ""79"": 0.0, ""220"": 0.0, ""221"": 0.0, ""43"": 0.0, ""63"": 0.0, ""201"": 0.0}",jev-1.13.0,01d2401197a411a613b70c5eeca07fc2d354141698c287239892c87501aa15dc
semantic-experiment:sentence5:bge:q70:v1:2271676346:000000889120-000000987000,106,semantic:bge:leaf-local-6-2:42:106,Sooneutraalne ajateenistus ja reservi täitmine,0.53,0.52,"{""221"": 0.0, ""82"": 0.0, ""43"": 0.0, ""163"": 0.0, ""41"": 0.0, ""76"": 0.0, ""230"": 0.0, ""225"": 0.0, ""47"": 0.0, ""220"": 0.0, ""109"": 0.0, ""143"": 0.0, ""49"": 0.0, ""32"": 0.0, ""179"": 0.0, ""46"": 0.0, ""185"": 0.0, ""103"": 0.0, ""34"": 0.0, ""12"": 0.0, ""169"": 0.0, ""142"": 0.0, ""182"": 0.0, ""77"": 0.0, ""56"": 0.0, ""231"": 0.0, ""223"": 0.0, ""196"": 0.0, ""176"": 0.0, ""200"": 0.0, ""219"": 0.0, ""93"": 0.0, ""207"": 0.0, ""-1"": 0.29000000000000004, ""135"": 0.0, ""68"": 0.0, ""218"": 0.0, ""216"": 0.0, ""79"": 0.0, ""170"": 0.0, ""78"": 0.0, ""23"": 0.0, ""172"": 0.0, ""27"": 0.0, ""7"": 0.0, ""118"": 0.0, ""151"": 0.0, ""114"": 0.0, ""188"": 0.0, ""202"": 0.0, ""8"": 0.0, ""167"": 0.0, ""74"": 0.0, ""29"": 0.0, ""206"": 0.0, ""211"": 0.0, ""154"": 0.0, ""190"": 0.0, ""157"": 0.0, ""121"": 0.0, ""52"": 0.0, ""73"": 0.0, ""192"": 0.0, ""119"": 0.0, ""36"": 0.0, ""13"": 0.0, ""104"": 0.0, ""106"": 0.53, ""217"": 0.0, ""19"": 0.0, ""30"": 0.0, ""94"": 0.0, ""110"": 0.0, ""31"": 0.0, ""53"": 0.0, ""16"": 0.0, ""235"": 0.0, ""22"": 0.0, ""48"": 0.0, ""160"": 0.0, ""62"": 0.0, ""161"": 0.0, ""159"": 0.0, ""215"": 0.0, ""147"": 0.0, ""54"": 0.0, ""203"": 0.0, ""55"": 0.0, ""214"": 0.0, ""99"": 0.0, ""18"": 0.0, ""180"": 0.0, ""226"": 0.0, ""15"": 0.0, ""204"": 0.0, ""0"": 0.0, ""184"": 0.0, ""10"": 0.0, ""209"": 0.0, ""37"": 0.0, ""61"": 0.0, ""71"": 0.0, ""69"": 0.0, ""212"": 0.0, ""183"": 0.0, ""150"": 0.0, ""65"": 0.0, ""129"": 0.0, ""45"": 0.04, ""134"": 0.0, ""131"": 0.0, ""63"": 0.0, ""178"": 0.0, ""25"": 0.0, ""33"": 0.0, ""44"": 0.0, ""128"": 0.0, ""193"": 0.0, ""2"": 0.0, ""153"": 0.0, ""149"": 0.0, ""42"": 0.0, ""191"": 0.0, ""201"": 0.0, ""222"": 0.0, ""133"": 0.0, ""107"": 0.0, ""175"": 0.0, ""83"": 0.03, ""155"": 0.0, ""117"": 0.0, ""100"": 0.08, ""125"": 0.0, ""108"": 0.0, ""40"": 0.0, ""91"": 0.0, ""58"": 0.0, ""92"": 0.0, ""228"": 0.0, ""95"": 0.0, ""234"": 0.0, ""208"": 0.0, ""102"": 0.0, ""39"": 0.0, ""232"": 0.0, ""85"": 0.0, ""86"": 0.0, ""162"": 0.0, ""70"": 0.0, ""72"": 0.0, ""57"": 0.0, ""81"": 0.0, ""124"": 0.0, ""66"": 0.0, ""224"": 0.0, ""112"": 0.0, ""24"": 0.0, ""229"": 0.0, ""199"": 0.0, ""141"": 0.0, ""197"": 0.0, ""171"": 0.0, ""138"": 0.0, ""140"": 0.0, ""186"": 0.0, ""187"": 0.0, ""198"": 0.0, ""28"": 0.0, ""156"": 0.0, ""166"": 0.0, ""164"": 0.0, ""17"": 0.0, ""123"": 0.0, ""111"": 0.0, ""35"": 0.0, ""116"": 0.0, ""165"": 0.0, ""144"": 0.0, ""210"": 0.0, ""101"": 0.0, ""59"": 0.0, ""189"": 0.02, ""14"": 0.0, ""67"": 0.0, ""213"": 0.0, ""84"": 0.0, ""89"": 0.0, ""90"": 0.0, ""181"": 0.0, ""168"": 0.0, ""158"": 0.0, ""38"": 0.0, ""80"": 0.0, ""21"": 0.0, ""145"": 0.0, ""4"": 0.0, ""26"": 0.0, ""233"": 0.0, ""152"": 0.0, ""75"": 0.0, ""6"": 0.0, ""60"": 0.0, ""174"": 0.0, ""122"": 0.0, ""1"": 0.0, ""130"": 0.0, ""195"": 0.0, ""120"": 0.0, ""127"": 0.0, ""51"": 0.0, ""105"": 0.0, ""126"": 0.0, ""132"": 0.0, ""136"": 0.0, ""194"": 0.0, ""148"": 0.0, ""113"": 0.0, ""97"": 0.0, ""20"": 0.0, ""9"": 0.0, ""11"": 0.0, ""50"": 0.0, ""146"": 0.0, ""177"": 0.0, ""88"": 0.0, ""205"": 0.0, ""137"": 0.0, ""173"": 0.0, ""139"": 0.0, ""5"": 0.0, ""227"": 0.0, ""64"": 0.0, ""87"": 0.0, ""98"": 0.0, ""3"": 0.0, ""115"": 0.0, ""96"": 0.0}",jev-1.13.0,5479d3c0071b1aaa29dbd4836b1eb7d67b51b46bbc8cd20fb01be6b9464503a4
semantic-experiment:sentence5:bge:q70:v1:2271676346:000000987000-000001181440,106,semantic:bge:leaf-local-6-2:42:106,Sooneutraalne ajateenistus ja reservi täitmine,0.62,0.61,"{""149"": 0.0, ""150"": 0.0, ""183"": 0.0, ""192"": 0.0, ""41"": 0.0, ""74"": 0.0, ""196"": 0.0, ""185"": 0.0, ""116"": 0.0, ""78"": 0.0, ""72"": 0.0, ""153"": 0.0, ""152"": 0.0, ""134"": 0.0, ""11"": 0.0, ""18"": 0.0, ""163"": 0.0, ""105"": 0.0, ""221"": 0.0, ""71"": 0.0, ""103"": 0.0, ""38"": 0.0, ""198"": 0.0, ""73"": 0.0, ""165"": 0.0, ""167"": 0.0, ""124"": 0.0, ""157"": 0.0, ""68"": 0.0, ""28"": 0.0, ""193"": 0.0, ""22"": 0.0, ""178"": 0.0, ""67"": 0.0, ""106"": 0.62, ""21"": 0.0, ""66"": 0.0, ""128"": 0.0, ""205"": 0.0, ""140"": 0.0, ""202"": 0.0, ""25"": 0.0, ""33"": 0.0, ""200"": 0.0, ""48"": 0.0, ""204"": 0.0, ""6"": 0.0, ""56"": 0.0, ""137"": 0.0, ""119"": 0.0, ""206"": 0.0, ""5"": 0.0, ""90"": 0.0, ""210"": 0.0, ""93"": 0.0, ""30"": 0.0, ""-1"": 0.19, ""112"": 0.0, ""8"": 0.0, ""60"": 0.0, ""126"": 0.0, ""96"": 0.0, ""118"": 0.0, ""4"": 0.0, ""77"": 0.0, ""122"": 0.0, ""233"": 0.0, ""127"": 0.0, ""97"": 0.0, ""45"": 0.04, ""166"": 0.0, ""207"": 0.0, ""148"": 0.0, ""231"": 0.0, ""52"": 0.0, ""58"": 0.0, ""50"": 0.0, ""229"": 0.0, ""169"": 0.0, ""32"": 0.0, ""14"": 0.0, ""213"": 0.0, ""181"": 0.0, ""173"": 0.0, ""100"": 0.05, ""175"": 0.0, ""214"": 0.0, ""145"": 0.0, ""146"": 0.0, ""141"": 0.0, ""37"": 0.0, ""189"": 0.05, ""201"": 0.0, ""98"": 0.0, ""160"": 0.0, ""43"": 0.0, ""182"": 0.0, ""224"": 0.0, ""136"": 0.0, ""2"": 0.0, ""232"": 0.0, ""174"": 0.0, ""121"": 0.0, ""234"": 0.0, ""211"": 0.0, ""114"": 0.0, ""138"": 0.0, ""132"": 0.0, ""85"": 0.0, ""53"": 0.0, ""139"": 0.0, ""107"": 0.0, ""133"": 0.0, ""203"": 0.0, ""84"": 0.0, ""1"": 0.0, ""7"": 0.0, ""162"": 0.0, ""94"": 0.0, ""88"": 0.0, ""20"": 0.0, ""223"": 0.0, ""215"": 0.0, ""23"": 0.0, ""158"": 0.0, ""177"": 0.0, ""186"": 0.0, ""40"": 0.0, ""222"": 0.0, ""111"": 0.0, ""151"": 0.0, ""64"": 0.0, ""147"": 0.0, ""218"": 0.0, ""13"": 0.0, ""87"": 0.0, ""172"": 0.0, ""80"": 0.01, ""209"": 0.0, ""164"": 0.0, ""108"": 0.0, ""225"": 0.0, ""19"": 0.0, ""81"": 0.0, ""154"": 0.0, ""102"": 0.0, ""212"": 0.0, ""82"": 0.0, ""228"": 0.0, ""44"": 0.0, ""191"": 0.0, ""216"": 0.0, ""47"": 0.0, ""217"": 0.0, ""59"": 0.0, ""220"": 0.0, ""57"": 0.0, ""0"": 0.0, ""109"": 0.0, ""86"": 0.0, ""219"": 0.0, ""176"": 0.0, ""170"": 0.0, ""171"": 0.0, ""199"": 0.0, ""123"": 0.0, ""230"": 0.0, ""46"": 0.0, ""39"": 0.0, ""129"": 0.0, ""143"": 0.0, ""125"": 0.0, ""190"": 0.0, ""42"": 0.0, ""95"": 0.0, ""55"": 0.0, ""62"": 0.0, ""156"": 0.0, ""161"": 0.0, ""195"": 0.0, ""61"": 0.0, ""194"": 0.0, ""27"": 0.0, ""113"": 0.0, ""130"": 0.0, ""12"": 0.0, ""51"": 0.0, ""3"": 0.0, ""99"": 0.0, ""16"": 0.0, ""159"": 0.0, ""29"": 0.01, ""89"": 0.0, ""144"": 0.0, ""9"": 0.0, ""69"": 0.0, ""120"": 0.0, ""117"": 0.0, ""197"": 0.0, ""104"": 0.0, ""92"": 0.0, ""91"": 0.0, ""63"": 0.0, ""179"": 0.0, ""168"": 0.0, ""26"": 0.0, ""110"": 0.0, ""83"": 0.03, ""65"": 0.0, ""35"": 0.0, ""187"": 0.0, ""24"": 0.0, ""184"": 0.0, ""155"": 0.0, ""76"": 0.0, ""115"": 0.0, ""79"": 0.0, ""15"": 0.0, ""226"": 0.0, ""34"": 0.0, ""49"": 0.0, ""101"": 0.0, ""10"": 0.0, ""235"": 0.0, ""75"": 0.0, ""227"": 0.0, ""36"": 0.0, ""131"": 0.0, ""70"": 0.0, ""188"": 0.0, ""142"": 0.0, ""54"": 0.0, ""180"": 0.0, ""17"": 0.0, ""208"": 0.0, ""135"": 0.0, ""31"": 0.0}",jev-1.13.0,45636dbb3418e3f6519c6ae2e5f87d6358b8882adc43f1de610ae34922ac7fdc
semantic-experiment:sentence5:bge:q70:v1:2271676346:000001181440-000001334480,106,semantic:bge:leaf-local-6-2:42:106,Sooneutraalne ajateenistus ja reservi täitmine,0.55,0.54,"{""92"": 0.0, ""57"": 0.0, ""74"": 0.0, ""85"": 0.0, ""51"": 0.0, ""76"": 0.0, ""75"": 0.0, ""93"": 0.0, ""121"": 0.0, ""200"": 0.0, ""82"": 0.0, ""16"": 0.0, ""128"": 0.0, ""132"": 0.0, ""156"": 0.0, ""198"": 0.0, ""84"": 0.0, ""90"": 0.0, ""201"": 0.0, ""134"": 0.0, ""179"": 0.0, ""222"": 0.0, ""211"": 0.0, ""14"": 0.0, ""60"": 0.0, ""6"": 0.0, ""226"": 0.0, ""223"": 0.0, ""152"": 0.0, ""59"": 0.0, ""141"": 0.0, ""47"": 0.0, ""72"": 0.0, ""202"": 0.0, ""66"": 0.0, ""158"": 0.0, ""34"": 0.0, ""197"": 0.0, ""174"": 0.0, ""56"": 0.0, ""228"": 0.0, ""229"": 0.0, ""227"": 0.0, ""148"": 0.0, ""115"": 0.0, ""136"": 0.0, ""98"": 0.0, ""234"": 0.0, ""30"": 0.0, ""155"": 0.0, ""104"": 0.0, ""38"": 0.0, ""99"": 0.0, ""4"": 0.0, ""213"": 0.0, ""163"": 0.0, ""144"": 0.0, ""78"": 0.0, ""142"": 0.0, ""151"": 0.0, ""154"": 0.0, ""94"": 0.0, ""122"": 0.0, ""117"": 0.0, ""96"": 0.0, ""199"": 0.0, ""105"": 0.0, ""71"": 0.0, ""131"": 0.0, ""140"": 0.0, ""168"": 0.0, ""191"": 0.0, ""116"": 0.0, ""177"": 0.0, ""175"": 0.0, ""45"": 0.05, ""23"": 0.0, ""194"": 0.0, ""145"": 0.0, ""65"": 0.0, ""225"": 0.0, ""184"": 0.0, ""178"": 0.0, ""52"": 0.0, ""215"": 0.0, ""107"": 0.0, ""20"": 0.0, ""185"": 0.0, ""112"": 0.0, ""91"": 0.0, ""70"": 0.0, ""214"": 0.0, ""26"": 0.0, ""106"": 0.55, ""40"": 0.0, ""235"": 0.0, ""188"": 0.0, ""21"": 0.0, ""212"": 0.0, ""48"": 0.0, ""32"": 0.0, ""166"": 0.0, ""12"": 0.0, ""159"": 0.0, ""146"": 0.0, ""167"": 0.0, ""169"": 0.0, ""124"": 0.0, ""97"": 0.0, ""44"": 0.0, ""3"": 0.0, ""160"": 0.0, ""29"": 0.0, ""79"": 0.0, ""8"": 0.0, ""103"": 0.0, ""62"": 0.0, ""137"": 0.0, ""109"": 0.0, ""95"": 0.0, ""203"": 0.0, ""0"": 0.0, ""176"": 0.0, ""207"": 0.0, ""17"": 0.0, ""172"": 0.0, ""180"": 0.0, ""5"": 0.0, ""35"": 0.0, ""2"": 0.0, ""224"": 0.0, ""162"": 0.0, ""130"": 0.0, ""219"": 0.0, ""208"": 0.0, ""28"": 0.0, ""49"": 0.0, ""189"": 0.0, ""101"": 0.0, ""88"": 0.0, ""61"": 0.0, ""183"": 0.0, ""33"": 0.0, ""86"": 0.0, ""233"": 0.0, ""89"": 0.0, ""73"": 0.0, ""7"": 0.0, ""125"": 0.0, ""53"": 0.0, ""39"": 0.0, ""55"": 0.0, ""230"": 0.0, ""64"": 0.0, ""119"": 0.0, ""110"": 0.0, ""216"": 0.0, ""58"": 0.0, ""68"": 0.0, ""18"": 0.0, ""164"": 0.0, ""46"": 0.0, ""129"": 0.0, ""138"": 0.0, ""143"": 0.0, ""165"": 0.0, ""173"": 0.0, ""9"": 0.0, ""147"": 0.0, ""13"": 0.0, ""204"": 0.0, ""126"": 0.0, ""221"": 0.0, ""123"": 0.0, ""218"": 0.0, ""102"": 0.0, ""127"": 0.0, ""42"": 0.0, ""67"": 0.0, ""114"": 0.0, ""31"": 0.0, ""220"": 0.0, ""77"": 0.0, ""217"": 0.0, ""24"": 0.0, ""81"": 0.0, ""15"": 0.0, ""195"": 0.0, ""149"": 0.0, ""153"": 0.0, ""113"": 0.0, ""120"": 0.0, ""50"": 0.0, ""83"": 0.18000000000000002, ""41"": 0.0, ""133"": 0.0, ""108"": 0.0, ""192"": 0.0, ""63"": 0.0, ""-1"": 0.15000000000000002, ""1"": 0.0, ""170"": 0.0, ""187"": 0.0, ""22"": 0.0, ""181"": 0.0, ""205"": 0.0, ""190"": 0.0, ""135"": 0.0, ""209"": 0.0, ""118"": 0.0, ""11"": 0.0, ""139"": 0.0, ""210"": 0.0, ""54"": 0.0, ""100"": 0.04, ""37"": 0.0, ""10"": 0.0, ""196"": 0.0, ""186"": 0.0, ""232"": 0.0, ""206"": 0.0, ""157"": 0.0, ""69"": 0.0, ""36"": 0.0, ""87"": 0.0, ""150"": 0.0, ""111"": 0.0, ""193"": 0.0, ""182"": 0.0, ""25"": 0.0, ""43"": 0.0, ""231"": 0.0, ""171"": 0.0, ""27"": 0.0, ""161"": 0.0, ""80"": 0.02, ""19"": 0.0}",jev-1.13.0,63a0c6e6d62343545026109fd32368a44ee6ebb14aa8ab93d83789c11d2185c3
semantic-experiment:sentence5:bge:q70:v1:2271676346:000001334480-000001598080,45,semantic:bge:leaf-local-6-2:42:45,Lai riigikaitse kodune ja kogukondlik valmisolek,0.5700000000000001,0.55,"{""132"": 0.0, ""195"": 0.0, ""96"": 0.0, ""59"": 0.0, ""65"": 0.0, ""52"": 0.0, ""121"": 0.0, ""4"": 0.0, ""209"": 0.0, ""189"": 0.02, ""51"": 0.0, ""1"": 0.0, ""147"": 0.0, ""131"": 0.0, ""45"": 0.5700000000000001, ""102"": 0.0, ""42"": 0.0, ""207"": 0.0, ""75"": 0.0, ""138"": 0.0, ""39"": 0.0, ""151"": 0.0, ""192"": 0.0, ""176"": 0.0, ""92"": 0.0, ""2"": 0.0, ""19"": 0.0, ""56"": 0.0, ""41"": 0.0, ""101"": 0.0, ""159"": 0.0, ""91"": 0.0, ""61"": 0.0, ""141"": 0.0, ""228"": 0.0, ""24"": 0.0, ""165"": 0.0, ""50"": 0.0, ""22"": 0.0, ""217"": 0.0, ""216"": 0.0, ""37"": 0.0, ""34"": 0.0, ""230"": 0.0, ""201"": 0.0, ""197"": 0.0, ""222"": 0.0, ""232"": 0.0, ""231"": 0.0, ""97"": 0.0, ""158"": 0.0, ""32"": 0.0, ""29"": 0.0, ""149"": 0.0, ""210"": 0.0, ""157"": 0.0, ""40"": 0.0, ""105"": 0.0, ""113"": 0.0, ""215"": 0.0, ""190"": 0.060000000000000005, ""49"": 0.0, ""182"": 0.0, ""162"": 0.0, ""143"": 0.0, ""155"": 0.0, ""94"": 0.0, ""153"": 0.0, ""66"": 0.0, ""194"": 0.0, ""8"": 0.0, ""115"": 0.0, ""206"": 0.0, ""35"": 0.0, ""7"": 0.0, ""145"": 0.0, ""140"": 0.0, ""199"": 0.0, ""25"": 0.0, ""170"": 0.0, ""110"": 0.0, ""225"": 0.0, ""173"": 0.0, ""234"": 0.0, ""191"": 0.0, ""193"": 0.0, ""186"": 0.0, ""67"": 0.0, ""202"": 0.0, ""196"": 0.0, ""109"": 0.0, ""70"": 0.0, ""183"": 0.0, ""38"": 0.0, ""126"": 0.0, ""122"": 0.0, ""181"": 0.0, ""48"": 0.0, ""163"": 0.0, ""184"": 0.0, ""135"": 0.0, ""12"": 0.0, ""72"": 0.0, ""83"": 0.0, ""90"": 0.0, ""169"": 0.0, ""55"": 0.0, ""120"": 0.0, ""137"": 0.0, ""187"": 0.0, ""74"": 0.0, ""77"": 0.0, ""203"": 0.0, ""198"": 0.0, ""33"": 0.0, ""117"": 0.0, ""223"": 0.0, ""82"": 0.0, ""130"": 0.0, ""204"": 0.0, ""57"": 0.0, ""-1"": 0.04, ""124"": 0.0, ""21"": 0.0, ""86"": 0.0, ""171"": 0.0, ""5"": 0.0, ""185"": 0.0, ""26"": 0.0, ""123"": 0.0, ""79"": 0.0, ""118"": 0.0, ""188"": 0.0, ""58"": 0.0, ""62"": 0.0, ""14"": 0.0, ""81"": 0.0, ""76"": 0.0, ""218"": 0.0, ""156"": 0.0, ""211"": 0.0, ""87"": 0.0, ""235"": 0.0, ""36"": 0.0, ""233"": 0.0, ""85"": 0.0, ""178"": 0.0, ""128"": 0.0, ""16"": 0.0, ""107"": 0.0, ""69"": 0.0, ""108"": 0.0, ""47"": 0.0, ""0"": 0.0, ""177"": 0.0, ""64"": 0.0, ""119"": 0.0, ""104"": 0.0, ""208"": 0.0, ""99"": 0.01, ""224"": 0.0, ""106"": 0.26, ""152"": 0.0, ""112"": 0.0, ""220"": 0.0, ""17"": 0.0, ""168"": 0.0, ""114"": 0.0, ""60"": 0.0, ""213"": 0.0, ""116"": 0.0, ""9"": 0.0, ""179"": 0.0, ""78"": 0.0, ""3"": 0.0, ""95"": 0.0, ""71"": 0.0, ""31"": 0.0, ""23"": 0.0, ""227"": 0.0, ""200"": 0.0, ""13"": 0.0, ""125"": 0.0, ""226"": 0.0, ""133"": 0.0, ""139"": 0.0, ""164"": 0.0, ""63"": 0.0, ""11"": 0.0, ""98"": 0.0, ""229"": 0.0, ""129"": 0.0, ""142"": 0.0, ""43"": 0.0, ""175"": 0.0, ""27"": 0.0, ""136"": 0.0, ""167"": 0.0, ""20"": 0.0, ""84"": 0.0, ""93"": 0.0, ""219"": 0.0, ""172"": 0.0, ""212"": 0.0, ""100"": 0.03, ""46"": 0.0, ""28"": 0.0, ""166"": 0.0, ""88"": 0.0, ""144"": 0.0, ""30"": 0.0, ""148"": 0.0, ""103"": 0.0, ""127"": 0.0, ""80"": 0.0, ""180"": 0.0, ""53"": 0.0, ""6"": 0.0, ""73"": 0.0, ""146"": 0.0, ""160"": 0.0, ""44"": 0.0, ""150"": 0.0, ""10"": 0.0, ""89"": 0.0, ""68"": 0.0, ""214"": 0.0, ""221"": 0.0, ""18"": 0.0, ""15"": 0.0, ""134"": 0.0, ""154"": 0.0, ""174"": 0.0, ""111"": 0.0, ""205"": 0.0, ""54"": 0.0, ""161"": 0.0}",jev-1.13.0,a31307f804bd42f3ed96cce8e9e3d41a82cdcab5b426e24c408f5684203582f7
semantic-experiment:sentence5:bge:q70:v1:2271676346:000001598080-000001668120,106,semantic:bge:leaf-local-6-2:42:106,Sooneutraalne ajateenistus ja reservi täitmine,0.54,0.53,"{""125"": 0.0, ""54"": 0.0, ""165"": 0.0, ""27"": 0.0, ""199"": 0.0, ""23"": 0.0, ""198"": 0.0, ""202"": 0.0, ""136"": 0.0, ""178"": 0.0, ""2"": 0.0, ""0"": 0.0, ""30"": 0.0, ""143"": 0.0, ""191"": 0.0, ""152"": 0.0, ""214"": 0.0, ""74"": 0.0, ""208"": 0.0, ""204"": 0.0, ""160"": 0.0, ""232"": 0.0, ""44"": 0.0, ""82"": 0.0, ""126"": 0.0, ""115"": 0.0, ""51"": 0.0, ""170"": 0.0, ""32"": 0.0, ""67"": 0.0, ""1"": 0.0, ""221"": 0.0, ""9"": 0.0, ""78"": 0.0, ""4"": 0.0, ""5"": 0.0, ""228"": 0.0, ""161"": 0.0, ""209"": 0.0, ""151"": 0.0, ""22"": 0.0, ""153"": 0.0, ""89"": 0.0, ""69"": 0.0, ""102"": 0.0, ""229"": 0.0, ""189"": 0.03, ""61"": 0.0, ""123"": 0.0, ""53"": 0.0, ""171"": 0.0, ""50"": 0.0, ""218"": 0.0, ""17"": 0.0, ""175"": 0.0, ""77"": 0.0, ""195"": 0.0, ""215"": 0.0, ""206"": 0.0, ""205"": 0.0, ""40"": 0.0, ""116"": 0.0, ""48"": 0.0, ""163"": 0.0, ""11"": 0.0, ""72"": 0.0, ""231"": 0.0, ""24"": 0.0, ""21"": 0.0, ""117"": 0.0, ""184"": 0.0, ""225"": 0.0, ""190"": 0.0, ""15"": 0.0, ""234"": 0.0, ""164"": 0.0, ""211"": 0.0, ""92"": 0.0, ""168"": 0.0, ""38"": 0.0, ""121"": 0.0, ""177"": 0.0, ""224"": 0.0, ""112"": 0.0, ""33"": 0.0, ""187"": 0.0, ""100"": 0.05, ""8"": 0.0, ""34"": 0.0, ""113"": 0.0, ""130"": 0.0, ""149"": 0.0, ""90"": 0.0, ""98"": 0.0, ""213"": 0.0, ""173"": 0.0, ""119"": 0.0, ""106"": 0.54, ""91"": 0.0, ""108"": 0.0, ""146"": 0.0, ""55"": 0.0, ""111"": 0.0, ""219"": 0.0, ""172"": 0.0, ""66"": 0.0, ""84"": 0.0, ""122"": 0.0, ""43"": 0.0, ""35"": 0.0, ""220"": 0.0, ""230"": 0.0, ""180"": 0.0, ""145"": 0.0, ""93"": 0.0, ""162"": 0.0, ""57"": 0.0, ""135"": 0.0, ""132"": 0.0, ""81"": 0.0, ""36"": 0.0, ""235"": 0.0, ""45"": 0.060000000000000005, ""71"": 0.0, ""203"": 0.0, ""25"": 0.0, ""182"": 0.0, ""103"": 0.0, ""109"": 0.0, ""158"": 0.0, ""207"": 0.0, ""166"": 0.0, ""131"": 0.0, ""148"": 0.0, ""217"": 0.0, ""124"": 0.0, ""99"": 0.01, ""47"": 0.0, ""60"": 0.0, ""156"": 0.0, ""46"": 0.0, ""87"": 0.0, ""7"": 0.0, ""233"": 0.0, ""169"": 0.0, ""134"": 0.0, ""14"": 0.0, ""197"": 0.0, ""196"": 0.0, ""201"": 0.0, ""3"": 0.0, ""176"": 0.0, ""73"": 0.0, ""79"": 0.0, ""97"": 0.0, ""85"": 0.0, ""155"": 0.0, ""52"": 0.0, ""18"": 0.0, ""142"": 0.0, ""154"": 0.0, ""179"": 0.0, ""39"": 0.0, ""200"": 0.0, ""194"": 0.0, ""70"": 0.0, ""20"": 0.0, ""186"": 0.0, ""49"": 0.0, ""114"": 0.0, ""65"": 0.0, ""13"": 0.0, ""63"": 0.0, ""105"": 0.0, ""216"": 0.0, ""128"": 0.0, ""192"": 0.0, ""95"": 0.0, ""129"": 0.0, ""101"": 0.0, ""10"": 0.0, ""193"": 0.0, ""210"": 0.0, ""227"": 0.0, ""137"": 0.0, ""59"": 0.0, ""86"": 0.0, ""96"": 0.0, ""212"": 0.0, ""222"": 0.0, ""56"": 0.0, ""159"": 0.0, ""174"": 0.0, ""41"": 0.0, ""31"": 0.0, ""181"": 0.0, ""133"": 0.0, ""147"": 0.0, ""-1"": 0.27, ""28"": 0.0, ""19"": 0.0, ""226"": 0.0, ""140"": 0.0, ""223"": 0.0, ""42"": 0.0, ""139"": 0.0, ""144"": 0.0, ""6"": 0.0, ""127"": 0.0, ""16"": 0.0, ""75"": 0.0, ""88"": 0.0, ""58"": 0.0, ""62"": 0.0, ""141"": 0.0, ""64"": 0.0, ""138"": 0.0, ""188"": 0.0, ""118"": 0.0, ""104"": 0.0, ""12"": 0.0, ""68"": 0.0, ""76"": 0.0, ""157"": 0.0, ""107"": 0.0, ""150"": 0.0, ""80"": 0.0, ""37"": 0.0, ""183"": 0.0, ""83"": 0.03, ""110"": 0.0, ""185"": 0.0, ""120"": 0.0, ""94"": 0.0, ""26"": 0.0, ""167"": 0.0, ""29"": 0.0}",jev-1.13.0,95d2a9332d2dda1fa2bb8389f4a565cc06f28f2768216e896d680b2391657b74
semantic-experiment:sentence5:bge:q70:v1:2271676346:000001668120-000001772600,3,semantic:bge:leaf-local-6-2:42:3,Juhi ja töötaja äärmused organisatsioonis,0.33,0.32,"{""115"": 0.0, ""169"": 0.0, ""131"": 0.0, ""41"": 0.0, ""58"": 0.0, ""38"": 0.0, ""26"": 0.0, ""0"": 0.0, ""87"": 0.0, ""204"": 0.0, ""19"": 0.0, ""88"": 0.0, ""97"": 0.0, ""91"": 0.0, ""25"": 0.0, ""203"": 0.0, ""104"": 0.0, ""189"": 0.0, ""59"": 0.0, ""235"": 0.0, ""168"": 0.0, ""62"": 0.0, ""125"": 0.0, ""66"": 0.0, ""173"": 0.0, ""79"": 0.0, ""51"": 0.0, ""114"": 0.0, ""137"": 0.0, ""225"": 0.0, ""35"": 0.0, ""175"": 0.0, ""39"": 0.0, ""188"": 0.0, ""171"": 0.0, ""193"": 0.0, ""221"": 0.0, ""7"": 0.05, ""-1"": 0.27, ""185"": 0.0, ""129"": 0.0, ""107"": 0.0, ""49"": 0.0, ""84"": 0.0, ""183"": 0.0, ""192"": 0.0, ""202"": 0.0, ""73"": 0.0, ""82"": 0.0, ""196"": 0.0, ""160"": 0.0, ""112"": 0.0, ""37"": 0.0, ""234"": 0.0, ""14"": 0.0, ""194"": 0.0, ""56"": 0.0, ""30"": 0.0, ""118"": 0.0, ""89"": 0.0, ""142"": 0.0, ""187"": 0.0, ""219"": 0.0, ""69"": 0.0, ""132"": 0.0, ""123"": 0.0, ""53"": 0.0, ""67"": 0.0, ""70"": 0.0, ""120"": 0.0, ""182"": 0.0, ""92"": 0.0, ""75"": 0.0, ""105"": 0.0, ""20"": 0.0, ""101"": 0.0, ""148"": 0.0, ""81"": 0.0, ""139"": 0.0, ""210"": 0.0, ""224"": 0.0, ""47"": 0.0, ""9"": 0.0, ""152"": 0.0, ""150"": 0.0, ""80"": 0.0, ""233"": 0.0, ""93"": 0.0, ""215"": 0.0, ""29"": 0.0, ""50"": 0.0, ""191"": 0.0, ""223"": 0.0, ""143"": 0.0, ""208"": 0.0, ""149"": 0.0, ""232"": 0.0, ""174"": 0.0, ""147"": 0.0, ""212"": 0.0, ""78"": 0.0, ""31"": 0.0, ""122"": 0.0, ""200"": 0.0, ""74"": 0.0, ""216"": 0.0, ""86"": 0.0, ""102"": 0.0, ""155"": 0.0, ""12"": 0.0, ""61"": 0.0, ""98"": 0.0, ""64"": 0.0, ""72"": 0.0, ""77"": 0.0, ""156"": 0.0, ""33"": 0.0, ""178"": 0.0, ""46"": 0.02, ""222"": 0.0, ""127"": 0.0, ""121"": 0.0, ""167"": 0.0, ""16"": 0.0, ""144"": 0.0, ""108"": 0.0, ""207"": 0.0, ""44"": 0.0, ""4"": 0.02, ""157"": 0.02, ""63"": 0.0, ""135"": 0.0, ""181"": 0.0, ""199"": 0.0, ""179"": 0.0, ""36"": 0.0, ""85"": 0.02, ""42"": 0.0, ""113"": 0.0, ""162"": 0.0, ""6"": 0.0, ""48"": 0.0, ""161"": 0.0, ""60"": 0.0, ""217"": 0.0, ""166"": 0.0, ""180"": 0.02, ""209"": 0.0, ""151"": 0.0, ""158"": 0.0, ""205"": 0.0, ""3"": 0.33, ""124"": 0.0, ""214"": 0.0, ""32"": 0.0, ""43"": 0.0, ""116"": 0.0, ""52"": 0.0, ""198"": 0.0, ""176"": 0.0, ""96"": 0.0, ""227"": 0.0, ""226"": 0.0, ""146"": 0.0, ""138"": 0.02, ""218"": 0.0, ""213"": 0.0, ""40"": 0.0, ""136"": 0.0, ""24"": 0.0, ""8"": 0.0, ""17"": 0.0, ""130"": 0.0, ""170"": 0.0, ""21"": 0.0, ""83"": 0.0, ""220"": 0.0, ""190"": 0.0, ""27"": 0.0, ""94"": 0.0, ""145"": 0.0, ""172"": 0.02, ""228"": 0.0, ""18"": 0.0, ""110"": 0.0, ""230"": 0.0, ""45"": 0.060000000000000005, ""163"": 0.0, ""23"": 0.0, ""15"": 0.0, ""231"": 0.0, ""2"": 0.0, ""34"": 0.0, ""90"": 0.0, ""141"": 0.0, ""165"": 0.0, ""197"": 0.0, ""55"": 0.0, ""153"": 0.0, ""103"": 0.0, ""154"": 0.0, ""109"": 0.0, ""211"": 0.0, ""13"": 0.0, ""106"": 0.09999999999999999, ""57"": 0.0, ""195"": 0.0, ""1"": 0.0, ""201"": 0.0, ""126"": 0.0, ""68"": 0.0, ""184"": 0.0, ""186"": 0.0, ""28"": 0.0, ""54"": 0.0, ""65"": 0.0, ""100"": 0.02, ""159"": 0.0, ""119"": 0.0, ""128"": 0.0, ""10"": 0.0, ""117"": 0.0, ""133"": 0.0, ""5"": 0.02, ""140"": 0.0, ""206"": 0.0, ""164"": 0.0, ""76"": 0.0, ""134"": 0.0, ""111"": 0.0, ""99"": 0.01, ""22"": 0.0, ""229"": 0.0, ""71"": 0.0, ""11"": 0.0, ""177"": 0.0, ""95"": 0.0}",jev-1.13.0,28ea10cce1fb305b3fad25f867cb8d2ca94991c1d02b27853221399bae010bfe
semantic-experiment:sentence5:bge:q70:v1:2271676346:000001772600-000001837880,106,semantic:bge:leaf-local-6-2:42:106,Sooneutraalne ajateenistus ja reservi täitmine,0.65,0.64,"{""152"": 0.0, ""103"": 0.0, ""188"": 0.0, ""2"": 0.0, ""221"": 0.0, ""157"": 0.0, ""148"": 0.0, ""1"": 0.0, ""194"": 0.0, ""172"": 0.0, ""67"": 0.0, ""20"": 0.0, ""39"": 0.0, ""190"": 0.0, ""184"": 0.0, ""80"": 0.0, ""45"": 0.02, ""104"": 0.0, ""82"": 0.0, ""0"": 0.0, ""132"": 0.0, ""117"": 0.0, ""158"": 0.0, ""189"": 0.0, ""68"": 0.0, ""192"": 0.0, ""233"": 0.0, ""222"": 0.0, ""92"": 0.0, ""187"": 0.0, ""30"": 0.0, ""232"": 0.0, ""115"": 0.0, ""217"": 0.0, ""73"": 0.0, ""110"": 0.0, ""180"": 0.0, ""143"": 0.0, ""170"": 0.0, ""94"": 0.0, ""69"": 0.0, ""5"": 0.0, ""106"": 0.65, ""165"": 0.0, ""50"": 0.0, ""228"": 0.0, ""60"": 0.0, ""43"": 0.0, ""54"": 0.0, ""90"": 0.0, ""136"": 0.0, ""216"": 0.0, ""183"": 0.0, ""129"": 0.0, ""88"": 0.0, ""156"": 0.0, ""87"": 0.0, ""72"": 0.0, ""19"": 0.0, ""28"": 0.0, ""21"": 0.0, ""193"": 0.0, ""142"": 0.0, ""125"": 0.0, ""37"": 0.0, ""40"": 0.0, ""65"": 0.0, ""56"": 0.0, ""160"": 0.0, ""97"": 0.0, ""206"": 0.0, ""215"": 0.0, ""209"": 0.0, ""3"": 0.0, ""33"": 0.0, ""11"": 0.0, ""62"": 0.0, ""146"": 0.0, ""204"": 0.0, ""119"": 0.0, ""109"": 0.0, ""128"": 0.0, ""105"": 0.0, ""83"": 0.0, ""108"": 0.0, ""47"": 0.0, ""219"": 0.0, ""212"": 0.0, ""61"": 0.0, ""121"": 0.0, ""196"": 0.0, ""111"": 0.0, ""144"": 0.0, ""126"": 0.0, ""191"": 0.0, ""51"": 0.0, ""197"": 0.0, ""164"": 0.0, ""234"": 0.0, ""131"": 0.0, ""229"": 0.0, ""59"": 0.0, ""44"": 0.0, ""130"": 0.0, ""116"": 0.0, ""138"": 0.0, ""112"": 0.0, ""133"": 0.0, ""27"": 0.0, ""210"": 0.0, ""66"": 0.0, ""14"": 0.0, ""15"": 0.0, ""181"": 0.0, ""49"": 0.0, ""169"": 0.0, ""86"": 0.0, ""137"": 0.0, ""34"": 0.0, ""10"": 0.0, ""140"": 0.0, ""98"": 0.0, ""42"": 0.0, ""12"": 0.0, ""213"": 0.0, ""16"": 0.0, ""173"": 0.0, ""91"": 0.0, ""176"": 0.0, ""123"": 0.0, ""195"": 0.0, ""22"": 0.0, ""205"": 0.0, ""101"": 0.0, ""113"": 0.0, ""200"": 0.0, ""24"": 0.0, ""186"": 0.0, ""124"": 0.0, ""58"": 0.0, ""174"": 0.0, ""99"": 0.01, ""198"": 0.0, ""141"": 0.0, ""139"": 0.0, ""89"": 0.0, ""159"": 0.0, ""202"": 0.0, ""63"": 0.0, ""118"": 0.0, ""76"": 0.0, ""13"": 0.0, ""36"": 0.0, ""122"": 0.0, ""235"": 0.0, ""224"": 0.0, ""155"": 0.0, ""167"": 0.0, ""31"": 0.0, ""226"": 0.0, ""178"": 0.0, ""153"": 0.0, ""207"": 0.0, ""93"": 0.0, ""6"": 0.0, ""23"": 0.0, ""214"": 0.0, ""149"": 0.0, ""171"": 0.0, ""17"": 0.0, ""41"": 0.0, ""85"": 0.0, ""53"": 0.0, ""57"": 0.0, ""75"": 0.0, ""26"": 0.0, ""225"": 0.0, ""150"": 0.0, ""134"": 0.0, ""7"": 0.0, ""18"": 0.0, ""220"": 0.0, ""77"": 0.0, ""127"": 0.0, ""211"": 0.0, ""208"": 0.0, ""-1"": 0.26, ""8"": 0.0, ""32"": 0.0, ""78"": 0.0, ""29"": 0.0, ""120"": 0.0, ""161"": 0.0, ""114"": 0.0, ""52"": 0.0, ""218"": 0.0, ""151"": 0.0, ""163"": 0.0, ""182"": 0.0, ""154"": 0.0, ""107"": 0.0, ""64"": 0.0, ""179"": 0.0, ""74"": 0.0, ""70"": 0.0, ""230"": 0.0, ""147"": 0.0, ""96"": 0.0, ""9"": 0.0, ""203"": 0.0, ""201"": 0.0, ""71"": 0.0, ""38"": 0.0, ""166"": 0.0, ""102"": 0.0, ""199"": 0.0, ""46"": 0.0, ""84"": 0.0, ""79"": 0.0, ""162"": 0.0, ""145"": 0.0, ""177"": 0.0, ""227"": 0.0, ""223"": 0.0, ""55"": 0.0, ""4"": 0.0, ""48"": 0.0, ""231"": 0.0, ""25"": 0.0, ""35"": 0.0, ""95"": 0.0, ""185"": 0.0, ""81"": 0.0, ""168"": 0.0, ""175"": 0.0, ""135"": 0.0, ""100"": 0.05}",jev-1.13.0,1d1d8d9c56a25eeb5da0abd1d551b7d087ddbea3ef0a5913072015018d5df1b3
semantic-experiment:sentence5:bge:q70:v1:2271676346:000001837880-000002094080,106,semantic:bge:leaf-local-6-2:42:106,Sooneutraalne ajateenistus ja reservi täitmine,0.6,0.59,"{""35"": 0.0, ""46"": 0.0, ""66"": 0.0, ""17"": 0.0, ""173"": 0.0, ""224"": 0.0, ""111"": 0.0, ""48"": 0.0, ""235"": 0.0, ""0"": 0.0, ""99"": 0.01, ""124"": 0.0, ""37"": 0.0, ""181"": 0.0, ""184"": 0.0, ""129"": 0.0, ""24"": 0.0, ""201"": 0.0, ""160"": 0.0, ""217"": 0.0, ""231"": 0.0, ""113"": 0.0, ""200"": 0.0, ""32"": 0.0, ""36"": 0.0, ""131"": 0.0, ""191"": 0.0, ""67"": 0.0, ""183"": 0.0, ""55"": 0.0, ""123"": 0.0, ""71"": 0.0, ""233"": 0.0, ""216"": 0.0, ""136"": 0.0, ""142"": 0.0, ""223"": 0.0, ""64"": 0.0, ""225"": 0.0, ""117"": 0.0, ""54"": 0.0, ""7"": 0.0, ""16"": 0.0, ""186"": 0.0, ""21"": 0.0, ""204"": 0.0, ""114"": 0.0, ""72"": 0.0, ""53"": 0.0, ""20"": 0.0, ""44"": 0.0, ""12"": 0.0, ""149"": 0.0, ""112"": 0.0, ""15"": 0.0, ""100"": 0.2, ""118"": 0.0, ""-1"": 0.09999999999999999, ""95"": 0.0, ""170"": 0.0, ""25"": 0.0, ""3"": 0.0, ""13"": 0.0, ""234"": 0.0, ""78"": 0.0, ""103"": 0.0, ""109"": 0.0, ""9"": 0.0, ""87"": 0.0, ""164"": 0.0, ""62"": 0.0, ""175"": 0.0, ""98"": 0.01, ""23"": 0.0, ""39"": 0.0, ""210"": 0.0, ""1"": 0.0, ""47"": 0.0, ""59"": 0.0, ""81"": 0.0, ""138"": 0.0, ""189"": 0.0, ""168"": 0.0, ""26"": 0.0, ""158"": 0.0, ""97"": 0.01, ""161"": 0.0, ""65"": 0.0, ""188"": 0.0, ""135"": 0.0, ""154"": 0.0, ""14"": 0.0, ""205"": 0.0, ""43"": 0.0, ""96"": 0.0, ""84"": 0.0, ""128"": 0.0, ""211"": 0.0, ""192"": 0.0, ""203"": 0.0, ""126"": 0.0, ""179"": 0.0, ""85"": 0.0, ""213"": 0.0, ""145"": 0.0, ""19"": 0.0, ""207"": 0.0, ""193"": 0.0, ""176"": 0.0, ""80"": 0.0, ""56"": 0.0, ""226"": 0.0, ""190"": 0.0, ""202"": 0.0, ""140"": 0.0, ""194"": 0.0, ""206"": 0.0, ""86"": 0.0, ""174"": 0.0, ""163"": 0.0, ""230"": 0.0, ""68"": 0.0, ""195"": 0.0, ""221"": 0.0, ""88"": 0.0, ""155"": 0.0, ""227"": 0.0, ""94"": 0.0, ""130"": 0.0, ""50"": 0.0, ""167"": 0.0, ""132"": 0.0, ""187"": 0.0, ""185"": 0.0, ""122"": 0.0, ""159"": 0.0, ""49"": 0.0, ""143"": 0.0, ""125"": 0.0, ""91"": 0.0, ""75"": 0.0, ""214"": 0.0, ""212"": 0.0, ""133"": 0.0, ""157"": 0.0, ""30"": 0.0, ""119"": 0.0, ""150"": 0.0, ""110"": 0.0, ""147"": 0.0, ""152"": 0.0, ""28"": 0.0, ""76"": 0.0, ""60"": 0.0, ""127"": 0.0, ""229"": 0.0, ""171"": 0.0, ""77"": 0.0, ""199"": 0.0, ""198"": 0.0, ""209"": 0.0, ""102"": 0.0, ""220"": 0.0, ""8"": 0.0, ""82"": 0.0, ""11"": 0.0, ""107"": 0.0, ""27"": 0.0, ""104"": 0.0, ""232"": 0.0, ""41"": 0.0, ""196"": 0.0, ""45"": 0.05, ""33"": 0.0, ""40"": 0.0, ""6"": 0.0, ""218"": 0.0, ""219"": 0.0, ""79"": 0.0, ""89"": 0.0, ""34"": 0.0, ""90"": 0.0, ""93"": 0.0, ""141"": 0.0, ""169"": 0.0, ""120"": 0.0, ""57"": 0.0, ""115"": 0.0, ""52"": 0.0, ""101"": 0.0, ""134"": 0.0, ""172"": 0.0, ""4"": 0.0, ""5"": 0.0, ""156"": 0.0, ""151"": 0.0, ""106"": 0.6, ""63"": 0.0, ""215"": 0.0, ""177"": 0.0, ""83"": 0.02, ""31"": 0.0, ""108"": 0.0, ""153"": 0.0, ""228"": 0.0, ""51"": 0.0, ""29"": 0.0, ""144"": 0.0, ""105"": 0.0, ""70"": 0.0, ""121"": 0.0, ""165"": 0.0, ""92"": 0.0, ""139"": 0.0, ""10"": 0.0, ""166"": 0.0, ""38"": 0.0, ""58"": 0.0, ""178"": 0.0, ""208"": 0.0, ""42"": 0.0, ""2"": 0.0, ""162"": 0.0, ""222"": 0.0, ""18"": 0.0, ""180"": 0.0, ""148"": 0.0, ""73"": 0.0, ""22"": 0.0, ""61"": 0.0, ""197"": 0.0, ""146"": 0.0, ""137"": 0.0, ""116"": 0.0, ""69"": 0.0, ""182"": 0.0, ""74"": 0.0}",jev-1.13.0,f9a66187a0241814c76ae6f8beb6aa73cdc074f213b2187ab81b2578e21094d9
semantic-experiment:sentence5:bge:q70:v1:2271676346:000002094080-000002193560,-1,semantic:bge:leaf-local-6-2:42:-1,Unassigned,0.33,0.32,"{""151"": 0.0, ""189"": 0.01, ""177"": 0.0, ""37"": 0.0, ""148"": 0.0, ""196"": 0.0, ""217"": 0.0, ""42"": 0.0, ""87"": 0.0, ""74"": 0.0, ""39"": 0.0, ""149"": 0.01, ""120"": 0.0, ""0"": 0.0, ""166"": 0.0, ""160"": 0.0, ""145"": 0.0, ""195"": 0.0, ""227"": 0.0, ""67"": 0.0, ""78"": 0.0, ""111"": 0.0, ""88"": 0.0, ""193"": 0.0, ""207"": 0.0, ""92"": 0.0, ""14"": 0.0, ""222"": 0.0, ""114"": 0.0, ""194"": 0.0, ""57"": 0.0, ""51"": 0.0, ""84"": 0.0, ""119"": 0.0, ""6"": 0.0, ""117"": 0.0, ""26"": 0.0, ""30"": 0.0, ""215"": 0.0, ""-1"": 0.33, ""27"": 0.0, ""83"": 0.060000000000000005, ""179"": 0.0, ""210"": 0.0, ""176"": 0.0, ""101"": 0.0, ""109"": 0.0, ""31"": 0.0, ""169"": 0.0, ""234"": 0.0, ""186"": 0.0, ""230"": 0.0, ""116"": 0.0, ""29"": 0.02, ""3"": 0.0, ""28"": 0.0, ""125"": 0.0, ""59"": 0.0, ""140"": 0.0, ""219"": 0.0, ""126"": 0.0, ""127"": 0.0, ""9"": 0.0, ""40"": 0.0, ""136"": 0.0, ""7"": 0.0, ""89"": 0.0, ""64"": 0.0, ""12"": 0.0, ""105"": 0.0, ""94"": 0.0, ""99"": 0.0, ""146"": 0.0, ""221"": 0.0, ""5"": 0.0, ""1"": 0.0, ""79"": 0.0, ""102"": 0.0, ""225"": 0.0, ""8"": 0.0, ""49"": 0.0, ""164"": 0.0, ""86"": 0.0, ""108"": 0.0, ""224"": 0.0, ""34"": 0.0, ""85"": 0.0, ""152"": 0.0, ""107"": 0.0, ""167"": 0.0, ""63"": 0.0, ""200"": 0.0, ""48"": 0.0, ""75"": 0.0, ""95"": 0.0, ""56"": 0.0, ""204"": 0.0, ""129"": 0.0, ""10"": 0.0, ""68"": 0.0, ""216"": 0.0, ""15"": 0.0, ""44"": 0.0, ""183"": 0.0, ""171"": 0.0, ""135"": 0.0, ""223"": 0.0, ""163"": 0.0, ""159"": 0.0, ""21"": 0.0, ""208"": 0.0, ""35"": 0.0, ""235"": 0.0, ""203"": 0.0, ""73"": 0.0, ""55"": 0.0, ""70"": 0.0, ""69"": 0.0, ""76"": 0.0, ""161"": 0.0, ""17"": 0.0, ""229"": 0.0, ""184"": 0.0, ""206"": 0.0, ""154"": 0.0, ""77"": 0.0, ""52"": 0.0, ""91"": 0.0, ""138"": 0.03, ""60"": 0.0, ""20"": 0.0, ""24"": 0.0, ""232"": 0.0, ""110"": 0.0, ""180"": 0.0, ""113"": 0.0, ""71"": 0.0, ""16"": 0.0, ""36"": 0.0, ""181"": 0.0, ""172"": 0.0, ""81"": 0.0, ""173"": 0.0, ""188"": 0.0, ""139"": 0.0, ""96"": 0.0, ""157"": 0.0, ""2"": 0.0, ""11"": 0.0, ""62"": 0.0, ""122"": 0.0, ""153"": 0.0, ""45"": 0.26, ""182"": 0.0, ""112"": 0.0, ""66"": 0.0, ""170"": 0.0, ""46"": 0.0, ""174"": 0.0, ""97"": 0.0, ""53"": 0.0, ""141"": 0.0, ""50"": 0.0, ""131"": 0.0, ""185"": 0.0, ""132"": 0.0, ""165"": 0.0, ""128"": 0.0, ""168"": 0.0, ""218"": 0.0, ""90"": 0.0, ""214"": 0.0, ""231"": 0.0, ""209"": 0.0, ""4"": 0.0, ""106"": 0.14, ""142"": 0.0, ""13"": 0.0, ""147"": 0.0, ""103"": 0.0, ""143"": 0.0, ""213"": 0.0, ""156"": 0.0, ""80"": 0.09, ""190"": 0.0, ""191"": 0.0, ""82"": 0.0, ""228"": 0.0, ""233"": 0.0, ""199"": 0.0, ""212"": 0.0, ""175"": 0.0, ""123"": 0.0, ""150"": 0.0, ""192"": 0.0, ""93"": 0.0, ""65"": 0.0, ""104"": 0.0, ""41"": 0.0, ""155"": 0.0, ""130"": 0.0, ""54"": 0.0, ""19"": 0.0, ""133"": 0.0, ""198"": 0.0, ""118"": 0.0, ""202"": 0.0, ""137"": 0.0, ""121"": 0.0, ""22"": 0.0, ""23"": 0.0, ""47"": 0.0, ""144"": 0.0, ""100"": 0.04, ""226"": 0.0, ""187"": 0.0, ""115"": 0.0, ""25"": 0.0, ""72"": 0.0, ""98"": 0.0, ""32"": 0.0, ""158"": 0.0, ""197"": 0.0, ""43"": 0.0, ""58"": 0.0, ""38"": 0.0, ""61"": 0.0, ""178"": 0.0, ""18"": 0.0, ""205"": 0.0, ""33"": 0.0, ""201"": 0.0, ""220"": 0.0, ""124"": 0.0, ""162"": 0.0, ""211"": 0.0, ""134"": 0.0}",jev-1.13.0,94c711eb51df35470777ce62dfb89211b99d4362d2edefdc9ce80054e4def24d
semantic-experiment:sentence5:bge:q70:v1:2271676346:000002193560-000002476800,106,semantic:bge:leaf-local-6-2:42:106,Sooneutraalne ajateenistus ja reservi täitmine,0.81,0.8,"{""22"": 0.0, ""12"": 0.0, ""136"": 0.0, ""53"": 0.0, ""48"": 0.0, ""9"": 0.0, ""172"": 0.0, ""44"": 0.0, ""70"": 0.0, ""63"": 0.0, ""96"": 0.0, ""219"": 0.0, ""7"": 0.0, ""192"": 0.0, ""126"": 0.0, ""177"": 0.0, ""16"": 0.0, ""137"": 0.0, ""83"": 0.0, ""182"": 0.0, ""227"": 0.0, ""211"": 0.0, ""132"": 0.0, ""159"": 0.0, ""181"": 0.0, ""102"": 0.0, ""45"": 0.02, ""79"": 0.0, ""121"": 0.0, ""28"": 0.0, ""78"": 0.0, ""119"": 0.0, ""2"": 0.0, ""140"": 0.0, ""88"": 0.0, ""212"": 0.0, ""141"": 0.0, ""125"": 0.0, ""47"": 0.0, ""57"": 0.0, ""149"": 0.0, ""184"": 0.0, ""153"": 0.0, ""154"": 0.0, ""148"": 0.0, ""20"": 0.0, ""146"": 0.0, ""0"": 0.0, ""206"": 0.0, ""208"": 0.0, ""145"": 0.0, ""204"": 0.0, ""128"": 0.0, ""221"": 0.0, ""94"": 0.0, ""67"": 0.0, ""222"": 0.0, ""139"": 0.0, ""183"": 0.0, ""122"": 0.0, ""218"": 0.0, ""61"": 0.0, ""151"": 0.0, ""129"": 0.0, ""40"": 0.0, ""205"": 0.0, ""131"": 0.0, ""65"": 0.0, ""1"": 0.0, ""15"": 0.0, ""133"": 0.0, ""50"": 0.0, ""112"": 0.0, ""197"": 0.0, ""117"": 0.0, ""59"": 0.0, ""210"": 0.0, ""71"": 0.0, ""163"": 0.0, ""194"": 0.0, ""180"": 0.0, ""82"": 0.0, ""201"": 0.0, ""51"": 0.0, ""60"": 0.0, ""155"": 0.0, ""11"": 0.0, ""55"": 0.0, ""36"": 0.0, ""169"": 0.0, ""73"": 0.0, ""8"": 0.0, ""110"": 0.0, ""214"": 0.0, ""49"": 0.0, ""18"": 0.0, ""226"": 0.0, ""224"": 0.0, ""34"": 0.0, ""52"": 0.0, ""33"": 0.0, ""216"": 0.0, ""199"": 0.0, ""174"": 0.0, ""111"": 0.0, ""17"": 0.0, ""37"": 0.0, ""77"": 0.0, ""32"": 0.0, ""200"": 0.0, ""202"": 0.0, ""95"": 0.0, ""75"": 0.0, ""171"": 0.0, ""173"": 0.0, ""31"": 0.0, ""21"": 0.0, ""193"": 0.0, ""90"": 0.0, ""168"": 0.0, ""118"": 0.0, ""195"": 0.0, ""39"": 0.0, ""165"": 0.0, ""3"": 0.0, ""19"": 0.0, ""144"": 0.0, ""38"": 0.0, ""189"": 0.0, ""41"": 0.0, ""225"": 0.0, ""176"": 0.0, ""158"": 0.0, ""123"": 0.0, ""113"": 0.0, ""178"": 0.0, ""81"": 0.0, ""207"": 0.0, ""35"": 0.0, ""142"": 0.0, ""167"": 0.0, ""234"": 0.0, ""166"": 0.0, ""162"": 0.0, ""130"": 0.0, ""160"": 0.0, ""30"": 0.0, ""230"": 0.0, ""120"": 0.0, ""56"": 0.0, ""80"": 0.0, ""93"": 0.0, ""14"": 0.0, ""54"": 0.0, ""164"": 0.0, ""127"": 0.0, ""233"": 0.0, ""46"": 0.0, ""185"": 0.0, ""213"": 0.0, ""170"": 0.0, ""150"": 0.0, ""228"": 0.0, ""217"": 0.0, ""203"": 0.0, ""85"": 0.0, ""190"": 0.0, ""98"": 0.0, ""108"": 0.0, ""135"": 0.0, ""74"": 0.0, ""215"": 0.0, ""27"": 0.0, ""42"": 0.0, ""10"": 0.0, ""87"": 0.0, ""223"": 0.0, ""101"": 0.0, ""62"": 0.0, ""26"": 0.0, ""198"": 0.0, ""138"": 0.0, ""116"": 0.0, ""124"": 0.0, ""231"": 0.0, ""143"": 0.0, ""106"": 0.81, ""66"": 0.0, ""188"": 0.0, ""114"": 0.0, ""69"": 0.0, ""100"": 0.05, ""235"": 0.0, ""97"": 0.0, ""187"": 0.0, ""103"": 0.0, ""4"": 0.0, ""84"": 0.0, ""109"": 0.0, ""104"": 0.0, ""89"": 0.0, ""147"": 0.0, ""175"": 0.0, ""105"": 0.0, ""196"": 0.0, ""220"": 0.0, ""161"": 0.0, ""191"": 0.0, ""152"": 0.0, ""-1"": 0.08, ""5"": 0.0, ""6"": 0.0, ""186"": 0.0, ""13"": 0.0, ""99"": 0.0, ""23"": 0.0, ""232"": 0.0, ""58"": 0.0, ""29"": 0.0, ""72"": 0.0, ""92"": 0.0, ""24"": 0.0, ""64"": 0.0, ""229"": 0.03, ""25"": 0.0, ""76"": 0.0, ""209"": 0.0, ""86"": 0.0, ""68"": 0.0, ""134"": 0.0, ""179"": 0.0, ""157"": 0.0, ""91"": 0.0, ""156"": 0.0, ""115"": 0.0, ""43"": 0.0, ""107"": 0.0}",jev-1.13.0,ad8774974627304a0f7424f497db6eea511980e5865b3b5f6fc218fc91f8a526
semantic-experiment:sentence5:bge:q70:v1:2271676346:000002476800-000002538680,106,semantic:bge:leaf-local-6-2:42:106,Sooneutraalne ajateenistus ja reservi täitmine,0.35000000000000003,0.34,"{""220"": 0.0, ""138"": 0.0, ""107"": 0.0, ""57"": 0.0, ""129"": 0.0, ""171"": 0.0, ""122"": 0.0, ""116"": 0.0, ""146"": 0.0, ""162"": 0.0, ""82"": 0.13, ""188"": 0.0, ""154"": 0.0, ""3"": 0.0, ""36"": 0.0, ""219"": 0.0, ""71"": 0.0, ""77"": 0.0, ""170"": 0.0, ""52"": 0.0, ""155"": 0.0, ""180"": 0.0, ""131"": 0.0, ""70"": 0.0, ""133"": 0.0, ""110"": 0.0, ""27"": 0.0, ""83"": 0.02, ""73"": 0.0, ""32"": 0.0, ""130"": 0.0, ""12"": 0.0, ""67"": 0.0, ""134"": 0.0, ""137"": 0.0, ""135"": 0.0, ""234"": 0.0, ""182"": 0.0, ""4"": 0.0, ""209"": 0.0, ""14"": 0.0, ""185"": 0.0, ""75"": 0.0, ""176"": 0.0, ""-1"": 0.23, ""51"": 0.0, ""39"": 0.0, ""186"": 0.02, ""207"": 0.0, ""225"": 0.0, ""210"": 0.0, ""87"": 0.0, ""8"": 0.0, ""23"": 0.02, ""151"": 0.0, ""99"": 0.0, ""215"": 0.0, ""192"": 0.0, ""193"": 0.0, ""84"": 0.0, ""235"": 0.0, ""25"": 0.0, ""227"": 0.0, ""5"": 0.0, ""111"": 0.0, ""90"": 0.0, ""204"": 0.0, ""88"": 0.0, ""167"": 0.0, ""156"": 0.0, ""231"": 0.0, ""164"": 0.0, ""34"": 0.0, ""94"": 0.0, ""97"": 0.0, ""228"": 0.0, ""233"": 0.0, ""38"": 0.0, ""74"": 0.0, ""89"": 0.0, ""22"": 0.0, ""213"": 0.0, ""91"": 0.0, ""184"": 0.0, ""150"": 0.0, ""59"": 0.0, ""41"": 0.0, ""169"": 0.0, ""93"": 0.0, ""15"": 0.0, ""139"": 0.0, ""222"": 0.0, ""53"": 0.0, ""60"": 0.0, ""197"": 0.0, ""102"": 0.0, ""183"": 0.0, ""48"": 0.02, ""68"": 0.03, ""26"": 0.0, ""199"": 0.0, ""153"": 0.0, ""44"": 0.0, ""92"": 0.0, ""163"": 0.0, ""119"": 0.0, ""221"": 0.0, ""2"": 0.0, ""1"": 0.0, ""108"": 0.0, ""189"": 0.0, ""30"": 0.0, ""40"": 0.0, ""115"": 0.0, ""230"": 0.0, ""63"": 0.0, ""96"": 0.0, ""202"": 0.03, ""100"": 0.04, ""177"": 0.0, ""229"": 0.0, ""28"": 0.02, ""178"": 0.0, ""124"": 0.0, ""181"": 0.0, ""157"": 0.0, ""65"": 0.0, ""37"": 0.0, ""120"": 0.0, ""104"": 0.0, ""17"": 0.0, ""101"": 0.0, ""127"": 0.0, ""13"": 0.0, ""148"": 0.0, ""10"": 0.0, ""118"": 0.0, ""29"": 0.0, ""201"": 0.0, ""20"": 0.0, ""72"": 0.0, ""11"": 0.0, ""64"": 0.0, ""173"": 0.0, ""81"": 0.0, ""98"": 0.0, ""218"": 0.0, ""190"": 0.02, ""126"": 0.0, ""147"": 0.0, ""69"": 0.0, ""152"": 0.0, ""224"": 0.0, ""174"": 0.0, ""172"": 0.0, ""160"": 0.0, ""205"": 0.0, ""217"": 0.0, ""42"": 0.0, ""198"": 0.0, ""49"": 0.0, ""45"": 0.05, ""149"": 0.0, ""212"": 0.0, ""109"": 0.0, ""158"": 0.0, ""86"": 0.0, ""214"": 0.0, ""203"": 0.0, ""95"": 0.0, ""211"": 0.0, ""33"": 0.0, ""132"": 0.0, ""117"": 0.0, ""50"": 0.0, ""165"": 0.0, ""141"": 0.0, ""175"": 0.0, ""78"": 0.0, ""21"": 0.0, ""136"": 0.0, ""31"": 0.0, ""66"": 0.02, ""196"": 0.0, ""7"": 0.0, ""105"": 0.0, ""128"": 0.0, ""35"": 0.0, ""206"": 0.0, ""9"": 0.0, ""143"": 0.0, ""54"": 0.0, ""47"": 0.0, ""55"": 0.0, ""6"": 0.0, ""195"": 0.0, ""114"": 0.0, ""106"": 0.35000000000000003, ""79"": 0.0, ""232"": 0.0, ""125"": 0.0, ""223"": 0.0, ""166"": 0.0, ""62"": 0.0, ""43"": 0.0, ""80"": 0.0, ""103"": 0.0, ""142"": 0.0, ""140"": 0.0, ""112"": 0.0, ""0"": 0.0, ""56"": 0.0, ""191"": 0.0, ""16"": 0.0, ""216"": 0.0, ""145"": 0.0, ""187"": 0.0, ""46"": 0.0, ""113"": 0.0, ""226"": 0.0, ""24"": 0.0, ""85"": 0.0, ""123"": 0.0, ""18"": 0.0, ""200"": 0.0, ""76"": 0.0, ""58"": 0.0, ""159"": 0.0, ""194"": 0.0, ""61"": 0.0, ""19"": 0.0, ""179"": 0.0, ""208"": 0.0, ""161"": 0.0, ""168"": 0.0, ""121"": 0.0, ""144"": 0.0}",jev-1.13.0,4149ccd7be13a7c326b557b6af8e4ba1dfaed2f932aac911734a90b4b237f1af
semantic-experiment:sentence5:bge:q70:v1:2271676346:000002538680-000002632560,106,semantic:bge:leaf-local-6-2:42:106,Sooneutraalne ajateenistus ja reservi täitmine,0.44,0.43,"{""-1"": 0.36, ""203"": 0.0, ""170"": 0.0, ""107"": 0.0, ""48"": 0.0, ""21"": 0.0, ""13"": 0.0, ""83"": 0.0, ""169"": 0.0, ""108"": 0.0, ""200"": 0.0, ""98"": 0.01, ""51"": 0.0, ""52"": 0.0, ""101"": 0.0, ""49"": 0.0, ""218"": 0.0, ""6"": 0.0, ""17"": 0.0, ""64"": 0.0, ""190"": 0.0, ""163"": 0.0, ""204"": 0.0, ""12"": 0.0, ""2"": 0.0, ""82"": 0.0, ""201"": 0.0, ""228"": 0.0, ""35"": 0.0, ""47"": 0.0, ""155"": 0.0, ""179"": 0.0, ""106"": 0.44, ""142"": 0.0, ""95"": 0.01, ""73"": 0.0, ""75"": 0.0, ""76"": 0.0, ""206"": 0.0, ""24"": 0.0, ""72"": 0.0, ""45"": 0.09999999999999999, ""189"": 0.0, ""42"": 0.0, ""84"": 0.0, ""27"": 0.0, ""225"": 0.0, ""56"": 0.0, ""222"": 0.0, ""199"": 0.0, ""37"": 0.0, ""212"": 0.0, ""231"": 0.0, ""175"": 0.0, ""121"": 0.0, ""115"": 0.0, ""211"": 0.0, ""132"": 0.0, ""54"": 0.0, ""227"": 0.0, ""61"": 0.0, ""177"": 0.0, ""191"": 0.0, ""92"": 0.0, ""176"": 0.0, ""195"": 0.0, ""63"": 0.0, ""81"": 0.0, ""77"": 0.0, ""157"": 0.0, ""0"": 0.0, ""111"": 0.0, ""66"": 0.0, ""30"": 0.0, ""87"": 0.0, ""213"": 0.0, ""187"": 0.0, ""9"": 0.0, ""74"": 0.0, ""126"": 0.0, ""186"": 0.0, ""90"": 0.0, ""71"": 0.0, ""151"": 0.0, ""232"": 0.0, ""91"": 0.0, ""147"": 0.0, ""14"": 0.0, ""20"": 0.0, ""86"": 0.0, ""136"": 0.0, ""172"": 0.0, ""148"": 0.0, ""15"": 0.0, ""182"": 0.0, ""153"": 0.0, ""184"": 0.0, ""113"": 0.0, ""188"": 0.0, ""185"": 0.0, ""137"": 0.0, ""5"": 0.0, ""29"": 0.0, ""65"": 0.0, ""138"": 0.0, ""3"": 0.0, ""79"": 0.0, ""39"": 0.0, ""134"": 0.0, ""19"": 0.0, ""68"": 0.0, ""44"": 0.0, ""4"": 0.0, ""36"": 0.0, ""160"": 0.0, ""208"": 0.0, ""202"": 0.0, ""78"": 0.0, ""119"": 0.0, ""34"": 0.0, ""10"": 0.0, ""109"": 0.0, ""180"": 0.0, ""85"": 0.0, ""166"": 0.0, ""57"": 0.0, ""99"": 0.01, ""165"": 0.0, ""102"": 0.0, ""145"": 0.0, ""32"": 0.0, ""207"": 0.0, ""150"": 0.0, ""124"": 0.0, ""149"": 0.0, ""116"": 0.0, ""143"": 0.0, ""224"": 0.0, ""173"": 0.0, ""53"": 0.0, ""219"": 0.0, ""112"": 0.0, ""164"": 0.0, ""59"": 0.0, ""31"": 0.0, ""192"": 0.0, ""23"": 0.0, ""216"": 0.0, ""38"": 0.0, ""196"": 0.0, ""233"": 0.0, ""22"": 0.0, ""130"": 0.0, ""194"": 0.0, ""221"": 0.0, ""125"": 0.0, ""234"": 0.0, ""181"": 0.0, ""210"": 0.0, ""110"": 0.0, ""67"": 0.0, ""229"": 0.0, ""158"": 0.0, ""223"": 0.0, ""103"": 0.0, ""156"": 0.0, ""96"": 0.01, ""11"": 0.0, ""60"": 0.0, ""235"": 0.0, ""120"": 0.0, ""152"": 0.0, ""43"": 0.0, ""69"": 0.0, ""28"": 0.0, ""128"": 0.0, ""55"": 0.0, ""168"": 0.0, ""123"": 0.0, ""97"": 0.01, ""129"": 0.0, ""167"": 0.0, ""62"": 0.0, ""214"": 0.0, ""94"": 0.01, ""118"": 0.0, ""100"": 0.04, ""16"": 0.0, ""7"": 0.0, ""197"": 0.0, ""162"": 0.0, ""217"": 0.0, ""171"": 0.0, ""140"": 0.0, ""220"": 0.0, ""41"": 0.0, ""230"": 0.0, ""144"": 0.0, ""209"": 0.0, ""146"": 0.0, ""135"": 0.0, ""215"": 0.0, ""33"": 0.0, ""183"": 0.0, ""1"": 0.0, ""114"": 0.0, ""105"": 0.0, ""117"": 0.0, ""104"": 0.0, ""141"": 0.0, ""88"": 0.0, ""93"": 0.0, ""80"": 0.0, ""161"": 0.0, ""89"": 0.0, ""58"": 0.0, ""205"": 0.0, ""50"": 0.0, ""18"": 0.0, ""178"": 0.0, ""154"": 0.0, ""131"": 0.0, ""198"": 0.0, ""174"": 0.0, ""122"": 0.0, ""127"": 0.0, ""8"": 0.0, ""133"": 0.0, ""26"": 0.0, ""40"": 0.0, ""139"": 0.0, ""193"": 0.0, ""70"": 0.0, ""159"": 0.0, ""226"": 0.0, ""46"": 0.0, ""25"": 0.0}",jev-1.13.0,a0b8f7bfce7fd37403453a23dfbf2ab5e1bbdb04776e67ba5aa57ff8d2c18662
semantic-experiment:sentence5:bge:q70:v1:2271676346:000002632560-000002740960,106,semantic:bge:leaf-local-6-2:42:106,Sooneutraalne ajateenistus ja reservi täitmine,0.44,0.42,"{""96"": 0.01, ""205"": 0.0, ""130"": 0.0, ""109"": 0.0, ""6"": 0.0, ""108"": 0.0, ""72"": 0.0, ""226"": 0.0, ""47"": 0.0, ""90"": 0.0, ""111"": 0.0, ""138"": 0.0, ""188"": 0.0, ""190"": 0.0, ""74"": 0.0, ""107"": 0.0, ""168"": 0.0, ""173"": 0.0, ""176"": 0.0, ""36"": 0.0, ""22"": 0.0, ""7"": 0.0, ""196"": 0.0, ""171"": 0.0, ""99"": 0.01, ""31"": 0.0, ""101"": 0.0, ""157"": 0.0, ""221"": 0.0, ""42"": 0.0, ""18"": 0.0, ""191"": 0.0, ""89"": 0.0, ""120"": 0.0, ""86"": 0.0, ""4"": 0.0, ""147"": 0.0, ""209"": 0.0, ""198"": 0.0, ""140"": 0.0, ""219"": 0.0, ""87"": 0.0, ""155"": 0.0, ""231"": 0.0, ""218"": 0.0, ""37"": 0.0, ""60"": 0.0, ""159"": 0.0, ""110"": 0.0, ""1"": 0.0, ""119"": 0.0, ""100"": 0.05, ""116"": 0.0, ""164"": 0.0, ""13"": 0.0, ""234"": 0.0, ""94"": 0.0, ""186"": 0.0, ""51"": 0.0, ""167"": 0.0, ""192"": 0.0, ""30"": 0.0, ""200"": 0.0, ""178"": 0.0, ""91"": 0.0, ""136"": 0.0, ""29"": 0.17, ""54"": 0.0, ""58"": 0.0, ""224"": 0.0, ""84"": 0.0, ""103"": 0.0, ""163"": 0.0, ""81"": 0.0, ""210"": 0.0, ""21"": 0.0, ""137"": 0.0, ""67"": 0.0, ""139"": 0.0, ""134"": 0.0, ""102"": 0.0, ""154"": 0.0, ""9"": 0.0, ""204"": 0.0, ""95"": 0.0, ""24"": 0.0, ""66"": 0.0, ""82"": 0.0, ""148"": 0.0, ""32"": 0.0, ""79"": 0.0, ""232"": 0.0, ""17"": 0.0, ""-1"": 0.08, ""235"": 0.0, ""85"": 0.0, ""214"": 0.0, ""202"": 0.0, ""88"": 0.0, ""77"": 0.0, ""129"": 0.0, ""169"": 0.0, ""165"": 0.0, ""43"": 0.0, ""233"": 0.0, ""5"": 0.0, ""182"": 0.0, ""8"": 0.0, ""93"": 0.0, ""223"": 0.0, ""121"": 0.0, ""28"": 0.0, ""39"": 0.0, ""141"": 0.0, ""212"": 0.0, ""61"": 0.0, ""225"": 0.0, ""215"": 0.0, ""143"": 0.0, ""230"": 0.0, ""53"": 0.0, ""68"": 0.0, ""62"": 0.0, ""124"": 0.0, ""170"": 0.0, ""48"": 0.0, ""73"": 0.0, ""203"": 0.0, ""76"": 0.0, ""195"": 0.0, ""10"": 0.0, ""35"": 0.0, ""222"": 0.0, ""19"": 0.0, ""83"": 0.04, ""156"": 0.0, ""44"": 0.0, ""11"": 0.0, ""26"": 0.0, ""38"": 0.0, ""193"": 0.0, ""25"": 0.0, ""208"": 0.0, ""220"": 0.0, ""34"": 0.0, ""98"": 0.01, ""2"": 0.0, ""105"": 0.0, ""160"": 0.0, ""55"": 0.0, ""52"": 0.0, ""104"": 0.0, ""123"": 0.0, ""78"": 0.0, ""59"": 0.0, ""69"": 0.0, ""199"": 0.0, ""166"": 0.0, ""153"": 0.0, ""49"": 0.0, ""126"": 0.0, ""64"": 0.0, ""145"": 0.0, ""142"": 0.0, ""106"": 0.44, ""194"": 0.0, ""175"": 0.0, ""180"": 0.0, ""75"": 0.0, ""184"": 0.0, ""201"": 0.0, ""161"": 0.0, ""197"": 0.0, ""114"": 0.0, ""117"": 0.0, ""152"": 0.0, ""151"": 0.0, ""33"": 0.0, ""115"": 0.0, ""50"": 0.0, ""149"": 0.0, ""125"": 0.0, ""131"": 0.0, ""206"": 0.0, ""158"": 0.0, ""70"": 0.0, ""187"": 0.0, ""227"": 0.0, ""213"": 0.0, ""185"": 0.0, ""118"": 0.0, ""172"": 0.0, ""128"": 0.0, ""181"": 0.0, ""122"": 0.0, ""228"": 0.0, ""92"": 0.0, ""3"": 0.0, ""57"": 0.0, ""146"": 0.0, ""211"": 0.0, ""63"": 0.0, ""179"": 0.0, ""135"": 0.0, ""65"": 0.0, ""217"": 0.0, ""46"": 0.0, ""20"": 0.0, ""71"": 0.0, ""132"": 0.0, ""0"": 0.0, ""133"": 0.0, ""80"": 0.02, ""112"": 0.0, ""97"": 0.01, ""45"": 0.14, ""150"": 0.0, ""15"": 0.0, ""127"": 0.0, ""113"": 0.0, ""14"": 0.0, ""41"": 0.0, ""174"": 0.0, ""16"": 0.0, ""144"": 0.0, ""189"": 0.02, ""207"": 0.0, ""216"": 0.0, ""229"": 0.0, ""183"": 0.0, ""40"": 0.0, ""56"": 0.0, ""162"": 0.0, ""27"": 0.0, ""177"": 0.0, ""12"": 0.0, ""23"": 0.0}",jev-1.13.0,429cc7bf5fa4682f1039e58c505a3cfacc586a19a4df7d33c382a5198ed6cfaf
semantic-experiment:sentence5:bge:q70:v1:2271676346:000002740960-000003041040,106,semantic:bge:leaf-local-6-2:42:106,Sooneutraalne ajateenistus ja reservi täitmine,0.59,0.58,"{""232"": 0.0, ""231"": 0.0, ""139"": 0.0, ""157"": 0.0, ""26"": 0.0, ""104"": 0.0, ""163"": 0.0, ""93"": 0.0, ""202"": 0.0, ""182"": 0.0, ""23"": 0.0, ""201"": 0.0, ""195"": 0.0, ""107"": 0.0, ""99"": 0.01, ""171"": 0.0, ""223"": 0.0, ""187"": 0.0, ""207"": 0.0, ""211"": 0.0, ""121"": 0.0, ""19"": 0.0, ""173"": 0.0, ""100"": 0.12, ""134"": 0.0, ""141"": 0.0, ""68"": 0.0, ""22"": 0.0, ""40"": 0.0, ""59"": 0.0, ""10"": 0.0, ""69"": 0.0, ""13"": 0.0, ""90"": 0.0, ""184"": 0.0, ""196"": 0.0, ""18"": 0.0, ""178"": 0.0, ""72"": 0.0, ""154"": 0.0, ""175"": 0.0, ""222"": 0.0, ""168"": 0.0, ""140"": 0.0, ""153"": 0.0, ""36"": 0.0, ""112"": 0.0, ""65"": 0.0, ""146"": 0.0, ""21"": 0.0, ""15"": 0.0, ""147"": 0.0, ""35"": 0.0, ""160"": 0.0, ""174"": 0.0, ""66"": 0.0, ""166"": 0.0, ""205"": 0.0, ""103"": 0.0, ""33"": 0.0, ""144"": 0.0, ""16"": 0.0, ""94"": 0.0, ""212"": 0.0, ""32"": 0.0, ""109"": 0.0, ""185"": 0.0, ""46"": 0.0, ""108"": 0.0, ""30"": 0.0, ""5"": 0.0, ""206"": 0.0, ""53"": 0.0, ""113"": 0.0, ""56"": 0.0, ""79"": 0.0, ""110"": 0.0, ""145"": 0.0, ""0"": 0.0, ""55"": 0.0, ""229"": 0.0, ""63"": 0.0, ""47"": 0.0, ""191"": 0.0, ""151"": 0.0, ""62"": 0.0, ""2"": 0.0, ""181"": 0.0, ""213"": 0.0, ""1"": 0.0, ""204"": 0.0, ""8"": 0.0, ""43"": 0.0, ""4"": 0.0, ""149"": 0.0, ""57"": 0.0, ""233"": 0.0, ""49"": 0.0, ""218"": 0.0, ""89"": 0.0, ""86"": 0.0, ""177"": 0.0, ""17"": 0.0, ""235"": 0.0, ""186"": 0.0, ""138"": 0.0, ""28"": 0.0, ""214"": 0.0, ""188"": 0.0, ""220"": 0.0, ""136"": 0.0, ""73"": 0.0, ""169"": 0.0, ""193"": 0.0, ""91"": 0.0, ""14"": 0.0, ""85"": 0.0, ""48"": 0.0, ""228"": 0.0, ""164"": 0.0, ""197"": 0.0, ""119"": 0.0, ""88"": 0.0, ""25"": 0.0, ""199"": 0.0, ""92"": 0.0, ""155"": 0.0, ""167"": 0.0, ""39"": 0.0, ""158"": 0.0, ""76"": 0.0, ""102"": 0.0, ""120"": 0.0, ""61"": 0.0, ""74"": 0.0, ""-1"": 0.13, ""54"": 0.0, ""129"": 0.0, ""133"": 0.0, ""150"": 0.0, ""156"": 0.0, ""131"": 0.0, ""38"": 0.0, ""37"": 0.0, ""44"": 0.0, ""132"": 0.0, ""114"": 0.0, ""31"": 0.0, ""80"": 0.02, ""111"": 0.0, ""12"": 0.0, ""87"": 0.0, ""27"": 0.0, ""183"": 0.0, ""224"": 0.0, ""123"": 0.0, ""98"": 0.0, ""161"": 0.0, ""52"": 0.0, ""70"": 0.0, ""179"": 0.0, ""11"": 0.0, ""219"": 0.0, ""95"": 0.0, ""7"": 0.0, ""215"": 0.0, ""143"": 0.0, ""34"": 0.0, ""142"": 0.0, ""200"": 0.0, ""159"": 0.0, ""116"": 0.0, ""84"": 0.0, ""203"": 0.0, ""6"": 0.0, ""209"": 0.0, ""29"": 0.05, ""234"": 0.0, ""51"": 0.0, ""125"": 0.0, ""71"": 0.0, ""20"": 0.0, ""75"": 0.0, ""81"": 0.0, ""82"": 0.0, ""227"": 0.0, ""152"": 0.0, ""118"": 0.0, ""124"": 0.0, ""101"": 0.0, ""221"": 0.0, ""60"": 0.0, ""230"": 0.0, ""128"": 0.0, ""126"": 0.0, ""180"": 0.0, ""135"": 0.0, ""190"": 0.0, ""216"": 0.0, ""208"": 0.0, ""45"": 0.05, ""106"": 0.59, ""176"": 0.0, ""67"": 0.0, ""105"": 0.0, ""217"": 0.0, ""192"": 0.0, ""189"": 0.0, ""170"": 0.0, ""165"": 0.0, ""117"": 0.0, ""50"": 0.0, ""137"": 0.0, ""198"": 0.0, ""172"": 0.0, ""148"": 0.0, ""97"": 0.0, ""77"": 0.0, ""115"": 0.0, ""64"": 0.0, ""210"": 0.0, ""96"": 0.0, ""83"": 0.03, ""194"": 0.0, ""41"": 0.0, ""225"": 0.0, ""127"": 0.0, ""162"": 0.0, ""78"": 0.0, ""58"": 0.0, ""24"": 0.0, ""122"": 0.0, ""9"": 0.0, ""226"": 0.0, ""3"": 0.0, ""42"": 0.0, ""130"": 0.0}",jev-1.13.0,9487bb878b6285f53883aeaef9357bd387502066e5dd096dda40f0cd85e543f9
semantic-experiment:sentence5:bge:q70:v1:2271676346:000003041040-000003169600,106,semantic:bge:leaf-local-6-2:42:106,Sooneutraalne ajateenistus ja reservi täitmine,0.45,0.44,"{""133"": 0.0, ""28"": 0.0, ""45"": 0.17, ""94"": 0.0, ""230"": 0.0, ""152"": 0.0, ""141"": 0.0, ""96"": 0.0, ""145"": 0.0, ""67"": 0.0, ""84"": 0.0, ""79"": 0.0, ""115"": 0.0, ""55"": 0.0, ""235"": 0.0, ""32"": 0.0, ""192"": 0.0, ""183"": 0.0, ""71"": 0.0, ""181"": 0.0, ""156"": 0.0, ""147"": 0.0, ""114"": 0.0, ""205"": 0.0, ""119"": 0.0, ""68"": 0.0, ""18"": 0.0, ""102"": 0.02, ""172"": 0.0, ""93"": 0.0, ""50"": 0.0, ""78"": 0.0, ""0"": 0.0, ""35"": 0.0, ""121"": 0.0, ""146"": 0.0, ""2"": 0.0, ""170"": 0.0, ""139"": 0.0, ""161"": 0.0, ""200"": 0.0, ""185"": 0.04, ""201"": 0.0, ""17"": 0.0, ""52"": 0.0, ""177"": 0.0, ""87"": 0.0, ""224"": 0.0, ""40"": 0.0, ""34"": 0.0, ""142"": 0.0, ""168"": 0.0, ""85"": 0.0, ""207"": 0.0, ""42"": 0.0, ""206"": 0.0, ""25"": 0.0, ""31"": 0.0, ""176"": 0.0, ""213"": 0.0, ""90"": 0.0, ""164"": 0.0, ""100"": 0.21000000000000002, ""166"": 0.0, ""127"": 0.0, ""74"": 0.0, ""10"": 0.0, ""24"": 0.0, ""14"": 0.0, ""221"": 0.0, ""215"": 0.0, ""20"": 0.0, ""143"": 0.0, ""173"": 0.0, ""38"": 0.0, ""15"": 0.0, ""191"": 0.0, ""99"": 0.0, ""120"": 0.0, ""202"": 0.0, ""180"": 0.0, ""218"": 0.0, ""51"": 0.0, ""169"": 0.0, ""82"": 0.0, ""7"": 0.0, ""214"": 0.0, ""57"": 0.0, ""135"": 0.0, ""12"": 0.0, ""231"": 0.0, ""144"": 0.0, ""73"": 0.0, ""39"": 0.0, ""184"": 0.0, ""234"": 0.0, ""138"": 0.0, ""44"": 0.0, ""225"": 0.0, ""69"": 0.0, ""106"": 0.45, ""199"": 0.0, ""148"": 0.0, ""179"": 0.0, ""136"": 0.0, ""30"": 0.0, ""23"": 0.0, ""65"": 0.0, ""107"": 0.0, ""122"": 0.0, ""158"": 0.0, ""118"": 0.0, ""53"": 0.0, ""104"": 0.0, ""81"": 0.0, ""110"": 0.0, ""6"": 0.0, ""116"": 0.0, ""211"": 0.0, ""175"": 0.0, ""111"": 0.0, ""123"": 0.0, ""131"": 0.0, ""130"": 0.0, ""59"": 0.0, ""3"": 0.0, ""64"": 0.0, ""66"": 0.0, ""80"": 0.0, ""97"": 0.0, ""149"": 0.0, ""124"": 0.0, ""58"": 0.0, ""154"": 0.0, ""193"": 0.0, ""186"": 0.0, ""21"": 0.0, ""54"": 0.0, ""216"": 0.0, ""204"": 0.0, ""29"": 0.0, ""46"": 0.0, ""95"": 0.0, ""203"": 0.0, ""77"": 0.0, ""91"": 0.0, ""140"": 0.0, ""63"": 0.0, ""56"": 0.0, ""220"": 0.0, ""189"": 0.0, ""113"": 0.0, ""153"": 0.0, ""92"": 0.0, ""196"": 0.0, ""194"": 0.0, ""197"": 0.0, ""210"": 0.0, ""162"": 0.0, ""62"": 0.0, ""208"": 0.0, ""43"": 0.0, ""222"": 0.0, ""26"": 0.0, ""36"": 0.0, ""47"": 0.0, ""103"": 0.0, ""60"": 0.0, ""165"": 0.0, ""75"": 0.0, ""8"": 0.0, ""16"": 0.0, ""4"": 0.0, ""227"": 0.0, ""233"": 0.0, ""198"": 0.0, ""217"": 0.0, ""157"": 0.0, ""209"": 0.0, ""155"": 0.0, ""187"": 0.0, ""37"": 0.0, ""89"": 0.0, ""229"": 0.0, ""108"": 0.0, ""72"": 0.0, ""126"": 0.0, ""1"": 0.0, ""134"": 0.0, ""88"": 0.0, ""212"": 0.0, ""-1"": 0.06999999999999999, ""174"": 0.0, ""129"": 0.0, ""132"": 0.0, ""13"": 0.0, ""160"": 0.0, ""112"": 0.0, ""41"": 0.0, ""19"": 0.0, ""171"": 0.0, ""70"": 0.0, ""195"": 0.0, ""105"": 0.0, ""167"": 0.0, ""190"": 0.0, ""86"": 0.0, ""228"": 0.0, ""137"": 0.0, ""188"": 0.0, ""98"": 0.0, ""178"": 0.0, ""9"": 0.0, ""150"": 0.03, ""163"": 0.0, ""49"": 0.0, ""33"": 0.0, ""5"": 0.0, ""101"": 0.0, ""61"": 0.0, ""27"": 0.0, ""83"": 0.0, ""76"": 0.0, ""182"": 0.0, ""223"": 0.0, ""48"": 0.0, ""232"": 0.0, ""125"": 0.0, ""109"": 0.0, ""159"": 0.0, ""117"": 0.0, ""219"": 0.0, ""128"": 0.0, ""151"": 0.0, ""22"": 0.0, ""226"": 0.0, ""11"": 0.0}",jev-1.13.0,b7045d3754fab66856b61f308071545da2de30cb90f3278b3ca42d593c8bb6d6
semantic-experiment:sentence5:bge:q70:v1:2271676346:000003169600-000003298000,45,semantic:bge:leaf-local-6-2:42:45,Lai riigikaitse kodune ja kogukondlik valmisolek,0.86,0.85,"{""149"": 0.0, ""150"": 0.0, ""183"": 0.0, ""192"": 0.0, ""41"": 0.0, ""74"": 0.0, ""78"": 0.0, ""185"": 0.0, ""196"": 0.0, ""116"": 0.0, ""152"": 0.0, ""153"": 0.0, ""72"": 0.0, ""134"": 0.0, ""11"": 0.0, ""18"": 0.0, ""163"": 0.0, ""105"": 0.0, ""221"": 0.0, ""71"": 0.0, ""103"": 0.0, ""73"": 0.0, ""198"": 0.0, ""38"": 0.0, ""167"": 0.0, ""165"": 0.0, ""124"": 0.0, ""157"": 0.0, ""68"": 0.0, ""28"": 0.0, ""193"": 0.0, ""22"": 0.0, ""178"": 0.0, ""67"": 0.0, ""106"": 0.0, ""21"": 0.0, ""66"": 0.0, ""128"": 0.0, ""205"": 0.0, ""140"": 0.0, ""202"": 0.0, ""25"": 0.0, ""33"": 0.0, ""200"": 0.0, ""48"": 0.0, ""204"": 0.0, ""6"": 0.0, ""56"": 0.0, ""137"": 0.0, ""119"": 0.0, ""206"": 0.0, ""5"": 0.0, ""90"": 0.0, ""210"": 0.0, ""93"": 0.0, ""30"": 0.0, ""-1"": 0.03, ""112"": 0.0, ""60"": 0.0, ""8"": 0.0, ""126"": 0.0, ""96"": 0.0, ""118"": 0.0, ""4"": 0.0, ""77"": 0.0, ""122"": 0.0, ""233"": 0.0, ""127"": 0.0, ""97"": 0.0, ""45"": 0.86, ""166"": 0.0, ""207"": 0.0, ""148"": 0.0, ""231"": 0.0, ""52"": 0.0, ""58"": 0.0, ""229"": 0.0, ""50"": 0.0, ""169"": 0.0, ""32"": 0.0, ""14"": 0.0, ""213"": 0.0, ""181"": 0.0, ""173"": 0.0, ""100"": 0.01, ""175"": 0.0, ""214"": 0.0, ""145"": 0.0, ""146"": 0.0, ""141"": 0.0, ""37"": 0.0, ""189"": 0.0, ""201"": 0.0, ""98"": 0.0, ""160"": 0.0, ""43"": 0.0, ""182"": 0.0, ""224"": 0.0, ""2"": 0.0, ""136"": 0.0, ""232"": 0.0, ""174"": 0.0, ""121"": 0.0, ""234"": 0.0, ""211"": 0.0, ""114"": 0.0, ""138"": 0.05, ""132"": 0.0, ""85"": 0.0, ""53"": 0.0, ""139"": 0.0, ""107"": 0.0, ""1"": 0.0, ""203"": 0.0, ""84"": 0.0, ""133"": 0.0, ""7"": 0.0, ""162"": 0.0, ""94"": 0.0, ""88"": 0.0, ""20"": 0.0, ""223"": 0.0, ""215"": 0.0, ""23"": 0.0, ""158"": 0.0, ""177"": 0.0, ""186"": 0.0, ""40"": 0.0, ""222"": 0.0, ""111"": 0.0, ""151"": 0.0, ""64"": 0.0, ""147"": 0.0, ""218"": 0.0, ""13"": 0.0, ""87"": 0.0, ""172"": 0.02, ""80"": 0.03, ""209"": 0.0, ""164"": 0.0, ""108"": 0.0, ""225"": 0.0, ""19"": 0.0, ""81"": 0.0, ""154"": 0.0, ""102"": 0.0, ""212"": 0.0, ""82"": 0.0, ""228"": 0.0, ""44"": 0.0, ""191"": 0.0, ""216"": 0.0, ""47"": 0.0, ""217"": 0.0, ""59"": 0.0, ""109"": 0.0, ""57"": 0.0, ""220"": 0.0, ""0"": 0.0, ""86"": 0.0, ""219"": 0.0, ""176"": 0.0, ""170"": 0.0, ""171"": 0.0, ""123"": 0.0, ""199"": 0.0, ""230"": 0.0, ""46"": 0.0, ""39"": 0.0, ""129"": 0.0, ""143"": 0.0, ""125"": 0.0, ""190"": 0.0, ""42"": 0.0, ""95"": 0.0, ""55"": 0.0, ""62"": 0.0, ""156"": 0.0, ""161"": 0.0, ""195"": 0.0, ""61"": 0.0, ""194"": 0.0, ""12"": 0.0, ""113"": 0.0, ""130"": 0.0, ""27"": 0.0, ""3"": 0.0, ""51"": 0.0, ""99"": 0.0, ""16"": 0.0, ""159"": 0.0, ""29"": 0.0, ""89"": 0.0, ""144"": 0.0, ""9"": 0.0, ""69"": 0.0, ""120"": 0.0, ""117"": 0.0, ""197"": 0.0, ""104"": 0.0, ""91"": 0.0, ""92"": 0.0, ""168"": 0.0, ""179"": 0.0, ""63"": 0.0, ""26"": 0.0, ""110"": 0.0, ""83"": 0.0, ""65"": 0.0, ""35"": 0.0, ""187"": 0.0, ""24"": 0.0, ""184"": 0.0, ""155"": 0.0, ""76"": 0.0, ""115"": 0.0, ""79"": 0.0, ""15"": 0.0, ""226"": 0.0, ""34"": 0.0, ""49"": 0.0, ""101"": 0.0, ""10"": 0.0, ""75"": 0.0, ""235"": 0.0, ""227"": 0.0, ""36"": 0.0, ""131"": 0.0, ""70"": 0.0, ""188"": 0.0, ""142"": 0.0, ""54"": 0.0, ""17"": 0.0, ""180"": 0.0, ""31"": 0.0, ""208"": 0.0, ""135"": 0.0}",jev-1.13.0,cad4891733a2505bc225befee93ce6106119bc24e61a3c2da79c1c6c62f801e0
semantic-experiment:sentence5:bge:q70:v1:2271676346:000003298000-000003426400,45,semantic:bge:leaf-local-6-2:42:45,Lai riigikaitse kodune ja kogukondlik valmisolek,0.99,0.98,"{""-1"": 0.0, ""203"": 0.0, ""48"": 0.0, ""107"": 0.0, ""170"": 0.0, ""21"": 0.0, ""13"": 0.0, ""108"": 0.0, ""169"": 0.0, ""83"": 0.0, ""200"": 0.0, ""51"": 0.0, ""98"": 0.0, ""52"": 0.0, ""101"": 0.0, ""49"": 0.0, ""218"": 0.0, ""6"": 0.0, ""17"": 0.0, ""64"": 0.0, ""190"": 0.0, ""163"": 0.0, ""204"": 0.0, ""12"": 0.0, ""2"": 0.0, ""82"": 0.0, ""47"": 0.0, ""35"": 0.0, ""228"": 0.0, ""201"": 0.0, ""155"": 0.0, ""179"": 0.0, ""106"": 0.0, ""95"": 0.0, ""142"": 0.0, ""73"": 0.0, ""75"": 0.0, ""76"": 0.0, ""206"": 0.0, ""45"": 0.99, ""72"": 0.0, ""24"": 0.0, ""189"": 0.0, ""42"": 0.0, ""84"": 0.0, ""27"": 0.0, ""225"": 0.0, ""222"": 0.0, ""56"": 0.0, ""199"": 0.0, ""37"": 0.0, ""212"": 0.0, ""231"": 0.0, ""211"": 0.0, ""121"": 0.0, ""115"": 0.0, ""175"": 0.0, ""132"": 0.0, ""54"": 0.0, ""227"": 0.0, ""61"": 0.0, ""177"": 0.0, ""92"": 0.0, ""191"": 0.0, ""176"": 0.0, ""195"": 0.0, ""63"": 0.0, ""81"": 0.0, ""77"": 0.0, ""157"": 0.0, ""0"": 0.0, ""111"": 0.0, ""66"": 0.0, ""30"": 0.0, ""87"": 0.0, ""213"": 0.0, ""187"": 0.0, ""9"": 0.0, ""74"": 0.0, ""126"": 0.0, ""186"": 0.0, ""90"": 0.0, ""71"": 0.0, ""151"": 0.0, ""232"": 0.0, ""91"": 0.0, ""147"": 0.0, ""14"": 0.0, ""86"": 0.0, ""20"": 0.0, ""136"": 0.0, ""172"": 0.0, ""148"": 0.0, ""15"": 0.0, ""182"": 0.0, ""153"": 0.0, ""113"": 0.0, ""184"": 0.0, ""188"": 0.0, ""185"": 0.0, ""137"": 0.0, ""138"": 0.0, ""29"": 0.0, ""65"": 0.0, ""5"": 0.0, ""19"": 0.0, ""39"": 0.0, ""3"": 0.0, ""134"": 0.0, ""79"": 0.0, ""44"": 0.0, ""68"": 0.0, ""4"": 0.0, ""57"": 0.0, ""160"": 0.0, ""208"": 0.0, ""202"": 0.0, ""36"": 0.0, ""145"": 0.0, ""34"": 0.0, ""119"": 0.0, ""10"": 0.0, ""180"": 0.0, ""85"": 0.0, ""109"": 0.0, ""78"": 0.0, ""99"": 0.01, ""165"": 0.0, ""102"": 0.0, ""166"": 0.0, ""32"": 0.0, ""207"": 0.0, ""150"": 0.0, ""124"": 0.0, ""149"": 0.0, ""116"": 0.0, ""143"": 0.0, ""224"": 0.0, ""173"": 0.0, ""53"": 0.0, ""219"": 0.0, ""59"": 0.0, ""164"": 0.0, ""112"": 0.0, ""31"": 0.0, ""192"": 0.0, ""23"": 0.0, ""216"": 0.0, ""38"": 0.0, ""196"": 0.0, ""233"": 0.0, ""22"": 0.0, ""130"": 0.0, ""194"": 0.0, ""221"": 0.0, ""125"": 0.0, ""234"": 0.0, ""181"": 0.0, ""210"": 0.0, ""110"": 0.0, ""67"": 0.0, ""229"": 0.0, ""158"": 0.0, ""223"": 0.0, ""103"": 0.0, ""156"": 0.0, ""96"": 0.0, ""11"": 0.0, ""43"": 0.0, ""235"": 0.0, ""120"": 0.0, ""152"": 0.0, ""60"": 0.0, ""69"": 0.0, ""28"": 0.0, ""128"": 0.0, ""55"": 0.0, ""168"": 0.0, ""123"": 0.0, ""129"": 0.0, ""97"": 0.0, ""167"": 0.0, ""62"": 0.0, ""214"": 0.0, ""94"": 0.0, ""118"": 0.0, ""100"": 0.0, ""16"": 0.0, ""7"": 0.0, ""197"": 0.0, ""162"": 0.0, ""217"": 0.0, ""171"": 0.0, ""140"": 0.0, ""220"": 0.0, ""41"": 0.0, ""230"": 0.0, ""144"": 0.0, ""146"": 0.0, ""209"": 0.0, ""135"": 0.0, ""215"": 0.0, ""33"": 0.0, ""183"": 0.0, ""1"": 0.0, ""114"": 0.0, ""105"": 0.0, ""117"": 0.0, ""141"": 0.0, ""104"": 0.0, ""88"": 0.0, ""93"": 0.0, ""80"": 0.0, ""161"": 0.0, ""89"": 0.0, ""205"": 0.0, ""50"": 0.0, ""58"": 0.0, ""18"": 0.0, ""178"": 0.0, ""154"": 0.0, ""174"": 0.0, ""198"": 0.0, ""40"": 0.0, ""122"": 0.0, ""127"": 0.0, ""8"": 0.0, ""133"": 0.0, ""26"": 0.0, ""131"": 0.0, ""139"": 0.0, ""193"": 0.0, ""70"": 0.0, ""159"": 0.0, ""226"": 0.0, ""46"": 0.0, ""25"": 0.0}",jev-1.13.0,e84949d103d747f07b7eb30256eeb195b5f20e95283a2e54aa3a1a74b428e1f4
semantic-experiment:sentence5:bge:q70:v1:2271676346:000003426400-000003670200,106,semantic:bge:leaf-local-6-2:42:106,Sooneutraalne ajateenistus ja reservi täitmine,0.98,0.97,"{""22"": 0.0, ""12"": 0.0, ""136"": 0.0, ""53"": 0.0, ""48"": 0.0, ""9"": 0.0, ""172"": 0.0, ""63"": 0.0, ""219"": 0.0, ""44"": 0.0, ""192"": 0.0, ""70"": 0.0, ""7"": 0.0, ""96"": 0.0, ""126"": 0.0, ""16"": 0.0, ""177"": 0.0, ""182"": 0.0, ""83"": 0.0, ""137"": 0.0, ""227"": 0.0, ""211"": 0.0, ""132"": 0.0, ""159"": 0.0, ""181"": 0.0, ""102"": 0.0, ""45"": 0.0, ""79"": 0.0, ""121"": 0.0, ""28"": 0.0, ""78"": 0.0, ""119"": 0.0, ""2"": 0.0, ""140"": 0.0, ""212"": 0.0, ""88"": 0.0, ""141"": 0.0, ""125"": 0.0, ""47"": 0.0, ""57"": 0.0, ""184"": 0.0, ""149"": 0.0, ""153"": 0.0, ""154"": 0.0, ""148"": 0.0, ""20"": 0.0, ""146"": 0.0, ""0"": 0.0, ""206"": 0.0, ""208"": 0.0, ""145"": 0.0, ""204"": 0.0, ""128"": 0.0, ""221"": 0.0, ""94"": 0.0, ""67"": 0.0, ""222"": 0.0, ""139"": 0.0, ""183"": 0.0, ""122"": 0.0, ""218"": 0.0, ""61"": 0.0, ""151"": 0.0, ""129"": 0.0, ""40"": 0.0, ""205"": 0.0, ""131"": 0.0, ""65"": 0.0, ""1"": 0.0, ""133"": 0.0, ""15"": 0.0, ""50"": 0.0, ""112"": 0.0, ""197"": 0.0, ""117"": 0.0, ""59"": 0.0, ""210"": 0.0, ""71"": 0.0, ""163"": 0.0, ""194"": 0.0, ""180"": 0.0, ""82"": 0.0, ""201"": 0.0, ""51"": 0.0, ""60"": 0.0, ""155"": 0.0, ""11"": 0.0, ""55"": 0.0, ""36"": 0.0, ""169"": 0.0, ""73"": 0.0, ""8"": 0.0, ""110"": 0.0, ""214"": 0.0, ""49"": 0.0, ""18"": 0.0, ""226"": 0.0, ""224"": 0.0, ""34"": 0.0, ""52"": 0.0, ""216"": 0.0, ""33"": 0.0, ""111"": 0.0, ""174"": 0.0, ""199"": 0.0, ""17"": 0.0, ""37"": 0.0, ""200"": 0.0, ""32"": 0.0, ""77"": 0.0, ""171"": 0.0, ""202"": 0.0, ""75"": 0.0, ""95"": 0.0, ""173"": 0.0, ""193"": 0.0, ""168"": 0.0, ""21"": 0.0, ""90"": 0.0, ""31"": 0.0, ""118"": 0.0, ""195"": 0.0, ""165"": 0.0, ""39"": 0.0, ""3"": 0.0, ""19"": 0.0, ""144"": 0.0, ""38"": 0.0, ""189"": 0.0, ""41"": 0.0, ""225"": 0.0, ""176"": 0.0, ""158"": 0.0, ""123"": 0.0, ""113"": 0.0, ""178"": 0.0, ""81"": 0.0, ""207"": 0.0, ""35"": 0.0, ""142"": 0.0, ""167"": 0.0, ""234"": 0.0, ""166"": 0.0, ""162"": 0.0, ""30"": 0.0, ""160"": 0.0, ""130"": 0.0, ""230"": 0.0, ""54"": 0.0, ""56"": 0.0, ""80"": 0.0, ""93"": 0.0, ""14"": 0.0, ""120"": 0.0, ""164"": 0.0, ""127"": 0.0, ""233"": 0.0, ""46"": 0.0, ""185"": 0.0, ""213"": 0.0, ""170"": 0.0, ""203"": 0.0, ""228"": 0.0, ""217"": 0.0, ""85"": 0.0, ""150"": 0.0, ""190"": 0.0, ""98"": 0.0, ""108"": 0.0, ""135"": 0.0, ""74"": 0.0, ""27"": 0.0, ""215"": 0.0, ""42"": 0.0, ""10"": 0.0, ""87"": 0.0, ""223"": 0.0, ""101"": 0.0, ""62"": 0.0, ""26"": 0.0, ""198"": 0.0, ""138"": 0.0, ""116"": 0.0, ""124"": 0.0, ""231"": 0.0, ""143"": 0.0, ""106"": 0.98, ""66"": 0.0, ""188"": 0.0, ""69"": 0.0, ""114"": 0.0, ""100"": 0.02, ""235"": 0.0, ""97"": 0.0, ""187"": 0.0, ""103"": 0.0, ""4"": 0.0, ""84"": 0.0, ""109"": 0.0, ""104"": 0.0, ""89"": 0.0, ""147"": 0.0, ""175"": 0.0, ""105"": 0.0, ""196"": 0.0, ""220"": 0.0, ""161"": 0.0, ""191"": 0.0, ""152"": 0.0, ""-1"": 0.0, ""5"": 0.0, ""6"": 0.0, ""186"": 0.0, ""13"": 0.0, ""232"": 0.0, ""23"": 0.0, ""99"": 0.0, ""58"": 0.0, ""29"": 0.0, ""72"": 0.0, ""24"": 0.0, ""92"": 0.0, ""64"": 0.0, ""229"": 0.0, ""25"": 0.0, ""76"": 0.0, ""209"": 0.0, ""86"": 0.0, ""68"": 0.0, ""134"": 0.0, ""157"": 0.0, ""179"": 0.0, ""156"": 0.0, ""91"": 0.0, ""115"": 0.0, ""43"": 0.0, ""107"": 0.0}",jev-1.13.0,809326d27b7141e0e90f1b4630e60de9f8fc06cf87da7d1692caad868e296b65
semantic-experiment:sentence5:bge:q70:v1:2271676346:000003670200-000003860600,106,semantic:bge:leaf-local-6-2:42:106,Sooneutraalne ajateenistus ja reservi täitmine,0.75,0.74,"{""232"": 0.0, ""231"": 0.0, ""157"": 0.0, ""139"": 0.0, ""26"": 0.0, ""104"": 0.0, ""163"": 0.0, ""93"": 0.0, ""202"": 0.0, ""182"": 0.0, ""23"": 0.0, ""99"": 0.0, ""195"": 0.0, ""201"": 0.0, ""107"": 0.0, ""171"": 0.0, ""223"": 0.0, ""187"": 0.0, ""207"": 0.0, ""211"": 0.0, ""121"": 0.0, ""19"": 0.0, ""173"": 0.0, ""100"": 0.25, ""134"": 0.0, ""141"": 0.0, ""68"": 0.0, ""22"": 0.0, ""40"": 0.0, ""59"": 0.0, ""10"": 0.0, ""69"": 0.0, ""13"": 0.0, ""90"": 0.0, ""184"": 0.0, ""196"": 0.0, ""18"": 0.0, ""178"": 0.0, ""72"": 0.0, ""154"": 0.0, ""175"": 0.0, ""222"": 0.0, ""168"": 0.0, ""140"": 0.0, ""153"": 0.0, ""36"": 0.0, ""112"": 0.0, ""65"": 0.0, ""146"": 0.0, ""21"": 0.0, ""15"": 0.0, ""147"": 0.0, ""35"": 0.0, ""174"": 0.0, ""160"": 0.0, ""66"": 0.0, ""166"": 0.0, ""205"": 0.0, ""103"": 0.0, ""33"": 0.0, ""144"": 0.0, ""16"": 0.0, ""212"": 0.0, ""94"": 0.0, ""32"": 0.0, ""109"": 0.0, ""185"": 0.0, ""108"": 0.0, ""46"": 0.0, ""30"": 0.0, ""206"": 0.0, ""5"": 0.0, ""53"": 0.0, ""113"": 0.0, ""56"": 0.0, ""79"": 0.0, ""110"": 0.0, ""145"": 0.0, ""0"": 0.0, ""55"": 0.0, ""229"": 0.0, ""63"": 0.0, ""47"": 0.0, ""191"": 0.0, ""151"": 0.0, ""62"": 0.0, ""2"": 0.0, ""181"": 0.0, ""213"": 0.0, ""1"": 0.0, ""204"": 0.0, ""8"": 0.0, ""43"": 0.0, ""4"": 0.0, ""149"": 0.0, ""57"": 0.0, ""233"": 0.0, ""49"": 0.0, ""218"": 0.0, ""89"": 0.0, ""177"": 0.0, ""86"": 0.0, ""17"": 0.0, ""235"": 0.0, ""186"": 0.0, ""138"": 0.0, ""28"": 0.0, ""214"": 0.0, ""188"": 0.0, ""220"": 0.0, ""136"": 0.0, ""73"": 0.0, ""169"": 0.0, ""193"": 0.0, ""91"": 0.0, ""14"": 0.0, ""85"": 0.0, ""48"": 0.0, ""228"": 0.0, ""164"": 0.0, ""197"": 0.0, ""119"": 0.0, ""88"": 0.0, ""25"": 0.0, ""199"": 0.0, ""92"": 0.0, ""155"": 0.0, ""167"": 0.0, ""39"": 0.0, ""158"": 0.0, ""76"": 0.0, ""102"": 0.0, ""120"": 0.0, ""61"": 0.0, ""74"": 0.0, ""-1"": 0.0, ""54"": 0.0, ""129"": 0.0, ""133"": 0.0, ""150"": 0.0, ""156"": 0.0, ""131"": 0.0, ""38"": 0.0, ""37"": 0.0, ""44"": 0.0, ""132"": 0.0, ""114"": 0.0, ""31"": 0.0, ""80"": 0.0, ""111"": 0.0, ""12"": 0.0, ""87"": 0.0, ""224"": 0.0, ""183"": 0.0, ""27"": 0.0, ""123"": 0.0, ""98"": 0.0, ""161"": 0.0, ""52"": 0.0, ""70"": 0.0, ""179"": 0.0, ""11"": 0.0, ""219"": 0.0, ""95"": 0.0, ""7"": 0.0, ""215"": 0.0, ""143"": 0.0, ""34"": 0.0, ""142"": 0.0, ""200"": 0.0, ""159"": 0.0, ""116"": 0.0, ""84"": 0.0, ""209"": 0.0, ""6"": 0.0, ""203"": 0.0, ""29"": 0.0, ""234"": 0.0, ""51"": 0.0, ""125"": 0.0, ""71"": 0.0, ""20"": 0.0, ""75"": 0.0, ""81"": 0.0, ""82"": 0.0, ""227"": 0.0, ""152"": 0.0, ""118"": 0.0, ""124"": 0.0, ""101"": 0.0, ""221"": 0.0, ""60"": 0.0, ""230"": 0.0, ""128"": 0.0, ""126"": 0.0, ""180"": 0.0, ""135"": 0.0, ""190"": 0.0, ""216"": 0.0, ""208"": 0.0, ""45"": 0.0, ""106"": 0.75, ""176"": 0.0, ""67"": 0.0, ""105"": 0.0, ""189"": 0.0, ""192"": 0.0, ""217"": 0.0, ""170"": 0.0, ""165"": 0.0, ""117"": 0.0, ""50"": 0.0, ""137"": 0.0, ""198"": 0.0, ""97"": 0.0, ""148"": 0.0, ""172"": 0.0, ""77"": 0.0, ""115"": 0.0, ""64"": 0.0, ""96"": 0.0, ""210"": 0.0, ""83"": 0.0, ""194"": 0.0, ""41"": 0.0, ""225"": 0.0, ""127"": 0.0, ""162"": 0.0, ""78"": 0.0, ""58"": 0.0, ""122"": 0.0, ""24"": 0.0, ""9"": 0.0, ""226"": 0.0, ""3"": 0.0, ""42"": 0.0, ""130"": 0.0}",jev-1.13.0,48a1a5b9ba6d3925c0ec216ad0c38ab9839f4dc6a56bc3f610d79bb54a4a0f05
semantic-experiment:sentence5:bge:q70:v1:2271676346:000003860600-000003940480,106,semantic:bge:leaf-local-6-2:42:106,Sooneutraalne ajateenistus ja reservi täitmine,0.5,0.49,"{""129"": 0.0, ""170"": 0.0, ""78"": 0.0, ""70"": 0.0, ""220"": 0.0, ""106"": 0.5, ""22"": 0.0, ""30"": 0.0, ""80"": 0.0, ""9"": 0.0, ""147"": 0.0, ""134"": 0.0, ""117"": 0.0, ""136"": 0.0, ""2"": 0.0, ""114"": 0.0, ""26"": 0.0, ""123"": 0.0, ""79"": 0.0, ""126"": 0.0, ""13"": 0.0, ""113"": 0.0, ""166"": 0.0, ""223"": 0.0, ""38"": 0.0, ""67"": 0.0, ""208"": 0.0, ""181"": 0.0, ""197"": 0.0, ""216"": 0.0, ""108"": 0.0, ""165"": 0.0, ""105"": 0.0, ""65"": 0.0, ""94"": 0.0, ""15"": 0.0, ""120"": 0.0, ""124"": 0.0, ""128"": 0.0, ""226"": 0.0, ""222"": 0.0, ""159"": 0.0, ""172"": 0.0, ""200"": 0.0, ""235"": 0.0, ""231"": 0.0, ""175"": 0.0, ""209"": 0.0, ""85"": 0.0, ""8"": 0.0, ""139"": 0.0, ""46"": 0.0, ""212"": 0.0, ""17"": 0.0, ""68"": 0.03, ""146"": 0.14, ""161"": 0.0, ""144"": 0.0, ""202"": 0.0, ""122"": 0.0, ""37"": 0.0, ""131"": 0.0, ""183"": 0.0, ""50"": 0.0, ""207"": 0.0, ""23"": 0.0, ""148"": 0.0, ""71"": 0.0, ""121"": 0.0, ""99"": 0.0, ""150"": 0.0, ""205"": 0.0, ""118"": 0.0, ""90"": 0.0, ""63"": 0.0, ""232"": 0.0, ""112"": 0.0, ""12"": 0.0, ""187"": 0.0, ""44"": 0.0, ""102"": 0.0, ""130"": 0.0, ""155"": 0.0, ""228"": 0.0, ""93"": 0.0, ""69"": 0.0, ""18"": 0.0, ""196"": 0.0, ""188"": 0.03, ""171"": 0.0, ""174"": 0.0, ""75"": 0.0, ""14"": 0.0, ""211"": 0.0, ""55"": 0.0, ""32"": 0.0, ""204"": 0.0, ""25"": 0.0, ""89"": 0.0, ""35"": 0.0, ""40"": 0.0, ""135"": 0.0, ""195"": 0.0, ""110"": 0.0, ""178"": 0.0, ""34"": 0.0, ""16"": 0.0, ""176"": 0.0, ""74"": 0.0, ""133"": 0.0, ""193"": 0.0, ""225"": 0.0, ""77"": 0.0, ""156"": 0.0, ""21"": 0.0, ""201"": 0.0, ""20"": 0.0, ""213"": 0.0, ""230"": 0.0, ""149"": 0.0, ""111"": 0.0, ""219"": 0.0, ""138"": 0.0, ""91"": 0.0, ""218"": 0.0, ""7"": 0.0, ""153"": 0.0, ""83"": 0.0, ""53"": 0.0, ""66"": 0.0, ""184"": 0.0, ""95"": 0.0, ""127"": 0.0, ""107"": 0.0, ""198"": 0.0, ""163"": 0.0, ""210"": 0.0, ""186"": 0.0, ""162"": 0.0, ""145"": 0.0, ""119"": 0.0, ""45"": 0.02, ""76"": 0.0, ""0"": 0.0, ""86"": 0.0, ""158"": 0.0, ""224"": 0.0, ""58"": 0.0, ""206"": 0.0, ""24"": 0.0, ""185"": 0.0, ""191"": 0.0, ""27"": 0.0, ""103"": 0.0, ""52"": 0.0, ""48"": 0.0, ""19"": 0.0, ""-1"": 0.03, ""116"": 0.0, ""154"": 0.0, ""142"": 0.0, ""180"": 0.0, ""54"": 0.0, ""64"": 0.0, ""28"": 0.0, ""33"": 0.0, ""173"": 0.0, ""10"": 0.0, ""51"": 0.0, ""62"": 0.0, ""115"": 0.0, ""6"": 0.0, ""47"": 0.0, ""192"": 0.0, ""92"": 0.0, ""87"": 0.0, ""152"": 0.0, ""160"": 0.0, ""182"": 0.0, ""59"": 0.0, ""141"": 0.0, ""61"": 0.0, ""151"": 0.0, ""84"": 0.0, ""5"": 0.0, ""29"": 0.0, ""125"": 0.0, ""31"": 0.0, ""214"": 0.0, ""189"": 0.0, ""41"": 0.0, ""229"": 0.0, ""157"": 0.0, ""3"": 0.0, ""168"": 0.0, ""11"": 0.0, ""137"": 0.0, ""104"": 0.0, ""233"": 0.0, ""143"": 0.0, ""72"": 0.0, ""96"": 0.0, ""164"": 0.0, ""190"": 0.0, ""39"": 0.0, ""97"": 0.0, ""203"": 0.0, ""109"": 0.0, ""81"": 0.0, ""49"": 0.0, ""215"": 0.0, ""227"": 0.0, ""43"": 0.0, ""36"": 0.0, ""60"": 0.0, ""1"": 0.0, ""88"": 0.0, ""56"": 0.0, ""132"": 0.0, ""42"": 0.0, ""199"": 0.0, ""194"": 0.0, ""101"": 0.0, ""73"": 0.0, ""140"": 0.0, ""57"": 0.0, ""177"": 0.0, ""167"": 0.0, ""98"": 0.0, ""169"": 0.0, ""4"": 0.0, ""82"": 0.0, ""217"": 0.0, ""221"": 0.0, ""179"": 0.0, ""100"": 0.24000000000000002, ""234"": 0.0}",jev-1.13.0,a12c31ea293be38eaf773cbfed95c4f61330a09740e1d71c9851d2674815c3ea
semantic-experiment:sentence5:bge:q70:v1:2271676346:000003940480-000004070480,106,semantic:bge:leaf-local-6-2:42:106,Sooneutraalne ajateenistus ja reservi täitmine,0.22,0.21,"{""44"": 0.0, ""30"": 0.0, ""85"": 0.0, ""99"": 0.01, ""88"": 0.0, ""169"": 0.0, ""174"": 0.0, ""53"": 0.0, ""147"": 0.0, ""48"": 0.0, ""144"": 0.0, ""145"": 0.0, ""171"": 0.0, ""172"": 0.0, ""146"": 0.0, ""187"": 0.0, ""62"": 0.0, ""24"": 0.0, ""194"": 0.0, ""198"": 0.0, ""210"": 0.0, ""106"": 0.22, ""168"": 0.0, ""160"": 0.0, ""28"": 0.0, ""8"": 0.0, ""97"": 0.01, ""211"": 0.0, ""116"": 0.0, ""126"": 0.0, ""205"": 0.0, ""121"": 0.0, ""102"": 0.0, ""151"": 0.0, ""9"": 0.0, ""173"": 0.0, ""203"": 0.0, ""37"": 0.0, ""23"": 0.0, ""50"": 0.0, ""70"": 0.0, ""217"": 0.0, ""149"": 0.0, ""161"": 0.0, ""185"": 0.0, ""233"": 0.0, ""117"": 0.0, ""164"": 0.0, ""20"": 0.0, ""103"": 0.0, ""100"": 0.05, ""75"": 0.0, ""153"": 0.0, ""135"": 0.0, ""141"": 0.0, ""61"": 0.0, ""170"": 0.0, ""1"": 0.0, ""55"": 0.0, ""213"": 0.0, ""186"": 0.0, ""80"": 0.09, ""134"": 0.0, ""209"": 0.0, ""143"": 0.0, ""142"": 0.0, ""78"": 0.0, ""26"": 0.0, ""59"": 0.0, ""35"": 0.0, ""108"": 0.0, ""73"": 0.0, ""221"": 0.0, ""158"": 0.0, ""83"": 0.18000000000000002, ""25"": 0.0, ""98"": 0.01, ""82"": 0.0, ""136"": 0.0, ""93"": 0.0, ""33"": 0.0, ""127"": 0.0, ""199"": 0.0, ""42"": 0.0, ""22"": 0.0, ""130"": 0.0, ""215"": 0.0, ""104"": 0.0, ""34"": 0.0, ""46"": 0.0, ""214"": 0.0, ""57"": 0.0, ""201"": 0.0, ""137"": 0.0, ""17"": 0.0, ""224"": 0.0, ""120"": 0.0, ""196"": 0.0, ""101"": 0.0, ""124"": 0.0, ""125"": 0.0, ""163"": 0.0, ""19"": 0.0, ""-1"": 0.19, ""113"": 0.0, ""12"": 0.0, ""68"": 0.0, ""39"": 0.0, ""182"": 0.0, ""129"": 0.0, ""41"": 0.0, ""138"": 0.0, ""87"": 0.0, ""228"": 0.0, ""3"": 0.0, ""79"": 0.0, ""0"": 0.0, ""54"": 0.0, ""219"": 0.0, ""140"": 0.0, ""235"": 0.0, ""175"": 0.0, ""192"": 0.0, ""133"": 0.0, ""188"": 0.0, ""180"": 0.0, ""77"": 0.0, ""118"": 0.0, ""206"": 0.0, ""4"": 0.0, ""60"": 0.0, ""156"": 0.0, ""10"": 0.0, ""58"": 0.0, ""155"": 0.0, ""74"": 0.0, ""131"": 0.0, ""32"": 0.0, ""193"": 0.0, ""47"": 0.0, ""179"": 0.0, ""89"": 0.0, ""69"": 0.0, ""90"": 0.0, ""112"": 0.0, ""189"": 0.03, ""36"": 0.0, ""15"": 0.0, ""110"": 0.0, ""27"": 0.0, ""31"": 0.0, ""200"": 0.0, ""218"": 0.0, ""76"": 0.0, ""232"": 0.0, ""225"": 0.0, ""229"": 0.0, ""72"": 0.0, ""111"": 0.0, ""139"": 0.0, ""92"": 0.0, ""29"": 0.02, ""67"": 0.0, ""18"": 0.0, ""197"": 0.0, ""5"": 0.0, ""195"": 0.0, ""43"": 0.0, ""71"": 0.0, ""152"": 0.0, ""123"": 0.0, ""148"": 0.0, ""231"": 0.0, ""184"": 0.0, ""2"": 0.0, ""86"": 0.0, ""204"": 0.0, ""227"": 0.0, ""128"": 0.0, ""38"": 0.0, ""166"": 0.0, ""181"": 0.0, ""84"": 0.0, ""109"": 0.0, ""167"": 0.0, ""65"": 0.0, ""6"": 0.0, ""132"": 0.0, ""16"": 0.0, ""115"": 0.0, ""159"": 0.0, ""56"": 0.0, ""51"": 0.0, ""52"": 0.0, ""119"": 0.0, ""95"": 0.0, ""177"": 0.0, ""230"": 0.0, ""81"": 0.0, ""202"": 0.0, ""114"": 0.0, ""63"": 0.0, ""96"": 0.01, ""220"": 0.0, ""223"": 0.0, ""190"": 0.0, ""216"": 0.0, ""107"": 0.0, ""183"": 0.0, ""21"": 0.0, ""66"": 0.0, ""13"": 0.0, ""207"": 0.0, ""212"": 0.0, ""7"": 0.0, ""91"": 0.0, ""150"": 0.0, ""208"": 0.0, ""226"": 0.0, ""122"": 0.0, ""105"": 0.0, ""178"": 0.0, ""162"": 0.0, ""49"": 0.0, ""40"": 0.0, ""11"": 0.0, ""14"": 0.0, ""191"": 0.0, ""64"": 0.0, ""222"": 0.0, ""176"": 0.0, ""154"": 0.0, ""94"": 0.0, ""234"": 0.0, ""165"": 0.0, ""45"": 0.18000000000000002, ""157"": 0.0}",jev-1.13.0,10c068243a3a6e9b11f73a59f16346f5199159f86eff51df51220726a617c3a2
semantic-experiment:sentence5:bge:q70:v1:2271676346:000004070480-000004259360,146,semantic:bge:leaf-local-6-2:42:146,Inseneeriaõppe ja tehnikahariduse järelkasv,0.4,0.39,"{""104"": 0.0, ""198"": 0.0, ""136"": 0.0, ""193"": 0.0, ""202"": 0.0, ""234"": 0.0, ""65"": 0.0, ""34"": 0.0, ""71"": 0.0, ""4"": 0.0, ""124"": 0.0, ""204"": 0.0, ""131"": 0.0, ""160"": 0.0, ""106"": 0.33, ""212"": 0.0, ""217"": 0.0, ""79"": 0.0, ""98"": 0.0, ""63"": 0.0, ""119"": 0.0, ""93"": 0.0, ""177"": 0.0, ""3"": 0.0, ""189"": 0.0, ""152"": 0.0, ""225"": 0.0, ""9"": 0.0, ""118"": 0.0, ""78"": 0.0, ""114"": 0.0, ""221"": 0.0, ""26"": 0.0, ""27"": 0.0, ""53"": 0.0, ""40"": 0.0, ""178"": 0.0, ""157"": 0.0, ""21"": 0.0, ""181"": 0.0, ""62"": 0.0, ""94"": 0.0, ""30"": 0.0, ""33"": 0.0, ""147"": 0.0, ""7"": 0.0, ""123"": 0.0, ""172"": 0.0, ""91"": 0.0, ""59"": 0.0, ""54"": 0.0, ""77"": 0.0, ""215"": 0.0, ""16"": 0.0, ""66"": 0.0, ""42"": 0.0, ""117"": 0.0, ""159"": 0.02, ""35"": 0.0, ""76"": 0.0, ""116"": 0.0, ""10"": 0.0, ""196"": 0.0, ""233"": 0.0, ""37"": 0.0, ""201"": 0.0, ""224"": 0.0, ""99"": 0.01, ""135"": 0.0, ""191"": 0.0, ""61"": 0.0, ""235"": 0.0, ""-1"": 0.08, ""110"": 0.0, ""89"": 0.0, ""5"": 0.0, ""220"": 0.0, ""133"": 0.0, ""168"": 0.0, ""195"": 0.0, ""208"": 0.0, ""163"": 0.0, ""162"": 0.0, ""228"": 0.0, ""102"": 0.0, ""200"": 0.0, ""68"": 0.0, ""158"": 0.0, ""231"": 0.0, ""171"": 0.0, ""145"": 0.0, ""90"": 0.0, ""36"": 0.0, ""80"": 0.0, ""211"": 0.0, ""45"": 0.06999999999999999, ""174"": 0.0, ""232"": 0.0, ""95"": 0.0, ""146"": 0.4, ""67"": 0.0, ""164"": 0.0, ""32"": 0.0, ""156"": 0.0, ""75"": 0.0, ""31"": 0.0, ""22"": 0.0, ""0"": 0.0, ""203"": 0.0, ""81"": 0.0, ""153"": 0.0, ""111"": 0.0, ""190"": 0.0, ""197"": 0.0, ""206"": 0.0, ""70"": 0.0, ""83"": 0.0, ""223"": 0.0, ""8"": 0.0, ""173"": 0.0, ""58"": 0.0, ""175"": 0.0, ""109"": 0.0, ""97"": 0.0, ""227"": 0.0, ""25"": 0.0, ""161"": 0.0, ""19"": 0.0, ""130"": 0.0, ""194"": 0.0, ""226"": 0.0, ""149"": 0.0, ""14"": 0.0, ""92"": 0.0, ""219"": 0.0, ""86"": 0.0, ""142"": 0.0, ""125"": 0.0, ""134"": 0.0, ""205"": 0.0, ""144"": 0.0, ""182"": 0.0, ""128"": 0.0, ""49"": 0.0, ""103"": 0.0, ""44"": 0.0, ""126"": 0.0, ""57"": 0.0, ""179"": 0.0, ""51"": 0.0, ""132"": 0.0, ""23"": 0.0, ""55"": 0.0, ""64"": 0.0, ""138"": 0.0, ""11"": 0.0, ""230"": 0.0, ""155"": 0.0, ""112"": 0.0, ""218"": 0.0, ""52"": 0.0, ""85"": 0.0, ""214"": 0.0, ""50"": 0.0, ""139"": 0.0, ""15"": 0.0, ""121"": 0.0, ""60"": 0.0, ""38"": 0.0, ""169"": 0.0, ""29"": 0.0, ""41"": 0.0, ""207"": 0.0, ""167"": 0.0, ""69"": 0.0, ""199"": 0.0, ""72"": 0.0, ""229"": 0.0, ""13"": 0.0, ""43"": 0.0, ""74"": 0.0, ""140"": 0.0, ""209"": 0.0, ""1"": 0.0, ""82"": 0.0, ""20"": 0.0, ""101"": 0.0, ""88"": 0.0, ""96"": 0.0, ""100"": 0.060000000000000005, ""108"": 0.0, ""87"": 0.0, ""129"": 0.0, ""186"": 0.0, ""48"": 0.0, ""47"": 0.0, ""141"": 0.0, ""56"": 0.0, ""122"": 0.0, ""137"": 0.0, ""150"": 0.0, ""183"": 0.0, ""12"": 0.0, ""151"": 0.0, ""127"": 0.0, ""213"": 0.0, ""210"": 0.0, ""113"": 0.0, ""120"": 0.0, ""188"": 0.02, ""180"": 0.0, ""222"": 0.0, ""107"": 0.0, ""165"": 0.0, ""28"": 0.0, ""46"": 0.0, ""39"": 0.0, ""17"": 0.0, ""170"": 0.0, ""192"": 0.0, ""148"": 0.0, ""18"": 0.0, ""176"": 0.0, ""143"": 0.0, ""154"": 0.0, ""216"": 0.0, ""105"": 0.0, ""187"": 0.0, ""84"": 0.0, ""73"": 0.0, ""166"": 0.0, ""184"": 0.0, ""24"": 0.0, ""6"": 0.0, ""115"": 0.0, ""2"": 0.0, ""185"": 0.0}",jev-1.13.0,980175f5724a2a75a02ca2010c8ec3eb4dbdc386b797d32c3b191fa219966e60
semantic-experiment:sentence5:bge:q70:v1:2271676346:000004259360-000004365800,189,semantic:bge:leaf-local-6-2:42:189,kihiline õhukaitse ja mehitamata võimed,0.41000000000000003,0.4,"{""186"": 0.0, ""119"": 0.0, ""163"": 0.0, ""107"": 0.0, ""110"": 0.0, ""165"": 0.0, ""63"": 0.0, ""219"": 0.0, ""235"": 0.0, ""91"": 0.0, ""218"": 0.0, ""184"": 0.0, ""187"": 0.0, ""143"": 0.0, ""151"": 0.0, ""129"": 0.0, ""190"": 0.0, ""42"": 0.0, ""200"": 0.0, ""103"": 0.0, ""201"": 0.0, ""178"": 0.0, ""27"": 0.0, ""46"": 0.0, ""67"": 0.0, ""211"": 0.0, ""12"": 0.0, ""225"": 0.0, ""95"": 0.0, ""191"": 0.0, ""160"": 0.0, ""111"": 0.0, ""30"": 0.0, ""6"": 0.0, ""7"": 0.0, ""175"": 0.0, ""68"": 0.0, ""144"": 0.0, ""20"": 0.0, ""38"": 0.0, ""162"": 0.0, ""10"": 0.0, ""161"": 0.0, ""130"": 0.0, ""196"": 0.0, ""232"": 0.0, ""87"": 0.0, ""60"": 0.0, ""207"": 0.0, ""157"": 0.0, ""182"": 0.0, ""171"": 0.0, ""197"": 0.0, ""18"": 0.0, ""64"": 0.0, ""55"": 0.0, ""99"": 0.0, ""158"": 0.0, ""92"": 0.0, ""34"": 0.0, ""228"": 0.0, ""122"": 0.0, ""132"": 0.0, ""224"": 0.0, ""48"": 0.0, ""61"": 0.0, ""222"": 0.0, ""1"": 0.0, ""45"": 0.09, ""153"": 0.0, ""88"": 0.0, ""164"": 0.0, ""118"": 0.0, ""136"": 0.0, ""4"": 0.0, ""0"": 0.0, ""148"": 0.0, ""140"": 0.0, ""193"": 0.0, ""145"": 0.0, ""26"": 0.0, ""181"": 0.0, ""81"": 0.0, ""59"": 0.0, ""179"": 0.0, ""19"": 0.0, ""135"": 0.0, ""3"": 0.0, ""208"": 0.0, ""96"": 0.0, ""2"": 0.0, ""79"": 0.0, ""104"": 0.0, ""97"": 0.0, ""40"": 0.0, ""21"": 0.0, ""15"": 0.0, ""203"": 0.0, ""123"": 0.0, ""202"": 0.0, ""198"": 0.0, ""127"": 0.0, ""121"": 0.0, ""102"": 0.0, ""189"": 0.41000000000000003, ""78"": 0.0, ""227"": 0.0, ""76"": 0.0, ""85"": 0.0, ""31"": 0.0, ""137"": 0.0, ""172"": 0.0, ""180"": 0.0, ""69"": 0.0, ""84"": 0.0, ""35"": 0.0, ""74"": 0.0, ""33"": 0.0, ""37"": 0.0, ""5"": 0.0, ""25"": 0.0, ""86"": 0.0, ""109"": 0.0, ""39"": 0.0, ""9"": 0.0, ""168"": 0.0, ""124"": 0.0, ""152"": 0.0, ""226"": 0.0, ""114"": 0.0, ""233"": 0.0, ""75"": 0.0, ""70"": 0.0, ""24"": 0.0, ""52"": 0.0, ""147"": 0.0, ""71"": 0.0, ""120"": 0.0, ""212"": 0.0, ""134"": 0.0, ""77"": 0.0, ""138"": 0.0, ""57"": 0.0, ""128"": 0.0, ""169"": 0.0, ""220"": 0.0, ""142"": 0.0, ""23"": 0.0, ""150"": 0.0, ""173"": 0.0, ""170"": 0.0, ""167"": 0.0, ""126"": 0.0, ""155"": 0.0, ""8"": 0.0, ""176"": 0.0, ""154"": 0.0, ""54"": 0.0, ""146"": 0.0, ""115"": 0.0, ""93"": 0.0, ""94"": 0.0, ""82"": 0.0, ""223"": 0.0, ""44"": 0.0, ""50"": 0.0, ""117"": 0.0, ""214"": 0.0, ""205"": 0.0, ""230"": 0.0, ""105"": 0.0, ""199"": 0.0, ""213"": 0.0, ""65"": 0.0, ""188"": 0.0, ""16"": 0.0, ""51"": 0.0, ""113"": 0.0, ""204"": 0.0, ""53"": 0.0, ""-1"": 0.24000000000000002, ""90"": 0.0, ""116"": 0.0, ""234"": 0.0, ""14"": 0.0, ""29"": 0.02, ""80"": 0.0, ""83"": 0.02, ""192"": 0.0, ""159"": 0.0, ""183"": 0.0, ""216"": 0.0, ""141"": 0.0, ""149"": 0.0, ""177"": 0.0, ""139"": 0.0, ""56"": 0.0, ""106"": 0.14, ""43"": 0.0, ""210"": 0.0, ""221"": 0.0, ""13"": 0.0, ""62"": 0.0, ""195"": 0.0, ""131"": 0.0, ""166"": 0.0, ""17"": 0.0, ""58"": 0.0, ""101"": 0.0, ""215"": 0.0, ""209"": 0.0, ""49"": 0.0, ""100"": 0.06999999999999999, ""229"": 0.0, ""194"": 0.0, ""41"": 0.0, ""36"": 0.0, ""47"": 0.0, ""156"": 0.0, ""125"": 0.0, ""32"": 0.0, ""73"": 0.0, ""185"": 0.0, ""22"": 0.0, ""98"": 0.0, ""66"": 0.0, ""108"": 0.0, ""206"": 0.0, ""28"": 0.0, ""11"": 0.0, ""174"": 0.0, ""112"": 0.0, ""72"": 0.0, ""133"": 0.0, ""231"": 0.0, ""217"": 0.0, ""89"": 0.0}",jev-1.13.0,002e84ca01fff830eb460ec3b5b9cf913a3b31fbaaa6f31d5cfc5e633204260c
semantic-experiment:sentence5:bge:q70:v1:2271676346:000004365800-000004592240,189,semantic:bge:leaf-local-6-2:42:189,kihiline õhukaitse ja mehitamata võimed,0.93,0.92,"{""114"": 0.0, ""113"": 0.0, ""213"": 0.0, ""191"": 0.0, ""81"": 0.0, ""49"": 0.0, ""24"": 0.0, ""139"": 0.0, ""5"": 0.0, ""132"": 0.0, ""227"": 0.0, ""87"": 0.0, ""145"": 0.0, ""209"": 0.0, ""98"": 0.0, ""103"": 0.0, ""138"": 0.0, ""212"": 0.0, ""3"": 0.0, ""164"": 0.0, ""194"": 0.0, ""44"": 0.0, ""231"": 0.0, ""11"": 0.0, ""165"": 0.0, ""104"": 0.0, ""177"": 0.0, ""82"": 0.0, ""67"": 0.0, ""217"": 0.0, ""226"": 0.0, ""142"": 0.0, ""134"": 0.0, ""218"": 0.0, ""74"": 0.0, ""161"": 0.0, ""65"": 0.0, ""129"": 0.0, ""176"": 0.0, ""18"": 0.0, ""190"": 0.0, ""70"": 0.0, ""153"": 0.0, ""101"": 0.0, ""204"": 0.0, ""122"": 0.0, ""216"": 0.0, ""162"": 0.0, ""53"": 0.0, ""21"": 0.0, ""93"": 0.0, ""42"": 0.0, ""36"": 0.0, ""224"": 0.0, ""75"": 0.0, ""229"": 0.0, ""149"": 0.0, ""32"": 0.0, ""97"": 0.0, ""35"": 0.0, ""84"": 0.0, ""73"": 0.0, ""158"": 0.0, ""159"": 0.0, ""96"": 0.0, ""41"": 0.0, ""225"": 0.0, ""124"": 0.0, ""0"": 0.0, ""88"": 0.0, ""48"": 0.0, ""173"": 0.0, ""230"": 0.0, ""80"": 0.0, ""141"": 0.0, ""182"": 0.0, ""16"": 0.0, ""232"": 0.0, ""137"": 0.0, ""207"": 0.0, ""116"": 0.0, ""128"": 0.0, ""205"": 0.0, ""193"": 0.0, ""76"": 0.0, ""144"": 0.0, ""22"": 0.0, ""223"": 0.0, ""117"": 0.0, ""30"": 0.0, ""40"": 0.0, ""39"": 0.0, ""187"": 0.0, ""140"": 0.0, ""119"": 0.0, ""146"": 0.0, ""34"": 0.0, ""147"": 0.0, ""163"": 0.0, ""143"": 0.0, ""77"": 0.0, ""188"": 0.0, ""72"": 0.0, ""133"": 0.0, ""198"": 0.0, ""109"": 0.0, ""61"": 0.0, ""59"": 0.0, ""51"": 0.0, ""192"": 0.0, ""156"": 0.0, ""102"": 0.0, ""10"": 0.0, ""154"": 0.0, ""186"": 0.0, ""123"": 0.0, ""4"": 0.0, ""8"": 0.0, ""1"": 0.0, ""69"": 0.0, ""201"": 0.0, ""152"": 0.0, ""108"": 0.0, ""86"": 0.0, ""174"": 0.0, ""171"": 0.0, ""126"": 0.0, ""94"": 0.0, ""111"": 0.0, ""23"": 0.0, ""148"": 0.0, ""233"": 0.0, ""110"": 0.0, ""195"": 0.0, ""64"": 0.0, ""172"": 0.0, ""185"": 0.0, ""202"": 0.0, ""55"": 0.0, ""211"": 0.0, ""115"": 0.0, ""79"": 0.0, ""120"": 0.0, ""181"": 0.0, ""58"": 0.0, ""62"": 0.0, ""27"": 0.0, ""20"": 0.0, ""43"": 0.0, ""71"": 0.0, ""168"": 0.0, ""50"": 0.0, ""199"": 0.0, ""234"": 0.0, ""9"": 0.0, ""222"": 0.0, ""155"": 0.0, ""179"": 0.0, ""15"": 0.0, ""60"": 0.0, ""63"": 0.0, ""19"": 0.0, ""112"": 0.0, ""178"": 0.0, ""219"": 0.0, ""68"": 0.0, ""221"": 0.0, ""31"": 0.0, ""78"": 0.0, ""151"": 0.0, ""206"": 0.0, ""25"": 0.0, ""45"": 0.0, ""92"": 0.0, ""105"": 0.0, ""89"": 0.0, ""14"": 0.0, ""12"": 0.0, ""106"": 0.0, ""150"": 0.0, ""118"": 0.0, ""125"": 0.0, ""99"": 0.0, ""160"": 0.0, ""47"": 0.0, ""170"": 0.0, ""157"": 0.0, ""37"": 0.0, ""208"": 0.0, ""127"": 0.0, ""210"": 0.0, ""183"": 0.0, ""200"": 0.0, ""121"": 0.0, ""167"": 0.0, ""220"": 0.0, ""57"": 0.0, ""7"": 0.0, ""91"": 0.0, ""13"": 0.0, ""54"": 0.0, ""189"": 0.93, ""215"": 0.0, ""26"": 0.0, ""46"": 0.0, ""100"": 0.0, ""107"": 0.0, ""214"": 0.0, ""130"": 0.0, ""56"": 0.0, ""169"": 0.0, ""166"": 0.0, ""29"": 0.0, ""184"": 0.0, ""90"": 0.0, ""52"": 0.0, ""131"": 0.0, ""197"": 0.0, ""66"": 0.0, ""-1"": 0.06999999999999999, ""17"": 0.0, ""85"": 0.0, ""180"": 0.0, ""83"": 0.0, ""95"": 0.0, ""235"": 0.0, ""33"": 0.0, ""38"": 0.0, ""28"": 0.0, ""135"": 0.0, ""196"": 0.0, ""203"": 0.0, ""228"": 0.0, ""175"": 0.0, ""136"": 0.0, ""2"": 0.0, ""6"": 0.0}",jev-1.13.0,bc88b439826cbdc61cf90acec48195917864c1d2c02a8cede3551f458a9c03dc
semantic-experiment:sentence5:bge:q70:v1:2271676346:000004592240-000004696600,-1,semantic:bge:leaf-local-6-2:42:-1,Unassigned,0.71,0.7,"{""25"": 0.0, ""203"": 0.0, ""48"": 0.0, ""107"": 0.0, ""170"": 0.0, ""21"": 0.0, ""13"": 0.0, ""108"": 0.0, ""169"": 0.0, ""83"": 0.03, ""200"": 0.0, ""51"": 0.0, ""98"": 0.01, ""52"": 0.0, ""101"": 0.0, ""49"": 0.0, ""218"": 0.0, ""6"": 0.0, ""17"": 0.0, ""190"": 0.0, ""64"": 0.0, ""163"": 0.0, ""204"": 0.0, ""12"": 0.0, ""2"": 0.0, ""82"": 0.0, ""201"": 0.0, ""35"": 0.0, ""228"": 0.0, ""47"": 0.0, ""179"": 0.0, ""155"": 0.0, ""106"": 0.15000000000000002, ""95"": 0.0, ""142"": 0.0, ""73"": 0.0, ""75"": 0.0, ""76"": 0.0, ""206"": 0.0, ""24"": 0.0, ""72"": 0.0, ""45"": 0.04, ""189"": 0.02, ""42"": 0.0, ""84"": 0.0, ""27"": 0.0, ""225"": 0.0, ""56"": 0.0, ""222"": 0.0, ""199"": 0.0, ""37"": 0.0, ""212"": 0.0, ""231"": 0.0, ""211"": 0.0, ""121"": 0.0, ""115"": 0.0, ""175"": 0.0, ""132"": 0.0, ""54"": 0.0, ""227"": 0.0, ""61"": 0.0, ""177"": 0.0, ""92"": 0.0, ""191"": 0.0, ""176"": 0.0, ""195"": 0.0, ""63"": 0.0, ""81"": 0.0, ""77"": 0.0, ""157"": 0.0, ""0"": 0.0, ""111"": 0.0, ""66"": 0.0, ""30"": 0.0, ""87"": 0.0, ""213"": 0.0, ""187"": 0.0, ""74"": 0.0, ""9"": 0.0, ""126"": 0.0, ""186"": 0.0, ""90"": 0.0, ""71"": 0.0, ""151"": 0.0, ""232"": 0.0, ""91"": 0.0, ""147"": 0.0, ""14"": 0.0, ""86"": 0.0, ""20"": 0.0, ""136"": 0.0, ""172"": 0.0, ""148"": 0.0, ""15"": 0.0, ""182"": 0.0, ""153"": 0.0, ""113"": 0.0, ""184"": 0.0, ""188"": 0.0, ""185"": 0.0, ""137"": 0.0, ""138"": 0.0, ""29"": 0.0, ""65"": 0.0, ""5"": 0.0, ""3"": 0.0, ""79"": 0.0, ""19"": 0.0, ""134"": 0.0, ""39"": 0.0, ""68"": 0.0, ""44"": 0.0, ""4"": 0.0, ""145"": 0.0, ""160"": 0.0, ""109"": 0.0, ""119"": 0.0, ""202"": 0.0, ""10"": 0.0, ""34"": 0.0, ""57"": 0.0, ""36"": 0.0, ""180"": 0.0, ""85"": 0.0, ""166"": 0.0, ""78"": 0.0, ""99"": 0.01, ""165"": 0.0, ""102"": 0.0, ""208"": 0.0, ""32"": 0.0, ""207"": 0.0, ""150"": 0.0, ""124"": 0.0, ""149"": 0.0, ""116"": 0.0, ""143"": 0.0, ""224"": 0.0, ""173"": 0.0, ""53"": 0.0, ""219"": 0.0, ""59"": 0.0, ""164"": 0.0, ""112"": 0.0, ""31"": 0.0, ""192"": 0.0, ""23"": 0.0, ""216"": 0.0, ""38"": 0.0, ""196"": 0.0, ""233"": 0.0, ""22"": 0.0, ""130"": 0.0, ""194"": 0.0, ""221"": 0.0, ""125"": 0.0, ""234"": 0.0, ""181"": 0.0, ""210"": 0.0, ""110"": 0.0, ""67"": 0.0, ""229"": 0.0, ""158"": 0.0, ""223"": 0.0, ""156"": 0.0, ""103"": 0.0, ""96"": 0.0, ""11"": 0.0, ""60"": 0.0, ""235"": 0.0, ""120"": 0.0, ""152"": 0.0, ""43"": 0.0, ""69"": 0.0, ""28"": 0.0, ""128"": 0.0, ""55"": 0.0, ""168"": 0.0, ""123"": 0.0, ""129"": 0.0, ""97"": 0.0, ""167"": 0.0, ""62"": 0.0, ""214"": 0.0, ""94"": 0.0, ""118"": 0.0, ""100"": 0.03, ""16"": 0.0, ""217"": 0.0, ""197"": 0.0, ""7"": 0.0, ""162"": 0.0, ""171"": 0.0, ""140"": 0.0, ""220"": 0.0, ""41"": 0.0, ""230"": 0.0, ""144"": 0.0, ""209"": 0.0, ""146"": 0.0, ""135"": 0.0, ""33"": 0.0, ""215"": 0.0, ""183"": 0.0, ""1"": 0.0, ""114"": 0.0, ""105"": 0.0, ""117"": 0.0, ""104"": 0.0, ""141"": 0.0, ""88"": 0.0, ""93"": 0.0, ""80"": 0.0, ""161"": 0.0, ""89"": 0.0, ""58"": 0.0, ""50"": 0.0, ""205"": 0.0, ""18"": 0.0, ""178"": 0.0, ""154"": 0.0, ""127"": 0.0, ""40"": 0.0, ""198"": 0.0, ""122"": 0.0, ""26"": 0.0, ""8"": 0.0, ""133"": 0.0, ""131"": 0.0, ""174"": 0.0, ""139"": 0.0, ""193"": 0.0, ""70"": 0.0, ""159"": 0.0, ""226"": 0.0, ""46"": 0.0, ""-1"": 0.71}",jev-1.13.0,f079918bec6506268147a67ab2d8e8619c60ab6ba69d6eb7372901a6a6706b56
semantic-experiment:sentence5:bge:q70:v1:2271676346:000004696600-000004836160,45,semantic:bge:leaf-local-6-2:42:45,Lai riigikaitse kodune ja kogukondlik valmisolek,0.72,0.71,"{""175"": 0.0, ""47"": 0.0, ""87"": 0.0, ""3"": 0.0, ""86"": 0.0, ""120"": 0.0, ""29"": 0.0, ""216"": 0.0, ""129"": 0.0, ""115"": 0.0, ""95"": 0.0, ""201"": 0.0, ""192"": 0.0, ""37"": 0.0, ""7"": 0.0, ""128"": 0.0, ""227"": 0.0, ""85"": 0.0, ""82"": 0.0, ""30"": 0.0, ""111"": 0.0, ""156"": 0.0, ""139"": 0.0, ""38"": 0.0, ""131"": 0.0, ""176"": 0.0, ""228"": 0.0, ""134"": 0.0, ""94"": 0.0, ""19"": 0.0, ""137"": 0.0, ""158"": 0.0, ""211"": 0.0, ""209"": 0.0, ""33"": 0.0, ""154"": 0.0, ""202"": 0.0, ""54"": 0.0, ""133"": 0.0, ""45"": 0.72, ""69"": 0.0, ""112"": 0.0, ""166"": 0.0, ""215"": 0.0, ""143"": 0.0, ""161"": 0.0, ""41"": 0.0, ""232"": 0.0, ""123"": 0.0, ""138"": 0.02, ""106"": 0.11, ""11"": 0.0, ""55"": 0.0, ""48"": 0.0, ""186"": 0.0, ""196"": 0.0, ""225"": 0.0, ""219"": 0.0, ""148"": 0.0, ""83"": 0.0, ""8"": 0.0, ""99"": 0.0, ""113"": 0.0, ""204"": 0.0, ""146"": 0.0, ""108"": 0.0, ""24"": 0.0, ""230"": 0.0, ""93"": 0.0, ""31"": 0.0, ""200"": 0.0, ""210"": 0.0, ""109"": 0.0, ""107"": 0.0, ""58"": 0.0, ""159"": 0.0, ""145"": 0.0, ""98"": 0.0, ""149"": 0.0, ""59"": 0.0, ""75"": 0.0, ""46"": 0.0, ""218"": 0.0, ""65"": 0.0, ""114"": 0.0, ""62"": 0.0, ""208"": 0.0, ""16"": 0.0, ""152"": 0.0, ""79"": 0.0, ""235"": 0.0, ""214"": 0.0, ""84"": 0.0, ""125"": 0.0, ""27"": 0.0, ""165"": 0.0, ""35"": 0.0, ""64"": 0.0, ""57"": 0.0, ""14"": 0.0, ""150"": 0.0, ""66"": 0.0, ""185"": 0.0, ""21"": 0.02, ""127"": 0.0, ""117"": 0.0, ""157"": 0.0, ""15"": 0.0, ""103"": 0.0, ""180"": 0.0, ""71"": 0.0, ""197"": 0.0, ""4"": 0.0, ""92"": 0.0, ""49"": 0.0, ""78"": 0.0, ""184"": 0.0, ""198"": 0.0, ""233"": 0.0, ""17"": 0.0, ""140"": 0.0, ""144"": 0.0, ""72"": 0.0, ""190"": 0.0, ""74"": 0.0, ""34"": 0.0, ""121"": 0.0, ""171"": 0.0, ""52"": 0.0, ""28"": 0.0, ""160"": 0.0, ""0"": 0.0, ""151"": 0.0, ""70"": 0.0, ""207"": 0.0, ""183"": 0.0, ""50"": 0.0, ""199"": 0.0, ""13"": 0.0, ""179"": 0.0, ""-1"": 0.04, ""56"": 0.0, ""60"": 0.0, ""178"": 0.0, ""39"": 0.0, ""217"": 0.0, ""42"": 0.0, ""63"": 0.0, ""136"": 0.0, ""43"": 0.0, ""126"": 0.0, ""67"": 0.0, ""155"": 0.0, ""169"": 0.0, ""81"": 0.0, ""163"": 0.0, ""193"": 0.0, ""102"": 0.0, ""51"": 0.0, ""97"": 0.0, ""73"": 0.0, ""226"": 0.0, ""164"": 0.0, ""177"": 0.0, ""170"": 0.0, ""135"": 0.0, ""124"": 0.0, ""12"": 0.0, ""40"": 0.0, ""172"": 0.0, ""6"": 0.0, ""223"": 0.0, ""100"": 0.05, ""61"": 0.0, ""9"": 0.0, ""188"": 0.0, ""101"": 0.0, ""110"": 0.0, ""68"": 0.0, ""25"": 0.0, ""88"": 0.0, ""222"": 0.0, ""91"": 0.0, ""147"": 0.0, ""104"": 0.0, ""167"": 0.0, ""189"": 0.0, ""22"": 0.0, ""205"": 0.0, ""118"": 0.0, ""162"": 0.0, ""191"": 0.0, ""229"": 0.0, ""26"": 0.0, ""89"": 0.0, ""234"": 0.0, ""174"": 0.0, ""231"": 0.0, ""141"": 0.0, ""2"": 0.0, ""173"": 0.0, ""203"": 0.0, ""153"": 0.0, ""130"": 0.0, ""187"": 0.0, ""105"": 0.0, ""77"": 0.0, ""212"": 0.0, ""119"": 0.0, ""220"": 0.0, ""1"": 0.0, ""36"": 0.0, ""194"": 0.0, ""213"": 0.0, ""116"": 0.0, ""221"": 0.0, ""224"": 0.0, ""122"": 0.0, ""181"": 0.0, ""44"": 0.0, ""80"": 0.04, ""20"": 0.0, ""132"": 0.0, ""23"": 0.0, ""142"": 0.0, ""76"": 0.0, ""32"": 0.0, ""206"": 0.0, ""53"": 0.0, ""168"": 0.0, ""5"": 0.0, ""90"": 0.0, ""96"": 0.0, ""182"": 0.0, ""195"": 0.0, ""18"": 0.0, ""10"": 0.0}",jev-1.13.0,5759e236927687d9ee521307c7db2d58d2d127b3e92958fa4b325061213b2876
semantic-experiment:sentence5:bge:q70:v1:2271676346:000004836160-000004894840,45,semantic:bge:leaf-local-6-2:42:45,Lai riigikaitse kodune ja kogukondlik valmisolek,0.56,0.55,"{""73"": 0.0, ""226"": 0.0, ""228"": 0.0, ""180"": 0.0, ""229"": 0.0, ""16"": 0.0, ""143"": 0.0, ""164"": 0.0, ""100"": 0.02, ""149"": 0.01, ""159"": 0.0, ""183"": 0.0, ""194"": 0.0, ""114"": 0.0, ""1"": 0.0, ""157"": 0.0, ""210"": 0.0, ""34"": 0.0, ""213"": 0.0, ""132"": 0.0, ""90"": 0.0, ""193"": 0.0, ""101"": 0.0, ""224"": 0.0, ""58"": 0.0, ""155"": 0.0, ""154"": 0.0, ""129"": 0.0, ""175"": 0.0, ""86"": 0.0, ""215"": 0.0, ""188"": 0.0, ""116"": 0.0, ""220"": 0.0, ""47"": 0.0, ""49"": 0.0, ""95"": 0.0, ""22"": 0.0, ""177"": 0.0, ""82"": 0.0, ""169"": 0.0, ""214"": 0.0, ""96"": 0.0, ""225"": 0.0, ""139"": 0.0, ""201"": 0.0, ""217"": 0.0, ""89"": 0.0, ""172"": 0.0, ""15"": 0.0, ""148"": 0.0, ""68"": 0.0, ""31"": 0.0, ""37"": 0.0, ""81"": 0.0, ""138"": 0.060000000000000005, ""218"": 0.0, ""38"": 0.0, ""91"": 0.0, ""13"": 0.0, ""209"": 0.0, ""2"": 0.0, ""151"": 0.0, ""7"": 0.0, ""59"": 0.0, ""66"": 0.0, ""195"": 0.0, ""12"": 0.0, ""74"": 0.0, ""20"": 0.0, ""235"": 0.0, ""43"": 0.0, ""174"": 0.0, ""140"": 0.0, ""27"": 0.0, ""99"": 0.0, ""134"": 0.0, ""176"": 0.0, ""234"": 0.0, ""231"": 0.0, ""54"": 0.0, ""92"": 0.0, ""126"": 0.0, ""46"": 0.0, ""163"": 0.0, ""79"": 0.0, ""4"": 0.0, ""120"": 0.0, ""133"": 0.0, ""125"": 0.0, ""135"": 0.0, ""206"": 0.0, ""146"": 0.0, ""198"": 0.0, ""70"": 0.0, ""216"": 0.0, ""170"": 0.0, ""130"": 0.0, ""124"": 0.0, ""204"": 0.0, ""111"": 0.0, ""29"": 0.01, ""167"": 0.0, ""108"": 0.0, ""152"": 0.0, ""153"": 0.0, ""64"": 0.0, ""51"": 0.0, ""77"": 0.0, ""6"": 0.0, ""197"": 0.0, ""84"": 0.0, ""219"": 0.0, ""10"": 0.0, ""18"": 0.0, ""24"": 0.0, ""41"": 0.0, ""128"": 0.0, ""190"": 0.0, ""203"": 0.0, ""57"": 0.0, ""67"": 0.0, ""40"": 0.0, ""0"": 0.0, ""186"": 0.0, ""144"": 0.0, ""141"": 0.0, ""42"": 0.0, ""184"": 0.0, ""232"": 0.0, ""119"": 0.0, ""147"": 0.0, ""205"": 0.0, ""88"": 0.0, ""33"": 0.0, ""55"": 0.0, ""28"": 0.0, ""17"": 0.0, ""123"": 0.0, ""23"": 0.0, ""223"": 0.0, ""104"": 0.0, ""60"": 0.0, ""233"": 0.0, ""150"": 0.0, ""112"": 0.0, ""80"": 0.21000000000000002, ""14"": 0.0, ""36"": 0.0, ""222"": 0.0, ""227"": 0.0, ""181"": 0.0, ""191"": 0.0, ""185"": 0.0, ""8"": 0.0, ""87"": 0.0, ""9"": 0.0, ""85"": 0.0, ""39"": 0.0, ""115"": 0.0, ""118"": 0.0, ""127"": 0.0, ""196"": 0.0, ""35"": 0.0, ""53"": 0.0, ""21"": 0.0, ""136"": 0.0, ""212"": 0.0, ""65"": 0.0, ""61"": 0.0, ""93"": 0.0, ""11"": 0.0, ""208"": 0.0, ""25"": 0.0, ""102"": 0.0, ""48"": 0.0, ""137"": 0.0, ""26"": 0.0, ""166"": 0.0, ""156"": 0.0, ""171"": 0.0, ""200"": 0.0, ""98"": 0.0, ""165"": 0.0, ""160"": 0.0, ""192"": 0.0, ""117"": 0.0, ""75"": 0.0, ""72"": 0.0, ""187"": 0.0, ""202"": 0.0, ""110"": 0.0, ""106"": 0.01, ""189"": 0.0, ""32"": 0.0, ""63"": 0.0, ""94"": 0.0, ""97"": 0.0, ""83"": 0.03, ""131"": 0.0, ""122"": 0.01, ""62"": 0.0, ""161"": 0.0, ""162"": 0.0, ""211"": 0.0, ""178"": 0.0, ""78"": 0.0, ""179"": 0.0, ""52"": 0.0, ""5"": 0.0, ""182"": 0.0, ""44"": 0.0, ""109"": 0.0, ""199"": 0.0, ""145"": 0.0, ""121"": 0.0, ""30"": 0.0, ""69"": 0.0, ""168"": 0.0, ""173"": 0.0, ""142"": 0.0, ""103"": 0.0, ""76"": 0.0, ""45"": 0.56, ""71"": 0.0, ""107"": 0.0, ""3"": 0.0, ""113"": 0.0, ""207"": 0.0, ""19"": 0.0, ""50"": 0.0, ""158"": 0.0, ""105"": 0.0, ""230"": 0.0, ""-1"": 0.06999999999999999, ""221"": 0.0, ""56"": 0.0}",jev-1.13.0,b326adb25acbbea99ad3643b73d6ad0afc6e2a8896ec61462c722e7617430220
semantic-experiment:sentence5:bge:q70:v1:2271676346:000004894840-000005102640,-1,semantic:bge:leaf-local-6-2:42:-1,Unassigned,0.47000000000000003,0.46,"{""232"": 0.0, ""231"": 0.0, ""139"": 0.0, ""157"": 0.0, ""163"": 0.0, ""104"": 0.0, ""26"": 0.0, ""202"": 0.02, ""93"": 0.0, ""182"": 0.0, ""23"": 0.0, ""201"": 0.0, ""195"": 0.0, ""107"": 0.0, ""99"": 0.01, ""171"": 0.0, ""223"": 0.0, ""187"": 0.0, ""207"": 0.0, ""211"": 0.0, ""121"": 0.0, ""19"": 0.0, ""173"": 0.0, ""100"": 0.060000000000000005, ""134"": 0.0, ""141"": 0.0, ""68"": 0.0, ""22"": 0.0, ""40"": 0.0, ""59"": 0.0, ""69"": 0.0, ""10"": 0.0, ""13"": 0.0, ""90"": 0.0, ""184"": 0.0, ""196"": 0.0, ""178"": 0.0, ""18"": 0.0, ""72"": 0.0, ""154"": 0.0, ""175"": 0.0, ""222"": 0.0, ""168"": 0.0, ""140"": 0.0, ""153"": 0.0, ""36"": 0.0, ""112"": 0.0, ""65"": 0.0, ""146"": 0.0, ""21"": 0.0, ""15"": 0.0, ""147"": 0.0, ""35"": 0.0, ""160"": 0.0, ""174"": 0.0, ""66"": 0.0, ""166"": 0.0, ""205"": 0.0, ""103"": 0.0, ""33"": 0.0, ""144"": 0.0, ""16"": 0.0, ""94"": 0.0, ""212"": 0.0, ""32"": 0.0, ""109"": 0.0, ""185"": 0.0, ""108"": 0.0, ""30"": 0.0, ""46"": 0.0, ""206"": 0.0, ""5"": 0.0, ""53"": 0.0, ""113"": 0.0, ""56"": 0.0, ""79"": 0.0, ""110"": 0.0, ""145"": 0.0, ""0"": 0.0, ""55"": 0.0, ""229"": 0.0, ""63"": 0.0, ""47"": 0.0, ""191"": 0.0, ""151"": 0.0, ""62"": 0.0, ""2"": 0.0, ""181"": 0.0, ""213"": 0.0, ""1"": 0.0, ""204"": 0.0, ""8"": 0.0, ""43"": 0.0, ""4"": 0.0, ""149"": 0.0, ""57"": 0.0, ""233"": 0.0, ""49"": 0.0, ""218"": 0.0, ""89"": 0.0, ""86"": 0.0, ""177"": 0.0, ""17"": 0.0, ""235"": 0.0, ""186"": 0.0, ""138"": 0.0, ""28"": 0.0, ""214"": 0.0, ""188"": 0.0, ""220"": 0.0, ""136"": 0.0, ""73"": 0.0, ""169"": 0.0, ""193"": 0.0, ""91"": 0.0, ""14"": 0.0, ""85"": 0.02, ""48"": 0.0, ""228"": 0.0, ""164"": 0.0, ""197"": 0.0, ""119"": 0.0, ""88"": 0.0, ""25"": 0.0, ""92"": 0.0, ""199"": 0.0, ""155"": 0.0, ""167"": 0.0, ""39"": 0.0, ""158"": 0.0, ""76"": 0.0, ""102"": 0.0, ""120"": 0.0, ""61"": 0.0, ""74"": 0.0, ""-1"": 0.47000000000000003, ""54"": 0.0, ""129"": 0.0, ""133"": 0.0, ""150"": 0.0, ""156"": 0.0, ""131"": 0.0, ""38"": 0.0, ""37"": 0.0, ""44"": 0.0, ""132"": 0.0, ""114"": 0.0, ""31"": 0.0, ""80"": 0.0, ""111"": 0.0, ""12"": 0.0, ""87"": 0.0, ""224"": 0.0, ""183"": 0.0, ""27"": 0.0, ""123"": 0.0, ""98"": 0.0, ""52"": 0.0, ""161"": 0.0, ""70"": 0.0, ""179"": 0.0, ""11"": 0.0, ""219"": 0.0, ""95"": 0.0, ""7"": 0.0, ""215"": 0.0, ""143"": 0.0, ""34"": 0.0, ""142"": 0.0, ""200"": 0.0, ""159"": 0.02, ""116"": 0.0, ""84"": 0.0, ""209"": 0.0, ""6"": 0.0, ""203"": 0.0, ""29"": 0.0, ""234"": 0.0, ""51"": 0.0, ""125"": 0.0, ""71"": 0.0, ""20"": 0.0, ""75"": 0.0, ""81"": 0.0, ""82"": 0.02, ""227"": 0.0, ""152"": 0.0, ""118"": 0.0, ""124"": 0.0, ""101"": 0.0, ""221"": 0.0, ""60"": 0.0, ""230"": 0.0, ""128"": 0.0, ""126"": 0.0, ""180"": 0.0, ""135"": 0.0, ""190"": 0.0, ""45"": 0.060000000000000005, ""208"": 0.0, ""216"": 0.0, ""106"": 0.28, ""105"": 0.0, ""67"": 0.0, ""176"": 0.0, ""189"": 0.0, ""192"": 0.0, ""217"": 0.0, ""170"": 0.0, ""165"": 0.0, ""117"": 0.0, ""50"": 0.0, ""137"": 0.0, ""198"": 0.0, ""172"": 0.0, ""148"": 0.0, ""97"": 0.0, ""77"": 0.0, ""115"": 0.0, ""64"": 0.0, ""210"": 0.0, ""96"": 0.0, ""83"": 0.03, ""194"": 0.0, ""41"": 0.0, ""225"": 0.0, ""127"": 0.0, ""162"": 0.0, ""78"": 0.0, ""58"": 0.0, ""122"": 0.0, ""24"": 0.0, ""9"": 0.0, ""226"": 0.0, ""3"": 0.0, ""42"": 0.0, ""130"": 0.0}",jev-1.13.0,7449e8c735914817d4ae3a499ec2ce0346c03d1636fca4689e023a0a7fd8de99
semantic-experiment:sentence5:bge:q70:v1:2271676346:000005102640-000005269760,45,semantic:bge:leaf-local-6-2:42:45,Lai riigikaitse kodune ja kogukondlik valmisolek,0.85,0.84,"{""133"": 0.0, ""28"": 0.0, ""45"": 0.85, ""94"": 0.0, ""230"": 0.0, ""152"": 0.0, ""141"": 0.0, ""96"": 0.0, ""145"": 0.0, ""67"": 0.0, ""84"": 0.0, ""79"": 0.0, ""115"": 0.0, ""235"": 0.0, ""55"": 0.0, ""32"": 0.0, ""192"": 0.0, ""183"": 0.0, ""71"": 0.0, ""156"": 0.0, ""181"": 0.0, ""147"": 0.0, ""114"": 0.0, ""205"": 0.0, ""119"": 0.0, ""68"": 0.0, ""18"": 0.0, ""102"": 0.0, ""172"": 0.0, ""50"": 0.0, ""93"": 0.0, ""78"": 0.0, ""0"": 0.0, ""35"": 0.0, ""121"": 0.0, ""2"": 0.0, ""146"": 0.0, ""170"": 0.0, ""139"": 0.0, ""161"": 0.0, ""200"": 0.0, ""185"": 0.0, ""201"": 0.0, ""17"": 0.0, ""177"": 0.0, ""52"": 0.0, ""87"": 0.0, ""224"": 0.0, ""40"": 0.0, ""34"": 0.0, ""142"": 0.0, ""168"": 0.0, ""85"": 0.0, ""207"": 0.0, ""42"": 0.0, ""206"": 0.0, ""25"": 0.0, ""213"": 0.0, ""176"": 0.0, ""31"": 0.0, ""90"": 0.0, ""164"": 0.0, ""100"": 0.060000000000000005, ""166"": 0.0, ""127"": 0.0, ""74"": 0.0, ""10"": 0.0, ""24"": 0.0, ""14"": 0.0, ""221"": 0.0, ""215"": 0.0, ""20"": 0.0, ""143"": 0.0, ""38"": 0.0, ""173"": 0.0, ""15"": 0.0, ""191"": 0.0, ""99"": 0.0, ""120"": 0.0, ""202"": 0.0, ""218"": 0.0, ""180"": 0.0, ""51"": 0.0, ""7"": 0.0, ""82"": 0.0, ""169"": 0.0, ""214"": 0.0, ""57"": 0.0, ""135"": 0.0, ""12"": 0.0, ""231"": 0.0, ""144"": 0.0, ""73"": 0.0, ""44"": 0.0, ""138"": 0.0, ""234"": 0.0, ""184"": 0.0, ""39"": 0.0, ""225"": 0.0, ""69"": 0.0, ""106"": 0.08, ""199"": 0.0, ""148"": 0.0, ""179"": 0.0, ""30"": 0.0, ""136"": 0.0, ""23"": 0.0, ""65"": 0.0, ""107"": 0.0, ""122"": 0.0, ""158"": 0.0, ""118"": 0.0, ""53"": 0.0, ""104"": 0.0, ""81"": 0.0, ""110"": 0.0, ""6"": 0.0, ""111"": 0.0, ""211"": 0.0, ""116"": 0.0, ""175"": 0.0, ""123"": 0.0, ""131"": 0.0, ""130"": 0.0, ""59"": 0.0, ""3"": 0.0, ""64"": 0.0, ""66"": 0.0, ""80"": 0.0, ""97"": 0.0, ""149"": 0.0, ""193"": 0.0, ""154"": 0.0, ""124"": 0.0, ""58"": 0.0, ""186"": 0.0, ""21"": 0.0, ""54"": 0.0, ""216"": 0.0, ""204"": 0.0, ""203"": 0.0, ""46"": 0.0, ""95"": 0.0, ""29"": 0.0, ""140"": 0.0, ""91"": 0.0, ""77"": 0.0, ""63"": 0.0, ""56"": 0.0, ""220"": 0.0, ""189"": 0.0, ""113"": 0.0, ""153"": 0.0, ""92"": 0.0, ""196"": 0.0, ""194"": 0.0, ""197"": 0.0, ""210"": 0.0, ""62"": 0.0, ""162"": 0.0, ""208"": 0.0, ""43"": 0.0, ""222"": 0.0, ""26"": 0.0, ""36"": 0.0, ""47"": 0.0, ""4"": 0.0, ""60"": 0.0, ""165"": 0.0, ""75"": 0.0, ""103"": 0.0, ""16"": 0.0, ""8"": 0.0, ""227"": 0.0, ""233"": 0.0, ""198"": 0.0, ""217"": 0.0, ""157"": 0.0, ""209"": 0.0, ""155"": 0.0, ""187"": 0.0, ""37"": 0.0, ""89"": 0.0, ""229"": 0.0, ""108"": 0.0, ""72"": 0.0, ""126"": 0.0, ""1"": 0.0, ""134"": 0.0, ""88"": 0.0, ""212"": 0.0, ""-1"": 0.01, ""174"": 0.0, ""129"": 0.0, ""112"": 0.0, ""13"": 0.0, ""160"": 0.0, ""132"": 0.0, ""41"": 0.0, ""19"": 0.0, ""195"": 0.0, ""105"": 0.0, ""171"": 0.0, ""190"": 0.0, ""70"": 0.0, ""167"": 0.0, ""188"": 0.0, ""228"": 0.0, ""98"": 0.0, ""137"": 0.0, ""86"": 0.0, ""9"": 0.0, ""178"": 0.0, ""150"": 0.0, ""163"": 0.0, ""49"": 0.0, ""33"": 0.0, ""5"": 0.0, ""101"": 0.0, ""61"": 0.0, ""27"": 0.0, ""83"": 0.0, ""76"": 0.0, ""182"": 0.0, ""223"": 0.0, ""109"": 0.0, ""128"": 0.0, ""232"": 0.0, ""11"": 0.0, ""159"": 0.0, ""117"": 0.0, ""219"": 0.0, ""125"": 0.0, ""151"": 0.0, ""226"": 0.0, ""48"": 0.0, ""22"": 0.0}",jev-1.13.0,4d33512cfa098c3e1daf233bc3d9fae77951f77111b4c0a2737aa424ba6e8ba6
semantic-experiment:sentence5:bge:q70:v1:2271676346:000005269760-000005419640,-1,semantic:bge:leaf-local-6-2:42:-1,Unassigned,0.23,0.22,"{""221"": 0.0, ""82"": 0.0, ""43"": 0.0, ""41"": 0.0, ""163"": 0.0, ""76"": 0.0, ""230"": 0.0, ""225"": 0.0, ""47"": 0.0, ""220"": 0.0, ""109"": 0.0, ""49"": 0.0, ""143"": 0.0, ""32"": 0.0, ""179"": 0.0, ""46"": 0.0, ""185"": 0.0, ""103"": 0.0, ""34"": 0.0, ""12"": 0.0, ""169"": 0.0, ""142"": 0.0, ""182"": 0.0, ""77"": 0.0, ""56"": 0.0, ""231"": 0.0, ""223"": 0.0, ""196"": 0.0, ""176"": 0.0, ""135"": 0.0, ""219"": 0.0, ""93"": 0.0, ""-1"": 0.23, ""207"": 0.0, ""200"": 0.0, ""68"": 0.0, ""218"": 0.0, ""216"": 0.0, ""79"": 0.0, ""170"": 0.0, ""78"": 0.0, ""23"": 0.0, ""172"": 0.0, ""27"": 0.0, ""7"": 0.0, ""29"": 0.02, ""211"": 0.0, ""114"": 0.0, ""188"": 0.0, ""202"": 0.0, ""206"": 0.0, ""167"": 0.0, ""74"": 0.0, ""118"": 0.0, ""151"": 0.0, ""8"": 0.0, ""154"": 0.0, ""190"": 0.0, ""157"": 0.0, ""121"": 0.0, ""52"": 0.0, ""73"": 0.0, ""192"": 0.0, ""13"": 0.0, ""36"": 0.0, ""104"": 0.0, ""119"": 0.0, ""106"": 0.2, ""110"": 0.0, ""19"": 0.0, ""31"": 0.0, ""94"": 0.0, ""30"": 0.0, ""217"": 0.0, ""53"": 0.0, ""16"": 0.0, ""235"": 0.0, ""22"": 0.0, ""48"": 0.0, ""160"": 0.0, ""147"": 0.0, ""161"": 0.0, ""159"": 0.0, ""215"": 0.0, ""62"": 0.0, ""203"": 0.0, ""54"": 0.0, ""180"": 0.0, ""214"": 0.0, ""99"": 0.01, ""18"": 0.0, ""55"": 0.0, ""226"": 0.0, ""15"": 0.0, ""204"": 0.0, ""0"": 0.0, ""184"": 0.0, ""10"": 0.0, ""209"": 0.0, ""71"": 0.0, ""61"": 0.0, ""37"": 0.0, ""69"": 0.0, ""212"": 0.0, ""183"": 0.0, ""150"": 0.0, ""65"": 0.0, ""129"": 0.0, ""45"": 0.18000000000000002, ""134"": 0.0, ""131"": 0.0, ""63"": 0.0, ""178"": 0.0, ""25"": 0.0, ""33"": 0.0, ""44"": 0.0, ""128"": 0.0, ""193"": 0.0, ""2"": 0.0, ""153"": 0.0, ""149"": 0.0, ""42"": 0.0, ""191"": 0.0, ""201"": 0.0, ""222"": 0.0, ""133"": 0.0, ""107"": 0.0, ""175"": 0.0, ""83"": 0.03, ""155"": 0.0, ""117"": 0.0, ""125"": 0.0, ""100"": 0.14, ""108"": 0.0, ""40"": 0.0, ""91"": 0.0, ""58"": 0.0, ""92"": 0.0, ""228"": 0.0, ""95"": 0.0, ""234"": 0.0, ""208"": 0.0, ""57"": 0.0, ""39"": 0.0, ""232"": 0.0, ""85"": 0.0, ""86"": 0.0, ""70"": 0.0, ""162"": 0.0, ""72"": 0.0, ""102"": 0.0, ""81"": 0.0, ""66"": 0.0, ""124"": 0.0, ""224"": 0.0, ""112"": 0.0, ""24"": 0.0, ""229"": 0.0, ""199"": 0.0, ""141"": 0.0, ""197"": 0.0, ""171"": 0.0, ""138"": 0.0, ""140"": 0.0, ""186"": 0.0, ""187"": 0.0, ""198"": 0.0, ""28"": 0.0, ""156"": 0.0, ""166"": 0.0, ""17"": 0.0, ""164"": 0.0, ""123"": 0.0, ""111"": 0.0, ""35"": 0.0, ""116"": 0.0, ""165"": 0.04, ""144"": 0.0, ""210"": 0.0, ""101"": 0.0, ""59"": 0.0, ""189"": 0.12, ""67"": 0.0, ""14"": 0.0, ""213"": 0.0, ""84"": 0.0, ""80"": 0.02, ""90"": 0.0, ""158"": 0.0, ""168"": 0.0, ""181"": 0.0, ""38"": 0.0, ""89"": 0.0, ""21"": 0.0, ""145"": 0.0, ""4"": 0.0, ""26"": 0.0, ""233"": 0.0, ""152"": 0.0, ""75"": 0.0, ""6"": 0.0, ""60"": 0.0, ""174"": 0.0, ""122"": 0.0, ""1"": 0.0, ""130"": 0.0, ""195"": 0.0, ""120"": 0.0, ""127"": 0.0, ""51"": 0.0, ""105"": 0.0, ""126"": 0.0, ""132"": 0.0, ""136"": 0.0, ""194"": 0.0, ""148"": 0.0, ""113"": 0.0, ""97"": 0.0, ""20"": 0.0, ""9"": 0.0, ""11"": 0.0, ""50"": 0.0, ""137"": 0.0, ""177"": 0.0, ""88"": 0.0, ""205"": 0.0, ""146"": 0.0, ""173"": 0.0, ""139"": 0.0, ""5"": 0.0, ""227"": 0.0, ""87"": 0.0, ""64"": 0.0, ""98"": 0.0, ""3"": 0.0, ""115"": 0.0, ""96"": 0.0}",jev-1.13.0,3a05eef076e597472b34bb1a2b96b4a88c106111de6faa67b5b569cf2bf0aae2
semantic-experiment:sentence5:bge:q70:v1:2271676346:000005419640-000005484160,45,semantic:bge:leaf-local-6-2:42:45,Lai riigikaitse kodune ja kogukondlik valmisolek,0.74,0.73,"{""221"": 0.0, ""82"": 0.0, ""91"": 0.0, ""104"": 0.0, ""167"": 0.0, ""141"": 0.0, ""70"": 0.0, ""75"": 0.0, ""36"": 0.0, ""186"": 0.0, ""122"": 0.0, ""22"": 0.0, ""151"": 0.0, ""37"": 0.0, ""216"": 0.0, ""46"": 0.0, ""162"": 0.0, ""86"": 0.0, ""214"": 0.0, ""125"": 0.0, ""129"": 0.0, ""173"": 0.0, ""52"": 0.0, ""42"": 0.0, ""135"": 0.0, ""164"": 0.0, ""69"": 0.0, ""235"": 0.0, ""6"": 0.0, ""76"": 0.0, ""32"": 0.0, ""98"": 0.0, ""179"": 0.0, ""137"": 0.0, ""78"": 0.0, ""189"": 0.0, ""202"": 0.0, ""68"": 0.0, ""116"": 0.0, ""123"": 0.0, ""212"": 0.0, ""170"": 0.0, ""223"": 0.0, ""66"": 0.0, ""183"": 0.0, ""215"": 0.0, ""-1"": 0.09999999999999999, ""74"": 0.0, ""138"": 0.06999999999999999, ""139"": 0.0, ""158"": 0.0, ""73"": 0.0, ""175"": 0.0, ""27"": 0.0, ""81"": 0.0, ""208"": 0.0, ""219"": 0.0, ""43"": 0.0, ""50"": 0.0, ""34"": 0.0, ""17"": 0.0, ""2"": 0.0, ""4"": 0.0, ""51"": 0.0, ""71"": 0.0, ""11"": 0.0, ""198"": 0.0, ""93"": 0.0, ""143"": 0.0, ""192"": 0.0, ""200"": 0.0, ""99"": 0.0, ""16"": 0.0, ""121"": 0.0, ""204"": 0.0, ""218"": 0.0, ""94"": 0.0, ""10"": 0.0, ""132"": 0.0, ""9"": 0.0, ""8"": 0.0, ""211"": 0.0, ""160"": 0.0, ""40"": 0.0, ""60"": 0.0, ""77"": 0.0, ""35"": 0.0, ""234"": 0.0, ""199"": 0.0, ""148"": 0.0, ""153"": 0.0, ""83"": 0.0, ""227"": 0.0, ""79"": 0.0, ""19"": 0.0, ""206"": 0.0, ""224"": 0.0, ""159"": 0.060000000000000005, ""96"": 0.0, ""124"": 0.0, ""25"": 0.0, ""131"": 0.0, ""134"": 0.0, ""41"": 0.0, ""14"": 0.0, ""84"": 0.0, ""62"": 0.0, ""130"": 0.0, ""57"": 0.0, ""232"": 0.0, ""193"": 0.0, ""95"": 0.0, ""161"": 0.0, ""133"": 0.0, ""171"": 0.0, ""157"": 0.0, ""0"": 0.0, ""226"": 0.0, ""88"": 0.0, ""3"": 0.0, ""178"": 0.0, ""54"": 0.0, ""114"": 0.0, ""65"": 0.0, ""102"": 0.0, ""58"": 0.0, ""29"": 0.0, ""172"": 0.0, ""145"": 0.0, ""87"": 0.0, ""233"": 0.0, ""80"": 0.02, ""127"": 0.0, ""220"": 0.0, ""188"": 0.0, ""154"": 0.0, ""108"": 0.0, ""13"": 0.0, ""140"": 0.0, ""44"": 0.0, ""63"": 0.0, ""56"": 0.0, ""119"": 0.0, ""26"": 0.0, ""210"": 0.0, ""228"": 0.0, ""117"": 0.0, ""45"": 0.74, ""97"": 0.0, ""174"": 0.0, ""103"": 0.0, ""110"": 0.0, ""176"": 0.0, ""12"": 0.0, ""195"": 0.0, ""136"": 0.0, ""142"": 0.0, ""149"": 0.01, ""39"": 0.0, ""209"": 0.0, ""150"": 0.0, ""28"": 0.0, ""126"": 0.0, ""5"": 0.0, ""112"": 0.0, ""113"": 0.0, ""229"": 0.0, ""89"": 0.0, ""120"": 0.0, ""21"": 0.0, ""180"": 0.0, ""181"": 0.0, ""156"": 0.0, ""31"": 0.0, ""18"": 0.0, ""15"": 0.0, ""72"": 0.0, ""115"": 0.0, ""105"": 0.0, ""194"": 0.0, ""155"": 0.0, ""152"": 0.0, ""61"": 0.0, ""196"": 0.0, ""213"": 0.0, ""191"": 0.0, ""24"": 0.0, ""203"": 0.0, ""106"": 0.0, ""85"": 0.0, ""1"": 0.0, ""59"": 0.0, ""230"": 0.0, ""222"": 0.0, ""92"": 0.0, ""101"": 0.0, ""147"": 0.0, ""169"": 0.0, ""205"": 0.0, ""177"": 0.0, ""55"": 0.0, ""7"": 0.0, ""48"": 0.0, ""38"": 0.0, ""184"": 0.0, ""163"": 0.0, ""146"": 0.0, ""49"": 0.0, ""107"": 0.0, ""144"": 0.0, ""47"": 0.0, ""109"": 0.0, ""182"": 0.0, ""168"": 0.0, ""225"": 0.0, ""23"": 0.0, ""30"": 0.0, ""187"": 0.0, ""33"": 0.0, ""100"": 0.0, ""217"": 0.0, ""166"": 0.0, ""165"": 0.0, ""231"": 0.0, ""90"": 0.0, ""207"": 0.0, ""64"": 0.0, ""201"": 0.0, ""20"": 0.0, ""67"": 0.0, ""53"": 0.0, ""118"": 0.0, ""197"": 0.0, ""128"": 0.0, ""111"": 0.0, ""185"": 0.0, ""190"": 0.0}",jev-1.13.0,e090fd3c578c90f27abc1d1587be0d2882688607a91849fa45092ea30e420b9b
semantic-experiment:sentence5:bge:q70:v1:2271676346:000005484160-000005572624,106,semantic:bge:leaf-local-6-2:42:106,Sooneutraalne ajateenistus ja reservi täitmine,0.46,0.45,"{""125"": 0.0, ""54"": 0.0, ""165"": 0.0, ""27"": 0.0, ""199"": 0.0, ""23"": 0.0, ""198"": 0.0, ""202"": 0.0, ""136"": 0.0, ""178"": 0.0, ""2"": 0.0, ""0"": 0.0, ""30"": 0.0, ""152"": 0.0, ""191"": 0.0, ""143"": 0.0, ""214"": 0.0, ""74"": 0.0, ""208"": 0.0, ""204"": 0.0, ""160"": 0.0, ""232"": 0.0, ""44"": 0.0, ""82"": 0.0, ""126"": 0.0, ""115"": 0.0, ""51"": 0.0, ""32"": 0.0, ""170"": 0.0, ""1"": 0.0, ""67"": 0.0, ""221"": 0.0, ""9"": 0.0, ""4"": 0.0, ""78"": 0.0, ""5"": 0.0, ""228"": 0.0, ""161"": 0.0, ""209"": 0.0, ""151"": 0.0, ""22"": 0.0, ""153"": 0.0, ""89"": 0.0, ""69"": 0.0, ""102"": 0.0, ""229"": 0.0, ""189"": 0.0, ""61"": 0.0, ""123"": 0.0, ""53"": 0.0, ""171"": 0.0, ""50"": 0.0, ""218"": 0.0, ""17"": 0.0, ""175"": 0.0, ""77"": 0.0, ""195"": 0.0, ""215"": 0.0, ""116"": 0.0, ""40"": 0.0, ""205"": 0.0, ""21"": 0.0, ""11"": 0.0, ""163"": 0.0, ""48"": 0.0, ""72"": 0.0, ""231"": 0.0, ""24"": 0.0, ""206"": 0.0, ""184"": 0.0, ""117"": 0.0, ""225"": 0.0, ""190"": 0.0, ""15"": 0.0, ""234"": 0.0, ""164"": 0.0, ""211"": 0.0, ""92"": 0.0, ""168"": 0.0, ""38"": 0.0, ""121"": 0.0, ""177"": 0.0, ""224"": 0.0, ""112"": 0.0, ""34"": 0.0, ""187"": 0.0, ""100"": 0.13, ""8"": 0.0, ""33"": 0.0, ""113"": 0.0, ""149"": 0.0, ""130"": 0.0, ""213"": 0.0, ""98"": 0.01, ""90"": 0.0, ""173"": 0.0, ""119"": 0.0, ""106"": 0.46, ""91"": 0.0, ""108"": 0.0, ""55"": 0.0, ""146"": 0.0, ""111"": 0.0, ""219"": 0.0, ""172"": 0.0, ""66"": 0.0, ""84"": 0.0, ""122"": 0.0, ""43"": 0.0, ""35"": 0.0, ""220"": 0.0, ""230"": 0.0, ""180"": 0.0, ""145"": 0.0, ""93"": 0.0, ""162"": 0.0, ""57"": 0.0, ""135"": 0.0, ""132"": 0.0, ""81"": 0.0, ""36"": 0.0, ""235"": 0.0, ""45"": 0.17, ""182"": 0.0, ""25"": 0.0, ""71"": 0.0, ""203"": 0.0, ""103"": 0.0, ""109"": 0.0, ""158"": 0.0, ""207"": 0.0, ""166"": 0.0, ""131"": 0.0, ""60"": 0.0, ""217"": 0.0, ""99"": 0.01, ""124"": 0.0, ""47"": 0.0, ""148"": 0.0, ""156"": 0.0, ""46"": 0.0, ""87"": 0.0, ""7"": 0.0, ""233"": 0.0, ""134"": 0.0, ""169"": 0.0, ""197"": 0.0, ""14"": 0.0, ""196"": 0.0, ""201"": 0.0, ""3"": 0.0, ""73"": 0.0, ""176"": 0.0, ""79"": 0.0, ""97"": 0.0, ""85"": 0.0, ""155"": 0.0, ""154"": 0.0, ""18"": 0.0, ""142"": 0.0, ""52"": 0.0, ""179"": 0.0, ""39"": 0.0, ""200"": 0.0, ""194"": 0.0, ""70"": 0.0, ""20"": 0.0, ""186"": 0.0, ""49"": 0.0, ""114"": 0.0, ""65"": 0.0, ""13"": 0.0, ""63"": 0.0, ""105"": 0.0, ""216"": 0.0, ""128"": 0.0, ""192"": 0.0, ""95"": 0.0, ""129"": 0.0, ""101"": 0.0, ""10"": 0.0, ""193"": 0.0, ""210"": 0.0, ""227"": 0.0, ""137"": 0.0, ""59"": 0.0, ""86"": 0.0, ""96"": 0.0, ""212"": 0.0, ""222"": 0.0, ""56"": 0.0, ""159"": 0.0, ""174"": 0.0, ""41"": 0.0, ""31"": 0.0, ""181"": 0.0, ""133"": 0.0, ""28"": 0.0, ""-1"": 0.15000000000000002, ""147"": 0.0, ""19"": 0.0, ""226"": 0.0, ""140"": 0.0, ""223"": 0.0, ""42"": 0.0, ""139"": 0.0, ""144"": 0.0, ""6"": 0.0, ""16"": 0.0, ""127"": 0.0, ""75"": 0.0, ""88"": 0.0, ""58"": 0.0, ""62"": 0.0, ""141"": 0.0, ""64"": 0.0, ""138"": 0.0, ""188"": 0.0, ""118"": 0.0, ""104"": 0.0, ""12"": 0.0, ""76"": 0.0, ""68"": 0.0, ""157"": 0.0, ""107"": 0.0, ""150"": 0.0, ""80"": 0.0, ""37"": 0.0, ""110"": 0.0, ""83"": 0.04, ""183"": 0.0, ""185"": 0.0, ""120"": 0.0, ""94"": 0.0, ""26"": 0.0, ""29"": 0.02, ""167"": 0.0}",jev-1.13.0,0064c1d0f5e243b1a470f8981e98c02f5b4ae0ea096fb6d20cb81624f16f3ecf
semantic-experiment:sentence5:bge:q70:v1:2397177249:000000011600-000000178000,234,semantic:bge:leaf-local-6-2:42:234,AI muudab üksikettevõtluse lihtsamaks,0.99,0.99,"{""152"": 0.0, ""227"": 0.0, ""175"": 0.0, ""2"": 0.0, ""221"": 0.0, ""157"": 0.0, ""1"": 0.0, ""148"": 0.0, ""194"": 0.0, ""172"": 0.0, ""67"": 0.0, ""20"": 0.0, ""39"": 0.0, ""190"": 0.0, ""184"": 0.0, ""80"": 0.0, ""45"": 0.0, ""104"": 0.0, ""82"": 0.0, ""0"": 0.0, ""117"": 0.0, ""132"": 0.0, ""68"": 0.0, ""222"": 0.0, ""158"": 0.0, ""192"": 0.0, ""233"": 0.0, ""189"": 0.0, ""92"": 0.0, ""187"": 0.0, ""30"": 0.0, ""232"": 0.0, ""115"": 0.0, ""217"": 0.0, ""73"": 0.0, ""110"": 0.0, ""180"": 0.0, ""170"": 0.0, ""143"": 0.0, ""94"": 0.0, ""69"": 0.0, ""5"": 0.0, ""106"": 0.0, ""165"": 0.0, ""50"": 0.0, ""228"": 0.0, ""60"": 0.0, ""43"": 0.0, ""54"": 0.0, ""90"": 0.0, ""136"": 0.0, ""216"": 0.0, ""183"": 0.0, ""129"": 0.0, ""19"": 0.0, ""156"": 0.0, ""87"": 0.0, ""88"": 0.0, ""72"": 0.0, ""28"": 0.0, ""21"": 0.0, ""193"": 0.0, ""142"": 0.0, ""40"": 0.0, ""37"": 0.0, ""125"": 0.0, ""65"": 0.0, ""56"": 0.0, ""160"": 0.0, ""97"": 0.0, ""206"": 0.0, ""215"": 0.0, ""209"": 0.0, ""3"": 0.0, ""33"": 0.0, ""11"": 0.0, ""62"": 0.0, ""146"": 0.0, ""204"": 0.0, ""119"": 0.0, ""109"": 0.0, ""128"": 0.0, ""105"": 0.0, ""83"": 0.0, ""108"": 0.0, ""47"": 0.0, ""219"": 0.0, ""212"": 0.0, ""61"": 0.0, ""121"": 0.0, ""196"": 0.0, ""111"": 0.0, ""144"": 0.0, ""126"": 0.0, ""191"": 0.0, ""51"": 0.0, ""197"": 0.0, ""229"": 0.0, ""234"": 0.99, ""131"": 0.0, ""164"": 0.0, ""59"": 0.0, ""44"": 0.0, ""130"": 0.0, ""116"": 0.0, ""138"": 0.0, ""112"": 0.0, ""133"": 0.0, ""27"": 0.0, ""210"": 0.0, ""66"": 0.0, ""14"": 0.0, ""15"": 0.0, ""181"": 0.0, ""49"": 0.0, ""169"": 0.0, ""137"": 0.0, ""86"": 0.0, ""34"": 0.0, ""12"": 0.0, ""140"": 0.0, ""98"": 0.0, ""42"": 0.0, ""10"": 0.0, ""213"": 0.0, ""16"": 0.0, ""173"": 0.0, ""91"": 0.0, ""176"": 0.0, ""123"": 0.0, ""22"": 0.0, ""195"": 0.0, ""205"": 0.0, ""113"": 0.0, ""101"": 0.0, ""200"": 0.0, ""24"": 0.0, ""186"": 0.0, ""58"": 0.0, ""124"": 0.0, ""174"": 0.0, ""99"": 0.0, ""198"": 0.0, ""139"": 0.0, ""141"": 0.0, ""89"": 0.0, ""159"": 0.0, ""202"": 0.0, ""63"": 0.0, ""118"": 0.0, ""76"": 0.0, ""13"": 0.0, ""36"": 0.0, ""122"": 0.0, ""235"": 0.0, ""155"": 0.0, ""224"": 0.0, ""31"": 0.0, ""167"": 0.0, ""226"": 0.0, ""178"": 0.0, ""153"": 0.0, ""207"": 0.0, ""93"": 0.0, ""6"": 0.0, ""23"": 0.0, ""214"": 0.0, ""149"": 0.0, ""171"": 0.0, ""17"": 0.0, ""41"": 0.0, ""53"": 0.0, ""85"": 0.0, ""57"": 0.0, ""75"": 0.0, ""26"": 0.0, ""225"": 0.0, ""150"": 0.0, ""134"": 0.0, ""7"": 0.0, ""220"": 0.0, ""18"": 0.0, ""77"": 0.0, ""127"": 0.0, ""211"": 0.0, ""208"": 0.0, ""-1"": 0.01, ""8"": 0.0, ""32"": 0.0, ""78"": 0.0, ""161"": 0.0, ""120"": 0.0, ""29"": 0.0, ""114"": 0.0, ""52"": 0.0, ""218"": 0.0, ""151"": 0.0, ""163"": 0.0, ""154"": 0.0, ""182"": 0.0, ""107"": 0.0, ""64"": 0.0, ""179"": 0.0, ""74"": 0.0, ""70"": 0.0, ""230"": 0.0, ""147"": 0.0, ""96"": 0.0, ""9"": 0.0, ""201"": 0.0, ""203"": 0.0, ""71"": 0.0, ""38"": 0.0, ""166"": 0.0, ""102"": 0.0, ""199"": 0.0, ""46"": 0.0, ""84"": 0.0, ""79"": 0.0, ""162"": 0.0, ""145"": 0.0, ""177"": 0.0, ""188"": 0.0, ""223"": 0.0, ""55"": 0.0, ""4"": 0.0, ""103"": 0.0, ""231"": 0.0, ""25"": 0.0, ""135"": 0.0, ""95"": 0.0, ""81"": 0.0, ""48"": 0.0, ""168"": 0.0, ""185"": 0.0, ""35"": 0.0, ""100"": 0.0}",jev-1.13.0,e4f785129f99b102c435acf2294f8c26dd9a1f3928737476eaa4cf19bc719aa7
semantic-experiment:sentence5:bge:q70:v1:2397177249:000000178000-000000398480,234,semantic:bge:leaf-local-6-2:42:234,AI muudab üksikettevõtluse lihtsamaks,0.99,0.99,"{""114"": 0.0, ""113"": 0.0, ""213"": 0.0, ""81"": 0.0, ""191"": 0.0, ""49"": 0.0, ""24"": 0.0, ""139"": 0.0, ""5"": 0.0, ""227"": 0.0, ""132"": 0.0, ""87"": 0.0, ""145"": 0.0, ""209"": 0.0, ""98"": 0.0, ""103"": 0.0, ""138"": 0.0, ""212"": 0.0, ""3"": 0.0, ""11"": 0.0, ""44"": 0.0, ""194"": 0.0, ""231"": 0.0, ""164"": 0.0, ""165"": 0.0, ""104"": 0.0, ""226"": 0.0, ""82"": 0.0, ""67"": 0.0, ""217"": 0.0, ""177"": 0.0, ""142"": 0.0, ""134"": 0.0, ""218"": 0.0, ""74"": 0.0, ""161"": 0.0, ""65"": 0.0, ""129"": 0.0, ""176"": 0.0, ""18"": 0.0, ""190"": 0.0, ""70"": 0.0, ""153"": 0.0, ""101"": 0.0, ""204"": 0.0, ""122"": 0.0, ""216"": 0.0, ""53"": 0.0, ""162"": 0.0, ""21"": 0.0, ""93"": 0.0, ""42"": 0.0, ""36"": 0.0, ""224"": 0.0, ""75"": 0.0, ""229"": 0.0, ""149"": 0.0, ""32"": 0.0, ""97"": 0.0, ""35"": 0.0, ""84"": 0.0, ""73"": 0.0, ""158"": 0.0, ""159"": 0.0, ""96"": 0.0, ""41"": 0.0, ""225"": 0.0, ""124"": 0.0, ""128"": 0.0, ""88"": 0.0, ""207"": 0.0, ""173"": 0.0, ""230"": 0.0, ""80"": 0.0, ""141"": 0.0, ""16"": 0.0, ""48"": 0.0, ""232"": 0.0, ""137"": 0.0, ""0"": 0.0, ""116"": 0.0, ""182"": 0.0, ""205"": 0.0, ""193"": 0.0, ""223"": 0.0, ""144"": 0.0, ""22"": 0.0, ""76"": 0.0, ""117"": 0.0, ""30"": 0.0, ""40"": 0.0, ""39"": 0.0, ""187"": 0.0, ""140"": 0.0, ""119"": 0.0, ""34"": 0.0, ""146"": 0.0, ""147"": 0.0, ""163"": 0.0, ""143"": 0.0, ""77"": 0.0, ""188"": 0.0, ""133"": 0.0, ""72"": 0.0, ""198"": 0.0, ""109"": 0.0, ""61"": 0.0, ""59"": 0.0, ""51"": 0.0, ""10"": 0.0, ""156"": 0.0, ""192"": 0.0, ""102"": 0.0, ""154"": 0.0, ""186"": 0.0, ""123"": 0.0, ""4"": 0.0, ""8"": 0.0, ""1"": 0.0, ""69"": 0.0, ""201"": 0.0, ""152"": 0.0, ""108"": 0.0, ""171"": 0.0, ""174"": 0.0, ""86"": 0.0, ""126"": 0.0, ""94"": 0.0, ""111"": 0.0, ""23"": 0.0, ""148"": 0.0, ""233"": 0.0, ""110"": 0.0, ""195"": 0.0, ""172"": 0.0, ""64"": 0.0, ""185"": 0.0, ""202"": 0.0, ""55"": 0.0, ""211"": 0.0, ""115"": 0.0, ""120"": 0.0, ""79"": 0.0, ""181"": 0.0, ""58"": 0.0, ""62"": 0.0, ""20"": 0.0, ""27"": 0.0, ""43"": 0.0, ""168"": 0.0, ""71"": 0.0, ""234"": 0.99, ""50"": 0.0, ""199"": 0.0, ""222"": 0.0, ""9"": 0.0, ""155"": 0.0, ""179"": 0.0, ""15"": 0.0, ""63"": 0.0, ""92"": 0.0, ""78"": 0.0, ""31"": 0.0, ""25"": 0.0, ""219"": 0.0, ""68"": 0.0, ""221"": 0.0, ""12"": 0.0, ""19"": 0.0, ""151"": 0.0, ""206"": 0.0, ""60"": 0.0, ""45"": 0.0, ""178"": 0.0, ""14"": 0.0, ""89"": 0.0, ""105"": 0.0, ""112"": 0.0, ""106"": 0.0, ""150"": 0.0, ""118"": 0.0, ""125"": 0.0, ""99"": 0.0, ""160"": 0.0, ""47"": 0.0, ""170"": 0.0, ""157"": 0.0, ""37"": 0.0, ""208"": 0.0, ""127"": 0.0, ""210"": 0.0, ""183"": 0.0, ""200"": 0.0, ""121"": 0.0, ""167"": 0.0, ""220"": 0.0, ""57"": 0.0, ""7"": 0.0, ""91"": 0.0, ""13"": 0.0, ""54"": 0.0, ""189"": 0.0, ""215"": 0.0, ""26"": 0.0, ""46"": 0.0, ""100"": 0.0, ""107"": 0.0, ""214"": 0.0, ""130"": 0.0, ""56"": 0.0, ""169"": 0.0, ""166"": 0.0, ""29"": 0.0, ""184"": 0.0, ""90"": 0.0, ""52"": 0.0, ""197"": 0.0, ""131"": 0.0, ""66"": 0.0, ""17"": 0.0, ""-1"": 0.01, ""85"": 0.0, ""180"": 0.0, ""235"": 0.0, ""83"": 0.0, ""95"": 0.0, ""33"": 0.0, ""196"": 0.0, ""28"": 0.0, ""136"": 0.0, ""38"": 0.0, ""6"": 0.0, ""228"": 0.0, ""175"": 0.0, ""135"": 0.0, ""2"": 0.0, ""203"": 0.0}",jev-1.13.0,6d262749b54ad01184de559d0c44720685006139cd2f1a8b63cde66131610951
semantic-experiment:sentence5:bge:q70:v1:2397177249:000000398480-000000492640,186,semantic:bge:leaf-local-6-2:42:186,AI mõju töökorraldusele ja tööturule,0.95,0.94,"{""235"": 0.0, ""64"": 0.0, ""217"": 0.0, ""13"": 0.0, ""190"": 0.0, ""53"": 0.0, ""230"": 0.0, ""156"": 0.0, ""212"": 0.0, ""166"": 0.0, ""112"": 0.0, ""50"": 0.0, ""195"": 0.0, ""68"": 0.0, ""139"": 0.0, ""213"": 0.0, ""28"": 0.0, ""17"": 0.0, ""96"": 0.0, ""38"": 0.0, ""133"": 0.0, ""185"": 0.0, ""5"": 0.0, ""24"": 0.0, ""194"": 0.0, ""65"": 0.0, ""124"": 0.0, ""91"": 0.0, ""-1"": 0.0, ""228"": 0.0, ""57"": 0.0, ""227"": 0.0, ""108"": 0.0, ""74"": 0.0, ""63"": 0.0, ""123"": 0.0, ""134"": 0.0, ""116"": 0.0, ""32"": 0.0, ""234"": 0.0, ""216"": 0.0, ""72"": 0.0, ""62"": 0.0, ""127"": 0.0, ""193"": 0.0, ""225"": 0.0, ""203"": 0.0, ""121"": 0.0, ""208"": 0.0, ""145"": 0.0, ""106"": 0.0, ""181"": 0.0, ""204"": 0.0, ""44"": 0.0, ""128"": 0.0, ""141"": 0.0, ""135"": 0.0, ""170"": 0.0, ""47"": 0.0, ""191"": 0.0, ""129"": 0.0, ""7"": 0.0, ""115"": 0.0, ""107"": 0.0, ""214"": 0.0, ""25"": 0.0, ""58"": 0.0, ""78"": 0.0, ""76"": 0.0, ""98"": 0.0, ""83"": 0.0, ""182"": 0.0, ""70"": 0.0, ""51"": 0.0, ""14"": 0.0, ""157"": 0.0, ""110"": 0.0, ""88"": 0.0, ""137"": 0.0, ""26"": 0.0, ""73"": 0.0, ""169"": 0.0, ""142"": 0.0, ""81"": 0.0, ""3"": 0.0, ""18"": 0.0, ""111"": 0.0, ""12"": 0.0, ""48"": 0.0, ""132"": 0.0, ""49"": 0.0, ""224"": 0.0, ""60"": 0.0, ""10"": 0.0, ""46"": 0.0, ""207"": 0.0, ""90"": 0.0, ""41"": 0.0, ""153"": 0.0, ""188"": 0.0, ""136"": 0.0, ""161"": 0.0, ""85"": 0.0, ""102"": 0.0, ""138"": 0.0, ""221"": 0.0, ""6"": 0.0, ""59"": 0.0, ""131"": 0.0, ""211"": 0.0, ""79"": 0.0, ""163"": 0.0, ""197"": 0.0, ""120"": 0.0, ""1"": 0.0, ""8"": 0.0, ""171"": 0.0, ""150"": 0.0, ""220"": 0.0, ""2"": 0.0, ""232"": 0.0, ""118"": 0.0, ""67"": 0.0, ""39"": 0.0, ""130"": 0.0, ""80"": 0.0, ""93"": 0.0, ""103"": 0.0, ""77"": 0.0, ""140"": 0.0, ""71"": 0.0, ""183"": 0.0, ""162"": 0.0, ""196"": 0.0, ""114"": 0.0, ""95"": 0.0, ""179"": 0.0, ""186"": 0.95, ""55"": 0.0, ""35"": 0.0, ""152"": 0.0, ""4"": 0.0, ""176"": 0.0, ""22"": 0.0, ""201"": 0.0, ""23"": 0.0, ""177"": 0.0, ""226"": 0.0, ""61"": 0.0, ""75"": 0.0, ""144"": 0.0, ""40"": 0.0, ""126"": 0.0, ""43"": 0.0, ""33"": 0.0, ""113"": 0.0, ""148"": 0.0, ""16"": 0.0, ""174"": 0.0, ""167"": 0.0, ""109"": 0.0, ""42"": 0.0, ""180"": 0.0, ""147"": 0.0, ""29"": 0.0, ""200"": 0.0, ""149"": 0.0, ""199"": 0.0, ""209"": 0.0, ""56"": 0.0, ""229"": 0.0, ""233"": 0.0, ""210"": 0.0, ""215"": 0.0, ""87"": 0.0, ""154"": 0.0, ""175"": 0.0, ""125"": 0.0, ""92"": 0.0, ""105"": 0.0, ""117"": 0.0, ""160"": 0.0, ""146"": 0.0, ""27"": 0.0, ""172"": 0.0, ""187"": 0.0, ""173"": 0.0, ""159"": 0.0, ""86"": 0.0, ""15"": 0.0, ""206"": 0.0, ""178"": 0.0, ""19"": 0.0, ""158"": 0.0, ""202"": 0.01, ""99"": 0.0, ""97"": 0.0, ""231"": 0.0, ""219"": 0.0, ""52"": 0.0, ""54"": 0.0, ""31"": 0.0, ""9"": 0.0, ""94"": 0.0, ""218"": 0.0, ""222"": 0.0, ""155"": 0.04, ""66"": 0.0, ""122"": 0.0, ""168"": 0.0, ""21"": 0.0, ""11"": 0.0, ""184"": 0.0, ""104"": 0.0, ""0"": 0.0, ""101"": 0.0, ""100"": 0.0, ""37"": 0.0, ""164"": 0.0, ""119"": 0.0, ""205"": 0.0, ""151"": 0.0, ""223"": 0.0, ""30"": 0.0, ""198"": 0.0, ""165"": 0.0, ""143"": 0.0, ""20"": 0.0, ""189"": 0.0, ""45"": 0.0, ""89"": 0.0, ""69"": 0.0, ""192"": 0.0, ""84"": 0.0, ""34"": 0.0, ""82"": 0.0, ""36"": 0.0}",jev-1.13.0,eacfaa4ba46cd34f3d0f41a5d8f141a3d0dcb3861c0e90b4ef30e1dafecd9a64
semantic-experiment:sentence5:bge:q70:v1:2397177249:000000492640-000000555760,186,semantic:bge:leaf-local-6-2:42:186,AI mõju töökorraldusele ja tööturule,0.63,0.62,"{""198"": 0.0, ""104"": 0.0, ""2"": 0.0, ""193"": 0.0, ""202"": 0.0, ""234"": 0.0, ""65"": 0.0, ""34"": 0.0, ""71"": 0.0, ""4"": 0.0, ""124"": 0.0, ""160"": 0.0, ""131"": 0.0, ""204"": 0.0, ""106"": 0.0, ""212"": 0.0, ""217"": 0.0, ""93"": 0.0, ""98"": 0.01, ""63"": 0.0, ""119"": 0.0, ""79"": 0.0, ""177"": 0.0, ""189"": 0.0, ""3"": 0.0, ""152"": 0.0, ""225"": 0.0, ""118"": 0.0, ""78"": 0.0, ""9"": 0.0, ""114"": 0.0, ""26"": 0.0, ""27"": 0.0, ""221"": 0.0, ""53"": 0.0, ""40"": 0.0, ""178"": 0.0, ""157"": 0.0, ""21"": 0.0, ""181"": 0.0, ""62"": 0.0, ""33"": 0.0, ""30"": 0.0, ""147"": 0.0, ""94"": 0.0, ""7"": 0.0, ""123"": 0.0, ""172"": 0.0, ""91"": 0.0, ""54"": 0.0, ""59"": 0.0, ""77"": 0.0, ""215"": 0.0, ""66"": 0.0, ""16"": 0.0, ""42"": 0.0, ""117"": 0.0, ""159"": 0.0, ""35"": 0.0, ""10"": 0.0, ""116"": 0.0, ""76"": 0.0, ""196"": 0.0, ""233"": 0.0, ""37"": 0.0, ""201"": 0.0, ""224"": 0.0, ""99"": 0.01, ""135"": 0.0, ""191"": 0.0, ""61"": 0.0, ""235"": 0.0, ""-1"": 0.3, ""110"": 0.0, ""89"": 0.0, ""5"": 0.0, ""220"": 0.0, ""162"": 0.0, ""168"": 0.0, ""133"": 0.0, ""163"": 0.0, ""208"": 0.0, ""228"": 0.0, ""195"": 0.0, ""102"": 0.0, ""158"": 0.0, ""68"": 0.0, ""200"": 0.0, ""231"": 0.0, ""171"": 0.0, ""145"": 0.0, ""90"": 0.0, ""36"": 0.0, ""80"": 0.0, ""211"": 0.0, ""45"": 0.0, ""174"": 0.0, ""232"": 0.0, ""95"": 0.0, ""146"": 0.0, ""67"": 0.0, ""164"": 0.0, ""32"": 0.0, ""156"": 0.0, ""75"": 0.0, ""31"": 0.0, ""22"": 0.0, ""0"": 0.0, ""203"": 0.0, ""153"": 0.0, ""81"": 0.0, ""111"": 0.0, ""190"": 0.0, ""83"": 0.0, ""206"": 0.0, ""227"": 0.0, ""58"": 0.0, ""223"": 0.0, ""173"": 0.0, ""70"": 0.0, ""197"": 0.0, ""175"": 0.0, ""97"": 0.01, ""109"": 0.0, ""8"": 0.0, ""25"": 0.0, ""161"": 0.0, ""19"": 0.0, ""130"": 0.0, ""194"": 0.0, ""226"": 0.0, ""149"": 0.0, ""14"": 0.0, ""92"": 0.0, ""219"": 0.0, ""86"": 0.0, ""142"": 0.0, ""125"": 0.0, ""134"": 0.0, ""205"": 0.0, ""144"": 0.0, ""182"": 0.0, ""128"": 0.0, ""49"": 0.0, ""103"": 0.0, ""44"": 0.0, ""126"": 0.0, ""57"": 0.0, ""179"": 0.0, ""51"": 0.0, ""132"": 0.0, ""23"": 0.0, ""55"": 0.0, ""64"": 0.0, ""138"": 0.0, ""155"": 0.02, ""230"": 0.0, ""11"": 0.0, ""112"": 0.0, ""218"": 0.0, ""52"": 0.0, ""85"": 0.0, ""214"": 0.0, ""50"": 0.0, ""15"": 0.0, ""139"": 0.0, ""121"": 0.0, ""38"": 0.0, ""60"": 0.02, ""169"": 0.0, ""29"": 0.0, ""41"": 0.0, ""207"": 0.0, ""167"": 0.0, ""69"": 0.0, ""199"": 0.0, ""72"": 0.0, ""74"": 0.0, ""13"": 0.0, ""43"": 0.0, ""229"": 0.0, ""140"": 0.0, ""209"": 0.0, ""1"": 0.0, ""82"": 0.0, ""20"": 0.0, ""101"": 0.0, ""88"": 0.0, ""96"": 0.0, ""100"": 0.0, ""108"": 0.0, ""87"": 0.0, ""129"": 0.0, ""186"": 0.63, ""48"": 0.0, ""47"": 0.0, ""141"": 0.0, ""56"": 0.0, ""122"": 0.0, ""137"": 0.0, ""150"": 0.0, ""183"": 0.0, ""12"": 0.0, ""151"": 0.0, ""127"": 0.0, ""213"": 0.0, ""210"": 0.0, ""120"": 0.0, ""113"": 0.0, ""188"": 0.0, ""165"": 0.0, ""180"": 0.0, ""107"": 0.0, ""222"": 0.0, ""28"": 0.0, ""46"": 0.0, ""39"": 0.0, ""17"": 0.0, ""192"": 0.0, ""170"": 0.0, ""18"": 0.0, ""148"": 0.0, ""176"": 0.0, ""143"": 0.0, ""154"": 0.0, ""216"": 0.0, ""105"": 0.0, ""187"": 0.0, ""84"": 0.0, ""73"": 0.0, ""166"": 0.0, ""184"": 0.0, ""24"": 0.0, ""136"": 0.0, ""115"": 0.0, ""185"": 0.0, ""6"": 0.0}",jev-1.13.0,d8f37ac3abae469df8671c70af09a3d2c75db033c21a7d8fc57ec063cc3f905b
semantic-experiment:sentence5:bge:q70:v1:2397177249:000000555760-000000628600,-1,semantic:bge:leaf-local-6-2:42:-1,Unassigned,0.6,0.58,"{""10"": 0.0, ""183"": 0.0, ""117"": 0.0, ""114"": 0.0, ""14"": 0.0, ""131"": 0.0, ""167"": 0.0, ""51"": 0.0, ""125"": 0.0, ""225"": 0.0, ""206"": 0.0, ""180"": 0.0, ""197"": 0.0, ""127"": 0.0, ""185"": 0.0, ""49"": 0.0, ""3"": 0.0, ""98"": 0.01, ""166"": 0.0, ""192"": 0.0, ""221"": 0.0, ""160"": 0.0, ""34"": 0.0, ""146"": 0.0, ""8"": 0.0, ""80"": 0.0, ""218"": 0.0, ""79"": 0.0, ""148"": 0.0, ""85"": 0.0, ""153"": 0.0, ""162"": 0.0, ""198"": 0.0, ""124"": 0.0, ""109"": 0.0, ""200"": 0.0, ""152"": 0.0, ""94"": 0.0, ""220"": 0.0, ""58"": 0.0, ""121"": 0.0, ""156"": 0.0, ""196"": 0.0, ""20"": 0.0, ""74"": 0.0, ""226"": 0.0, ""61"": 0.0, ""16"": 0.0, ""48"": 0.0, ""230"": 0.0, ""69"": 0.0, ""99"": 0.01, ""75"": 0.0, ""0"": 0.0, ""116"": 0.05, ""212"": 0.0, ""235"": 0.0, ""134"": 0.0, ""26"": 0.0, ""102"": 0.0, ""217"": 0.13, ""211"": 0.0, ""118"": 0.0, ""62"": 0.0, ""12"": 0.0, ""54"": 0.0, ""233"": 0.0, ""165"": 0.0, ""161"": 0.0, ""40"": 0.0, ""100"": 0.0, ""189"": 0.0, ""133"": 0.0, ""59"": 0.0, ""30"": 0.0, ""50"": 0.0, ""210"": 0.0, ""53"": 0.0, ""139"": 0.0, ""76"": 0.0, ""229"": 0.0, ""142"": 0.0, ""119"": 0.0, ""150"": 0.0, ""6"": 0.0, ""145"": 0.0, ""137"": 0.0, ""179"": 0.0, ""155"": 0.0, ""91"": 0.0, ""101"": 0.0, ""9"": 0.0, ""187"": 0.0, ""135"": 0.0, ""97"": 0.01, ""23"": 0.0, ""1"": 0.0, ""47"": 0.0, ""208"": 0.0, ""174"": 0.0, ""57"": 0.0, ""27"": 0.0, ""39"": 0.0, ""188"": 0.0, ""224"": 0.0, ""216"": 0.0, ""19"": 0.0, ""159"": 0.0, ""35"": 0.0, ""205"": 0.0, ""154"": 0.0, ""175"": 0.0, ""203"": 0.0, ""72"": 0.0, ""138"": 0.0, ""90"": 0.0, ""140"": 0.0, ""194"": 0.0, ""38"": 0.0, ""56"": 0.0, ""77"": 0.0, ""123"": 0.0, ""2"": 0.0, ""24"": 0.0, ""68"": 0.02, ""96"": 0.0, ""43"": 0.0, ""168"": 0.0, ""92"": 0.0, ""213"": 0.0, ""113"": 0.0, ""171"": 0.0, ""33"": 0.0, ""128"": 0.0, ""22"": 0.0, ""13"": 0.0, ""111"": 0.0, ""234"": 0.12, ""181"": 0.0, ""231"": 0.0, ""129"": 0.0, ""223"": 0.0, ""83"": 0.0, ""195"": 0.0, ""173"": 0.0, ""103"": 0.0, ""147"": 0.0, ""190"": 0.0, ""199"": 0.0, ""191"": 0.0, ""209"": 0.0, ""106"": 0.0, ""66"": 0.0, ""141"": 0.0, ""201"": 0.0, ""122"": 0.0, ""37"": 0.0, ""172"": 0.0, ""46"": 0.0, ""126"": 0.0, ""151"": 0.0, ""143"": 0.0, ""82"": 0.0, ""232"": 0.0, ""15"": 0.0, ""105"": 0.0, ""41"": 0.0, ""60"": 0.0, ""64"": 0.0, ""31"": 0.0, ""132"": 0.0, ""55"": 0.0, ""65"": 0.0, ""176"": 0.0, ""17"": 0.0, ""219"": 0.0, ""136"": 0.0, ""157"": 0.02, ""70"": 0.0, ""163"": 0.0, ""25"": 0.0, ""28"": 0.0, ""36"": 0.0, ""21"": 0.0, ""108"": 0.0, ""169"": 0.0, ""11"": 0.0, ""67"": 0.0, ""158"": 0.0, ""110"": 0.0, ""81"": 0.0, ""186"": 0.03, ""228"": 0.0, ""71"": 0.0, ""95"": 0.0, ""184"": 0.0, ""44"": 0.0, ""78"": 0.0, ""-1"": 0.6, ""112"": 0.0, ""215"": 0.0, ""130"": 0.0, ""84"": 0.0, ""149"": 0.0, ""227"": 0.0, ""104"": 0.0, ""45"": 0.0, ""178"": 0.0, ""7"": 0.0, ""4"": 0.0, ""182"": 0.0, ""93"": 0.0, ""107"": 0.0, ""207"": 0.0, ""202"": 0.0, ""73"": 0.0, ""32"": 0.0, ""63"": 0.0, ""86"": 0.0, ""222"": 0.0, ""88"": 0.0, ""52"": 0.0, ""89"": 0.0, ""164"": 0.0, ""87"": 0.0, ""29"": 0.0, ""120"": 0.0, ""170"": 0.0, ""18"": 0.0, ""144"": 0.0, ""177"": 0.0, ""115"": 0.0, ""193"": 0.0, ""214"": 0.0, ""5"": 0.0, ""204"": 0.0, ""42"": 0.0}",jev-1.13.0,755ab441ef2a0b839988e1d9c0c48f56056f8423c1d209d972c6282c6522869a
semantic-experiment:sentence5:bge:q70:v1:2397177249:000000628600-000000870920,234,semantic:bge:leaf-local-6-2:42:234,AI muudab üksikettevõtluse lihtsamaks,0.59,0.58,"{""170"": 0.01, ""129"": 0.0, ""22"": 0.0, ""220"": 0.0, ""78"": 0.0, ""70"": 0.0, ""106"": 0.0, ""30"": 0.0, ""80"": 0.0, ""9"": 0.0, ""147"": 0.0, ""134"": 0.0, ""117"": 0.0, ""136"": 0.0, ""2"": 0.0, ""114"": 0.0, ""26"": 0.0, ""123"": 0.0, ""79"": 0.0, ""126"": 0.0, ""13"": 0.0, ""113"": 0.0, ""166"": 0.0, ""223"": 0.0, ""38"": 0.0, ""67"": 0.0, ""208"": 0.0, ""181"": 0.0, ""197"": 0.0, ""216"": 0.0, ""108"": 0.0, ""165"": 0.0, ""105"": 0.0, ""65"": 0.0, ""94"": 0.0, ""15"": 0.0, ""120"": 0.0, ""124"": 0.0, ""128"": 0.0, ""226"": 0.0, ""222"": 0.0, ""159"": 0.0, ""172"": 0.0, ""235"": 0.0, ""200"": 0.0, ""231"": 0.0, ""175"": 0.0, ""209"": 0.0, ""85"": 0.0, ""8"": 0.0, ""139"": 0.0, ""46"": 0.0, ""212"": 0.0, ""17"": 0.0, ""68"": 0.0, ""146"": 0.0, ""161"": 0.0, ""144"": 0.0, ""202"": 0.0, ""122"": 0.0, ""37"": 0.0, ""131"": 0.0, ""183"": 0.0, ""50"": 0.0, ""23"": 0.0, ""207"": 0.0, ""148"": 0.0, ""71"": 0.0, ""150"": 0.0, ""205"": 0.0, ""99"": 0.0, ""121"": 0.0, ""118"": 0.0, ""90"": 0.0, ""63"": 0.0, ""112"": 0.0, ""232"": 0.0, ""12"": 0.0, ""187"": 0.0, ""44"": 0.0, ""130"": 0.0, ""155"": 0.0, ""102"": 0.0, ""228"": 0.0, ""93"": 0.0, ""69"": 0.0, ""18"": 0.0, ""196"": 0.0, ""188"": 0.0, ""171"": 0.0, ""174"": 0.0, ""75"": 0.0, ""14"": 0.0, ""211"": 0.0, ""55"": 0.0, ""204"": 0.0, ""32"": 0.0, ""89"": 0.0, ""25"": 0.0, ""35"": 0.0, ""40"": 0.0, ""135"": 0.0, ""195"": 0.0, ""110"": 0.0, ""178"": 0.0, ""34"": 0.0, ""16"": 0.0, ""176"": 0.0, ""74"": 0.0, ""133"": 0.0, ""193"": 0.0, ""225"": 0.0, ""77"": 0.0, ""156"": 0.0, ""21"": 0.0, ""201"": 0.0, ""230"": 0.0, ""213"": 0.0, ""20"": 0.0, ""111"": 0.0, ""149"": 0.0, ""219"": 0.0, ""138"": 0.0, ""91"": 0.0, ""218"": 0.0, ""7"": 0.0, ""153"": 0.0, ""83"": 0.0, ""53"": 0.0, ""66"": 0.0, ""184"": 0.0, ""95"": 0.0, ""127"": 0.0, ""107"": 0.0, ""198"": 0.0, ""163"": 0.0, ""186"": 0.02, ""210"": 0.0, ""162"": 0.0, ""76"": 0.0, ""119"": 0.0, ""145"": 0.0, ""45"": 0.0, ""0"": 0.0, ""86"": 0.0, ""158"": 0.0, ""224"": 0.0, ""24"": 0.0, ""206"": 0.0, ""58"": 0.0, ""185"": 0.0, ""191"": 0.0, ""27"": 0.0, ""103"": 0.0, ""52"": 0.0, ""19"": 0.0, ""48"": 0.0, ""-1"": 0.01, ""154"": 0.0, ""116"": 0.0, ""142"": 0.0, ""180"": 0.0, ""54"": 0.0, ""64"": 0.0, ""28"": 0.0, ""33"": 0.0, ""10"": 0.0, ""173"": 0.0, ""62"": 0.0, ""51"": 0.0, ""115"": 0.0, ""6"": 0.0, ""47"": 0.0, ""192"": 0.0, ""92"": 0.0, ""87"": 0.0, ""152"": 0.0, ""160"": 0.0, ""182"": 0.0, ""59"": 0.0, ""141"": 0.0, ""61"": 0.0, ""84"": 0.0, ""151"": 0.0, ""5"": 0.0, ""125"": 0.0, ""29"": 0.0, ""31"": 0.0, ""214"": 0.0, ""189"": 0.0, ""41"": 0.0, ""229"": 0.0, ""157"": 0.0, ""3"": 0.0, ""168"": 0.0, ""11"": 0.0, ""104"": 0.0, ""137"": 0.0, ""96"": 0.0, ""143"": 0.0, ""72"": 0.0, ""233"": 0.0, ""164"": 0.0, ""190"": 0.0, ""39"": 0.0, ""97"": 0.0, ""203"": 0.0, ""109"": 0.0, ""81"": 0.0, ""49"": 0.0, ""215"": 0.0, ""227"": 0.0, ""43"": 0.0, ""36"": 0.0, ""60"": 0.0, ""88"": 0.0, ""1"": 0.0, ""56"": 0.0, ""132"": 0.0, ""42"": 0.0, ""199"": 0.37, ""57"": 0.0, ""101"": 0.0, ""73"": 0.0, ""140"": 0.0, ""194"": 0.0, ""167"": 0.0, ""177"": 0.0, ""98"": 0.0, ""169"": 0.0, ""4"": 0.0, ""82"": 0.0, ""221"": 0.0, ""217"": 0.0, ""179"": 0.0, ""100"": 0.0, ""234"": 0.59}",jev-1.13.0,a3d379e98f243aae0270ee2cd0de28c6da3655a8e0a85d273ba2a728a4bd9dd8
semantic-experiment:sentence5:bge:q70:v1:2397177249:000000870920-000000999680,186,semantic:bge:leaf-local-6-2:42:186,AI mõju töökorraldusele ja tööturule,0.9,0.89,"{""132"": 0.0, ""195"": 0.0, ""96"": 0.0, ""59"": 0.0, ""65"": 0.0, ""52"": 0.0, ""121"": 0.0, ""4"": 0.0, ""209"": 0.0, ""189"": 0.0, ""131"": 0.0, ""1"": 0.0, ""147"": 0.0, ""51"": 0.0, ""45"": 0.0, ""102"": 0.0, ""42"": 0.0, ""207"": 0.0, ""75"": 0.0, ""138"": 0.0, ""39"": 0.0, ""151"": 0.0, ""41"": 0.0, ""176"": 0.0, ""92"": 0.0, ""2"": 0.0, ""19"": 0.0, ""56"": 0.0, ""192"": 0.0, ""91"": 0.0, ""159"": 0.0, ""101"": 0.0, ""61"": 0.0, ""141"": 0.0, ""228"": 0.0, ""24"": 0.0, ""165"": 0.0, ""50"": 0.0, ""22"": 0.0, ""37"": 0.0, ""216"": 0.0, ""217"": 0.0, ""34"": 0.0, ""197"": 0.0, ""201"": 0.0, ""230"": 0.0, ""222"": 0.0, ""232"": 0.0, ""231"": 0.0, ""97"": 0.0, ""158"": 0.0, ""32"": 0.0, ""29"": 0.0, ""149"": 0.0, ""210"": 0.0, ""157"": 0.0, ""40"": 0.0, ""105"": 0.0, ""113"": 0.0, ""49"": 0.0, ""190"": 0.0, ""215"": 0.0, ""182"": 0.0, ""162"": 0.0, ""143"": 0.0, ""155"": 0.0, ""94"": 0.0, ""153"": 0.0, ""66"": 0.0, ""8"": 0.0, ""194"": 0.0, ""115"": 0.0, ""206"": 0.0, ""35"": 0.0, ""7"": 0.0, ""145"": 0.0, ""140"": 0.0, ""199"": 0.0, ""25"": 0.0, ""170"": 0.0, ""110"": 0.0, ""225"": 0.0, ""173"": 0.0, ""234"": 0.09999999999999999, ""191"": 0.0, ""193"": 0.0, ""186"": 0.9, ""67"": 0.0, ""202"": 0.0, ""196"": 0.0, ""109"": 0.0, ""70"": 0.0, ""38"": 0.0, ""183"": 0.0, ""126"": 0.0, ""122"": 0.0, ""48"": 0.0, ""181"": 0.0, ""163"": 0.0, ""184"": 0.0, ""135"": 0.0, ""12"": 0.0, ""72"": 0.0, ""120"": 0.0, ""90"": 0.0, ""137"": 0.0, ""55"": 0.0, ""169"": 0.0, ""74"": 0.0, ""187"": 0.0, ""83"": 0.0, ""77"": 0.0, ""203"": 0.0, ""198"": 0.0, ""33"": 0.0, ""117"": 0.0, ""223"": 0.0, ""82"": 0.0, ""130"": 0.0, ""204"": 0.0, ""57"": 0.0, ""-1"": 0.0, ""124"": 0.0, ""21"": 0.0, ""86"": 0.0, ""171"": 0.0, ""5"": 0.0, ""185"": 0.0, ""26"": 0.0, ""123"": 0.0, ""79"": 0.0, ""118"": 0.0, ""188"": 0.0, ""58"": 0.0, ""62"": 0.0, ""81"": 0.0, ""14"": 0.0, ""76"": 0.0, ""218"": 0.0, ""156"": 0.0, ""211"": 0.0, ""87"": 0.0, ""235"": 0.0, ""36"": 0.0, ""233"": 0.0, ""128"": 0.0, ""178"": 0.0, ""85"": 0.0, ""16"": 0.0, ""107"": 0.0, ""47"": 0.0, ""108"": 0.0, ""0"": 0.0, ""69"": 0.0, ""177"": 0.0, ""64"": 0.0, ""119"": 0.0, ""104"": 0.0, ""208"": 0.0, ""99"": 0.0, ""224"": 0.0, ""106"": 0.0, ""152"": 0.0, ""112"": 0.0, ""220"": 0.0, ""17"": 0.0, ""168"": 0.0, ""114"": 0.0, ""60"": 0.0, ""213"": 0.0, ""116"": 0.0, ""9"": 0.0, ""179"": 0.0, ""78"": 0.0, ""3"": 0.0, ""95"": 0.0, ""71"": 0.0, ""227"": 0.0, ""31"": 0.0, ""23"": 0.0, ""200"": 0.0, ""13"": 0.0, ""98"": 0.0, ""226"": 0.0, ""229"": 0.0, ""164"": 0.0, ""139"": 0.0, ""63"": 0.0, ""11"": 0.0, ""125"": 0.0, ""133"": 0.0, ""129"": 0.0, ""142"": 0.0, ""43"": 0.0, ""175"": 0.0, ""27"": 0.0, ""136"": 0.0, ""167"": 0.0, ""20"": 0.0, ""84"": 0.0, ""219"": 0.0, ""93"": 0.0, ""172"": 0.0, ""212"": 0.0, ""100"": 0.0, ""46"": 0.0, ""28"": 0.0, ""166"": 0.0, ""88"": 0.0, ""144"": 0.0, ""30"": 0.0, ""148"": 0.0, ""103"": 0.0, ""127"": 0.0, ""80"": 0.0, ""180"": 0.0, ""53"": 0.0, ""6"": 0.0, ""73"": 0.0, ""146"": 0.0, ""160"": 0.0, ""44"": 0.0, ""150"": 0.0, ""10"": 0.0, ""89"": 0.0, ""68"": 0.0, ""214"": 0.0, ""221"": 0.0, ""18"": 0.0, ""15"": 0.0, ""134"": 0.0, ""154"": 0.0, ""174"": 0.0, ""111"": 0.0, ""205"": 0.0, ""54"": 0.0, ""161"": 0.0}",jev-1.13.0,ab3a6f817d934f7adf32100bddc6d430d4d88db1183cfc6c0a2cc58379188e77
semantic-experiment:sentence5:bge:q70:v1:2397177249:000000999680-000001154160,186,semantic:bge:leaf-local-6-2:42:186,AI mõju töökorraldusele ja tööturule,0.98,0.97,"{""235"": 0.0, ""64"": 0.0, ""190"": 0.0, ""13"": 0.0, ""217"": 0.0, ""53"": 0.0, ""230"": 0.0, ""156"": 0.0, ""112"": 0.0, ""166"": 0.0, ""212"": 0.0, ""50"": 0.0, ""195"": 0.0, ""139"": 0.0, ""68"": 0.0, ""213"": 0.0, ""17"": 0.0, ""28"": 0.0, ""96"": 0.0, ""38"": 0.0, ""133"": 0.0, ""185"": 0.0, ""5"": 0.0, ""24"": 0.0, ""194"": 0.0, ""65"": 0.0, ""124"": 0.0, ""91"": 0.0, ""-1"": 0.02, ""228"": 0.0, ""57"": 0.0, ""227"": 0.0, ""108"": 0.0, ""63"": 0.0, ""74"": 0.0, ""123"": 0.0, ""116"": 0.0, ""134"": 0.0, ""32"": 0.0, ""234"": 0.0, ""216"": 0.0, ""72"": 0.0, ""62"": 0.0, ""127"": 0.0, ""193"": 0.0, ""225"": 0.0, ""203"": 0.0, ""121"": 0.0, ""208"": 0.0, ""145"": 0.0, ""106"": 0.0, ""181"": 0.0, ""204"": 0.0, ""44"": 0.0, ""128"": 0.0, ""191"": 0.0, ""135"": 0.0, ""170"": 0.0, ""47"": 0.0, ""141"": 0.0, ""7"": 0.0, ""129"": 0.0, ""115"": 0.0, ""214"": 0.0, ""107"": 0.0, ""25"": 0.0, ""58"": 0.0, ""78"": 0.0, ""76"": 0.0, ""98"": 0.0, ""83"": 0.0, ""182"": 0.0, ""70"": 0.0, ""51"": 0.0, ""14"": 0.0, ""157"": 0.0, ""110"": 0.0, ""88"": 0.0, ""137"": 0.0, ""26"": 0.0, ""73"": 0.0, ""169"": 0.0, ""142"": 0.0, ""81"": 0.0, ""18"": 0.0, ""12"": 0.0, ""111"": 0.0, ""3"": 0.0, ""48"": 0.0, ""132"": 0.0, ""49"": 0.0, ""224"": 0.0, ""60"": 0.0, ""10"": 0.0, ""46"": 0.0, ""207"": 0.0, ""90"": 0.0, ""41"": 0.0, ""153"": 0.0, ""188"": 0.0, ""6"": 0.0, ""85"": 0.0, ""136"": 0.0, ""102"": 0.0, ""138"": 0.0, ""221"": 0.0, ""161"": 0.0, ""59"": 0.0, ""163"": 0.0, ""211"": 0.0, ""79"": 0.0, ""131"": 0.0, ""197"": 0.0, ""1"": 0.0, ""120"": 0.0, ""8"": 0.0, ""171"": 0.0, ""150"": 0.0, ""220"": 0.0, ""2"": 0.0, ""232"": 0.0, ""118"": 0.0, ""67"": 0.0, ""39"": 0.0, ""130"": 0.0, ""80"": 0.0, ""103"": 0.0, ""93"": 0.0, ""77"": 0.0, ""140"": 0.0, ""71"": 0.0, ""183"": 0.0, ""114"": 0.0, ""196"": 0.0, ""162"": 0.0, ""95"": 0.0, ""186"": 0.98, ""179"": 0.0, ""55"": 0.0, ""35"": 0.0, ""152"": 0.0, ""4"": 0.0, ""176"": 0.0, ""22"": 0.0, ""201"": 0.0, ""23"": 0.0, ""177"": 0.0, ""40"": 0.0, ""61"": 0.0, ""75"": 0.0, ""144"": 0.0, ""226"": 0.0, ""126"": 0.0, ""43"": 0.0, ""33"": 0.0, ""113"": 0.0, ""148"": 0.0, ""16"": 0.0, ""174"": 0.0, ""167"": 0.0, ""180"": 0.0, ""42"": 0.0, ""109"": 0.0, ""147"": 0.0, ""29"": 0.0, ""149"": 0.0, ""200"": 0.0, ""199"": 0.0, ""209"": 0.0, ""56"": 0.0, ""233"": 0.0, ""229"": 0.0, ""210"": 0.0, ""215"": 0.0, ""87"": 0.0, ""154"": 0.0, ""175"": 0.0, ""125"": 0.0, ""92"": 0.0, ""105"": 0.0, ""117"": 0.0, ""160"": 0.0, ""146"": 0.0, ""27"": 0.0, ""172"": 0.0, ""187"": 0.0, ""173"": 0.0, ""159"": 0.0, ""86"": 0.0, ""15"": 0.0, ""206"": 0.0, ""178"": 0.0, ""19"": 0.0, ""158"": 0.0, ""202"": 0.0, ""99"": 0.0, ""231"": 0.0, ""219"": 0.0, ""97"": 0.0, ""52"": 0.0, ""54"": 0.0, ""31"": 0.0, ""9"": 0.0, ""94"": 0.0, ""218"": 0.0, ""222"": 0.0, ""155"": 0.0, ""66"": 0.0, ""122"": 0.0, ""168"": 0.0, ""21"": 0.0, ""104"": 0.0, ""184"": 0.0, ""11"": 0.0, ""0"": 0.0, ""101"": 0.0, ""100"": 0.0, ""37"": 0.0, ""164"": 0.0, ""119"": 0.0, ""205"": 0.0, ""151"": 0.0, ""223"": 0.0, ""30"": 0.0, ""198"": 0.0, ""165"": 0.0, ""143"": 0.0, ""20"": 0.0, ""189"": 0.0, ""45"": 0.0, ""69"": 0.0, ""89"": 0.0, ""192"": 0.0, ""84"": 0.0, ""34"": 0.0, ""36"": 0.0, ""82"": 0.0}",jev-1.13.0,c7d616b52f5d12e1f2133220d3a580f3b79cd674c09fabc9a729429e17bd4921
semantic-experiment:sentence5:bge:q70:v1:2397177249:000001154160-000001222160,234,semantic:bge:leaf-local-6-2:42:234,AI muudab üksikettevõtluse lihtsamaks,0.96,0.95,"{""92"": 0.0, ""57"": 0.0, ""74"": 0.0, ""85"": 0.0, ""76"": 0.0, ""51"": 0.0, ""75"": 0.0, ""121"": 0.0, ""93"": 0.0, ""82"": 0.0, ""16"": 0.0, ""200"": 0.0, ""128"": 0.0, ""156"": 0.0, ""132"": 0.0, ""198"": 0.0, ""84"": 0.0, ""90"": 0.0, ""201"": 0.0, ""134"": 0.0, ""179"": 0.0, ""222"": 0.0, ""211"": 0.0, ""14"": 0.0, ""60"": 0.0, ""6"": 0.0, ""226"": 0.0, ""223"": 0.0, ""152"": 0.0, ""141"": 0.0, ""59"": 0.0, ""47"": 0.0, ""72"": 0.0, ""202"": 0.0, ""66"": 0.0, ""158"": 0.0, ""34"": 0.0, ""197"": 0.0, ""229"": 0.0, ""56"": 0.0, ""228"": 0.0, ""174"": 0.0, ""227"": 0.0, ""148"": 0.0, ""115"": 0.0, ""136"": 0.0, ""98"": 0.0, ""234"": 0.96, ""30"": 0.0, ""155"": 0.0, ""104"": 0.0, ""38"": 0.0, ""4"": 0.0, ""99"": 0.0, ""213"": 0.0, ""163"": 0.0, ""144"": 0.0, ""78"": 0.0, ""142"": 0.0, ""151"": 0.0, ""154"": 0.0, ""122"": 0.0, ""94"": 0.0, ""117"": 0.0, ""96"": 0.0, ""199"": 0.0, ""105"": 0.0, ""71"": 0.0, ""131"": 0.0, ""140"": 0.0, ""168"": 0.0, ""191"": 0.0, ""194"": 0.0, ""177"": 0.0, ""175"": 0.0, ""45"": 0.0, ""23"": 0.0, ""116"": 0.0, ""145"": 0.0, ""65"": 0.0, ""225"": 0.0, ""184"": 0.0, ""107"": 0.0, ""52"": 0.0, ""215"": 0.0, ""178"": 0.0, ""20"": 0.0, ""185"": 0.0, ""112"": 0.0, ""91"": 0.0, ""70"": 0.0, ""214"": 0.0, ""26"": 0.0, ""106"": 0.0, ""40"": 0.0, ""188"": 0.0, ""235"": 0.0, ""21"": 0.0, ""212"": 0.0, ""48"": 0.0, ""32"": 0.0, ""166"": 0.0, ""169"": 0.0, ""159"": 0.0, ""146"": 0.0, ""167"": 0.0, ""12"": 0.0, ""124"": 0.0, ""97"": 0.0, ""44"": 0.0, ""79"": 0.0, ""3"": 0.0, ""29"": 0.0, ""8"": 0.0, ""103"": 0.0, ""160"": 0.0, ""62"": 0.0, ""137"": 0.0, ""109"": 0.0, ""95"": 0.0, ""176"": 0.0, ""203"": 0.0, ""0"": 0.0, ""17"": 0.0, ""207"": 0.0, ""172"": 0.0, ""5"": 0.0, ""180"": 0.0, ""35"": 0.0, ""2"": 0.0, ""224"": 0.0, ""162"": 0.0, ""130"": 0.0, ""219"": 0.0, ""208"": 0.0, ""28"": 0.0, ""49"": 0.0, ""189"": 0.0, ""101"": 0.0, ""88"": 0.0, ""61"": 0.0, ""183"": 0.0, ""33"": 0.0, ""86"": 0.0, ""233"": 0.0, ""89"": 0.0, ""73"": 0.0, ""125"": 0.0, ""7"": 0.0, ""53"": 0.0, ""39"": 0.0, ""55"": 0.0, ""110"": 0.0, ""64"": 0.0, ""119"": 0.0, ""230"": 0.0, ""216"": 0.0, ""58"": 0.0, ""68"": 0.0, ""18"": 0.0, ""164"": 0.0, ""46"": 0.0, ""129"": 0.0, ""138"": 0.0, ""143"": 0.0, ""165"": 0.0, ""173"": 0.0, ""13"": 0.0, ""147"": 0.0, ""9"": 0.0, ""126"": 0.0, ""204"": 0.0, ""221"": 0.0, ""123"": 0.02, ""218"": 0.0, ""102"": 0.0, ""127"": 0.0, ""42"": 0.0, ""67"": 0.0, ""114"": 0.0, ""31"": 0.0, ""220"": 0.0, ""77"": 0.0, ""217"": 0.0, ""24"": 0.0, ""81"": 0.0, ""15"": 0.0, ""195"": 0.0, ""149"": 0.0, ""153"": 0.0, ""113"": 0.0, ""120"": 0.0, ""50"": 0.0, ""83"": 0.0, ""41"": 0.0, ""133"": 0.0, ""108"": 0.0, ""192"": 0.0, ""63"": 0.0, ""-1"": 0.02, ""1"": 0.0, ""170"": 0.0, ""187"": 0.0, ""22"": 0.0, ""205"": 0.0, ""181"": 0.0, ""190"": 0.0, ""135"": 0.0, ""209"": 0.0, ""118"": 0.0, ""139"": 0.0, ""11"": 0.0, ""210"": 0.0, ""54"": 0.0, ""100"": 0.0, ""37"": 0.0, ""10"": 0.0, ""196"": 0.0, ""232"": 0.0, ""186"": 0.0, ""206"": 0.0, ""157"": 0.0, ""36"": 0.0, ""69"": 0.0, ""87"": 0.0, ""150"": 0.0, ""193"": 0.0, ""111"": 0.0, ""182"": 0.0, ""25"": 0.0, ""43"": 0.0, ""231"": 0.0, ""171"": 0.0, ""27"": 0.0, ""161"": 0.0, ""80"": 0.0, ""19"": 0.0}",jev-1.13.0,614280cb686a1b33ffcb8f9504d6750ac9be50db8bd5b2d2db097bb035502c5e
semantic-experiment:sentence5:bge:q70:v1:2397177249:000001222160-000001500600,234,semantic:bge:leaf-local-6-2:42:234,AI muudab üksikettevõtluse lihtsamaks,0.93,0.92,"{""198"": 0.0, ""104"": 0.0, ""136"": 0.0, ""193"": 0.0, ""202"": 0.0, ""234"": 0.93, ""65"": 0.0, ""34"": 0.0, ""71"": 0.0, ""4"": 0.0, ""124"": 0.0, ""204"": 0.0, ""131"": 0.0, ""160"": 0.0, ""106"": 0.0, ""212"": 0.0, ""217"": 0.0, ""93"": 0.0, ""98"": 0.0, ""63"": 0.0, ""119"": 0.0, ""79"": 0.0, ""177"": 0.0, ""3"": 0.0, ""189"": 0.0, ""152"": 0.0, ""225"": 0.0, ""9"": 0.0, ""78"": 0.0, ""118"": 0.0, ""114"": 0.0, ""27"": 0.0, ""221"": 0.0, ""26"": 0.0, ""53"": 0.0, ""40"": 0.0, ""178"": 0.0, ""157"": 0.0, ""21"": 0.0, ""181"": 0.0, ""62"": 0.0, ""94"": 0.0, ""30"": 0.0, ""33"": 0.0, ""123"": 0.0, ""7"": 0.0, ""147"": 0.0, ""172"": 0.0, ""91"": 0.0, ""59"": 0.0, ""54"": 0.0, ""77"": 0.0, ""215"": 0.0, ""16"": 0.0, ""66"": 0.0, ""42"": 0.0, ""117"": 0.0, ""159"": 0.0, ""35"": 0.0, ""10"": 0.0, ""116"": 0.0, ""76"": 0.0, ""196"": 0.0, ""233"": 0.0, ""37"": 0.0, ""201"": 0.0, ""224"": 0.0, ""99"": 0.0, ""135"": 0.0, ""191"": 0.0, ""133"": 0.0, ""195"": 0.0, ""-1"": 0.0, ""110"": 0.0, ""89"": 0.0, ""5"": 0.0, ""220"": 0.0, ""228"": 0.0, ""168"": 0.0, ""235"": 0.0, ""208"": 0.0, ""61"": 0.0, ""162"": 0.0, ""163"": 0.0, ""102"": 0.0, ""200"": 0.0, ""68"": 0.0, ""158"": 0.0, ""231"": 0.0, ""171"": 0.0, ""145"": 0.0, ""90"": 0.0, ""36"": 0.0, ""80"": 0.0, ""211"": 0.0, ""45"": 0.0, ""174"": 0.0, ""232"": 0.0, ""95"": 0.0, ""146"": 0.0, ""67"": 0.0, ""164"": 0.0, ""32"": 0.0, ""156"": 0.0, ""75"": 0.0, ""31"": 0.0, ""22"": 0.0, ""0"": 0.0, ""203"": 0.0, ""190"": 0.0, ""81"": 0.0, ""111"": 0.0, ""153"": 0.0, ""58"": 0.0, ""206"": 0.0, ""227"": 0.0, ""197"": 0.0, ""223"": 0.0, ""8"": 0.0, ""83"": 0.0, ""173"": 0.0, ""175"": 0.0, ""97"": 0.0, ""109"": 0.0, ""70"": 0.0, ""25"": 0.0, ""161"": 0.0, ""19"": 0.0, ""130"": 0.0, ""194"": 0.0, ""226"": 0.0, ""149"": 0.0, ""14"": 0.0, ""92"": 0.0, ""219"": 0.0, ""86"": 0.0, ""142"": 0.0, ""125"": 0.0, ""205"": 0.0, ""134"": 0.0, ""144"": 0.0, ""182"": 0.0, ""103"": 0.0, ""49"": 0.0, ""128"": 0.0, ""44"": 0.0, ""126"": 0.0, ""57"": 0.0, ""179"": 0.0, ""51"": 0.0, ""132"": 0.0, ""23"": 0.0, ""55"": 0.0, ""64"": 0.0, ""138"": 0.0, ""11"": 0.0, ""230"": 0.0, ""155"": 0.0, ""112"": 0.0, ""218"": 0.0, ""52"": 0.0, ""85"": 0.0, ""214"": 0.0, ""50"": 0.0, ""139"": 0.0, ""15"": 0.0, ""121"": 0.0, ""38"": 0.0, ""60"": 0.0, ""169"": 0.0, ""29"": 0.0, ""41"": 0.0, ""207"": 0.0, ""69"": 0.0, ""167"": 0.0, ""199"": 0.0, ""72"": 0.0, ""229"": 0.0, ""13"": 0.0, ""43"": 0.0, ""74"": 0.0, ""140"": 0.0, ""209"": 0.0, ""1"": 0.0, ""82"": 0.0, ""20"": 0.0, ""101"": 0.0, ""88"": 0.0, ""96"": 0.0, ""100"": 0.0, ""108"": 0.0, ""87"": 0.0, ""129"": 0.0, ""186"": 0.07, ""48"": 0.0, ""47"": 0.0, ""141"": 0.0, ""56"": 0.0, ""122"": 0.0, ""137"": 0.0, ""150"": 0.0, ""183"": 0.0, ""12"": 0.0, ""151"": 0.0, ""127"": 0.0, ""213"": 0.0, ""210"": 0.0, ""113"": 0.0, ""120"": 0.0, ""188"": 0.0, ""165"": 0.0, ""180"": 0.0, ""107"": 0.0, ""222"": 0.0, ""28"": 0.0, ""46"": 0.0, ""39"": 0.0, ""17"": 0.0, ""170"": 0.0, ""192"": 0.0, ""148"": 0.0, ""18"": 0.0, ""176"": 0.0, ""143"": 0.0, ""154"": 0.0, ""216"": 0.0, ""105"": 0.0, ""187"": 0.0, ""84"": 0.0, ""73"": 0.0, ""166"": 0.0, ""184"": 0.0, ""24"": 0.0, ""6"": 0.0, ""115"": 0.0, ""185"": 0.0, ""2"": 0.0}",jev-1.13.0,2df4222c15e5c40ffdc95ac8ce391104d0f634f1f9e063790d84788bd979b626
semantic-experiment:sentence5:bge:q70:v1:2397177249:000001500600-000001629720,155,semantic:bge:leaf-local-6-2:42:155,AI-agentide vastutus ja kontroll,0.8,0.79,"{""198"": 0.0, ""104"": 0.0, ""14"": 0.0, ""172"": 0.0, ""77"": 0.0, ""70"": 0.0, ""116"": 0.0, ""119"": 0.0, ""194"": 0.0, ""235"": 0.0, ""43"": 0.0, ""58"": 0.0, ""157"": 0.0, ""173"": 0.0, ""139"": 0.0, ""34"": 0.0, ""171"": 0.0, ""76"": 0.0, ""158"": 0.0, ""162"": 0.0, ""217"": 0.0, ""5"": 0.0, ""152"": 0.0, ""151"": 0.0, ""42"": 0.0, ""140"": 0.0, ""100"": 0.0, ""8"": 0.0, ""222"": 0.0, ""113"": 0.0, ""63"": 0.0, ""97"": 0.0, ""6"": 0.0, ""21"": 0.0, ""110"": 0.0, ""209"": 0.0, ""176"": 0.0, ""53"": 0.0, ""83"": 0.0, ""66"": 0.0, ""-1"": 0.06999999999999999, ""105"": 0.0, ""185"": 0.0, ""50"": 0.0, ""125"": 0.0, ""168"": 0.0, ""225"": 0.0, ""132"": 0.0, ""0"": 0.0, ""57"": 0.0, ""59"": 0.0, ""189"": 0.0, ""190"": 0.0, ""80"": 0.0, ""109"": 0.0, ""26"": 0.0, ""186"": 0.11, ""126"": 0.0, ""103"": 0.0, ""197"": 0.0, ""227"": 0.0, ""107"": 0.0, ""160"": 0.0, ""41"": 0.0, ""128"": 0.0, ""38"": 0.0, ""199"": 0.0, ""193"": 0.0, ""200"": 0.0, ""19"": 0.0, ""166"": 0.0, ""33"": 0.0, ""148"": 0.0, ""11"": 0.0, ""188"": 0.0, ""203"": 0.0, ""154"": 0.0, ""65"": 0.0, ""32"": 0.0, ""102"": 0.0, ""44"": 0.0, ""167"": 0.0, ""36"": 0.0, ""202"": 0.0, ""204"": 0.0, ""216"": 0.0, ""67"": 0.0, ""112"": 0.0, ""164"": 0.0, ""17"": 0.0, ""206"": 0.0, ""81"": 0.0, ""7"": 0.0, ""62"": 0.0, ""224"": 0.0, ""183"": 0.0, ""73"": 0.0, ""47"": 0.0, ""75"": 0.0, ""86"": 0.0, ""108"": 0.0, ""230"": 0.0, ""127"": 0.0, ""135"": 0.0, ""30"": 0.0, ""226"": 0.0, ""122"": 0.0, ""13"": 0.0, ""161"": 0.0, ""52"": 0.0, ""220"": 0.0, ""131"": 0.0, ""115"": 0.0, ""25"": 0.0, ""195"": 0.0, ""201"": 0.01, ""117"": 0.0, ""9"": 0.0, ""99"": 0.0, ""156"": 0.0, ""234"": 0.0, ""165"": 0.0, ""82"": 0.0, ""141"": 0.0, ""180"": 0.0, ""27"": 0.0, ""64"": 0.0, ""18"": 0.0, ""219"": 0.0, ""232"": 0.0, ""147"": 0.0, ""85"": 0.0, ""39"": 0.0, ""22"": 0.0, ""87"": 0.0, ""182"": 0.0, ""48"": 0.0, ""233"": 0.0, ""28"": 0.0, ""120"": 0.0, ""205"": 0.0, ""184"": 0.0, ""94"": 0.0, ""92"": 0.0, ""72"": 0.0, ""29"": 0.0, ""3"": 0.0, ""134"": 0.0, ""149"": 0.0, ""23"": 0.0, ""169"": 0.0, ""208"": 0.0, ""130"": 0.0, ""178"": 0.0, ""24"": 0.0, ""129"": 0.0, ""74"": 0.0, ""114"": 0.0, ""49"": 0.0, ""106"": 0.0, ""61"": 0.0, ""54"": 0.0, ""138"": 0.0, ""31"": 0.0, ""71"": 0.0, ""69"": 0.0, ""121"": 0.0, ""218"": 0.0, ""136"": 0.0, ""212"": 0.0, ""35"": 0.0, ""55"": 0.0, ""84"": 0.0, ""231"": 0.0, ""51"": 0.0, ""90"": 0.0, ""150"": 0.0, ""229"": 0.0, ""118"": 0.0, ""146"": 0.0, ""228"": 0.0, ""192"": 0.0, ""211"": 0.0, ""95"": 0.0, ""223"": 0.0, ""124"": 0.0, ""15"": 0.0, ""93"": 0.0, ""45"": 0.0, ""221"": 0.0, ""153"": 0.0, ""175"": 0.0, ""143"": 0.0, ""111"": 0.0, ""56"": 0.0, ""12"": 0.0, ""170"": 0.0, ""187"": 0.0, ""60"": 0.0, ""214"": 0.0, ""4"": 0.0, ""196"": 0.0, ""191"": 0.0, ""163"": 0.0, ""96"": 0.0, ""78"": 0.0, ""37"": 0.0, ""213"": 0.0, ""1"": 0.0, ""68"": 0.0, ""159"": 0.0, ""101"": 0.0, ""210"": 0.0, ""91"": 0.0, ""133"": 0.0, ""40"": 0.0, ""46"": 0.0, ""16"": 0.0, ""145"": 0.0, ""137"": 0.0, ""10"": 0.0, ""20"": 0.0, ""179"": 0.0, ""2"": 0.0, ""215"": 0.0, ""142"": 0.0, ""207"": 0.0, ""181"": 0.0, ""155"": 0.8, ""144"": 0.0, ""89"": 0.0, ""98"": 0.0, ""79"": 0.0, ""88"": 0.0, ""123"": 0.0, ""174"": 0.0, ""177"": 0.0}",jev-1.13.0,bb45902de5ff2a1b1447b3ce7e7f13e409d755fb07b9cc6f29df98e4610ad689
semantic-experiment:sentence5:bge:q70:v1:2397177249:000001629720-000001795240,120,semantic:bge:leaf-local-6-2:42:120,AI odava kasutuselevõtu ja eksporti,0.8200000000000001,0.81,"{""220"": 0.0, ""188"": 0.0, ""146"": 0.0, ""57"": 0.0, ""129"": 0.0, ""171"": 0.0, ""122"": 0.0, ""116"": 0.0, ""138"": 0.0, ""162"": 0.0, ""107"": 0.0, ""82"": 0.0, ""154"": 0.0, ""3"": 0.0, ""36"": 0.0, ""219"": 0.0, ""71"": 0.0, ""77"": 0.0, ""170"": 0.0, ""52"": 0.0, ""155"": 0.0, ""180"": 0.0, ""131"": 0.0, ""70"": 0.0, ""133"": 0.0, ""110"": 0.0, ""27"": 0.0, ""83"": 0.0, ""73"": 0.0, ""32"": 0.0, ""130"": 0.0, ""12"": 0.0, ""67"": 0.0, ""137"": 0.0, ""134"": 0.0, ""135"": 0.0, ""234"": 0.02, ""182"": 0.0, ""4"": 0.0, ""209"": 0.0, ""14"": 0.0, ""185"": 0.0, ""75"": 0.0, ""176"": 0.0, ""-1"": 0.02, ""51"": 0.0, ""39"": 0.0, ""186"": 0.0, ""225"": 0.0, ""207"": 0.0, ""210"": 0.0, ""87"": 0.0, ""8"": 0.0, ""23"": 0.0, ""151"": 0.0, ""99"": 0.0, ""215"": 0.0, ""192"": 0.0, ""193"": 0.0, ""84"": 0.0, ""235"": 0.0, ""25"": 0.0, ""227"": 0.0, ""5"": 0.0, ""111"": 0.0, ""90"": 0.0, ""204"": 0.0, ""88"": 0.0, ""167"": 0.0, ""156"": 0.0, ""34"": 0.0, ""164"": 0.0, ""231"": 0.0, ""94"": 0.0, ""97"": 0.0, ""228"": 0.0, ""233"": 0.0, ""74"": 0.0, ""38"": 0.0, ""89"": 0.0, ""184"": 0.0, ""213"": 0.0, ""91"": 0.0, ""22"": 0.0, ""150"": 0.0, ""59"": 0.0, ""41"": 0.0, ""169"": 0.0, ""93"": 0.0, ""15"": 0.0, ""139"": 0.0, ""222"": 0.0, ""53"": 0.0, ""60"": 0.0, ""197"": 0.0, ""102"": 0.0, ""183"": 0.0, ""48"": 0.0, ""68"": 0.0, ""26"": 0.0, ""199"": 0.0, ""44"": 0.0, ""153"": 0.0, ""92"": 0.0, ""163"": 0.0, ""221"": 0.0, ""119"": 0.0, ""2"": 0.0, ""1"": 0.0, ""108"": 0.0, ""189"": 0.0, ""30"": 0.0, ""40"": 0.0, ""96"": 0.0, ""230"": 0.0, ""63"": 0.0, ""115"": 0.0, ""124"": 0.0, ""229"": 0.0, ""177"": 0.0, ""178"": 0.0, ""28"": 0.0, ""100"": 0.0, ""202"": 0.0, ""181"": 0.0, ""157"": 0.0, ""65"": 0.0, ""37"": 0.0, ""120"": 0.8200000000000001, ""104"": 0.0, ""17"": 0.0, ""101"": 0.0, ""127"": 0.0, ""13"": 0.0, ""148"": 0.0, ""10"": 0.0, ""118"": 0.0, ""29"": 0.0, ""201"": 0.0, ""20"": 0.0, ""72"": 0.0, ""64"": 0.0, ""11"": 0.0, ""173"": 0.0, ""81"": 0.0, ""98"": 0.0, ""218"": 0.0, ""190"": 0.0, ""126"": 0.0, ""147"": 0.0, ""69"": 0.0, ""152"": 0.0, ""174"": 0.0, ""224"": 0.0, ""172"": 0.0, ""160"": 0.0, ""205"": 0.0, ""217"": 0.0, ""42"": 0.0, ""49"": 0.0, ""158"": 0.0, ""45"": 0.0, ""149"": 0.0, ""212"": 0.0, ""109"": 0.0, ""198"": 0.0, ""86"": 0.0, ""214"": 0.0, ""203"": 0.0, ""95"": 0.0, ""211"": 0.0, ""33"": 0.0, ""132"": 0.0, ""117"": 0.0, ""165"": 0.0, ""50"": 0.0, ""141"": 0.0, ""175"": 0.0, ""78"": 0.0, ""21"": 0.0, ""136"": 0.0, ""31"": 0.0, ""66"": 0.0, ""196"": 0.0, ""7"": 0.0, ""105"": 0.0, ""35"": 0.0, ""128"": 0.0, ""206"": 0.0, ""9"": 0.0, ""143"": 0.0, ""54"": 0.0, ""55"": 0.0, ""47"": 0.0, ""6"": 0.0, ""195"": 0.0, ""114"": 0.0, ""106"": 0.0, ""79"": 0.0, ""125"": 0.0, ""80"": 0.0, ""232"": 0.0, ""216"": 0.0, ""62"": 0.0, ""142"": 0.13, ""166"": 0.0, ""103"": 0.0, ""43"": 0.0, ""16"": 0.0, ""112"": 0.0, ""0"": 0.0, ""140"": 0.0, ""191"": 0.0, ""56"": 0.0, ""223"": 0.0, ""145"": 0.0, ""46"": 0.0, ""187"": 0.0, ""113"": 0.0, ""226"": 0.0, ""24"": 0.0, ""85"": 0.0, ""76"": 0.0, ""18"": 0.0, ""200"": 0.0, ""123"": 0.0, ""58"": 0.0, ""159"": 0.0, ""19"": 0.0, ""194"": 0.0, ""61"": 0.0, ""179"": 0.0, ""208"": 0.0, ""161"": 0.0, ""168"": 0.0, ""121"": 0.0, ""144"": 0.0}",jev-1.13.0,8b718bdf426a80de855ec49d98b8010b3a6d27e70ff8455b843f19b6f840f395
semantic-experiment:sentence5:bge:q70:v1:2397177249:000001795240-000001927440,-1,semantic:bge:leaf-local-6-2:42:-1,Unassigned,0.77,0.76,"{""171"": 0.0, ""89"": 0.0, ""61"": 0.0, ""114"": 0.0, ""210"": 0.0, ""162"": 0.0, ""224"": 0.0, ""107"": 0.0, ""187"": 0.0, ""65"": 0.0, ""28"": 0.0, ""77"": 0.0, ""79"": 0.0, ""115"": 0.0, ""91"": 0.0, ""72"": 0.0, ""-1"": 0.77, ""76"": 0.0, ""206"": 0.0, ""104"": 0.0, ""219"": 0.0, ""84"": 0.0, ""181"": 0.0, ""151"": 0.0, ""176"": 0.0, ""50"": 0.0, ""101"": 0.0, ""14"": 0.0, ""184"": 0.0, ""234"": 0.0, ""113"": 0.0, ""54"": 0.0, ""150"": 0.0, ""37"": 0.0, ""118"": 0.0, ""64"": 0.0, ""4"": 0.0, ""155"": 0.0, ""25"": 0.0, ""47"": 0.0, ""217"": 0.0, ""78"": 0.0, ""2"": 0.0, ""17"": 0.0, ""182"": 0.0, ""40"": 0.0, ""136"": 0.0, ""130"": 0.0, ""230"": 0.0, ""15"": 0.0, ""110"": 0.0, ""183"": 0.0, ""42"": 0.0, ""51"": 0.0, ""111"": 0.0, ""196"": 0.0, ""179"": 0.0, ""103"": 0.0, ""125"": 0.0, ""52"": 0.0, ""99"": 0.01, ""95"": 0.0, ""32"": 0.0, ""213"": 0.0, ""133"": 0.0, ""3"": 0.0, ""123"": 0.0, ""75"": 0.0, ""195"": 0.0, ""12"": 0.0, ""180"": 0.0, ""92"": 0.0, ""228"": 0.0, ""18"": 0.0, ""186"": 0.0, ""94"": 0.0, ""167"": 0.0, ""58"": 0.0, ""232"": 0.0, ""120"": 0.0, ""144"": 0.0, ""202"": 0.0, ""161"": 0.0, ""149"": 0.02, ""222"": 0.0, ""165"": 0.0, ""116"": 0.0, ""205"": 0.0, ""215"": 0.0, ""96"": 0.0, ""169"": 0.0, ""158"": 0.0, ""33"": 0.02, ""121"": 0.0, ""170"": 0.0, ""220"": 0.0, ""86"": 0.0, ""109"": 0.0, ""214"": 0.0, ""188"": 0.0, ""128"": 0.0, ""168"": 0.0, ""10"": 0.0, ""29"": 0.0, ""139"": 0.0, ""20"": 0.0, ""164"": 0.0, ""35"": 0.0, ""34"": 0.0, ""98"": 0.01, ""124"": 0.0, ""134"": 0.0, ""153"": 0.0, ""82"": 0.0, ""93"": 0.0, ""154"": 0.0, ""172"": 0.0, ""24"": 0.0, ""218"": 0.0, ""43"": 0.0, ""85"": 0.0, ""177"": 0.0, ""178"": 0.0, ""80"": 0.0, ""68"": 0.0, ""67"": 0.0, ""45"": 0.0, ""204"": 0.0, ""137"": 0.0, ""30"": 0.0, ""227"": 0.0, ""166"": 0.0, ""63"": 0.0, ""140"": 0.0, ""88"": 0.0, ""108"": 0.0, ""156"": 0.0, ""216"": 0.0, ""145"": 0.0, ""194"": 0.0, ""21"": 0.0, ""5"": 0.0, ""157"": 0.0, ""8"": 0.0, ""192"": 0.0, ""87"": 0.0, ""142"": 0.0, ""141"": 0.0, ""0"": 0.0, ""26"": 0.0, ""146"": 0.0, ""60"": 0.02, ""7"": 0.0, ""126"": 0.0, ""209"": 0.0, ""81"": 0.0, ""57"": 0.0, ""13"": 0.0, ""38"": 0.0, ""226"": 0.0, ""233"": 0.0, ""159"": 0.0, ""147"": 0.0, ""152"": 0.0, ""173"": 0.0, ""174"": 0.0, ""112"": 0.09, ""66"": 0.0, ""6"": 0.0, ""201"": 0.0, ""90"": 0.0, ""73"": 0.0, ""175"": 0.0, ""49"": 0.0, ""221"": 0.0, ""223"": 0.0, ""44"": 0.0, ""46"": 0.0, ""163"": 0.0, ""23"": 0.0, ""1"": 0.0, ""62"": 0.0, ""36"": 0.0, ""71"": 0.0, ""48"": 0.0, ""100"": 0.0, ""197"": 0.0, ""122"": 0.0, ""160"": 0.0, ""97"": 0.01, ""41"": 0.0, ""193"": 0.0, ""135"": 0.0, ""83"": 0.0, ""39"": 0.0, ""119"": 0.0, ""212"": 0.0, ""19"": 0.0, ""138"": 0.0, ""199"": 0.04, ""191"": 0.0, ""27"": 0.0, ""9"": 0.0, ""74"": 0.0, ""31"": 0.0, ""203"": 0.0, ""143"": 0.0, ""106"": 0.0, ""117"": 0.0, ""102"": 0.0, ""131"": 0.0, ""200"": 0.0, ""207"": 0.0, ""69"": 0.0, ""55"": 0.0, ""198"": 0.0, ""185"": 0.0, ""235"": 0.0, ""208"": 0.0, ""70"": 0.0, ""56"": 0.0, ""59"": 0.0, ""225"": 0.0, ""190"": 0.0, ""132"": 0.0, ""229"": 0.0, ""22"": 0.0, ""231"": 0.0, ""148"": 0.0, ""129"": 0.0, ""11"": 0.0, ""105"": 0.0, ""16"": 0.0, ""127"": 0.0, ""189"": 0.0, ""211"": 0.0, ""53"": 0.0}",jev-1.13.0,62aee5d3c1950763e07d8e77d13a03f99a30b9b3781bf0f58e131153afb1f8d3
semantic-experiment:sentence5:bge:q70:v1:2397177249:000001927440-000002214480,234,semantic:bge:leaf-local-6-2:42:234,AI muudab üksikettevõtluse lihtsamaks,0.88,0.87,"{""114"": 0.0, ""113"": 0.0, ""213"": 0.0, ""81"": 0.0, ""191"": 0.0, ""49"": 0.0, ""24"": 0.0, ""139"": 0.0, ""5"": 0.0, ""132"": 0.0, ""227"": 0.0, ""87"": 0.0, ""145"": 0.0, ""209"": 0.0, ""98"": 0.0, ""103"": 0.0, ""138"": 0.0, ""11"": 0.0, ""164"": 0.0, ""212"": 0.0, ""44"": 0.0, ""3"": 0.0, ""231"": 0.0, ""194"": 0.0, ""165"": 0.0, ""104"": 0.0, ""226"": 0.0, ""82"": 0.0, ""67"": 0.0, ""217"": 0.0, ""177"": 0.0, ""142"": 0.0, ""134"": 0.0, ""218"": 0.0, ""74"": 0.0, ""161"": 0.0, ""65"": 0.0, ""129"": 0.0, ""176"": 0.0, ""18"": 0.0, ""190"": 0.0, ""70"": 0.0, ""153"": 0.0, ""101"": 0.0, ""204"": 0.0, ""122"": 0.0, ""216"": 0.0, ""162"": 0.0, ""53"": 0.0, ""21"": 0.0, ""93"": 0.0, ""42"": 0.0, ""36"": 0.0, ""224"": 0.0, ""75"": 0.0, ""229"": 0.0, ""149"": 0.0, ""32"": 0.0, ""97"": 0.0, ""35"": 0.0, ""84"": 0.0, ""73"": 0.0, ""158"": 0.0, ""159"": 0.0, ""96"": 0.0, ""41"": 0.0, ""124"": 0.0, ""225"": 0.0, ""128"": 0.0, ""88"": 0.0, ""232"": 0.0, ""173"": 0.0, ""230"": 0.0, ""207"": 0.0, ""141"": 0.0, ""182"": 0.0, ""16"": 0.0, ""80"": 0.0, ""137"": 0.0, ""48"": 0.0, ""116"": 0.0, ""0"": 0.0, ""205"": 0.0, ""193"": 0.0, ""144"": 0.0, ""223"": 0.0, ""22"": 0.0, ""76"": 0.0, ""117"": 0.0, ""30"": 0.0, ""40"": 0.0, ""39"": 0.0, ""187"": 0.0, ""140"": 0.0, ""119"": 0.0, ""146"": 0.0, ""34"": 0.0, ""147"": 0.0, ""163"": 0.0, ""143"": 0.0, ""77"": 0.0, ""188"": 0.0, ""72"": 0.0, ""133"": 0.0, ""198"": 0.0, ""109"": 0.0, ""61"": 0.0, ""59"": 0.0, ""51"": 0.0, ""102"": 0.0, ""156"": 0.0, ""192"": 0.0, ""10"": 0.0, ""154"": 0.0, ""186"": 0.0, ""123"": 0.0, ""4"": 0.0, ""8"": 0.0, ""1"": 0.0, ""69"": 0.0, ""201"": 0.0, ""152"": 0.0, ""108"": 0.0, ""171"": 0.0, ""174"": 0.0, ""86"": 0.0, ""126"": 0.0, ""94"": 0.0, ""111"": 0.0, ""23"": 0.0, ""148"": 0.0, ""233"": 0.0, ""110"": 0.0, ""195"": 0.0, ""64"": 0.0, ""172"": 0.0, ""185"": 0.0, ""202"": 0.0, ""211"": 0.0, ""55"": 0.0, ""115"": 0.0, ""120"": 0.0, ""79"": 0.0, ""181"": 0.0, ""58"": 0.0, ""62"": 0.0, ""20"": 0.0, ""27"": 0.0, ""168"": 0.0, ""43"": 0.0, ""71"": 0.0, ""199"": 0.0, ""234"": 0.88, ""50"": 0.0, ""9"": 0.0, ""222"": 0.0, ""155"": 0.0, ""179"": 0.0, ""15"": 0.0, ""63"": 0.0, ""60"": 0.0, ""19"": 0.0, ""31"": 0.0, ""178"": 0.0, ""219"": 0.0, ""68"": 0.0, ""221"": 0.0, ""25"": 0.0, ""12"": 0.0, ""151"": 0.0, ""206"": 0.0, ""92"": 0.0, ""45"": 0.0, ""78"": 0.0, ""14"": 0.0, ""89"": 0.0, ""105"": 0.0, ""112"": 0.0, ""106"": 0.0, ""150"": 0.0, ""118"": 0.0, ""125"": 0.0, ""99"": 0.0, ""160"": 0.0, ""47"": 0.0, ""170"": 0.0, ""157"": 0.11, ""37"": 0.0, ""208"": 0.0, ""127"": 0.0, ""210"": 0.0, ""183"": 0.0, ""200"": 0.0, ""167"": 0.0, ""121"": 0.0, ""220"": 0.0, ""57"": 0.0, ""7"": 0.0, ""91"": 0.0, ""13"": 0.0, ""54"": 0.0, ""189"": 0.0, ""215"": 0.0, ""26"": 0.0, ""46"": 0.0, ""214"": 0.0, ""107"": 0.0, ""100"": 0.0, ""130"": 0.0, ""56"": 0.0, ""169"": 0.0, ""166"": 0.0, ""29"": 0.0, ""184"": 0.0, ""90"": 0.0, ""52"": 0.0, ""131"": 0.0, ""197"": 0.0, ""66"": 0.0, ""-1"": 0.01, ""17"": 0.0, ""85"": 0.0, ""95"": 0.0, ""83"": 0.0, ""180"": 0.0, ""235"": 0.0, ""33"": 0.0, ""196"": 0.0, ""28"": 0.0, ""135"": 0.0, ""38"": 0.0, ""6"": 0.0, ""228"": 0.0, ""175"": 0.0, ""136"": 0.0, ""2"": 0.0, ""203"": 0.0}",jev-1.13.0,77b6ad4240ee1dbad30853d926b6fbeb417804eb0ce09e5453f6afccd69c4e2a
semantic-experiment:sentence5:bge:q70:v1:2397177249:000002214480-000002275320,-1,semantic:bge:leaf-local-6-2:42:-1,Unassigned,0.55,0.54,"{""73"": 0.0, ""226"": 0.0, ""228"": 0.0, ""180"": 0.0, ""229"": 0.0, ""16"": 0.0, ""143"": 0.0, ""159"": 0.0, ""100"": 0.0, ""149"": 0.0, ""164"": 0.0, ""183"": 0.0, ""194"": 0.0, ""34"": 0.0, ""1"": 0.0, ""157"": 0.0, ""210"": 0.0, ""114"": 0.01, ""213"": 0.0, ""132"": 0.0, ""90"": 0.0, ""193"": 0.0, ""101"": 0.0, ""224"": 0.0, ""58"": 0.0, ""155"": 0.04, ""154"": 0.0, ""129"": 0.0, ""175"": 0.0, ""86"": 0.0, ""188"": 0.0, ""215"": 0.0, ""116"": 0.0, ""220"": 0.0, ""47"": 0.0, ""95"": 0.0, ""49"": 0.0, ""22"": 0.0, ""177"": 0.0, ""82"": 0.0, ""169"": 0.04, ""214"": 0.0, ""96"": 0.0, ""225"": 0.0, ""139"": 0.0, ""201"": 0.0, ""217"": 0.0, ""15"": 0.0, ""172"": 0.0, ""89"": 0.0, ""148"": 0.0, ""68"": 0.0, ""31"": 0.0, ""37"": 0.0, ""81"": 0.0, ""138"": 0.0, ""218"": 0.0, ""13"": 0.0, ""91"": 0.0, ""38"": 0.0, ""209"": 0.0, ""2"": 0.0, ""151"": 0.0, ""7"": 0.0, ""59"": 0.0, ""195"": 0.0, ""66"": 0.0, ""12"": 0.0, ""74"": 0.0, ""235"": 0.0, ""20"": 0.0, ""43"": 0.0, ""140"": 0.0, ""174"": 0.0, ""27"": 0.0, ""99"": 0.0, ""134"": 0.0, ""176"": 0.0, ""234"": 0.02, ""231"": 0.0, ""46"": 0.0, ""92"": 0.0, ""126"": 0.0, ""54"": 0.0, ""163"": 0.0, ""79"": 0.0, ""4"": 0.0, ""125"": 0.0, ""135"": 0.0, ""133"": 0.0, ""146"": 0.0, ""206"": 0.0, ""120"": 0.01, ""198"": 0.0, ""70"": 0.0, ""216"": 0.0, ""130"": 0.0, ""170"": 0.0, ""204"": 0.0, ""124"": 0.0, ""111"": 0.0, ""29"": 0.0, ""108"": 0.0, ""167"": 0.0, ""152"": 0.0, ""153"": 0.0, ""64"": 0.0, ""77"": 0.0, ""51"": 0.0, ""6"": 0.0, ""197"": 0.0, ""84"": 0.0, ""219"": 0.0, ""24"": 0.0, ""18"": 0.0, ""10"": 0.0, ""41"": 0.0, ""128"": 0.0, ""190"": 0.0, ""203"": 0.0, ""57"": 0.0, ""67"": 0.0, ""40"": 0.0, ""0"": 0.0, ""186"": 0.08, ""144"": 0.0, ""141"": 0.0, ""42"": 0.0, ""184"": 0.0, ""232"": 0.0, ""119"": 0.0, ""147"": 0.0, ""88"": 0.0, ""205"": 0.0, ""33"": 0.0, ""55"": 0.0, ""28"": 0.0, ""17"": 0.0, ""123"": 0.0, ""23"": 0.0, ""223"": 0.0, ""104"": 0.0, ""60"": 0.21000000000000002, ""233"": 0.0, ""112"": 0.0, ""150"": 0.0, ""80"": 0.0, ""222"": 0.0, ""36"": 0.0, ""14"": 0.0, ""227"": 0.0, ""181"": 0.0, ""191"": 0.0, ""185"": 0.0, ""8"": 0.0, ""87"": 0.0, ""9"": 0.0, ""85"": 0.0, ""39"": 0.0, ""115"": 0.0, ""118"": 0.03, ""196"": 0.0, ""127"": 0.0, ""35"": 0.0, ""53"": 0.0, ""21"": 0.0, ""136"": 0.0, ""212"": 0.0, ""65"": 0.0, ""61"": 0.0, ""93"": 0.0, ""11"": 0.0, ""208"": 0.0, ""25"": 0.0, ""102"": 0.0, ""48"": 0.0, ""137"": 0.0, ""26"": 0.0, ""166"": 0.0, ""156"": 0.0, ""171"": 0.0, ""200"": 0.0, ""98"": 0.0, ""165"": 0.0, ""192"": 0.0, ""160"": 0.0, ""117"": 0.0, ""75"": 0.0, ""72"": 0.0, ""187"": 0.0, ""202"": 0.0, ""110"": 0.0, ""106"": 0.0, ""189"": 0.0, ""32"": 0.0, ""63"": 0.0, ""94"": 0.0, ""97"": 0.0, ""83"": 0.0, ""131"": 0.0, ""122"": 0.0, ""62"": 0.0, ""161"": 0.0, ""162"": 0.0, ""211"": 0.0, ""178"": 0.0, ""78"": 0.0, ""179"": 0.0, ""52"": 0.0, ""5"": 0.0, ""44"": 0.0, ""109"": 0.0, ""182"": 0.0, ""199"": 0.0, ""145"": 0.0, ""121"": 0.0, ""30"": 0.0, ""69"": 0.0, ""173"": 0.0, ""168"": 0.0, ""142"": 0.0, ""103"": 0.0, ""76"": 0.0, ""45"": 0.0, ""71"": 0.0, ""107"": 0.0, ""3"": 0.0, ""113"": 0.0, ""207"": 0.0, ""19"": 0.0, ""50"": 0.0, ""158"": 0.0, ""105"": 0.0, ""230"": 0.0, ""-1"": 0.55, ""221"": 0.0, ""56"": 0.0}",jev-1.13.0,18cace9c1a05fc9d1063e58d51c29fc2ac907b63eedc13a36c14705cca62cb69
semantic-experiment:sentence5:bge:q70:v1:2397177249:000002275320-000002437600,120,semantic:bge:leaf-local-6-2:42:120,AI odava kasutuselevõtu ja eksporti,1.0,1.0,"{""114"": 0.0, ""113"": 0.0, ""213"": 0.0, ""191"": 0.0, ""81"": 0.0, ""49"": 0.0, ""24"": 0.0, ""139"": 0.0, ""5"": 0.0, ""227"": 0.0, ""132"": 0.0, ""87"": 0.0, ""145"": 0.0, ""209"": 0.0, ""98"": 0.0, ""103"": 0.0, ""138"": 0.0, ""212"": 0.0, ""3"": 0.0, ""11"": 0.0, ""44"": 0.0, ""164"": 0.0, ""231"": 0.0, ""194"": 0.0, ""165"": 0.0, ""104"": 0.0, ""226"": 0.0, ""82"": 0.0, ""67"": 0.0, ""217"": 0.0, ""177"": 0.0, ""142"": 0.0, ""134"": 0.0, ""218"": 0.0, ""74"": 0.0, ""161"": 0.0, ""65"": 0.0, ""129"": 0.0, ""176"": 0.0, ""18"": 0.0, ""190"": 0.0, ""70"": 0.0, ""153"": 0.0, ""101"": 0.0, ""204"": 0.0, ""122"": 0.0, ""216"": 0.0, ""162"": 0.0, ""53"": 0.0, ""21"": 0.0, ""93"": 0.0, ""42"": 0.0, ""36"": 0.0, ""224"": 0.0, ""75"": 0.0, ""229"": 0.0, ""149"": 0.0, ""32"": 0.0, ""97"": 0.0, ""84"": 0.0, ""35"": 0.0, ""73"": 0.0, ""158"": 0.0, ""159"": 0.0, ""96"": 0.0, ""41"": 0.0, ""124"": 0.0, ""225"": 0.0, ""128"": 0.0, ""88"": 0.0, ""232"": 0.0, ""173"": 0.0, ""230"": 0.0, ""80"": 0.0, ""141"": 0.0, ""182"": 0.0, ""207"": 0.0, ""0"": 0.0, ""137"": 0.0, ""48"": 0.0, ""116"": 0.0, ""16"": 0.0, ""205"": 0.0, ""193"": 0.0, ""144"": 0.0, ""76"": 0.0, ""22"": 0.0, ""223"": 0.0, ""117"": 0.0, ""30"": 0.0, ""40"": 0.0, ""39"": 0.0, ""187"": 0.0, ""140"": 0.0, ""119"": 0.0, ""34"": 0.0, ""146"": 0.0, ""147"": 0.0, ""163"": 0.0, ""143"": 0.0, ""77"": 0.0, ""188"": 0.0, ""133"": 0.0, ""72"": 0.0, ""198"": 0.0, ""109"": 0.0, ""61"": 0.0, ""59"": 0.0, ""51"": 0.0, ""10"": 0.0, ""156"": 0.0, ""192"": 0.0, ""102"": 0.0, ""186"": 0.0, ""154"": 0.0, ""123"": 0.0, ""4"": 0.0, ""8"": 0.0, ""1"": 0.0, ""69"": 0.0, ""201"": 0.0, ""152"": 0.0, ""108"": 0.0, ""86"": 0.0, ""174"": 0.0, ""171"": 0.0, ""126"": 0.0, ""94"": 0.0, ""111"": 0.0, ""23"": 0.0, ""148"": 0.0, ""233"": 0.0, ""110"": 0.0, ""195"": 0.0, ""64"": 0.0, ""172"": 0.0, ""185"": 0.0, ""202"": 0.0, ""55"": 0.0, ""211"": 0.0, ""115"": 0.0, ""79"": 0.0, ""120"": 1.0, ""58"": 0.0, ""181"": 0.0, ""62"": 0.0, ""27"": 0.0, ""20"": 0.0, ""71"": 0.0, ""43"": 0.0, ""168"": 0.0, ""199"": 0.0, ""234"": 0.0, ""50"": 0.0, ""222"": 0.0, ""9"": 0.0, ""155"": 0.0, ""179"": 0.0, ""15"": 0.0, ""63"": 0.0, ""60"": 0.0, ""78"": 0.0, ""12"": 0.0, ""25"": 0.0, ""219"": 0.0, ""68"": 0.0, ""221"": 0.0, ""19"": 0.0, ""112"": 0.0, ""151"": 0.0, ""206"": 0.0, ""31"": 0.0, ""45"": 0.0, ""92"": 0.0, ""105"": 0.0, ""89"": 0.0, ""14"": 0.0, ""178"": 0.0, ""106"": 0.0, ""150"": 0.0, ""118"": 0.0, ""125"": 0.0, ""99"": 0.0, ""160"": 0.0, ""47"": 0.0, ""170"": 0.0, ""157"": 0.0, ""37"": 0.0, ""208"": 0.0, ""127"": 0.0, ""210"": 0.0, ""200"": 0.0, ""183"": 0.0, ""167"": 0.0, ""121"": 0.0, ""220"": 0.0, ""57"": 0.0, ""7"": 0.0, ""91"": 0.0, ""13"": 0.0, ""54"": 0.0, ""189"": 0.0, ""215"": 0.0, ""26"": 0.0, ""46"": 0.0, ""100"": 0.0, ""107"": 0.0, ""214"": 0.0, ""130"": 0.0, ""56"": 0.0, ""169"": 0.0, ""166"": 0.0, ""29"": 0.0, ""184"": 0.0, ""90"": 0.0, ""52"": 0.0, ""131"": 0.0, ""197"": 0.0, ""66"": 0.0, ""-1"": 0.0, ""17"": 0.0, ""85"": 0.0, ""180"": 0.0, ""83"": 0.0, ""235"": 0.0, ""95"": 0.0, ""33"": 0.0, ""196"": 0.0, ""28"": 0.0, ""136"": 0.0, ""38"": 0.0, ""203"": 0.0, ""228"": 0.0, ""175"": 0.0, ""135"": 0.0, ""2"": 0.0, ""6"": 0.0}",jev-1.13.0,ce92d82a5cda4fca9fb327b79396bdd8ba168cc714c7281eb1a34a4b8e12be6d
semantic-experiment:sentence5:bge:q70:v1:2397177249:000002437600-000002503800,186,semantic:bge:leaf-local-6-2:42:186,AI mõju töökorraldusele ja tööturule,0.83,0.82,"{""170"": 0.0, ""129"": 0.0, ""22"": 0.0, ""70"": 0.0, ""106"": 0.0, ""220"": 0.0, ""78"": 0.0, ""30"": 0.0, ""80"": 0.0, ""9"": 0.0, ""147"": 0.0, ""117"": 0.0, ""134"": 0.0, ""136"": 0.0, ""2"": 0.0, ""114"": 0.0, ""26"": 0.0, ""123"": 0.0, ""79"": 0.0, ""126"": 0.0, ""13"": 0.0, ""113"": 0.0, ""166"": 0.0, ""223"": 0.0, ""38"": 0.0, ""67"": 0.0, ""208"": 0.0, ""181"": 0.0, ""216"": 0.0, ""197"": 0.0, ""108"": 0.0, ""165"": 0.0, ""105"": 0.0, ""65"": 0.0, ""94"": 0.0, ""15"": 0.0, ""120"": 0.04, ""124"": 0.0, ""128"": 0.0, ""226"": 0.0, ""222"": 0.0, ""159"": 0.0, ""172"": 0.0, ""200"": 0.0, ""235"": 0.0, ""231"": 0.0, ""175"": 0.0, ""209"": 0.0, ""85"": 0.0, ""8"": 0.0, ""139"": 0.0, ""212"": 0.0, ""46"": 0.0, ""17"": 0.0, ""68"": 0.0, ""146"": 0.0, ""161"": 0.0, ""144"": 0.0, ""202"": 0.0, ""122"": 0.0, ""37"": 0.0, ""131"": 0.0, ""183"": 0.0, ""50"": 0.0, ""207"": 0.0, ""23"": 0.0, ""148"": 0.0, ""71"": 0.0, ""121"": 0.0, ""99"": 0.0, ""150"": 0.0, ""205"": 0.0, ""118"": 0.0, ""90"": 0.0, ""63"": 0.0, ""112"": 0.0, ""232"": 0.0, ""12"": 0.0, ""187"": 0.0, ""44"": 0.0, ""155"": 0.03, ""102"": 0.0, ""130"": 0.0, ""228"": 0.0, ""93"": 0.0, ""69"": 0.0, ""18"": 0.0, ""196"": 0.0, ""188"": 0.0, ""171"": 0.0, ""174"": 0.0, ""75"": 0.0, ""14"": 0.0, ""211"": 0.0, ""55"": 0.0, ""25"": 0.0, ""89"": 0.0, ""204"": 0.0, ""32"": 0.0, ""35"": 0.0, ""40"": 0.0, ""195"": 0.0, ""135"": 0.0, ""34"": 0.0, ""178"": 0.0, ""110"": 0.0, ""16"": 0.0, ""176"": 0.0, ""133"": 0.0, ""193"": 0.0, ""74"": 0.0, ""225"": 0.0, ""77"": 0.0, ""156"": 0.0, ""21"": 0.0, ""201"": 0.0, ""20"": 0.0, ""213"": 0.0, ""230"": 0.0, ""111"": 0.0, ""149"": 0.0, ""219"": 0.0, ""138"": 0.0, ""91"": 0.0, ""218"": 0.0, ""7"": 0.0, ""153"": 0.0, ""53"": 0.0, ""83"": 0.0, ""66"": 0.0, ""184"": 0.0, ""95"": 0.0, ""127"": 0.0, ""107"": 0.0, ""198"": 0.0, ""163"": 0.0, ""186"": 0.83, ""210"": 0.0, ""162"": 0.0, ""45"": 0.0, ""119"": 0.0, ""76"": 0.0, ""145"": 0.0, ""0"": 0.0, ""86"": 0.0, ""158"": 0.0, ""224"": 0.0, ""24"": 0.0, ""206"": 0.0, ""58"": 0.0, ""185"": 0.0, ""191"": 0.0, ""27"": 0.0, ""103"": 0.0, ""52"": 0.0, ""19"": 0.0, ""48"": 0.0, ""-1"": 0.01, ""154"": 0.0, ""116"": 0.0, ""142"": 0.0, ""180"": 0.0, ""54"": 0.0, ""64"": 0.0, ""28"": 0.0, ""33"": 0.0, ""10"": 0.0, ""173"": 0.0, ""51"": 0.0, ""62"": 0.0, ""115"": 0.0, ""47"": 0.0, ""6"": 0.0, ""192"": 0.0, ""92"": 0.0, ""87"": 0.0, ""152"": 0.0, ""160"": 0.0, ""182"": 0.0, ""59"": 0.0, ""141"": 0.0, ""61"": 0.0, ""84"": 0.0, ""151"": 0.0, ""5"": 0.0, ""29"": 0.0, ""125"": 0.0, ""31"": 0.0, ""214"": 0.0, ""189"": 0.0, ""41"": 0.0, ""229"": 0.0, ""157"": 0.0, ""3"": 0.0, ""168"": 0.0, ""11"": 0.0, ""137"": 0.0, ""104"": 0.0, ""96"": 0.0, ""143"": 0.0, ""72"": 0.0, ""233"": 0.0, ""164"": 0.0, ""190"": 0.0, ""39"": 0.0, ""97"": 0.0, ""203"": 0.0, ""109"": 0.0, ""81"": 0.0, ""49"": 0.0, ""215"": 0.0, ""227"": 0.0, ""43"": 0.0, ""36"": 0.0, ""60"": 0.0, ""88"": 0.0, ""1"": 0.0, ""56"": 0.0, ""132"": 0.0, ""42"": 0.0, ""199"": 0.0, ""57"": 0.0, ""101"": 0.0, ""73"": 0.0, ""140"": 0.0, ""194"": 0.0, ""177"": 0.0, ""167"": 0.0, ""98"": 0.0, ""217"": 0.0, ""221"": 0.0, ""82"": 0.0, ""169"": 0.0, ""4"": 0.0, ""179"": 0.0, ""100"": 0.0, ""234"": 0.09}",jev-1.13.0,05665c4d3bbe6c346fa3183373a5b0bf7403bdf584318176c673b6833298a68c
semantic-experiment:sentence5:bge:q70:v1:2397177249:000002503800-000002740200,234,semantic:bge:leaf-local-6-2:42:234,AI muudab üksikettevõtluse lihtsamaks,1.0,0.99,"{""23"": 0.0, ""131"": 0.0, ""220"": 0.0, ""170"": 0.0, ""155"": 0.0, ""218"": 0.0, ""88"": 0.0, ""149"": 0.0, ""108"": 0.0, ""134"": 0.0, ""217"": 0.0, ""8"": 0.0, ""56"": 0.0, ""204"": 0.0, ""109"": 0.0, ""184"": 0.0, ""147"": 0.0, ""160"": 0.0, ""199"": 0.0, ""140"": 0.0, ""226"": 0.0, ""179"": 0.0, ""42"": 0.0, ""26"": 0.0, ""185"": 0.0, ""167"": 0.0, ""132"": 0.0, ""168"": 0.0, ""227"": 0.0, ""116"": 0.0, ""60"": 0.0, ""89"": 0.0, ""209"": 0.0, ""70"": 0.0, ""67"": 0.0, ""62"": 0.0, ""143"": 0.0, ""53"": 0.0, ""190"": 0.0, ""158"": 0.0, ""10"": 0.0, ""126"": 0.0, ""221"": 0.0, ""1"": 0.0, ""81"": 0.0, ""157"": 0.0, ""210"": 0.0, ""5"": 0.0, ""63"": 0.0, ""215"": 0.0, ""110"": 0.0, ""94"": 0.0, ""91"": 0.0, ""144"": 0.0, ""99"": 0.0, ""73"": 0.0, ""90"": 0.0, ""182"": 0.0, ""65"": 0.0, ""195"": 0.0, ""223"": 0.0, ""107"": 0.0, ""112"": 0.0, ""17"": 0.0, ""96"": 0.0, ""159"": 0.0, ""212"": 0.0, ""105"": 0.0, ""27"": 0.0, ""15"": 0.0, ""206"": 0.0, ""176"": 0.0, ""102"": 0.0, ""151"": 0.0, ""68"": 0.0, ""36"": 0.0, ""178"": 0.0, ""174"": 0.0, ""192"": 0.0, ""162"": 0.0, ""41"": 0.0, ""123"": 0.0, ""136"": 0.0, ""197"": 0.0, ""55"": 0.0, ""175"": 0.0, ""152"": 0.0, ""93"": 0.0, ""92"": 0.0, ""12"": 0.0, ""111"": 0.0, ""145"": 0.0, ""7"": 0.0, ""71"": 0.0, ""127"": 0.0, ""101"": 0.0, ""118"": 0.0, ""198"": 0.0, ""181"": 0.0, ""171"": 0.0, ""30"": 0.0, ""61"": 0.0, ""188"": 0.0, ""125"": 0.0, ""203"": 0.0, ""31"": 0.0, ""229"": 0.0, ""13"": 0.0, ""230"": 0.0, ""177"": 0.0, ""2"": 0.0, ""45"": 0.0, ""39"": 0.0, ""57"": 0.0, ""232"": 0.0, ""222"": 0.0, ""180"": 0.0, ""173"": 0.0, ""234"": 1.0, ""100"": 0.0, ""9"": 0.0, ""64"": 0.0, ""205"": 0.0, ""233"": 0.0, ""97"": 0.0, ""50"": 0.0, ""74"": 0.0, ""103"": 0.0, ""-1"": 0.0, ""200"": 0.0, ""14"": 0.0, ""16"": 0.0, ""47"": 0.0, ""225"": 0.0, ""172"": 0.0, ""69"": 0.0, ""6"": 0.0, ""150"": 0.0, ""191"": 0.0, ""59"": 0.0, ""38"": 0.0, ""35"": 0.0, ""164"": 0.0, ""137"": 0.0, ""193"": 0.0, ""130"": 0.0, ""202"": 0.0, ""24"": 0.0, ""121"": 0.0, ""83"": 0.0, ""133"": 0.0, ""219"": 0.0, ""37"": 0.0, ""76"": 0.0, ""161"": 0.0, ""32"": 0.0, ""52"": 0.0, ""189"": 0.0, ""54"": 0.0, ""224"": 0.0, ""86"": 0.0, ""43"": 0.0, ""80"": 0.0, ""119"": 0.0, ""183"": 0.0, ""82"": 0.0, ""85"": 0.0, ""235"": 0.0, ""207"": 0.0, ""49"": 0.0, ""113"": 0.0, ""79"": 0.0, ""186"": 0.0, ""228"": 0.0, ""51"": 0.0, ""46"": 0.0, ""33"": 0.0, ""40"": 0.0, ""21"": 0.0, ""58"": 0.0, ""115"": 0.0, ""166"": 0.0, ""156"": 0.0, ""187"": 0.0, ""214"": 0.0, ""48"": 0.0, ""139"": 0.0, ""84"": 0.0, ""165"": 0.0, ""19"": 0.0, ""78"": 0.0, ""208"": 0.0, ""4"": 0.0, ""138"": 0.0, ""98"": 0.0, ""104"": 0.0, ""142"": 0.0, ""231"": 0.0, ""28"": 0.0, ""44"": 0.0, ""196"": 0.0, ""148"": 0.0, ""163"": 0.0, ""95"": 0.0, ""87"": 0.0, ""66"": 0.0, ""201"": 0.0, ""135"": 0.0, ""154"": 0.0, ""213"": 0.0, ""194"": 0.0, ""18"": 0.0, ""75"": 0.0, ""3"": 0.0, ""128"": 0.0, ""216"": 0.0, ""124"": 0.0, ""20"": 0.0, ""11"": 0.0, ""146"": 0.0, ""0"": 0.0, ""34"": 0.0, ""211"": 0.0, ""114"": 0.0, ""22"": 0.0, ""129"": 0.0, ""77"": 0.0, ""141"": 0.0, ""117"": 0.0, ""25"": 0.0, ""122"": 0.0, ""120"": 0.0, ""153"": 0.0, ""72"": 0.0, ""106"": 0.0, ""169"": 0.0, ""29"": 0.0}",jev-1.13.0,1c5c78adfb8bba5416bbcf3a62fc4ed37ade621d1b03fb2ac4d7b3dd591ab44e
semantic-experiment:sentence5:bge:q70:v1:2397177249:000002740200-000002863480,-1,semantic:bge:leaf-local-6-2:42:-1,Unassigned,0.55,0.53,"{""44"": 0.0, ""30"": 0.0, ""85"": 0.0, ""99"": 0.01, ""88"": 0.0, ""169"": 0.0, ""174"": 0.0, ""53"": 0.0, ""147"": 0.0, ""48"": 0.0, ""144"": 0.0, ""146"": 0.0, ""171"": 0.0, ""172"": 0.0, ""145"": 0.0, ""187"": 0.0, ""62"": 0.0, ""24"": 0.0, ""194"": 0.0, ""198"": 0.0, ""210"": 0.0, ""106"": 0.0, ""168"": 0.0, ""160"": 0.0, ""28"": 0.0, ""8"": 0.0, ""97"": 0.01, ""211"": 0.0, ""116"": 0.0, ""126"": 0.0, ""205"": 0.0, ""121"": 0.0, ""102"": 0.0, ""151"": 0.0, ""9"": 0.0, ""173"": 0.0, ""23"": 0.0, ""37"": 0.0, ""203"": 0.0, ""70"": 0.0, ""50"": 0.0, ""217"": 0.0, ""149"": 0.0, ""161"": 0.0, ""185"": 0.0, ""233"": 0.0, ""117"": 0.0, ""164"": 0.0, ""20"": 0.0, ""103"": 0.0, ""100"": 0.0, ""75"": 0.0, ""153"": 0.0, ""141"": 0.0, ""135"": 0.0, ""61"": 0.0, ""170"": 0.0, ""1"": 0.0, ""55"": 0.0, ""186"": 0.0, ""213"": 0.0, ""80"": 0.0, ""209"": 0.02, ""134"": 0.0, ""143"": 0.0, ""142"": 0.02, ""78"": 0.0, ""26"": 0.0, ""59"": 0.0, ""35"": 0.0, ""108"": 0.0, ""73"": 0.0, ""221"": 0.0, ""158"": 0.0, ""83"": 0.0, ""25"": 0.0, ""98"": 0.01, ""82"": 0.0, ""136"": 0.0, ""127"": 0.0, ""33"": 0.0, ""93"": 0.0, ""199"": 0.0, ""42"": 0.0, ""22"": 0.0, ""130"": 0.0, ""57"": 0.0, ""104"": 0.0, ""214"": 0.0, ""46"": 0.0, ""34"": 0.0, ""215"": 0.0, ""201"": 0.0, ""137"": 0.0, ""17"": 0.0, ""224"": 0.0, ""120"": 0.0, ""196"": 0.0, ""101"": 0.0, ""124"": 0.0, ""125"": 0.0, ""163"": 0.0, ""19"": 0.0, ""-1"": 0.55, ""113"": 0.0, ""12"": 0.0, ""68"": 0.17, ""39"": 0.0, ""182"": 0.0, ""129"": 0.0, ""41"": 0.0, ""138"": 0.0, ""87"": 0.0, ""228"": 0.0, ""3"": 0.0, ""219"": 0.0, ""79"": 0.0, ""54"": 0.0, ""0"": 0.0, ""140"": 0.0, ""235"": 0.0, ""175"": 0.0, ""192"": 0.0, ""133"": 0.0, ""188"": 0.0, ""118"": 0.0, ""77"": 0.0, ""180"": 0.0, ""206"": 0.0, ""4"": 0.0, ""60"": 0.0, ""156"": 0.0, ""155"": 0.0, ""58"": 0.0, ""10"": 0.0, ""74"": 0.0, ""131"": 0.0, ""32"": 0.0, ""193"": 0.0, ""47"": 0.0, ""179"": 0.0, ""89"": 0.0, ""69"": 0.0, ""112"": 0.0, ""90"": 0.0, ""189"": 0.0, ""36"": 0.0, ""15"": 0.0, ""110"": 0.0, ""27"": 0.0, ""31"": 0.0, ""200"": 0.0, ""218"": 0.0, ""232"": 0.0, ""76"": 0.04, ""225"": 0.0, ""29"": 0.0, ""139"": 0.0, ""111"": 0.0, ""72"": 0.0, ""92"": 0.0, ""229"": 0.0, ""67"": 0.0, ""18"": 0.0, ""197"": 0.0, ""5"": 0.0, ""195"": 0.0, ""43"": 0.0, ""71"": 0.0, ""152"": 0.0, ""123"": 0.0, ""148"": 0.0, ""231"": 0.0, ""184"": 0.0, ""2"": 0.0, ""86"": 0.0, ""204"": 0.0, ""227"": 0.0, ""38"": 0.0, ""128"": 0.0, ""84"": 0.0, ""181"": 0.0, ""166"": 0.0, ""109"": 0.0, ""167"": 0.0, ""65"": 0.0, ""6"": 0.0, ""132"": 0.0, ""16"": 0.0, ""115"": 0.0, ""159"": 0.0, ""56"": 0.0, ""51"": 0.0, ""52"": 0.0, ""119"": 0.0, ""95"": 0.01, ""177"": 0.0, ""230"": 0.0, ""202"": 0.0, ""81"": 0.0, ""114"": 0.0, ""63"": 0.0, ""223"": 0.0, ""220"": 0.0, ""96"": 0.01, ""190"": 0.0, ""216"": 0.0, ""107"": 0.0, ""183"": 0.0, ""21"": 0.0, ""66"": 0.0, ""13"": 0.0, ""207"": 0.0, ""212"": 0.0, ""7"": 0.0, ""91"": 0.0, ""150"": 0.0, ""208"": 0.0, ""226"": 0.0, ""105"": 0.0, ""122"": 0.0, ""178"": 0.0, ""162"": 0.0, ""49"": 0.0, ""40"": 0.0, ""11"": 0.0, ""14"": 0.0, ""191"": 0.0, ""64"": 0.0, ""222"": 0.0, ""176"": 0.0, ""154"": 0.0, ""94"": 0.01, ""234"": 0.05, ""165"": 0.0, ""45"": 0.0, ""157"": 0.09}",jev-1.13.0,6a0ef066f8ce412e105b74b7f03d7f1bbde658ea468704dabf813a0e34536765
semantic-experiment:sentence5:bge:q70:v1:2397177249:000002863480-000003132200,234,semantic:bge:leaf-local-6-2:42:234,AI muudab üksikettevõtluse lihtsamaks,0.99,0.98,"{""62"": 0.0, ""31"": 0.0, ""155"": 0.0, ""37"": 0.0, ""41"": 0.0, ""74"": 0.0, ""219"": 0.0, ""89"": 0.0, ""102"": 0.0, ""40"": 0.0, ""110"": 0.0, ""164"": 0.0, ""140"": 0.0, ""174"": 0.0, ""208"": 0.0, ""176"": 0.0, ""80"": 0.0, ""223"": 0.0, ""36"": 0.0, ""32"": 0.0, ""9"": 0.0, ""197"": 0.0, ""29"": 0.0, ""47"": 0.0, ""86"": 0.0, ""148"": 0.0, ""124"": 0.0, ""213"": 0.0, ""188"": 0.0, ""5"": 0.0, ""2"": 0.0, ""77"": 0.0, ""182"": 0.0, ""128"": 0.0, ""115"": 0.0, ""190"": 0.0, ""226"": 0.0, ""175"": 0.0, ""136"": 0.0, ""209"": 0.0, ""118"": 0.0, ""199"": 0.0, ""39"": 0.0, ""104"": 0.0, ""138"": 0.0, ""14"": 0.0, ""46"": 0.0, ""159"": 0.0, ""35"": 0.0, ""-1"": 0.01, ""26"": 0.0, ""96"": 0.0, ""229"": 0.0, ""156"": 0.0, ""177"": 0.0, ""150"": 0.0, ""42"": 0.0, ""34"": 0.0, ""154"": 0.0, ""22"": 0.0, ""147"": 0.0, ""71"": 0.0, ""179"": 0.0, ""126"": 0.0, ""4"": 0.0, ""13"": 0.0, ""21"": 0.0, ""85"": 0.0, ""67"": 0.0, ""228"": 0.0, ""54"": 0.0, ""131"": 0.0, ""225"": 0.0, ""33"": 0.0, ""99"": 0.0, ""19"": 0.0, ""18"": 0.0, ""93"": 0.0, ""3"": 0.0, ""50"": 0.0, ""28"": 0.0, ""203"": 0.0, ""7"": 0.0, ""202"": 0.0, ""227"": 0.0, ""194"": 0.0, ""45"": 0.0, ""125"": 0.0, ""38"": 0.0, ""58"": 0.0, ""144"": 0.0, ""206"": 0.0, ""180"": 0.0, ""116"": 0.0, ""69"": 0.0, ""8"": 0.0, ""53"": 0.0, ""15"": 0.0, ""162"": 0.0, ""129"": 0.0, ""198"": 0.0, ""120"": 0.0, ""82"": 0.0, ""49"": 0.0, ""51"": 0.0, ""217"": 0.0, ""189"": 0.0, ""76"": 0.0, ""216"": 0.0, ""173"": 0.0, ""122"": 0.0, ""90"": 0.0, ""218"": 0.0, ""210"": 0.0, ""153"": 0.0, ""192"": 0.0, ""105"": 0.0, ""73"": 0.0, ""167"": 0.0, ""98"": 0.0, ""23"": 0.0, ""59"": 0.0, ""214"": 0.0, ""27"": 0.0, ""100"": 0.0, ""87"": 0.0, ""142"": 0.0, ""224"": 0.0, ""168"": 0.0, ""66"": 0.0, ""171"": 0.0, ""107"": 0.0, ""211"": 0.0, ""111"": 0.0, ""114"": 0.0, ""200"": 0.0, ""166"": 0.0, ""187"": 0.0, ""78"": 0.0, ""68"": 0.0, ""161"": 0.0, ""160"": 0.0, ""137"": 0.0, ""191"": 0.0, ""57"": 0.0, ""165"": 0.0, ""133"": 0.0, ""172"": 0.0, ""157"": 0.0, ""0"": 0.0, ""109"": 0.0, ""135"": 0.0, ""195"": 0.0, ""151"": 0.0, ""207"": 0.0, ""204"": 0.0, ""158"": 0.0, ""185"": 0.0, ""186"": 0.0, ""94"": 0.0, ""181"": 0.0, ""183"": 0.0, ""139"": 0.0, ""143"": 0.0, ""196"": 0.0, ""81"": 0.0, ""230"": 0.0, ""149"": 0.0, ""48"": 0.0, ""70"": 0.0, ""108"": 0.0, ""95"": 0.0, ""17"": 0.0, ""10"": 0.0, ""60"": 0.0, ""112"": 0.0, ""163"": 0.0, ""91"": 0.0, ""30"": 0.0, ""113"": 0.0, ""92"": 0.0, ""215"": 0.0, ""20"": 0.0, ""25"": 0.0, ""222"": 0.0, ""106"": 0.0, ""1"": 0.0, ""121"": 0.0, ""65"": 0.0, ""83"": 0.0, ""103"": 0.0, ""132"": 0.0, ""56"": 0.0, ""88"": 0.0, ""61"": 0.0, ""234"": 0.99, ""232"": 0.0, ""75"": 0.0, ""119"": 0.0, ""233"": 0.0, ""152"": 0.0, ""184"": 0.0, ""235"": 0.0, ""178"": 0.0, ""141"": 0.0, ""134"": 0.0, ""84"": 0.0, ""52"": 0.0, ""44"": 0.0, ""170"": 0.0, ""212"": 0.0, ""97"": 0.0, ""145"": 0.0, ""12"": 0.0, ""146"": 0.0, ""16"": 0.0, ""123"": 0.0, ""205"": 0.0, ""64"": 0.0, ""231"": 0.0, ""193"": 0.0, ""11"": 0.0, ""55"": 0.0, ""169"": 0.0, ""117"": 0.0, ""101"": 0.0, ""130"": 0.0, ""24"": 0.0, ""79"": 0.0, ""72"": 0.0, ""6"": 0.0, ""127"": 0.0, ""220"": 0.0, ""221"": 0.0, ""43"": 0.0, ""63"": 0.0, ""201"": 0.0}",jev-1.13.0,fdd8f173cbb8a1ab0cd8d772ae93ff262ea5ae6f0ecc2f5097a0fd9984aaadef
semantic-experiment:sentence5:bge:q70:v1:2397177249:000003132200-000003300000,234,semantic:bge:leaf-local-6-2:42:234,AI muudab üksikettevõtluse lihtsamaks,0.98,0.97,"{""125"": 0.0, ""54"": 0.0, ""165"": 0.0, ""27"": 0.0, ""199"": 0.0, ""23"": 0.0, ""198"": 0.0, ""202"": 0.0, ""136"": 0.0, ""178"": 0.0, ""2"": 0.0, ""0"": 0.0, ""30"": 0.0, ""143"": 0.0, ""191"": 0.0, ""152"": 0.0, ""214"": 0.0, ""74"": 0.0, ""208"": 0.0, ""204"": 0.0, ""160"": 0.0, ""232"": 0.0, ""44"": 0.0, ""82"": 0.0, ""126"": 0.0, ""115"": 0.0, ""51"": 0.0, ""32"": 0.0, ""170"": 0.0, ""1"": 0.0, ""67"": 0.0, ""221"": 0.0, ""9"": 0.0, ""78"": 0.0, ""4"": 0.0, ""5"": 0.0, ""228"": 0.0, ""161"": 0.0, ""209"": 0.0, ""151"": 0.0, ""22"": 0.0, ""153"": 0.0, ""89"": 0.0, ""69"": 0.0, ""102"": 0.0, ""229"": 0.0, ""189"": 0.0, ""61"": 0.0, ""123"": 0.01, ""53"": 0.0, ""171"": 0.0, ""50"": 0.0, ""218"": 0.0, ""17"": 0.0, ""175"": 0.0, ""77"": 0.0, ""195"": 0.0, ""21"": 0.0, ""116"": 0.0, ""205"": 0.0, ""40"": 0.0, ""206"": 0.0, ""48"": 0.0, ""163"": 0.0, ""215"": 0.0, ""72"": 0.0, ""231"": 0.0, ""24"": 0.0, ""11"": 0.0, ""184"": 0.0, ""117"": 0.0, ""225"": 0.0, ""190"": 0.0, ""15"": 0.0, ""234"": 0.98, ""164"": 0.0, ""211"": 0.0, ""92"": 0.0, ""38"": 0.0, ""168"": 0.0, ""121"": 0.0, ""177"": 0.0, ""224"": 0.0, ""33"": 0.0, ""34"": 0.0, ""100"": 0.0, ""112"": 0.0, ""8"": 0.0, ""187"": 0.0, ""113"": 0.0, ""149"": 0.0, ""130"": 0.0, ""213"": 0.0, ""98"": 0.0, ""90"": 0.0, ""173"": 0.0, ""119"": 0.0, ""106"": 0.0, ""91"": 0.0, ""108"": 0.0, ""55"": 0.0, ""146"": 0.0, ""111"": 0.0, ""219"": 0.0, ""172"": 0.0, ""66"": 0.0, ""84"": 0.0, ""122"": 0.0, ""43"": 0.0, ""35"": 0.0, ""220"": 0.0, ""230"": 0.0, ""180"": 0.0, ""145"": 0.0, ""93"": 0.0, ""162"": 0.0, ""57"": 0.0, ""135"": 0.0, ""132"": 0.0, ""81"": 0.0, ""36"": 0.0, ""235"": 0.0, ""45"": 0.0, ""182"": 0.0, ""203"": 0.0, ""71"": 0.0, ""25"": 0.0, ""109"": 0.0, ""103"": 0.0, ""158"": 0.0, ""207"": 0.0, ""166"": 0.0, ""131"": 0.0, ""217"": 0.0, ""60"": 0.0, ""99"": 0.0, ""124"": 0.0, ""47"": 0.0, ""148"": 0.0, ""156"": 0.0, ""46"": 0.0, ""87"": 0.0, ""7"": 0.0, ""233"": 0.0, ""169"": 0.0, ""134"": 0.0, ""14"": 0.0, ""197"": 0.0, ""196"": 0.0, ""201"": 0.0, ""3"": 0.0, ""73"": 0.0, ""176"": 0.0, ""79"": 0.0, ""97"": 0.0, ""85"": 0.0, ""155"": 0.0, ""52"": 0.0, ""18"": 0.0, ""142"": 0.0, ""154"": 0.0, ""179"": 0.0, ""39"": 0.0, ""194"": 0.0, ""200"": 0.0, ""70"": 0.0, ""20"": 0.0, ""186"": 0.0, ""49"": 0.0, ""114"": 0.0, ""65"": 0.0, ""105"": 0.0, ""63"": 0.0, ""13"": 0.0, ""216"": 0.0, ""128"": 0.0, ""192"": 0.0, ""95"": 0.0, ""129"": 0.0, ""101"": 0.0, ""10"": 0.0, ""193"": 0.0, ""210"": 0.0, ""227"": 0.0, ""137"": 0.0, ""59"": 0.0, ""86"": 0.0, ""212"": 0.0, ""96"": 0.0, ""222"": 0.0, ""56"": 0.0, ""159"": 0.0, ""174"": 0.0, ""41"": 0.0, ""31"": 0.0, ""181"": 0.0, ""133"": 0.0, ""28"": 0.0, ""-1"": 0.01, ""147"": 0.0, ""19"": 0.0, ""226"": 0.0, ""140"": 0.0, ""223"": 0.0, ""42"": 0.0, ""139"": 0.0, ""144"": 0.0, ""6"": 0.0, ""16"": 0.0, ""127"": 0.0, ""75"": 0.0, ""88"": 0.0, ""58"": 0.0, ""62"": 0.0, ""141"": 0.0, ""138"": 0.0, ""64"": 0.0, ""188"": 0.0, ""118"": 0.0, ""104"": 0.0, ""12"": 0.0, ""68"": 0.0, ""76"": 0.0, ""157"": 0.0, ""107"": 0.0, ""150"": 0.0, ""80"": 0.0, ""37"": 0.0, ""110"": 0.0, ""83"": 0.0, ""183"": 0.0, ""185"": 0.0, ""120"": 0.0, ""94"": 0.0, ""26"": 0.0, ""167"": 0.0, ""29"": 0.0}",jev-1.13.0,f79e8e9e162003e28da080b525b8e3b5177ef72b7761b077ed971da7113efe66
semantic-experiment:sentence5:bge:q70:v1:2397177249:000003300000-000003394560,234,semantic:bge:leaf-local-6-2:42:234,AI muudab üksikettevõtluse lihtsamaks,0.67,0.66,"{""171"": 0.0, ""89"": 0.0, ""114"": 0.0, ""61"": 0.0, ""210"": 0.0, ""224"": 0.0, ""162"": 0.0, ""107"": 0.0, ""187"": 0.0, ""65"": 0.0, ""28"": 0.0, ""77"": 0.0, ""79"": 0.0, ""104"": 0.0, ""72"": 0.0, ""115"": 0.0, ""-1"": 0.0, ""76"": 0.0, ""84"": 0.0, ""206"": 0.0, ""219"": 0.0, ""91"": 0.0, ""151"": 0.0, ""181"": 0.0, ""176"": 0.0, ""50"": 0.0, ""101"": 0.0, ""14"": 0.0, ""184"": 0.0, ""113"": 0.0, ""234"": 0.67, ""54"": 0.0, ""150"": 0.0, ""37"": 0.0, ""118"": 0.0, ""64"": 0.0, ""4"": 0.0, ""155"": 0.0, ""25"": 0.0, ""47"": 0.0, ""217"": 0.0, ""78"": 0.0, ""2"": 0.0, ""17"": 0.0, ""40"": 0.0, ""182"": 0.0, ""136"": 0.0, ""15"": 0.0, ""230"": 0.0, ""130"": 0.0, ""110"": 0.0, ""51"": 0.0, ""42"": 0.0, ""183"": 0.0, ""196"": 0.0, ""111"": 0.0, ""179"": 0.0, ""103"": 0.0, ""125"": 0.0, ""52"": 0.0, ""99"": 0.0, ""32"": 0.0, ""95"": 0.0, ""213"": 0.0, ""133"": 0.0, ""3"": 0.0, ""75"": 0.0, ""195"": 0.0, ""123"": 0.0, ""12"": 0.0, ""180"": 0.0, ""92"": 0.0, ""186"": 0.33, ""18"": 0.0, ""228"": 0.0, ""94"": 0.0, ""232"": 0.0, ""58"": 0.0, ""167"": 0.0, ""120"": 0.0, ""144"": 0.0, ""202"": 0.0, ""161"": 0.0, ""149"": 0.0, ""116"": 0.0, ""165"": 0.0, ""222"": 0.0, ""205"": 0.0, ""215"": 0.0, ""96"": 0.0, ""169"": 0.0, ""158"": 0.0, ""33"": 0.0, ""121"": 0.0, ""170"": 0.0, ""220"": 0.0, ""86"": 0.0, ""109"": 0.0, ""188"": 0.0, ""214"": 0.0, ""128"": 0.0, ""168"": 0.0, ""10"": 0.0, ""29"": 0.0, ""139"": 0.0, ""20"": 0.0, ""164"": 0.0, ""35"": 0.0, ""34"": 0.0, ""98"": 0.0, ""153"": 0.0, ""134"": 0.0, ""124"": 0.0, ""82"": 0.0, ""93"": 0.0, ""24"": 0.0, ""172"": 0.0, ""154"": 0.0, ""218"": 0.0, ""43"": 0.0, ""85"": 0.0, ""177"": 0.0, ""178"": 0.0, ""80"": 0.0, ""68"": 0.0, ""67"": 0.0, ""45"": 0.0, ""137"": 0.0, ""204"": 0.0, ""227"": 0.0, ""30"": 0.0, ""166"": 0.0, ""63"": 0.0, ""88"": 0.0, ""140"": 0.0, ""108"": 0.0, ""156"": 0.0, ""216"": 0.0, ""145"": 0.0, ""194"": 0.0, ""5"": 0.0, ""21"": 0.0, ""157"": 0.0, ""8"": 0.0, ""192"": 0.0, ""87"": 0.0, ""142"": 0.0, ""141"": 0.0, ""0"": 0.0, ""26"": 0.0, ""146"": 0.0, ""60"": 0.0, ""7"": 0.0, ""126"": 0.0, ""209"": 0.0, ""81"": 0.0, ""226"": 0.0, ""13"": 0.0, ""38"": 0.0, ""57"": 0.0, ""233"": 0.0, ""159"": 0.0, ""147"": 0.0, ""152"": 0.0, ""173"": 0.0, ""174"": 0.0, ""112"": 0.0, ""6"": 0.0, ""66"": 0.0, ""49"": 0.0, ""90"": 0.0, ""73"": 0.0, ""175"": 0.0, ""46"": 0.0, ""221"": 0.0, ""223"": 0.0, ""44"": 0.0, ""201"": 0.0, ""163"": 0.0, ""1"": 0.0, ""23"": 0.0, ""62"": 0.0, ""36"": 0.0, ""71"": 0.0, ""48"": 0.0, ""100"": 0.0, ""197"": 0.0, ""122"": 0.0, ""160"": 0.0, ""97"": 0.0, ""41"": 0.0, ""193"": 0.0, ""135"": 0.0, ""83"": 0.0, ""39"": 0.0, ""119"": 0.0, ""212"": 0.0, ""19"": 0.0, ""138"": 0.0, ""191"": 0.0, ""199"": 0.0, ""74"": 0.0, ""9"": 0.0, ""203"": 0.0, ""31"": 0.0, ""27"": 0.0, ""143"": 0.0, ""106"": 0.0, ""117"": 0.0, ""102"": 0.0, ""131"": 0.0, ""200"": 0.0, ""69"": 0.0, ""207"": 0.0, ""55"": 0.0, ""198"": 0.0, ""185"": 0.0, ""235"": 0.0, ""208"": 0.0, ""70"": 0.0, ""225"": 0.0, ""59"": 0.0, ""56"": 0.0, ""190"": 0.0, ""132"": 0.0, ""229"": 0.0, ""22"": 0.0, ""231"": 0.0, ""129"": 0.0, ""148"": 0.0, ""11"": 0.0, ""105"": 0.0, ""16"": 0.0, ""127"": 0.0, ""189"": 0.0, ""211"": 0.0, ""53"": 0.0}",jev-1.13.0,1d0e2e235ed077c3608488923d473dc4fe5007e73a422416317dd1c6d55a6582
semantic-experiment:sentence5:bge:q70:v1:2397177249:000003394560-000003497680,-1,semantic:bge:leaf-local-6-2:42:-1,Unassigned,0.56,0.55,"{""-1"": 0.56, ""203"": 0.0, ""170"": 0.0, ""107"": 0.0, ""48"": 0.0, ""21"": 0.0, ""13"": 0.0, ""108"": 0.0, ""169"": 0.0, ""83"": 0.0, ""200"": 0.0, ""51"": 0.0, ""98"": 0.01, ""52"": 0.0, ""101"": 0.0, ""49"": 0.0, ""218"": 0.0, ""6"": 0.0, ""17"": 0.0, ""64"": 0.0, ""190"": 0.0, ""163"": 0.0, ""204"": 0.0, ""12"": 0.0, ""2"": 0.0, ""82"": 0.0, ""47"": 0.0, ""35"": 0.0, ""201"": 0.0, ""228"": 0.0, ""179"": 0.0, ""155"": 0.0, ""106"": 0.0, ""142"": 0.0, ""95"": 0.01, ""73"": 0.0, ""75"": 0.0, ""76"": 0.0, ""206"": 0.0, ""45"": 0.0, ""72"": 0.0, ""24"": 0.0, ""189"": 0.0, ""42"": 0.0, ""84"": 0.0, ""27"": 0.0, ""225"": 0.0, ""222"": 0.0, ""56"": 0.0, ""199"": 0.0, ""37"": 0.0, ""212"": 0.0, ""231"": 0.0, ""175"": 0.0, ""121"": 0.0, ""115"": 0.0, ""211"": 0.0, ""132"": 0.0, ""54"": 0.0, ""227"": 0.0, ""61"": 0.0, ""177"": 0.0, ""191"": 0.0, ""92"": 0.0, ""176"": 0.0, ""195"": 0.0, ""63"": 0.0, ""81"": 0.0, ""77"": 0.0, ""157"": 0.06999999999999999, ""0"": 0.0, ""111"": 0.0, ""66"": 0.0, ""30"": 0.0, ""87"": 0.0, ""213"": 0.0, ""187"": 0.0, ""74"": 0.0, ""9"": 0.0, ""126"": 0.0, ""186"": 0.15000000000000002, ""90"": 0.0, ""71"": 0.0, ""151"": 0.0, ""232"": 0.0, ""91"": 0.0, ""147"": 0.0, ""14"": 0.0, ""86"": 0.0, ""20"": 0.0, ""136"": 0.0, ""172"": 0.0, ""148"": 0.0, ""15"": 0.0, ""182"": 0.0, ""153"": 0.0, ""113"": 0.0, ""184"": 0.0, ""188"": 0.0, ""185"": 0.0, ""137"": 0.0, ""5"": 0.0, ""29"": 0.0, ""65"": 0.0, ""138"": 0.0, ""3"": 0.0, ""79"": 0.0, ""19"": 0.0, ""134"": 0.0, ""39"": 0.0, ""44"": 0.0, ""68"": 0.06999999999999999, ""4"": 0.0, ""57"": 0.0, ""78"": 0.0, ""109"": 0.0, ""202"": 0.0, ""36"": 0.0, ""160"": 0.0, ""34"": 0.0, ""10"": 0.0, ""119"": 0.0, ""180"": 0.0, ""85"": 0.0, ""166"": 0.0, ""208"": 0.0, ""99"": 0.01, ""165"": 0.0, ""102"": 0.0, ""145"": 0.0, ""32"": 0.0, ""207"": 0.0, ""150"": 0.0, ""124"": 0.0, ""149"": 0.0, ""116"": 0.02, ""143"": 0.0, ""224"": 0.0, ""173"": 0.0, ""53"": 0.0, ""219"": 0.0, ""59"": 0.0, ""112"": 0.0, ""164"": 0.0, ""31"": 0.0, ""192"": 0.0, ""23"": 0.0, ""216"": 0.0, ""38"": 0.0, ""196"": 0.0, ""233"": 0.0, ""22"": 0.0, ""130"": 0.0, ""194"": 0.0, ""221"": 0.0, ""125"": 0.0, ""234"": 0.05, ""181"": 0.0, ""210"": 0.0, ""110"": 0.0, ""67"": 0.0, ""229"": 0.0, ""158"": 0.0, ""223"": 0.0, ""103"": 0.0, ""156"": 0.0, ""96"": 0.01, ""11"": 0.0, ""60"": 0.0, ""235"": 0.0, ""120"": 0.0, ""152"": 0.0, ""43"": 0.0, ""69"": 0.0, ""28"": 0.0, ""128"": 0.0, ""55"": 0.0, ""168"": 0.0, ""123"": 0.0, ""97"": 0.01, ""129"": 0.0, ""167"": 0.0, ""62"": 0.0, ""214"": 0.0, ""94"": 0.0, ""118"": 0.0, ""100"": 0.0, ""16"": 0.0, ""217"": 0.0, ""162"": 0.0, ""7"": 0.0, ""197"": 0.0, ""171"": 0.0, ""140"": 0.0, ""220"": 0.0, ""41"": 0.0, ""230"": 0.0, ""144"": 0.0, ""209"": 0.0, ""146"": 0.0, ""135"": 0.0, ""215"": 0.0, ""33"": 0.0, ""183"": 0.0, ""1"": 0.0, ""114"": 0.0, ""105"": 0.0, ""117"": 0.0, ""141"": 0.0, ""104"": 0.0, ""88"": 0.0, ""93"": 0.0, ""80"": 0.0, ""89"": 0.0, ""161"": 0.0, ""205"": 0.0, ""58"": 0.0, ""50"": 0.0, ""18"": 0.0, ""178"": 0.0, ""154"": 0.0, ""174"": 0.0, ""40"": 0.0, ""131"": 0.0, ""122"": 0.0, ""127"": 0.0, ""8"": 0.0, ""133"": 0.0, ""198"": 0.0, ""26"": 0.0, ""139"": 0.0, ""193"": 0.0, ""70"": 0.03, ""159"": 0.0, ""226"": 0.0, ""46"": 0.0, ""25"": 0.0}",jev-1.13.0,ddb826f4ad3e2697398ea4c41aab6550fff2d7bbe2dde666850a71491d0b8b11
semantic-experiment:sentence5:bge:q70:v1:2397177249:000003497680-000003707160,186,semantic:bge:leaf-local-6-2:42:186,AI mõju töökorraldusele ja tööturule,1.0,0.99,"{""132"": 0.0, ""96"": 0.0, ""195"": 0.0, ""59"": 0.0, ""65"": 0.0, ""52"": 0.0, ""121"": 0.0, ""4"": 0.0, ""209"": 0.0, ""189"": 0.0, ""131"": 0.0, ""1"": 0.0, ""51"": 0.0, ""147"": 0.0, ""45"": 0.0, ""102"": 0.0, ""42"": 0.0, ""207"": 0.0, ""75"": 0.0, ""138"": 0.0, ""39"": 0.0, ""151"": 0.0, ""92"": 0.0, ""176"": 0.0, ""192"": 0.0, ""2"": 0.0, ""19"": 0.0, ""41"": 0.0, ""56"": 0.0, ""91"": 0.0, ""159"": 0.0, ""101"": 0.0, ""61"": 0.0, ""141"": 0.0, ""228"": 0.0, ""24"": 0.0, ""165"": 0.0, ""50"": 0.0, ""22"": 0.0, ""37"": 0.0, ""216"": 0.0, ""217"": 0.0, ""34"": 0.0, ""230"": 0.0, ""201"": 0.0, ""197"": 0.0, ""222"": 0.0, ""232"": 0.0, ""231"": 0.0, ""97"": 0.0, ""158"": 0.0, ""32"": 0.0, ""29"": 0.0, ""149"": 0.0, ""210"": 0.0, ""157"": 0.0, ""40"": 0.0, ""105"": 0.0, ""113"": 0.0, ""215"": 0.0, ""190"": 0.0, ""49"": 0.0, ""182"": 0.0, ""162"": 0.0, ""143"": 0.0, ""155"": 0.0, ""94"": 0.0, ""66"": 0.0, ""153"": 0.0, ""194"": 0.0, ""8"": 0.0, ""206"": 0.0, ""115"": 0.0, ""35"": 0.0, ""7"": 0.0, ""145"": 0.0, ""140"": 0.0, ""199"": 0.0, ""25"": 0.0, ""170"": 0.0, ""234"": 0.0, ""225"": 0.0, ""173"": 0.0, ""110"": 0.0, ""191"": 0.0, ""193"": 0.0, ""186"": 1.0, ""67"": 0.0, ""202"": 0.0, ""196"": 0.0, ""109"": 0.0, ""70"": 0.0, ""183"": 0.0, ""38"": 0.0, ""126"": 0.0, ""122"": 0.0, ""181"": 0.0, ""48"": 0.0, ""163"": 0.0, ""184"": 0.0, ""135"": 0.0, ""12"": 0.0, ""72"": 0.0, ""83"": 0.0, ""90"": 0.0, ""137"": 0.0, ""55"": 0.0, ""120"": 0.0, ""169"": 0.0, ""187"": 0.0, ""74"": 0.0, ""77"": 0.0, ""203"": 0.0, ""198"": 0.0, ""33"": 0.0, ""117"": 0.0, ""223"": 0.0, ""82"": 0.0, ""130"": 0.0, ""204"": 0.0, ""57"": 0.0, ""-1"": 0.0, ""124"": 0.0, ""21"": 0.0, ""86"": 0.0, ""171"": 0.0, ""5"": 0.0, ""185"": 0.0, ""26"": 0.0, ""123"": 0.0, ""79"": 0.0, ""118"": 0.0, ""188"": 0.0, ""58"": 0.0, ""62"": 0.0, ""14"": 0.0, ""81"": 0.0, ""76"": 0.0, ""218"": 0.0, ""156"": 0.0, ""211"": 0.0, ""87"": 0.0, ""235"": 0.0, ""36"": 0.0, ""233"": 0.0, ""128"": 0.0, ""178"": 0.0, ""85"": 0.0, ""16"": 0.0, ""107"": 0.0, ""0"": 0.0, ""108"": 0.0, ""69"": 0.0, ""47"": 0.0, ""177"": 0.0, ""64"": 0.0, ""104"": 0.0, ""119"": 0.0, ""208"": 0.0, ""99"": 0.0, ""224"": 0.0, ""106"": 0.0, ""152"": 0.0, ""112"": 0.0, ""220"": 0.0, ""17"": 0.0, ""168"": 0.0, ""114"": 0.0, ""60"": 0.0, ""213"": 0.0, ""116"": 0.0, ""9"": 0.0, ""179"": 0.0, ""78"": 0.0, ""23"": 0.0, ""95"": 0.0, ""71"": 0.0, ""31"": 0.0, ""3"": 0.0, ""227"": 0.0, ""200"": 0.0, ""13"": 0.0, ""98"": 0.0, ""226"": 0.0, ""133"": 0.0, ""139"": 0.0, ""164"": 0.0, ""63"": 0.0, ""11"": 0.0, ""125"": 0.0, ""229"": 0.0, ""129"": 0.0, ""142"": 0.0, ""43"": 0.0, ""175"": 0.0, ""27"": 0.0, ""136"": 0.0, ""167"": 0.0, ""20"": 0.0, ""84"": 0.0, ""219"": 0.0, ""93"": 0.0, ""172"": 0.0, ""212"": 0.0, ""100"": 0.0, ""46"": 0.0, ""28"": 0.0, ""166"": 0.0, ""88"": 0.0, ""30"": 0.0, ""144"": 0.0, ""148"": 0.0, ""103"": 0.0, ""127"": 0.0, ""80"": 0.0, ""180"": 0.0, ""53"": 0.0, ""6"": 0.0, ""73"": 0.0, ""146"": 0.0, ""160"": 0.0, ""44"": 0.0, ""150"": 0.0, ""10"": 0.0, ""89"": 0.0, ""68"": 0.0, ""214"": 0.0, ""221"": 0.0, ""18"": 0.0, ""15"": 0.0, ""134"": 0.0, ""154"": 0.0, ""174"": 0.0, ""111"": 0.0, ""54"": 0.0, ""205"": 0.0, ""161"": 0.0}",jev-1.13.0,d76c5309fdecae87a5aca0c850578814a2eedd7013b01ce740d32ee9c398ee81
semantic-experiment:sentence5:bge:q70:v1:2397177249:000003707160-000003752960,-1,semantic:bge:leaf-local-6-2:42:-1,Unassigned,0.49,0.48,"{""22"": 0.0, ""12"": 0.0, ""136"": 0.0, ""53"": 0.0, ""48"": 0.0, ""9"": 0.0, ""172"": 0.0, ""63"": 0.0, ""70"": 0.0, ""44"": 0.0, ""96"": 0.01, ""192"": 0.0, ""7"": 0.0, ""219"": 0.0, ""126"": 0.0, ""16"": 0.0, ""177"": 0.0, ""182"": 0.0, ""83"": 0.0, ""137"": 0.0, ""227"": 0.0, ""211"": 0.0, ""132"": 0.0, ""159"": 0.0, ""181"": 0.0, ""102"": 0.0, ""45"": 0.0, ""121"": 0.0, ""79"": 0.03, ""28"": 0.0, ""78"": 0.0, ""119"": 0.0, ""2"": 0.0, ""140"": 0.0, ""88"": 0.0, ""212"": 0.0, ""141"": 0.0, ""125"": 0.0, ""47"": 0.0, ""57"": 0.0, ""149"": 0.0, ""184"": 0.0, ""153"": 0.0, ""154"": 0.0, ""148"": 0.0, ""20"": 0.0, ""146"": 0.0, ""206"": 0.0, ""0"": 0.0, ""208"": 0.0, ""145"": 0.0, ""128"": 0.0, ""204"": 0.0, ""221"": 0.0, ""94"": 0.0, ""222"": 0.0, ""67"": 0.0, ""218"": 0.0, ""183"": 0.0, ""122"": 0.0, ""139"": 0.0, ""61"": 0.0, ""151"": 0.0, ""129"": 0.0, ""40"": 0.0, ""205"": 0.0, ""65"": 0.0, ""131"": 0.0, ""1"": 0.0, ""15"": 0.0, ""133"": 0.0, ""50"": 0.0, ""112"": 0.0, ""197"": 0.0, ""117"": 0.0, ""59"": 0.0, ""210"": 0.0, ""71"": 0.0, ""163"": 0.0, ""194"": 0.0, ""180"": 0.0, ""82"": 0.0, ""201"": 0.0, ""51"": 0.0, ""60"": 0.0, ""155"": 0.0, ""11"": 0.44, ""55"": 0.0, ""36"": 0.0, ""169"": 0.0, ""73"": 0.0, ""8"": 0.0, ""110"": 0.0, ""214"": 0.0, ""49"": 0.0, ""18"": 0.0, ""226"": 0.0, ""224"": 0.0, ""34"": 0.0, ""52"": 0.0, ""33"": 0.0, ""216"": 0.0, ""199"": 0.0, ""174"": 0.0, ""111"": 0.0, ""17"": 0.0, ""37"": 0.0, ""200"": 0.0, ""32"": 0.0, ""77"": 0.0, ""171"": 0.0, ""95"": 0.0, ""75"": 0.0, ""202"": 0.0, ""173"": 0.0, ""193"": 0.0, ""168"": 0.0, ""21"": 0.0, ""90"": 0.0, ""31"": 0.0, ""118"": 0.0, ""195"": 0.0, ""39"": 0.0, ""165"": 0.0, ""3"": 0.0, ""144"": 0.0, ""19"": 0.0, ""38"": 0.0, ""189"": 0.0, ""41"": 0.0, ""225"": 0.0, ""123"": 0.0, ""158"": 0.0, ""176"": 0.0, ""113"": 0.0, ""35"": 0.0, ""178"": 0.0, ""207"": 0.0, ""81"": 0.0, ""142"": 0.0, ""167"": 0.0, ""234"": 0.0, ""166"": 0.0, ""162"": 0.0, ""130"": 0.0, ""160"": 0.0, ""30"": 0.0, ""230"": 0.0, ""54"": 0.0, ""56"": 0.0, ""80"": 0.0, ""93"": 0.0, ""14"": 0.0, ""120"": 0.0, ""164"": 0.0, ""127"": 0.0, ""233"": 0.0, ""46"": 0.0, ""185"": 0.0, ""213"": 0.0, ""170"": 0.0, ""203"": 0.0, ""85"": 0.0, ""217"": 0.0, ""150"": 0.0, ""228"": 0.0, ""190"": 0.0, ""98"": 0.01, ""108"": 0.0, ""135"": 0.0, ""74"": 0.0, ""215"": 0.0, ""27"": 0.0, ""87"": 0.0, ""10"": 0.0, ""42"": 0.0, ""223"": 0.0, ""101"": 0.0, ""62"": 0.0, ""26"": 0.0, ""198"": 0.0, ""138"": 0.0, ""116"": 0.0, ""124"": 0.0, ""231"": 0.0, ""143"": 0.0, ""106"": 0.0, ""66"": 0.0, ""188"": 0.0, ""69"": 0.0, ""114"": 0.0, ""100"": 0.0, ""235"": 0.0, ""97"": 0.01, ""187"": 0.0, ""103"": 0.0, ""4"": 0.0, ""84"": 0.0, ""109"": 0.0, ""104"": 0.0, ""89"": 0.0, ""147"": 0.0, ""175"": 0.0, ""105"": 0.0, ""196"": 0.0, ""152"": 0.0, ""161"": 0.0, ""191"": 0.0, ""220"": 0.0, ""-1"": 0.49, ""5"": 0.0, ""6"": 0.0, ""186"": 0.0, ""232"": 0.0, ""99"": 0.01, ""23"": 0.0, ""13"": 0.0, ""58"": 0.0, ""29"": 0.0, ""72"": 0.0, ""92"": 0.0, ""24"": 0.0, ""64"": 0.0, ""229"": 0.0, ""25"": 0.0, ""209"": 0.0, ""76"": 0.0, ""86"": 0.0, ""68"": 0.0, ""134"": 0.0, ""157"": 0.0, ""179"": 0.0, ""156"": 0.0, ""91"": 0.0, ""115"": 0.0, ""43"": 0.0, ""107"": 0.0}",jev-1.13.0,2297c969f2c58c3a30915c813d4532487fdaa644f6d70996c7dea8de075e75f3
semantic-experiment:sentence5:bge:q70:v1:2397177249:000003752960-000003949840,186,semantic:bge:leaf-local-6-2:42:186,AI mõju töökorraldusele ja tööturule,0.99,0.99,"{""23"": 0.0, ""131"": 0.0, ""220"": 0.0, ""170"": 0.0, ""155"": 0.0, ""218"": 0.0, ""149"": 0.0, ""88"": 0.0, ""108"": 0.0, ""134"": 0.0, ""8"": 0.0, ""217"": 0.0, ""56"": 0.0, ""147"": 0.0, ""109"": 0.0, ""184"": 0.0, ""204"": 0.0, ""160"": 0.0, ""140"": 0.0, ""199"": 0.0, ""226"": 0.0, ""179"": 0.0, ""42"": 0.0, ""26"": 0.0, ""185"": 0.0, ""167"": 0.0, ""132"": 0.0, ""227"": 0.0, ""168"": 0.0, ""60"": 0.0, ""116"": 0.0, ""89"": 0.0, ""209"": 0.0, ""70"": 0.0, ""67"": 0.0, ""62"": 0.0, ""143"": 0.0, ""53"": 0.0, ""190"": 0.0, ""158"": 0.0, ""10"": 0.0, ""126"": 0.0, ""221"": 0.0, ""1"": 0.0, ""81"": 0.0, ""157"": 0.0, ""210"": 0.0, ""5"": 0.0, ""63"": 0.0, ""215"": 0.0, ""110"": 0.0, ""91"": 0.0, ""94"": 0.0, ""144"": 0.0, ""99"": 0.0, ""73"": 0.0, ""90"": 0.0, ""182"": 0.0, ""65"": 0.0, ""195"": 0.0, ""223"": 0.0, ""107"": 0.0, ""112"": 0.0, ""17"": 0.0, ""96"": 0.0, ""159"": 0.0, ""212"": 0.0, ""105"": 0.0, ""27"": 0.0, ""15"": 0.0, ""206"": 0.0, ""176"": 0.0, ""102"": 0.0, ""151"": 0.0, ""68"": 0.0, ""36"": 0.0, ""178"": 0.0, ""174"": 0.0, ""192"": 0.0, ""162"": 0.0, ""41"": 0.0, ""123"": 0.0, ""136"": 0.0, ""197"": 0.0, ""55"": 0.0, ""175"": 0.0, ""12"": 0.0, ""93"": 0.0, ""111"": 0.0, ""92"": 0.0, ""152"": 0.0, ""145"": 0.0, ""7"": 0.0, ""71"": 0.0, ""127"": 0.0, ""118"": 0.0, ""101"": 0.0, ""198"": 0.0, ""181"": 0.0, ""171"": 0.0, ""30"": 0.0, ""61"": 0.0, ""188"": 0.0, ""125"": 0.0, ""229"": 0.0, ""31"": 0.0, ""203"": 0.0, ""13"": 0.0, ""230"": 0.0, ""45"": 0.0, ""2"": 0.0, ""177"": 0.0, ""39"": 0.0, ""57"": 0.0, ""232"": 0.0, ""234"": 0.0, ""173"": 0.0, ""180"": 0.0, ""222"": 0.0, ""100"": 0.0, ""9"": 0.0, ""64"": 0.0, ""205"": 0.0, ""233"": 0.0, ""97"": 0.0, ""50"": 0.0, ""103"": 0.0, ""74"": 0.0, ""-1"": 0.0, ""200"": 0.0, ""14"": 0.0, ""16"": 0.0, ""47"": 0.0, ""225"": 0.0, ""172"": 0.0, ""69"": 0.0, ""59"": 0.0, ""150"": 0.0, ""191"": 0.0, ""6"": 0.0, ""38"": 0.0, ""35"": 0.0, ""137"": 0.0, ""164"": 0.0, ""193"": 0.0, ""130"": 0.0, ""202"": 0.0, ""24"": 0.0, ""133"": 0.0, ""83"": 0.0, ""121"": 0.0, ""219"": 0.0, ""189"": 0.0, ""76"": 0.0, ""161"": 0.0, ""224"": 0.0, ""52"": 0.0, ""32"": 0.0, ""54"": 0.0, ""37"": 0.0, ""86"": 0.0, ""43"": 0.0, ""80"": 0.0, ""119"": 0.0, ""183"": 0.0, ""82"": 0.01, ""85"": 0.0, ""235"": 0.0, ""207"": 0.0, ""49"": 0.0, ""113"": 0.0, ""79"": 0.0, ""186"": 0.99, ""228"": 0.0, ""46"": 0.0, ""51"": 0.0, ""33"": 0.0, ""40"": 0.0, ""21"": 0.0, ""115"": 0.0, ""58"": 0.0, ""166"": 0.0, ""156"": 0.0, ""187"": 0.0, ""214"": 0.0, ""48"": 0.0, ""139"": 0.0, ""84"": 0.0, ""165"": 0.0, ""19"": 0.0, ""78"": 0.0, ""208"": 0.0, ""4"": 0.0, ""138"": 0.0, ""98"": 0.0, ""104"": 0.0, ""142"": 0.0, ""231"": 0.0, ""28"": 0.0, ""44"": 0.0, ""196"": 0.0, ""148"": 0.0, ""95"": 0.0, ""163"": 0.0, ""87"": 0.0, ""66"": 0.0, ""201"": 0.0, ""135"": 0.0, ""154"": 0.0, ""213"": 0.0, ""194"": 0.0, ""18"": 0.0, ""3"": 0.0, ""75"": 0.0, ""128"": 0.0, ""20"": 0.0, ""216"": 0.0, ""124"": 0.0, ""146"": 0.0, ""11"": 0.0, ""211"": 0.0, ""34"": 0.0, ""0"": 0.0, ""114"": 0.0, ""22"": 0.0, ""129"": 0.0, ""77"": 0.0, ""141"": 0.0, ""117"": 0.0, ""122"": 0.0, ""25"": 0.0, ""120"": 0.0, ""153"": 0.0, ""72"": 0.0, ""106"": 0.0, ""169"": 0.0, ""29"": 0.0}",jev-1.13.0,b60a3e1532b6e5e9b44eeaf322e73dd8b0a815efa7292983124f5288546c822c
semantic-experiment:sentence5:bge:q70:v1:2397177249:000003949840-000004117240,234,semantic:bge:leaf-local-6-2:42:234,AI muudab üksikettevõtluse lihtsamaks,0.39,0.37,"{""186"": 0.09, ""119"": 0.060000000000000005, ""163"": 0.0, ""107"": 0.0, ""110"": 0.0, ""165"": 0.0, ""63"": 0.0, ""91"": 0.0, ""235"": 0.0, ""219"": 0.0, ""218"": 0.0, ""187"": 0.0, ""184"": 0.0, ""143"": 0.0, ""151"": 0.0, ""129"": 0.0, ""190"": 0.0, ""42"": 0.0, ""201"": 0.0, ""103"": 0.0, ""200"": 0.0, ""178"": 0.0, ""27"": 0.0, ""46"": 0.0, ""67"": 0.0, ""211"": 0.0, ""12"": 0.0, ""225"": 0.0, ""95"": 0.0, ""160"": 0.0, ""191"": 0.0, ""111"": 0.0, ""30"": 0.0, ""6"": 0.0, ""7"": 0.0, ""68"": 0.0, ""175"": 0.0, ""144"": 0.0, ""20"": 0.0, ""38"": 0.0, ""162"": 0.0, ""10"": 0.0, ""161"": 0.0, ""130"": 0.0, ""196"": 0.0, ""232"": 0.0, ""87"": 0.0, ""60"": 0.0, ""207"": 0.0, ""157"": 0.0, ""182"": 0.0, ""171"": 0.0, ""197"": 0.0, ""18"": 0.0, ""64"": 0.0, ""55"": 0.0, ""99"": 0.0, ""158"": 0.0, ""92"": 0.0, ""34"": 0.0, ""228"": 0.0, ""122"": 0.0, ""132"": 0.0, ""224"": 0.0, ""48"": 0.0, ""61"": 0.0, ""222"": 0.0, ""1"": 0.0, ""45"": 0.0, ""153"": 0.0, ""88"": 0.0, ""164"": 0.0, ""118"": 0.0, ""140"": 0.0, ""136"": 0.0, ""193"": 0.0, ""148"": 0.0, ""4"": 0.0, ""0"": 0.0, ""145"": 0.0, ""26"": 0.0, ""181"": 0.0, ""179"": 0.0, ""59"": 0.0, ""81"": 0.0, ""19"": 0.0, ""135"": 0.0, ""3"": 0.0, ""96"": 0.0, ""208"": 0.0, ""2"": 0.0, ""79"": 0.0, ""104"": 0.0, ""97"": 0.0, ""40"": 0.0, ""21"": 0.0, ""15"": 0.0, ""203"": 0.0, ""123"": 0.0, ""198"": 0.0, ""202"": 0.0, ""127"": 0.0, ""121"": 0.0, ""102"": 0.0, ""189"": 0.0, ""78"": 0.0, ""227"": 0.0, ""76"": 0.0, ""85"": 0.0, ""31"": 0.0, ""137"": 0.0, ""172"": 0.0, ""180"": 0.0, ""69"": 0.0, ""84"": 0.0, ""35"": 0.0, ""74"": 0.0, ""37"": 0.0, ""33"": 0.0, ""5"": 0.0, ""25"": 0.0, ""109"": 0.0, ""86"": 0.0, ""39"": 0.0, ""9"": 0.28, ""168"": 0.0, ""124"": 0.0, ""152"": 0.0, ""226"": 0.0, ""114"": 0.0, ""233"": 0.0, ""75"": 0.0, ""70"": 0.0, ""147"": 0.0, ""52"": 0.0, ""24"": 0.0, ""71"": 0.0, ""134"": 0.0, ""212"": 0.0, ""120"": 0.0, ""77"": 0.0, ""138"": 0.0, ""57"": 0.0, ""128"": 0.0, ""169"": 0.0, ""220"": 0.0, ""142"": 0.0, ""23"": 0.0, ""150"": 0.01, ""173"": 0.0, ""155"": 0.0, ""146"": 0.0, ""126"": 0.0, ""154"": 0.0, ""54"": 0.0, ""176"": 0.0, ""8"": 0.0, ""170"": 0.0, ""167"": 0.0, ""115"": 0.0, ""93"": 0.0, ""82"": 0.02, ""94"": 0.0, ""223"": 0.0, ""44"": 0.0, ""50"": 0.0, ""117"": 0.0, ""214"": 0.0, ""205"": 0.0, ""230"": 0.0, ""105"": 0.0, ""65"": 0.0, ""213"": 0.0, ""199"": 0.01, ""113"": 0.0, ""16"": 0.0, ""51"": 0.0, ""188"": 0.0, ""204"": 0.0, ""53"": 0.0, ""-1"": 0.09999999999999999, ""90"": 0.0, ""234"": 0.39, ""116"": 0.01, ""14"": 0.0, ""29"": 0.0, ""183"": 0.0, ""83"": 0.0, ""192"": 0.0, ""159"": 0.0, ""80"": 0.0, ""216"": 0.0, ""141"": 0.0, ""149"": 0.0, ""177"": 0.0, ""56"": 0.0, ""139"": 0.0, ""106"": 0.0, ""43"": 0.0, ""210"": 0.0, ""221"": 0.0, ""13"": 0.0, ""62"": 0.0, ""195"": 0.0, ""131"": 0.0, ""166"": 0.0, ""17"": 0.0, ""58"": 0.0, ""101"": 0.0, ""215"": 0.0, ""209"": 0.0, ""49"": 0.02, ""100"": 0.0, ""229"": 0.0, ""41"": 0.0, ""36"": 0.0, ""194"": 0.0, ""47"": 0.0, ""156"": 0.0, ""125"": 0.0, ""32"": 0.0, ""66"": 0.0, ""185"": 0.0, ""22"": 0.0, ""98"": 0.0, ""73"": 0.0, ""108"": 0.0, ""28"": 0.0, ""206"": 0.0, ""11"": 0.0, ""72"": 0.0, ""112"": 0.0, ""174"": 0.0, ""217"": 0.0, ""231"": 0.0, ""133"": 0.0, ""89"": 0.0}",jev-1.13.0,1510fff5384018b223cd2f3879e7bf9293fe0b89267d07df7a37830e512b34c5
semantic-experiment:sentence5:bge:q70:v1:2397177249:000004117240-000004373560,-1,semantic:bge:leaf-local-6-2:42:-1,Unassigned,0.64,0.63,"{""-1"": 0.64, ""203"": 0.0, ""170"": 0.0, ""107"": 0.0, ""48"": 0.0, ""21"": 0.0, ""13"": 0.0, ""83"": 0.0, ""169"": 0.0, ""108"": 0.0, ""200"": 0.0, ""98"": 0.01, ""51"": 0.0, ""52"": 0.0, ""101"": 0.0, ""49"": 0.0, ""218"": 0.0, ""6"": 0.0, ""17"": 0.0, ""64"": 0.0, ""190"": 0.0, ""163"": 0.0, ""204"": 0.0, ""12"": 0.0, ""2"": 0.0, ""82"": 0.0, ""47"": 0.0, ""35"": 0.0, ""201"": 0.0, ""228"": 0.0, ""179"": 0.0, ""155"": 0.0, ""106"": 0.0, ""95"": 0.0, ""142"": 0.0, ""73"": 0.0, ""75"": 0.0, ""76"": 0.0, ""206"": 0.0, ""45"": 0.0, ""72"": 0.0, ""24"": 0.0, ""189"": 0.0, ""42"": 0.0, ""84"": 0.0, ""27"": 0.0, ""225"": 0.0, ""222"": 0.0, ""56"": 0.0, ""199"": 0.0, ""37"": 0.0, ""212"": 0.0, ""231"": 0.0, ""211"": 0.0, ""121"": 0.0, ""115"": 0.0, ""175"": 0.0, ""132"": 0.0, ""54"": 0.0, ""227"": 0.0, ""61"": 0.0, ""177"": 0.0, ""191"": 0.0, ""92"": 0.0, ""176"": 0.0, ""195"": 0.0, ""63"": 0.0, ""81"": 0.0, ""77"": 0.0, ""157"": 0.04, ""0"": 0.0, ""111"": 0.0, ""66"": 0.0, ""30"": 0.0, ""87"": 0.0, ""213"": 0.0, ""187"": 0.0, ""74"": 0.0, ""9"": 0.0, ""126"": 0.0, ""186"": 0.02, ""90"": 0.0, ""71"": 0.0, ""151"": 0.0, ""232"": 0.0, ""91"": 0.0, ""147"": 0.0, ""14"": 0.0, ""20"": 0.0, ""86"": 0.0, ""136"": 0.0, ""172"": 0.0, ""148"": 0.0, ""15"": 0.0, ""182"": 0.0, ""153"": 0.0, ""184"": 0.0, ""113"": 0.0, ""188"": 0.0, ""185"": 0.0, ""137"": 0.0, ""5"": 0.0, ""29"": 0.0, ""65"": 0.0, ""138"": 0.0, ""3"": 0.0, ""79"": 0.0, ""39"": 0.0, ""134"": 0.0, ""19"": 0.0, ""68"": 0.0, ""44"": 0.0, ""4"": 0.0, ""36"": 0.0, ""160"": 0.0, ""208"": 0.0, ""119"": 0.0, ""145"": 0.0, ""109"": 0.0, ""34"": 0.0, ""10"": 0.0, ""78"": 0.0, ""166"": 0.0, ""85"": 0.0, ""202"": 0.0, ""180"": 0.0, ""99"": 0.01, ""165"": 0.0, ""102"": 0.0, ""57"": 0.0, ""32"": 0.0, ""207"": 0.0, ""150"": 0.0, ""124"": 0.0, ""149"": 0.0, ""116"": 0.0, ""143"": 0.0, ""224"": 0.0, ""173"": 0.0, ""53"": 0.0, ""219"": 0.0, ""112"": 0.0, ""59"": 0.0, ""164"": 0.0, ""31"": 0.0, ""23"": 0.0, ""192"": 0.0, ""216"": 0.0, ""38"": 0.0, ""196"": 0.0, ""233"": 0.0, ""22"": 0.0, ""130"": 0.0, ""194"": 0.0, ""221"": 0.0, ""125"": 0.0, ""234"": 0.04, ""181"": 0.0, ""210"": 0.0, ""110"": 0.0, ""67"": 0.0, ""229"": 0.0, ""158"": 0.0, ""223"": 0.0, ""103"": 0.0, ""156"": 0.0, ""96"": 0.0, ""11"": 0.0, ""60"": 0.0, ""235"": 0.0, ""120"": 0.0, ""152"": 0.0, ""43"": 0.0, ""69"": 0.0, ""28"": 0.0, ""128"": 0.0, ""55"": 0.0, ""168"": 0.0, ""123"": 0.0, ""129"": 0.0, ""97"": 0.01, ""167"": 0.0, ""62"": 0.0, ""214"": 0.0, ""94"": 0.0, ""118"": 0.0, ""100"": 0.0, ""16"": 0.0, ""7"": 0.03, ""162"": 0.0, ""217"": 0.0, ""197"": 0.0, ""171"": 0.0, ""140"": 0.0, ""220"": 0.0, ""41"": 0.0, ""230"": 0.0, ""144"": 0.0, ""146"": 0.0, ""209"": 0.0, ""135"": 0.0, ""33"": 0.0, ""215"": 0.0, ""183"": 0.0, ""1"": 0.0, ""114"": 0.0, ""105"": 0.0, ""117"": 0.0, ""104"": 0.0, ""141"": 0.0, ""88"": 0.0, ""93"": 0.0, ""80"": 0.0, ""161"": 0.0, ""89"": 0.0, ""50"": 0.0, ""58"": 0.0, ""205"": 0.0, ""18"": 0.0, ""178"": 0.0, ""154"": 0.0, ""131"": 0.0, ""198"": 0.0, ""26"": 0.0, ""122"": 0.0, ""174"": 0.0, ""8"": 0.0, ""133"": 0.0, ""40"": 0.0, ""127"": 0.0, ""139"": 0.03, ""193"": 0.0, ""70"": 0.16, ""159"": 0.0, ""226"": 0.0, ""46"": 0.0, ""25"": 0.0}",jev-1.13.0,fd31d40278337e66e011ec7aa737a58aaf9490803c4c746e82afa219c9d74ec9
semantic-experiment:sentence5:bge:q70:v1:2397177249:000004373560-000004435280,157,semantic:bge:leaf-local-6-2:42:157,Startup-ökosüsteemi kogukond ja eeskujud,0.44,0.42,"{""235"": 0.0, ""64"": 0.0, ""190"": 0.0, ""13"": 0.0, ""217"": 0.0, ""53"": 0.0, ""230"": 0.0, ""156"": 0.0, ""112"": 0.0, ""166"": 0.0, ""212"": 0.0, ""50"": 0.0, ""195"": 0.0, ""68"": 0.05, ""139"": 0.0, ""213"": 0.0, ""28"": 0.02, ""17"": 0.0, ""96"": 0.0, ""38"": 0.0, ""133"": 0.0, ""185"": 0.0, ""5"": 0.0, ""24"": 0.0, ""194"": 0.0, ""65"": 0.0, ""-1"": 0.35000000000000003, ""91"": 0.0, ""124"": 0.0, ""228"": 0.0, ""108"": 0.0, ""227"": 0.0, ""57"": 0.0, ""74"": 0.0, ""63"": 0.0, ""123"": 0.0, ""116"": 0.0, ""134"": 0.0, ""32"": 0.0, ""62"": 0.0, ""216"": 0.0, ""72"": 0.0, ""234"": 0.02, ""127"": 0.0, ""193"": 0.0, ""225"": 0.0, ""203"": 0.0, ""121"": 0.0, ""145"": 0.0, ""208"": 0.0, ""106"": 0.0, ""181"": 0.0, ""204"": 0.0, ""44"": 0.0, ""128"": 0.0, ""141"": 0.0, ""135"": 0.0, ""170"": 0.0, ""47"": 0.0, ""191"": 0.0, ""129"": 0.0, ""7"": 0.0, ""115"": 0.0, ""214"": 0.0, ""107"": 0.0, ""25"": 0.0, ""58"": 0.0, ""78"": 0.0, ""76"": 0.0, ""70"": 0.08, ""83"": 0.0, ""182"": 0.0, ""98"": 0.01, ""51"": 0.0, ""14"": 0.0, ""157"": 0.44, ""110"": 0.0, ""88"": 0.0, ""137"": 0.0, ""26"": 0.0, ""73"": 0.0, ""169"": 0.0, ""18"": 0.0, ""3"": 0.0, ""142"": 0.0, ""12"": 0.0, ""111"": 0.0, ""81"": 0.0, ""48"": 0.0, ""132"": 0.0, ""49"": 0.0, ""224"": 0.0, ""60"": 0.0, ""10"": 0.0, ""46"": 0.0, ""207"": 0.0, ""90"": 0.0, ""41"": 0.0, ""153"": 0.0, ""188"": 0.0, ""136"": 0.0, ""161"": 0.0, ""85"": 0.0, ""102"": 0.0, ""138"": 0.0, ""221"": 0.0, ""6"": 0.0, ""59"": 0.0, ""79"": 0.0, ""211"": 0.0, ""131"": 0.0, ""163"": 0.0, ""197"": 0.0, ""1"": 0.0, ""120"": 0.0, ""8"": 0.0, ""171"": 0.0, ""150"": 0.0, ""220"": 0.0, ""2"": 0.0, ""232"": 0.0, ""118"": 0.0, ""67"": 0.0, ""39"": 0.0, ""130"": 0.0, ""80"": 0.0, ""93"": 0.0, ""103"": 0.0, ""77"": 0.0, ""140"": 0.0, ""71"": 0.0, ""183"": 0.0, ""114"": 0.0, ""196"": 0.0, ""162"": 0.0, ""95"": 0.0, ""179"": 0.0, ""186"": 0.0, ""55"": 0.0, ""35"": 0.0, ""22"": 0.0, ""4"": 0.0, ""176"": 0.0, ""152"": 0.0, ""201"": 0.0, ""23"": 0.0, ""177"": 0.0, ""40"": 0.0, ""144"": 0.0, ""75"": 0.0, ""61"": 0.0, ""226"": 0.0, ""126"": 0.0, ""43"": 0.0, ""33"": 0.0, ""113"": 0.0, ""148"": 0.0, ""16"": 0.0, ""174"": 0.0, ""167"": 0.0, ""180"": 0.0, ""42"": 0.0, ""109"": 0.0, ""147"": 0.0, ""29"": 0.0, ""149"": 0.0, ""200"": 0.0, ""199"": 0.0, ""209"": 0.0, ""56"": 0.0, ""233"": 0.0, ""229"": 0.0, ""87"": 0.0, ""215"": 0.0, ""210"": 0.0, ""154"": 0.0, ""175"": 0.0, ""125"": 0.0, ""92"": 0.0, ""105"": 0.0, ""117"": 0.0, ""160"": 0.0, ""146"": 0.0, ""27"": 0.0, ""172"": 0.0, ""187"": 0.0, ""173"": 0.0, ""159"": 0.0, ""86"": 0.0, ""15"": 0.0, ""206"": 0.0, ""178"": 0.0, ""202"": 0.0, ""158"": 0.0, ""19"": 0.0, ""99"": 0.01, ""231"": 0.0, ""97"": 0.01, ""219"": 0.0, ""52"": 0.0, ""54"": 0.0, ""9"": 0.0, ""31"": 0.0, ""94"": 0.0, ""218"": 0.0, ""222"": 0.0, ""155"": 0.0, ""66"": 0.0, ""122"": 0.0, ""168"": 0.0, ""21"": 0.0, ""104"": 0.0, ""184"": 0.0, ""11"": 0.0, ""0"": 0.0, ""101"": 0.0, ""37"": 0.0, ""100"": 0.0, ""164"": 0.0, ""119"": 0.0, ""205"": 0.0, ""151"": 0.0, ""223"": 0.0, ""30"": 0.0, ""198"": 0.0, ""165"": 0.0, ""143"": 0.0, ""20"": 0.0, ""189"": 0.0, ""45"": 0.0, ""69"": 0.0, ""89"": 0.0, ""192"": 0.0, ""84"": 0.0, ""34"": 0.0, ""82"": 0.0, ""36"": 0.0}",jev-1.13.0,da3cd382ba5f3c5ef83585c14cca253645e456af2506e47e6a8624572495ec2e
semantic-experiment:sentence5:bge:q70:v1:2397177249:000004435280-000004509320,120,semantic:bge:leaf-local-6-2:42:120,AI odava kasutuselevõtu ja eksporti,0.56,0.55,"{""35"": 0.0, ""46"": 0.0, ""66"": 0.0, ""17"": 0.0, ""173"": 0.0, ""224"": 0.0, ""111"": 0.0, ""48"": 0.0, ""235"": 0.0, ""0"": 0.0, ""99"": 0.01, ""124"": 0.0, ""37"": 0.0, ""181"": 0.0, ""184"": 0.0, ""24"": 0.0, ""129"": 0.0, ""201"": 0.02, ""160"": 0.0, ""217"": 0.0, ""231"": 0.0, ""113"": 0.0, ""200"": 0.0, ""36"": 0.0, ""32"": 0.0, ""131"": 0.0, ""191"": 0.0, ""55"": 0.0, ""67"": 0.0, ""183"": 0.0, ""123"": 0.0, ""71"": 0.0, ""233"": 0.0, ""216"": 0.0, ""136"": 0.0, ""142"": 0.0, ""223"": 0.0, ""64"": 0.0, ""225"": 0.0, ""117"": 0.0, ""54"": 0.0, ""7"": 0.0, ""16"": 0.0, ""186"": 0.04, ""21"": 0.0, ""114"": 0.0, ""20"": 0.0, ""53"": 0.0, ""204"": 0.0, ""72"": 0.0, ""149"": 0.0, ""12"": 0.0, ""44"": 0.0, ""112"": 0.0, ""15"": 0.0, ""100"": 0.0, ""118"": 0.0, ""95"": 0.0, ""170"": 0.0, ""-1"": 0.26, ""25"": 0.0, ""3"": 0.0, ""13"": 0.0, ""78"": 0.0, ""234"": 0.03, ""103"": 0.0, ""109"": 0.0, ""9"": 0.0, ""87"": 0.0, ""164"": 0.0, ""62"": 0.0, ""98"": 0.01, ""175"": 0.0, ""23"": 0.0, ""39"": 0.0, ""210"": 0.0, ""1"": 0.0, ""47"": 0.0, ""59"": 0.0, ""81"": 0.0, ""189"": 0.0, ""138"": 0.0, ""168"": 0.0, ""26"": 0.0, ""158"": 0.0, ""97"": 0.0, ""161"": 0.0, ""65"": 0.0, ""188"": 0.0, ""135"": 0.0, ""154"": 0.0, ""205"": 0.0, ""14"": 0.0, ""43"": 0.0, ""96"": 0.0, ""84"": 0.0, ""128"": 0.0, ""211"": 0.0, ""192"": 0.0, ""203"": 0.0, ""126"": 0.0, ""179"": 0.0, ""85"": 0.0, ""213"": 0.0, ""145"": 0.0, ""19"": 0.0, ""176"": 0.0, ""193"": 0.0, ""207"": 0.0, ""80"": 0.0, ""56"": 0.0, ""226"": 0.0, ""190"": 0.0, ""202"": 0.0, ""140"": 0.0, ""194"": 0.0, ""174"": 0.0, ""86"": 0.0, ""206"": 0.0, ""163"": 0.0, ""68"": 0.0, ""230"": 0.0, ""195"": 0.0, ""221"": 0.0, ""88"": 0.0, ""155"": 0.0, ""227"": 0.0, ""94"": 0.0, ""130"": 0.0, ""50"": 0.0, ""187"": 0.0, ""132"": 0.0, ""159"": 0.0, ""185"": 0.0, ""122"": 0.0, ""167"": 0.0, ""49"": 0.0, ""212"": 0.0, ""125"": 0.0, ""91"": 0.0, ""75"": 0.0, ""214"": 0.0, ""143"": 0.0, ""133"": 0.0, ""30"": 0.0, ""157"": 0.060000000000000005, ""119"": 0.0, ""150"": 0.0, ""147"": 0.0, ""110"": 0.0, ""152"": 0.0, ""229"": 0.0, ""171"": 0.0, ""76"": 0.0, ""60"": 0.0, ""28"": 0.0, ""127"": 0.0, ""77"": 0.0, ""199"": 0.0, ""198"": 0.0, ""209"": 0.0, ""220"": 0.0, ""102"": 0.0, ""8"": 0.0, ""82"": 0.0, ""27"": 0.0, ""107"": 0.0, ""11"": 0.0, ""104"": 0.0, ""232"": 0.0, ""41"": 0.0, ""196"": 0.0, ""33"": 0.0, ""45"": 0.0, ""40"": 0.0, ""6"": 0.0, ""218"": 0.0, ""219"": 0.0, ""79"": 0.0, ""89"": 0.0, ""34"": 0.0, ""90"": 0.0, ""93"": 0.0, ""141"": 0.0, ""169"": 0.0, ""120"": 0.56, ""57"": 0.0, ""115"": 0.0, ""52"": 0.0, ""101"": 0.0, ""134"": 0.0, ""172"": 0.0, ""4"": 0.0, ""5"": 0.0, ""156"": 0.0, ""83"": 0.0, ""63"": 0.0, ""106"": 0.0, ""215"": 0.0, ""177"": 0.0, ""151"": 0.0, ""31"": 0.0, ""108"": 0.0, ""153"": 0.0, ""228"": 0.0, ""51"": 0.0, ""29"": 0.0, ""144"": 0.0, ""105"": 0.0, ""70"": 0.0, ""121"": 0.0, ""165"": 0.0, ""10"": 0.0, ""139"": 0.0, ""92"": 0.0, ""166"": 0.0, ""38"": 0.0, ""148"": 0.0, ""178"": 0.0, ""42"": 0.0, ""61"": 0.0, ""2"": 0.0, ""162"": 0.0, ""222"": 0.0, ""18"": 0.0, ""180"": 0.0, ""208"": 0.0, ""73"": 0.0, ""22"": 0.0, ""58"": 0.0, ""137"": 0.0, ""146"": 0.0, ""197"": 0.0, ""116"": 0.0, ""182"": 0.0, ""69"": 0.0, ""74"": 0.0}",jev-1.13.0,a6c7e2e21be0992d598606b809e5f3c1d8d1dba645752e20e24ef9cc565f8140
semantic-experiment:sentence5:bge:q70:v1:2397177249:000004509320-000004588360,120,semantic:bge:leaf-local-6-2:42:120,AI odava kasutuselevõtu ja eksporti,0.67,0.66,"{""221"": 0.0, ""82"": 0.0, ""43"": 0.0, ""163"": 0.0, ""41"": 0.0, ""76"": 0.0, ""230"": 0.0, ""225"": 0.0, ""47"": 0.0, ""220"": 0.0, ""109"": 0.0, ""143"": 0.0, ""49"": 0.0, ""32"": 0.0, ""179"": 0.0, ""46"": 0.0, ""185"": 0.0, ""103"": 0.0, ""34"": 0.0, ""12"": 0.0, ""169"": 0.0, ""142"": 0.0, ""77"": 0.0, ""182"": 0.0, ""56"": 0.0, ""231"": 0.0, ""223"": 0.0, ""196"": 0.0, ""176"": 0.0, ""200"": 0.0, ""207"": 0.0, ""-1"": 0.03, ""135"": 0.0, ""93"": 0.0, ""219"": 0.0, ""68"": 0.0, ""218"": 0.0, ""216"": 0.0, ""79"": 0.0, ""170"": 0.0, ""78"": 0.0, ""23"": 0.0, ""172"": 0.0, ""27"": 0.0, ""7"": 0.0, ""29"": 0.0, ""151"": 0.0, ""114"": 0.0, ""188"": 0.0, ""202"": 0.0, ""206"": 0.0, ""167"": 0.0, ""118"": 0.0, ""74"": 0.0, ""8"": 0.0, ""211"": 0.0, ""154"": 0.0, ""190"": 0.0, ""157"": 0.05, ""121"": 0.0, ""192"": 0.0, ""73"": 0.0, ""52"": 0.0, ""119"": 0.0, ""36"": 0.0, ""13"": 0.0, ""104"": 0.0, ""106"": 0.0, ""110"": 0.0, ""19"": 0.0, ""217"": 0.0, ""94"": 0.0, ""31"": 0.0, ""30"": 0.0, ""53"": 0.0, ""16"": 0.0, ""235"": 0.0, ""22"": 0.0, ""48"": 0.0, ""160"": 0.0, ""62"": 0.0, ""161"": 0.0, ""159"": 0.0, ""215"": 0.0, ""147"": 0.0, ""54"": 0.0, ""203"": 0.0, ""180"": 0.0, ""214"": 0.0, ""55"": 0.0, ""18"": 0.0, ""99"": 0.0, ""226"": 0.0, ""15"": 0.0, ""204"": 0.0, ""0"": 0.0, ""184"": 0.0, ""10"": 0.0, ""209"": 0.0, ""71"": 0.0, ""61"": 0.0, ""37"": 0.0, ""69"": 0.0, ""212"": 0.0, ""150"": 0.0, ""183"": 0.0, ""65"": 0.0, ""178"": 0.0, ""45"": 0.0, ""63"": 0.0, ""131"": 0.0, ""134"": 0.0, ""129"": 0.0, ""25"": 0.0, ""33"": 0.0, ""44"": 0.0, ""128"": 0.0, ""193"": 0.0, ""2"": 0.0, ""153"": 0.0, ""149"": 0.0, ""42"": 0.0, ""191"": 0.0, ""201"": 0.0, ""222"": 0.0, ""133"": 0.0, ""107"": 0.0, ""175"": 0.0, ""83"": 0.0, ""155"": 0.0, ""117"": 0.0, ""100"": 0.0, ""125"": 0.0, ""108"": 0.0, ""40"": 0.0, ""91"": 0.0, ""58"": 0.0, ""92"": 0.0, ""228"": 0.0, ""234"": 0.11, ""95"": 0.0, ""208"": 0.0, ""162"": 0.0, ""39"": 0.0, ""232"": 0.0, ""85"": 0.0, ""86"": 0.0, ""70"": 0.0, ""102"": 0.0, ""72"": 0.0, ""57"": 0.0, ""81"": 0.0, ""124"": 0.0, ""66"": 0.0, ""224"": 0.0, ""112"": 0.0, ""24"": 0.0, ""229"": 0.0, ""199"": 0.0, ""141"": 0.0, ""197"": 0.0, ""171"": 0.0, ""138"": 0.0, ""140"": 0.0, ""186"": 0.13, ""187"": 0.0, ""198"": 0.0, ""28"": 0.0, ""156"": 0.0, ""166"": 0.0, ""164"": 0.0, ""17"": 0.0, ""111"": 0.0, ""123"": 0.0, ""210"": 0.0, ""116"": 0.0, ""165"": 0.0, ""144"": 0.0, ""35"": 0.0, ""101"": 0.0, ""59"": 0.0, ""189"": 0.0, ""14"": 0.0, ""67"": 0.0, ""213"": 0.0, ""84"": 0.0, ""89"": 0.0, ""90"": 0.0, ""181"": 0.0, ""168"": 0.0, ""158"": 0.0, ""38"": 0.0, ""80"": 0.0, ""21"": 0.0, ""145"": 0.0, ""75"": 0.0, ""26"": 0.0, ""233"": 0.0, ""152"": 0.0, ""4"": 0.0, ""6"": 0.0, ""60"": 0.0, ""174"": 0.0, ""122"": 0.0, ""195"": 0.0, ""130"": 0.0, ""1"": 0.0, ""120"": 0.67, ""127"": 0.0, ""51"": 0.0, ""105"": 0.0, ""126"": 0.0, ""132"": 0.0, ""136"": 0.0, ""97"": 0.0, ""148"": 0.0, ""113"": 0.0, ""9"": 0.0, ""20"": 0.0, ""194"": 0.0, ""11"": 0.0, ""50"": 0.0, ""146"": 0.0, ""177"": 0.0, ""88"": 0.0, ""205"": 0.0, ""137"": 0.0, ""173"": 0.0, ""5"": 0.0, ""139"": 0.0, ""227"": 0.0, ""87"": 0.0, ""64"": 0.0, ""98"": 0.0, ""3"": 0.0, ""115"": 0.0, ""96"": 0.0}",jev-1.13.0,52c63d775b0272cf66740ab7754dbe8aafd7b9e90249b2bd60abffbb1253627c
semantic-experiment:sentence5:bge:q70:v1:2397177249:000004588360-000004759960,120,semantic:bge:leaf-local-6-2:42:120,AI odava kasutuselevõtu ja eksporti,0.99,0.98,"{""114"": 0.0, ""113"": 0.0, ""213"": 0.0, ""191"": 0.0, ""81"": 0.0, ""49"": 0.0, ""24"": 0.0, ""139"": 0.0, ""5"": 0.0, ""227"": 0.0, ""132"": 0.0, ""87"": 0.0, ""145"": 0.0, ""209"": 0.0, ""98"": 0.0, ""103"": 0.0, ""138"": 0.0, ""212"": 0.0, ""164"": 0.0, ""3"": 0.0, ""44"": 0.0, ""194"": 0.0, ""231"": 0.0, ""11"": 0.0, ""165"": 0.0, ""104"": 0.0, ""177"": 0.0, ""82"": 0.0, ""67"": 0.0, ""217"": 0.0, ""226"": 0.0, ""142"": 0.0, ""134"": 0.0, ""218"": 0.0, ""74"": 0.0, ""161"": 0.0, ""65"": 0.0, ""129"": 0.0, ""176"": 0.0, ""18"": 0.0, ""190"": 0.0, ""70"": 0.0, ""153"": 0.0, ""101"": 0.0, ""204"": 0.0, ""122"": 0.0, ""216"": 0.0, ""53"": 0.0, ""162"": 0.0, ""21"": 0.0, ""93"": 0.0, ""42"": 0.0, ""36"": 0.0, ""224"": 0.0, ""75"": 0.0, ""229"": 0.0, ""149"": 0.0, ""32"": 0.0, ""97"": 0.0, ""84"": 0.0, ""35"": 0.0, ""73"": 0.0, ""158"": 0.0, ""159"": 0.0, ""96"": 0.0, ""41"": 0.0, ""225"": 0.0, ""124"": 0.0, ""0"": 0.0, ""88"": 0.0, ""232"": 0.0, ""173"": 0.0, ""230"": 0.0, ""207"": 0.0, ""141"": 0.0, ""182"": 0.0, ""16"": 0.0, ""48"": 0.0, ""137"": 0.0, ""80"": 0.0, ""116"": 0.0, ""128"": 0.0, ""205"": 0.0, ""193"": 0.0, ""76"": 0.0, ""223"": 0.0, ""22"": 0.0, ""144"": 0.0, ""117"": 0.0, ""30"": 0.0, ""40"": 0.0, ""39"": 0.0, ""187"": 0.0, ""140"": 0.0, ""119"": 0.0, ""146"": 0.0, ""34"": 0.0, ""147"": 0.0, ""163"": 0.0, ""143"": 0.0, ""77"": 0.0, ""188"": 0.0, ""133"": 0.0, ""72"": 0.0, ""198"": 0.0, ""109"": 0.0, ""61"": 0.0, ""59"": 0.0, ""51"": 0.0, ""10"": 0.0, ""156"": 0.0, ""102"": 0.0, ""192"": 0.0, ""186"": 0.01, ""154"": 0.0, ""123"": 0.0, ""4"": 0.0, ""8"": 0.0, ""1"": 0.0, ""69"": 0.0, ""201"": 0.0, ""152"": 0.0, ""108"": 0.0, ""86"": 0.0, ""174"": 0.0, ""171"": 0.0, ""126"": 0.0, ""94"": 0.0, ""111"": 0.0, ""23"": 0.0, ""148"": 0.0, ""233"": 0.0, ""110"": 0.0, ""195"": 0.0, ""172"": 0.0, ""64"": 0.0, ""185"": 0.0, ""202"": 0.0, ""55"": 0.0, ""211"": 0.0, ""115"": 0.0, ""120"": 0.99, ""79"": 0.0, ""58"": 0.0, ""181"": 0.0, ""62"": 0.0, ""27"": 0.0, ""20"": 0.0, ""43"": 0.0, ""71"": 0.0, ""168"": 0.0, ""199"": 0.0, ""50"": 0.0, ""234"": 0.0, ""222"": 0.0, ""9"": 0.0, ""155"": 0.0, ""179"": 0.0, ""15"": 0.0, ""60"": 0.0, ""63"": 0.0, ""78"": 0.0, ""31"": 0.0, ""25"": 0.0, ""219"": 0.0, ""68"": 0.0, ""221"": 0.0, ""12"": 0.0, ""19"": 0.0, ""151"": 0.0, ""206"": 0.0, ""92"": 0.0, ""45"": 0.0, ""112"": 0.0, ""14"": 0.0, ""89"": 0.0, ""178"": 0.0, ""105"": 0.0, ""106"": 0.0, ""150"": 0.0, ""118"": 0.0, ""125"": 0.0, ""99"": 0.0, ""160"": 0.0, ""47"": 0.0, ""170"": 0.0, ""157"": 0.0, ""37"": 0.0, ""208"": 0.0, ""127"": 0.0, ""210"": 0.0, ""183"": 0.0, ""200"": 0.0, ""121"": 0.0, ""167"": 0.0, ""220"": 0.0, ""57"": 0.0, ""7"": 0.0, ""91"": 0.0, ""13"": 0.0, ""54"": 0.0, ""189"": 0.0, ""215"": 0.0, ""26"": 0.0, ""46"": 0.0, ""100"": 0.0, ""107"": 0.0, ""214"": 0.0, ""130"": 0.0, ""56"": 0.0, ""169"": 0.0, ""166"": 0.0, ""29"": 0.0, ""184"": 0.0, ""90"": 0.0, ""52"": 0.0, ""197"": 0.0, ""131"": 0.0, ""66"": 0.0, ""-1"": 0.0, ""17"": 0.0, ""85"": 0.0, ""180"": 0.0, ""235"": 0.0, ""95"": 0.0, ""83"": 0.0, ""33"": 0.0, ""38"": 0.0, ""28"": 0.0, ""135"": 0.0, ""136"": 0.0, ""6"": 0.0, ""228"": 0.0, ""175"": 0.0, ""196"": 0.0, ""2"": 0.0, ""203"": 0.0}",jev-1.13.0,99716195100b85f57cb24e9fd466198dc7ad6aff73814185b5e4f57fd29daacb
semantic-experiment:sentence5:bge:q70:v1:2397177249:000004759960-000004997960,171,semantic:bge:leaf-local-6-2:42:171,Tehisintellekti kasutus kooliõppes,0.52,0.51,"{""104"": 0.0, ""198"": 0.0, ""6"": 0.0, ""193"": 0.0, ""202"": 0.0, ""234"": 0.19, ""65"": 0.0, ""34"": 0.0, ""71"": 0.0, ""4"": 0.0, ""124"": 0.0, ""204"": 0.0, ""131"": 0.0, ""160"": 0.0, ""106"": 0.0, ""212"": 0.0, ""217"": 0.0, ""93"": 0.0, ""98"": 0.0, ""63"": 0.0, ""119"": 0.0, ""79"": 0.0, ""177"": 0.0, ""189"": 0.0, ""3"": 0.0, ""152"": 0.0, ""225"": 0.0, ""118"": 0.0, ""9"": 0.0, ""78"": 0.0, ""114"": 0.0, ""53"": 0.0, ""27"": 0.0, ""221"": 0.0, ""26"": 0.0, ""40"": 0.0, ""178"": 0.0, ""157"": 0.0, ""21"": 0.0, ""181"": 0.0, ""62"": 0.0, ""123"": 0.0, ""147"": 0.0, ""33"": 0.0, ""94"": 0.0, ""7"": 0.0, ""30"": 0.0, ""172"": 0.0, ""91"": 0.0, ""54"": 0.0, ""59"": 0.0, ""77"": 0.0, ""215"": 0.0, ""66"": 0.0, ""16"": 0.0, ""42"": 0.0, ""117"": 0.0, ""159"": 0.0, ""35"": 0.0, ""10"": 0.0, ""116"": 0.0, ""76"": 0.0, ""196"": 0.0, ""233"": 0.0, ""37"": 0.0, ""224"": 0.0, ""201"": 0.0, ""99"": 0.0, ""135"": 0.0, ""191"": 0.0, ""61"": 0.0, ""195"": 0.0, ""-1"": 0.0, ""110"": 0.0, ""89"": 0.0, ""5"": 0.0, ""220"": 0.0, ""235"": 0.0, ""168"": 0.0, ""162"": 0.0, ""208"": 0.0, ""133"": 0.0, ""228"": 0.0, ""163"": 0.0, ""102"": 0.0, ""158"": 0.0, ""68"": 0.01, ""200"": 0.0, ""231"": 0.0, ""171"": 0.52, ""145"": 0.24000000000000002, ""90"": 0.0, ""36"": 0.0, ""80"": 0.0, ""211"": 0.0, ""45"": 0.0, ""174"": 0.0, ""232"": 0.0, ""95"": 0.0, ""146"": 0.0, ""67"": 0.0, ""164"": 0.0, ""32"": 0.0, ""156"": 0.0, ""75"": 0.0, ""31"": 0.0, ""22"": 0.0, ""0"": 0.0, ""203"": 0.0, ""190"": 0.0, ""81"": 0.0, ""111"": 0.0, ""153"": 0.0, ""83"": 0.0, ""206"": 0.0, ""70"": 0.0, ""227"": 0.0, ""223"": 0.0, ""8"": 0.0, ""197"": 0.0, ""58"": 0.0, ""175"": 0.0, ""97"": 0.0, ""109"": 0.0, ""173"": 0.0, ""25"": 0.0, ""161"": 0.0, ""19"": 0.0, ""130"": 0.0, ""194"": 0.0, ""149"": 0.0, ""226"": 0.0, ""14"": 0.0, ""92"": 0.0, ""219"": 0.0, ""86"": 0.0, ""142"": 0.0, ""125"": 0.0, ""205"": 0.0, ""134"": 0.0, ""182"": 0.0, ""144"": 0.0, ""103"": 0.0, ""49"": 0.0, ""128"": 0.0, ""44"": 0.0, ""126"": 0.0, ""57"": 0.0, ""179"": 0.0, ""51"": 0.0, ""132"": 0.0, ""23"": 0.0, ""55"": 0.0, ""64"": 0.0, ""138"": 0.0, ""11"": 0.0, ""230"": 0.0, ""155"": 0.0, ""112"": 0.0, ""218"": 0.0, ""52"": 0.0, ""85"": 0.0, ""214"": 0.0, ""50"": 0.0, ""139"": 0.03, ""15"": 0.0, ""121"": 0.0, ""60"": 0.0, ""38"": 0.0, ""169"": 0.0, ""29"": 0.0, ""41"": 0.0, ""207"": 0.0, ""69"": 0.0, ""167"": 0.0, ""199"": 0.0, ""72"": 0.0, ""229"": 0.0, ""13"": 0.0, ""43"": 0.0, ""74"": 0.0, ""140"": 0.0, ""209"": 0.0, ""1"": 0.0, ""82"": 0.0, ""20"": 0.0, ""101"": 0.0, ""88"": 0.0, ""96"": 0.0, ""100"": 0.0, ""108"": 0.0, ""87"": 0.0, ""129"": 0.0, ""186"": 0.0, ""48"": 0.0, ""47"": 0.0, ""141"": 0.0, ""56"": 0.0, ""122"": 0.0, ""137"": 0.0, ""150"": 0.0, ""183"": 0.0, ""12"": 0.0, ""151"": 0.0, ""127"": 0.0, ""213"": 0.0, ""210"": 0.0, ""113"": 0.0, ""120"": 0.0, ""188"": 0.0, ""180"": 0.0, ""222"": 0.0, ""107"": 0.0, ""165"": 0.0, ""28"": 0.0, ""46"": 0.0, ""39"": 0.0, ""17"": 0.0, ""170"": 0.0, ""192"": 0.0, ""18"": 0.0, ""148"": 0.0, ""176"": 0.0, ""143"": 0.0, ""216"": 0.0, ""154"": 0.0, ""105"": 0.0, ""187"": 0.0, ""84"": 0.0, ""73"": 0.0, ""166"": 0.0, ""184"": 0.0, ""24"": 0.0, ""136"": 0.0, ""115"": 0.0, ""185"": 0.0, ""2"": 0.0}",jev-1.13.0,fed3d1915ce72fdd7a5f39c59d83061f4df9ed1867c47e6f0e47b4fd3902a31f
semantic-experiment:sentence5:bge:q70:v1:2397177249:000004997960-000005052880,49,semantic:bge:leaf-local-6-2:42:49,Eesti keele kvaliteet suurtes keelemudelites,0.39,0.38,"{""232"": 0.0, ""231"": 0.0, ""157"": 0.0, ""139"": 0.01, ""26"": 0.0, ""104"": 0.0, ""163"": 0.0, ""202"": 0.0, ""93"": 0.0, ""182"": 0.0, ""23"": 0.0, ""201"": 0.0, ""107"": 0.0, ""195"": 0.0, ""99"": 0.0, ""171"": 0.05, ""223"": 0.0, ""187"": 0.0, ""207"": 0.0, ""211"": 0.0, ""121"": 0.0, ""19"": 0.0, ""173"": 0.0, ""100"": 0.0, ""134"": 0.0, ""141"": 0.0, ""68"": 0.0, ""22"": 0.0, ""40"": 0.0, ""59"": 0.0, ""69"": 0.0, ""10"": 0.0, ""13"": 0.0, ""90"": 0.0, ""184"": 0.0, ""196"": 0.0, ""18"": 0.0, ""178"": 0.0, ""72"": 0.0, ""154"": 0.0, ""175"": 0.0, ""222"": 0.0, ""168"": 0.0, ""140"": 0.0, ""153"": 0.0, ""36"": 0.0, ""112"": 0.0, ""65"": 0.0, ""146"": 0.0, ""21"": 0.0, ""15"": 0.0, ""147"": 0.0, ""35"": 0.0, ""160"": 0.0, ""174"": 0.0, ""66"": 0.0, ""166"": 0.0, ""205"": 0.0, ""103"": 0.0, ""33"": 0.0, ""144"": 0.0, ""16"": 0.0, ""94"": 0.0, ""212"": 0.0, ""32"": 0.0, ""109"": 0.0, ""185"": 0.0, ""46"": 0.0, ""108"": 0.0, ""30"": 0.0, ""5"": 0.0, ""206"": 0.0, ""53"": 0.0, ""113"": 0.0, ""56"": 0.0, ""79"": 0.0, ""110"": 0.0, ""145"": 0.05, ""0"": 0.0, ""55"": 0.0, ""229"": 0.0, ""63"": 0.0, ""47"": 0.0, ""191"": 0.0, ""151"": 0.0, ""62"": 0.0, ""2"": 0.0, ""181"": 0.0, ""213"": 0.0, ""1"": 0.0, ""204"": 0.0, ""8"": 0.0, ""43"": 0.0, ""4"": 0.0, ""149"": 0.0, ""57"": 0.0, ""233"": 0.0, ""49"": 0.39, ""218"": 0.0, ""89"": 0.0, ""177"": 0.0, ""86"": 0.0, ""17"": 0.0, ""186"": 0.0, ""235"": 0.0, ""138"": 0.0, ""28"": 0.0, ""214"": 0.0, ""188"": 0.0, ""220"": 0.0, ""136"": 0.0, ""73"": 0.0, ""169"": 0.0, ""193"": 0.0, ""91"": 0.0, ""14"": 0.0, ""85"": 0.0, ""48"": 0.0, ""228"": 0.0, ""164"": 0.0, ""197"": 0.0, ""119"": 0.0, ""88"": 0.0, ""25"": 0.0, ""92"": 0.0, ""199"": 0.060000000000000005, ""155"": 0.0, ""167"": 0.0, ""39"": 0.0, ""158"": 0.0, ""76"": 0.05, ""102"": 0.0, ""120"": 0.01, ""61"": 0.0, ""74"": 0.0, ""-1"": 0.29000000000000004, ""54"": 0.0, ""129"": 0.0, ""133"": 0.0, ""150"": 0.0, ""156"": 0.0, ""131"": 0.0, ""38"": 0.0, ""37"": 0.0, ""44"": 0.0, ""132"": 0.0, ""114"": 0.0, ""31"": 0.0, ""80"": 0.0, ""111"": 0.0, ""12"": 0.0, ""87"": 0.0, ""224"": 0.0, ""183"": 0.0, ""27"": 0.0, ""123"": 0.0, ""98"": 0.0, ""52"": 0.0, ""161"": 0.0, ""70"": 0.0, ""179"": 0.0, ""11"": 0.0, ""219"": 0.0, ""95"": 0.0, ""7"": 0.0, ""215"": 0.0, ""143"": 0.0, ""34"": 0.0, ""142"": 0.0, ""200"": 0.0, ""159"": 0.0, ""116"": 0.0, ""84"": 0.0, ""203"": 0.0, ""6"": 0.02, ""209"": 0.0, ""29"": 0.0, ""234"": 0.02, ""51"": 0.0, ""125"": 0.0, ""71"": 0.0, ""20"": 0.0, ""75"": 0.0, ""81"": 0.0, ""82"": 0.0, ""227"": 0.0, ""152"": 0.0, ""118"": 0.0, ""124"": 0.0, ""101"": 0.0, ""221"": 0.0, ""60"": 0.0, ""230"": 0.0, ""128"": 0.0, ""126"": 0.0, ""180"": 0.0, ""135"": 0.0, ""190"": 0.0, ""216"": 0.0, ""208"": 0.0, ""45"": 0.0, ""106"": 0.0, ""105"": 0.0, ""67"": 0.0, ""176"": 0.0, ""217"": 0.0, ""192"": 0.0, ""189"": 0.0, ""170"": 0.01, ""165"": 0.0, ""117"": 0.0, ""50"": 0.0, ""137"": 0.0, ""198"": 0.0, ""97"": 0.0, ""148"": 0.0, ""172"": 0.0, ""77"": 0.0, ""115"": 0.0, ""64"": 0.0, ""96"": 0.0, ""210"": 0.0, ""83"": 0.0, ""194"": 0.0, ""41"": 0.0, ""225"": 0.0, ""127"": 0.0, ""162"": 0.0, ""78"": 0.0, ""58"": 0.0, ""24"": 0.0, ""122"": 0.0, ""9"": 0.03, ""226"": 0.0, ""3"": 0.0, ""130"": 0.0, ""42"": 0.0}",jev-1.13.0,42d13c703e053a1750411181488de8b452e5d300c1b93f496a5cf667cc952a81
semantic-experiment:sentence5:bge:q70:v1:2397177249:000005052880-000005283400,234,semantic:bge:leaf-local-6-2:42:234,AI muudab üksikettevõtluse lihtsamaks,0.38,0.37,"{""220"": 0.0, ""138"": 0.0, ""146"": 0.0, ""57"": 0.0, ""82"": 0.0, ""171"": 0.0, ""122"": 0.0, ""116"": 0.0, ""107"": 0.0, ""162"": 0.0, ""129"": 0.0, ""188"": 0.0, ""154"": 0.0, ""3"": 0.0, ""36"": 0.0, ""71"": 0.0, ""219"": 0.0, ""77"": 0.0, ""170"": 0.0, ""52"": 0.0, ""155"": 0.0, ""180"": 0.0, ""131"": 0.0, ""70"": 0.0, ""133"": 0.0, ""110"": 0.0, ""27"": 0.0, ""83"": 0.0, ""73"": 0.0, ""32"": 0.0, ""130"": 0.0, ""12"": 0.0, ""67"": 0.0, ""137"": 0.0, ""134"": 0.0, ""135"": 0.0, ""234"": 0.38, ""182"": 0.0, ""4"": 0.0, ""209"": 0.0, ""14"": 0.0, ""185"": 0.0, ""75"": 0.0, ""176"": 0.0, ""-1"": 0.13, ""51"": 0.0, ""39"": 0.0, ""186"": 0.38, ""225"": 0.0, ""207"": 0.0, ""210"": 0.0, ""87"": 0.0, ""8"": 0.0, ""23"": 0.0, ""151"": 0.0, ""99"": 0.01, ""215"": 0.0, ""192"": 0.0, ""193"": 0.0, ""84"": 0.0, ""235"": 0.0, ""25"": 0.0, ""227"": 0.0, ""5"": 0.0, ""111"": 0.0, ""90"": 0.0, ""204"": 0.0, ""88"": 0.0, ""167"": 0.0, ""156"": 0.0, ""231"": 0.0, ""164"": 0.0, ""34"": 0.0, ""94"": 0.0, ""97"": 0.0, ""228"": 0.0, ""233"": 0.0, ""89"": 0.0, ""38"": 0.0, ""74"": 0.0, ""184"": 0.0, ""213"": 0.0, ""91"": 0.0, ""22"": 0.0, ""150"": 0.0, ""59"": 0.0, ""41"": 0.0, ""169"": 0.0, ""93"": 0.0, ""15"": 0.0, ""139"": 0.0, ""222"": 0.0, ""53"": 0.0, ""68"": 0.02, ""197"": 0.0, ""102"": 0.0, ""183"": 0.0, ""48"": 0.0, ""60"": 0.0, ""26"": 0.0, ""199"": 0.0, ""153"": 0.0, ""44"": 0.0, ""92"": 0.0, ""163"": 0.0, ""221"": 0.0, ""119"": 0.0, ""2"": 0.0, ""1"": 0.0, ""108"": 0.0, ""189"": 0.0, ""30"": 0.0, ""40"": 0.0, ""96"": 0.0, ""230"": 0.0, ""63"": 0.0, ""115"": 0.0, ""124"": 0.0, ""100"": 0.0, ""177"": 0.0, ""229"": 0.0, ""28"": 0.0, ""178"": 0.0, ""202"": 0.0, ""181"": 0.0, ""157"": 0.03, ""65"": 0.0, ""37"": 0.0, ""120"": 0.03, ""104"": 0.0, ""17"": 0.0, ""101"": 0.0, ""127"": 0.0, ""13"": 0.0, ""118"": 0.0, ""10"": 0.0, ""148"": 0.0, ""29"": 0.0, ""201"": 0.0, ""20"": 0.0, ""72"": 0.0, ""11"": 0.0, ""64"": 0.0, ""173"": 0.0, ""81"": 0.0, ""98"": 0.01, ""218"": 0.0, ""190"": 0.0, ""126"": 0.0, ""147"": 0.0, ""69"": 0.0, ""152"": 0.0, ""174"": 0.0, ""224"": 0.0, ""172"": 0.0, ""160"": 0.0, ""205"": 0.0, ""217"": 0.0, ""42"": 0.0, ""212"": 0.0, ""198"": 0.0, ""45"": 0.0, ""149"": 0.0, ""49"": 0.0, ""109"": 0.0, ""158"": 0.0, ""86"": 0.0, ""214"": 0.0, ""203"": 0.0, ""211"": 0.0, ""95"": 0.0, ""33"": 0.0, ""132"": 0.0, ""117"": 0.0, ""165"": 0.0, ""50"": 0.0, ""141"": 0.0, ""175"": 0.0, ""78"": 0.0, ""21"": 0.0, ""136"": 0.0, ""31"": 0.0, ""7"": 0.0, ""196"": 0.0, ""66"": 0.0, ""105"": 0.0, ""35"": 0.0, ""128"": 0.0, ""206"": 0.0, ""9"": 0.0, ""143"": 0.0, ""54"": 0.0, ""55"": 0.0, ""47"": 0.0, ""6"": 0.0, ""223"": 0.0, ""114"": 0.0, ""106"": 0.0, ""80"": 0.0, ""125"": 0.0, ""232"": 0.0, ""195"": 0.0, ""43"": 0.0, ""62"": 0.0, ""142"": 0.0, ""166"": 0.0, ""103"": 0.0, ""216"": 0.0, ""16"": 0.0, ""0"": 0.0, ""112"": 0.0, ""56"": 0.0, ""191"": 0.0, ""140"": 0.0, ""79"": 0.0, ""145"": 0.0, ""187"": 0.0, ""46"": 0.0, ""113"": 0.0, ""226"": 0.0, ""24"": 0.0, ""85"": 0.0, ""123"": 0.0, ""18"": 0.0, ""200"": 0.0, ""76"": 0.0, ""58"": 0.0, ""159"": 0.0, ""61"": 0.0, ""194"": 0.0, ""19"": 0.0, ""179"": 0.0, ""208"": 0.0, ""161"": 0.0, ""168"": 0.0, ""121"": 0.0, ""144"": 0.0}",jev-1.13.0,6551705241aecf8574cd01c10dcf6dc242a4d4e28c6ce4aadf84e5ca944ab842
semantic-experiment:sentence5:bge:q70:v1:2397177249:000005283400-000005345680,-1,semantic:bge:leaf-local-6-2:42:-1,Unassigned,0.81,0.8,"{""193"": 0.0, ""86"": 0.0, ""154"": 0.0, ""46"": 0.0, ""156"": 0.0, ""208"": 0.0, ""111"": 0.0, ""191"": 0.0, ""93"": 0.0, ""166"": 0.0, ""158"": 0.0, ""53"": 0.0, ""94"": 0.0, ""180"": 0.0, ""83"": 0.0, ""15"": 0.0, ""163"": 0.0, ""116"": 0.0, ""226"": 0.0, ""75"": 0.0, ""155"": 0.0, ""187"": 0.0, ""122"": 0.0, ""36"": 0.0, ""44"": 0.0, ""1"": 0.0, ""144"": 0.0, ""92"": 0.0, ""21"": 0.0, ""103"": 0.0, ""174"": 0.0, ""13"": 0.0, ""130"": 0.0, ""203"": 0.0, ""222"": 0.0, ""69"": 0.0, ""215"": 0.0, ""71"": 0.0, ""120"": 0.03, ""190"": 0.0, ""65"": 0.0, ""102"": 0.0, ""231"": 0.0, ""34"": 0.0, ""31"": 0.0, ""224"": 0.0, ""59"": 0.0, ""142"": 0.0, ""205"": 0.0, ""233"": 0.0, ""128"": 0.0, ""64"": 0.0, ""214"": 0.0, ""137"": 0.0, ""8"": 0.0, ""43"": 0.0, ""229"": 0.0, ""125"": 0.0, ""121"": 0.0, ""56"": 0.0, ""164"": 0.0, ""84"": 0.0, ""91"": 0.0, ""19"": 0.0, ""170"": 0.0, ""27"": 0.0, ""119"": 0.0, ""110"": 0.0, ""118"": 0.0, ""123"": 0.0, ""22"": 0.0, ""199"": 0.08, ""198"": 0.0, ""168"": 0.0, ""230"": 0.0, ""77"": 0.0, ""24"": 0.0, ""61"": 0.0, ""109"": 0.0, ""28"": 0.0, ""165"": 0.0, ""209"": 0.0, ""185"": 0.0, ""148"": 0.0, ""85"": 0.0, ""6"": 0.0, ""9"": 0.0, ""153"": 0.0, ""223"": 0.0, ""127"": 0.0, ""55"": 0.0, ""10"": 0.0, ""66"": 0.0, ""225"": 0.0, ""151"": 0.0, ""107"": 0.0, ""219"": 0.0, ""159"": 0.0, ""78"": 0.0, ""228"": 0.0, ""20"": 0.0, ""160"": 0.0, ""206"": 0.0, ""32"": 0.0, ""88"": 0.0, ""99"": 0.0, ""115"": 0.0, ""51"": 0.0, ""17"": 0.0, ""23"": 0.0, ""179"": 0.0, ""62"": 0.0, ""11"": 0.0, ""211"": 0.0, ""67"": 0.0, ""12"": 0.0, ""47"": 0.0, ""2"": 0.0, ""74"": 0.0, ""68"": 0.0, ""30"": 0.0, ""218"": 0.0, ""90"": 0.0, ""136"": 0.0, ""210"": 0.0, ""157"": 0.0, ""33"": 0.0, ""101"": 0.0, ""202"": 0.0, ""234"": 0.01, ""54"": 0.0, ""26"": 0.0, ""143"": 0.0, ""212"": 0.0, ""117"": 0.0, ""-1"": 0.81, ""79"": 0.0, ""213"": 0.0, ""50"": 0.0, ""200"": 0.0, ""63"": 0.0, ""220"": 0.0, ""141"": 0.0, ""184"": 0.0, ""232"": 0.0, ""70"": 0.0, ""37"": 0.0, ""40"": 0.0, ""216"": 0.0, ""146"": 0.0, ""217"": 0.0, ""25"": 0.0, ""207"": 0.0, ""52"": 0.0, ""76"": 0.0, ""89"": 0.0, ""195"": 0.0, ""173"": 0.0, ""57"": 0.0, ""4"": 0.0, ""221"": 0.0, ""49"": 0.0, ""98"": 0.0, ""178"": 0.0, ""16"": 0.0, ""124"": 0.0, ""7"": 0.0, ""96"": 0.0, ""29"": 0.0, ""204"": 0.0, ""176"": 0.0, ""129"": 0.0, ""227"": 0.0, ""48"": 0.0, ""126"": 0.0, ""201"": 0.0, ""138"": 0.0, ""0"": 0.0, ""3"": 0.0, ""114"": 0.0, ""183"": 0.0, ""133"": 0.0, ""182"": 0.0, ""87"": 0.0, ""147"": 0.0, ""197"": 0.0, ""95"": 0.0, ""235"": 0.0, ""145"": 0.0, ""171"": 0.0, ""152"": 0.0, ""132"": 0.0, ""175"": 0.0, ""106"": 0.0, ""192"": 0.0, ""41"": 0.0, ""35"": 0.0, ""58"": 0.0, ""18"": 0.0, ""104"": 0.0, ""135"": 0.0, ""150"": 0.0, ""162"": 0.0, ""81"": 0.0, ""97"": 0.0, ""73"": 0.0, ""131"": 0.0, ""140"": 0.0, ""177"": 0.0, ""134"": 0.0, ""181"": 0.0, ""196"": 0.0, ""14"": 0.0, ""172"": 0.0, ""169"": 0.0, ""112"": 0.0, ""139"": 0.0, ""105"": 0.0, ""80"": 0.0, ""189"": 0.0, ""82"": 0.0, ""108"": 0.0, ""45"": 0.0, ""161"": 0.0, ""100"": 0.0, ""167"": 0.0, ""194"": 0.0, ""39"": 0.0, ""113"": 0.03, ""60"": 0.0, ""5"": 0.0, ""42"": 0.0, ""38"": 0.0, ""149"": 0.0, ""188"": 0.0, ""186"": 0.03, ""72"": 0.0}",jev-1.13.0,5bafc7b8e86032c550baf141798f9e25b1b18c0370cdd98cc2abb553bfe4f26e
semantic-experiment:sentence5:bge:q70:v1:2397177249:000005345680-000005550720,60,semantic:bge:leaf-local-6-2:42:60,andmejärelevalve ja tehisintellekti piirid,0.97,0.96,"{""198"": 0.0, ""104"": 0.0, ""14"": 0.0, ""172"": 0.0, ""77"": 0.0, ""70"": 0.0, ""116"": 0.0, ""194"": 0.0, ""119"": 0.0, ""235"": 0.0, ""43"": 0.0, ""58"": 0.0, ""157"": 0.0, ""173"": 0.0, ""139"": 0.0, ""34"": 0.0, ""171"": 0.0, ""76"": 0.0, ""158"": 0.0, ""162"": 0.0, ""217"": 0.0, ""151"": 0.0, ""152"": 0.0, ""5"": 0.0, ""42"": 0.0, ""140"": 0.0, ""100"": 0.0, ""8"": 0.0, ""6"": 0.0, ""113"": 0.0, ""63"": 0.0, ""97"": 0.0, ""222"": 0.0, ""21"": 0.0, ""110"": 0.0, ""209"": 0.0, ""176"": 0.0, ""53"": 0.0, ""125"": 0.0, ""50"": 0.0, ""-1"": 0.01, ""105"": 0.0, ""185"": 0.0, ""83"": 0.0, ""168"": 0.0, ""66"": 0.0, ""225"": 0.0, ""132"": 0.0, ""0"": 0.0, ""57"": 0.0, ""59"": 0.0, ""189"": 0.0, ""190"": 0.0, ""80"": 0.0, ""109"": 0.0, ""26"": 0.0, ""186"": 0.0, ""126"": 0.0, ""103"": 0.0, ""197"": 0.0, ""227"": 0.0, ""107"": 0.0, ""160"": 0.0, ""41"": 0.0, ""128"": 0.0, ""38"": 0.0, ""199"": 0.0, ""193"": 0.0, ""200"": 0.0, ""19"": 0.0, ""148"": 0.0, ""33"": 0.0, ""166"": 0.0, ""11"": 0.0, ""188"": 0.0, ""203"": 0.0, ""32"": 0.0, ""65"": 0.0, ""154"": 0.0, ""44"": 0.0, ""102"": 0.0, ""204"": 0.0, ""202"": 0.0, ""167"": 0.0, ""36"": 0.0, ""216"": 0.0, ""67"": 0.0, ""112"": 0.02, ""164"": 0.0, ""81"": 0.0, ""206"": 0.0, ""17"": 0.0, ""75"": 0.0, ""62"": 0.0, ""224"": 0.0, ""7"": 0.0, ""73"": 0.0, ""47"": 0.0, ""86"": 0.0, ""183"": 0.0, ""108"": 0.0, ""230"": 0.0, ""127"": 0.0, ""135"": 0.0, ""30"": 0.0, ""226"": 0.0, ""122"": 0.0, ""13"": 0.0, ""161"": 0.0, ""52"": 0.0, ""220"": 0.0, ""131"": 0.0, ""115"": 0.0, ""25"": 0.0, ""195"": 0.0, ""201"": 0.0, ""117"": 0.0, ""99"": 0.0, ""9"": 0.0, ""156"": 0.0, ""234"": 0.0, ""165"": 0.0, ""82"": 0.0, ""141"": 0.0, ""180"": 0.0, ""27"": 0.0, ""18"": 0.0, ""64"": 0.0, ""219"": 0.0, ""232"": 0.0, ""147"": 0.0, ""85"": 0.0, ""39"": 0.0, ""22"": 0.0, ""87"": 0.0, ""182"": 0.0, ""48"": 0.0, ""233"": 0.0, ""28"": 0.0, ""120"": 0.0, ""205"": 0.0, ""184"": 0.0, ""94"": 0.0, ""72"": 0.0, ""92"": 0.0, ""29"": 0.0, ""134"": 0.0, ""3"": 0.0, ""149"": 0.0, ""23"": 0.0, ""169"": 0.0, ""208"": 0.0, ""130"": 0.0, ""178"": 0.0, ""24"": 0.0, ""49"": 0.0, ""74"": 0.0, ""129"": 0.0, ""114"": 0.0, ""61"": 0.0, ""106"": 0.0, ""54"": 0.0, ""138"": 0.0, ""31"": 0.0, ""71"": 0.0, ""69"": 0.0, ""121"": 0.0, ""218"": 0.0, ""136"": 0.0, ""212"": 0.0, ""35"": 0.0, ""55"": 0.0, ""84"": 0.0, ""51"": 0.0, ""231"": 0.0, ""90"": 0.0, ""150"": 0.0, ""229"": 0.0, ""118"": 0.0, ""146"": 0.0, ""228"": 0.0, ""192"": 0.0, ""211"": 0.0, ""95"": 0.0, ""223"": 0.0, ""15"": 0.0, ""124"": 0.0, ""93"": 0.0, ""45"": 0.0, ""221"": 0.0, ""153"": 0.0, ""175"": 0.0, ""143"": 0.0, ""111"": 0.0, ""56"": 0.0, ""12"": 0.0, ""170"": 0.0, ""60"": 0.97, ""187"": 0.0, ""214"": 0.0, ""213"": 0.0, ""4"": 0.0, ""37"": 0.0, ""163"": 0.0, ""78"": 0.0, ""96"": 0.0, ""196"": 0.0, ""191"": 0.0, ""68"": 0.0, ""1"": 0.0, ""159"": 0.0, ""101"": 0.0, ""210"": 0.0, ""91"": 0.0, ""133"": 0.0, ""16"": 0.0, ""46"": 0.0, ""40"": 0.0, ""145"": 0.0, ""137"": 0.0, ""10"": 0.0, ""20"": 0.0, ""179"": 0.0, ""2"": 0.0, ""215"": 0.0, ""142"": 0.0, ""207"": 0.0, ""181"": 0.0, ""155"": 0.0, ""144"": 0.0, ""89"": 0.0, ""98"": 0.0, ""88"": 0.0, ""79"": 0.0, ""174"": 0.0, ""123"": 0.0, ""177"": 0.0}",jev-1.13.0,ee965609b365bae3d32311cb2a731acea20f3b676237b4689350a3609bccc83f
semantic-experiment:sentence5:bge:q70:v1:2397177249:000005550720-000005687252,-1,semantic:bge:leaf-local-6-2:42:-1,Unassigned,0.39,0.37,"{""35"": 0.0, ""46"": 0.0, ""66"": 0.0, ""17"": 0.0, ""173"": 0.0, ""224"": 0.0, ""111"": 0.0, ""48"": 0.0, ""235"": 0.0, ""0"": 0.0, ""99"": 0.01, ""124"": 0.0, ""37"": 0.0, ""181"": 0.0, ""184"": 0.0, ""129"": 0.0, ""24"": 0.0, ""201"": 0.0, ""160"": 0.0, ""217"": 0.0, ""231"": 0.0, ""113"": 0.0, ""200"": 0.0, ""32"": 0.0, ""36"": 0.0, ""131"": 0.0, ""191"": 0.0, ""55"": 0.0, ""67"": 0.0, ""183"": 0.0, ""123"": 0.0, ""71"": 0.0, ""136"": 0.0, ""216"": 0.0, ""233"": 0.0, ""142"": 0.0, ""223"": 0.0, ""64"": 0.0, ""225"": 0.0, ""117"": 0.0, ""54"": 0.0, ""7"": 0.0, ""16"": 0.0, ""186"": 0.0, ""72"": 0.0, ""53"": 0.0, ""20"": 0.0, ""21"": 0.0, ""114"": 0.0, ""204"": 0.0, ""44"": 0.0, ""12"": 0.0, ""149"": 0.0, ""112"": 0.0, ""15"": 0.0, ""100"": 0.0, ""118"": 0.15000000000000002, ""95"": 0.0, ""-1"": 0.39, ""170"": 0.0, ""25"": 0.0, ""3"": 0.0, ""13"": 0.0, ""234"": 0.02, ""78"": 0.0, ""103"": 0.0, ""109"": 0.0, ""9"": 0.0, ""87"": 0.0, ""164"": 0.0, ""62"": 0.0, ""175"": 0.0, ""98"": 0.01, ""23"": 0.0, ""39"": 0.0, ""210"": 0.0, ""1"": 0.0, ""47"": 0.0, ""59"": 0.0, ""81"": 0.0, ""189"": 0.0, ""138"": 0.03, ""168"": 0.0, ""26"": 0.0, ""158"": 0.0, ""97"": 0.01, ""161"": 0.0, ""65"": 0.0, ""188"": 0.0, ""135"": 0.0, ""154"": 0.0, ""14"": 0.0, ""205"": 0.0, ""43"": 0.0, ""96"": 0.01, ""84"": 0.0, ""128"": 0.0, ""211"": 0.0, ""192"": 0.0, ""203"": 0.0, ""126"": 0.0, ""179"": 0.0, ""85"": 0.0, ""213"": 0.0, ""145"": 0.0, ""19"": 0.0, ""207"": 0.0, ""193"": 0.0, ""176"": 0.0, ""80"": 0.0, ""56"": 0.0, ""226"": 0.0, ""190"": 0.0, ""202"": 0.0, ""140"": 0.0, ""194"": 0.0, ""174"": 0.0, ""86"": 0.0, ""206"": 0.0, ""163"": 0.0, ""68"": 0.0, ""230"": 0.0, ""195"": 0.0, ""221"": 0.0, ""88"": 0.0, ""155"": 0.0, ""227"": 0.0, ""94"": 0.0, ""130"": 0.0, ""50"": 0.0, ""167"": 0.0, ""132"": 0.0, ""187"": 0.0, ""185"": 0.0, ""122"": 0.0, ""159"": 0.0, ""49"": 0.0, ""212"": 0.0, ""143"": 0.0, ""91"": 0.0, ""75"": 0.0, ""214"": 0.0, ""125"": 0.0, ""133"": 0.0, ""157"": 0.05, ""30"": 0.0, ""119"": 0.0, ""150"": 0.0, ""147"": 0.0, ""110"": 0.0, ""152"": 0.0, ""229"": 0.0, ""60"": 0.31, ""28"": 0.0, ""171"": 0.0, ""76"": 0.0, ""127"": 0.0, ""77"": 0.0, ""199"": 0.0, ""198"": 0.0, ""209"": 0.0, ""220"": 0.0, ""102"": 0.0, ""8"": 0.0, ""82"": 0.0, ""27"": 0.0, ""107"": 0.0, ""11"": 0.0, ""104"": 0.0, ""232"": 0.0, ""41"": 0.0, ""196"": 0.0, ""33"": 0.0, ""45"": 0.0, ""40"": 0.0, ""6"": 0.0, ""218"": 0.0, ""219"": 0.0, ""79"": 0.0, ""34"": 0.0, ""89"": 0.0, ""90"": 0.0, ""93"": 0.0, ""141"": 0.0, ""169"": 0.0, ""115"": 0.0, ""57"": 0.0, ""120"": 0.0, ""52"": 0.0, ""101"": 0.0, ""134"": 0.0, ""172"": 0.0, ""4"": 0.0, ""5"": 0.0, ""156"": 0.0, ""83"": 0.0, ""106"": 0.0, ""151"": 0.0, ""215"": 0.0, ""177"": 0.0, ""63"": 0.0, ""31"": 0.0, ""108"": 0.0, ""153"": 0.0, ""228"": 0.0, ""51"": 0.0, ""29"": 0.0, ""144"": 0.0, ""105"": 0.0, ""70"": 0.0, ""165"": 0.0, ""121"": 0.0, ""10"": 0.0, ""139"": 0.0, ""92"": 0.0, ""38"": 0.0, ""166"": 0.0, ""148"": 0.0, ""178"": 0.0, ""208"": 0.0, ""58"": 0.0, ""2"": 0.0, ""162"": 0.0, ""18"": 0.0, ""61"": 0.0, ""180"": 0.0, ""42"": 0.0, ""73"": 0.0, ""22"": 0.0, ""222"": 0.0, ""137"": 0.0, ""197"": 0.0, ""146"": 0.0, ""116"": 0.0, ""182"": 0.0, ""69"": 0.0, ""74"": 0.0}",jev-1.13.0,fdbcfa49ad358d4d453e3f9e932cdc0f870ddf2e87dbd089b2ebdebb559c258e
semantic-experiment:sentence5:bge:q70:v1:2400164916:000000011800-000000207080,180,semantic:bge:leaf-local-6-2:42:180,Õpetaja hoituse rollid alushariduses,0.92,0.9,"{""96"": 0.0, ""205"": 0.0, ""130"": 0.0, ""109"": 0.0, ""6"": 0.0, ""108"": 0.0, ""72"": 0.0, ""226"": 0.0, ""47"": 0.0, ""90"": 0.0, ""111"": 0.0, ""138"": 0.0, ""188"": 0.0, ""190"": 0.0, ""74"": 0.0, ""107"": 0.0, ""22"": 0.0, ""173"": 0.0, ""176"": 0.0, ""36"": 0.0, ""168"": 0.0, ""7"": 0.0, ""196"": 0.0, ""171"": 0.0, ""157"": 0.0, ""31"": 0.0, ""101"": 0.0, ""99"": 0.0, ""221"": 0.0, ""42"": 0.0, ""18"": 0.0, ""120"": 0.0, ""89"": 0.0, ""191"": 0.0, ""86"": 0.0, ""198"": 0.0, ""147"": 0.0, ""209"": 0.0, ""4"": 0.0, ""140"": 0.0, ""219"": 0.0, ""87"": 0.0, ""155"": 0.0, ""231"": 0.0, ""218"": 0.0, ""37"": 0.0, ""60"": 0.0, ""159"": 0.0, ""110"": 0.0, ""1"": 0.0, ""119"": 0.0, ""100"": 0.0, ""116"": 0.0, ""164"": 0.0, ""13"": 0.0, ""234"": 0.0, ""94"": 0.0, ""186"": 0.0, ""51"": 0.0, ""167"": 0.0, ""192"": 0.0, ""30"": 0.0, ""200"": 0.0, ""178"": 0.0, ""136"": 0.0, ""91"": 0.0, ""54"": 0.0, ""29"": 0.0, ""58"": 0.0, ""224"": 0.0, ""84"": 0.0, ""103"": 0.0, ""163"": 0.0, ""81"": 0.0, ""210"": 0.0, ""21"": 0.0, ""137"": 0.0, ""67"": 0.0, ""139"": 0.0, ""134"": 0.0, ""102"": 0.0, ""154"": 0.0, ""9"": 0.0, ""95"": 0.0, ""24"": 0.0, ""204"": 0.0, ""148"": 0.0, ""82"": 0.0, ""66"": 0.0, ""32"": 0.0, ""232"": 0.0, ""79"": 0.0, ""17"": 0.0, ""-1"": 0.08, ""235"": 0.0, ""85"": 0.0, ""214"": 0.0, ""202"": 0.0, ""88"": 0.0, ""77"": 0.0, ""129"": 0.0, ""165"": 0.0, ""169"": 0.0, ""43"": 0.0, ""233"": 0.0, ""5"": 0.0, ""182"": 0.0, ""8"": 0.0, ""93"": 0.0, ""223"": 0.0, ""121"": 0.0, ""28"": 0.0, ""141"": 0.0, ""39"": 0.0, ""212"": 0.0, ""61"": 0.0, ""225"": 0.0, ""215"": 0.0, ""143"": 0.0, ""230"": 0.0, ""53"": 0.0, ""68"": 0.0, ""62"": 0.0, ""124"": 0.0, ""170"": 0.0, ""48"": 0.0, ""73"": 0.0, ""203"": 0.0, ""76"": 0.0, ""195"": 0.0, ""35"": 0.0, ""10"": 0.0, ""222"": 0.0, ""19"": 0.0, ""83"": 0.0, ""156"": 0.0, ""11"": 0.0, ""44"": 0.0, ""26"": 0.0, ""38"": 0.0, ""193"": 0.0, ""25"": 0.0, ""208"": 0.0, ""220"": 0.0, ""34"": 0.0, ""98"": 0.0, ""2"": 0.0, ""105"": 0.0, ""160"": 0.0, ""55"": 0.0, ""104"": 0.0, ""52"": 0.0, ""123"": 0.0, ""78"": 0.0, ""59"": 0.0, ""69"": 0.0, ""199"": 0.0, ""166"": 0.0, ""153"": 0.0, ""49"": 0.0, ""126"": 0.0, ""64"": 0.0, ""142"": 0.0, ""145"": 0.0, ""106"": 0.0, ""175"": 0.0, ""194"": 0.0, ""180"": 0.92, ""184"": 0.0, ""75"": 0.0, ""201"": 0.0, ""161"": 0.0, ""197"": 0.0, ""114"": 0.0, ""117"": 0.0, ""152"": 0.0, ""151"": 0.0, ""206"": 0.0, ""115"": 0.0, ""33"": 0.0, ""149"": 0.0, ""125"": 0.0, ""131"": 0.0, ""50"": 0.0, ""158"": 0.0, ""70"": 0.0, ""187"": 0.0, ""185"": 0.0, ""213"": 0.0, ""227"": 0.0, ""118"": 0.0, ""172"": 0.0, ""128"": 0.0, ""181"": 0.0, ""122"": 0.0, ""228"": 0.0, ""3"": 0.0, ""92"": 0.0, ""135"": 0.0, ""146"": 0.0, ""63"": 0.0, ""57"": 0.0, ""179"": 0.0, ""211"": 0.0, ""65"": 0.0, ""217"": 0.0, ""46"": 0.0, ""20"": 0.0, ""71"": 0.0, ""0"": 0.0, ""132"": 0.0, ""80"": 0.0, ""133"": 0.0, ""112"": 0.0, ""45"": 0.0, ""97"": 0.0, ""150"": 0.0, ""15"": 0.0, ""127"": 0.0, ""113"": 0.0, ""14"": 0.0, ""41"": 0.0, ""174"": 0.0, ""189"": 0.0, ""144"": 0.0, ""16"": 0.0, ""207"": 0.0, ""216"": 0.0, ""229"": 0.0, ""183"": 0.0, ""56"": 0.0, ""40"": 0.0, ""162"": 0.0, ""177"": 0.0, ""27"": 0.0, ""12"": 0.0, ""23"": 0.0}",jev-1.13.0,adccf11cadad6941fc2cefd206dd006e941149efa346922d00784d9020aaa847
semantic-experiment:sentence5:bge:q70:v1:2400164916:000000207080-000000275240,-1,semantic:bge:leaf-local-6-2:42:-1,Unassigned,0.96,0.95,"{""149"": 0.0, ""150"": 0.0, ""183"": 0.0, ""192"": 0.0, ""41"": 0.0, ""74"": 0.0, ""116"": 0.0, ""185"": 0.0, ""196"": 0.0, ""78"": 0.0, ""72"": 0.0, ""153"": 0.0, ""152"": 0.0, ""134"": 0.0, ""11"": 0.0, ""18"": 0.0, ""105"": 0.0, ""163"": 0.0, ""221"": 0.0, ""71"": 0.0, ""103"": 0.0, ""73"": 0.0, ""198"": 0.0, ""38"": 0.0, ""165"": 0.0, ""167"": 0.0, ""124"": 0.0, ""157"": 0.0, ""68"": 0.0, ""28"": 0.0, ""193"": 0.0, ""22"": 0.0, ""178"": 0.0, ""67"": 0.0, ""106"": 0.0, ""21"": 0.0, ""66"": 0.0, ""128"": 0.0, ""205"": 0.0, ""140"": 0.0, ""202"": 0.0, ""25"": 0.0, ""33"": 0.0, ""200"": 0.0, ""48"": 0.0, ""204"": 0.0, ""6"": 0.0, ""56"": 0.0, ""119"": 0.0, ""137"": 0.0, ""206"": 0.0, ""5"": 0.0, ""90"": 0.0, ""210"": 0.0, ""93"": 0.0, ""30"": 0.0, ""-1"": 0.96, ""112"": 0.0, ""8"": 0.0, ""60"": 0.0, ""126"": 0.0, ""96"": 0.0, ""118"": 0.0, ""4"": 0.0, ""77"": 0.0, ""122"": 0.0, ""233"": 0.0, ""127"": 0.0, ""97"": 0.0, ""45"": 0.0, ""166"": 0.0, ""207"": 0.0, ""148"": 0.0, ""231"": 0.0, ""52"": 0.0, ""58"": 0.0, ""229"": 0.0, ""50"": 0.0, ""169"": 0.0, ""32"": 0.0, ""14"": 0.0, ""213"": 0.0, ""181"": 0.0, ""173"": 0.0, ""100"": 0.0, ""175"": 0.0, ""145"": 0.0, ""214"": 0.0, ""146"": 0.0, ""141"": 0.0, ""37"": 0.0, ""189"": 0.0, ""201"": 0.0, ""98"": 0.01, ""160"": 0.0, ""43"": 0.0, ""182"": 0.0, ""224"": 0.0, ""136"": 0.0, ""2"": 0.0, ""232"": 0.0, ""174"": 0.0, ""121"": 0.0, ""234"": 0.0, ""211"": 0.0, ""85"": 0.0, ""138"": 0.0, ""132"": 0.0, ""114"": 0.0, ""53"": 0.0, ""139"": 0.0, ""107"": 0.0, ""133"": 0.0, ""203"": 0.0, ""84"": 0.0, ""1"": 0.0, ""7"": 0.0, ""162"": 0.0, ""88"": 0.0, ""223"": 0.0, ""20"": 0.0, ""94"": 0.0, ""215"": 0.0, ""23"": 0.0, ""158"": 0.0, ""177"": 0.0, ""186"": 0.0, ""40"": 0.0, ""222"": 0.0, ""111"": 0.0, ""151"": 0.0, ""147"": 0.0, ""64"": 0.0, ""218"": 0.0, ""13"": 0.0, ""87"": 0.0, ""209"": 0.0, ""80"": 0.0, ""172"": 0.0, ""164"": 0.0, ""108"": 0.0, ""225"": 0.0, ""19"": 0.0, ""81"": 0.0, ""154"": 0.0, ""102"": 0.0, ""212"": 0.0, ""82"": 0.0, ""228"": 0.0, ""44"": 0.0, ""191"": 0.0, ""216"": 0.0, ""47"": 0.0, ""217"": 0.0, ""59"": 0.0, ""220"": 0.0, ""57"": 0.0, ""0"": 0.0, ""109"": 0.0, ""176"": 0.0, ""219"": 0.0, ""86"": 0.0, ""170"": 0.0, ""171"": 0.0, ""199"": 0.0, ""123"": 0.0, ""230"": 0.0, ""46"": 0.0, ""39"": 0.0, ""129"": 0.02, ""143"": 0.0, ""125"": 0.0, ""190"": 0.0, ""42"": 0.0, ""95"": 0.0, ""55"": 0.0, ""62"": 0.0, ""156"": 0.0, ""161"": 0.0, ""195"": 0.0, ""61"": 0.0, ""194"": 0.0, ""12"": 0.0, ""113"": 0.0, ""130"": 0.0, ""27"": 0.0, ""3"": 0.0, ""51"": 0.0, ""99"": 0.01, ""16"": 0.0, ""159"": 0.0, ""29"": 0.0, ""89"": 0.0, ""144"": 0.0, ""9"": 0.0, ""69"": 0.0, ""120"": 0.0, ""117"": 0.0, ""197"": 0.0, ""104"": 0.0, ""92"": 0.0, ""91"": 0.0, ""168"": 0.0, ""179"": 0.0, ""63"": 0.0, ""26"": 0.0, ""110"": 0.0, ""83"": 0.0, ""65"": 0.0, ""35"": 0.0, ""187"": 0.0, ""24"": 0.0, ""155"": 0.0, ""76"": 0.0, ""184"": 0.0, ""115"": 0.0, ""79"": 0.0, ""15"": 0.0, ""34"": 0.0, ""226"": 0.0, ""49"": 0.0, ""101"": 0.0, ""10"": 0.0, ""75"": 0.0, ""235"": 0.0, ""227"": 0.0, ""36"": 0.0, ""131"": 0.0, ""70"": 0.0, ""188"": 0.0, ""142"": 0.0, ""54"": 0.0, ""180"": 0.0, ""17"": 0.0, ""208"": 0.0, ""31"": 0.0, ""135"": 0.0}",jev-1.13.0,c9665182ac0b212d30ac43ae60e585e7be0f8e39599070982c4c4fb0c49ba906
semantic-experiment:sentence5:bge:q70:v1:2400164916:000000275240-000000344520,-1,semantic:bge:leaf-local-6-2:42:-1,Unassigned,0.85,0.84,"{""221"": 0.0, ""82"": 0.0, ""43"": 0.0, ""41"": 0.0, ""163"": 0.0, ""76"": 0.0, ""230"": 0.0, ""225"": 0.03, ""47"": 0.0, ""220"": 0.0, ""109"": 0.0, ""143"": 0.0, ""49"": 0.0, ""32"": 0.0, ""179"": 0.0, ""46"": 0.0, ""185"": 0.0, ""103"": 0.0, ""34"": 0.0, ""12"": 0.0, ""169"": 0.0, ""142"": 0.0, ""182"": 0.0, ""77"": 0.0, ""56"": 0.0, ""231"": 0.0, ""223"": 0.0, ""196"": 0.0, ""176"": 0.0, ""135"": 0.0, ""207"": 0.0, ""93"": 0.0, ""-1"": 0.85, ""219"": 0.0, ""200"": 0.0, ""68"": 0.0, ""218"": 0.0, ""216"": 0.0, ""79"": 0.0, ""170"": 0.0, ""78"": 0.0, ""23"": 0.0, ""172"": 0.09, ""27"": 0.0, ""7"": 0.0, ""118"": 0.0, ""151"": 0.0, ""114"": 0.0, ""188"": 0.0, ""202"": 0.0, ""8"": 0.0, ""167"": 0.0, ""206"": 0.0, ""29"": 0.0, ""211"": 0.0, ""74"": 0.0, ""154"": 0.0, ""190"": 0.0, ""157"": 0.0, ""121"": 0.0, ""52"": 0.0, ""73"": 0.0, ""192"": 0.0, ""13"": 0.0, ""36"": 0.0, ""104"": 0.0, ""106"": 0.0, ""119"": 0.0, ""110"": 0.0, ""19"": 0.0, ""30"": 0.0, ""94"": 0.0, ""217"": 0.0, ""31"": 0.0, ""53"": 0.0, ""16"": 0.0, ""235"": 0.0, ""22"": 0.0, ""48"": 0.0, ""160"": 0.0, ""161"": 0.0, ""147"": 0.0, ""159"": 0.0, ""215"": 0.0, ""62"": 0.0, ""203"": 0.0, ""54"": 0.0, ""55"": 0.0, ""99"": 0.01, ""180"": 0.0, ""18"": 0.0, ""214"": 0.0, ""226"": 0.0, ""15"": 0.0, ""204"": 0.0, ""0"": 0.0, ""184"": 0.0, ""10"": 0.0, ""209"": 0.0, ""37"": 0.0, ""61"": 0.0, ""71"": 0.0, ""69"": 0.0, ""212"": 0.0, ""150"": 0.0, ""183"": 0.0, ""65"": 0.0, ""178"": 0.0, ""45"": 0.0, ""134"": 0.0, ""131"": 0.0, ""63"": 0.0, ""129"": 0.0, ""25"": 0.0, ""33"": 0.0, ""44"": 0.0, ""128"": 0.0, ""193"": 0.0, ""2"": 0.0, ""153"": 0.0, ""149"": 0.0, ""42"": 0.0, ""191"": 0.0, ""201"": 0.0, ""222"": 0.0, ""133"": 0.0, ""107"": 0.0, ""175"": 0.0, ""83"": 0.0, ""155"": 0.0, ""117"": 0.0, ""100"": 0.0, ""125"": 0.0, ""108"": 0.0, ""40"": 0.0, ""91"": 0.0, ""58"": 0.0, ""92"": 0.0, ""228"": 0.0, ""95"": 0.0, ""234"": 0.0, ""208"": 0.0, ""57"": 0.0, ""39"": 0.0, ""232"": 0.0, ""85"": 0.0, ""86"": 0.0, ""70"": 0.0, ""102"": 0.0, ""72"": 0.0, ""162"": 0.0, ""81"": 0.0, ""66"": 0.0, ""124"": 0.0, ""224"": 0.0, ""112"": 0.0, ""24"": 0.0, ""229"": 0.0, ""199"": 0.0, ""141"": 0.0, ""197"": 0.0, ""171"": 0.0, ""138"": 0.0, ""140"": 0.0, ""186"": 0.0, ""187"": 0.0, ""198"": 0.0, ""28"": 0.0, ""156"": 0.0, ""166"": 0.0, ""164"": 0.0, ""17"": 0.0, ""111"": 0.0, ""123"": 0.0, ""210"": 0.0, ""116"": 0.0, ""35"": 0.0, ""144"": 0.0, ""165"": 0.0, ""101"": 0.0, ""59"": 0.0, ""189"": 0.0, ""67"": 0.0, ""14"": 0.0, ""213"": 0.0, ""84"": 0.0, ""89"": 0.0, ""90"": 0.0, ""181"": 0.0, ""168"": 0.0, ""80"": 0.0, ""38"": 0.0, ""158"": 0.0, ""21"": 0.0, ""145"": 0.0, ""4"": 0.02, ""26"": 0.0, ""233"": 0.0, ""152"": 0.0, ""75"": 0.0, ""6"": 0.0, ""60"": 0.0, ""174"": 0.0, ""130"": 0.0, ""195"": 0.0, ""1"": 0.0, ""122"": 0.0, ""120"": 0.0, ""127"": 0.0, ""51"": 0.0, ""105"": 0.0, ""126"": 0.0, ""132"": 0.0, ""136"": 0.0, ""97"": 0.0, ""148"": 0.0, ""9"": 0.0, ""113"": 0.0, ""20"": 0.0, ""194"": 0.0, ""11"": 0.0, ""50"": 0.0, ""146"": 0.0, ""177"": 0.0, ""88"": 0.0, ""205"": 0.0, ""137"": 0.0, ""173"": 0.0, ""5"": 0.0, ""139"": 0.0, ""227"": 0.0, ""64"": 0.0, ""87"": 0.0, ""98"": 0.0, ""3"": 0.0, ""115"": 0.0, ""96"": 0.0}",jev-1.13.0,bc4d3af0ce4e4995caebf6eb7bc53023472d55c835b4165752efeaf28ce7dc9c
semantic-experiment:sentence5:bge:q70:v1:2400164916:000000344520-000000406520,-1,semantic:bge:leaf-local-6-2:42:-1,Unassigned,0.91,0.9,"{""171"": 0.0, ""89"": 0.0, ""61"": 0.0, ""114"": 0.0, ""210"": 0.0, ""162"": 0.0, ""107"": 0.0, ""224"": 0.0, ""187"": 0.0, ""65"": 0.0, ""28"": 0.0, ""77"": 0.0, ""79"": 0.0, ""104"": 0.0, ""91"": 0.0, ""72"": 0.0, ""-1"": 0.91, ""76"": 0.0, ""206"": 0.0, ""84"": 0.0, ""219"": 0.0, ""115"": 0.0, ""151"": 0.0, ""181"": 0.0, ""176"": 0.0, ""50"": 0.0, ""101"": 0.0, ""14"": 0.0, ""184"": 0.0, ""234"": 0.0, ""113"": 0.0, ""54"": 0.0, ""150"": 0.0, ""37"": 0.0, ""118"": 0.0, ""64"": 0.0, ""4"": 0.0, ""155"": 0.0, ""25"": 0.0, ""47"": 0.0, ""217"": 0.0, ""78"": 0.0, ""2"": 0.0, ""17"": 0.0, ""40"": 0.0, ""182"": 0.0, ""136"": 0.0, ""230"": 0.0, ""15"": 0.0, ""130"": 0.0, ""110"": 0.0, ""183"": 0.0, ""42"": 0.0, ""51"": 0.0, ""111"": 0.0, ""196"": 0.0, ""179"": 0.0, ""103"": 0.0, ""125"": 0.0, ""52"": 0.0, ""99"": 0.0, ""95"": 0.0, ""32"": 0.0, ""213"": 0.0, ""195"": 0.0, ""3"": 0.0, ""75"": 0.0, ""133"": 0.0, ""123"": 0.0, ""12"": 0.0, ""180"": 0.02, ""92"": 0.0, ""228"": 0.0, ""18"": 0.0, ""186"": 0.0, ""94"": 0.0, ""232"": 0.0, ""58"": 0.0, ""167"": 0.0, ""120"": 0.0, ""144"": 0.0, ""161"": 0.0, ""202"": 0.0, ""149"": 0.0, ""222"": 0.0, ""165"": 0.0, ""116"": 0.0, ""205"": 0.0, ""215"": 0.0, ""96"": 0.0, ""169"": 0.0, ""158"": 0.0, ""121"": 0.0, ""33"": 0.0, ""170"": 0.0, ""220"": 0.0, ""86"": 0.0, ""109"": 0.0, ""214"": 0.0, ""188"": 0.0, ""128"": 0.0, ""168"": 0.0, ""10"": 0.0, ""29"": 0.0, ""139"": 0.0, ""20"": 0.0, ""164"": 0.0, ""35"": 0.0, ""34"": 0.0, ""98"": 0.0, ""124"": 0.0, ""134"": 0.0, ""153"": 0.0, ""82"": 0.060000000000000005, ""93"": 0.0, ""24"": 0.0, ""154"": 0.0, ""172"": 0.0, ""218"": 0.0, ""43"": 0.0, ""85"": 0.0, ""177"": 0.0, ""178"": 0.0, ""80"": 0.0, ""68"": 0.0, ""67"": 0.0, ""45"": 0.0, ""204"": 0.0, ""137"": 0.0, ""227"": 0.0, ""30"": 0.0, ""166"": 0.0, ""63"": 0.0, ""156"": 0.0, ""140"": 0.0, ""108"": 0.0, ""88"": 0.0, ""145"": 0.0, ""216"": 0.0, ""194"": 0.0, ""5"": 0.0, ""21"": 0.0, ""157"": 0.0, ""8"": 0.0, ""192"": 0.0, ""87"": 0.0, ""142"": 0.0, ""141"": 0.0, ""146"": 0.0, ""26"": 0.0, ""0"": 0.0, ""60"": 0.0, ""7"": 0.0, ""126"": 0.0, ""209"": 0.0, ""81"": 0.0, ""226"": 0.0, ""233"": 0.0, ""38"": 0.0, ""13"": 0.0, ""57"": 0.0, ""159"": 0.0, ""147"": 0.0, ""152"": 0.0, ""173"": 0.0, ""174"": 0.0, ""112"": 0.0, ""6"": 0.0, ""66"": 0.0, ""201"": 0.0, ""90"": 0.0, ""223"": 0.0, ""46"": 0.0, ""175"": 0.0, ""221"": 0.0, ""73"": 0.0, ""44"": 0.0, ""49"": 0.0, ""163"": 0.0, ""1"": 0.0, ""23"": 0.0, ""62"": 0.0, ""36"": 0.0, ""71"": 0.0, ""48"": 0.0, ""100"": 0.0, ""197"": 0.0, ""122"": 0.0, ""160"": 0.0, ""97"": 0.0, ""41"": 0.0, ""39"": 0.0, ""135"": 0.0, ""83"": 0.0, ""193"": 0.0, ""119"": 0.0, ""212"": 0.0, ""19"": 0.0, ""138"": 0.0, ""191"": 0.0, ""199"": 0.0, ""203"": 0.0, ""9"": 0.0, ""74"": 0.0, ""31"": 0.0, ""27"": 0.0, ""143"": 0.0, ""106"": 0.0, ""117"": 0.0, ""102"": 0.0, ""131"": 0.0, ""200"": 0.0, ""69"": 0.0, ""207"": 0.0, ""55"": 0.0, ""198"": 0.0, ""185"": 0.0, ""235"": 0.0, ""208"": 0.0, ""70"": 0.0, ""59"": 0.0, ""225"": 0.0, ""56"": 0.0, ""190"": 0.0, ""132"": 0.0, ""229"": 0.0, ""22"": 0.0, ""231"": 0.0, ""148"": 0.0, ""129"": 0.0, ""11"": 0.0, ""16"": 0.0, ""105"": 0.0, ""127"": 0.0, ""189"": 0.0, ""211"": 0.0, ""53"": 0.0}",jev-1.13.0,1eba432d9642bb3403dc1a466715b0d65b58f1b2189973b9b92e532fb30d6ab0
semantic-experiment:sentence5:bge:q70:v1:2400164916:000000406520-000000634960,180,semantic:bge:leaf-local-6-2:42:180,Õpetaja hoituse rollid alushariduses,0.63,0.62,"{""149"": 0.0, ""150"": 0.0, ""183"": 0.0, ""192"": 0.0, ""41"": 0.0, ""74"": 0.0, ""78"": 0.0, ""185"": 0.0, ""116"": 0.0, ""196"": 0.0, ""72"": 0.0, ""153"": 0.0, ""152"": 0.0, ""134"": 0.0, ""11"": 0.0, ""18"": 0.0, ""163"": 0.08, ""105"": 0.0, ""221"": 0.0, ""71"": 0.0, ""103"": 0.0, ""73"": 0.0, ""198"": 0.0, ""38"": 0.0, ""167"": 0.0, ""165"": 0.0, ""157"": 0.0, ""124"": 0.0, ""68"": 0.0, ""28"": 0.0, ""193"": 0.0, ""22"": 0.0, ""178"": 0.0, ""67"": 0.0, ""106"": 0.0, ""21"": 0.0, ""66"": 0.0, ""128"": 0.0, ""205"": 0.0, ""140"": 0.0, ""202"": 0.0, ""25"": 0.0, ""33"": 0.0, ""200"": 0.0, ""48"": 0.0, ""204"": 0.0, ""6"": 0.0, ""56"": 0.0, ""137"": 0.0, ""119"": 0.0, ""206"": 0.0, ""5"": 0.0, ""90"": 0.0, ""210"": 0.0, ""93"": 0.0, ""30"": 0.0, ""-1"": 0.22, ""112"": 0.0, ""60"": 0.0, ""8"": 0.0, ""126"": 0.0, ""96"": 0.01, ""118"": 0.0, ""4"": 0.0, ""77"": 0.0, ""122"": 0.0, ""233"": 0.0, ""127"": 0.0, ""97"": 0.01, ""45"": 0.0, ""166"": 0.0, ""207"": 0.0, ""148"": 0.0, ""231"": 0.0, ""52"": 0.0, ""58"": 0.0, ""50"": 0.0, ""229"": 0.0, ""169"": 0.0, ""32"": 0.0, ""14"": 0.02, ""213"": 0.0, ""181"": 0.0, ""173"": 0.0, ""100"": 0.0, ""175"": 0.0, ""214"": 0.0, ""145"": 0.0, ""146"": 0.0, ""141"": 0.0, ""37"": 0.0, ""189"": 0.0, ""201"": 0.0, ""98"": 0.01, ""160"": 0.0, ""43"": 0.0, ""182"": 0.0, ""224"": 0.0, ""136"": 0.0, ""2"": 0.0, ""232"": 0.0, ""174"": 0.0, ""121"": 0.0, ""234"": 0.0, ""211"": 0.0, ""138"": 0.0, ""114"": 0.0, ""132"": 0.0, ""85"": 0.0, ""53"": 0.0, ""139"": 0.0, ""107"": 0.0, ""1"": 0.0, ""203"": 0.0, ""84"": 0.0, ""133"": 0.0, ""20"": 0.0, ""162"": 0.0, ""94"": 0.0, ""7"": 0.0, ""88"": 0.0, ""223"": 0.0, ""215"": 0.0, ""23"": 0.0, ""158"": 0.0, ""177"": 0.0, ""186"": 0.0, ""40"": 0.0, ""222"": 0.0, ""111"": 0.0, ""151"": 0.0, ""147"": 0.0, ""64"": 0.0, ""218"": 0.0, ""13"": 0.0, ""87"": 0.0, ""172"": 0.0, ""80"": 0.0, ""209"": 0.0, ""164"": 0.0, ""108"": 0.0, ""225"": 0.0, ""19"": 0.0, ""81"": 0.0, ""154"": 0.0, ""102"": 0.0, ""212"": 0.0, ""82"": 0.0, ""228"": 0.0, ""44"": 0.0, ""191"": 0.0, ""216"": 0.0, ""47"": 0.0, ""217"": 0.0, ""0"": 0.0, ""220"": 0.0, ""57"": 0.0, ""109"": 0.0, ""59"": 0.0, ""176"": 0.0, ""219"": 0.0, ""86"": 0.0, ""170"": 0.0, ""171"": 0.0, ""199"": 0.0, ""123"": 0.0, ""230"": 0.0, ""46"": 0.0, ""39"": 0.0, ""129"": 0.0, ""143"": 0.0, ""125"": 0.0, ""190"": 0.0, ""42"": 0.0, ""95"": 0.0, ""62"": 0.0, ""55"": 0.0, ""156"": 0.0, ""161"": 0.0, ""195"": 0.0, ""61"": 0.0, ""194"": 0.0, ""12"": 0.0, ""113"": 0.0, ""130"": 0.0, ""27"": 0.0, ""51"": 0.0, ""3"": 0.0, ""99"": 0.01, ""16"": 0.0, ""159"": 0.0, ""29"": 0.0, ""89"": 0.0, ""144"": 0.0, ""9"": 0.0, ""69"": 0.0, ""120"": 0.0, ""117"": 0.0, ""197"": 0.0, ""104"": 0.0, ""91"": 0.0, ""92"": 0.0, ""168"": 0.0, ""179"": 0.0, ""63"": 0.0, ""26"": 0.0, ""110"": 0.0, ""83"": 0.0, ""65"": 0.0, ""35"": 0.0, ""187"": 0.0, ""76"": 0.0, ""155"": 0.0, ""184"": 0.0, ""24"": 0.0, ""115"": 0.0, ""79"": 0.0, ""15"": 0.0, ""34"": 0.0, ""226"": 0.0, ""49"": 0.0, ""101"": 0.0, ""10"": 0.0, ""235"": 0.0, ""75"": 0.0, ""227"": 0.0, ""36"": 0.0, ""131"": 0.0, ""70"": 0.0, ""188"": 0.0, ""142"": 0.0, ""54"": 0.0, ""17"": 0.0, ""180"": 0.63, ""31"": 0.0, ""135"": 0.0, ""208"": 0.0}",jev-1.13.0,f97f672331cdbb5767af9d65eb0e3f3113a9af1ee862fb645aad54bac899a34d
semantic-experiment:sentence5:bge:q70:v1:2400164916:000000634960-000000839040,180,semantic:bge:leaf-local-6-2:42:180,Õpetaja hoituse rollid alushariduses,1.0,1.0,"{""44"": 0.0, ""30"": 0.0, ""85"": 0.0, ""99"": 0.0, ""88"": 0.0, ""169"": 0.0, ""174"": 0.0, ""53"": 0.0, ""147"": 0.0, ""48"": 0.0, ""144"": 0.0, ""146"": 0.0, ""171"": 0.0, ""172"": 0.0, ""145"": 0.0, ""187"": 0.0, ""62"": 0.0, ""24"": 0.0, ""194"": 0.0, ""198"": 0.0, ""210"": 0.0, ""106"": 0.0, ""168"": 0.0, ""160"": 0.0, ""28"": 0.0, ""8"": 0.0, ""97"": 0.0, ""205"": 0.0, ""116"": 0.0, ""126"": 0.0, ""211"": 0.0, ""121"": 0.0, ""102"": 0.0, ""151"": 0.0, ""9"": 0.0, ""173"": 0.0, ""23"": 0.0, ""37"": 0.0, ""203"": 0.0, ""70"": 0.0, ""50"": 0.0, ""217"": 0.0, ""149"": 0.0, ""161"": 0.0, ""185"": 0.0, ""233"": 0.0, ""117"": 0.0, ""164"": 0.0, ""103"": 0.0, ""20"": 0.0, ""100"": 0.0, ""75"": 0.0, ""153"": 0.0, ""135"": 0.0, ""141"": 0.0, ""61"": 0.0, ""170"": 0.0, ""1"": 0.0, ""55"": 0.0, ""213"": 0.0, ""186"": 0.0, ""80"": 0.0, ""209"": 0.0, ""134"": 0.0, ""143"": 0.0, ""142"": 0.0, ""78"": 0.0, ""26"": 0.0, ""59"": 0.0, ""35"": 0.0, ""108"": 0.0, ""73"": 0.0, ""221"": 0.0, ""158"": 0.0, ""83"": 0.0, ""25"": 0.0, ""98"": 0.0, ""33"": 0.0, ""136"": 0.0, ""93"": 0.0, ""82"": 0.0, ""127"": 0.0, ""199"": 0.0, ""42"": 0.0, ""22"": 0.0, ""130"": 0.0, ""104"": 0.0, ""57"": 0.0, ""214"": 0.0, ""46"": 0.0, ""34"": 0.0, ""215"": 0.0, ""201"": 0.0, ""137"": 0.0, ""17"": 0.0, ""224"": 0.0, ""120"": 0.0, ""196"": 0.0, ""101"": 0.0, ""124"": 0.0, ""125"": 0.0, ""163"": 0.0, ""19"": 0.0, ""-1"": 0.0, ""113"": 0.0, ""12"": 0.0, ""68"": 0.0, ""39"": 0.0, ""182"": 0.0, ""129"": 0.0, ""41"": 0.0, ""138"": 0.0, ""87"": 0.0, ""228"": 0.0, ""3"": 0.0, ""219"": 0.0, ""0"": 0.0, ""54"": 0.0, ""79"": 0.0, ""140"": 0.0, ""235"": 0.0, ""192"": 0.0, ""175"": 0.0, ""133"": 0.0, ""188"": 0.0, ""180"": 1.0, ""77"": 0.0, ""118"": 0.0, ""206"": 0.0, ""4"": 0.0, ""156"": 0.0, ""60"": 0.0, ""155"": 0.0, ""58"": 0.0, ""10"": 0.0, ""74"": 0.0, ""131"": 0.0, ""32"": 0.0, ""193"": 0.0, ""47"": 0.0, ""179"": 0.0, ""89"": 0.0, ""69"": 0.0, ""90"": 0.0, ""112"": 0.0, ""189"": 0.0, ""36"": 0.0, ""15"": 0.0, ""110"": 0.0, ""27"": 0.0, ""31"": 0.0, ""218"": 0.0, ""200"": 0.0, ""76"": 0.0, ""232"": 0.0, ""225"": 0.0, ""229"": 0.0, ""72"": 0.0, ""111"": 0.0, ""29"": 0.0, ""92"": 0.0, ""139"": 0.0, ""67"": 0.0, ""18"": 0.0, ""197"": 0.0, ""5"": 0.0, ""195"": 0.0, ""43"": 0.0, ""71"": 0.0, ""152"": 0.0, ""123"": 0.0, ""148"": 0.0, ""231"": 0.0, ""184"": 0.0, ""2"": 0.0, ""86"": 0.0, ""204"": 0.0, ""227"": 0.0, ""128"": 0.0, ""38"": 0.0, ""84"": 0.0, ""166"": 0.0, ""181"": 0.0, ""109"": 0.0, ""167"": 0.0, ""65"": 0.0, ""6"": 0.0, ""132"": 0.0, ""16"": 0.0, ""115"": 0.0, ""159"": 0.0, ""51"": 0.0, ""56"": 0.0, ""52"": 0.0, ""119"": 0.0, ""95"": 0.0, ""177"": 0.0, ""230"": 0.0, ""81"": 0.0, ""202"": 0.0, ""114"": 0.0, ""63"": 0.0, ""96"": 0.0, ""220"": 0.0, ""223"": 0.0, ""190"": 0.0, ""216"": 0.0, ""107"": 0.0, ""183"": 0.0, ""21"": 0.0, ""66"": 0.0, ""13"": 0.0, ""208"": 0.0, ""212"": 0.0, ""7"": 0.0, ""91"": 0.0, ""150"": 0.0, ""207"": 0.0, ""226"": 0.0, ""105"": 0.0, ""122"": 0.0, ""178"": 0.0, ""162"": 0.0, ""49"": 0.0, ""40"": 0.0, ""11"": 0.0, ""14"": 0.0, ""191"": 0.0, ""64"": 0.0, ""222"": 0.0, ""176"": 0.0, ""154"": 0.0, ""94"": 0.0, ""234"": 0.0, ""165"": 0.0, ""45"": 0.0, ""157"": 0.0}",jev-1.13.0,935f3437153f4fbb8f3f6e1f81e383b2441e18f4dbcba50ed6a5a514790dfabf
semantic-experiment:sentence5:bge:q70:v1:2400164916:000000839040-000000907320,180,semantic:bge:leaf-local-6-2:42:180,Õpetaja hoituse rollid alushariduses,1.0,1.0,"{""104"": 0.0, ""131"": 0.0, ""109"": 0.0, ""58"": 0.0, ""70"": 0.0, ""120"": 0.0, ""228"": 0.0, ""127"": 0.0, ""201"": 0.0, ""28"": 0.0, ""214"": 0.0, ""126"": 0.0, ""180"": 1.0, ""132"": 0.0, ""118"": 0.0, ""107"": 0.0, ""55"": 0.0, ""1"": 0.0, ""110"": 0.0, ""182"": 0.0, ""83"": 0.0, ""27"": 0.0, ""138"": 0.0, ""187"": 0.0, ""207"": 0.0, ""140"": 0.0, ""230"": 0.0, ""219"": 0.0, ""194"": 0.0, ""61"": 0.0, ""93"": 0.0, ""150"": 0.0, ""98"": 0.0, ""0"": 0.0, ""15"": 0.0, ""146"": 0.0, ""102"": 0.0, ""124"": 0.0, ""69"": 0.0, ""44"": 0.0, ""86"": 0.0, ""48"": 0.0, ""225"": 0.0, ""197"": 0.0, ""17"": 0.0, ""186"": 0.0, ""213"": 0.0, ""46"": 0.0, ""215"": 0.0, ""190"": 0.0, ""103"": 0.0, ""94"": 0.0, ""209"": 0.0, ""42"": 0.0, ""56"": 0.0, ""165"": 0.0, ""121"": 0.0, ""179"": 0.0, ""170"": 0.0, ""19"": 0.0, ""135"": 0.0, ""217"": 0.0, ""185"": 0.0, ""99"": 0.0, ""49"": 0.0, ""47"": 0.0, ""10"": 0.0, ""156"": 0.0, ""-1"": 0.0, ""111"": 0.0, ""6"": 0.0, ""221"": 0.0, ""134"": 0.0, ""63"": 0.0, ""196"": 0.0, ""224"": 0.0, ""137"": 0.0, ""8"": 0.0, ""76"": 0.0, ""158"": 0.0, ""112"": 0.0, ""89"": 0.0, ""163"": 0.0, ""226"": 0.0, ""116"": 0.0, ""37"": 0.0, ""172"": 0.0, ""24"": 0.0, ""31"": 0.0, ""125"": 0.0, ""79"": 0.0, ""21"": 0.0, ""212"": 0.0, ""40"": 0.0, ""220"": 0.0, ""200"": 0.0, ""174"": 0.0, ""75"": 0.0, ""77"": 0.0, ""97"": 0.0, ""223"": 0.0, ""72"": 0.0, ""162"": 0.0, ""26"": 0.0, ""87"": 0.0, ""128"": 0.0, ""192"": 0.0, ""101"": 0.0, ""30"": 0.0, ""54"": 0.0, ""206"": 0.0, ""218"": 0.0, ""65"": 0.0, ""129"": 0.0, ""232"": 0.0, ""23"": 0.0, ""210"": 0.0, ""67"": 0.0, ""133"": 0.0, ""7"": 0.0, ""130"": 0.0, ""11"": 0.0, ""204"": 0.0, ""166"": 0.0, ""208"": 0.0, ""36"": 0.0, ""122"": 0.0, ""151"": 0.0, ""178"": 0.0, ""20"": 0.0, ""159"": 0.0, ""82"": 0.0, ""100"": 0.0, ""74"": 0.0, ""143"": 0.0, ""181"": 0.0, ""66"": 0.0, ""9"": 0.0, ""33"": 0.0, ""39"": 0.0, ""80"": 0.0, ""32"": 0.0, ""152"": 0.0, ""81"": 0.0, ""25"": 0.0, ""234"": 0.0, ""202"": 0.0, ""115"": 0.0, ""4"": 0.0, ""147"": 0.0, ""85"": 0.0, ""142"": 0.0, ""123"": 0.0, ""16"": 0.0, ""35"": 0.0, ""5"": 0.0, ""12"": 0.0, ""90"": 0.0, ""145"": 0.0, ""160"": 0.0, ""169"": 0.0, ""235"": 0.0, ""216"": 0.0, ""203"": 0.0, ""71"": 0.0, ""3"": 0.0, ""50"": 0.0, ""108"": 0.0, ""193"": 0.0, ""96"": 0.0, ""62"": 0.0, ""171"": 0.0, ""105"": 0.0, ""211"": 0.0, ""113"": 0.0, ""60"": 0.0, ""95"": 0.0, ""205"": 0.0, ""92"": 0.0, ""154"": 0.0, ""149"": 0.0, ""59"": 0.0, ""195"": 0.0, ""78"": 0.0, ""189"": 0.0, ""175"": 0.0, ""227"": 0.0, ""144"": 0.0, ""157"": 0.0, ""167"": 0.0, ""29"": 0.0, ""176"": 0.0, ""34"": 0.0, ""141"": 0.0, ""38"": 0.0, ""136"": 0.0, ""43"": 0.0, ""51"": 0.0, ""183"": 0.0, ""13"": 0.0, ""231"": 0.0, ""45"": 0.0, ""198"": 0.0, ""229"": 0.0, ""68"": 0.0, ""2"": 0.0, ""64"": 0.0, ""191"": 0.0, ""84"": 0.0, ""41"": 0.0, ""57"": 0.0, ""233"": 0.0, ""139"": 0.0, ""114"": 0.0, ""117"": 0.0, ""155"": 0.0, ""91"": 0.0, ""88"": 0.0, ""184"": 0.0, ""106"": 0.0, ""168"": 0.0, ""148"": 0.0, ""153"": 0.0, ""199"": 0.0, ""164"": 0.0, ""177"": 0.0, ""222"": 0.0, ""14"": 0.0, ""119"": 0.0, ""173"": 0.0, ""73"": 0.0, ""52"": 0.0, ""18"": 0.0, ""161"": 0.0, ""53"": 0.0, ""22"": 0.0, ""188"": 0.0}",jev-1.13.0,65e7ec15a2d9a5eeee90b50ad1ed7b9e233c4fb7aef05432d07302777d21a248
semantic-experiment:sentence5:bge:q70:v1:2400164916:000000907320-000001069640,180,semantic:bge:leaf-local-6-2:42:180,Õpetaja hoituse rollid alushariduses,1.0,0.99,"{""152"": 0.0, ""35"": 0.0, ""175"": 0.0, ""2"": 0.0, ""221"": 0.0, ""157"": 0.0, ""1"": 0.0, ""148"": 0.0, ""194"": 0.0, ""172"": 0.0, ""67"": 0.0, ""20"": 0.0, ""39"": 0.0, ""190"": 0.0, ""184"": 0.0, ""80"": 0.0, ""45"": 0.0, ""104"": 0.0, ""82"": 0.0, ""0"": 0.0, ""117"": 0.0, ""132"": 0.0, ""158"": 0.0, ""189"": 0.0, ""68"": 0.0, ""192"": 0.0, ""233"": 0.0, ""222"": 0.0, ""187"": 0.0, ""92"": 0.0, ""30"": 0.0, ""232"": 0.0, ""115"": 0.0, ""217"": 0.0, ""73"": 0.0, ""110"": 0.0, ""180"": 1.0, ""170"": 0.0, ""143"": 0.0, ""94"": 0.0, ""69"": 0.0, ""5"": 0.0, ""106"": 0.0, ""165"": 0.0, ""50"": 0.0, ""228"": 0.0, ""60"": 0.0, ""43"": 0.0, ""54"": 0.0, ""90"": 0.0, ""136"": 0.0, ""216"": 0.0, ""183"": 0.0, ""129"": 0.0, ""88"": 0.0, ""156"": 0.0, ""72"": 0.0, ""87"": 0.0, ""19"": 0.0, ""28"": 0.0, ""21"": 0.0, ""193"": 0.0, ""65"": 0.0, ""125"": 0.0, ""37"": 0.0, ""40"": 0.0, ""142"": 0.0, ""56"": 0.0, ""160"": 0.0, ""97"": 0.0, ""206"": 0.0, ""215"": 0.0, ""209"": 0.0, ""3"": 0.0, ""33"": 0.0, ""11"": 0.0, ""62"": 0.0, ""204"": 0.0, ""146"": 0.0, ""119"": 0.0, ""109"": 0.0, ""128"": 0.0, ""105"": 0.0, ""83"": 0.0, ""108"": 0.0, ""47"": 0.0, ""219"": 0.0, ""212"": 0.0, ""61"": 0.0, ""121"": 0.0, ""196"": 0.0, ""111"": 0.0, ""144"": 0.0, ""126"": 0.0, ""191"": 0.0, ""51"": 0.0, ""197"": 0.0, ""229"": 0.0, ""234"": 0.0, ""59"": 0.0, ""131"": 0.0, ""164"": 0.0, ""44"": 0.0, ""130"": 0.0, ""116"": 0.0, ""138"": 0.0, ""112"": 0.0, ""133"": 0.0, ""27"": 0.0, ""210"": 0.0, ""66"": 0.0, ""14"": 0.0, ""15"": 0.0, ""181"": 0.0, ""49"": 0.0, ""169"": 0.0, ""86"": 0.0, ""137"": 0.0, ""34"": 0.0, ""12"": 0.0, ""140"": 0.0, ""98"": 0.0, ""42"": 0.0, ""10"": 0.0, ""213"": 0.0, ""16"": 0.0, ""173"": 0.0, ""91"": 0.0, ""176"": 0.0, ""123"": 0.0, ""195"": 0.0, ""22"": 0.0, ""205"": 0.0, ""113"": 0.0, ""101"": 0.0, ""200"": 0.0, ""24"": 0.0, ""186"": 0.0, ""58"": 0.0, ""124"": 0.0, ""174"": 0.0, ""99"": 0.0, ""198"": 0.0, ""139"": 0.0, ""141"": 0.0, ""89"": 0.0, ""159"": 0.0, ""202"": 0.0, ""63"": 0.0, ""118"": 0.0, ""76"": 0.0, ""13"": 0.0, ""36"": 0.0, ""122"": 0.0, ""235"": 0.0, ""224"": 0.0, ""155"": 0.0, ""31"": 0.0, ""167"": 0.0, ""226"": 0.0, ""178"": 0.0, ""153"": 0.0, ""207"": 0.0, ""93"": 0.0, ""6"": 0.0, ""23"": 0.0, ""214"": 0.0, ""149"": 0.0, ""171"": 0.0, ""17"": 0.0, ""41"": 0.0, ""85"": 0.0, ""53"": 0.0, ""57"": 0.0, ""75"": 0.0, ""26"": 0.0, ""225"": 0.0, ""150"": 0.0, ""134"": 0.0, ""7"": 0.0, ""18"": 0.0, ""220"": 0.0, ""77"": 0.0, ""211"": 0.0, ""127"": 0.0, ""208"": 0.0, ""-1"": 0.0, ""8"": 0.0, ""32"": 0.0, ""78"": 0.0, ""29"": 0.0, ""120"": 0.0, ""161"": 0.0, ""114"": 0.0, ""52"": 0.0, ""218"": 0.0, ""151"": 0.0, ""163"": 0.0, ""154"": 0.0, ""182"": 0.0, ""107"": 0.0, ""64"": 0.0, ""179"": 0.0, ""74"": 0.0, ""70"": 0.0, ""230"": 0.0, ""147"": 0.0, ""96"": 0.0, ""9"": 0.0, ""201"": 0.0, ""203"": 0.0, ""71"": 0.0, ""38"": 0.0, ""166"": 0.0, ""199"": 0.0, ""102"": 0.0, ""46"": 0.0, ""84"": 0.0, ""79"": 0.0, ""162"": 0.0, ""145"": 0.0, ""177"": 0.0, ""55"": 0.0, ""4"": 0.0, ""223"": 0.0, ""188"": 0.0, ""103"": 0.0, ""231"": 0.0, ""25"": 0.0, ""135"": 0.0, ""95"": 0.0, ""185"": 0.0, ""48"": 0.0, ""168"": 0.0, ""81"": 0.0, ""227"": 0.0, ""100"": 0.0}",jev-1.13.0,27e678fca9ba2113971248b49b8045de7c5b6775a8aee740406ecdbc8d7385ac
semantic-experiment:sentence5:bge:q70:v1:2400164916:000001069640-000001161840,180,semantic:bge:leaf-local-6-2:42:180,Õpetaja hoituse rollid alushariduses,0.93,0.92,"{""149"": 0.0, ""150"": 0.0, ""183"": 0.0, ""192"": 0.0, ""41"": 0.0, ""74"": 0.0, ""196"": 0.0, ""185"": 0.0, ""116"": 0.0, ""78"": 0.0, ""152"": 0.0, ""153"": 0.0, ""72"": 0.0, ""134"": 0.0, ""11"": 0.0, ""18"": 0.0, ""105"": 0.0, ""163"": 0.0, ""221"": 0.0, ""71"": 0.0, ""103"": 0.0, ""73"": 0.0, ""198"": 0.0, ""38"": 0.0, ""167"": 0.0, ""165"": 0.0, ""157"": 0.0, ""124"": 0.0, ""68"": 0.0, ""28"": 0.0, ""193"": 0.0, ""22"": 0.0, ""178"": 0.0, ""67"": 0.0, ""106"": 0.0, ""21"": 0.0, ""66"": 0.0, ""128"": 0.0, ""205"": 0.0, ""140"": 0.0, ""202"": 0.0, ""25"": 0.0, ""33"": 0.0, ""200"": 0.0, ""48"": 0.0, ""204"": 0.0, ""6"": 0.0, ""56"": 0.0, ""137"": 0.0, ""119"": 0.0, ""206"": 0.0, ""5"": 0.0, ""90"": 0.0, ""210"": 0.0, ""93"": 0.0, ""30"": 0.0, ""-1"": 0.060000000000000005, ""112"": 0.0, ""8"": 0.0, ""60"": 0.0, ""126"": 0.0, ""96"": 0.0, ""118"": 0.0, ""4"": 0.0, ""77"": 0.0, ""122"": 0.0, ""233"": 0.0, ""127"": 0.0, ""97"": 0.0, ""45"": 0.0, ""166"": 0.0, ""207"": 0.0, ""148"": 0.0, ""231"": 0.0, ""52"": 0.0, ""58"": 0.0, ""229"": 0.0, ""50"": 0.0, ""169"": 0.0, ""32"": 0.0, ""14"": 0.0, ""213"": 0.0, ""181"": 0.0, ""173"": 0.0, ""100"": 0.0, ""175"": 0.0, ""145"": 0.0, ""214"": 0.0, ""146"": 0.0, ""141"": 0.0, ""37"": 0.0, ""189"": 0.0, ""201"": 0.0, ""98"": 0.0, ""160"": 0.0, ""43"": 0.0, ""182"": 0.0, ""224"": 0.0, ""2"": 0.0, ""136"": 0.0, ""232"": 0.0, ""174"": 0.0, ""121"": 0.0, ""234"": 0.0, ""211"": 0.0, ""138"": 0.0, ""85"": 0.0, ""132"": 0.0, ""114"": 0.0, ""53"": 0.0, ""139"": 0.0, ""107"": 0.0, ""133"": 0.0, ""203"": 0.0, ""84"": 0.0, ""1"": 0.0, ""20"": 0.0, ""162"": 0.0, ""88"": 0.0, ""7"": 0.0, ""94"": 0.0, ""223"": 0.0, ""215"": 0.0, ""23"": 0.0, ""158"": 0.0, ""177"": 0.0, ""186"": 0.0, ""40"": 0.0, ""222"": 0.0, ""111"": 0.0, ""151"": 0.0, ""147"": 0.0, ""64"": 0.0, ""218"": 0.0, ""13"": 0.0, ""87"": 0.0, ""172"": 0.0, ""80"": 0.0, ""209"": 0.0, ""164"": 0.0, ""108"": 0.0, ""225"": 0.0, ""19"": 0.0, ""81"": 0.0, ""154"": 0.0, ""102"": 0.0, ""212"": 0.0, ""82"": 0.0, ""228"": 0.0, ""44"": 0.0, ""191"": 0.0, ""216"": 0.0, ""47"": 0.0, ""217"": 0.0, ""0"": 0.0, ""220"": 0.0, ""57"": 0.0, ""59"": 0.0, ""109"": 0.0, ""176"": 0.0, ""219"": 0.0, ""86"": 0.0, ""170"": 0.0, ""171"": 0.0, ""123"": 0.0, ""199"": 0.0, ""230"": 0.0, ""46"": 0.0, ""39"": 0.0, ""129"": 0.0, ""143"": 0.0, ""125"": 0.0, ""190"": 0.0, ""42"": 0.0, ""95"": 0.0, ""62"": 0.0, ""55"": 0.0, ""156"": 0.0, ""161"": 0.0, ""195"": 0.0, ""61"": 0.0, ""194"": 0.0, ""12"": 0.0, ""113"": 0.0, ""130"": 0.0, ""27"": 0.0, ""3"": 0.0, ""51"": 0.0, ""99"": 0.0, ""16"": 0.0, ""159"": 0.0, ""29"": 0.0, ""89"": 0.0, ""144"": 0.0, ""9"": 0.0, ""69"": 0.0, ""117"": 0.0, ""120"": 0.0, ""197"": 0.0, ""104"": 0.0, ""91"": 0.0, ""92"": 0.0, ""168"": 0.0, ""179"": 0.0, ""63"": 0.0, ""26"": 0.0, ""110"": 0.0, ""83"": 0.0, ""65"": 0.0, ""35"": 0.0, ""187"": 0.0, ""76"": 0.0, ""155"": 0.0, ""24"": 0.0, ""184"": 0.0, ""115"": 0.0, ""49"": 0.0, ""15"": 0.0, ""34"": 0.0, ""226"": 0.0, ""79"": 0.0, ""10"": 0.0, ""101"": 0.0, ""235"": 0.0, ""75"": 0.0, ""227"": 0.0, ""36"": 0.0, ""131"": 0.0, ""70"": 0.0, ""188"": 0.0, ""142"": 0.0, ""54"": 0.0, ""180"": 0.93, ""17"": 0.0, ""208"": 0.0, ""135"": 0.0, ""31"": 0.0}",jev-1.13.0,bb0b08c4d46494f5fd7343c0a3e2625faceaa1bf8e31d990dc8e545ebe40e704
semantic-experiment:sentence5:bge:q70:v1:2400164916:000001161840-000001358480,180,semantic:bge:leaf-local-6-2:42:180,Õpetaja hoituse rollid alushariduses,1.0,1.0,"{""35"": 0.0, ""46"": 0.0, ""66"": 0.0, ""17"": 0.0, ""173"": 0.0, ""224"": 0.0, ""111"": 0.0, ""48"": 0.0, ""235"": 0.0, ""0"": 0.0, ""99"": 0.0, ""124"": 0.0, ""37"": 0.0, ""181"": 0.0, ""184"": 0.0, ""24"": 0.0, ""129"": 0.0, ""201"": 0.0, ""160"": 0.0, ""231"": 0.0, ""217"": 0.0, ""113"": 0.0, ""200"": 0.0, ""32"": 0.0, ""36"": 0.0, ""131"": 0.0, ""191"": 0.0, ""67"": 0.0, ""183"": 0.0, ""55"": 0.0, ""123"": 0.0, ""71"": 0.0, ""136"": 0.0, ""216"": 0.0, ""233"": 0.0, ""142"": 0.0, ""223"": 0.0, ""225"": 0.0, ""64"": 0.0, ""117"": 0.0, ""54"": 0.0, ""7"": 0.0, ""16"": 0.0, ""186"": 0.0, ""20"": 0.0, ""204"": 0.0, ""53"": 0.0, ""72"": 0.0, ""21"": 0.0, ""114"": 0.0, ""149"": 0.0, ""12"": 0.0, ""44"": 0.0, ""112"": 0.0, ""15"": 0.0, ""100"": 0.0, ""118"": 0.0, ""95"": 0.0, ""170"": 0.0, ""-1"": 0.0, ""25"": 0.0, ""3"": 0.0, ""13"": 0.0, ""78"": 0.0, ""234"": 0.0, ""103"": 0.0, ""109"": 0.0, ""9"": 0.0, ""87"": 0.0, ""164"": 0.0, ""62"": 0.0, ""175"": 0.0, ""98"": 0.0, ""23"": 0.0, ""39"": 0.0, ""210"": 0.0, ""1"": 0.0, ""47"": 0.0, ""59"": 0.0, ""81"": 0.0, ""138"": 0.0, ""189"": 0.0, ""168"": 0.0, ""26"": 0.0, ""158"": 0.0, ""97"": 0.0, ""161"": 0.0, ""65"": 0.0, ""188"": 0.0, ""135"": 0.0, ""154"": 0.0, ""205"": 0.0, ""14"": 0.0, ""43"": 0.0, ""96"": 0.0, ""84"": 0.0, ""128"": 0.0, ""211"": 0.0, ""192"": 0.0, ""203"": 0.0, ""126"": 0.0, ""179"": 0.0, ""85"": 0.0, ""213"": 0.0, ""145"": 0.0, ""19"": 0.0, ""176"": 0.0, ""193"": 0.0, ""207"": 0.0, ""80"": 0.0, ""56"": 0.0, ""226"": 0.0, ""190"": 0.0, ""202"": 0.0, ""140"": 0.0, ""194"": 0.0, ""206"": 0.0, ""86"": 0.0, ""174"": 0.0, ""163"": 0.0, ""68"": 0.0, ""230"": 0.0, ""195"": 0.0, ""221"": 0.0, ""88"": 0.0, ""155"": 0.0, ""227"": 0.0, ""94"": 0.0, ""130"": 0.0, ""50"": 0.0, ""187"": 0.0, ""159"": 0.0, ""167"": 0.0, ""185"": 0.0, ""122"": 0.0, ""132"": 0.0, ""49"": 0.0, ""143"": 0.0, ""212"": 0.0, ""91"": 0.0, ""75"": 0.0, ""214"": 0.0, ""125"": 0.0, ""133"": 0.0, ""30"": 0.0, ""157"": 0.0, ""119"": 0.0, ""150"": 0.0, ""110"": 0.0, ""147"": 0.0, ""152"": 0.0, ""229"": 0.0, ""60"": 0.0, ""171"": 0.0, ""76"": 0.0, ""127"": 0.0, ""28"": 0.0, ""77"": 0.0, ""199"": 0.0, ""198"": 0.0, ""209"": 0.0, ""102"": 0.0, ""220"": 0.0, ""8"": 0.0, ""82"": 0.0, ""11"": 0.0, ""107"": 0.0, ""27"": 0.0, ""104"": 0.0, ""232"": 0.0, ""41"": 0.0, ""196"": 0.0, ""45"": 0.0, ""33"": 0.0, ""40"": 0.0, ""6"": 0.0, ""218"": 0.0, ""219"": 0.0, ""79"": 0.0, ""89"": 0.0, ""34"": 0.0, ""90"": 0.0, ""93"": 0.0, ""141"": 0.0, ""169"": 0.0, ""115"": 0.0, ""57"": 0.0, ""120"": 0.0, ""52"": 0.0, ""101"": 0.0, ""134"": 0.0, ""172"": 0.0, ""4"": 0.0, ""5"": 0.0, ""156"": 0.0, ""83"": 0.0, ""63"": 0.0, ""151"": 0.0, ""215"": 0.0, ""177"": 0.0, ""106"": 0.0, ""31"": 0.0, ""153"": 0.0, ""108"": 0.0, ""228"": 0.0, ""51"": 0.0, ""29"": 0.0, ""144"": 0.0, ""105"": 0.0, ""70"": 0.0, ""165"": 0.0, ""121"": 0.0, ""92"": 0.0, ""139"": 0.0, ""10"": 0.0, ""38"": 0.0, ""166"": 0.0, ""58"": 0.0, ""178"": 0.0, ""61"": 0.0, ""208"": 0.0, ""2"": 0.0, ""162"": 0.0, ""18"": 0.0, ""148"": 0.0, ""180"": 1.0, ""222"": 0.0, ""73"": 0.0, ""22"": 0.0, ""42"": 0.0, ""197"": 0.0, ""146"": 0.0, ""137"": 0.0, ""116"": 0.0, ""69"": 0.0, ""182"": 0.0, ""74"": 0.0}",jev-1.13.0,2b10b5764fe20a7a4e09c26f5d75193a794f64c1acba91ad14b0268048d85a5f
semantic-experiment:sentence5:bge:q70:v1:2400164916:000001358480-000001620280,180,semantic:bge:leaf-local-6-2:42:180,Õpetaja hoituse rollid alushariduses,0.97,0.96,"{""96"": 0.0, ""205"": 0.0, ""130"": 0.0, ""109"": 0.0, ""6"": 0.0, ""108"": 0.0, ""72"": 0.0, ""226"": 0.0, ""47"": 0.0, ""90"": 0.0, ""111"": 0.0, ""138"": 0.0, ""188"": 0.0, ""190"": 0.0, ""74"": 0.0, ""107"": 0.0, ""168"": 0.0, ""173"": 0.0, ""176"": 0.0, ""36"": 0.0, ""22"": 0.0, ""7"": 0.0, ""196"": 0.0, ""171"": 0.0, ""157"": 0.0, ""31"": 0.0, ""101"": 0.0, ""99"": 0.0, ""221"": 0.0, ""42"": 0.0, ""18"": 0.0, ""120"": 0.0, ""89"": 0.0, ""191"": 0.0, ""86"": 0.0, ""4"": 0.0, ""147"": 0.0, ""209"": 0.0, ""198"": 0.0, ""140"": 0.0, ""219"": 0.0, ""87"": 0.0, ""155"": 0.0, ""231"": 0.0, ""218"": 0.0, ""37"": 0.0, ""60"": 0.0, ""159"": 0.0, ""110"": 0.0, ""1"": 0.0, ""119"": 0.0, ""100"": 0.0, ""116"": 0.0, ""164"": 0.0, ""13"": 0.0, ""234"": 0.0, ""94"": 0.0, ""186"": 0.0, ""51"": 0.0, ""167"": 0.0, ""192"": 0.0, ""30"": 0.0, ""200"": 0.0, ""178"": 0.0, ""136"": 0.0, ""91"": 0.0, ""29"": 0.0, ""54"": 0.0, ""58"": 0.0, ""224"": 0.0, ""81"": 0.0, ""103"": 0.0, ""163"": 0.0, ""84"": 0.0, ""210"": 0.0, ""21"": 0.0, ""137"": 0.0, ""67"": 0.0, ""139"": 0.0, ""134"": 0.0, ""102"": 0.0, ""154"": 0.0, ""9"": 0.0, ""95"": 0.0, ""204"": 0.0, ""24"": 0.0, ""148"": 0.0, ""82"": 0.0, ""66"": 0.0, ""32"": 0.0, ""232"": 0.0, ""79"": 0.0, ""17"": 0.0, ""-1"": 0.0, ""235"": 0.0, ""85"": 0.0, ""214"": 0.0, ""202"": 0.0, ""88"": 0.0, ""77"": 0.0, ""129"": 0.0, ""169"": 0.0, ""165"": 0.0, ""43"": 0.0, ""233"": 0.0, ""5"": 0.0, ""182"": 0.0, ""93"": 0.0, ""8"": 0.0, ""223"": 0.0, ""121"": 0.0, ""39"": 0.0, ""28"": 0.0, ""141"": 0.0, ""212"": 0.0, ""61"": 0.0, ""225"": 0.0, ""215"": 0.0, ""143"": 0.0, ""230"": 0.0, ""68"": 0.0, ""53"": 0.0, ""62"": 0.0, ""124"": 0.0, ""170"": 0.0, ""48"": 0.0, ""73"": 0.0, ""203"": 0.0, ""76"": 0.0, ""195"": 0.0, ""10"": 0.0, ""35"": 0.0, ""222"": 0.0, ""19"": 0.0, ""83"": 0.0, ""11"": 0.0, ""44"": 0.0, ""156"": 0.0, ""26"": 0.0, ""38"": 0.0, ""193"": 0.0, ""25"": 0.0, ""208"": 0.0, ""220"": 0.0, ""34"": 0.0, ""98"": 0.0, ""2"": 0.0, ""160"": 0.0, ""105"": 0.0, ""55"": 0.0, ""104"": 0.0, ""52"": 0.0, ""123"": 0.0, ""78"": 0.0, ""59"": 0.0, ""69"": 0.0, ""199"": 0.0, ""166"": 0.0, ""153"": 0.0, ""49"": 0.0, ""126"": 0.0, ""64"": 0.0, ""145"": 0.0, ""142"": 0.0, ""106"": 0.0, ""75"": 0.0, ""194"": 0.0, ""184"": 0.0, ""180"": 0.97, ""175"": 0.0, ""201"": 0.0, ""161"": 0.0, ""197"": 0.0, ""114"": 0.0, ""152"": 0.0, ""117"": 0.0, ""151"": 0.0, ""33"": 0.0, ""115"": 0.0, ""206"": 0.0, ""149"": 0.0, ""125"": 0.0, ""131"": 0.0, ""70"": 0.0, ""158"": 0.0, ""50"": 0.0, ""187"": 0.0, ""185"": 0.0, ""213"": 0.0, ""227"": 0.0, ""118"": 0.0, ""172"": 0.03, ""128"": 0.0, ""181"": 0.0, ""122"": 0.0, ""228"": 0.0, ""3"": 0.0, ""92"": 0.0, ""57"": 0.0, ""146"": 0.0, ""211"": 0.0, ""135"": 0.0, ""179"": 0.0, ""63"": 0.0, ""65"": 0.0, ""217"": 0.0, ""46"": 0.0, ""20"": 0.0, ""71"": 0.0, ""132"": 0.0, ""0"": 0.0, ""112"": 0.0, ""80"": 0.0, ""133"": 0.0, ""45"": 0.0, ""97"": 0.0, ""15"": 0.0, ""150"": 0.0, ""127"": 0.0, ""113"": 0.0, ""14"": 0.0, ""41"": 0.0, ""174"": 0.0, ""16"": 0.0, ""144"": 0.0, ""189"": 0.0, ""207"": 0.0, ""216"": 0.0, ""229"": 0.0, ""183"": 0.0, ""56"": 0.0, ""40"": 0.0, ""162"": 0.0, ""27"": 0.0, ""177"": 0.0, ""12"": 0.0, ""23"": 0.0}",jev-1.13.0,a64ea3fd4b5b72605000d578935d28cafc02fa52be021765e4f9c546005476e7
semantic-experiment:sentence5:bge:q70:v1:2400164916:000001620280-000001712960,180,semantic:bge:leaf-local-6-2:42:180,Õpetaja hoituse rollid alushariduses,0.59,0.57,"{""-1"": 0.24000000000000002, ""203"": 0.0, ""48"": 0.0, ""107"": 0.0, ""170"": 0.0, ""21"": 0.0, ""13"": 0.0, ""83"": 0.0, ""169"": 0.0, ""108"": 0.0, ""200"": 0.0, ""98"": 0.01, ""51"": 0.0, ""52"": 0.0, ""101"": 0.0, ""49"": 0.0, ""218"": 0.0, ""6"": 0.0, ""17"": 0.0, ""190"": 0.0, ""64"": 0.0, ""163"": 0.03, ""204"": 0.0, ""12"": 0.0, ""2"": 0.0, ""82"": 0.0, ""47"": 0.0, ""35"": 0.0, ""201"": 0.0, ""228"": 0.0, ""179"": 0.0, ""155"": 0.0, ""106"": 0.0, ""142"": 0.0, ""95"": 0.0, ""73"": 0.0, ""75"": 0.0, ""76"": 0.0, ""206"": 0.0, ""24"": 0.0, ""72"": 0.0, ""45"": 0.0, ""189"": 0.0, ""42"": 0.0, ""84"": 0.0, ""27"": 0.0, ""225"": 0.0, ""56"": 0.0, ""222"": 0.0, ""199"": 0.0, ""37"": 0.0, ""212"": 0.0, ""231"": 0.0, ""175"": 0.0, ""121"": 0.0, ""115"": 0.0, ""211"": 0.0, ""132"": 0.0, ""54"": 0.0, ""227"": 0.0, ""61"": 0.0, ""177"": 0.0, ""92"": 0.0, ""191"": 0.0, ""176"": 0.0, ""195"": 0.0, ""63"": 0.0, ""81"": 0.0, ""0"": 0.0, ""157"": 0.0, ""77"": 0.0, ""111"": 0.0, ""66"": 0.0, ""30"": 0.0, ""87"": 0.0, ""213"": 0.0, ""187"": 0.0, ""9"": 0.0, ""74"": 0.0, ""126"": 0.0, ""186"": 0.0, ""90"": 0.0, ""71"": 0.0, ""232"": 0.0, ""151"": 0.0, ""91"": 0.0, ""147"": 0.0, ""14"": 0.0, ""86"": 0.0, ""20"": 0.0, ""136"": 0.0, ""172"": 0.0, ""148"": 0.0, ""15"": 0.0, ""182"": 0.0, ""153"": 0.0, ""184"": 0.0, ""113"": 0.0, ""188"": 0.0, ""185"": 0.0, ""137"": 0.0, ""138"": 0.0, ""29"": 0.0, ""65"": 0.0, ""5"": 0.0, ""19"": 0.0, ""39"": 0.0, ""79"": 0.02, ""134"": 0.0, ""3"": 0.0, ""44"": 0.0, ""68"": 0.0, ""4"": 0.0, ""145"": 0.0, ""160"": 0.0, ""109"": 0.0, ""119"": 0.0, ""36"": 0.0, ""57"": 0.0, ""34"": 0.0, ""78"": 0.0, ""202"": 0.0, ""180"": 0.59, ""85"": 0.0, ""208"": 0.0, ""10"": 0.0, ""99"": 0.01, ""165"": 0.0, ""102"": 0.0, ""166"": 0.0, ""32"": 0.0, ""207"": 0.0, ""150"": 0.02, ""124"": 0.0, ""149"": 0.0, ""116"": 0.0, ""143"": 0.0, ""224"": 0.0, ""173"": 0.0, ""53"": 0.0, ""164"": 0.060000000000000005, ""112"": 0.0, ""59"": 0.0, ""219"": 0.0, ""31"": 0.0, ""192"": 0.0, ""23"": 0.0, ""216"": 0.0, ""38"": 0.0, ""196"": 0.0, ""233"": 0.0, ""22"": 0.0, ""130"": 0.0, ""194"": 0.0, ""221"": 0.0, ""125"": 0.0, ""234"": 0.0, ""181"": 0.0, ""210"": 0.0, ""110"": 0.0, ""67"": 0.0, ""229"": 0.0, ""158"": 0.0, ""223"": 0.0, ""156"": 0.0, ""103"": 0.0, ""96"": 0.0, ""11"": 0.0, ""60"": 0.0, ""235"": 0.0, ""120"": 0.0, ""152"": 0.0, ""43"": 0.0, ""69"": 0.0, ""28"": 0.0, ""128"": 0.0, ""55"": 0.0, ""168"": 0.0, ""123"": 0.0, ""129"": 0.0, ""97"": 0.01, ""167"": 0.0, ""62"": 0.0, ""214"": 0.0, ""94"": 0.0, ""118"": 0.0, ""100"": 0.0, ""16"": 0.0, ""217"": 0.0, ""162"": 0.0, ""7"": 0.0, ""197"": 0.0, ""171"": 0.0, ""140"": 0.0, ""220"": 0.0, ""41"": 0.0, ""230"": 0.0, ""144"": 0.0, ""146"": 0.0, ""209"": 0.0, ""135"": 0.0, ""33"": 0.0, ""215"": 0.0, ""183"": 0.0, ""1"": 0.0, ""114"": 0.0, ""105"": 0.0, ""117"": 0.0, ""104"": 0.0, ""141"": 0.0, ""88"": 0.0, ""93"": 0.0, ""80"": 0.0, ""89"": 0.0, ""161"": 0.0, ""58"": 0.0, ""50"": 0.0, ""205"": 0.0, ""18"": 0.0, ""178"": 0.0, ""154"": 0.0, ""174"": 0.0, ""40"": 0.0, ""131"": 0.0, ""122"": 0.0, ""26"": 0.0, ""8"": 0.0, ""133"": 0.0, ""127"": 0.0, ""198"": 0.0, ""139"": 0.0, ""193"": 0.0, ""70"": 0.0, ""159"": 0.0, ""226"": 0.0, ""46"": 0.0, ""25"": 0.0}",jev-1.13.0,0c2496f38077619ac0a4ee5d3167438fa774e3a945418d8fa539ed3b3195a0a5
semantic-experiment:sentence5:bge:q70:v1:2400164916:000001712960-000001845400,180,semantic:bge:leaf-local-6-2:42:180,Õpetaja hoituse rollid alushariduses,0.58,0.57,"{""104"": 0.0, ""131"": 0.0, ""109"": 0.0, ""58"": 0.0, ""70"": 0.0, ""120"": 0.0, ""228"": 0.0, ""127"": 0.0, ""201"": 0.0, ""28"": 0.0, ""180"": 0.58, ""126"": 0.0, ""214"": 0.0, ""132"": 0.0, ""138"": 0.0, ""107"": 0.0, ""55"": 0.0, ""1"": 0.0, ""110"": 0.0, ""182"": 0.0, ""83"": 0.0, ""27"": 0.0, ""118"": 0.0, ""187"": 0.0, ""207"": 0.0, ""140"": 0.0, ""230"": 0.0, ""93"": 0.0, ""194"": 0.0, ""61"": 0.0, ""219"": 0.0, ""150"": 0.0, ""98"": 0.0, ""0"": 0.0, ""15"": 0.0, ""146"": 0.0, ""102"": 0.0, ""124"": 0.0, ""69"": 0.0, ""44"": 0.0, ""86"": 0.0, ""48"": 0.0, ""225"": 0.0, ""197"": 0.0, ""17"": 0.0, ""215"": 0.0, ""213"": 0.0, ""46"": 0.0, ""186"": 0.0, ""190"": 0.0, ""103"": 0.0, ""94"": 0.0, ""209"": 0.0, ""42"": 0.0, ""56"": 0.0, ""165"": 0.0, ""121"": 0.0, ""179"": 0.0, ""170"": 0.0, ""19"": 0.0, ""135"": 0.0, ""217"": 0.0, ""185"": 0.0, ""99"": 0.0, ""49"": 0.0, ""47"": 0.0, ""10"": 0.0, ""156"": 0.0, ""-1"": 0.01, ""111"": 0.0, ""6"": 0.0, ""221"": 0.0, ""134"": 0.0, ""63"": 0.0, ""196"": 0.0, ""224"": 0.0, ""137"": 0.0, ""8"": 0.0, ""76"": 0.0, ""158"": 0.0, ""112"": 0.0, ""89"": 0.0, ""163"": 0.0, ""226"": 0.0, ""116"": 0.0, ""37"": 0.0, ""172"": 0.37, ""24"": 0.0, ""31"": 0.0, ""125"": 0.0, ""79"": 0.0, ""21"": 0.0, ""212"": 0.0, ""40"": 0.0, ""220"": 0.0, ""200"": 0.0, ""174"": 0.0, ""75"": 0.0, ""77"": 0.0, ""97"": 0.0, ""223"": 0.0, ""72"": 0.0, ""162"": 0.0, ""26"": 0.0, ""87"": 0.0, ""128"": 0.0, ""192"": 0.0, ""101"": 0.0, ""30"": 0.0, ""54"": 0.0, ""206"": 0.0, ""218"": 0.0, ""210"": 0.0, ""129"": 0.0, ""232"": 0.0, ""23"": 0.0, ""65"": 0.0, ""67"": 0.0, ""133"": 0.0, ""7"": 0.0, ""130"": 0.0, ""204"": 0.0, ""11"": 0.0, ""166"": 0.0, ""208"": 0.0, ""36"": 0.0, ""122"": 0.0, ""151"": 0.0, ""178"": 0.0, ""20"": 0.0, ""159"": 0.0, ""82"": 0.0, ""100"": 0.0, ""74"": 0.0, ""143"": 0.0, ""66"": 0.0, ""181"": 0.0, ""9"": 0.0, ""33"": 0.0, ""39"": 0.0, ""80"": 0.0, ""32"": 0.0, ""152"": 0.0, ""81"": 0.0, ""25"": 0.0, ""234"": 0.0, ""202"": 0.0, ""115"": 0.0, ""4"": 0.01, ""147"": 0.0, ""85"": 0.0, ""142"": 0.0, ""123"": 0.0, ""5"": 0.0, ""35"": 0.0, ""16"": 0.0, ""12"": 0.0, ""160"": 0.0, ""90"": 0.0, ""145"": 0.0, ""169"": 0.0, ""235"": 0.0, ""216"": 0.0, ""203"": 0.0, ""71"": 0.03, ""3"": 0.0, ""108"": 0.0, ""50"": 0.0, ""193"": 0.0, ""96"": 0.0, ""62"": 0.0, ""105"": 0.0, ""171"": 0.0, ""211"": 0.0, ""113"": 0.0, ""60"": 0.0, ""95"": 0.0, ""205"": 0.0, ""92"": 0.0, ""154"": 0.0, ""149"": 0.0, ""195"": 0.0, ""59"": 0.0, ""78"": 0.0, ""189"": 0.0, ""175"": 0.0, ""227"": 0.0, ""144"": 0.0, ""157"": 0.0, ""167"": 0.0, ""29"": 0.0, ""176"": 0.0, ""34"": 0.0, ""141"": 0.0, ""38"": 0.0, ""136"": 0.0, ""43"": 0.0, ""51"": 0.0, ""183"": 0.0, ""13"": 0.0, ""231"": 0.0, ""45"": 0.0, ""198"": 0.0, ""229"": 0.0, ""68"": 0.0, ""2"": 0.0, ""64"": 0.0, ""191"": 0.0, ""84"": 0.0, ""233"": 0.0, ""41"": 0.0, ""57"": 0.0, ""139"": 0.0, ""114"": 0.0, ""117"": 0.0, ""155"": 0.0, ""91"": 0.0, ""88"": 0.0, ""184"": 0.0, ""106"": 0.0, ""168"": 0.0, ""148"": 0.0, ""222"": 0.0, ""153"": 0.0, ""164"": 0.0, ""177"": 0.0, ""199"": 0.0, ""14"": 0.0, ""119"": 0.0, ""73"": 0.0, ""173"": 0.0, ""52"": 0.0, ""18"": 0.0, ""161"": 0.0, ""53"": 0.0, ""22"": 0.0, ""188"": 0.0}",jev-1.13.0,4957a2699e81910f109221e3c70af02eda51de019f8a77f1410565f2338afcc7
semantic-experiment:sentence5:bge:q70:v1:2400164916:000001845400-000002133960,180,semantic:bge:leaf-local-6-2:42:180,Õpetaja hoituse rollid alushariduses,0.71,0.7,"{""125"": 0.0, ""54"": 0.0, ""165"": 0.0, ""27"": 0.0, ""199"": 0.0, ""23"": 0.0, ""198"": 0.0, ""202"": 0.0, ""136"": 0.0, ""178"": 0.0, ""2"": 0.0, ""0"": 0.0, ""30"": 0.0, ""152"": 0.0, ""191"": 0.0, ""143"": 0.0, ""214"": 0.0, ""74"": 0.0, ""208"": 0.0, ""204"": 0.0, ""160"": 0.0, ""232"": 0.0, ""44"": 0.0, ""82"": 0.0, ""126"": 0.0, ""115"": 0.0, ""51"": 0.0, ""32"": 0.0, ""170"": 0.0, ""1"": 0.0, ""67"": 0.0, ""221"": 0.0, ""9"": 0.0, ""4"": 0.19, ""78"": 0.0, ""5"": 0.0, ""228"": 0.0, ""161"": 0.0, ""209"": 0.0, ""151"": 0.0, ""22"": 0.0, ""153"": 0.0, ""89"": 0.0, ""69"": 0.0, ""102"": 0.0, ""229"": 0.0, ""189"": 0.0, ""61"": 0.0, ""123"": 0.0, ""53"": 0.0, ""171"": 0.0, ""50"": 0.0, ""218"": 0.0, ""17"": 0.0, ""175"": 0.0, ""77"": 0.0, ""195"": 0.0, ""215"": 0.0, ""206"": 0.0, ""205"": 0.0, ""116"": 0.0, ""40"": 0.0, ""11"": 0.0, ""163"": 0.0, ""21"": 0.0, ""72"": 0.0, ""231"": 0.0, ""24"": 0.0, ""48"": 0.0, ""184"": 0.0, ""117"": 0.0, ""225"": 0.0, ""190"": 0.0, ""15"": 0.0, ""234"": 0.0, ""164"": 0.0, ""168"": 0.0, ""92"": 0.0, ""211"": 0.0, ""38"": 0.0, ""121"": 0.0, ""177"": 0.0, ""224"": 0.0, ""34"": 0.0, ""112"": 0.0, ""187"": 0.0, ""100"": 0.0, ""8"": 0.0, ""33"": 0.0, ""113"": 0.0, ""149"": 0.0, ""130"": 0.0, ""213"": 0.0, ""98"": 0.0, ""90"": 0.0, ""106"": 0.0, ""119"": 0.0, ""173"": 0.0, ""91"": 0.0, ""108"": 0.0, ""55"": 0.0, ""146"": 0.0, ""111"": 0.0, ""219"": 0.0, ""172"": 0.09, ""66"": 0.0, ""84"": 0.0, ""122"": 0.0, ""43"": 0.0, ""35"": 0.0, ""230"": 0.0, ""220"": 0.0, ""180"": 0.71, ""145"": 0.0, ""93"": 0.0, ""162"": 0.0, ""57"": 0.0, ""135"": 0.0, ""132"": 0.0, ""81"": 0.0, ""36"": 0.0, ""182"": 0.0, ""45"": 0.0, ""235"": 0.0, ""25"": 0.0, ""71"": 0.0, ""203"": 0.0, ""103"": 0.0, ""109"": 0.0, ""158"": 0.0, ""207"": 0.0, ""166"": 0.0, ""131"": 0.0, ""60"": 0.0, ""217"": 0.0, ""99"": 0.01, ""124"": 0.0, ""47"": 0.0, ""148"": 0.0, ""87"": 0.0, ""46"": 0.0, ""156"": 0.0, ""7"": 0.0, ""233"": 0.0, ""169"": 0.0, ""134"": 0.0, ""197"": 0.0, ""14"": 0.0, ""196"": 0.0, ""201"": 0.0, ""3"": 0.0, ""73"": 0.0, ""176"": 0.0, ""79"": 0.0, ""97"": 0.0, ""85"": 0.0, ""155"": 0.0, ""154"": 0.0, ""18"": 0.0, ""142"": 0.0, ""52"": 0.0, ""179"": 0.0, ""39"": 0.0, ""200"": 0.0, ""194"": 0.0, ""70"": 0.0, ""20"": 0.0, ""186"": 0.0, ""49"": 0.0, ""114"": 0.0, ""65"": 0.0, ""105"": 0.0, ""63"": 0.0, ""13"": 0.0, ""216"": 0.0, ""128"": 0.0, ""192"": 0.0, ""95"": 0.0, ""129"": 0.0, ""101"": 0.0, ""10"": 0.0, ""193"": 0.0, ""210"": 0.0, ""227"": 0.0, ""137"": 0.0, ""59"": 0.0, ""86"": 0.0, ""212"": 0.0, ""96"": 0.0, ""222"": 0.0, ""56"": 0.0, ""159"": 0.0, ""174"": 0.0, ""41"": 0.0, ""31"": 0.0, ""181"": 0.0, ""133"": 0.0, ""28"": 0.0, ""-1"": 0.0, ""147"": 0.0, ""19"": 0.0, ""226"": 0.0, ""140"": 0.0, ""223"": 0.0, ""42"": 0.0, ""139"": 0.0, ""144"": 0.0, ""6"": 0.0, ""127"": 0.0, ""16"": 0.0, ""75"": 0.0, ""88"": 0.0, ""58"": 0.0, ""62"": 0.0, ""141"": 0.0, ""138"": 0.0, ""64"": 0.0, ""188"": 0.0, ""118"": 0.0, ""104"": 0.0, ""12"": 0.0, ""68"": 0.0, ""76"": 0.0, ""157"": 0.0, ""107"": 0.0, ""150"": 0.0, ""80"": 0.0, ""37"": 0.0, ""110"": 0.0, ""83"": 0.0, ""183"": 0.0, ""185"": 0.0, ""120"": 0.0, ""94"": 0.0, ""26"": 0.0, ""167"": 0.0, ""29"": 0.0}",jev-1.13.0,c889e0a89d66fbf8d9de2f4875fb70b222fc399c485d80d0adefe898dc9d96d8
semantic-experiment:sentence5:bge:q70:v1:2400164916:000002133960-000002346880,180,semantic:bge:leaf-local-6-2:42:180,Õpetaja hoituse rollid alushariduses,0.73,0.72,"{""23"": 0.0, ""131"": 0.0, ""220"": 0.0, ""170"": 0.0, ""155"": 0.0, ""218"": 0.0, ""149"": 0.0, ""88"": 0.0, ""108"": 0.0, ""134"": 0.0, ""217"": 0.0, ""8"": 0.0, ""184"": 0.0, ""147"": 0.0, ""109"": 0.0, ""56"": 0.0, ""204"": 0.0, ""160"": 0.0, ""199"": 0.0, ""140"": 0.0, ""226"": 0.0, ""179"": 0.0, ""26"": 0.0, ""42"": 0.0, ""185"": 0.0, ""168"": 0.0, ""227"": 0.0, ""132"": 0.0, ""167"": 0.0, ""60"": 0.0, ""116"": 0.0, ""89"": 0.0, ""209"": 0.0, ""70"": 0.0, ""67"": 0.0, ""62"": 0.0, ""143"": 0.0, ""53"": 0.0, ""190"": 0.0, ""158"": 0.0, ""10"": 0.0, ""126"": 0.0, ""221"": 0.0, ""1"": 0.0, ""81"": 0.0, ""157"": 0.0, ""210"": 0.0, ""5"": 0.0, ""63"": 0.0, ""215"": 0.0, ""110"": 0.0, ""91"": 0.0, ""94"": 0.0, ""144"": 0.0, ""99"": 0.0, ""73"": 0.0, ""90"": 0.0, ""182"": 0.0, ""65"": 0.0, ""195"": 0.0, ""223"": 0.0, ""107"": 0.0, ""112"": 0.0, ""17"": 0.0, ""96"": 0.0, ""159"": 0.0, ""212"": 0.0, ""105"": 0.0, ""27"": 0.0, ""15"": 0.0, ""206"": 0.0, ""176"": 0.0, ""102"": 0.0, ""151"": 0.0, ""68"": 0.0, ""36"": 0.0, ""178"": 0.0, ""174"": 0.0, ""162"": 0.0, ""192"": 0.0, ""41"": 0.0, ""123"": 0.0, ""197"": 0.0, ""136"": 0.0, ""55"": 0.0, ""92"": 0.0, ""12"": 0.0, ""93"": 0.0, ""175"": 0.0, ""152"": 0.0, ""111"": 0.0, ""145"": 0.0, ""7"": 0.0, ""71"": 0.0, ""127"": 0.0, ""101"": 0.0, ""118"": 0.0, ""198"": 0.0, ""171"": 0.0, ""181"": 0.0, ""30"": 0.0, ""61"": 0.0, ""229"": 0.0, ""125"": 0.0, ""188"": 0.0, ""31"": 0.0, ""203"": 0.0, ""13"": 0.0, ""230"": 0.0, ""177"": 0.0, ""2"": 0.0, ""45"": 0.0, ""39"": 0.0, ""57"": 0.0, ""232"": 0.0, ""222"": 0.0, ""173"": 0.0, ""180"": 0.73, ""234"": 0.0, ""100"": 0.0, ""9"": 0.0, ""64"": 0.0, ""97"": 0.0, ""233"": 0.0, ""205"": 0.0, ""50"": 0.0, ""74"": 0.0, ""103"": 0.0, ""-1"": 0.0, ""200"": 0.0, ""14"": 0.0, ""16"": 0.02, ""47"": 0.0, ""172"": 0.03, ""225"": 0.0, ""69"": 0.0, ""59"": 0.0, ""150"": 0.0, ""191"": 0.0, ""6"": 0.0, ""38"": 0.0, ""35"": 0.0, ""164"": 0.0, ""137"": 0.0, ""193"": 0.0, ""130"": 0.0, ""202"": 0.0, ""24"": 0.0, ""133"": 0.0, ""83"": 0.0, ""121"": 0.0, ""219"": 0.0, ""37"": 0.0, ""76"": 0.0, ""161"": 0.0, ""224"": 0.0, ""52"": 0.0, ""32"": 0.0, ""54"": 0.0, ""189"": 0.0, ""86"": 0.0, ""43"": 0.0, ""80"": 0.0, ""119"": 0.0, ""183"": 0.0, ""82"": 0.0, ""235"": 0.0, ""85"": 0.03, ""207"": 0.0, ""49"": 0.0, ""113"": 0.0, ""79"": 0.0, ""186"": 0.0, ""228"": 0.0, ""51"": 0.0, ""46"": 0.0, ""33"": 0.0, ""40"": 0.0, ""21"": 0.0, ""58"": 0.0, ""115"": 0.0, ""166"": 0.0, ""156"": 0.0, ""187"": 0.0, ""214"": 0.0, ""48"": 0.0, ""139"": 0.0, ""84"": 0.0, ""165"": 0.0, ""19"": 0.0, ""78"": 0.0, ""208"": 0.0, ""4"": 0.13, ""138"": 0.0, ""98"": 0.0, ""104"": 0.0, ""142"": 0.0, ""231"": 0.0, ""44"": 0.0, ""28"": 0.0, ""196"": 0.0, ""148"": 0.0, ""163"": 0.03, ""95"": 0.0, ""87"": 0.0, ""66"": 0.0, ""201"": 0.0, ""135"": 0.0, ""154"": 0.0, ""213"": 0.0, ""194"": 0.0, ""124"": 0.0, ""3"": 0.0, ""20"": 0.0, ""216"": 0.0, ""75"": 0.0, ""18"": 0.03, ""128"": 0.0, ""146"": 0.0, ""11"": 0.0, ""0"": 0.0, ""34"": 0.0, ""211"": 0.0, ""114"": 0.0, ""22"": 0.0, ""129"": 0.0, ""77"": 0.0, ""141"": 0.0, ""117"": 0.0, ""25"": 0.0, ""122"": 0.0, ""120"": 0.0, ""153"": 0.0, ""72"": 0.0, ""106"": 0.0, ""169"": 0.0, ""29"": 0.0}",jev-1.13.0,5bb168aa909d1d49d51249e68bb84de0065f3d55600a33c2f50a6fad3515e7e0
semantic-experiment:sentence5:bge:q70:v1:2400164916:000002346880-000002469320,172,semantic:bge:leaf-local-6-2:42:172,Alushariduse vastutus ja kvaliteet,0.85,0.83,"{""132"": 0.0, ""96"": 0.0, ""195"": 0.0, ""59"": 0.0, ""65"": 0.0, ""52"": 0.0, ""121"": 0.0, ""4"": 0.02, ""209"": 0.0, ""189"": 0.0, ""147"": 0.0, ""1"": 0.0, ""51"": 0.0, ""131"": 0.0, ""45"": 0.0, ""102"": 0.0, ""42"": 0.0, ""207"": 0.0, ""75"": 0.0, ""138"": 0.0, ""39"": 0.0, ""151"": 0.0, ""192"": 0.0, ""176"": 0.0, ""41"": 0.0, ""2"": 0.0, ""19"": 0.0, ""56"": 0.0, ""92"": 0.0, ""101"": 0.0, ""159"": 0.0, ""91"": 0.0, ""61"": 0.0, ""141"": 0.0, ""228"": 0.0, ""24"": 0.0, ""165"": 0.0, ""50"": 0.0, ""22"": 0.0, ""37"": 0.0, ""216"": 0.0, ""217"": 0.0, ""34"": 0.0, ""197"": 0.0, ""201"": 0.0, ""230"": 0.0, ""222"": 0.0, ""232"": 0.0, ""231"": 0.0, ""97"": 0.0, ""158"": 0.0, ""32"": 0.0, ""29"": 0.0, ""149"": 0.0, ""210"": 0.0, ""157"": 0.0, ""40"": 0.0, ""105"": 0.0, ""113"": 0.0, ""49"": 0.0, ""190"": 0.0, ""215"": 0.0, ""182"": 0.0, ""162"": 0.0, ""143"": 0.0, ""155"": 0.0, ""94"": 0.0, ""153"": 0.0, ""66"": 0.0, ""194"": 0.0, ""8"": 0.0, ""115"": 0.0, ""206"": 0.0, ""35"": 0.0, ""7"": 0.0, ""145"": 0.0, ""110"": 0.0, ""199"": 0.0, ""25"": 0.0, ""170"": 0.0, ""234"": 0.0, ""225"": 0.0, ""173"": 0.0, ""140"": 0.0, ""191"": 0.0, ""193"": 0.0, ""186"": 0.0, ""67"": 0.0, ""202"": 0.0, ""196"": 0.0, ""109"": 0.0, ""70"": 0.0, ""38"": 0.0, ""183"": 0.0, ""126"": 0.0, ""122"": 0.0, ""48"": 0.0, ""181"": 0.0, ""163"": 0.0, ""184"": 0.0, ""135"": 0.0, ""12"": 0.0, ""72"": 0.0, ""83"": 0.0, ""90"": 0.0, ""169"": 0.0, ""55"": 0.0, ""137"": 0.0, ""74"": 0.0, ""187"": 0.0, ""120"": 0.0, ""77"": 0.0, ""198"": 0.0, ""203"": 0.0, ""33"": 0.0, ""117"": 0.0, ""223"": 0.0, ""82"": 0.0, ""130"": 0.0, ""204"": 0.0, ""57"": 0.0, ""124"": 0.0, ""-1"": 0.04, ""21"": 0.0, ""86"": 0.0, ""171"": 0.0, ""5"": 0.0, ""185"": 0.0, ""26"": 0.0, ""123"": 0.0, ""79"": 0.0, ""118"": 0.0, ""188"": 0.0, ""58"": 0.0, ""62"": 0.0, ""14"": 0.0, ""81"": 0.0, ""76"": 0.0, ""218"": 0.0, ""156"": 0.0, ""211"": 0.0, ""87"": 0.0, ""235"": 0.0, ""36"": 0.0, ""233"": 0.0, ""128"": 0.0, ""178"": 0.0, ""85"": 0.0, ""16"": 0.02, ""107"": 0.0, ""47"": 0.0, ""108"": 0.0, ""0"": 0.0, ""69"": 0.0, ""177"": 0.0, ""64"": 0.0, ""119"": 0.0, ""104"": 0.0, ""208"": 0.0, ""99"": 0.01, ""224"": 0.0, ""106"": 0.0, ""152"": 0.0, ""112"": 0.0, ""220"": 0.0, ""17"": 0.0, ""168"": 0.0, ""114"": 0.0, ""60"": 0.0, ""213"": 0.0, ""116"": 0.0, ""9"": 0.0, ""179"": 0.0, ""78"": 0.0, ""23"": 0.0, ""95"": 0.0, ""71"": 0.0, ""3"": 0.0, ""31"": 0.0, ""227"": 0.0, ""200"": 0.0, ""13"": 0.0, ""98"": 0.0, ""226"": 0.0, ""133"": 0.0, ""139"": 0.0, ""229"": 0.0, ""63"": 0.0, ""11"": 0.0, ""125"": 0.0, ""164"": 0.0, ""129"": 0.0, ""142"": 0.0, ""43"": 0.0, ""27"": 0.0, ""175"": 0.0, ""136"": 0.0, ""167"": 0.0, ""20"": 0.0, ""84"": 0.0, ""93"": 0.0, ""219"": 0.0, ""172"": 0.85, ""212"": 0.0, ""100"": 0.0, ""46"": 0.0, ""28"": 0.0, ""166"": 0.0, ""88"": 0.0, ""30"": 0.0, ""144"": 0.0, ""148"": 0.0, ""103"": 0.0, ""127"": 0.0, ""80"": 0.0, ""180"": 0.060000000000000005, ""53"": 0.0, ""6"": 0.0, ""73"": 0.0, ""146"": 0.0, ""160"": 0.0, ""44"": 0.0, ""150"": 0.0, ""10"": 0.0, ""89"": 0.0, ""68"": 0.0, ""214"": 0.0, ""221"": 0.0, ""18"": 0.0, ""15"": 0.0, ""134"": 0.0, ""174"": 0.0, ""154"": 0.0, ""111"": 0.0, ""205"": 0.0, ""54"": 0.0, ""161"": 0.0}",jev-1.13.0,7ead9a397cf0e698f16dc4a25a85aed5022e45208513f101e4f20e02314803e4
semantic-experiment:sentence5:bge:q70:v1:2400164916:000002469320-000002534640,180,semantic:bge:leaf-local-6-2:42:180,Õpetaja hoituse rollid alushariduses,0.53,0.52,"{""115"": 0.0, ""169"": 0.0, ""131"": 0.0, ""41"": 0.0, ""58"": 0.0, ""38"": 0.0, ""26"": 0.0, ""0"": 0.0, ""87"": 0.0, ""204"": 0.0, ""19"": 0.0, ""88"": 0.0, ""97"": 0.0, ""91"": 0.0, ""25"": 0.0, ""203"": 0.0, ""104"": 0.0, ""189"": 0.0, ""59"": 0.0, ""235"": 0.0, ""168"": 0.0, ""173"": 0.0, ""125"": 0.0, ""66"": 0.0, ""62"": 0.0, ""79"": 0.0, ""51"": 0.0, ""137"": 0.0, ""225"": 0.0, ""114"": 0.0, ""35"": 0.0, ""175"": 0.0, ""39"": 0.0, ""188"": 0.0, ""171"": 0.0, ""193"": 0.0, ""221"": 0.0, ""7"": 0.0, ""-1"": 0.02, ""185"": 0.0, ""129"": 0.0, ""107"": 0.0, ""49"": 0.0, ""84"": 0.0, ""183"": 0.0, ""192"": 0.0, ""202"": 0.0, ""73"": 0.0, ""82"": 0.0, ""196"": 0.0, ""160"": 0.0, ""194"": 0.0, ""112"": 0.0, ""37"": 0.0, ""14"": 0.0, ""234"": 0.0, ""56"": 0.0, ""30"": 0.0, ""142"": 0.0, ""89"": 0.0, ""118"": 0.0, ""187"": 0.0, ""219"": 0.0, ""69"": 0.0, ""132"": 0.0, ""123"": 0.0, ""53"": 0.0, ""67"": 0.0, ""120"": 0.0, ""70"": 0.0, ""182"": 0.0, ""92"": 0.0, ""75"": 0.0, ""105"": 0.0, ""20"": 0.0, ""101"": 0.0, ""148"": 0.0, ""81"": 0.0, ""139"": 0.0, ""224"": 0.0, ""210"": 0.0, ""47"": 0.0, ""9"": 0.0, ""152"": 0.0, ""150"": 0.0, ""80"": 0.0, ""233"": 0.0, ""93"": 0.0, ""215"": 0.0, ""29"": 0.0, ""50"": 0.0, ""191"": 0.0, ""223"": 0.0, ""143"": 0.0, ""208"": 0.0, ""149"": 0.0, ""174"": 0.0, ""232"": 0.0, ""147"": 0.0, ""212"": 0.0, ""78"": 0.0, ""31"": 0.0, ""122"": 0.0, ""200"": 0.0, ""216"": 0.0, ""74"": 0.0, ""86"": 0.0, ""102"": 0.0, ""155"": 0.0, ""12"": 0.0, ""61"": 0.0, ""98"": 0.0, ""64"": 0.0, ""72"": 0.0, ""77"": 0.0, ""156"": 0.0, ""33"": 0.0, ""178"": 0.0, ""46"": 0.0, ""222"": 0.0, ""127"": 0.0, ""121"": 0.0, ""167"": 0.0, ""16"": 0.0, ""144"": 0.0, ""108"": 0.0, ""207"": 0.0, ""44"": 0.0, ""4"": 0.02, ""157"": 0.0, ""63"": 0.0, ""135"": 0.0, ""181"": 0.0, ""199"": 0.0, ""179"": 0.0, ""36"": 0.0, ""85"": 0.0, ""42"": 0.0, ""113"": 0.0, ""162"": 0.0, ""48"": 0.0, ""6"": 0.0, ""161"": 0.0, ""60"": 0.0, ""217"": 0.0, ""166"": 0.0, ""180"": 0.53, ""209"": 0.0, ""151"": 0.0, ""158"": 0.0, ""3"": 0.0, ""205"": 0.0, ""124"": 0.0, ""214"": 0.0, ""32"": 0.0, ""43"": 0.0, ""52"": 0.0, ""176"": 0.0, ""198"": 0.0, ""116"": 0.0, ""96"": 0.0, ""227"": 0.0, ""226"": 0.0, ""146"": 0.0, ""138"": 0.0, ""218"": 0.0, ""213"": 0.0, ""40"": 0.0, ""136"": 0.0, ""24"": 0.0, ""8"": 0.0, ""17"": 0.0, ""130"": 0.0, ""170"": 0.0, ""21"": 0.0, ""83"": 0.0, ""220"": 0.0, ""190"": 0.0, ""27"": 0.0, ""94"": 0.0, ""145"": 0.0, ""172"": 0.3, ""228"": 0.0, ""18"": 0.0, ""110"": 0.0, ""230"": 0.0, ""45"": 0.0, ""163"": 0.0, ""23"": 0.0, ""15"": 0.0, ""231"": 0.0, ""2"": 0.0, ""34"": 0.0, ""90"": 0.0, ""141"": 0.0, ""165"": 0.0, ""197"": 0.0, ""55"": 0.0, ""153"": 0.0, ""103"": 0.0, ""154"": 0.0, ""109"": 0.0, ""211"": 0.0, ""57"": 0.0, ""106"": 0.0, ""13"": 0.0, ""195"": 0.0, ""1"": 0.0, ""201"": 0.0, ""126"": 0.0, ""184"": 0.0, ""68"": 0.0, ""186"": 0.0, ""28"": 0.0, ""54"": 0.0, ""65"": 0.0, ""100"": 0.0, ""159"": 0.0, ""119"": 0.0, ""128"": 0.0, ""10"": 0.0, ""5"": 0.0, ""133"": 0.0, ""117"": 0.0, ""140"": 0.0, ""206"": 0.0, ""164"": 0.0, ""76"": 0.0, ""134"": 0.0, ""111"": 0.0, ""99"": 0.01, ""22"": 0.0, ""229"": 0.0, ""71"": 0.12, ""11"": 0.0, ""177"": 0.0, ""95"": 0.0}",jev-1.13.0,d2be1a4e143c2c1282824cea49315a0a3fa0f5827cc88750f5ee7418b33a6ebe
semantic-experiment:sentence5:bge:q70:v1:2400164916:000002534640-000002632080,-1,semantic:bge:leaf-local-6-2:42:-1,Unassigned,0.4,0.39,"{""114"": 0.0, ""113"": 0.0, ""213"": 0.0, ""191"": 0.0, ""81"": 0.0, ""49"": 0.0, ""24"": 0.0, ""139"": 0.0, ""5"": 0.0, ""132"": 0.0, ""227"": 0.0, ""87"": 0.0, ""145"": 0.0, ""209"": 0.0, ""98"": 0.01, ""103"": 0.0, ""3"": 0.0, ""212"": 0.0, ""11"": 0.0, ""164"": 0.0, ""194"": 0.0, ""44"": 0.0, ""231"": 0.0, ""138"": 0.0, ""165"": 0.0, ""104"": 0.0, ""177"": 0.0, ""82"": 0.0, ""67"": 0.0, ""217"": 0.0, ""226"": 0.0, ""142"": 0.0, ""134"": 0.0, ""218"": 0.0, ""74"": 0.0, ""161"": 0.0, ""65"": 0.0, ""129"": 0.0, ""176"": 0.0, ""18"": 0.0, ""190"": 0.0, ""70"": 0.0, ""153"": 0.0, ""101"": 0.0, ""204"": 0.0, ""122"": 0.0, ""216"": 0.0, ""53"": 0.0, ""162"": 0.0, ""21"": 0.0, ""93"": 0.0, ""42"": 0.0, ""36"": 0.0, ""224"": 0.0, ""75"": 0.0, ""229"": 0.0, ""149"": 0.0, ""32"": 0.0, ""97"": 0.01, ""35"": 0.0, ""84"": 0.0, ""73"": 0.0, ""158"": 0.0, ""159"": 0.0, ""96"": 0.01, ""41"": 0.0, ""225"": 0.0, ""124"": 0.0, ""0"": 0.0, ""88"": 0.0, ""232"": 0.0, ""173"": 0.0, ""230"": 0.03, ""128"": 0.0, ""141"": 0.0, ""182"": 0.0, ""80"": 0.0, ""207"": 0.0, ""137"": 0.0, ""16"": 0.0, ""116"": 0.0, ""48"": 0.0, ""205"": 0.0, ""193"": 0.0, ""223"": 0.0, ""144"": 0.0, ""22"": 0.0, ""76"": 0.0, ""117"": 0.0, ""30"": 0.0, ""40"": 0.0, ""39"": 0.0, ""187"": 0.0, ""140"": 0.0, ""119"": 0.0, ""34"": 0.0, ""146"": 0.0, ""147"": 0.0, ""163"": 0.0, ""143"": 0.0, ""77"": 0.0, ""188"": 0.03, ""72"": 0.0, ""133"": 0.0, ""198"": 0.0, ""109"": 0.0, ""61"": 0.0, ""59"": 0.0, ""51"": 0.0, ""192"": 0.0, ""156"": 0.0, ""102"": 0.0, ""10"": 0.0, ""154"": 0.0, ""186"": 0.0, ""123"": 0.0, ""4"": 0.02, ""8"": 0.0, ""1"": 0.0, ""69"": 0.0, ""201"": 0.02, ""152"": 0.0, ""108"": 0.0, ""171"": 0.0, ""174"": 0.02, ""86"": 0.0, ""126"": 0.0, ""94"": 0.01, ""111"": 0.0, ""23"": 0.0, ""148"": 0.0, ""233"": 0.0, ""110"": 0.0, ""195"": 0.0, ""172"": 0.13, ""64"": 0.0, ""185"": 0.0, ""202"": 0.0, ""211"": 0.0, ""55"": 0.0, ""115"": 0.0, ""79"": 0.0, ""120"": 0.0, ""181"": 0.0, ""58"": 0.0, ""62"": 0.0, ""27"": 0.0, ""20"": 0.0, ""168"": 0.02, ""71"": 0.15000000000000002, ""43"": 0.0, ""50"": 0.0, ""199"": 0.0, ""234"": 0.0, ""9"": 0.0, ""222"": 0.0, ""155"": 0.0, ""179"": 0.0, ""15"": 0.0, ""92"": 0.0, ""63"": 0.0, ""78"": 0.0, ""12"": 0.0, ""178"": 0.0, ""219"": 0.0, ""68"": 0.0, ""221"": 0.0, ""31"": 0.0, ""112"": 0.0, ""151"": 0.0, ""206"": 0.0, ""19"": 0.0, ""45"": 0.0, ""60"": 0.0, ""14"": 0.0, ""89"": 0.0, ""105"": 0.0, ""25"": 0.0, ""106"": 0.0, ""150"": 0.0, ""118"": 0.0, ""125"": 0.0, ""99"": 0.01, ""160"": 0.0, ""47"": 0.0, ""170"": 0.0, ""157"": 0.0, ""37"": 0.0, ""208"": 0.0, ""127"": 0.0, ""210"": 0.0, ""200"": 0.0, ""183"": 0.0, ""167"": 0.0, ""121"": 0.0, ""220"": 0.0, ""57"": 0.0, ""7"": 0.0, ""91"": 0.0, ""13"": 0.0, ""54"": 0.0, ""189"": 0.0, ""215"": 0.0, ""26"": 0.0, ""46"": 0.0, ""100"": 0.0, ""107"": 0.0, ""214"": 0.0, ""130"": 0.0, ""56"": 0.0, ""169"": 0.02, ""166"": 0.0, ""29"": 0.0, ""184"": 0.0, ""90"": 0.0, ""52"": 0.0, ""131"": 0.0, ""197"": 0.0, ""66"": 0.0, ""-1"": 0.4, ""17"": 0.0, ""85"": 0.0, ""180"": 0.09, ""83"": 0.0, ""95"": 0.01, ""235"": 0.0, ""33"": 0.0, ""196"": 0.0, ""28"": 0.0, ""135"": 0.0, ""38"": 0.0, ""203"": 0.0, ""228"": 0.0, ""175"": 0.0, ""136"": 0.0, ""2"": 0.0, ""6"": 0.0}",jev-1.13.0,9776973153500945ec88953060607f6d7c4f262377b3cef893be9d679c4f0988
semantic-experiment:sentence5:bge:q70:v1:2400164916:000002632080-000002765480,180,semantic:bge:leaf-local-6-2:42:180,Õpetaja hoituse rollid alushariduses,0.98,0.98,"{""132"": 0.0, ""96"": 0.0, ""195"": 0.0, ""59"": 0.0, ""65"": 0.0, ""52"": 0.0, ""121"": 0.0, ""4"": 0.0, ""209"": 0.0, ""189"": 0.0, ""131"": 0.0, ""1"": 0.0, ""147"": 0.0, ""51"": 0.0, ""45"": 0.0, ""102"": 0.0, ""42"": 0.0, ""207"": 0.0, ""75"": 0.0, ""138"": 0.0, ""39"": 0.0, ""151"": 0.0, ""92"": 0.0, ""176"": 0.0, ""192"": 0.0, ""56"": 0.0, ""41"": 0.0, ""2"": 0.0, ""19"": 0.0, ""101"": 0.0, ""159"": 0.0, ""91"": 0.0, ""61"": 0.0, ""141"": 0.0, ""228"": 0.0, ""24"": 0.0, ""165"": 0.0, ""50"": 0.0, ""22"": 0.0, ""37"": 0.0, ""216"": 0.0, ""217"": 0.0, ""34"": 0.0, ""230"": 0.0, ""201"": 0.0, ""197"": 0.0, ""222"": 0.0, ""232"": 0.0, ""231"": 0.0, ""97"": 0.0, ""158"": 0.0, ""32"": 0.0, ""29"": 0.0, ""149"": 0.0, ""210"": 0.0, ""157"": 0.0, ""40"": 0.0, ""105"": 0.0, ""113"": 0.0, ""49"": 0.0, ""190"": 0.0, ""215"": 0.0, ""182"": 0.0, ""162"": 0.0, ""143"": 0.0, ""155"": 0.0, ""94"": 0.0, ""153"": 0.0, ""66"": 0.0, ""8"": 0.0, ""194"": 0.0, ""206"": 0.0, ""115"": 0.0, ""35"": 0.0, ""7"": 0.0, ""145"": 0.0, ""234"": 0.0, ""199"": 0.0, ""25"": 0.0, ""170"": 0.0, ""140"": 0.0, ""225"": 0.0, ""173"": 0.0, ""110"": 0.0, ""191"": 0.0, ""193"": 0.0, ""186"": 0.0, ""67"": 0.0, ""202"": 0.0, ""196"": 0.0, ""109"": 0.0, ""70"": 0.0, ""183"": 0.0, ""38"": 0.0, ""126"": 0.0, ""122"": 0.0, ""181"": 0.0, ""48"": 0.0, ""163"": 0.0, ""184"": 0.0, ""135"": 0.0, ""12"": 0.0, ""72"": 0.0, ""120"": 0.0, ""90"": 0.0, ""137"": 0.0, ""55"": 0.0, ""74"": 0.0, ""169"": 0.0, ""187"": 0.0, ""83"": 0.0, ""77"": 0.0, ""203"": 0.0, ""198"": 0.0, ""33"": 0.0, ""117"": 0.0, ""223"": 0.0, ""130"": 0.0, ""82"": 0.0, ""204"": 0.0, ""57"": 0.0, ""124"": 0.0, ""-1"": 0.0, ""21"": 0.0, ""86"": 0.0, ""171"": 0.0, ""5"": 0.0, ""185"": 0.0, ""26"": 0.0, ""123"": 0.0, ""79"": 0.0, ""118"": 0.0, ""188"": 0.0, ""58"": 0.0, ""62"": 0.0, ""14"": 0.0, ""81"": 0.0, ""76"": 0.0, ""218"": 0.0, ""156"": 0.0, ""211"": 0.0, ""87"": 0.0, ""235"": 0.0, ""36"": 0.0, ""233"": 0.0, ""128"": 0.0, ""178"": 0.0, ""85"": 0.0, ""16"": 0.0, ""107"": 0.0, ""0"": 0.0, ""108"": 0.0, ""47"": 0.0, ""69"": 0.0, ""177"": 0.0, ""64"": 0.0, ""104"": 0.0, ""119"": 0.0, ""208"": 0.0, ""99"": 0.0, ""224"": 0.0, ""106"": 0.0, ""152"": 0.0, ""112"": 0.0, ""220"": 0.0, ""17"": 0.0, ""168"": 0.0, ""114"": 0.0, ""60"": 0.0, ""213"": 0.0, ""116"": 0.0, ""9"": 0.0, ""179"": 0.0, ""78"": 0.0, ""3"": 0.0, ""95"": 0.0, ""71"": 0.0, ""227"": 0.0, ""23"": 0.0, ""31"": 0.0, ""200"": 0.0, ""13"": 0.0, ""98"": 0.0, ""226"": 0.0, ""133"": 0.0, ""139"": 0.0, ""164"": 0.0, ""63"": 0.0, ""11"": 0.0, ""125"": 0.0, ""229"": 0.0, ""129"": 0.0, ""142"": 0.0, ""43"": 0.0, ""27"": 0.0, ""175"": 0.0, ""136"": 0.0, ""167"": 0.0, ""20"": 0.0, ""84"": 0.0, ""219"": 0.0, ""93"": 0.0, ""172"": 0.02, ""212"": 0.0, ""100"": 0.0, ""46"": 0.0, ""28"": 0.0, ""166"": 0.0, ""88"": 0.0, ""144"": 0.0, ""30"": 0.0, ""148"": 0.0, ""103"": 0.0, ""127"": 0.0, ""80"": 0.0, ""180"": 0.98, ""6"": 0.0, ""53"": 0.0, ""73"": 0.0, ""146"": 0.0, ""160"": 0.0, ""44"": 0.0, ""150"": 0.0, ""10"": 0.0, ""89"": 0.0, ""68"": 0.0, ""214"": 0.0, ""221"": 0.0, ""18"": 0.0, ""15"": 0.0, ""134"": 0.0, ""174"": 0.0, ""154"": 0.0, ""111"": 0.0, ""54"": 0.0, ""205"": 0.0, ""161"": 0.0}",jev-1.13.0,da66d338279da2207bc5c66684f572aa0eb316a6ed2b2947bd794c1b6810f54e
semantic-experiment:sentence5:bge:q70:v1:2400164916:000002765480-000002926480,180,semantic:bge:leaf-local-6-2:42:180,Õpetaja hoituse rollid alushariduses,1.0,1.0,"{""73"": 0.0, ""226"": 0.0, ""228"": 0.0, ""180"": 1.0, ""229"": 0.0, ""16"": 0.0, ""143"": 0.0, ""159"": 0.0, ""100"": 0.0, ""149"": 0.0, ""164"": 0.0, ""183"": 0.0, ""194"": 0.0, ""210"": 0.0, ""1"": 0.0, ""157"": 0.0, ""114"": 0.0, ""34"": 0.0, ""213"": 0.0, ""132"": 0.0, ""90"": 0.0, ""193"": 0.0, ""101"": 0.0, ""224"": 0.0, ""58"": 0.0, ""155"": 0.0, ""154"": 0.0, ""175"": 0.0, ""86"": 0.0, ""129"": 0.0, ""215"": 0.0, ""188"": 0.0, ""116"": 0.0, ""220"": 0.0, ""49"": 0.0, ""95"": 0.0, ""47"": 0.0, ""22"": 0.0, ""177"": 0.0, ""82"": 0.0, ""169"": 0.0, ""214"": 0.0, ""96"": 0.0, ""225"": 0.0, ""139"": 0.0, ""201"": 0.0, ""217"": 0.0, ""15"": 0.0, ""172"": 0.0, ""89"": 0.0, ""148"": 0.0, ""68"": 0.0, ""31"": 0.0, ""37"": 0.0, ""81"": 0.0, ""138"": 0.0, ""218"": 0.0, ""38"": 0.0, ""91"": 0.0, ""13"": 0.0, ""209"": 0.0, ""2"": 0.0, ""151"": 0.0, ""7"": 0.0, ""59"": 0.0, ""195"": 0.0, ""66"": 0.0, ""12"": 0.0, ""74"": 0.0, ""20"": 0.0, ""235"": 0.0, ""43"": 0.0, ""174"": 0.0, ""140"": 0.0, ""134"": 0.0, ""99"": 0.0, ""27"": 0.0, ""176"": 0.0, ""234"": 0.0, ""231"": 0.0, ""54"": 0.0, ""92"": 0.0, ""126"": 0.0, ""46"": 0.0, ""120"": 0.0, ""79"": 0.0, ""146"": 0.0, ""125"": 0.0, ""133"": 0.0, ""163"": 0.0, ""135"": 0.0, ""206"": 0.0, ""4"": 0.0, ""198"": 0.0, ""70"": 0.0, ""216"": 0.0, ""170"": 0.0, ""130"": 0.0, ""124"": 0.0, ""204"": 0.0, ""111"": 0.0, ""29"": 0.0, ""108"": 0.0, ""167"": 0.0, ""152"": 0.0, ""64"": 0.0, ""153"": 0.0, ""77"": 0.0, ""51"": 0.0, ""6"": 0.0, ""197"": 0.0, ""84"": 0.0, ""219"": 0.0, ""24"": 0.0, ""18"": 0.0, ""10"": 0.0, ""41"": 0.0, ""128"": 0.0, ""190"": 0.0, ""203"": 0.0, ""57"": 0.0, ""67"": 0.0, ""40"": 0.0, ""0"": 0.0, ""186"": 0.0, ""144"": 0.0, ""141"": 0.0, ""184"": 0.0, ""42"": 0.0, ""232"": 0.0, ""119"": 0.0, ""147"": 0.0, ""205"": 0.0, ""88"": 0.0, ""33"": 0.0, ""55"": 0.0, ""28"": 0.0, ""17"": 0.0, ""123"": 0.0, ""23"": 0.0, ""223"": 0.0, ""104"": 0.0, ""60"": 0.0, ""233"": 0.0, ""150"": 0.0, ""112"": 0.0, ""80"": 0.0, ""14"": 0.0, ""36"": 0.0, ""222"": 0.0, ""227"": 0.0, ""181"": 0.0, ""191"": 0.0, ""185"": 0.0, ""8"": 0.0, ""9"": 0.0, ""87"": 0.0, ""85"": 0.0, ""39"": 0.0, ""115"": 0.0, ""118"": 0.0, ""127"": 0.0, ""196"": 0.0, ""35"": 0.0, ""53"": 0.0, ""21"": 0.0, ""136"": 0.0, ""212"": 0.0, ""65"": 0.0, ""61"": 0.0, ""93"": 0.0, ""11"": 0.0, ""208"": 0.0, ""25"": 0.0, ""102"": 0.0, ""48"": 0.0, ""137"": 0.0, ""26"": 0.0, ""166"": 0.0, ""171"": 0.0, ""156"": 0.0, ""200"": 0.0, ""98"": 0.0, ""165"": 0.0, ""160"": 0.0, ""192"": 0.0, ""117"": 0.0, ""75"": 0.0, ""72"": 0.0, ""187"": 0.0, ""202"": 0.0, ""110"": 0.0, ""106"": 0.0, ""189"": 0.0, ""32"": 0.0, ""63"": 0.0, ""94"": 0.0, ""97"": 0.0, ""83"": 0.0, ""131"": 0.0, ""162"": 0.0, ""62"": 0.0, ""161"": 0.0, ""122"": 0.0, ""211"": 0.0, ""178"": 0.0, ""78"": 0.0, ""179"": 0.0, ""52"": 0.0, ""5"": 0.0, ""199"": 0.0, ""44"": 0.0, ""109"": 0.0, ""182"": 0.0, ""145"": 0.0, ""121"": 0.0, ""30"": 0.0, ""69"": 0.0, ""168"": 0.0, ""173"": 0.0, ""142"": 0.0, ""103"": 0.0, ""76"": 0.0, ""45"": 0.0, ""71"": 0.0, ""107"": 0.0, ""3"": 0.0, ""113"": 0.0, ""207"": 0.0, ""19"": 0.0, ""50"": 0.0, ""158"": 0.0, ""105"": 0.0, ""230"": 0.0, ""-1"": 0.0, ""221"": 0.0, ""56"": 0.0}",jev-1.13.0,68628d294551e98b1c98c32c442fb6dbe48905d749be0a928d6872b42a0a235f
semantic-experiment:sentence5:bge:q70:v1:2400164916:000002926480-000003090400,172,semantic:bge:leaf-local-6-2:42:172,Alushariduse vastutus ja kvaliteet,0.56,0.55,"{""64"": 0.0, ""63"": 0.0, ""104"": 0.0, ""175"": 0.0, ""22"": 0.0, ""231"": 0.0, ""4"": 0.03, ""26"": 0.0, ""85"": 0.0, ""36"": 0.0, ""147"": 0.0, ""173"": 0.0, ""185"": 0.0, ""23"": 0.0, ""203"": 0.0, ""94"": 0.0, ""92"": 0.0, ""212"": 0.0, ""86"": 0.0, ""159"": 0.0, ""189"": 0.0, ""65"": 0.0, ""168"": 0.0, ""53"": 0.0, ""113"": 0.0, ""166"": 0.0, ""119"": 0.0, ""68"": 0.0, ""135"": 0.0, ""198"": 0.0, ""100"": 0.0, ""108"": 0.0, ""41"": 0.0, ""144"": 0.0, ""54"": 0.0, ""127"": 0.0, ""163"": 0.0, ""172"": 0.56, ""121"": 0.0, ""109"": 0.0, ""45"": 0.0, ""136"": 0.0, ""190"": 0.0, ""178"": 0.0, ""151"": 0.0, ""52"": 0.0, ""225"": 0.0, ""165"": 0.0, ""47"": 0.0, ""148"": 0.0, ""42"": 0.0, ""34"": 0.0, ""182"": 0.0, ""131"": 0.0, ""75"": 0.0, ""143"": 0.0, ""90"": 0.0, ""125"": 0.0, ""24"": 0.0, ""230"": 0.0, ""102"": 0.0, ""171"": 0.0, ""60"": 0.0, ""124"": 0.0, ""177"": 0.0, ""2"": 0.0, ""58"": 0.0, ""161"": 0.0, ""134"": 0.0, ""110"": 0.0, ""67"": 0.0, ""140"": 0.0, ""154"": 0.0, ""28"": 0.0, ""39"": 0.0, ""194"": 0.0, ""207"": 0.0, ""186"": 0.0, ""218"": 0.0, ""228"": 0.0, ""133"": 0.0, ""83"": 0.0, ""56"": 0.0, ""155"": 0.0, ""195"": 0.0, ""84"": 0.0, ""111"": 0.0, ""226"": 0.0, ""96"": 0.0, ""69"": 0.0, ""132"": 0.0, ""15"": 0.0, ""162"": 0.0, ""1"": 0.0, ""12"": 0.0, ""44"": 0.0, ""5"": 0.0, ""72"": 0.0, ""152"": 0.0, ""101"": 0.0, ""13"": 0.0, ""179"": 0.0, ""196"": 0.0, ""27"": 0.0, ""20"": 0.0, ""220"": 0.0, ""191"": 0.0, ""112"": 0.0, ""97"": 0.0, ""117"": 0.0, ""206"": 0.0, ""139"": 0.0, ""216"": 0.0, ""205"": 0.0, ""116"": 0.0, ""199"": 0.0, ""149"": 0.0, ""202"": 0.0, ""192"": 0.0, ""105"": 0.0, ""211"": 0.0, ""181"": 0.0, ""170"": 0.0, ""38"": 0.0, ""71"": 0.0, ""88"": 0.0, ""19"": 0.0, ""106"": 0.0, ""16"": 0.0, ""157"": 0.0, ""156"": 0.0, ""197"": 0.0, ""210"": 0.0, ""146"": 0.0, ""164"": 0.0, ""91"": 0.0, ""48"": 0.0, ""59"": 0.0, ""153"": 0.0, ""128"": 0.0, ""76"": 0.0, ""115"": 0.0, ""118"": 0.0, ""158"": 0.0, ""93"": 0.0, ""209"": 0.0, ""37"": 0.0, ""25"": 0.0, ""138"": 0.0, ""142"": 0.0, ""130"": 0.0, ""30"": 0.0, ""232"": 0.0, ""141"": 0.0, ""10"": 0.0, ""74"": 0.0, ""114"": 0.0, ""213"": 0.0, ""7"": 0.0, ""187"": 0.0, ""217"": 0.0, ""35"": 0.0, ""78"": 0.0, ""169"": 0.0, ""183"": 0.0, ""180"": 0.39, ""70"": 0.0, ""50"": 0.0, ""219"": 0.0, ""223"": 0.0, ""208"": 0.0, ""120"": 0.0, ""87"": 0.0, ""31"": 0.0, ""80"": 0.0, ""79"": 0.0, ""123"": 0.0, ""43"": 0.0, ""33"": 0.01, ""66"": 0.0, ""227"": 0.0, ""188"": 0.0, ""204"": 0.0, ""229"": 0.0, ""40"": 0.0, ""107"": 0.0, ""51"": 0.0, ""81"": 0.0, ""200"": 0.0, ""176"": 0.0, ""224"": 0.0, ""201"": 0.0, ""150"": 0.0, ""73"": 0.0, ""145"": 0.0, ""129"": 0.0, ""77"": 0.0, ""57"": 0.0, ""17"": 0.0, ""174"": 0.0, ""184"": 0.0, ""0"": 0.0, ""214"": 0.0, ""103"": 0.0, ""98"": 0.0, ""62"": 0.0, ""122"": 0.0, ""-1"": 0.0, ""46"": 0.0, ""193"": 0.0, ""235"": 0.0, ""99"": 0.0, ""89"": 0.0, ""11"": 0.0, ""82"": 0.0, ""18"": 0.0, ""9"": 0.0, ""21"": 0.0, ""29"": 0.0, ""215"": 0.0, ""6"": 0.0, ""61"": 0.0, ""95"": 0.0, ""222"": 0.0, ""55"": 0.0, ""8"": 0.0, ""137"": 0.0, ""14"": 0.0, ""167"": 0.0, ""160"": 0.0, ""32"": 0.0, ""233"": 0.0, ""3"": 0.0, ""49"": 0.0, ""126"": 0.0, ""234"": 0.0, ""221"": 0.0}",jev-1.13.0,6f3d9044eb84c27292935ae648fa3e0bf1a97ec44bed3efd1b2a27be514c3dd1
semantic-experiment:sentence5:bge:q70:v1:2400164916:000003090400-000003181920,172,semantic:bge:leaf-local-6-2:42:172,Alushariduse vastutus ja kvaliteet,0.62,0.61,"{""35"": 0.0, ""46"": 0.0, ""66"": 0.0, ""17"": 0.0, ""173"": 0.0, ""224"": 0.0, ""111"": 0.0, ""48"": 0.0, ""235"": 0.0, ""0"": 0.0, ""99"": 0.0, ""124"": 0.0, ""37"": 0.0, ""181"": 0.0, ""184"": 0.0, ""24"": 0.0, ""129"": 0.0, ""201"": 0.0, ""160"": 0.0, ""231"": 0.0, ""217"": 0.0, ""113"": 0.0, ""200"": 0.0, ""36"": 0.0, ""32"": 0.0, ""131"": 0.0, ""191"": 0.0, ""183"": 0.0, ""67"": 0.0, ""55"": 0.0, ""123"": 0.0, ""71"": 0.0, ""136"": 0.0, ""216"": 0.0, ""233"": 0.0, ""142"": 0.0, ""223"": 0.0, ""64"": 0.0, ""225"": 0.0, ""117"": 0.0, ""54"": 0.0, ""7"": 0.0, ""16"": 0.0, ""186"": 0.0, ""20"": 0.0, ""204"": 0.0, ""21"": 0.0, ""53"": 0.0, ""114"": 0.0, ""72"": 0.0, ""44"": 0.0, ""12"": 0.0, ""149"": 0.0, ""112"": 0.0, ""15"": 0.0, ""100"": 0.0, ""118"": 0.0, ""95"": 0.0, ""170"": 0.0, ""-1"": 0.01, ""25"": 0.0, ""3"": 0.0, ""13"": 0.0, ""78"": 0.0, ""234"": 0.0, ""109"": 0.0, ""103"": 0.0, ""9"": 0.0, ""87"": 0.0, ""164"": 0.0, ""62"": 0.0, ""98"": 0.0, ""175"": 0.0, ""23"": 0.0, ""39"": 0.0, ""210"": 0.0, ""1"": 0.0, ""47"": 0.0, ""59"": 0.0, ""81"": 0.0, ""189"": 0.0, ""138"": 0.0, ""168"": 0.0, ""26"": 0.0, ""161"": 0.0, ""97"": 0.0, ""158"": 0.0, ""65"": 0.0, ""188"": 0.0, ""135"": 0.0, ""154"": 0.0, ""14"": 0.0, ""205"": 0.0, ""43"": 0.0, ""96"": 0.0, ""84"": 0.0, ""128"": 0.0, ""192"": 0.0, ""211"": 0.0, ""203"": 0.0, ""126"": 0.0, ""179"": 0.0, ""85"": 0.0, ""213"": 0.0, ""145"": 0.0, ""19"": 0.0, ""176"": 0.0, ""193"": 0.0, ""207"": 0.0, ""80"": 0.0, ""56"": 0.0, ""226"": 0.0, ""190"": 0.0, ""202"": 0.0, ""140"": 0.0, ""194"": 0.0, ""174"": 0.0, ""86"": 0.0, ""206"": 0.0, ""163"": 0.0, ""68"": 0.0, ""230"": 0.0, ""195"": 0.0, ""221"": 0.0, ""88"": 0.0, ""155"": 0.0, ""227"": 0.0, ""94"": 0.0, ""130"": 0.0, ""50"": 0.0, ""167"": 0.0, ""132"": 0.0, ""187"": 0.0, ""185"": 0.0, ""122"": 0.0, ""159"": 0.0, ""49"": 0.0, ""143"": 0.0, ""212"": 0.0, ""91"": 0.0, ""75"": 0.0, ""214"": 0.0, ""125"": 0.0, ""133"": 0.0, ""30"": 0.0, ""157"": 0.0, ""119"": 0.0, ""150"": 0.0, ""110"": 0.0, ""147"": 0.0, ""152"": 0.0, ""28"": 0.0, ""60"": 0.0, ""76"": 0.0, ""229"": 0.0, ""127"": 0.0, ""171"": 0.0, ""199"": 0.0, ""77"": 0.0, ""198"": 0.0, ""209"": 0.0, ""102"": 0.0, ""220"": 0.0, ""8"": 0.0, ""82"": 0.0, ""11"": 0.0, ""107"": 0.0, ""27"": 0.0, ""104"": 0.0, ""232"": 0.0, ""41"": 0.0, ""196"": 0.0, ""33"": 0.0, ""45"": 0.0, ""40"": 0.0, ""6"": 0.0, ""218"": 0.0, ""219"": 0.0, ""79"": 0.0, ""89"": 0.0, ""34"": 0.0, ""90"": 0.0, ""93"": 0.0, ""141"": 0.0, ""169"": 0.0, ""115"": 0.0, ""57"": 0.0, ""120"": 0.0, ""52"": 0.0, ""101"": 0.0, ""134"": 0.0, ""172"": 0.62, ""4"": 0.02, ""5"": 0.0, ""156"": 0.0, ""151"": 0.0, ""63"": 0.0, ""83"": 0.0, ""215"": 0.0, ""177"": 0.0, ""106"": 0.0, ""31"": 0.0, ""153"": 0.0, ""108"": 0.0, ""228"": 0.0, ""51"": 0.0, ""29"": 0.0, ""144"": 0.0, ""105"": 0.0, ""70"": 0.0, ""165"": 0.0, ""121"": 0.0, ""10"": 0.0, ""139"": 0.0, ""92"": 0.0, ""38"": 0.0, ""166"": 0.0, ""58"": 0.0, ""178"": 0.0, ""208"": 0.0, ""61"": 0.0, ""2"": 0.0, ""162"": 0.0, ""222"": 0.0, ""18"": 0.0, ""180"": 0.35000000000000003, ""42"": 0.0, ""73"": 0.0, ""22"": 0.0, ""148"": 0.0, ""137"": 0.0, ""146"": 0.0, ""197"": 0.0, ""116"": 0.0, ""69"": 0.0, ""182"": 0.0, ""74"": 0.0}",jev-1.13.0,afb69b1828a8e0a44a345b32e7c577a943a0888e19b8e72ededc6a650348978b
semantic-experiment:sentence5:bge:q70:v1:2400164916:000003181920-000003316040,-1,semantic:bge:leaf-local-6-2:42:-1,Unassigned,0.28,0.27,"{""198"": 0.0, ""104"": 0.0, ""14"": 0.0, ""172"": 0.06999999999999999, ""77"": 0.0, ""70"": 0.02, ""116"": 0.0, ""119"": 0.0, ""194"": 0.0, ""43"": 0.0, ""235"": 0.0, ""58"": 0.0, ""157"": 0.0, ""173"": 0.0, ""34"": 0.0, ""139"": 0.0, ""171"": 0.0, ""76"": 0.0, ""158"": 0.0, ""162"": 0.0, ""217"": 0.0, ""5"": 0.0, ""152"": 0.0, ""151"": 0.0, ""42"": 0.0, ""140"": 0.0, ""100"": 0.0, ""8"": 0.0, ""6"": 0.0, ""113"": 0.0, ""63"": 0.0, ""21"": 0.0, ""97"": 0.01, ""222"": 0.0, ""110"": 0.0, ""53"": 0.0, ""176"": 0.0, ""209"": 0.0, ""185"": 0.0, ""168"": 0.0, ""-1"": 0.28, ""105"": 0.0, ""83"": 0.0, ""50"": 0.0, ""66"": 0.0, ""125"": 0.0, ""225"": 0.0, ""132"": 0.0, ""0"": 0.0, ""57"": 0.0, ""59"": 0.0, ""189"": 0.0, ""190"": 0.13, ""80"": 0.0, ""109"": 0.0, ""26"": 0.0, ""186"": 0.0, ""126"": 0.0, ""103"": 0.0, ""197"": 0.0, ""227"": 0.0, ""107"": 0.0, ""160"": 0.0, ""41"": 0.0, ""128"": 0.0, ""38"": 0.0, ""199"": 0.0, ""193"": 0.0, ""200"": 0.0, ""19"": 0.0, ""148"": 0.0, ""33"": 0.0, ""166"": 0.0, ""11"": 0.0, ""188"": 0.0, ""203"": 0.0, ""32"": 0.0, ""65"": 0.0, ""154"": 0.0, ""44"": 0.0, ""102"": 0.0, ""167"": 0.0, ""36"": 0.060000000000000005, ""204"": 0.0, ""202"": 0.0, ""216"": 0.0, ""67"": 0.0, ""112"": 0.0, ""164"": 0.0, ""17"": 0.0, ""206"": 0.0, ""81"": 0.0, ""75"": 0.0, ""62"": 0.0, ""86"": 0.0, ""224"": 0.0, ""73"": 0.0, ""47"": 0.0, ""7"": 0.0, ""183"": 0.0, ""230"": 0.0, ""108"": 0.0, ""127"": 0.0, ""135"": 0.0, ""30"": 0.0, ""226"": 0.0, ""122"": 0.0, ""13"": 0.0, ""161"": 0.0, ""52"": 0.0, ""220"": 0.0, ""131"": 0.0, ""115"": 0.0, ""25"": 0.0, ""201"": 0.0, ""195"": 0.0, ""117"": 0.0, ""99"": 0.02, ""9"": 0.0, ""156"": 0.0, ""234"": 0.0, ""165"": 0.0, ""82"": 0.0, ""141"": 0.0, ""27"": 0.0, ""180"": 0.060000000000000005, ""18"": 0.0, ""64"": 0.0, ""219"": 0.0, ""232"": 0.0, ""147"": 0.0, ""85"": 0.0, ""39"": 0.0, ""22"": 0.0, ""87"": 0.0, ""182"": 0.0, ""48"": 0.0, ""233"": 0.0, ""28"": 0.0, ""120"": 0.0, ""184"": 0.0, ""205"": 0.0, ""94"": 0.01, ""92"": 0.01, ""72"": 0.0, ""29"": 0.0, ""3"": 0.0, ""134"": 0.0, ""149"": 0.0, ""23"": 0.02, ""169"": 0.0, ""208"": 0.0, ""130"": 0.0, ""178"": 0.0, ""24"": 0.0, ""49"": 0.0, ""74"": 0.0, ""129"": 0.0, ""114"": 0.0, ""106"": 0.0, ""61"": 0.0, ""54"": 0.0, ""138"": 0.0, ""31"": 0.0, ""71"": 0.0, ""69"": 0.0, ""121"": 0.0, ""218"": 0.0, ""136"": 0.0, ""212"": 0.0, ""35"": 0.0, ""55"": 0.0, ""84"": 0.0, ""231"": 0.0, ""51"": 0.0, ""90"": 0.0, ""150"": 0.0, ""118"": 0.0, ""229"": 0.0, ""211"": 0.0, ""228"": 0.0, ""192"": 0.0, ""146"": 0.0, ""95"": 0.01, ""223"": 0.0, ""124"": 0.0, ""15"": 0.0, ""93"": 0.01, ""45"": 0.0, ""221"": 0.0, ""153"": 0.0, ""175"": 0.0, ""143"": 0.0, ""111"": 0.0, ""56"": 0.0, ""12"": 0.0, ""170"": 0.0, ""187"": 0.0, ""60"": 0.0, ""214"": 0.0, ""196"": 0.0, ""4"": 0.25, ""37"": 0.0, ""163"": 0.0, ""78"": 0.0, ""191"": 0.0, ""96"": 0.01, ""213"": 0.0, ""1"": 0.0, ""68"": 0.0, ""159"": 0.0, ""101"": 0.0, ""210"": 0.0, ""91"": 0.0, ""133"": 0.0, ""40"": 0.0, ""46"": 0.0, ""16"": 0.0, ""145"": 0.0, ""137"": 0.0, ""10"": 0.0, ""20"": 0.0, ""179"": 0.0, ""2"": 0.0, ""142"": 0.0, ""215"": 0.0, ""207"": 0.0, ""181"": 0.0, ""155"": 0.0, ""144"": 0.0, ""89"": 0.0, ""98"": 0.01, ""79"": 0.02, ""88"": 0.0, ""174"": 0.0, ""123"": 0.0, ""177"": 0.0}",jev-1.13.0,9206dfc5588152c8988d1e08f050fae74c88739529e6e7d5bed9f4315ddfbe08
semantic-experiment:sentence5:bge:q70:v1:2400164916:000003316040-000003610354,180,semantic:bge:leaf-local-6-2:42:180,Õpetaja hoituse rollid alushariduses,0.88,0.87,"{""152"": 0.0, ""35"": 0.0, ""4"": 0.02, ""2"": 0.0, ""221"": 0.0, ""157"": 0.0, ""148"": 0.0, ""1"": 0.0, ""194"": 0.0, ""172"": 0.09, ""67"": 0.0, ""20"": 0.0, ""39"": 0.0, ""190"": 0.0, ""184"": 0.0, ""80"": 0.0, ""45"": 0.0, ""104"": 0.0, ""82"": 0.0, ""0"": 0.0, ""132"": 0.0, ""117"": 0.0, ""158"": 0.0, ""222"": 0.0, ""189"": 0.0, ""192"": 0.0, ""233"": 0.0, ""68"": 0.0, ""92"": 0.0, ""187"": 0.0, ""30"": 0.0, ""232"": 0.0, ""115"": 0.0, ""217"": 0.0, ""73"": 0.0, ""110"": 0.0, ""180"": 0.88, ""143"": 0.0, ""170"": 0.0, ""94"": 0.0, ""69"": 0.0, ""5"": 0.0, ""106"": 0.0, ""165"": 0.0, ""50"": 0.0, ""228"": 0.0, ""60"": 0.0, ""54"": 0.0, ""43"": 0.0, ""90"": 0.0, ""136"": 0.0, ""216"": 0.0, ""183"": 0.0, ""129"": 0.0, ""19"": 0.0, ""156"": 0.0, ""72"": 0.0, ""87"": 0.0, ""88"": 0.0, ""28"": 0.0, ""21"": 0.0, ""193"": 0.0, ""142"": 0.0, ""40"": 0.0, ""37"": 0.0, ""65"": 0.0, ""125"": 0.0, ""56"": 0.0, ""160"": 0.0, ""97"": 0.0, ""206"": 0.0, ""215"": 0.0, ""209"": 0.0, ""3"": 0.0, ""33"": 0.0, ""11"": 0.0, ""62"": 0.0, ""204"": 0.0, ""146"": 0.0, ""119"": 0.0, ""109"": 0.0, ""128"": 0.0, ""105"": 0.0, ""83"": 0.0, ""108"": 0.0, ""47"": 0.0, ""219"": 0.0, ""212"": 0.0, ""61"": 0.0, ""121"": 0.0, ""196"": 0.0, ""111"": 0.0, ""144"": 0.0, ""126"": 0.0, ""191"": 0.0, ""51"": 0.0, ""197"": 0.0, ""229"": 0.0, ""234"": 0.0, ""131"": 0.0, ""164"": 0.0, ""59"": 0.0, ""44"": 0.0, ""130"": 0.0, ""112"": 0.0, ""138"": 0.0, ""116"": 0.0, ""133"": 0.0, ""27"": 0.0, ""210"": 0.0, ""66"": 0.0, ""14"": 0.0, ""15"": 0.0, ""181"": 0.0, ""49"": 0.0, ""169"": 0.0, ""86"": 0.0, ""137"": 0.0, ""34"": 0.0, ""12"": 0.0, ""140"": 0.0, ""98"": 0.0, ""42"": 0.0, ""10"": 0.0, ""213"": 0.0, ""16"": 0.0, ""173"": 0.0, ""91"": 0.0, ""176"": 0.0, ""123"": 0.0, ""22"": 0.0, ""195"": 0.0, ""205"": 0.0, ""101"": 0.0, ""113"": 0.0, ""200"": 0.0, ""24"": 0.0, ""186"": 0.0, ""58"": 0.0, ""124"": 0.0, ""174"": 0.0, ""99"": 0.0, ""198"": 0.0, ""139"": 0.0, ""141"": 0.0, ""89"": 0.0, ""159"": 0.0, ""202"": 0.0, ""63"": 0.0, ""118"": 0.0, ""76"": 0.0, ""13"": 0.0, ""36"": 0.0, ""122"": 0.0, ""235"": 0.0, ""224"": 0.0, ""155"": 0.0, ""31"": 0.0, ""167"": 0.0, ""226"": 0.0, ""178"": 0.0, ""153"": 0.0, ""207"": 0.0, ""93"": 0.0, ""6"": 0.0, ""23"": 0.0, ""214"": 0.0, ""149"": 0.0, ""171"": 0.0, ""17"": 0.0, ""41"": 0.0, ""53"": 0.0, ""85"": 0.0, ""57"": 0.0, ""75"": 0.0, ""26"": 0.0, ""225"": 0.0, ""150"": 0.0, ""134"": 0.0, ""7"": 0.0, ""18"": 0.0, ""220"": 0.0, ""77"": 0.0, ""211"": 0.0, ""127"": 0.0, ""-1"": 0.01, ""208"": 0.0, ""8"": 0.0, ""32"": 0.0, ""78"": 0.0, ""29"": 0.0, ""120"": 0.0, ""161"": 0.0, ""114"": 0.0, ""52"": 0.0, ""218"": 0.0, ""151"": 0.0, ""163"": 0.0, ""154"": 0.0, ""182"": 0.0, ""107"": 0.0, ""64"": 0.0, ""179"": 0.0, ""74"": 0.0, ""70"": 0.0, ""230"": 0.0, ""147"": 0.0, ""96"": 0.0, ""9"": 0.0, ""71"": 0.0, ""201"": 0.0, ""203"": 0.0, ""38"": 0.0, ""166"": 0.0, ""102"": 0.0, ""199"": 0.0, ""46"": 0.0, ""84"": 0.0, ""79"": 0.0, ""162"": 0.0, ""145"": 0.0, ""177"": 0.0, ""55"": 0.0, ""223"": 0.0, ""227"": 0.0, ""188"": 0.0, ""103"": 0.0, ""231"": 0.0, ""25"": 0.0, ""135"": 0.0, ""95"": 0.0, ""185"": 0.0, ""81"": 0.0, ""168"": 0.0, ""48"": 0.0, ""175"": 0.0, ""100"": 0.0}",jev-1.13.0,f58383fe22c2e1a623240cb80f612f4a763abb8a680f25617023f369ed4fe4a7
