episode_id,title,topic_id,passage_count,covered_seconds,fraction_of_analyzed_talk
2247188684,Kas kiirustades elad kauem?,-1,16,4539.6810000000005,0.8733647548702645
2247188684,Kas kiirustades elad kauem?,4,1,199.76000000000025,0.0384307495246657
2247188684,Kas kiirustades elad kauem?,42,1,235.2800000000001,0.0452642508418269
2247188684,Kas kiirustades elad kauem?,102,2,223.19999999999965,0.0429402447632427
2247188687,Kes koristab?!,-1,5,1092.48,0.2024702001961912
2247188687,Kes koristab?!,41,1,104.08,0.0192892304082633
2247188687,Kes koristab?!,58,3,451.3999999999992,0.0836583263479061
2247188687,Kes koristab?!,71,1,419.1199999999999,0.0776758478930759
2247188687,Kes koristab?!,115,8,3328.677000000001,0.6169063951545634
2247188690,Kas kõik on kiusamine?,-1,6,1582.2400000000005,0.3020571515405824
2247188690,Kas kõik on kiusamine?,3,6,2388.6799999999994,0.4560103882735603
2247188690,Kas kõik on kiusamine?,94,1,213.09400000000005,0.0406806594766842
2247188690,Kas kõik on kiusamine?,102,1,234.27999999999972,0.0447251677766505
2247188690,Kas kõik on kiusamine?,116,1,597.48,0.1140617775447891
2247188690,Kas kõik on kiusamine?,117,1,93.44000000000004,0.0178381410152391
2247188690,Kas kõik on kiusamine?,118,1,129.0,0.0246267143724941
2247188693,Töökius otse laval,-1,12,3367.13,0.6287296118906908
2247188693,Töökius otse laval,3,5,1886.88,0.3523289359437582
2247188693,Töökius otse laval,78,1,101.44000000000004,0.0189414521655509
2247188696,Juhi võim versus töötaja julgus,-1,6,1446.5710000000004,0.2744535814861354
2247188696,Juhi võim versus töötaja julgus,3,11,3474.64,0.6592330361765758
2247188696,Juhi võim versus töötaja julgus,102,1,97.92000000000009,0.0185780682034427
2247188696,Juhi võim versus töötaja julgus,119,1,251.6000000000004,0.047735314133846
2247188699,Õpiamps kui osa tööst,-1,11,3188.28,0.5829045881056588
2247188699,Õpiamps kui osa tööst,6,2,850.2800000000003,0.1554543870596308
2247188699,Õpiamps kui osa tööst,15,1,227.88,0.0416626825553331
2247188699,Õpiamps kui osa tööst,71,1,164.04,0.0299909884429385
2247188699,Õpiamps kui osa tööst,119,2,701.802999999999,0.1283087397111656
2247188699,Õpiamps kui osa tööst,133,1,337.3600000000006,0.061678614125273
2247188702,Kuidas juhtida riiki? Visiooni põhjal? Väärtuste põhjal?,-1,1,225.92000000000007,0.0469132700472102
2247188702,Kuidas juhtida riiki? Visiooni põhjal? Väärtuste põhjal?,1,13,4395.174999999999,0.9126771940498722
2247188702,Kuidas juhtida riiki? Visiooni põhjal? Väärtuste põhjal?,104,1,194.5999999999999,0.0404095359029174
2247188705,Kas töötaja on alati nõrgem osapool?,-1,6,1535.8000000000006,0.2782503455935242
2247188705,Kas töötaja on alati nõrgem osapool?,3,2,641.3199999999997,0.1161918945409811
2247188705,Kas töötaja on alati nõrgem osapool?,47,1,197.35999999999967,0.0357569268175138
2247188705,Kas töötaja on alati nõrgem osapool?,58,1,229.07999999999996,0.0415038345934135
2247188705,Kas töötaja on alati nõrgem osapool?,60,1,96.9599999999998,0.0175668404146034
2247188705,Kas töötaja on alati nõrgem osapool?,78,1,261.4799999999996,0.0473739421576992
2247188705,Kas töötaja on alati nõrgem osapool?,102,2,324.0799999999999,0.0587155697356096
2247188705,Kas töötaja on alati nõrgem osapool?,116,3,807.3600000000006,0.1462743840463522
2247188705,Kas töötaja on alati nõrgem osapool?,131,3,1426.0500000000002,0.2583662621003028
2247188708,Disainime tööd,-1,14,3983.801,0.7703642840968489
2247188708,Disainime tööd,3,1,368.6800000000003,0.0712931956844296
2247188708,Disainime tööd,94,1,158.28,0.0306072664992175
2247188708,Disainime tööd,102,1,96.11999999999988,0.0185871269642708
2247188708,Disainime tööd,119,2,333.8399999999997,0.0645560389695398
2247188708,Disainime tööd,124,1,230.6000000000001,0.0445920877856934
2250797864,Kuidas luua hoolivamat ühiskonda_ Pihlakodu juhtumist edasi!,-1,18,6057.583,1.0
2250797867,"Loodus, majandus ja julgeolek. Kas valida tuleb ainult kaks_",-1,9,2915.3600000000006,0.5528210778016177
2250797867,"Loodus, majandus ja julgeolek. Kas valida tuleb ainult kaks_",2,2,329.1200000000001,0.0624089214114443
2250797867,"Loodus, majandus ja julgeolek. Kas valida tuleb ainult kaks_",7,1,97.67999999999996,0.0185224338948404
2250797867,"Loodus, majandus ja julgeolek. Kas valida tuleb ainult kaks_",37,2,624.6450000000004,0.1184474377584215
2250797867,"Loodus, majandus ja julgeolek. Kas valida tuleb ainult kaks_",76,1,398.7599999999993,0.0756143093766027
2250797867,"Loodus, majandus ja julgeolek. Kas valida tuleb ainult kaks_",104,1,191.23999999999975,0.036263618530398
2250797867,"Loodus, majandus ja julgeolek. Kas valida tuleb ainult kaks_",110,2,716.8,0.1359222012266751
2250797870,Noored ja äärmuslus. Mida saame teha_,-1,3,805.9599999999996,0.1575898120755763
2250797870,Noored ja äärmuslus. Mida saame teha_,0,2,557.9200000000001,0.1090904113767502
2250797870,Noored ja äärmuslus. Mida saame teha_,9,1,101.07999999999991,0.0197642292478525
2250797870,Noored ja äärmuslus. Mida saame teha_,62,8,2732.6400000000003,0.5343146360491876
2250797870,Noored ja äärmuslus. Mida saame teha_,63,3,655.7599999999995,0.1282211216024119
2250797870,Noored ja äärmuslus. Mida saame teha_,73,1,133.61000000000058,0.0261248384428729
2250797870,Noored ja äärmuslus. Mida saame teha_,99,1,127.32000000000016,0.0248949512053481
2250797873,Vasakpoolsus Eestis. Kas turumõtlemine on piisav_,-1,2,191.48000000000025,0.0338676910222319
2250797873,Vasakpoolsus Eestis. Kas turumõtlemine on piisav_,1,3,361.0,0.0638512453469068
2250797873,Vasakpoolsus Eestis. Kas turumõtlemine on piisav_,74,15,4815.766,0.8517802116323879
2250797873,Vasakpoolsus Eestis. Kas turumõtlemine on piisav_,99,1,285.52,0.0505008519984732
2250797876,Kas öko-eluviis on ainult rikastele_,-1,2,782.8799999999998,0.161423815456256
2250797876,Kas öko-eluviis on ainult rikastele_,2,1,139.36,0.0287349567264253
2250797876,Kas öko-eluviis on ainult rikastele_,21,1,325.1200000000008,0.0670372354398351
2250797876,Kas öko-eluviis on ainult rikastele_,76,7,2160.762,0.4455324523974183
2250797876,Kas öko-eluviis on ainult rikastele_,77,1,127.88000000000012,0.0263678693037835
2250797876,Kas öko-eluviis on ainult rikastele_,82,1,165.67999999999938,0.0341619376466283
2250797876,Kas öko-eluviis on ainult rikastele_,104,2,952.7199999999998,0.1964435130051659
2250797876,Kas öko-eluviis on ainult rikastele_,124,1,98.16000000000032,0.0202398346172927
2250797876,Kas öko-eluviis on ainult rikastele_,134,1,97.2800000000002,0.0200583854071947
2250797879,Looduskaitse ja riigikaitse – teineteist võimendavad jõud_,-1,3,482.0669999999998,0.0917498121008033
2250797879,Looduskaitse ja riigikaitse – teineteist võimendavad jõud_,2,1,159.20000000000073,0.0302998755078608
2250797879,Looduskaitse ja riigikaitse – teineteist võimendavad jõud_,35,2,229.36000000000013,0.0436531372266516
2250797879,Looduskaitse ja riigikaitse – teineteist võimendavad jõud_,41,1,231.64000000000036,0.0440870801673421
2250797879,Looduskaitse ja riigikaitse – teineteist võimendavad jõud_,55,11,3826.439999999999,0.728270449989313
2250797879,Looduskaitse ja riigikaitse – teineteist võimendavad jõud_,76,1,194.07999999999996,0.0369384411970201
2250797879,Looduskaitse ja riigikaitse – teineteist võimendavad jõud_,109,1,131.35999999999967,0.0250012038110086
2250797882,Meedia roll progressiivsete teemade kajastamisel,-1,2,386.76,0.0780078746081302
2250797882,Meedia roll progressiivsete teemade kajastamisel,0,12,3492.400999999999,0.7044026768262194
2250797882,Meedia roll progressiivsete teemade kajastamisel,11,2,590.4800000000005,0.1190973466713434
2250797882,Meedia roll progressiivsete teemade kajastamisel,55,1,194.6800000000001,0.0392661418675943
2250797882,Meedia roll progressiivsete teemade kajastamisel,62,1,293.64,0.0592259600267126
2250797888,Rohkem kui kondoom ja video. Seksuaalhariduse tulevik Eestis,-1,4,637.6800000000001,0.1223825914563639
2250797888,Rohkem kui kondoom ja video. Seksuaalhariduse tulevik Eestis,15,1,133.48000000000002,0.0256172818774235
2250797888,Rohkem kui kondoom ja video. Seksuaalhariduse tulevik Eestis,29,16,4439.385,0.8520001266662125
2254333406,"Kuhu pöörad, rohepööre_",-1,6,1494.4129999999998,0.2607025544755263
2254333406,"Kuhu pöörad, rohepööre_",2,6,1275.48,0.2225093693526786
2254333406,"Kuhu pöörad, rohepööre_",19,1,388.3600000000001,0.0677499754459546
2254333406,"Kuhu pöörad, rohepööre_",24,1,99.11999999999988,0.017291630358953
2254333406,"Kuhu pöörad, rohepööre_",41,1,129.4399999999996,0.0225809991289637
2254333406,"Kuhu pöörad, rohepööre_",61,1,100.20000000000005,0.0174800379536632
2254333406,"Kuhu pöörad, rohepööre_",75,7,2020.2,0.352426872993917
2254333406,"Kuhu pöörad, rohepööre_",76,1,127.20000000000029,0.0221902278214168
2254333406,"Kuhu pöörad, rohepööre_",104,1,97.84000000000016,0.0170683324689262
2254333409,Kust tuleb raha aastal 2040_,-1,8,1841.8799999999997,0.3495744858528881
2254333409,Kust tuleb raha aastal 2040_,2,1,289.6400000000003,0.0549714172923484
2254333409,Kust tuleb raha aastal 2040_,4,5,1658.8799999999997,0.3148425104195925
2254333409,Kust tuleb raha aastal 2040_,18,3,325.9599999999998,0.0618646705586723
2254333409,Kust tuleb raha aastal 2040_,104,1,366.5600000000004,0.0695702345072615
2254333409,Kust tuleb raha aastal 2040_,117,1,488.2000000000003,0.0926565595985515
2254333409,Kust tuleb raha aastal 2040_,132,1,297.8000000000002,0.0565201217706854
2254333412,Millist väliruumi ootame oma linnadesse_ LIFE Tartu ROHEringiga.alp,-1,11,3186.908,0.5643953481288169
2254333412,Millist väliruumi ootame oma linnadesse_ LIFE Tartu ROHEringiga.alp,16,6,1808.36,0.3202571181038885
2254333412,Millist väliruumi ootame oma linnadesse_ LIFE Tartu ROHEringiga.alp,37,1,161.0,0.0285127939208598
2254333412,Millist väliruumi ootame oma linnadesse_ LIFE Tartu ROHEringiga.alp,69,1,361.8000000000002,0.0640740921774353
2254333412,Millist väliruumi ootame oma linnadesse_ LIFE Tartu ROHEringiga.alp,82,1,128.51999999999953,0.0227606476689993
2254333415,Hakkab looma! Unistades loome Eesti tulevikku,-1,4,1039.12,0.2026579252331272
2254333415,Hakkab looma! Unistades loome Eesti tulevikku,33,1,94.96000000000004,0.0185198981639635
2254333415,Hakkab looma! Unistades loome Eesti tulevikku,35,1,230.55999999999997,0.0449657510602719
2254333415,Hakkab looma! Unistades loome Eesti tulevikku,125,11,3762.818,0.7338564255426373
2258666735,Milliseid lasteraamatuid tahame – lastega ja lastele,-1,1,372.859,1.0
2258666738,Mitmekultuuriline maailm Eesti koolis,-1,3,709.0400000000004,0.1354560331464566
2258666738,Mitmekultuuriline maailm Eesti koolis,14,2,882.1599999999999,0.1685291298099939
2258666738,Mitmekultuuriline maailm Eesti koolis,50,12,3382.0660000000007,0.6461148090368722
2258666738,Mitmekultuuriline maailm Eesti koolis,118,1,261.19999999999936,0.0499000280066771
2258666741,Me paneme selle muuseumi kinni!,-1,2,230.0,0.0547018239252934
2258666741,Me paneme selle muuseumi kinni!,23,14,3974.613,0.9452981760747066
2258666744,Rahvus: inimene,-1,3,497.1999999999997,0.1200972855646298
2258666744,Rahvus: inimene,14,2,430.7600000000002,0.1040488872281175
2258666744,Rahvus: inimene,26,3,1283.5769999999998,0.3100444760924999
2258666744,Rahvus: inimene,36,1,132.84000000000017,0.032087134783599
2258666744,Rahvus: inimene,50,2,452.36,0.1092663075181335
2258666744,Rahvus: inimene,99,3,675.8800000000001,0.1632569456303743
2258666744,Rahvus: inimene,118,2,667.36,0.1611989631826457
2258666747,"Kaua säilib Eesti kultuur, kui meid saab olema nii vähe",-1,3,1178.7200000000005,0.2238423046611658
2258666747,"Kaua säilib Eesti kultuur, kui meid saab olema nii vähe",14,12,3596.49,0.6829837538099263
2258666747,"Kaua säilib Eesti kultuur, kui meid saab olema nii vähe",44,1,261.4,0.0496406088285841
2258666747,"Kaua säilib Eesti kultuur, kui meid saab olema nii vähe",66,1,229.23999999999975,0.0435333327003237
2267420987,Kliimatark metsandus. Kuidas kohaneda ja tegutseda muutuvas keskkonnas_,-1,6,1137.7599999999993,0.2008607054946283
2267420987,Kliimatark metsandus. Kuidas kohaneda ja tegutseda muutuvas keskkonnas_,2,1,95.60000000000002,0.0168772706416876
2267420987,Kliimatark metsandus. Kuidas kohaneda ja tegutseda muutuvas keskkonnas_,12,13,4431.063000000001,0.782262023863684
2267420990,Püsimetsandus – kas kesktee metsakaitse ja metsamajanduse vahel_,35,3,508.4379999999999,0.0891815311906808
2267420990,Püsimetsandus – kas kesktee metsakaitse ja metsamajanduse vahel_,67,17,5192.72,0.910818468809319
2267420993,"Mõõdame eurodes, mitte tihumeetrites",-1,9,1634.88,0.4413152104580217
2267420993,"Mõõdame eurodes, mitte tihumeetrites",2,1,101.44000000000004,0.0273824469984719
2267420993,"Mõõdame eurodes, mitte tihumeetrites",20,1,452.96,0.1222708319442806
2267420993,"Mõõdame eurodes, mitte tihumeetrites",24,1,100.24,0.0270585221522754
2267420993,"Mõõdame eurodes, mitte tihumeetrites",35,2,525.5600000000001,0.1418682851391648
2267420993,"Mõõdame eurodes, mitte tihumeetrites",41,1,230.4029999999998,0.0621943802818307
2267420993,"Mõõdame eurodes, mitte tihumeetrites",71,1,519.3199999999999,0.1401838759389434
2267420993,"Mõõdame eurodes, mitte tihumeetrites",73,1,139.76,0.0377264470870113
2267420996,"Eesti inimesed soovivad, ökoloogid soovitavad ja prognoosid näitavad, et raiemahtu peaks vähendama. Mis seda takistab_",-1,3,456.0399999999995,0.0782773356182817
2267420996,"Eesti inimesed soovivad, ökoloogid soovitavad ja prognoosid näitavad, et raiemahtu peaks vähendama. Mis seda takistab_",12,13,4437.879999999999,0.7617433168004129
2267420996,"Eesti inimesed soovivad, ökoloogid soovitavad ja prognoosid näitavad, et raiemahtu peaks vähendama. Mis seda takistab_",35,4,932.0320000000006,0.1599793475813052
2267420999,Kas tulevikumetsad vajavad rangemat kaitset või paindlikumat majandamist_,-1,2,325.7600000000002,0.0653843104550468
2267420999,Kas tulevikumetsad vajavad rangemat kaitset või paindlikumat majandamist_,12,7,2724.275,0.5467977724856414
2267420999,Kas tulevikumetsad vajavad rangemat kaitset või paindlikumat majandamist_,35,6,1759.7600000000002,0.353206944273002
2267420999,Kas tulevikumetsad vajavad rangemat kaitset või paindlikumat majandamist_,55,1,172.44000000000003,0.0346109727863097
2271676346,Ajateenistuse tulevikuvaade – kuhu liigume ja miks_,-1,4,654.7039999999995,0.1177198274436019
2271676346,Ajateenistuse tulevikuvaade – kuhu liigume ja miks_,21,1,133.48000000000002,0.0240005293494036
2271676346,Ajateenistuse tulevikuvaade – kuhu liigume ja miks_,32,1,258.48,0.0464763022642633
2271676346,Ajateenistuse tulevikuvaade – kuhu liigume ja miks_,88,1,235.51999999999956,0.0423479522952618
2271676346,Ajateenistuse tulevikuvaade – kuhu liigume ja miks_,110,1,327.96000000000004,0.0589692358812588
2271676346,Ajateenistuse tulevikuvaade – kuhu liigume ja miks_,126,11,3951.400000000001,0.7104861527662104
2271676349,Millised on minu kui kodaniku võimalused toetada laiapõhjalist riigikaitset,-1,4,581.6000000000006,0.1001780157828604
2271676349,Millised on minu kui kodaniku võimalused toetada laiapõhjalist riigikaitset,1,1,325.84000000000015,0.0561244921985681
2271676349,Millised on minu kui kodaniku võimalused toetada laiapõhjalist riigikaitset,32,11,3581.4399999999987,0.6168871266254595
2271676349,Millised on minu kui kodaniku võimalused toetada laiapõhjalist riigikaitset,66,1,560.8649999999998,0.0966065041644669
2271676349,Millised on minu kui kodaniku võimalused toetada laiapõhjalist riigikaitset,108,1,491.00000000000045,0.0845725683448839
2271676349,Millised on minu kui kodaniku võimalused toetada laiapõhjalist riigikaitset,111,1,264.9200000000001,0.0456312928837609
2271676352,Ajalugu oleviku teejuhina – kristallkuul või kõverpeegel_,-1,4,1338.4799999999998,0.2407641249797636
2271676352,Ajalugu oleviku teejuhina – kristallkuul või kõverpeegel_,32,1,161.68,0.0290827981940172
2271676352,Ajalugu oleviku teejuhina – kristallkuul või kõverpeegel_,41,1,97.2,0.0174842156386595
2271676352,Ajalugu oleviku teejuhina – kristallkuul või kõverpeegel_,73,5,1878.0600000000009,0.3378231072257299
2271676352,Ajalugu oleviku teejuhina – kristallkuul või kõverpeegel_,74,1,319.0799999999999,0.0573957152878959
2271676352,Ajalugu oleviku teejuhina – kristallkuul või kõverpeegel_,88,5,1109.5199999999998,0.1995790836975877
2271676352,Ajalugu oleviku teejuhina – kristallkuul või kõverpeegel_,93,3,559.84,0.1007033259583041
2271676352,Ajalugu oleviku teejuhina – kristallkuul või kõverpeegel_,118,1,95.44000000000004,0.0171676290180418
2271676355,Valel on ohtlikud jalad ehk kuidas väärinfo ohustab meie julgeolekut.,-1,11,3938.817000000001,0.6886745624597752
2271676355,Valel on ohtlikud jalad ehk kuidas väärinfo ohustab meie julgeolekut.,0,2,393.3600000000006,0.0687762406552976
2271676355,Valel on ohtlikud jalad ehk kuidas väärinfo ohustab meie julgeolekut.,9,2,660.9199999999998,0.115557232494151
2271676355,Valel on ohtlikud jalad ehk kuidas väärinfo ohustab meie julgeolekut.,49,2,265.1199999999999,0.046354374930172
2271676355,Valel on ohtlikud jalad ehk kuidas väärinfo ohustab meie julgeolekut.,57,1,322.6399999999994,0.0564113440233505
2271676355,Valel on ohtlikud jalad ehk kuidas väärinfo ohustab meie julgeolekut.,99,1,138.56000000000006,0.0242262454372534
2271676358,Kaitsekulud Eestis. Ühiskonna roll kaitsevõime tagajana,-1,9,2761.76,0.5157590019625571
2271676358,Kaitsekulud Eestis. Ühiskonna roll kaitsevõime tagajana,1,1,105.44000000000004,0.0196909322920644
2271676358,Kaitsekulud Eestis. Ühiskonna roll kaitsevõime tagajana,88,1,164.55999999999997,0.0307315991842007
2271676358,Kaitsekulud Eestis. Ühiskonna roll kaitsevõime tagajana,110,8,2322.989,0.4338184665611778
2271676361,"“Kogu rahvas peab sõda. Sõjavägi peab lahinguid.” – Kindralleitnant Nikolai Reek, Sõjavägede staabi ülem 1937.",-1,8,2318.16,0.4381379778549579
2271676361,"“Kogu rahvas peab sõda. Sõjavägi peab lahinguid.” – Kindralleitnant Nikolai Reek, Sõjavägede staabi ülem 1937.",0,1,126.20000000000029,0.0238521123672636
2271676361,"“Kogu rahvas peab sõda. Sõjavägi peab lahinguid.” – Kindralleitnant Nikolai Reek, Sõjavägede staabi ülem 1937.",7,2,594.1999999999998,0.1123052707498256
2271676361,"“Kogu rahvas peab sõda. Sõjavägi peab lahinguid.” – Kindralleitnant Nikolai Reek, Sõjavägede staabi ülem 1937.",32,3,780.36,0.1474899715286671
2271676361,"“Kogu rahvas peab sõda. Sõjavägi peab lahinguid.” – Kindralleitnant Nikolai Reek, Sõjavägede staabi ülem 1937.",34,1,289.1999999999998,0.0546595158210191
2271676361,"“Kogu rahvas peab sõda. Sõjavägi peab lahinguid.” – Kindralleitnant Nikolai Reek, Sõjavägede staabi ülem 1937.",87,1,253.76,0.047961268100767
2271676361,"“Kogu rahvas peab sõda. Sõjavägi peab lahinguid.” – Kindralleitnant Nikolai Reek, Sõjavägede staabi ülem 1937.",88,2,737.7360000000003,0.1394339300267476
2271676361,"“Kogu rahvas peab sõda. Sõjavägi peab lahinguid.” – Kindralleitnant Nikolai Reek, Sõjavägede staabi ülem 1937.",111,1,191.32000000000016,0.0361599535507517
2271676364,"Rahvaarv kahaneb, aga ohud kasvavad. Kas Eesti riigikaitse vajab uut lähenemist_",-1,3,686.2399999999998,0.138974902133916
2271676364,"Rahvaarv kahaneb, aga ohud kasvavad. Kas Eesti riigikaitse vajab uut lähenemist_",0,1,92.68000000000028,0.0187692264073376
2271676364,"Rahvaarv kahaneb, aga ohud kasvavad. Kas Eesti riigikaitse vajab uut lähenemist_",11,1,125.16000000000032,0.0253469613416311
2271676364,"Rahvaarv kahaneb, aga ohud kasvavad. Kas Eesti riigikaitse vajab uut lähenemist_",41,2,226.83999999999975,0.0459388359758356
2271676364,"Rahvaarv kahaneb, aga ohud kasvavad. Kas Eesti riigikaitse vajab uut lähenemist_",73,1,128.04000000000042,0.0259302087742286
2271676364,"Rahvaarv kahaneb, aga ohud kasvavad. Kas Eesti riigikaitse vajab uut lähenemist_",108,11,3678.909999999999,0.7450398653670508
2271676367,"Kui sõda algab, kolin Hispaaniasse_",-1,8,1831.9999999999995,0.324639653528684
2271676367,"Kui sõda algab, kolin Hispaaniasse_",1,1,391.3199999999997,0.0693438805779719
2271676367,"Kui sõda algab, kolin Hispaaniasse_",11,1,134.2800000000002,0.0237950942553666
2271676367,"Kui sõda algab, kolin Hispaaniasse_",32,8,2836.8400000000006,0.5027023770285548
2271676367,"Kui sõda algab, kolin Hispaaniasse_",111,1,448.7400000000007,0.0795189946094224
2277338243,Maailmahariduslik mälumäng ja mõtteharjutused koos Ivo Linnaga,-1,10,3112.24,0.648551145942346
2277338243,Maailmahariduslik mälumäng ja mõtteharjutused koos Ivo Linnaga,2,2,595.8799999999997,0.1241737966365463
2277338243,Maailmahariduslik mälumäng ja mõtteharjutused koos Ivo Linnaga,21,1,187.79799999999975,0.0391347094394007
2277338243,Maailmahariduslik mälumäng ja mõtteharjutused koos Ivo Linnaga,82,1,105.48000000000002,0.0219806875028913
2277338243,Maailmahariduslik mälumäng ja mõtteharjutused koos Ivo Linnaga,93,1,110.08000000000038,0.0229392688691533
2277338243,Maailmahariduslik mälumäng ja mõtteharjutused koos Ivo Linnaga,109,2,687.2799999999997,0.1432203916096623
2277338246,Ettevõtjad ja noored - kas parallelmaailmad või partnerid ettevõtliku tulevikupõlvkonna kujundamisel_,-1,2,354.75700000000006,0.0645966761455145
2277338246,Ettevõtjad ja noored - kas parallelmaailmad või partnerid ettevõtliku tulevikupõlvkonna kujundamisel_,15,1,388.9999999999998,0.070831884982129
2277338246,Ettevõtjad ja noored - kas parallelmaailmad või partnerid ettevõtliku tulevikupõlvkonna kujundamisel_,19,12,4645.24,0.8458383172092163
2277338246,Ettevõtjad ja noored - kas parallelmaailmad või partnerid ettevõtliku tulevikupõlvkonna kujundamisel_,97,1,102.88,0.0187331216631399
2277338249,Kas lapsi saab panna liikuma_,-1,5,1237.2400000000002,0.2358567717795402
2277338249,Kas lapsi saab panna liikuma_,60,11,3643.766,0.6946161503669844
2277338249,Kas lapsi saab panna liikuma_,97,1,195.84000000000012,0.0373332499638753
2277338249,Kas lapsi saab panna liikuma_,130,1,168.8800000000001,0.0321938278896
2280202454,Oskusi kombineerides saame tõenäolisemalt olümpiavõitjaks,-1,5,1553.4800000000002,0.2909142390261561
2280202454,Oskusi kombineerides saame tõenäolisemalt olümpiavõitjaks,6,6,2240.88,0.4196409995294001
2280202454,Oskusi kombineerides saame tõenäolisemalt olümpiavõitjaks,8,1,320.3199999999997,0.0599850973587418
2280202454,Oskusi kombineerides saame tõenäolisemalt olümpiavõitjaks,33,1,256.8800000000001,0.0481049319727572
2280202454,Oskusi kombineerides saame tõenäolisemalt olümpiavõitjaks,41,1,93.92,0.0175880380367539
2280202454,Oskusi kombineerides saame tõenäolisemalt olümpiavõitjaks,48,1,95.03999999999996,0.0177977761394069
2280202454,Oskusi kombineerides saame tõenäolisemalt olümpiavõitjaks,53,1,99.32000000000062,0.0185992753174022
2280202454,Oskusi kombineerides saame tõenäolisemalt olümpiavõitjaks,57,1,199.76,0.0374082887374571
2280202454,Oskusi kombineerides saame tõenäolisemalt olümpiavõitjaks,60,1,161.92000000000002,0.0303221371263969
2280202454,Oskusi kombineerides saame tõenäolisemalt olümpiavõitjaks,70,2,318.4729999999995,0.0596392167555275
2280202457,Naised ettevõtluses sotsiodraama_ Kuidas tappa ettevõtjat_,-1,4,747.5390000000002,0.1642156426625578
2280202457,Naised ettevõtluses sotsiodraama_ Kuidas tappa ettevõtjat_,4,1,229.36,0.0503846619388209
2280202457,Naised ettevõtluses sotsiodraama_ Kuidas tappa ettevõtjat_,19,7,2601.9200000000005,0.571576820683018
2280202457,Naised ettevõtluses sotsiodraama_ Kuidas tappa ettevõtjat_,117,1,391.59999999999945,0.0860247367249836
2280202457,Naised ettevõtluses sotsiodraama_ Kuidas tappa ettevõtjat_,132,1,581.7600000000002,0.1277981379906194
2280202460,Tööstusinvesteeringud ja energiajulgeolek. Kuidas tagada tööstuse edukas tulevik muutuvas geopoliitilises olukorras_,-1,9,2208.84,0.4029643099908455
2280202460,Tööstusinvesteeringud ja energiajulgeolek. Kuidas tagada tööstuse edukas tulevik muutuvas geopoliitilises olukorras_,4,2,728.5980000000002,0.1329199898275611
2280202460,Tööstusinvesteeringud ja energiajulgeolek. Kuidas tagada tööstuse edukas tulevik muutuvas geopoliitilises olukorras_,6,1,195.5600000000004,0.035676509145891
2280202460,Tööstusinvesteeringud ja energiajulgeolek. Kuidas tagada tööstuse edukas tulevik muutuvas geopoliitilises olukorras_,7,1,99.27999999999996,0.0181119033953981
2280202460,Tööstusinvesteeringud ja energiajulgeolek. Kuidas tagada tööstuse edukas tulevik muutuvas geopoliitilises olukorras_,19,1,291.24,0.0531316553674027
2280202460,Tööstusinvesteeringud ja energiajulgeolek. Kuidas tagada tööstuse edukas tulevik muutuvas geopoliitilises olukorras_,20,2,674.7600000000002,0.1230981862920913
2280202460,Tööstusinvesteeringud ja energiajulgeolek. Kuidas tagada tööstuse edukas tulevik muutuvas geopoliitilises olukorras_,48,1,223.15999999999983,0.0407116474790193
2280202460,Tööstusinvesteeringud ja energiajulgeolek. Kuidas tagada tööstuse edukas tulevik muutuvas geopoliitilises olukorras_,71,1,584.04,0.1065479055101562
2280202460,Tööstusinvesteeringud ja energiajulgeolek. Kuidas tagada tööstuse edukas tulevik muutuvas geopoliitilises olukorras_,117,1,251.12000000000003,0.0458124615295363
2280202460,Tööstusinvesteeringud ja energiajulgeolek. Kuidas tagada tööstuse edukas tulevik muutuvas geopoliitilises olukorras_,132,2,224.87999999999963,0.0410254314620983
2280202463,Kohalikud bioressursid majanduse hüvanguks. Miks on see päriselus nii raske_,-1,9,2398.7450000000013,0.4405873898529232
2280202463,Kohalikud bioressursid majanduse hüvanguks. Miks on see päriselus nii raske_,7,1,194.63999999999987,0.0357503317613889
2280202463,Kohalikud bioressursid majanduse hüvanguks. Miks on see päriselus nii raske_,12,1,518.8799999999997,0.0953048301703117
2280202463,Kohalikud bioressursid majanduse hüvanguks. Miks on see päriselus nii raske_,137,8,2332.159999999999,0.4283574482153761
2280202466,Kas Eestist võiks saada uute keskkonnasõbralike kütuste tootja_,-1,1,171.08000000000015,0.0334453848868227
2280202466,Kas Eestist võiks saada uute keskkonnasõbralike kütuste tootja_,2,1,300.04,0.0586564956829687
2280202466,Kas Eestist võiks saada uute keskkonnasõbralike kütuste tootja_,54,14,4514.965,0.8826557293402708
2280202466,Kas Eestist võiks saada uute keskkonnasõbralike kütuste tootja_,107,1,129.1199999999999,0.0252423900899377
2280202469,Eesti Looduskapital. Kas roheinvestori järgmine edulugu või riiklikult pidurdatud potentsiaal_,-1,7,1646.7199999999998,0.3134732267000485
2280202469,Eesti Looduskapital. Kas roheinvestori järgmine edulugu või riiklikult pidurdatud potentsiaal_,2,1,97.96,0.018647880202789
2280202469,Eesti Looduskapital. Kas roheinvestori järgmine edulugu või riiklikult pidurdatud potentsiaal_,76,1,291.8800000000001,0.05556291622693
2280202469,Eesti Looduskapital. Kas roheinvestori järgmine edulugu või riiklikult pidurdatud potentsiaal_,128,11,3216.5840000000003,0.6123159768702324
2280202472,Rändepööre - võimalus või identiteedikriis_,-1,3,410.1199999999999,0.0718605220418466
2280202472,Rändepööre - võimalus või identiteedikriis_,1,1,100.59999999999944,0.0176269592251285
2280202472,Rändepööre - võimalus või identiteedikriis_,14,1,131.87999999999988,0.0231077871034788
2280202472,Rändepööre - võimalus või identiteedikriis_,19,1,129.8800000000001,0.0227573505383669
2280202472,Rändepööre - võimalus või identiteedikriis_,24,2,511.55999999999926,0.0896346646243222
2280202472,Rändepööre - võimalus või identiteedikriis_,26,12,4102.887000000001,0.7189008136611389
2280202472,Rändepööre - võimalus või identiteedikriis_,99,1,159.44000000000003,0.0279368029707208
2280202472,Rändepööre - võimalus või identiteedikriis_,109,1,160.80000000000018,0.0281750998349969
2280202475,"Kes ütles, et tehnoloogiasektoris töötamine pole naistele_",-1,1,101.39999999999998,0.0188111396823588
2280202475,"Kes ütles, et tehnoloogiasektoris töötamine pole naistele_",6,16,4182.743,0.7759582132979176
2280202475,"Kes ütles, et tehnoloogiasektoris töötamine pole naistele_",15,1,323.0,0.0599210859704331
2280202475,"Kes ütles, et tehnoloogiasektoris töötamine pole naistele_",48,1,426.8800000000001,0.0791923008639581
2280202475,"Kes ütles, et tehnoloogiasektoris töötamine pole naistele_",57,1,229.52,0.0425792187366371
2280202475,"Kes ütles, et tehnoloogiasektoris töötamine pole naistele_",58,1,126.87999999999964,0.0235380414486951
2289585014,Küberkurjategija mõtteviis. Kuidas mõelda nagu häkker_,-1,8,2555.014999999999,0.471692609607888
2289585014,Küberkurjategija mõtteviis. Kuidas mõelda nagu häkker_,9,1,130.51999999999998,0.0240958739600439
2289585014,Küberkurjategija mõtteviis. Kuidas mõelda nagu häkker_,33,10,2635.880000000001,0.4866214545954684
2289585014,Küberkurjategija mõtteviis. Kuidas mõelda nagu häkker_,52,1,95.28,0.0175900618365996
2289585017,Vanematega kohtupinki – digilaste tulevik_,-1,4,556.3199999999995,0.1052916471881913
2289585017,Vanematega kohtupinki – digilaste tulevik_,9,2,332.0000000000001,0.0628358262627256
2289585017,Vanematega kohtupinki – digilaste tulevik_,43,2,264.7200000000007,0.050102108217677
2289585017,Vanematega kohtupinki – digilaste tulevik_,59,13,4130.57,0.7817704183314058
2289585020,"Zoomer vs Boomer. Arija ja Marii Laser Techist võtavad ette sotsiaalmeedias levinud trendid ja vaidlevad selgeks, miks mingi asi trendib.",-1,7,1785.527999999999,0.32873401370664
2289585020,"Zoomer vs Boomer. Arija ja Marii Laser Techist võtavad ette sotsiaalmeedias levinud trendid ja vaidlevad selgeks, miks mingi asi trendib.",0,1,95.48000000000047,0.0175788470574027
2289585020,"Zoomer vs Boomer. Arija ja Marii Laser Techist võtavad ette sotsiaalmeedias levinud trendid ja vaidlevad selgeks, miks mingi asi trendib.",9,5,1172.4400000000005,0.2158582262670836
2289585020,"Zoomer vs Boomer. Arija ja Marii Laser Techist võtavad ette sotsiaalmeedias levinud trendid ja vaidlevad selgeks, miks mingi asi trendib.",43,5,1789.4,0.3294468886103505
2289585020,"Zoomer vs Boomer. Arija ja Marii Laser Techist võtavad ette sotsiaalmeedias levinud trendid ja vaidlevad selgeks, miks mingi asi trendib.",50,1,452.96,0.0833945806778497
2289585020,"Zoomer vs Boomer. Arija ja Marii Laser Techist võtavad ette sotsiaalmeedias levinud trendid ja vaidlevad selgeks, miks mingi asi trendib.",130,1,135.72000000000003,0.0249874436806732
2289585023,TI-hüppe ootuses. Kas Eesti haridus on valmis tehisintellekti revolutsiooniks_,-1,9,2278.2,0.424863167093637
2289585023,TI-hüppe ootuses. Kas Eesti haridus on valmis tehisintellekti revolutsiooniks_,8,5,2015.917,0.3759498205679499
2289585023,TI-hüppe ootuses. Kas Eesti haridus on valmis tehisintellekti revolutsiooniks_,24,1,512.5200000000004,0.095580225791779
2289585023,TI-hüppe ootuses. Kas Eesti haridus on valmis tehisintellekti revolutsiooniks_,46,1,194.80000000000015,0.0363283930075676
2289585023,TI-hüppe ootuses. Kas Eesti haridus on valmis tehisintellekti revolutsiooniks_,57,1,138.79999999999995,0.0258849124715112
2289585023,TI-hüppe ootuses. Kas Eesti haridus on valmis tehisintellekti revolutsiooniks_,133,1,221.96000000000004,0.0413934810675549
2289585026,Kuidas kaitsta lapsi AI-ajastul internetis kurjade kavatsustega inimeste eest_,-1,5,940.64,0.1811363889764535
2289585026,Kuidas kaitsta lapsi AI-ajastul internetis kurjade kavatsustega inimeste eest_,8,5,1293.2,0.2490278727508394
2289585026,Kuidas kaitsta lapsi AI-ajastul internetis kurjade kavatsustega inimeste eest_,53,1,123.64,0.0238090057121201
2289585026,Kuidas kaitsta lapsi AI-ajastul internetis kurjade kavatsustega inimeste eest_,59,3,1298.7199999999998,0.2500908435655507
2289585026,Kuidas kaitsta lapsi AI-ajastul internetis kurjade kavatsustega inimeste eest_,79,1,91.96000000000004,0.0177084775581249
2289585026,Kuidas kaitsta lapsi AI-ajastul internetis kurjade kavatsustega inimeste eest_,136,5,1444.8329999999996,0.2782274114369112
2289585029,Alati ühenduses. Suurem produktiivsus või läbipõlemise oht_,-1,8,2013.6399999999996,0.3769340981184741
2289585029,Alati ühenduses. Suurem produktiivsus või läbipõlemise oht_,6,1,223.39999999999984,0.0418183376967417
2289585029,Alati ühenduses. Suurem produktiivsus või läbipõlemise oht_,33,4,1246.4800000000005,0.233329102830057
2289585029,Alati ühenduses. Suurem produktiivsus või läbipõlemise oht_,52,1,136.67399999999998,0.0255840621591964
2289585029,Alati ühenduses. Suurem produktiivsus või läbipõlemise oht_,77,1,195.80000000000015,0.0366518823680485
2289585029,Alati ühenduses. Suurem produktiivsus või läbipõlemise oht_,92,1,129.84000000000017,0.0243048028941135
2289585029,Alati ühenduses. Suurem produktiivsus või läbipõlemise oht_,102,2,341.55999999999995,0.0639367565966836
2289585029,Alati ühenduses. Suurem produktiivsus või läbipõlemise oht_,119,4,1054.7600000000002,0.1974409573366848
2289585032,Tehisaru koolipingis. Kas õpetaja parim abiline või oht kriitilisele mõtlemisele_,-1,9,2955.2,0.6487304293690133
2289585032,Tehisaru koolipingis. Kas õpetaja parim abiline või oht kriitilisele mõtlemisele_,8,2,688.1999999999999,0.151074811008309
2289585032,Tehisaru koolipingis. Kas õpetaja parim abiline või oht kriitilisele mõtlemisele_,15,3,682.4390000000008,0.149810146686573
2289585032,Tehisaru koolipingis. Kas õpetaja parim abiline või oht kriitilisele mõtlemisele_,48,1,126.56000000000006,0.0277826621348613
2289585032,Tehisaru koolipingis. Kas õpetaja parim abiline või oht kriitilisele mõtlemisele_,133,1,102.96000000000004,0.0226019508012431
2293106213,Ulmefilmidest igapäevaellu_ tervisetehnoloogiad tuleviku kodus,-1,5,758.3999999999996,0.1366995846380236
2293106213,Ulmefilmidest igapäevaellu_ tervisetehnoloogiad tuleviku kodus,18,2,357.7600000000002,0.0644852892933799
2293106213,Ulmefilmidest igapäevaellu_ tervisetehnoloogiad tuleviku kodus,21,1,127.51999999999953,0.0229851411300642
2293106213,Ulmefilmidest igapäevaellu_ tervisetehnoloogiad tuleviku kodus,25,1,127.07999999999991,0.0229058322993144
2293106213,Ulmefilmidest igapäevaellu_ tervisetehnoloogiad tuleviku kodus,28,10,3777.492,0.6808828947434828
2293106213,Ulmefilmidest igapäevaellu_ tervisetehnoloogiad tuleviku kodus,34,1,101.32000000000016,0.0182626607535925
2293106213,Ulmefilmidest igapäevaellu_ tervisetehnoloogiad tuleviku kodus,52,1,298.3599999999999,0.0537785971421423
2293106216,"Kuidas KOOSTÖÖS kasutada ära Eesti tervishoiu ressurss, et päästa esmatasand_",-1,5,702.3600000000002,0.1361709321706444
2293106216,"Kuidas KOOSTÖÖS kasutada ära Eesti tervishoiu ressurss, et päästa esmatasand_",31,12,4194.209000000001,0.8131575676981982
2293106216,"Kuidas KOOSTÖÖS kasutada ära Eesti tervishoiu ressurss, et päästa esmatasand_",69,1,158.80000000000018,0.0307875505847405
2293106216,"Kuidas KOOSTÖÖS kasutada ära Eesti tervishoiu ressurss, et päästa esmatasand_",130,1,102.55999999999948,0.0198839495464166
2293106219,Ravivalikute loterii - miks mõni haigus saab kõik ja teine mitte midagi_,-1,4,1219.3199999999997,0.2229393577594166
2293106219,Ravivalikute loterii - miks mõni haigus saab kõik ja teine mitte midagi_,13,12,3316.120000000001,0.6063163591617927
2293106219,Ravivalikute loterii - miks mõni haigus saab kõik ja teine mitte midagi_,25,2,800.9199999999996,0.1464394830041924
2293106219,Ravivalikute loterii - miks mõni haigus saab kõik ja teine mitte midagi_,68,1,132.92999999999938,0.0243048000745982
2293106222,Süstime rahva saledaks_,-1,12,2901.291,0.554806878303337
2293106222,Süstime rahva saledaks_,13,6,1969.1999999999996,0.3765653651270869
2293106222,Süstime rahva saledaks_,15,1,96.08000000000084,0.0183731465983195
2293106222,Süstime rahva saledaks_,106,1,104.59999999999992,0.0200024056430495
2293106222,Süstime rahva saledaks_,130,1,158.20000000000027,0.030252204328207
2293106225,"Kui keha haigestub, mis saab vaimust_",-1,4,913.5199999999998,0.1670585033933986
2293106225,"Kui keha haigestub, mis saab vaimust_",31,1,104.20000000000005,0.0190554077125757
2293106225,"Kui keha haigestub, mis saab vaimust_",68,15,4450.544,0.8138860888940256
2293106228,Kelle mure on laste suutervis_,-1,6,1144.2000000000005,0.2262654163337053
2293106228,Kelle mure on laste suutervis_,66,1,126.12000000000006,0.0249402152665678
2293106228,Kelle mure on laste suutervis_,85,13,3786.573,0.7487943683997268
2293106231,Haigekassa nõukogu kriisikoosolek - Copy (2),-1,9,2475.5620000000004,0.4290043708653801
2293106231,Haigekassa nõukogu kriisikoosolek - Copy (2),13,2,519.5999999999997,0.0900444711550958
2293106231,Haigekassa nõukogu kriisikoosolek - Copy (2),25,4,1436.84,0.248998263923187
2293106231,Haigekassa nõukogu kriisikoosolek - Copy (2),31,1,460.9199999999999,0.0798754766066335
2293106231,Haigekassa nõukogu kriisikoosolek - Copy (2),34,1,99.80000000000018,0.0172949157453398
2293106231,Haigekassa nõukogu kriisikoosolek - Copy (2),42,1,584.9199999999996,0.1013641494765947
2293106231,Haigekassa nõukogu kriisikoosolek - Copy (2),123,1,192.84000000000012,0.0334183522277688
2300040479,"Mida teha, kui hea nimi satub laimulõksu_",-1,3,519.6,0.094996902910825
2300040479,"Mida teha, kui hea nimi satub laimulõksu_",0,4,1335.5199999999995,0.2441690988750288
2300040479,"Mida teha, kui hea nimi satub laimulõksu_",1,1,133.20000000000027,0.0243525547877635
2300040479,"Mida teha, kui hea nimi satub laimulõksu_",9,1,527.1199999999999,0.0963717618598038
2300040479,"Mida teha, kui hea nimi satub laimulõksu_",21,1,231.24,0.0422769126810992
2300040479,"Mida teha, kui hea nimi satub laimulõksu_",30,4,1392.132,0.2545193003138042
2300040479,"Mida teha, kui hea nimi satub laimulõksu_",129,6,1330.8399999999997,0.243313468571675
2300040482,Kes ja kuidas peaks valvama valimisi_,-1,9,1506.12,0.2773001512877688
2300040482,Kes ja kuidas peaks valvama valimisi_,1,9,3531.84,0.6502667558522518
2300040482,Kes ja kuidas peaks valvama valimisi_,30,1,190.61099999999988,0.0350944540522089
2300040482,Kes ja kuidas peaks valvama valimisi_,61,1,104.0,0.0191480199014208
2300040482,Kes ja kuidas peaks valvama valimisi_,73,1,98.80000000000008,0.0181906189063498
2300040485,Mis on heategija palk_,-1,3,622.2800000000002,0.1086810537318725
2300040485,Mis on heategija palk_,3,2,333.3599999999999,0.058221244571667
2300040485,Mis on heategija palk_,56,11,3760.225000000001,0.6567224003164657
2300040485,Mis on heategija palk_,58,1,316.59999999999945,0.0552941145650041
2300040485,Mis on heategija palk_,82,1,96.59999999999944,0.0168711669835103
2300040485,Mis on heategija palk_,111,1,596.6799999999998,0.1042100198314804
2300040488,"Kas rahvuse kestmise hind saab olla liiga kõrge_ Sotsiaalkaitse võimalustest sündimus tõusule aidata, maksuteemat vältimata",-1,9,1522.7600000000002,0.2575192506107956
2300040488,"Kas rahvuse kestmise hind saab olla liiga kõrge_ Sotsiaalkaitse võimalustest sündimus tõusule aidata, maksuteemat vältimata",34,1,165.6800000000003,0.0280187222157114
2300040488,"Kas rahvuse kestmise hind saab olla liiga kõrge_ Sotsiaalkaitse võimalustest sündimus tõusule aidata, maksuteemat vältimata",41,1,162.48000000000002,0.0274775590633074
2300040488,"Kas rahvuse kestmise hind saab olla liiga kõrge_ Sotsiaalkaitse võimalustest sündimus tõusule aidata, maksuteemat vältimata",66,8,3401.709,0.5752748643752127
2300040488,"Kas rahvuse kestmise hind saab olla liiga kõrge_ Sotsiaalkaitse võimalustest sündimus tõusule aidata, maksuteemat vältimata",77,2,295.32000000000016,0.0499425944274739
2300040488,"Kas rahvuse kestmise hind saab olla liiga kõrge_ Sotsiaalkaitse võimalustest sündimus tõusule aidata, maksuteemat vältimata",95,1,129.27999999999977,0.021862991357117
2300040488,"Kas rahvuse kestmise hind saab olla liiga kõrge_ Sotsiaalkaitse võimalustest sündimus tõusule aidata, maksuteemat vältimata",109,1,235.96,0.0399040179503817
2300040491,Lastekaitsetöö nähtamatu vastutus ja avalik kriitika,-1,12,3518.1910000000003,0.7157208563527763
2300040491,Lastekaitsetöö nähtamatu vastutus ja avalik kriitika,84,2,663.8800000000001,0.1350559881812787
2300040491,Lastekaitsetöö nähtamatu vastutus ja avalik kriitika,127,3,733.52,0.1492231554659449
2300040494,Õigusmõistmine kriisi äärel. Kuidas kindlustada õiguse tulevik_,-1,3,616.3999999999996,0.1125157940121298
2300040494,Õigusmõistmine kriisi äärel. Kuidas kindlustada õiguse tulevik_,30,16,4764.56,0.8697083898741627
2300040494,Õigusmõistmine kriisi äärel. Kuidas kindlustada õiguse tulevik_,119,1,97.38200000000052,0.0177758161137074
2300040497,Korteriühistud kui kogukonnad. Kuidas panna need ühes rütmis hingama_,-1,10,1793.1210000000008,0.3225640546857588
2300040497,Korteriühistud kui kogukonnad. Kuidas panna need ühes rütmis hingama_,21,1,168.64,0.0303366042683156
2300040497,Korteriühistud kui kogukonnad. Kuidas panna need ühes rütmis hingama_,36,1,97.88,0.0176076068891291
2300040497,Korteriühistud kui kogukonnad. Kuidas panna need ühes rütmis hingama_,124,9,3499.32,0.6294917341567965
2300040503,Annetuskultuur. Kuidas Eestist saab helde rahvas_,-1,9,1856.715,0.3460717990201515
2300040503,Annetuskultuur. Kuidas Eestist saab helde rahvas_,44,1,159.5999999999999,0.0297477314092987
2300040503,Annetuskultuur. Kuidas Eestist saab helde rahvas_,56,8,3113.96,0.5804088076397244
2300040503,Annetuskultuur. Kuidas Eestist saab helde rahvas_,77,1,234.84000000000012,0.0437716619308253
2300040506,"Pärisvabakond teeb asju riigi rahata, eks_",-1,6,1271.640000000001,0.2378941752182531
2300040506,"Pärisvabakond teeb asju riigi rahata, eks_",1,1,127.11999999999988,0.0237811861483944
2300040506,"Pärisvabakond teeb asju riigi rahata, eks_",15,1,129.27999999999997,0.0241852717531815
2300040506,"Pärisvabakond teeb asju riigi rahata, eks_",99,1,116.44,0.021783207324725
2300040506,"Pärisvabakond teeb asju riigi rahata, eks_",105,12,3600.8819999999987,0.6736410096004003
2300040506,"Pärisvabakond teeb asju riigi rahata, eks_",134,1,100.03999999999996,0.0187151499550454
2302899422,Suur teadlaste debatt „Teadlaste roll energiapöördes“,-1,15,4172.135999999999,0.7626781047591606
2302899422,Suur teadlaste debatt „Teadlaste roll energiapöördes“,20,1,261.44000000000005,0.0477919616494369
2302899422,Suur teadlaste debatt „Teadlaste roll energiapöördes“,71,4,613.6800000000005,0.1121824167113925
2302899422,Suur teadlaste debatt „Teadlaste roll energiapöördes“,96,1,423.1200000000004,0.0773475168800097
2302899425,Energiapööre noorte pilgu läbi. Mida tahab uus põlvkond_,-1,7,1636.9990000000005,0.2997201084851968
2302899425,Energiapööre noorte pilgu läbi. Mida tahab uus põlvkond_,6,1,96.48000000000002,0.0176646388095849
2302899425,Energiapööre noorte pilgu läbi. Mida tahab uus põlvkond_,20,1,269.2,0.0492881505756661
2302899425,Energiapööre noorte pilgu läbi. Mida tahab uus põlvkond_,71,6,2099.56,0.3844109562505412
2302899425,Energiapööre noorte pilgu läbi. Mida tahab uus põlvkond_,107,2,840.0799999999999,0.1538112538469749
2302899425,Energiapööre noorte pilgu läbi. Mida tahab uus põlvkond_,122,2,519.44,0.0951048920320358
2302899428,"Tere tulemast, uued juhitavad võimsused!",-1,9,1881.576,0.3494251200049917
2302899428,"Tere tulemast, uued juhitavad võimsused!",1,1,95.48000000000002,0.0177314710955478
2302899428,"Tere tulemast, uued juhitavad võimsused!",54,1,94.40000000000008,0.0175309056495572
2302899428,"Tere tulemast, uued juhitavad võimsused!",107,4,1167.6399999999996,0.2168409605153491
2302899428,"Tere tulemast, uued juhitavad võimsused!",135,7,2145.6800000000003,0.3984715427345539
2302899431,Kas elekter lahendab tulevikus kõik meie energiaprobleemid_,-1,1,129.4000000000001,0.0253008088242338
2302899431,Kas elekter lahendab tulevikus kõik meie energiaprobleemid_,4,1,100.7199999999998,0.01969317978962
2302899431,Kas elekter lahendab tulevikus kõik meie energiaprobleemid_,27,11,4069.141000000001,0.7956148262739712
2302899431,Kas elekter lahendab tulevikus kõik meie energiaprobleemid_,87,4,815.1999999999998,0.159391185112175
2302899434,Infraheli ja tuulepargid – müüt või tegelik mõju tervisele_,-1,9,1534.8000000000006,0.2759747674047692
2302899434,Infraheli ja tuulepargid – müüt või tegelik mõju tervisele_,8,1,223.0,0.040097975717529
2302899434,Infraheli ja tuulepargid – müüt või tegelik mõju tervisele_,40,10,3215.977999999999,0.5782699899197644
2302899434,Infraheli ja tuulepargid – müüt või tegelik mõju tervisele_,52,4,587.5999999999998,0.1056572669579373
2302899437,Kas väike saab olla suur_ Kuivõrd suudab Eesti oma kestlike lahenduste või innovatsiooniga maailmas mõju avaldada_,-1,4,783.1230000000005,0.1328253969761612
2302899437,Kas väike saab olla suur_ Kuivõrd suudab Eesti oma kestlike lahenduste või innovatsiooniga maailmas mõju avaldada_,2,2,692.5199999999995,0.1174582331433645
2302899437,Kas väike saab olla suur_ Kuivõrd suudab Eesti oma kestlike lahenduste või innovatsiooniga maailmas mõju avaldada_,8,1,164.72000000000023,0.0279381392066294
2302899437,Kas väike saab olla suur_ Kuivõrd suudab Eesti oma kestlike lahenduste või innovatsiooniga maailmas mõju avaldada_,12,1,426.9199999999999,0.0724098493813394
2302899437,Kas väike saab olla suur_ Kuivõrd suudab Eesti oma kestlike lahenduste või innovatsiooniga maailmas mõju avaldada_,14,2,529.3199999999999,0.0897779009522407
2302899437,Kas väike saab olla suur_ Kuivõrd suudab Eesti oma kestlike lahenduste või innovatsiooniga maailmas mõju avaldada_,18,4,1208.36,0.2049497929317797
2302899437,Kas väike saab olla suur_ Kuivõrd suudab Eesti oma kestlike lahenduste või innovatsiooniga maailmas mõju avaldada_,20,2,221.56000000000003,0.0375787647075086
2302899437,Kas väike saab olla suur_ Kuivõrd suudab Eesti oma kestlike lahenduste või innovatsiooniga maailmas mõju avaldada_,35,4,1308.36,0.2219107807939879
2302899437,Kas väike saab olla suur_ Kuivõrd suudab Eesti oma kestlike lahenduste või innovatsiooniga maailmas mõju avaldada_,107,1,260.71999999999935,0.0442206875543492
2302899437,Kas väike saab olla suur_ Kuivõrd suudab Eesti oma kestlike lahenduste või innovatsiooniga maailmas mõju avaldada_,137,1,300.2800000000002,0.0509304543526389
2302899440,Rohetehnoloogiad – puhta tööstuse ja julgeoleku alustala_,-1,10,1963.12,0.5768961767903847
2302899440,Rohetehnoloogiad – puhta tööstuse ja julgeoleku alustala_,18,3,1439.7799999999995,0.4231038232096152
2302899443,Kohalik energiatootmine on kaitseinvesteering,-1,10,3440.411,0.6125290671744827
2302899443,Kohalik energiatootmine on kaitseinvesteering,20,1,459.84,0.081869685409538
2302899443,Kohalik energiatootmine on kaitseinvesteering,71,1,264.5999999999999,0.0471092526952065
2302899443,Kohalik energiatootmine on kaitseinvesteering,75,2,366.5600000000004,0.0652621604986958
2302899443,Kohalik energiatootmine on kaitseinvesteering,87,3,422.7599999999999,0.0752679806100737
2302899443,Kohalik energiatootmine on kaitseinvesteering,107,2,662.56,0.1179618536120031
2302899446,"Kuidas planeerida tuuleparke nii, et kogukonnad tunneksid end päriselt kaasatuna_",-1,11,2162.8190000000013,0.368010428345198
2302899446,"Kuidas planeerida tuuleparke nii, et kogukonnad tunneksid end päriselt kaasatuna_",2,1,224.51999999999956,0.0382027813571379
2302899446,"Kuidas planeerida tuuleparke nii, et kogukonnad tunneksid end päriselt kaasatuna_",9,1,457.1199999999999,0.0777804000266119
2302899446,"Kuidas planeerida tuuleparke nii, et kogukonnad tunneksid end päriselt kaasatuna_",40,5,1484.7999999999995,0.2526433714550083
2302899446,"Kuidas planeerida tuuleparke nii, et kogukonnad tunneksid end päriselt kaasatuna_",73,1,164.92000000000007,0.0280616546473329
2302899446,"Kuidas planeerida tuuleparke nii, et kogukonnad tunneksid end päriselt kaasatuna_",76,1,130.1199999999999,0.0221403256288561
2302899446,"Kuidas planeerida tuuleparke nii, et kogukonnad tunneksid end päriselt kaasatuna_",112,1,227.1199999999999,0.0386451795021965
2302899446,"Kuidas planeerida tuuleparke nii, et kogukonnad tunneksid end päriselt kaasatuna_",122,4,1025.64,0.1745158590376581
2310594914,Õpetaja ajamasinas. Õpetaja missioon ja rollid erinevates tulevikustsenaariumides aastaks 2035,-1,8,2097.175,0.732730985785087
2310594914,Õpetaja ajamasinas. Õpetaja missioon ja rollid erinevates tulevikustsenaariumides aastaks 2035,21,2,232.43999999999983,0.0812121021545104
2310594914,Õpetaja ajamasinas. Õpetaja missioon ja rollid erinevates tulevikustsenaariumides aastaks 2035,81,1,404.9200000000001,0.1414748081414748
2310594914,Õpetaja ajamasinas. Õpetaja missioon ja rollid erinevates tulevikustsenaariumides aastaks 2035,97,1,127.6,0.0445821039189276
2310594917,"Milline koolivõrk suudab kasvatada korraga tarka last, tugevat kogukonda ja koostöist haridusvõrgustikku",1,1,130.99999999999957,0.0301074329736145
2310594917,"Milline koolivõrk suudab kasvatada korraga tarka last, tugevat kogukonda ja koostöist haridusvõrgustikku",15,1,94.96000000000004,0.0218244414898812
2310594917,"Milline koolivõrk suudab kasvatada korraga tarka last, tugevat kogukonda ja koostöist haridusvõrgustikku",21,1,94.56500000000052,0.0217336595354952
2310594917,"Milline koolivõrk suudab kasvatada korraga tarka last, tugevat kogukonda ja koostöist haridusvõrgustikku",81,11,3671.480000000001,0.8438079237707378
2310594917,"Milline koolivõrk suudab kasvatada korraga tarka last, tugevat kogukonda ja koostöist haridusvõrgustikku",97,2,359.0799999999999,0.0825265422302712
2310594920,Mul jäi isegi Tiigrihüpe tegemata.alp,-1,13,3502.5160000000005,0.6417125741744895
2310594920,Mul jäi isegi Tiigrihüpe tegemata.alp,8,2,462.16,0.0846745263349209
2310594920,Mul jäi isegi Tiigrihüpe tegemata.alp,15,2,459.80000000000007,0.0842421395378151
2310594920,Mul jäi isegi Tiigrihüpe tegemata.alp,97,1,228.72,0.0419048763703546
2310594920,Mul jäi isegi Tiigrihüpe tegemata.alp,133,2,804.8799999999997,0.1474658835824198
2310594923,Koolijuht on tippjuht,-1,2,252.80000000000024,0.0493014522476041
2310594923,Koolijuht on tippjuht,15,1,456.5999999999999,0.0890468476908861
2310594923,Koolijuht on tippjuht,81,1,127.5600000000004,0.0248769511420268
2310594923,Koolijuht on tippjuht,89,13,3958.8779999999992,0.7720665928445025
2310594923,Koolijuht on tippjuht,97,2,331.8000000000002,0.0647081560749803
2310594926,Mis on Eesti hariduse eesmärk.alp,-1,10,2893.9149999999995,0.5536437004917701
2310594926,Mis on Eesti hariduse eesmärk.alp,6,1,131.80000000000018,0.0252150597805448
2310594926,Mis on Eesti hariduse eesmärk.alp,15,1,229.27999999999972,0.0438642557396305
2310594926,Mis on Eesti hariduse eesmärk.alp,19,1,232.75999999999976,0.0445300251481001
2310594926,Mis on Eesti hariduse eesmärk.alp,48,1,524.72,0.1003857827621204
2310594926,Mis on Eesti hariduse eesmärk.alp,49,1,188.48,0.0360586833644695
2310594926,Mis on Eesti hariduse eesmärk.alp,73,1,157.96000000000004,0.0302198091269716
2310594926,Mis on Eesti hariduse eesmärk.alp,81,1,481.3600000000001,0.0920904489830276
2310594926,Mis on Eesti hariduse eesmärk.alp,97,1,288.96000000000004,0.0552818184687877
2310594926,Mis on Eesti hariduse eesmärk.alp,132,1,97.80000000000018,0.0187104161345772
2314163810,Maailm täna - vaade julgeolekuolukorrale Euroopa pealinnadest,-1,4,1024.3599999999997,0.1926841132479073
2314163810,Maailm täna - vaade julgeolekuolukorrale Euroopa pealinnadest,38,13,4291.906000000001,0.8073158867520926
2314163813,ÜRO – lootusetult rikkis või asendamatu_,-1,3,519.8,0.087851838330984
2314163813,ÜRO – lootusetult rikkis või asendamatu_,11,11,2253.579999999999,0.3808794648440535
2314163813,ÜRO – lootusetult rikkis või asendamatu_,22,9,2810.32,0.4749745638675089
2314163813,ÜRO – lootusetult rikkis või asendamatu_,30,1,101.36000000000058,0.0171309394636948
2314163813,ÜRO – lootusetult rikkis või asendamatu_,88,1,231.72000000000023,0.0391631934937584
2314163816,Kuidas mõista USA-d_,-1,2,743.6799999999998,0.1352724174542308
2314163816,Kuidas mõista USA-d_,0,2,466.28,0.084814466989241
2314163816,Kuidas mõista USA-d_,21,1,133.3199999999997,0.0242503747512344
2314163816,Kuidas mõista USA-d_,88,3,1068.4800000000005,0.1943522383303257
2314163816,Kuidas mõista USA-d_,93,10,3085.887,0.5613105024749678
2314163819,Miks peaks Lähis-Idas toimuv meile korda minema_,-1,4,943.0000000000008,0.1693070243742868
2314163819,Miks peaks Lähis-Idas toimuv meile korda minema_,11,19,4626.762999999999,0.8306929756257132
2314163822,"Marshall Plan 2.0_ Estonia, Ukraine and the Path Forward",-1,3,908.4800000000004,0.1633469144104458
2314163822,"Marshall Plan 2.0_ Estonia, Ukraine and the Path Forward",82,1,192.5999999999999,0.0346299486124646
2314163822,"Marshall Plan 2.0_ Estonia, Ukraine and the Path Forward",86,13,4104.219999999999,0.7379487419223756
2314163822,"Marshall Plan 2.0_ Estonia, Ukraine and the Path Forward",88,1,356.3600000000006,0.0640743950547139
2314163825,"Kriise rohkem, raha vähem",-1,3,423.8,0.0853307603900972
2314163825,"Kriise rohkem, raha vähem",22,11,3885.396,0.782311928024168
2314163825,"Kriise rohkem, raha vähem",57,2,427.52,0.0860797703680377
2314163825,"Kriise rohkem, raha vähem",61,1,229.84000000000012,0.0462775412176969
2314163828,"Tahaks jääda iseendaks, aga raha tahaks ka",-1,11,3023.0800000000004,0.5930438173826491
2314163828,"Tahaks jääda iseendaks, aga raha tahaks ka",24,1,358.75999999999976,0.0703786866123949
2314163828,"Tahaks jääda iseendaks, aga raha tahaks ka",61,1,167.64,0.0328862833752422
2314163828,"Tahaks jääda iseendaks, aga raha tahaks ka",86,1,328.84000000000015,0.0645092187134016
2314163828,"Tahaks jääda iseendaks, aga raha tahaks ka",117,4,1219.2459999999994,0.2391819939163121
2314163831,Kuidas reisides mitte lolliks jääda_,-1,6,1433.6399999999996,0.2648507457309803
2314163831,Kuidas reisides mitte lolliks jääda_,50,1,99.96,0.0184666168237973
2314163831,Kuidas reisides mitte lolliks jääda_,65,14,3879.411000000001,0.7166826374452223
2314163834,Kilud versus karud - Läänemeremaade koostöö tulevik,-1,8,2811.44,0.5215579731989727
2314163834,Kilud versus karud - Läänemeremaade koostöö tulevik,38,9,2579.025,0.4784420268010272
2318409173,Õpilaste tugevustel põhinev haridus – miks ja kuidas_,-1,9,2340.6340000000005,0.4389132601034279
2318409173,Õpilaste tugevustel põhinev haridus – miks ja kuidas_,15,8,2857.4000000000005,0.5358166844622163
2318409173,Õpilaste tugevustel põhinev haridus – miks ja kuidas_,48,1,134.7599999999993,0.0252700554343556
2318409176,Kaamera ei mõista hukka,43,1,166.27999999999977,0.0426733186537937
2318409176,Kaamera ei mõista hukka,101,11,3730.3000000000006,0.9573266813462062
2318409179,"Kas noortelt nõutakse rohkem, kui vastu pakutakse_",-1,14,3620.815,0.66607401875073
2318409179,"Kas noortelt nõutakse rohkem, kui vastu pakutakse_",15,1,301.55999999999995,0.0554740524148486
2318409179,"Kas noortelt nõutakse rohkem, kui vastu pakutakse_",24,2,670.4000000000001,0.1233247272148644
2318409179,"Kas noortelt nõutakse rohkem, kui vastu pakutakse_",59,1,442.87999999999965,0.0814708460455237
2318409179,"Kas noortelt nõutakse rohkem, kui vastu pakutakse_",82,1,163.92000000000007,0.0301542202939447
2318409179,"Kas noortelt nõutakse rohkem, kui vastu pakutakse_",94,1,236.48000000000047,0.0435021352800883
2318409182,"Ma tahan õppida, andke mulle tagasisidet!",-1,5,818.8359999999998,0.1524176909921158
2318409182,"Ma tahan õppida, andke mulle tagasisidet!",15,1,167.32000000000002,0.0311448544724472
2318409182,"Ma tahan õppida, andke mulle tagasisidet!",39,11,4113.200000000001,0.7656288274926495
2318409182,"Ma tahan õppida, andke mulle tagasisidet!",82,2,272.96000000000004,0.0508086270427875
2318409185,Nutiseadmete kasutus koolikeskkonnas. Millal ja millal mitte_,-1,4,996.6400000000004,0.1850647970041726
2318409185,Nutiseadmete kasutus koolikeskkonnas. Millal ja millal mitte_,9,1,98.96000000000004,0.0183757548478216
2318409185,Nutiseadmete kasutus koolikeskkonnas. Millal ja millal mitte_,15,1,124.11699999999928,0.0230471257522944
2318409185,Nutiseadmete kasutus koolikeskkonnas. Millal ja millal mitte_,43,13,4165.64,0.7735123223957112
2318409188,Programmeerimine kui uus emakeel,-1,4,1088.2799999999995,0.2192192083307649
2318409188,Programmeerimine kui uus emakeel,6,9,2086.386000000001,0.4202740904844265
2318409188,Programmeerimine kui uus emakeel,47,1,453.2000000000001,0.0912909777038103
2318409188,Programmeerimine kui uus emakeel,48,1,586.1999999999999,0.1180820192629602
2318409188,Programmeerimine kui uus emakeel,53,1,261.27999999999975,0.0526313032975541
2318409188,Programmeerimine kui uus emakeel,58,1,489.0,0.0985024009204837
2318409191,Tark pidu ei vaja tõukeainet,-1,4,885.4800000000002,0.161971490910368
2318409191,Tark pidu ei vaja tõukeainet,14,1,160.36000000000013,0.0293329587143545
2318409191,Tark pidu ei vaja tõukeainet,36,1,164.79999999999973,0.0301451209536393
2318409191,Tark pidu ei vaja tõukeainet,80,1,94.92000000000009,0.0173627116560646
2318409191,Tark pidu ei vaja tõukeainet,106,11,3801.048,0.6952855079526049
2318409191,Tark pidu ei vaja tõukeainet,129,1,263.79999999999995,0.0482541438566145
2318409191,Tark pidu ei vaja tõukeainet,130,1,96.47999999999956,0.0176480659563538
2323554785,Miks kaasamine pekki läheb_ + Demokraatiatrenn,-1,2,302.44900000000007,0.0574962136398693
2323554785,Miks kaasamine pekki läheb_ + Demokraatiatrenn,2,1,287.96000000000004,0.0547418231825423
2323554785,Miks kaasamine pekki läheb_ + Demokraatiatrenn,21,4,896.2399999999998,0.1703771760283434
2323554785,Miks kaasamine pekki läheb_ + Demokraatiatrenn,34,4,1747.84,0.3322681908298892
2323554785,Miks kaasamine pekki läheb_ + Demokraatiatrenn,40,1,292.7600000000001,0.0556543136370367
2323554785,Miks kaasamine pekki läheb_ + Demokraatiatrenn,41,1,397.84000000000015,0.075630250503343
2323554785,Miks kaasamine pekki läheb_ + Demokraatiatrenn,82,1,206.23999999999975,0.0392066731947754
2323554785,Miks kaasamine pekki läheb_ + Demokraatiatrenn,112,2,1129.0,0.2146253589842004
2323554788,Parlamendierakondade noorte debatt,-1,9,2179.4,0.3989199837239768
2323554788,Parlamendierakondade noorte debatt,1,5,1424.2910000000004,0.2607039288511548
2323554788,Parlamendierakondade noorte debatt,4,1,168.1199999999999,0.0307728859611245
2323554788,Parlamendierakondade noorte debatt,8,2,625.56,0.114503250903171
2323554788,Parlamendierakondade noorte debatt,15,1,321.4000000000001,0.0588294405656998
2323554788,Parlamendierakondade noorte debatt,16,1,94.96000000000004,0.0173815920227717
2323554788,Parlamendierakondade noorte debatt,24,1,483.4000000000001,0.0884821144040425
2323554788,Parlamendierakondade noorte debatt,41,1,166.12,0.0304068035680586
2323554791,Parlamendierakondade esimeeste debatt,-1,10,2770.045,0.5153222153286334
2323554791,Parlamendierakondade esimeeste debatt,4,5,1133.9599999999998,0.2109549770108634
2323554791,Parlamendierakondade esimeeste debatt,15,1,94.96000000000004,0.0176657771146703
2323554791,Parlamendierakondade esimeeste debatt,24,3,870.44,0.1619313293143814
2323554791,Parlamendierakondade esimeeste debatt,41,1,125.64,0.0233732965110276
2323554791,Parlamendierakondade esimeeste debatt,104,1,91.64000000000031,0.01704814463762
2323554791,Parlamendierakondade esimeeste debatt,110,1,288.6800000000003,0.0537042600828037
2323554794,Kas me siin Järvamaal oleme tõesti kõige rumalamad,-1,12,3692.72,0.6496802197925934
2323554794,Kas me siin Järvamaal oleme tõesti kõige rumalamad,6,2,588.9999999999995,0.1036259584961321
2323554794,Kas me siin Järvamaal oleme tõesti kõige rumalamad,24,2,526.5999999999999,0.092647588699598
2323554794,Kas me siin Järvamaal oleme tõesti kõige rumalamad,41,1,225.96,0.039754366013219
2323554794,Kas me siin Järvamaal oleme tõesti kõige rumalamad,50,2,332.14400000000023,0.0584358919503215
2323554794,Kas me siin Järvamaal oleme tõesti kõige rumalamad,58,1,97.07999999999991,0.0170798099334541
2323554794,Kas me siin Järvamaal oleme tõesti kõige rumalamad,73,1,220.4,0.0387761651146817
2323554797,"Mida on vaja teha senisest teisiti, et Eesti majandus järjekindlalt ja kiiremini kasvaks_",-1,9,2474.1100000000006,0.5007681206647736
2323554797,"Mida on vaja teha senisest teisiti, et Eesti majandus järjekindlalt ja kiiremini kasvaks_",1,1,452.27999999999975,0.0915429813606766
2323554797,"Mida on vaja teha senisest teisiti, et Eesti majandus järjekindlalt ja kiiremini kasvaks_",3,1,97.0,0.0196331237109437
2323554797,"Mida on vaja teha senisest teisiti, et Eesti majandus järjekindlalt ja kiiremini kasvaks_",4,1,558.0,0.1129410621722331
2323554797,"Mida on vaja teha senisest teisiti, et Eesti majandus järjekindlalt ja kiiremini kasvaks_",21,1,94.0,0.019025913699265
2323554797,"Mida on vaja teha senisest teisiti, et Eesti majandus järjekindlalt ja kiiremini kasvaks_",41,1,163.32,0.0330565130357869
2323554797,"Mida on vaja teha senisest teisiti, et Eesti majandus järjekindlalt ja kiiremini kasvaks_",47,1,197.23999999999975,0.0399220342345004
2323554797,"Mida on vaja teha senisest teisiti, et Eesti majandus järjekindlalt ja kiiremini kasvaks_",104,2,706.3999999999999,0.1429777174166047
2323554797,"Mida on vaja teha senisest teisiti, et Eesti majandus järjekindlalt ja kiiremini kasvaks_",117,2,198.28,0.0401325337052157
2323554800,Mis on fosforiidi kaevandamise hind_,-1,1,191.4000000000001,0.0343007925024274
2323554800,Mis on fosforiidi kaevandamise hind_,10,18,5223.445999999999,0.936093716790148
2323554800,Mis on fosforiidi kaevandamise hind_,134,1,165.20000000000027,0.0296054907074243
2323554803,Mis on fosforiidi kaevandamise hind + Demokraatiatrenn,-1,3,878.1999999999998,0.1164440876780754
2323554803,Mis on fosforiidi kaevandamise hind + Demokraatiatrenn,10,18,5564.560000000002,0.7378275023114459
2323554803,Mis on fosforiidi kaevandamise hind + Demokraatiatrenn,41,2,700.0169999999989,0.0928180834936725
2323554803,Mis on fosforiidi kaevandamise hind + Demokraatiatrenn,134,2,399.0399999999995,0.0529103265168061
2323554806,Eesti uued valikud ELi rahastuse kasutamisel,-1,9,2136.916,0.3808524729471834
2323554806,Eesti uued valikud ELi rahastuse kasutamisel,37,3,823.2799999999997,0.1467293164204662
2323554806,Eesti uued valikud ELi rahastuse kasutamisel,51,7,2424.36,0.4320822630904694
2323554806,Eesti uued valikud ELi rahastuse kasutamisel,75,1,226.3199999999997,0.0403359475418811
2323554809,Miks kaasamine pekki läheb_,-1,1,167.36000000000013,0.0464590905444258
2323554809,Miks kaasamine pekki läheb_,2,1,287.55999999999995,0.0798265778976761
2323554809,Miks kaasamine pekki läheb_,17,1,224.04,0.0621934431499352
2323554809,Miks kaasamine pekki läheb_,34,4,1617.669,0.4490644750353175
2323554809,Miks kaasamine pekki läheb_,40,1,359.40000000000003,0.0997693423856754
2323554809,Miks kaasamine pekki läheb_,52,1,134.44000000000003,0.0373205074856154
2323554809,Miks kaasamine pekki läheb_,112,3,811.84,0.2253665635013542
2323554812,Kaasamine infosõja ajal. Mis tegelikult lõhestab Eesti ühiskonda,-1,12,2565.6000000000004,0.4757868164992098
2323554812,Kaasamine infosõja ajal. Mis tegelikult lõhestab Eesti ühiskonda,0,1,131.03999999999996,0.0243011788408389
2323554812,Kaasamine infosõja ajal. Mis tegelikult lõhestab Eesti ühiskonda,40,1,193.04,0.0357989893424569
2323554812,Kaasamine infosõja ajal. Mis tegelikult lõhestab Eesti ühiskonda,41,2,317.53100000000023,0.0588856655869233
2323554812,Kaasamine infosõja ajal. Mis tegelikult lõhestab Eesti ühiskonda,112,2,881.8799999999999,0.1635433729865618
2323554812,Kaasamine infosõja ajal. Mis tegelikult lõhestab Eesti ühiskonda,134,3,1303.2399999999998,0.2416839767440091
2323554815,Kuidas tõsta Euroopa Liidu konkurentsivõimet ja panna majandus kiiremini kasvama_,-1,1,93.99499999999988,0.0256859398889706
2323554815,Kuidas tõsta Euroopa Liidu konkurentsivõimet ja panna majandus kiiremini kasvama_,51,12,3565.4,0.9743140601110292
2383011942,Kuidas hoida tervet mõistust kriiside ajastul_ teadveloleku ja kaastunde praktiline jõud,-1,5,1190.72,0.2241118210177106
2383011942,Kuidas hoida tervet mõistust kriiside ajastul_ teadveloleku ja kaastunde praktiline jõud,3,2,990.6799999999994,0.1864612157735029
2383011942,Kuidas hoida tervet mõistust kriiside ajastul_ teadveloleku ja kaastunde praktiline jõud,36,7,2405.7820000000006,0.4528051808919226
2383011942,Kuidas hoida tervet mõistust kriiside ajastul_ teadveloleku ja kaastunde praktiline jõud,78,1,423.4,0.0796903932233427
2383011942,Kuidas hoida tervet mõistust kriiside ajastul_ teadveloleku ja kaastunde praktiline jõud,94,1,197.1600000000003,0.0371085449407517
2383011942,Kuidas hoida tervet mõistust kriiside ajastul_ teadveloleku ja kaastunde praktiline jõud,102,1,105.31999999999972,0.0198228441527691
2383011945,Koduseinte vahelt rahvusvahelise poliitikani_ naistevastane vägivald on meie kõigi lahendada,-1,4,608.1999999999991,0.1079473915316849
2383011945,Koduseinte vahelt rahvusvahelise poliitikani_ naistevastane vägivald on meie kõigi lahendada,62,1,378.12,0.0671112589377849
2383011945,Koduseinte vahelt rahvusvahelise poliitikani_ naistevastane vägivald on meie kõigi lahendada,98,13,4086.266000000001,0.7252577372650656
2383011945,Koduseinte vahelt rahvusvahelise poliitikani_ naistevastane vägivald on meie kõigi lahendada,134,2,561.6399999999996,0.0996836122654646
2383011948,Nõusolek – seksikuse summutaja või hoopis võimendaja_,-1,3,346.6400000000003,0.0631326997843792
2383011948,Nõusolek – seksikuse summutaja või hoopis võimendaja_,15,1,96.07999999999991,0.0174988166261341
2383011948,Nõusolek – seksikuse summutaja või hoopis võimendaja_,29,3,373.0569999999998,0.0679439637187316
2383011948,Nõusolek – seksikuse summutaja või hoopis võimendaja_,36,3,813.4800000000002,0.1481571331081144
2383011948,Nõusolek – seksikuse summutaja või hoopis võimendaja_,113,11,3861.399999999999,0.7032673867626406
2383055898,"Kes õpetab tervena elama enne, kui tuleb õppida haigusega elama_ (1)",-1,7,1525.485,0.2881794267524948
2383055898,"Kes õpetab tervena elama enne, kui tuleb õppida haigusega elama_ (1)",60,5,1673.2800000000002,0.3160993855701069
2383055898,"Kes õpetab tervena elama enne, kui tuleb õppida haigusega elama_ (1)",69,3,834.9599999999997,0.1577323239240392
2383055898,"Kes õpetab tervena elama enne, kui tuleb õppida haigusega elama_ (1)",83,1,455.8000000000002,0.0861051945537236
2383055898,"Kes õpetab tervena elama enne, kui tuleb õppida haigusega elama_ (1)",85,1,190.96000000000004,0.0360742605352766
2383055898,"Kes õpetab tervena elama enne, kui tuleb õppida haigusega elama_ (1)",92,1,192.55999999999997,0.0363765165933853
2383055898,"Kes õpetab tervena elama enne, kui tuleb õppida haigusega elama_ (1)",130,1,420.48,0.0794328920709735
2387966361,Euroopa Liidu heitekaubandus_ rohepöörasus või nutikas poliitika_,-1,9,2651.6770000000006,0.7175466117093952
2387966361,Euroopa Liidu heitekaubandus_ rohepöörasus või nutikas poliitika_,27,1,392.6,0.1062379768565735
2387966361,Euroopa Liidu heitekaubandus_ rohepöörasus või nutikas poliitika_,75,2,651.1999999999998,0.1762154114340313
2387966364,Millised on kohaliku kaugkütte tulevikustsenaariumid_,-1,5,612.2799999999988,0.11787692923168
2387966364,Millised on kohaliku kaugkütte tulevikustsenaariumid_,27,13,4356.871000000001,0.8387903810977989
2387966364,Millised on kohaliku kaugkütte tulevikustsenaariumid_,35,1,225.0800000000004,0.043332689670521
2387966370,Kuidas edasi_ Eesti energeetika järgmise kümne aasta vaade,-1,9,2181.044,0.3829776623697709
2387966370,Kuidas edasi_ Eesti energeetika järgmise kümne aasta vaade,20,5,1795.48,0.315275039491031
2387966370,Kuidas edasi_ Eesti energeetika järgmise kümne aasta vaade,54,1,264.5999999999999,0.046462102306529
2387966370,Kuidas edasi_ Eesti energeetika järgmise kümne aasta vaade,87,1,318.1200000000001,0.0558598790088927
2387966370,Kuidas edasi_ Eesti energeetika järgmise kümne aasta vaade,107,1,95.96000000000004,0.0168499748198583
2387966370,Kuidas edasi_ Eesti energeetika järgmise kümne aasta vaade,135,2,1039.7599999999998,0.1825753420039178
2387966373,Miks peab elektriga kauplema börsil_ (1),-1,1,167.76000000000002,0.044628332659847
2387966373,Miks peab elektriga kauplema börsil_ (1),114,12,3591.287,0.9553716673401528
2387966376,Milliseid riske toob kliima ettevõtete tegevusse ja kuidas neid maandada_ Ettevalmistused ja õppetunnid,-1,4,1083.7999999999993,0.2074993059743639
2387966376,Milliseid riske toob kliima ettevõtete tegevusse ja kuidas neid maandada_ Ettevalmistused ja õppetunnid,2,16,3974.550000000001,0.7609488527038283
2387966376,Milliseid riske toob kliima ettevõtete tegevusse ja kuidas neid maandada_ Ettevalmistused ja õppetunnid,34,1,164.79999999999973,0.0315518413218076
2387966379,Elektridefitsiit Eestis_ kui suur on tegelik majandus- ja julgeolekurisk_,-1,11,2497.96,0.4507277077476606
2387966379,Elektridefitsiit Eestis_ kui suur on tegelik majandus- ja julgeolekurisk_,4,1,93.1200000000008,0.0168024164299918
2387966379,Elektridefitsiit Eestis_ kui suur on tegelik majandus- ja julgeolekurisk_,20,5,1781.2400000000005,0.321403954486238
2387966379,Elektridefitsiit Eestis_ kui suur on tegelik majandus- ja julgeolekurisk_,87,1,129.83999999999924,0.0234281115686223
2387966379,Elektridefitsiit Eestis_ kui suur on tegelik majandus- ja julgeolekurisk_,107,1,213.69999999999985,0.038559669148295
2387966379,Elektridefitsiit Eestis_ kui suur on tegelik majandus- ja julgeolekurisk_,122,2,400.0799999999999,0.0721897633731861
2387966379,Elektridefitsiit Eestis_ kui suur on tegelik majandus- ja julgeolekurisk_,135,1,426.1199999999999,0.0768883772460059
2387966382,Miks me pelgame energiat kui majandusarengu mootorit,-1,7,1826.9759999999997,0.3260026094826428
2387966382,Miks me pelgame energiat kui majandusarengu mootorit,4,1,588.0800000000004,0.1049360334150819
2387966382,Miks me pelgame energiat kui majandusarengu mootorit,20,5,1740.2399999999998,0.3105255794964326
2387966382,Miks me pelgame energiat kui majandusarengu mootorit,27,1,232.07999999999996,0.0414119756410219
2387966382,Miks me pelgame energiat kui majandusarengu mootorit,40,1,269.55999999999995,0.0480998455437516
2387966382,Miks me pelgame energiat kui majandusarengu mootorit,51,1,195.07999999999996,0.0348097561532685
2387966382,Miks me pelgame energiat kui majandusarengu mootorit,54,1,169.80000000000018,0.0302988342978522
2387966382,Miks me pelgame energiat kui majandusarengu mootorit,87,1,225.48,0.0402342824350984
2387966382,Miks me pelgame energiat kui majandusarengu mootorit,122,1,356.8800000000001,0.0636810835348497
2393585466,Matemaatikatund ja -ring kui mõtlemise laborid,-1,1,138.15700000000015,0.0347880103651184
2393585466,Matemaatikatund ja -ring kui mõtlemise laborid,48,10,3833.24,0.9652119896348816
2393585469,Mida Eesti tegelikult kõrghariduselt ootab_,-1,5,773.9200000000001,0.1413907344053101
2393585469,Mida Eesti tegelikult kõrghariduselt ootab_,1,1,164.68000000000006,0.0300860891847561
2393585469,Mida Eesti tegelikult kõrghariduselt ootab_,2,1,261.9859999999999,0.0478633359312455
2393585469,Mida Eesti tegelikult kõrghariduselt ootab_,24,12,3981.960000000001,0.7274811980212021
2393585469,Mida Eesti tegelikult kõrghariduselt ootab_,52,1,126.84000000000016,0.0231729387429831
2393585469,Mida Eesti tegelikult kõrghariduselt ootab_,133,1,164.23999999999978,0.0300057037145029
2393585472,Kas lapsel on päriselt koht Eestis_ Elu asendushooldusel täna ja homme,-1,7,1229.9779999999992,0.2199776155359196
2393585472,Kas lapsel on päriselt koht Eestis_ Elu asendushooldusel täna ja homme,66,4,658.6399999999999,0.1177956489437844
2393585472,Kas lapsel on päriselt koht Eestis_ Elu asendushooldusel täna ja homme,77,1,124.40000000000056,0.0222485405207804
2393585472,Kas lapsel on päriselt koht Eestis_ Elu asendushooldusel täna ja homme,84,12,3578.3600000000006,0.6399781949995154
2393585475,Kas internet vajab korrakaitsjat_,-1,7,1951.1289999999997,0.3630460658437545
2393585475,Kas internet vajab korrakaitsjat_,0,2,321.27999999999975,0.0597804860848674
2393585475,Kas internet vajab korrakaitsjat_,9,8,2250.1200000000013,0.4186792434925367
2393585475,Kas internet vajab korrakaitsjat_,21,1,95.87999999999988,0.0178403666764725
2393585475,Kas internet vajab korrakaitsjat_,30,2,264.67999999999984,0.049248938797755
2393585475,Kas internet vajab korrakaitsjat_,49,1,287.96000000000004,0.0535806423462352
2393585475,Kas internet vajab korrakaitsjat_,109,1,203.27999999999972,0.0378242567583785
2393585478,Tehisintellekt kõrghariduses_ reeglid alles kujunemas,-1,4,654.3199999999997,0.1536684971830651
2393585478,Tehisintellekt kõrghariduses_ reeglid alles kujunemas,8,8,2734.4,0.6421798794127849
2393585478,Tehisintellekt kõrghariduses_ reeglid alles kujunemas,24,1,93.47699999999986,0.0219532799107185
2393585478,Tehisintellekt kõrghariduses_ reeglid alles kujunemas,46,1,228.96000000000004,0.0537717616992214
2393585478,Tehisintellekt kõrghariduses_ reeglid alles kujunemas,52,1,189.55999999999997,0.0445185846772555
2393585478,Tehisintellekt kõrghariduses_ reeglid alles kujunemas,133,2,357.2800000000004,0.0839079971169543
2393585481,"Ekspert ekraanil, märklaud seljal_ mis on ekspertarvamuse hind_",-1,3,439.5200000000004,0.0834499427553747
2393585481,"Ekspert ekraanil, märklaud seljal_ mis on ekspertarvamuse hind_",0,14,4275.43,0.8117591662600369
2393585481,"Ekspert ekraanil, märklaud seljal_ mis on ekspertarvamuse hind_",2,1,261.9200000000001,0.049729725624517
2393585481,"Ekspert ekraanil, märklaud seljal_ mis on ekspertarvamuse hind_",73,1,192.8399999999997,0.036613776303573
2393585481,"Ekspert ekraanil, märklaud seljal_ mis on ekspertarvamuse hind_",141,1,97.15999999999984,0.0184473890564984
2393585484,Hinded ja heaolu – kas kool hindab õigesti_,-1,4,719.8799999999998,0.1610235648060125
2393585484,Hinded ja heaolu – kas kool hindab õigesti_,39,11,3650.85,0.816626217664098
2393585484,Hinded ja heaolu – kas kool hindab õigesti_,66,1,99.92000000000009,0.0223502175298894
2394248493,"Kuidas rääkida vähist ja tervisest nii, et kasvaks teadlikkus, mitte ärevus_",-1,8,1617.8579999999995,0.2865018174451357
2394248493,"Kuidas rääkida vähist ja tervisest nii, et kasvaks teadlikkus, mitte ärevus_",17,9,2993.6799999999994,0.5301421761669776
2394248493,"Kuidas rääkida vähist ja tervisest nii, et kasvaks teadlikkus, mitte ärevus_",69,1,579.56,0.1026326125769399
2394248493,"Kuidas rääkida vähist ja tervisest nii, et kasvaks teadlikkus, mitte ärevus_",130,3,455.8400000000005,0.0807233938109468
2394248496,Surm ei küsi diagnoosi – kas sina oled valmis_,-1,11,2993.865000000001,0.5465626069692615
2394248496,Surm ei küsi diagnoosi – kas sina oled valmis_,13,1,164.96000000000004,0.0301152415508546
2394248496,Surm ei küsi diagnoosi – kas sina oled valmis_,17,4,1406.08,0.2566951918030168
2394248496,Surm ei küsi diagnoosi – kas sina oled valmis_,36,1,290.96000000000004,0.0531179115036169
2394248496,Surm ei küsi diagnoosi – kas sina oled valmis_,45,1,96.36000000000011,0.017591565687684
2394248496,Surm ei küsi diagnoosi – kas sina oled valmis_,77,1,130.79999999999927,0.0238789621414389
2394248496,Surm ei küsi diagnoosi – kas sina oled valmis_,123,1,394.60000000000014,0.0720385203441272
2394248499,Vähipatsiendi infoauk_ kelle vastutus on seda täita_,-1,6,1422.160000000001,0.242398211022935
2394248499,Vähipatsiendi infoauk_ kelle vastutus on seda täita_,17,14,4444.879999999998,0.7576017889770648
2394248502,Vähitõrje järgmised viis aastat – mida peab Eesti teisiti tegema_,-1,11,3205.148,0.5565586847970816
2394248502,Vähitõrje järgmised viis aastat – mida peab Eesti teisiti tegema_,13,1,320.1600000000008,0.0555942591495413
2394248502,Vähitõrje järgmised viis aastat – mida peab Eesti teisiti tegema_,17,1,429.2000000000003,0.0745285358164139
2394248502,Vähitõrje järgmised viis aastat – mida peab Eesti teisiti tegema_,25,5,1641.9199999999992,0.2851115879023446
2394248502,Vähitõrje järgmised viis aastat – mida peab Eesti teisiti tegema_,28,1,162.4399999999996,0.0282069323346184
2394248505,Tehisintellekti tulevik vähiravis,-1,6,1348.8039999999996,0.2424091022478848
2394248505,Tehisintellekti tulevik vähiravis,8,7,1856.04,0.3335703261082887
2394248505,Tehisintellekti tulevik vähiravis,13,1,95.63999999999942,0.017188565973253
2394248505,Tehisintellekti tulevik vähiravis,17,1,133.8800000000001,0.0240611168182677
2394248505,Tehisintellekti tulevik vähiravis,31,2,420.9200000000001,0.0756483813201767
2394248505,Tehisintellekti tulevik vähiravis,52,2,681.52,0.1224838088884511
2394248505,Tehisintellekti tulevik vähiravis,69,4,1027.36,0.1846386986436776
2395857120,Muutuv rändemaastik_ milleks peab Eesti Euroopa piiririigina valmis olema_,-1,7,1702.0399999999995,0.3115695579166188
2395857120,Muutuv rändemaastik_ milleks peab Eesti Euroopa piiririigina valmis olema_,21,1,94.92000000000009,0.0173757270319413
2395857120,Muutuv rändemaastik_ milleks peab Eesti Euroopa piiririigina valmis olema_,26,8,2882.673,0.5276921530799353
2395857120,Muutuv rändemaastik_ milleks peab Eesti Euroopa piiririigina valmis olema_,61,2,326.4000000000001,0.0597496555333508
2395857120,Muutuv rändemaastik_ milleks peab Eesti Euroopa piiririigina valmis olema_,73,1,260.4399999999996,0.0476752459776527
2395857120,Muutuv rändemaastik_ milleks peab Eesti Euroopa piiririigina valmis olema_,118,2,196.32000000000107,0.0359376604605008
2395857123,"Uus elu, uued rollid_ pagulaste identiteet ja kuuluvus Eestis",-1,7,2537.5490000000004,0.5258744942635714
2395857123,"Uus elu, uued rollid_ pagulaste identiteet ja kuuluvus Eestis",14,1,98.7199999999998,0.0204584542303221
2395857123,"Uus elu, uued rollid_ pagulaste identiteet ja kuuluvus Eestis",44,3,785.3599999999999,0.1627557902585677
2395857123,"Uus elu, uued rollid_ pagulaste identiteet ja kuuluvus Eestis",118,3,1403.7599999999998,0.2909112612475387
2395857126,Kuuluvustunne või äärmuslus_ Kuidas ennetada radikaliseerumist,-1,9,1387.8529999999994,0.2611567420670411
2395857126,Kuuluvustunne või äärmuslus_ Kuidas ennetada radikaliseerumist,26,1,272.43999999999994,0.0512659069863628
2395857126,Kuuluvustunne või äärmuslus_ Kuidas ennetada radikaliseerumist,62,8,2993.840000000001,0.5633604572458256
2395857126,Kuuluvustunne või äärmuslus_ Kuidas ennetada radikaliseerumist,118,1,428.1199999999999,0.0805607109785702
2395857126,Kuuluvustunne või äärmuslus_ Kuidas ennetada radikaliseerumist,129,1,232.0,0.0436561827222
2395857129,Pagulus ja rahvus,14,1,162.32000000000016,0.0324163673897575
2395857129,Pagulus ja rahvus,44,15,4229.746999999999,0.8447081857917974
2395857129,Pagulus ja rahvus,45,1,131.84000000000017,0.0263293117093742
2395857129,Pagulus ja rahvus,50,2,483.4399999999998,0.0965461351090707
2395857132,"Kes vastutab, kui välistöötajad elavad kümnekesi kitsas köögis ega saa palka_",-1,9,2847.44,0.5290697188299834
2395857132,"Kes vastutab, kui välistöötajad elavad kümnekesi kitsas köögis ega saa palka_",0,1,434.3200000000006,0.0806989999024522
2395857132,"Kes vastutab, kui välistöötajad elavad kümnekesi kitsas köögis ega saa palka_",58,1,330.2800000000002,0.0613678064279377
2395857132,"Kes vastutab, kui välistöötajad elavad kümnekesi kitsas köögis ega saa palka_",65,2,373.6149999999998,0.0694196832947012
2395857132,"Kes vastutab, kui välistöötajad elavad kümnekesi kitsas köögis ega saa palka_",78,2,354.52,0.0658717292443759
2395857132,"Kes vastutab, kui välistöötajad elavad kümnekesi kitsas köögis ega saa palka_",115,3,753.0399999999997,0.1399188959443326
2395857132,"Kes vastutab, kui välistöötajad elavad kümnekesi kitsas köögis ega saa palka_",131,1,288.75999999999976,0.0536531663562167
2395857135,"Kellel lubame otsustada, kes Eestisse elama tuleb_",-1,4,775.1600000000002,0.1390856120423637
2395857135,"Kellel lubame otsustada, kes Eestisse elama tuleb_",26,1,98.24000000000068,0.0176270325185018
2395857135,"Kellel lubame otsustada, kes Eestisse elama tuleb_",46,14,4274.097999999999,0.7668939783516211
2395857135,"Kellel lubame otsustada, kes Eestisse elama tuleb_",49,1,195.40000000000003,0.035060282513388
2395857135,"Kellel lubame otsustada, kes Eestisse elama tuleb_",129,1,230.35999999999967,0.0413330945741251
2395857138,"Do They Belong Here, Or Do They Just Live Here_",-1,2,409.8400000000001,0.0862585702932421
2395857138,"Do They Belong Here, Or Do They Just Live Here_",26,1,250.92000000000007,0.0528108541332722
2395857138,"Do They Belong Here, Or Do They Just Live Here_",55,1,261.9200000000001,0.055126011934428
2395857138,"Do They Belong Here, Or Do They Just Live Here_",58,2,260.44000000000005,0.054814517975727
2395857138,"Do They Belong Here, Or Do They Just Live Here_",82,1,100.48000000000002,0.0211479141691024
2395857138,"Do They Belong Here, Or Do They Just Live Here_",138,10,3467.696,0.729842131494228
2395857141,"Kes ütleb meile, et nemad pole meie_",-1,4,1385.9200000000003,0.2651162274652546
2395857141,"Kes ütleb meile, et nemad pole meie_",0,3,801.2799999999999,0.153278927169937
2395857141,"Kes ütleb meile, et nemad pole meie_",9,3,1120.36,0.2143165670478618
2395857141,"Kes ütleb meile, et nemad pole meie_",14,1,123.47400000000016,0.0236196613585523
2395857141,"Kes ütleb meile, et nemad pole meie_",97,1,566.1199999999999,0.1082945615133845
2395857141,"Kes ütleb meile, et nemad pole meie_",99,2,1004.2399999999998,0.1921036714021784
2395857141,"Kes ütleb meile, et nemad pole meie_",109,1,226.2,0.0432703840428311
2395857144,Vabatahtlikkus_ lõimumise mootor või lõhede peegel_,-1,6,1085.3920000000005,0.2369131477943822
2395857144,Vabatahtlikkus_ lõimumise mootor või lõhede peegel_,7,1,160.03999999999996,0.0349326143669871
2395857144,Vabatahtlikkus_ lõimumise mootor või lõhede peegel_,15,1,133.27999999999977,0.029091594868983
2395857144,Vabatahtlikkus_ lõimumise mootor või lõhede peegel_,44,1,95.31999999999994,0.0208059035332492
2395857144,Vabatahtlikkus_ lõimumise mootor või lõhede peegel_,111,8,3107.36,0.6782567394363983
2395991448,Töö ei küsi vanust_,-1,12,3122.88,0.5973362713537272
2395991448,Töö ei küsi vanust_,3,2,898.2,0.1718053331956136
2395991448,Töö ei küsi vanust_,47,1,254.1199999999999,0.0486074051120789
2395991448,Töö ei küsi vanust_,77,1,96.39999999999998,0.0184391384102172
2395991448,Töö ei küsi vanust_,94,2,264.09000000000015,0.0505144404850029
2395991448,Töö ei küsi vanust_,119,1,592.3200000000002,0.1132974114433599
2395991451,Kas lapsed maksavad karjääris kätte_,-1,7,1157.0399999999995,0.2085597759961584
2395991451,Kas lapsed maksavad karjääris kätte_,58,3,1491.6,0.2688651748218471
2395991451,Kas lapsed maksavad karjääris kätte_,66,1,239.8819999999996,0.0432394179851261
2395991451,Kas lapsed maksavad karjääris kätte_,78,4,683.56,0.1232136490354128
2395991451,Kas lapsed maksavad karjääris kätte_,83,1,199.96000000000004,0.0360433630714511
2395991451,Kas lapsed maksavad karjääris kätte_,94,1,198.12000000000037,0.0357116977981392
2395991451,Kas lapsed maksavad karjääris kätte_,95,1,130.80000000000018,0.0235770748637018
2395991451,Kas lapsed maksavad karjääris kätte_,139,5,1446.8,0.2607898464281633
2395991454,Kas süsteem hoiab naisi tagasi_,-1,6,1726.1699999999998,0.3462971321958412
2395991454,Kas süsteem hoiab naisi tagasi_,78,1,198.5999999999999,0.0398423159098432
2395991454,Kas süsteem hoiab naisi tagasi_,94,2,374.3600000000001,0.0751025648741637
2395991454,Kas süsteem hoiab naisi tagasi_,95,7,2061.28,0.413525523356705
2395991454,Kas süsteem hoiab naisi tagasi_,102,1,97.56,0.0195720863049562
2395991454,Kas süsteem hoiab naisi tagasi_,139,1,526.6800000000001,0.1056603773584905
2395991457,Paindlikkus või kontroll_,-1,10,2236.211,0.4181763509178346
2395991457,Paindlikkus või kontroll_,36,1,130.07999999999993,0.0243252446783384
2395991457,Paindlikkus või kontroll_,58,1,96.08000000000004,0.0179671702697936
2395991457,Paindlikkus või kontroll_,78,1,187.39999999999964,0.0350442101223909
2395991457,Paindlikkus või kontroll_,102,1,188.1600000000008,0.035186331785641
2395991457,Paindlikkus või kontroll_,116,6,2509.6000000000004,0.4693006922260011
2395991460,Kriis ei vabasta juhtimisest,-1,9,1545.0060000000003,0.2979688439586618
2395991460,Kriis ei vabasta juhtimisest,2,1,97.27999999999976,0.018761357004632
2395991460,Kriis ei vabasta juhtimisest,3,8,2821.1600000000003,0.5440870675080992
2395991460,Kriis ei vabasta juhtimisest,7,1,202.08,0.0389730162777143
2395991460,Kriis ei vabasta juhtimisest,16,1,163.2,0.0314746449748762
2395991460,Kriis ei vabasta juhtimisest,140,1,356.4000000000001,0.0687350702760164
2395991463,"Mees, kus su lapsed on_",-1,6,1276.1719999999991,0.2314533967193181
2395991463,"Mees, kus su lapsed on_",1,1,162.20000000000073,0.0294174617119585
2395991463,"Mees, kus su lapsed on_",36,1,285.04,0.0516963827766746
2395991463,"Mees, kus su lapsed on_",77,1,228.27999999999972,0.0414020848311089
2395991463,"Mees, kus su lapsed on_",78,1,196.52,0.0356419209348586
2395991463,"Mees, kus su lapsed on_",95,4,1544.4,0.2801006650305092
2395991463,"Mees, kus su lapsed on_",139,4,1821.1200000000003,0.3302880879955718
2395991466,Miks noored mehed surevad_,-1,12,3650.958,0.6670416954271947
2395991466,Miks noored mehed surevad_,6,1,191.72000000000023,0.0350278567563094
2395991466,Miks noored mehed surevad_,9,1,96.63999999999989,0.0176564368711127
2395991466,Miks noored mehed surevad_,19,1,95.60000000000002,0.0174664255471686
2395991466,Miks noored mehed surevad_,21,1,129.68,0.0236929504702597
2395991466,Miks noored mehed surevad_,42,3,1178.88,0.2153851438184748
2395991466,Miks noored mehed surevad_,120,1,129.8800000000001,0.0237294911094797
2395991469,Kes võidab AI-ajastul_,-1,6,826.9599999999989,0.1552687857093233
2395991469,Kes võidab AI-ajastul_,47,8,3155.670000000001,0.5925039288470314
2395991469,Kes võidab AI-ajastul_,49,3,518.3999999999999,0.0973340167743461
2395991469,Kes võidab AI-ajastul_,70,1,287.1200000000001,0.0539092262659149
2395991469,Kes võidab AI-ajastul_,133,1,537.8400000000001,0.1009840424033841
2395991472,Kas iga ebamugavus on kiusamine_,-1,4,730.1460000000002,0.1381401278127179
2395991472,Kas iga ebamugavus on kiusamine_,3,3,423.0400000000002,0.0800371428041682
2395991472,Kas iga ebamugavus on kiusamine_,30,1,259.76,0.0491453484654187
2395991472,Kas iga ebamugavus on kiusamine_,47,1,128.20000000000027,0.0242548262752798
2395991472,Kas iga ebamugavus on kiusamine_,70,1,388.1599999999999,0.0734380137832496
2395991472,Kas iga ebamugavus on kiusamine_,78,1,196.1199999999999,0.0371049651256464
2395991472,Kas iga ebamugavus on kiusamine_,116,1,379.5200000000005,0.0718033671450405
2395991472,Kas iga ebamugavus on kiusamine_,131,6,2780.5999999999995,0.5260762085884787
2396670915,Pedofiilia uus nägu_ kuidas avatus loob uusi riske,-1,6,1541.4939999999997,0.2753467346054407
2396670915,Pedofiilia uus nägu_ kuidas avatus loob uusi riske,9,2,314.96000000000004,0.0562591924012222
2396670915,Pedofiilia uus nägu_ kuidas avatus loob uusi riske,21,1,97.31999999999994,0.0173836188864838
2396670915,Pedofiilia uus nägu_ kuidas avatus loob uusi riske,29,7,1196.2000000000005,0.2136691832307024
2396670915,Pedofiilia uus nägu_ kuidas avatus loob uusi riske,36,1,162.83999999999992,0.0290870170517367
2396670915,Pedofiilia uus nägu_ kuidas avatus loob uusi riske,59,1,304.6400000000003,0.054415800016219
2396670915,Pedofiilia uus nägu_ kuidas avatus loob uusi riske,136,5,1980.92,0.353838453808195
2396670918,Kas töötamine päästab Eestis vaesusest_ Räägime miinimumpalgast,-1,14,4896.142000000001,0.9437178088032286
2396670918,Kas töötamine päästab Eestis vaesusest_ Räägime miinimumpalgast,58,1,162.96000000000004,0.0314100886213214
2396670918,Kas töötamine päästab Eestis vaesusest_ Räägime miinimumpalgast,94,1,129.03999999999996,0.0248721025754499
2396670921,Kas Eesti tulevik on parkla või meeldiv elukeskkond_,-1,6,804.0509999999999,0.1349348049468258
2396670921,Kas Eesti tulevik on parkla või meeldiv elukeskkond_,4,1,161.76,0.0271463552040835
2396670921,Kas Eesti tulevik on parkla või meeldiv elukeskkond_,16,11,3344.359999999999,0.5612461949204295
2396670921,Kas Eesti tulevik on parkla või meeldiv elukeskkond_,37,2,257.32000000000016,0.0431831115301358
2396670921,Kas Eesti tulevik on parkla või meeldiv elukeskkond_,141,5,1391.3200000000006,0.2334895333985254
2396670924,Loodusrahvas või ressursirahvas_ miks keskkond valimiskasti juures kaotab_,-1,7,2024.5600000000004,0.3596274906063537
2396670924,Loodusrahvas või ressursirahvas_ miks keskkond valimiskasti juures kaotab_,2,3,580.2829999999991,0.1030770731079969
2396670924,Loodusrahvas või ressursirahvas_ miks keskkond valimiskasti juures kaotab_,55,4,1124.84,0.1998080504078174
2396670924,Loodusrahvas või ressursirahvas_ miks keskkond valimiskasti juures kaotab_,61,2,455.0000000000002,0.0808227507339328
2396670924,Loodusrahvas või ressursirahvas_ miks keskkond valimiskasti juures kaotab_,73,1,99.88000000000012,0.0177419260292422
2396670924,Loodusrahvas või ressursirahvas_ miks keskkond valimiskasti juures kaotab_,75,3,898.8399999999999,0.1596631236696442
2396670924,Loodusrahvas või ressursirahvas_ miks keskkond valimiskasti juures kaotab_,76,1,315.96000000000004,0.0561247391689964
2396670924,Loodusrahvas või ressursirahvas_ miks keskkond valimiskasti juures kaotab_,87,1,130.23999999999978,0.0231348462760162
2396670927,Kodude kättesaadavus_ kas Eestil on plaan_,-1,9,2570.8610000000003,0.4964488758426426
2396670927,Kodude kättesaadavus_ kas Eestil on plaan_,4,1,355.5999999999999,0.0686685200987698
2396670927,Kodude kättesaadavus_ kas Eestil on plaan_,16,2,232.72000000000023,0.0449396456619396
2396670927,Kodude kättesaadavus_ kas Eestil on plaan_,37,1,162.92000000000007,0.03146084166055
2396670927,Kodude kättesaadavus_ kas Eestil on plaan_,103,6,1694.8799999999992,0.3272916235798737
2396670927,Kodude kättesaadavus_ kas Eestil on plaan_,141,1,161.51999999999998,0.0311904931562241
2396670930,ÜRO kõnnib Rahvasteliidu teed,-1,3,529.4799999999996,0.0978270489166653
2396670930,ÜRO kõnnib Rahvasteliidu teed,22,11,4202.649000000001,0.7764840018557357
2396670930,ÜRO kõnnib Rahvasteliidu teed,61,4,680.2800000000002,0.125688949227599
2396670933,"Kui pole mugav, siis ei kaasa_!",-1,11,2966.978,0.6162232194298469
2396670933,"Kui pole mugav, siis ei kaasa_!",0,1,94.20000000000029,0.0195647649798184
2396670933,"Kui pole mugav, siis ei kaasa_!",15,4,1654.44,0.3436170888875873
2396670933,"Kui pole mugav, siis ei kaasa_!",89,1,99.16000000000032,0.0205949267027473
2396670936,"Kas Eesti on valmis järgmiseks kriisiks, mis ei tule tankiga_ Keemilised, bioloogilised, radioloogilised ja tuumariskid",72,16,4465.203,1.0
2396692734,Kas rohereform vajab ebapopulaarseid otsuseid_,-1,5,1739.9199999999998,0.3304207494021293
2396692734,Kas rohereform vajab ebapopulaarseid otsuseid_,0,1,96.24000000000068,0.0182765258876621
2396692734,Kas rohereform vajab ebapopulaarseid otsuseid_,1,2,732.7199999999999,0.1391477145512024
2396692734,Kas rohereform vajab ebapopulaarseid otsuseid_,20,1,162.19999999999982,0.0308027067641186
2396692734,Kas rohereform vajab ebapopulaarseid otsuseid_,21,1,132.4399999999996,0.0251511127240435
2396692734,Kas rohereform vajab ebapopulaarseid otsuseid_,40,3,824.0800000000004,0.156497500555949
2396692734,Kas rohereform vajab ebapopulaarseid otsuseid_,91,1,162.91999999999996,0.0309394388779914
2396692734,Kas rohereform vajab ebapopulaarseid otsuseid_,109,1,171.79999999999998,0.0326258016157557
2396692734,Kas rohereform vajab ebapopulaarseid otsuseid_,112,3,1008.7709999999996,0.1915713767271686
2396692734,Kas rohereform vajab ebapopulaarseid otsuseid_,122,1,234.6800000000001,0.0445670728939788
2396692737,Keskkonnahoid vastutuules_ kas keskkonnaprojektid on vaid kulu või ka väärtus inimestele ja ettevõtetele_,-1,8,2622.28,0.4649085591306038
2396692737,Keskkonnahoid vastutuules_ kas keskkonnaprojektid on vaid kulu või ka väärtus inimestele ja ettevõtetele_,4,1,552.5200000000004,0.0979572269516761
2396692737,Keskkonnahoid vastutuules_ kas keskkonnaprojektid on vaid kulu või ka väärtus inimestele ja ettevõtetele_,16,1,387.6399999999999,0.0687253664221163
2396692737,Keskkonnahoid vastutuules_ kas keskkonnaprojektid on vaid kulu või ka väärtus inimestele ja ettevõtetele_,21,1,111.42100000000028,0.01975402190723
2396692737,Keskkonnahoid vastutuules_ kas keskkonnaprojektid on vaid kulu või ka väärtus inimestele ja ettevõtetele_,54,1,382.67999999999984,0.0678459994386943
2396692737,Keskkonnahoid vastutuules_ kas keskkonnaprojektid on vaid kulu või ka väärtus inimestele ja ettevõtetele_,55,1,198.76000000000025,0.0352385043598696
2396692737,Keskkonnahoid vastutuules_ kas keskkonnaprojektid on vaid kulu või ka väärtus inimestele ja ettevõtetele_,75,1,482.0,0.0854546141147974
2396692737,Keskkonnahoid vastutuules_ kas keskkonnaprojektid on vaid kulu või ka väärtus inimestele ja ettevõtetele_,76,3,903.12,0.1601157076750121
2396692740,Kas tööstus julgeb investeerida_ Energiamajanduslikud otsused ebakindla poliitika ja turu tingimustes,-1,8,3155.6,0.6178240556284426
2396692740,Kas tööstus julgeb investeerida_ Energiamajanduslikud otsused ebakindla poliitika ja turu tingimustes,4,4,917.6030000000004,0.1796543310041912
2396692740,Kas tööstus julgeb investeerida_ Energiamajanduslikud otsused ebakindla poliitika ja turu tingimustes,20,4,647.5199999999995,0.126775710641567
2396692740,Kas tööstus julgeb investeerida_ Energiamajanduslikud otsused ebakindla poliitika ja turu tingimustes,54,1,386.8800000000001,0.0757459027257991
2396692743,Järgmise põlvkonna õpilasmalev,-1,5,806.0129999999988,0.1521154367690294
2396692743,Järgmise põlvkonna õpilasmalev,94,2,460.1200000000008,0.0868365085503162
2396692743,Järgmise põlvkonna õpilasmalev,113,1,129.56000000000017,0.0244513128048747
2396692743,Järgmise põlvkonna õpilasmalev,120,3,723.9199999999995,0.1366223708374875
2396692743,Järgmise põlvkonna õpilasmalev,140,9,3179.080000000001,0.599974371038292
2396692746,Kuidas hoida kokkuleppeid ruumis_,-1,12,2431.7970000000014,0.3945905108312943
2396692746,Kuidas hoida kokkuleppeid ruumis_,16,10,3300.559999999999,0.5355585422752539
2396692746,Kuidas hoida kokkuleppeid ruumis_,21,1,129.3199999999997,0.0209838423440372
2396692746,Kuidas hoida kokkuleppeid ruumis_,112,1,301.16,0.0488671045494144
2396692749,"Kas elekter saab olla korraga odav, roheline ja kindel ning hoida Eesti majanduse konkurentsivõimelisena_",-1,12,3437.7270000000008,0.6078698340885748
2396692749,"Kas elekter saab olla korraga odav, roheline ja kindel ning hoida Eesti majanduse konkurentsivõimelisena_",20,3,1479.2799999999995,0.2615709997246862
2396692749,"Kas elekter saab olla korraga odav, roheline ja kindel ning hoida Eesti majanduse konkurentsivõimelisena_",87,2,646.2400000000002,0.1142702144706082
2396692749,"Kas elekter saab olla korraga odav, roheline ja kindel ning hoida Eesti majanduse konkurentsivõimelisena_",122,1,92.11999999999988,0.0162889517161308
2396692752,Tuleviku Eesti edulugu_ majanduskasv või tasaareng_,-1,5,1561.4,0.3057740456311069
2396692752,Tuleviku Eesti edulugu_ majanduskasv või tasaareng_,4,3,891.8799999999997,0.1746597641971766
2396692752,Tuleviku Eesti edulugu_ majanduskasv või tasaareng_,19,2,432.4800000000004,0.084693966475305
2396692752,Tuleviku Eesti edulugu_ majanduskasv või tasaareng_,21,3,335.5600000000006,0.065713807321618
2396692752,Tuleviku Eesti edulugu_ majanduskasv või tasaareng_,47,1,195.67999999999984,0.0383206514980754
2396692752,Tuleviku Eesti edulugu_ majanduskasv või tasaareng_,58,1,95.15999999999984,0.0186354926234508
2396692752,Tuleviku Eesti edulugu_ majanduskasv või tasaareng_,61,1,101.23999999999978,0.019826158818812
2396692752,Tuleviku Eesti edulugu_ majanduskasv või tasaareng_,71,1,521.3600000000001,0.1020996262522312
2396692752,Tuleviku Eesti edulugu_ majanduskasv või tasaareng_,104,2,609.9449999999997,0.1194475152186918
2396692752,Tuleviku Eesti edulugu_ majanduskasv või tasaareng_,137,1,361.6800000000003,0.0708289719635319
2396692755,Tehisintellekti nähtamatu jalajälg_ kas digiareng tuleb keskkonna arvelt_,-1,16,4467.754,0.8489319551553794
2396692755,Tehisintellekti nähtamatu jalajälg_ kas digiareng tuleb keskkonna arvelt_,21,1,160.15999999999983,0.0304325041033336
2396692755,Tehisintellekti nähtamatu jalajälg_ kas digiareng tuleb keskkonna arvelt_,70,1,500.8000000000002,0.0951585792641703
2396692755,Tehisintellekti nähtamatu jalajälg_ kas digiareng tuleb keskkonna arvelt_,90,1,134.07999999999993,0.0254769614771165
2397177237,Kas sotsiaalmeediasse mahub sisukas poliitiline diskussioon_,-1,1,131.24,0.0246192633917893
2397177237,Kas sotsiaalmeediasse mahub sisukas poliitiline diskussioon_,0,7,2229.465,0.4182245204036554
2397177237,Kas sotsiaalmeediasse mahub sisukas poliitiline diskussioon_,1,1,194.15999999999983,0.0364224030794713
2397177237,Kas sotsiaalmeediasse mahub sisukas poliitiline diskussioon_,9,8,2439.12,0.4575536248413695
2397177237,Kas sotsiaalmeediasse mahub sisukas poliitiline diskussioon_,41,2,205.96,0.0386359607449934
2397177237,Kas sotsiaalmeediasse mahub sisukas poliitiline diskussioon_,61,1,130.84000000000003,0.0245442275387208
2397177240,Kultuur on majandusharu,-1,5,630.2799999999997,0.1128930739880586
2397177240,Kultuur on majandusharu,4,1,398.8800000000001,0.0714456897765388
2397177240,Kultuur on majandusharu,14,1,98.19999999999982,0.017589166506358
2397177240,Kultuur on majandusharu,121,11,4455.621999999999,0.7980720697290443
2397177243,Kultuuriretsept – ravi positiivsete kõrvaltoimetega,-1,11,3732.108999999999,0.7180019888766808
2397177243,Kultuuriretsept – ravi positiivsete kõrvaltoimetega,14,5,1270.0000000000002,0.2443290176876894
2397177243,Kultuuriretsept – ravi positiivsete kõrvaltoimetega,23,1,96.20000000000029,0.0185074421272092
2397177243,Kultuuriretsept – ravi positiivsete kõrvaltoimetega,78,1,99.60000000000036,0.0191615513084204
2397177246,Reklaamide vastutamatusest ja vastutusest,-1,2,421.64000000000055,0.0856080457431702
2397177246,Reklaamide vastutamatusest ja vastutusest,2,1,457.08,0.0928036371034252
2397177246,Reklaamide vastutamatusest ja vastutusest,92,11,3941.438,0.8002533075558987
2397177246,Reklaamide vastutamatusest ja vastutusest,99,1,105.07999999999991,0.0213350095975057
2397177249,AI ajastu ettevõtlus – kas miljon mikroettevõtjat või paar suurt võitjat_,-1,11,2464.772000000001,0.4342711639120934
2397177249,AI ajastu ettevõtlus – kas miljon mikroettevõtjat või paar suurt võitjat_,47,5,1587.4399999999998,0.2796929762430818
2397177249,AI ajastu ettevõtlus – kas miljon mikroettevõtjat või paar suurt võitjat_,49,2,688.3199999999999,0.1212759344653266
2397177249,AI ajastu ettevõtlus – kas miljon mikroettevõtjat või paar suurt võitjat_,57,1,161.92000000000007,0.0285288809109508
2397177249,AI ajastu ettevõtlus – kas miljon mikroettevõtjat või paar suurt võitjat_,70,2,773.1999999999998,0.1362310444685473
2397177252,Tehisintellekt kultuuris – kas loovisik on järgmine väljasureja_,-1,12,3599.0019999999986,0.6147766324198064
2397177252,Tehisintellekt kultuuris – kas loovisik on järgmine väljasureja_,46,1,363.1600000000001,0.0620344978495641
2397177252,Tehisintellekt kultuuris – kas loovisik on järgmine väljasureja_,49,2,802.8,0.1371332054015587
2397177252,Tehisintellekt kultuuris – kas loovisik on järgmine väljasureja_,53,1,164.64,0.0281235811376589
2397177252,Tehisintellekt kultuuris – kas loovisik on järgmine väljasureja_,61,1,102.40000000000056,0.0174918288902836
2397177252,Tehisintellekt kultuuris – kas loovisik on järgmine väljasureja_,63,1,167.6800000000003,0.0286428698078393
2397177252,Tehisintellekt kultuuris – kas loovisik on järgmine väljasureja_,70,1,193.52000000000044,0.0330568235043718
2397177252,Tehisintellekt kultuuris – kas loovisik on järgmine väljasureja_,82,1,164.92000000000007,0.0281714103572808
2397177252,Tehisintellekt kultuuris – kas loovisik on järgmine väljasureja_,99,1,164.35999999999967,0.028075751918037
2397177252,Tehisintellekt kultuuris – kas loovisik on järgmine väljasureja_,101,1,131.6800000000003,0.022493398713599
2397177255,Vabakutseliste loovisikute toimetulek,-1,11,3579.7599999999998,0.647823393674829
2397177255,Vabakutseliste loovisikute toimetulek,1,2,656.2399999999999,0.1187586943999513
2397177255,Vabakutseliste loovisikute toimetulek,13,1,134.84000000000017,0.0244017773267241
2397177255,Vabakutseliste loovisikute toimetulek,14,4,1022.7470000000004,0.1850848750784272
2397177255,Vabakutseliste loovisikute toimetulek,21,1,132.24,0.0239312595200682
2397177258,Kas tänavakunst peaks olema legaalne_,-1,3,541.1199999999999,0.1072545475951965
2397177258,Kas tänavakunst peaks olema legaalne_,63,13,4184.0,0.8293040862254257
2397177258,Kas tänavakunst peaks olema legaalne_,92,1,320.0739999999996,0.0634413661793777
2397264564,Küberturvalisus vs ettevõtlusvõime_ kus on tasakaal_,-1,10,2855.203,0.532222127570259
2397264564,Küberturvalisus vs ettevõtlusvõime_ kus on tasakaal_,17,1,183.4000000000001,0.0341865493264001
2397264564,Küberturvalisus vs ettevõtlusvõime_ kus on tasakaal_,31,3,1256.5999999999997,0.2342356482200345
2397264564,Küberturvalisus vs ettevõtlusvõime_ kus on tasakaal_,33,1,454.96,0.0848065020803652
2397264564,Küberturvalisus vs ettevõtlusvõime_ kus on tasakaal_,123,2,614.52,0.114549172802941
2397264567,Teadmussiirdedoktorantuur – Eesti majanduse kasutamata potentsiaal_,-1,3,882.1600000000001,0.1642500653995142
2397264567,Teadmussiirdedoktorantuur – Eesti majanduse kasutamata potentsiaal_,19,1,493.48,0.0918814299824887
2397264567,Teadmussiirdedoktorantuur – Eesti majanduse kasutamata potentsiaal_,96,12,3995.195,0.7438685046179969
2397264570,"Miljon sensorit, üks planeet_ kuidas tehisintellekt asjades (AIoT) muudab teadust_",-1,6,1789.7599999999993,0.3561444245874487
2397264570,"Miljon sensorit, üks planeet_ kuidas tehisintellekt asjades (AIoT) muudab teadust_",8,5,1956.097000000001,0.3892438318557992
2397264570,"Miljon sensorit, üks planeet_ kuidas tehisintellekt asjades (AIoT) muudab teadust_",46,1,504.0400000000001,0.100298942745987
2397264570,"Miljon sensorit, üks planeet_ kuidas tehisintellekt asjades (AIoT) muudab teadust_",52,2,434.72000000000025,0.0865049527627479
2397264570,"Miljon sensorit, üks planeet_ kuidas tehisintellekt asjades (AIoT) muudab teadust_",82,1,107.44000000000004,0.021379490533745
2397264570,"Miljon sensorit, üks planeet_ kuidas tehisintellekt asjades (AIoT) muudab teadust_",109,1,233.3199999999997,0.046428357514272
2397264573,Kas oleme tehisaru nimel valmis ohverdama oma inimõigused_,-1,6,1943.9199999999992,0.3771439790870488
2397264573,Kas oleme tehisaru nimel valmis ohverdama oma inimõigused_,8,1,315.44000000000005,0.0611991731980836
2397264573,Kas oleme tehisaru nimel valmis ohverdama oma inimõigused_,28,1,499.67999999999984,0.0969439603842836
2397264573,Kas oleme tehisaru nimel valmis ohverdama oma inimõigused_,46,1,580.4400000000005,0.1126123766519645
2397264573,Kas oleme tehisaru nimel valmis ohverdama oma inimõigused_,52,1,494.3180000000002,0.0959036675657187
2397264573,Kas oleme tehisaru nimel valmis ohverdama oma inimõigused_,57,3,839.6799999999998,0.1629080704760552
2397264573,Kas oleme tehisaru nimel valmis ohverdama oma inimõigused_,61,1,305.1600000000001,0.05920472892825
2397264573,Kas oleme tehisaru nimel valmis ohverdama oma inimõigused_,82,1,175.68000000000006,0.0340840437085954
2397264576,Kas linnud ja loomad keedavad meile uut superhaigust_,-1,2,707.0,0.1277509597132741
2397264576,Kas linnud ja loomad keedavad meile uut superhaigust_,21,1,156.39999999999998,0.0282606083439265
2397264576,Kas linnud ja loomad keedavad meile uut superhaigust_,34,11,3645.645,0.6587477334142845
2397264576,Kas linnud ja loomad keedavad meile uut superhaigust_,61,1,286.3600000000001,0.0517436560445448
2397264576,Kas linnud ja loomad keedavad meile uut superhaigust_,65,1,194.1200000000001,0.0350764021209912
2397264576,Kas linnud ja loomad keedavad meile uut superhaigust_,82,2,223.1199999999999,0.0403165404967831
2397264576,Kas linnud ja loomad keedavad meile uut superhaigust_,104,1,107.03999999999996,0.019341531439475
2397264576,Kas linnud ja loomad keedavad meile uut superhaigust_,130,1,214.52,0.0387625684267207
2397264579,Elu võimalikkusest pealinnast eemal,-1,6,1792.0,0.3201835337756106
2397264579,Elu võimalikkusest pealinnast eemal,16,1,223.52,0.0399371782754042
2397264579,Elu võimalikkusest pealinnast eemal,19,1,196.84000000000012,0.0351701600381647
2397264579,Elu võimalikkusest pealinnast eemal,21,1,97.52000000000044,0.0174242735568067
2397264579,Elu võimalikkusest pealinnast eemal,37,9,2133.44,0.3811899320860707
2397264579,Elu võimalikkusest pealinnast eemal,81,1,348.20000000000005,0.0622142335159975
2397264579,Elu võimalikkusest pealinnast eemal,141,3,805.2699999999995,0.1438806887519452
2397264582,Kes vastutab Eesti toidujulgeoleku eest_,4,1,193.96000000000004,0.0365521707044415
2397264582,Kes vastutab Eesti toidujulgeoleku eest_,7,16,4963.52,0.9353858029228168
2397264582,Kes vastutab Eesti toidujulgeoleku eest_,11,1,148.90800000000036,0.0280620263727417
2397264585,Toiduraiskamine või toiduohutus – kas peame valima_,-1,1,105.55999999999996,0.0210875216049209
2397264585,Toiduraiskamine või toiduohutus – kas peame valima_,7,17,4900.244000000001,0.9789124783950792
2397264588,Mille taha jääb majanduskasv_,-1,6,1877.0380000000007,0.3579702942162556
2397264588,Mille taha jääb majanduskasv_,4,8,2414.32,0.4604354524160884
2397264588,Mille taha jääb majanduskasv_,37,4,856.4799999999991,0.1633394729304031
2397264588,Mille taha jääb majanduskasv_,41,1,95.72,0.0182547804372527
2397829623,Noorte julm vägivald – kas sinu kodukant on järgmine_,-1,12,3733.2,0.6991796831104619
2397829623,Noorte julm vägivald – kas sinu kodukant on järgmine_,6,1,163.67999999999984,0.030655129789864
2397829623,Noorte julm vägivald – kas sinu kodukant on järgmine_,36,1,272.84000000000003,0.0510993744615499
2397829623,Noorte julm vägivald – kas sinu kodukant on järgmine_,77,3,482.7599999999999,0.090414653331835
2397829623,Noorte julm vägivald – kas sinu kodukant on järgmine_,97,1,164.1199999999999,0.0307375360527399
2397829623,Noorte julm vägivald – kas sinu kodukant on järgmine_,120,1,99.52,0.0186387983668577
2397829623,Noorte julm vägivald – kas sinu kodukant on järgmine_,129,2,423.2800000000001,0.0792748248866914
2397829626,"Kui sensoreid saab rohkem kui inimesi, siis kes hoiab piirialade Eestit_",-1,4,851.2000000000007,0.1550219028537909
2397829626,"Kui sensoreid saab rohkem kui inimesi, siis kes hoiab piirialade Eestit_",19,2,748.1999999999996,0.1362633784248193
2397829626,"Kui sensoreid saab rohkem kui inimesi, siis kes hoiab piirialade Eestit_",58,1,201.79999999999995,0.0367521381530721
2397829626,"Kui sensoreid saab rohkem kui inimesi, siis kes hoiab piirialade Eestit_",91,13,3689.6369999999993,0.6719625805683177
2397829629,Religioossete ühenduste roll ühiskonna toetaja ja tasakaalustajana,-1,3,1010.2399999999998,0.1822072683428758
2397829629,Religioossete ühenduste roll ühiskonna toetaja ja tasakaalustajana,45,18,4534.215,0.8177927316571242
2397829632,Appi! Mind ei lasta muuseumisse! Kultuuriharidus kui regionaalpoliitika,-1,2,642.44,0.1146226279597925
2397829632,Appi! Mind ei lasta muuseumisse! Kultuuriharidus kui regionaalpoliitika,9,1,158.79999999999973,0.0283327210634689
2397829632,Appi! Mind ei lasta muuseumisse! Kultuuriharidus kui regionaalpoliitika,14,1,159.0,0.0283684045912567
2397829632,Appi! Mind ei lasta muuseumisse! Kultuuriharidus kui regionaalpoliitika,23,13,3905.187,0.6967542441541908
2397829632,Appi! Mind ei lasta muuseumisse! Kultuuriharidus kui regionaalpoliitika,48,2,637.1599999999999,0.113680582826196
2397829632,Appi! Mind ei lasta muuseumisse! Kultuuriharidus kui regionaalpoliitika,97,1,102.23999999999978,0.0182414194050948
2397829635,„Veibi-Vellod“ ja veipivad noored – miks salaturg võidab ja mida teha teisiti_,-1,3,809.18,0.1550064172557133
2397829635,„Veibi-Vellod“ ja veipivad noored – miks salaturg võidab ja mida teha teisiti_,1,1,258.3599999999997,0.049491408539739
2397829635,„Veibi-Vellod“ ja veipivad noored – miks salaturg võidab ja mida teha teisiti_,80,14,4152.76,0.7955021742045478
2397829638,Kus on noore kodu_ Kuidas elatakse tulevikus ja kas kodu peab tingimata omama_,-1,11,2620.88,0.5898986097697174
2397829638,Kus on noore kodu_ Kuidas elatakse tulevikus ja kas kodu peab tingimata omama_,4,1,95.51999999999998,0.0214993113783169
2397829638,Kus on noore kodu_ Kuidas elatakse tulevikus ja kas kodu peab tingimata omama_,103,6,1726.533,0.3886020788519655
2397829641,"Kelle vastutus on NEET-olukorras noor – tema enda, spetsialistide või kogu ühiskonna_",-1,8,2370.287,0.4972608858102073
2397829641,"Kelle vastutus on NEET-olukorras noor – tema enda, spetsialistide või kogu ühiskonna_",97,1,135.39999999999964,0.0284054732353938
2397829641,"Kelle vastutus on NEET-olukorras noor – tema enda, spetsialistide või kogu ühiskonna_",120,6,2261.0000000000005,0.4743336409543988
2400164898,Kas lapsevanem on partner või lihtsalt teenusetarbija_,-1,6,1197.9999999999995,0.2431062731564812
2400164898,Kas lapsevanem on partner või lihtsalt teenusetarbija_,77,1,273.32,0.0554639453915938
2400164898,Kas lapsevanem on partner või lihtsalt teenusetarbija_,83,5,1945.56,0.3948062110203037
2400164898,Kas lapsevanem on partner või lihtsalt teenusetarbija_,127,4,1511.006,0.3066235704316212
2400164901,Ühiskondlik ebavõrdsus algab enne kooli – kas me tunnistame seda_,-1,6,1405.6400000000006,0.2605579890003763
2400164901,Ühiskondlik ebavõrdsus algab enne kooli – kas me tunnistame seda_,5,10,2832.13,0.5249808609513358
2400164901,Ühiskondlik ebavõrdsus algab enne kooli – kas me tunnistame seda_,52,1,127.60000000000036,0.023652712925392
2400164901,Ühiskondlik ebavõrdsus algab enne kooli – kas me tunnistame seda_,83,3,804.04,0.1490417500041707
2400164901,Ühiskondlik ebavõrdsus algab enne kooli – kas me tunnistame seda_,109,1,225.31999999999996,0.0417666871187251
2400164904,Kuidas toetada lapse keele ja kõne arengut liikumismängude kaudu_,5,2,477.44,0.1198467876898994
2400164904,Kuidas toetada lapse keele ja kõne arengut liikumismängude kaudu_,79,12,3352.553,0.8415564418777971
2400164904,Kuidas toetada lapse keele ja kõne arengut liikumismängude kaudu_,99,1,153.76,0.0385967704323034
2400164907,Iga lapse tulevik on Eesti arenguküsimus,-1,5,1105.0399999999995,0.1925420449559817
2400164907,Iga lapse tulevik on Eesti arenguküsimus,4,1,226.87999999999988,0.0395315456088586
2400164907,Iga lapse tulevik on Eesti arenguküsimus,5,12,3858.094,0.6722338633826862
2400164907,Iga lapse tulevik on Eesti arenguküsimus,21,2,229.6000000000004,0.0400054781020537
2400164907,Iga lapse tulevik on Eesti arenguküsimus,83,1,319.60000000000014,0.0556870679504197
2400164910,"Mida laps tegelikult tahab, et me märkaks_",-1,10,2770.2,0.5716273737331216
2400164910,"Mida laps tegelikult tahab, et me märkaks_",36,1,438.5999999999999,0.0905045722761342
2400164910,"Mida laps tegelikult tahab, et me märkaks_",77,1,280.7640000000001,0.0579353071831659
2400164910,"Mida laps tegelikult tahab, et me märkaks_",79,1,95.83999999999992,0.0197764665001019
2400164910,"Mida laps tegelikult tahab, et me märkaks_",127,3,1260.7600000000002,0.2601562803074762
2400164913,Alushariduse agenda 2027–2031_ mida Eesti peab nüüd otsustama_,-1,5,919.3200000000002,0.1698157853758411
2400164913,Alushariduse agenda 2027–2031_ mida Eesti peab nüüd otsustama_,4,1,97.67999999999984,0.0180433428137233
2400164913,Alushariduse agenda 2027–2031_ mida Eesti peab nüüd otsustama_,5,9,3334.3200000000006,0.6159119452360163
2400164913,Alushariduse agenda 2027–2031_ mida Eesti peab nüüd otsustama_,83,3,770.8709999999999,0.1423944483840882
2400164913,Alushariduse agenda 2027–2031_ mida Eesti peab nüüd otsustama_,109,1,291.4399999999998,0.053834478190331
2400164916,Aga kes hoiab õpetajat_,-1,5,821.0000000000002,0.2281471946787516
2400164916,Aga kes hoiab õpetajat_,5,7,2446.074,0.6797380281079567
2400164916,Aga kes hoiab õpetajat_,79,1,95.84000000000016,0.0266329197783332
2400164916,Aga kes hoiab õpetajat_,94,1,235.64,0.0654818574349586
2400184974,"Väike rahvas, suur mudel_ kas tehisaru on Eesti jaoks loodud_",-1,4,788.5030000000004,0.1599130611664625
2400184974,"Väike rahvas, suur mudel_ kas tehisaru on Eesti jaoks loodud_",73,1,465.8,0.0944669885737127
2400184974,"Väike rahvas, suur mudel_ kas tehisaru on Eesti jaoks loodud_",90,13,3676.52,0.7456199502598246
2400184977,"Post-it, pastakas ja AI-agent - Eesti.ai praktiline töötuba nutikama tööpäeva disainimiseks 2",-1,2,367.9600000000005,0.0846111659789346
2400184977,"Post-it, pastakas ja AI-agent - Eesti.ai praktiline töötuba nutikama tööpäeva disainimiseks 2",49,1,145.875,0.0335434662386593
2400184977,"Post-it, pastakas ja AI-agent - Eesti.ai praktiline töötuba nutikama tööpäeva disainimiseks 2",53,9,2457.5599999999995,0.5651076667659267
2400184977,"Post-it, pastakas ja AI-agent - Eesti.ai praktiline töötuba nutikama tööpäeva disainimiseks 2",70,3,1377.44,0.3167377010164791
2400184980,"Eesti, Singapur, Dubai, Delaware. Kui konkurentsivõimelised me globaalselt oleme_",-1,5,1293.1590000000006,0.2357061264574664
2400184980,"Eesti, Singapur, Dubai, Delaware. Kui konkurentsivõimelised me globaalselt oleme_",18,10,2781.64,0.5070139013061398
2400184980,"Eesti, Singapur, Dubai, Delaware. Kui konkurentsivõimelised me globaalselt oleme_",57,2,396.4799999999996,0.0722670336887081
2400184980,"Eesti, Singapur, Dubai, Delaware. Kui konkurentsivõimelised me globaalselt oleme_",100,1,235.40000000000052,0.0429067285369298
2400184980,"Eesti, Singapur, Dubai, Delaware. Kui konkurentsivõimelised me globaalselt oleme_",132,4,779.6400000000001,0.1421062100107558
2400184983,"Post-it, pastakas ja AI-agent - Eesti.ai praktiline töötuba nutikama tööpäeva disainimiseks",-1,3,559.52,0.1528448755089525
2400184983,"Post-it, pastakas ja AI-agent - Eesti.ai praktiline töötuba nutikama tööpäeva disainimiseks",49,1,192.68000000000004,0.0526346700976997
2400184983,"Post-it, pastakas ja AI-agent - Eesti.ai praktiline töötuba nutikama tööpäeva disainimiseks",53,6,1948.08,0.5321597888931232
2400184983,"Post-it, pastakas ja AI-agent - Eesti.ai praktiline töötuba nutikama tööpäeva disainimiseks",70,3,960.4249999999996,0.2623606655002246
2400184986,Eesti loob maailma esimese agentide riigi,-1,6,1122.79,0.1983198828581067
2400184986,Eesti loob maailma esimese agentide riigi,46,1,162.03999999999996,0.0286213395366253
2400184986,Eesti loob maailma esimese agentide riigi,47,1,92.07999999999991,0.0162642121978058
2400184986,Eesti loob maailma esimese agentide riigi,49,3,680.2400000000005,0.1201516909799683
2400184986,Eesti loob maailma esimese agentide riigi,52,1,129.15999999999983,0.0228137016449674
2400184986,Eesti loob maailma esimese agentide riigi,57,2,670.8800000000001,0.1184984217991313
2400184986,Eesti loob maailma esimese agentide riigi,70,2,614.64,0.1085646762082907
2400184986,Eesti loob maailma esimese agentide riigi,77,1,100.2800000000002,0.0177125890442656
2400184986,Eesti loob maailma esimese agentide riigi,101,1,101.0,0.0178397635966376
2400184986,Eesti loob maailma esimese agentide riigi,133,1,358.0799999999999,0.0632481440463763
2400184986,Eesti loob maailma esimese agentide riigi,142,4,1630.3199999999997,0.2879655780878246
2400184989,Tiigri üleandmine. Kes kannab Eesti digilugu edasi_,-1,3,595.4569999999999,0.1231184315295266
2400184989,Tiigri üleandmine. Kes kannab Eesti digilugu edasi_,18,10,3309.5199999999995,0.6842860383127565
2400184989,Tiigri üleandmine. Kes kannab Eesti digilugu edasi_,19,1,320.24,0.0662137593697204
2400184989,Tiigri üleandmine. Kes kannab Eesti digilugu edasi_,48,1,96.84000000000016,0.0200229217379582
2400184989,Tiigri üleandmine. Kes kannab Eesti digilugu edasi_,57,1,385.52,0.0797112431682944
2400184989,Tiigri üleandmine. Kes kannab Eesti digilugu edasi_,132,1,128.8800000000001,0.0266476058817436
2400184992,"Usalda, aga kontrolli – mis saab valesti minna, kui AI-agent saab isikukoodi_",-1,10,2516.387,0.4202448368019076
2400184992,"Usalda, aga kontrolli – mis saab valesti minna, kui AI-agent saab isikukoodi_",49,2,349.35999999999945,0.0583442595217326
2400184992,"Usalda, aga kontrolli – mis saab valesti minna, kui AI-agent saab isikukoodi_",57,1,323.55999999999995,0.0540355753688225
2400184992,"Usalda, aga kontrolli – mis saab valesti minna, kui AI-agent saab isikukoodi_",61,1,93.72000000000024,0.0156515456903389
2400184992,"Usalda, aga kontrolli – mis saab valesti minna, kui AI-agent saab isikukoodi_",100,5,1888.4,0.3153689594711474
2400184992,"Usalda, aga kontrolli – mis saab valesti minna, kui AI-agent saab isikukoodi_",142,3,816.4800000000002,0.1363548231460509
2400184995,Kas annaksid AI-le õiguse enda nimel tegutseda_,-1,10,1751.6800000000003,0.325505889908366
2400184995,Kas annaksid AI-le õiguse enda nimel tegutseda_,57,1,230.4399999999996,0.0428215069364745
2400184995,Kas annaksid AI-le õiguse enda nimel tegutseda_,100,7,2481.368000000001,0.4611001433082198
2400184995,Kas annaksid AI-le õiguse enda nimel tegutseda_,142,3,917.9199999999994,0.1705724598469395
2400207741,"Kuidas rahastada terviseidusid nii, et uued lahendused jõuaksid ka Eestis kasutusele_",-1,5,1735.5200000000004,0.3185269121397091
2400207741,"Kuidas rahastada terviseidusid nii, et uued lahendused jõuaksid ka Eestis kasutusele_",25,1,295.27999999999975,0.0541939168759871
2400207741,"Kuidas rahastada terviseidusid nii, et uued lahendused jõuaksid ka Eestis kasutusele_",28,10,2966.4620000000004,0.5444466101455389
2400207741,"Kuidas rahastada terviseidusid nii, et uued lahendused jõuaksid ka Eestis kasutusele_",49,1,96.80000000000018,0.017766090333228
2400207741,"Kuidas rahastada terviseidusid nii, et uued lahendused jõuaksid ka Eestis kasutusele_",57,1,95.64,0.0175531909036149
2400207741,"Kuidas rahastada terviseidusid nii, et uued lahendused jõuaksid ka Eestis kasutusele_",117,1,94.59999999999992,0.0173623155529273
2400207741,"Kuidas rahastada terviseidusid nii, et uued lahendused jõuaksid ka Eestis kasutusele_",123,1,164.27999999999977,0.0301509640489947
2400207744,Konkurents tervishoius – kas oht või lahendus_,-1,11,3760.786,0.7036100749375209
2400207744,Konkurents tervishoius – kas oht või lahendus_,1,1,95.0,0.0177736667598381
2400207744,Konkurents tervishoius – kas oht või lahendus_,13,5,1489.1999999999998,0.278616258302641
2400207747,Kuidas tehnoloogia areng meie aju mõjutab_,-1,8,2152.76,0.4351465382386466
2400207747,Kuidas tehnoloogia areng meie aju mõjutab_,0,1,228.35999999999967,0.0461593784129104
2400207747,Kuidas tehnoloogia areng meie aju mõjutab_,9,1,531.2399999999998,0.1073818014892038
2400207747,Kuidas tehnoloogia areng meie aju mõjutab_,28,1,94.2,0.0190410467967077
2400207747,Kuidas tehnoloogia areng meie aju mõjutab_,33,7,1804.5270000000005,0.3647567203070339
2400207747,Kuidas tehnoloogia areng meie aju mõjutab_,127,1,136.12000000000037,0.0275145147554974
2400207750,Eesti terviseandmed_ kristallkuul või kompass_,-1,3,1118.9949999999997,0.1996267907843012
2400207750,Eesti terviseandmed_ kristallkuul või kompass_,13,1,97.15999999999984,0.0173331775321629
2400207750,Eesti terviseandmed_ kristallkuul või kompass_,25,11,2814.2000000000003,0.5020484583266063
2400207750,Eesti terviseandmed_ kristallkuul või kompass_,31,2,592.9599999999996,0.1057830480596063
2400207750,Eesti terviseandmed_ kristallkuul või kompass_,52,1,197.80000000000015,0.0352871811019127
2400207750,Eesti terviseandmed_ kristallkuul või kompass_,123,2,784.3199999999999,0.1399213441954103
2400207753,"Uued hambad Türgist – kes parandab, kui midagi läheb valesti_",31,1,120.17900000000007,0.0228892369219529
2400207753,"Uued hambad Türgist – kes parandab, kui midagi läheb valesti_",36,1,129.4400000000005,0.0246530827114354
2400207753,"Uued hambad Türgist – kes parandab, kui midagi läheb valesti_",64,17,5000.839999999999,0.9524576803666116
2400207756,Kuhu kaovad töötajad_,-1,3,426.4800000000004,0.0785478446952486
2400207756,Kuhu kaovad töötajad_,25,1,204.83699999999956,0.0377262822731209
2400207756,Kuhu kaovad töötajad_,42,15,4798.240000000001,0.8837258730316305
2400207759,Tervishoid aastal 2050_ milliseid otsuseid peame tegema juba täna_,-1,6,2063.28,0.3802688797781728
2400207759,Tervishoid aastal 2050_ milliseid otsuseid peame tegema juba täna_,5,1,94.40000000000056,0.0173982117071166
2400207759,Tervishoid aastal 2050_ milliseid otsuseid peame tegema juba täna_,13,1,592.1999999999998,0.1091442899677377
2400207759,Tervishoid aastal 2050_ milliseid otsuseid peame tegema juba täna_,25,1,131.27999999999997,0.0241953096706595
2400207759,Tervishoid aastal 2050_ milliseid otsuseid peame tegema juba täna_,28,2,893.6399999999998,0.1647006134528354
2400207759,Tervishoid aastal 2050_ milliseid otsuseid peame tegema juba täna_,57,1,94.40000000000008,0.0173982117071166
2400207759,Tervishoid aastal 2050_ milliseid otsuseid peame tegema juba täna_,69,2,331.7600000000002,0.0611443931774682
2400207759,Tervishoid aastal 2050_ milliseid otsuseid peame tegema juba täna_,123,4,1224.884999999999,0.2257500905388928
2400207762,Kelle vastutus on ennetus tervishoius_,-1,4,920.2419999999996,0.171124973547689
2400207762,Kelle vastutus on ennetus tervishoius_,13,3,784.2399999999998,0.1458345188059659
2400207762,Kelle vastutus on ennetus tervishoius_,17,1,323.2000000000003,0.060101138016536
2400207762,Kelle vastutus on ennetus tervishoius_,25,1,188.36000000000055,0.0350267647178055
2400207762,Kelle vastutus on ennetus tervishoius_,26,1,96.03999999999996,0.017859261432884
2400207762,Kelle vastutus on ennetus tervishoius_,28,1,257.2000000000003,0.0478280095849414
2400207762,Kelle vastutus on ennetus tervishoius_,31,3,1163.0,0.2162673994840079
2400207762,Kelle vastutus on ennetus tervishoius_,42,1,461.8800000000001,0.0858895842421957
2400207762,Kelle vastutus on ennetus tervishoius_,52,1,96.27999999999976,0.017903890990817
2400207762,Kelle vastutus on ennetus tervishoius_,69,4,919.44,0.1709758364415961
2400207762,Kelle vastutus on ennetus tervishoius_,109,1,167.71999999999937,0.0311886227355611
2400207765,Üksilduse rohi_ kes vastutab üksilduse eest_,-1,18,4914.332,0.8968132250757879
2400207765,Üksilduse rohi_ kes vastutab üksilduse eest_,36,3,425.7599999999997,0.0776966632918303
2400207765,Üksilduse rohi_ kes vastutab üksilduse eest_,78,1,139.68,0.0254901116323817
