episode_id,title,topic_id,passage_count,covered_seconds,fraction_of_analyzed_talk
2247188684,Kas kiirustades elad kauem?,-1,10,1752.4399999999996,0.3371424844663856
2247188684,Kas kiirustades elad kauem?,0,9,1515.5610000000006,0.2915706106345211
2247188684,Kas kiirustades elad kauem?,58,1,184.44000000000003,0.0354834173124216
2247188684,Kas kiirustades elad kauem?,80,1,181.5200000000002,0.034921654253691
2247188684,Kas kiirustades elad kauem?,124,10,1758.1200000000003,0.3382352290463822
2247188687,Kes koristab?!,-1,10,1806.4000000000003,0.3347815700373461
2247188687,Kes koristab?!,0,5,914.4000000000004,0.1694664900587629
2247188687,Kes koristab?!,8,1,184.0400000000002,0.0341082817480476
2247188687,Kes koristab?!,36,1,187.15999999999983,0.0346865138663582
2247188687,Kes koristab?!,65,1,182.2400000000007,0.0337746862951761
2247188687,Kes koristab?!,120,10,1787.64,0.3313047640951955
2247188687,Kes koristab?!,124,1,75.19700000000012,0.0139363207053245
2247188687,Kes koristab?!,180,3,549.8000000000001,0.1018948777715527
2247188690,Kas kõik on kiusamine?,-1,17,3062.2939999999994,0.5846065090124228
2247188690,Kas kõik on kiusamine?,0,5,928.2800000000004,0.1772130730054175
2247188690,Kas kõik on kiusamine?,11,1,183.96000000000004,0.0351188401237521
2247188690,Kas kõik on kiusamine?,39,1,187.0,0.0356991906019876
2247188690,Kas kõik on kiusamine?,40,5,917.4399999999996,0.1751436653790776
2247188690,Kas kõik on kiusamine?,41,1,180.92000000000007,0.0345384896455166
2247188693,Töökius otse laval,-1,18,3255.609999999999,0.6079059649515912
2247188693,Töökius otse laval,0,6,1065.6400000000003,0.1989823450877144
2247188693,Töökius otse laval,40,5,895.2000000000003,0.1671568215556116
2247188693,Töökius otse laval,106,1,181.92000000000007,0.0339691342464218
2247188693,Töökius otse laval,124,1,182.12000000000003,0.0340064793808176
2247188696,Juhi võim versus töötaja julgus,-1,9,1633.6000000000004,0.3099380332633177
2247188696,Juhi võim versus töötaja julgus,0,1,186.23999999999975,0.0353347571712538
2247188696,Juhi võim versus töötaja julgus,12,1,127.89100000000052,0.024264376231684
2247188696,Juhi võim versus töötaja julgus,40,6,1075.1199999999992,0.2039792962304468
2247188696,Juhi võim versus töötaja julgus,106,1,183.5999999999999,0.0348338778814551
2247188696,Juhi võim versus töötaja julgus,125,13,2271.24,0.4309155599100009
2247188699,Õpiamps kui osa tööst,-1,20,3534.1199999999994,0.6461335776393449
2247188699,Õpiamps kui osa tööst,0,5,908.2000000000002,0.1660437436227556
2247188699,Õpiamps kui osa tööst,4,1,142.76299999999992,0.0261009722206732
2247188699,Õpiamps kui osa tööst,29,1,181.6000000000004,0.033201435633002
2247188699,Õpiamps kui osa tööst,64,2,349.96000000000004,0.0639822379632455
2247188699,Õpiamps kui osa tööst,111,1,183.1199999999999,0.0334793331118685
2247188699,Õpiamps kui osa tööst,171,2,366.1199999999999,0.0669367269490897
2247188702,Kuidas juhtida riiki? Visiooni põhjal? Väärtuste põhjal?,-1,15,2613.2000000000003,0.5426423392677485
2247188702,Kuidas juhtida riiki? Visiooni põhjal? Väärtuste põhjal?,4,1,228.29500000000007,0.047406449121051
2247188702,Kuidas juhtida riiki? Visiooni põhjal? Väärtuste põhjal?,40,1,181.75999999999976,0.0377432540889736
2247188702,Kuidas juhtida riiki? Visiooni põhjal? Väärtuste põhjal?,170,4,720.2400000000005,0.1495609667971083
2247188702,Kuidas juhtida riiki? Visiooni põhjal? Väärtuste põhjal?,181,7,1207.88,0.2508215325098454
2247188705,Kas töötaja on alati nõrgem osapool?,-1,10,1779.119999999999,0.3223341286966729
2247188705,Kas töötaja on alati nõrgem osapool?,0,17,3078.97,0.5578359594817636
2247188705,Kas töötaja on alati nõrgem osapool?,40,2,364.5599999999997,0.066049580667779
2247188705,Kas töötaja on alati nõrgem osapool?,58,1,184.07999999999996,0.0333509074207943
2247188705,Kas töötaja on alati nõrgem osapool?,68,1,183.04,0.0331624842150271
2247188705,Kas töötaja on alati nõrgem osapool?,106,1,180.80000000000015,0.0327566496179901
2247188708,Disainime tööd,-1,10,1828.6400000000003,0.3536117754051625
2247188708,Disainime tööd,0,13,2287.4,0.4423241179574813
2247188708,Disainime tööd,4,1,183.84000000000012,0.0355499107481434
2247188708,Disainime tööd,40,1,183.96000000000004,0.0355731156507205
2247188708,Disainime tööd,55,1,183.48,0.0354802960404121
2247188708,Disainime tööd,106,1,184.4,0.0356582002935033
2247188708,Disainime tööd,125,1,180.36000000000013,0.034876968573407
2247188708,Disainime tööd,126,1,184.39999999999964,0.0356582002935032
2247188708,Disainime tööd,157,1,171.5610000000006,0.03317546909194
2250797864,Kuidas luua hoolivamat ühiskonda_ Pihlakodu juhtumist edasi!,-1,24,4370.800000000001,0.7215419087117751
2250797864,Kuidas luua hoolivamat ühiskonda_ Pihlakodu juhtumist edasi!,0,1,183.4799999999996,0.0302893084585055
2250797864,Kuidas luua hoolivamat ühiskonda_ Pihlakodu juhtumist edasi!,13,1,180.52,0.0298006647205659
2250797864,Kuidas luua hoolivamat ühiskonda_ Pihlakodu juhtumist edasi!,15,4,703.2,0.1160859042294591
2250797864,Kuidas luua hoolivamat ühiskonda_ Pihlakodu juhtumist edasi!,55,1,206.35999999999967,0.0340663924869043
2250797864,Kuidas luua hoolivamat ühiskonda_ Pihlakodu juhtumist edasi!,67,1,215.2,0.0355257204069675
2250797864,Kuidas luua hoolivamat ühiskonda_ Pihlakodu juhtumist edasi!,68,1,180.51999999999956,0.0298006647205658
2250797864,Kuidas luua hoolivamat ühiskonda_ Pihlakodu juhtumist edasi!,91,1,200.223,0.033053282142399
2250797867,"Loodus, majandus ja julgeolek. Kas valida tuleb ainult kaks_",-1,12,2190.5600000000004,0.4153818877219663
2250797867,"Loodus, majandus ja julgeolek. Kas valida tuleb ainult kaks_",2,2,363.3999999999999,0.0689092186464477
2250797867,"Loodus, majandus ja julgeolek. Kas valida tuleb ainult kaks_",6,7,1223.72,0.2320461998955173
2250797867,"Loodus, majandus ja julgeolek. Kas valida tuleb ainult kaks_",7,1,225.83999999999924,0.0428245953195203
2250797867,"Loodus, majandus ja julgeolek. Kas valida tuleb ainult kaks_",17,1,184.5999999999999,0.0350045177824277
2250797867,"Loodus, majandus ja julgeolek. Kas valida tuleb ainult kaks_",32,2,367.1600000000008,0.0696222034073467
2250797867,"Loodus, majandus ja julgeolek. Kas valida tuleb ainult kaks_",59,2,354.6,0.0672405309081738
2250797867,"Loodus, majandus ja julgeolek. Kas valida tuleb ainult kaks_",70,1,185.6800000000003,0.0352093112775796
2250797867,"Loodus, majandus ja julgeolek. Kas valida tuleb ainult kaks_",90,1,61.04500000000007,0.0115755730662421
2250797867,"Loodus, majandus ja julgeolek. Kas valida tuleb ainult kaks_",160,1,182.0,0.0345114964052104
2250797867,"Loodus, majandus ja julgeolek. Kas valida tuleb ainult kaks_",172,1,181.92000000000007,0.0344963265166807
2250797870,Noored ja äärmuslus. Mida saame teha_,-1,10,1994.7599999999995,0.3900365446621133
2250797870,Noored ja äärmuslus. Mida saame teha_,26,11,2127.690000000001,0.4160284223225513
2250797870,Noored ja äärmuslus. Mida saame teha_,37,2,380.3999999999997,0.0743798259386932
2250797870,Noored ja äärmuslus. Mida saame teha_,41,1,223.96000000000004,0.0437910247561245
2250797870,Noored ja äärmuslus. Mida saame teha_,167,1,200.35999999999967,0.0391765034833769
2250797870,Noored ja äärmuslus. Mida saame teha_,174,1,182.8800000000001,0.0357586292525453
2250797870,Noored ja äärmuslus. Mida saame teha_,182,1,200.52,0.0392077883733616
2250797873,Vasakpoolsus Eestis. Kas turumõtlemine on piisav_,-1,6,1087.3999999999994,0.1923319783662782
2250797873,Vasakpoolsus Eestis. Kas turumõtlemine on piisav_,107,17,2996.326,0.5299699350839777
2250797873,Vasakpoolsus Eestis. Kas turumõtlemine on piisav_,179,10,1814.000000000001,0.3208480860368117
2250797876,Kas öko-eluviis on ainult rikastele_,-1,9,1633.5599999999995,0.3368274677814246
2250797876,Kas öko-eluviis on ainult rikastele_,2,8,1566.962,0.3230954740381233
2250797876,Kas öko-eluviis on ainult rikastele_,24,1,180.55999999999997,0.0372300788355579
2250797876,Kas öko-eluviis on ainult rikastele_,30,3,581.7199999999998,0.1199461755661318
2250797876,Kas öko-eluviis on ainult rikastele_,57,1,183.0,0.0377331880090114
2250797876,Kas öko-eluviis on ainult rikastele_,97,2,382.6400000000003,0.0788974156271483
2250797876,Kas öko-eluviis on ainult rikastele_,100,1,180.9199999999992,0.0373043080578705
2250797876,Kas öko-eluviis on ainult rikastele_,160,2,361.04,0.0744436622883797
2250797879,Looduskaitse ja riigikaitse – teineteist võimendavad jõud_,-1,5,932.0399999999996,0.1773913063338348
2250797879,Looduskaitse ja riigikaitse – teineteist võimendavad jõud_,2,22,3952.426999999999,0.7522490330019314
2250797879,Looduskaitse ja riigikaitse – teineteist võimendavad jõud_,12,1,182.64000000000036,0.0347611134595207
2250797879,Looduskaitse ja riigikaitse – teineteist võimendavad jõud_,56,1,180.12000000000037,0.034281492314547
2250797879,Looduskaitse ja riigikaitse – teineteist võimendavad jõud_,182,1,180.1600000000003,0.0342891053485942
2250797882,Meedia roll progressiivsete teemade kajastamisel,-1,21,3809.2,0.7682997103042964
2250797882,Meedia roll progressiivsete teemade kajastamisel,2,1,187.5999999999999,0.0378381354754504
2250797882,Meedia roll progressiivsete teemade kajastamisel,37,1,180.92000000000007,0.0364908074105464
2250797882,Meedia roll progressiivsete teemade kajastamisel,130,1,203.36,0.0410168615686972
2250797882,Meedia roll progressiivsete teemade kajastamisel,158,1,196.84000000000012,0.0397018048346891
2250797882,Meedia roll progressiivsete teemade kajastamisel,167,3,521.3609999999996,0.1051563334201296
2250797888,Rohkem kui kondoom ja video. Seksuaalhariduse tulevik Eestis,-1,4,702.3200000000006,0.13478820353725
2250797888,Rohkem kui kondoom ja video. Seksuaalhariduse tulevik Eestis,13,27,4554.545000000001,0.8741014615553652
2254333406,"Kuhu pöörad, rohepööre_",-1,15,2798.5999999999995,0.4882199023664865
2254333406,"Kuhu pöörad, rohepööre_",2,1,185.44000000000003,0.0323502818176378
2254333406,"Kuhu pöörad, rohepööre_",12,1,181.52000000000044,0.0316664320294307
2254333406,"Kuhu pöörad, rohepööre_",56,1,188.23999999999975,0.0328387459520715
2254333406,"Kuhu pöörad, rohepööre_",69,9,1706.6129999999996,0.2977211578065377
2254333406,"Kuhu pöörad, rohepööre_",97,1,184.3199999999997,0.0321548961638643
2254333406,"Kuhu pöörad, rohepööre_",121,1,200.72000000000003,0.0350159003798332
2254333406,"Kuhu pöörad, rohepööre_",129,1,198.96000000000004,0.0347088657810463
2254333406,"Kuhu pöörad, rohepööre_",145,1,191.20000000000027,0.0333551223227586
2254333406,"Kuhu pöörad, rohepööre_",169,1,185.48000000000025,0.0323572598767012
2254333409,Kust tuleb raha aastal 2040_,-1,15,2569.0800000000004,0.4875913849517548
2254333409,Kust tuleb raha aastal 2040_,6,5,907.2399999999998,0.1721870895743339
2254333409,Kust tuleb raha aastal 2040_,23,1,183.27999999999972,0.0347851172536306
2254333409,Kust tuleb raha aastal 2040_,36,1,181.76,0.0344966330860973
2254333409,Kust tuleb raha aastal 2040_,38,1,225.24,0.0427487986152759
2254333409,Kust tuleb raha aastal 2040_,69,1,185.20000000000076,0.0351495183073572
2254333409,Kust tuleb raha aastal 2040_,80,4,729.5200000000002,0.1384572170387859
2254333409,Kust tuleb raha aastal 2040_,97,1,180.0,0.0341625987868481
2254333409,Kust tuleb raha aastal 2040_,168,2,349.7199999999998,0.0663741335985362
2254333412,Millist väliruumi ootame oma linnadesse_ LIFE Tartu ROHEringiga.alp,-1,19,3447.108,0.6104762734592998
2254333412,Millist väliruumi ootame oma linnadesse_ LIFE Tartu ROHEringiga.alp,41,1,217.72,0.038557798089749
2254333412,Millist väliruumi ootame oma linnadesse_ LIFE Tartu ROHEringiga.alp,94,1,198.9599999999998,0.0352354377546227
2254333412,Millist väliruumi ootame oma linnadesse_ LIFE Tartu ROHEringiga.alp,109,1,184.1199999999999,0.0326073019671348
2254333412,Millist väliruumi ootame oma linnadesse_ LIFE Tartu ROHEringiga.alp,159,10,1755.8399999999997,0.310955925950326
2254333415,Hakkab looma! Unistades loome Eesti tulevikku,-1,9,1549.4179999999997,0.3021805346820977
2254333415,Hakkab looma! Unistades loome Eesti tulevikku,2,4,728.6000000000001,0.1420977022142356
2254333415,Hakkab looma! Unistades loome Eesti tulevikku,24,1,181.84000000000012,0.0354639667453151
2254333415,Hakkab looma! Unistades loome Eesti tulevikku,39,1,184.8400000000006,0.036049051986384
2254333415,Hakkab looma! Unistades loome Eesti tulevikku,126,14,2513.2400000000007,0.4901532104212263
2254333415,Hakkab looma! Unistades loome Eesti tulevikku,174,1,180.07999999999993,0.0351207167372214
2258666735,Milliseid lasteraamatuid tahame – lastega ja lastele,12,2,372.859,1.0
2258666738,Mitmekultuuriline maailm Eesti koolis,-1,2,376.7199999999998,0.0719691368708861
2258666738,Mitmekultuuriline maailm Eesti koolis,11,4,768.9200000000001,0.1468955954628418
2258666738,Mitmekultuuriline maailm Eesti koolis,34,20,3675.426,0.7021587302315078
2258666738,Mitmekultuuriline maailm Eesti koolis,41,2,376.6800000000008,0.0719614952126923
2258666738,Mitmekultuuriline maailm Eesti koolis,50,1,180.9199999999996,0.034563220011363
2258666741,Me paneme selle muuseumi kinni!,-1,3,588.6529999999999,0.1400017076482425
2258666741,Me paneme selle muuseumi kinni!,88,18,3190.92,0.7589093217378151
2258666741,Me paneme selle muuseumi kinni!,161,3,546.5599999999997,0.1299905603678625
2258666744,Rahvus: inimene,-1,6,1197.56,0.289267307523689
2258666744,Rahvus: inimene,11,1,201.24000000000024,0.0486089657019834
2258666744,Rahvus: inimene,34,3,614.6,0.14845493102981
2258666744,Rahvus: inimene,39,1,108.17700000000012,0.0261298553107904
2258666744,Rahvus: inimene,41,5,981.8000000000002,0.2371510759600838
2258666744,Rahvus: inimene,50,2,376.1600000000001,0.0908604081616878
2258666744,Rahvus: inimene,91,1,226.0,0.0545896752566499
2258666744,Rahvus: inimene,154,3,603.7999999999997,0.1458462208848019
2258666747,"Kaua säilib Eesti kultuur, kui meid saab olema nii vähe",-1,4,740.24,0.1405736965542125
2258666747,"Kaua säilib Eesti kultuur, kui meid saab olema nii vähe",11,16,2921.57,0.5548145123769191
2258666747,"Kaua säilib Eesti kultuur, kui meid saab olema nii vähe",14,2,353.9200000000001,0.0672104218692139
2258666747,"Kaua säilib Eesti kultuur, kui meid saab olema nii vähe",21,1,185.7599999999993,0.0352763561438322
2258666747,"Kaua säilib Eesti kultuur, kui meid saab olema nii vähe",41,2,365.1600000000002,0.0693449300682701
2258666747,"Kaua säilib Eesti kultuur, kui meid saab olema nii vähe",50,1,184.08000000000004,0.0349573193311621
2258666747,"Kaua säilib Eesti kultuur, kui meid saab olema nii vähe",174,4,718.7599999999998,0.1364945830207848
2267420987,Kliimatark metsandus. Kuidas kohaneda ja tegutseda muutuvas keskkonnas_,-1,8,1423.0630000000008,0.2512282363093294
2267420987,Kliimatark metsandus. Kuidas kohaneda ja tegutseda muutuvas keskkonnas_,6,1,181.8800000000001,0.0321091839362985
2267420987,Kliimatark metsandus. Kuidas kohaneda ja tegutseda muutuvas keskkonnas_,7,7,1231.119999999999,0.2173425254434562
2267420987,Kliimatark metsandus. Kuidas kohaneda ja tegutseda muutuvas keskkonnas_,89,1,196.8800000000001,0.0347572912545549
2267420987,Kliimatark metsandus. Kuidas kohaneda ja tegutseda muutuvas keskkonnas_,175,6,1146.6400000000003,0.2024283850270363
2267420987,Kliimatark metsandus. Kuidas kohaneda ja tegutseda muutuvas keskkonnas_,183,10,1763.1599999999994,0.3112691266171328
2267420990,Püsimetsandus – kas kesktee metsakaitse ja metsamajanduse vahel_,-1,12,2093.8779999999992,0.3672724032556191
2267420990,Püsimetsandus – kas kesktee metsakaitse ja metsamajanduse vahel_,7,2,382.3999999999997,0.0670740926667879
2267420990,Püsimetsandus – kas kesktee metsakaitse ja metsamajanduse vahel_,98,19,3374.4000000000005,0.5918797549550461
2267420993,"Mõõdame eurodes, mitte tihumeetrites",-1,3,544.0800000000002,0.1468675252654632
2267420993,"Mõõdame eurodes, mitte tihumeetrites",2,2,377.04,0.1017771866749195
2267420993,"Mõõdame eurodes, mitte tihumeetrites",6,8,1461.1999999999998,0.3944324877185244
2267420993,"Mõõdame eurodes, mitte tihumeetrites",7,1,184.55999999999997,0.0498196413450115
2267420993,"Mõõdame eurodes, mitte tihumeetrites",8,1,184.6400000000001,0.049841236334758
2267420993,"Mõõdame eurodes, mitte tihumeetrites",12,1,184.92000000000007,0.0499168187988705
2267420993,"Mõõdame eurodes, mitte tihumeetrites",97,1,190.84000000000012,0.0515148480401062
2267420993,"Mõõdame eurodes, mitte tihumeetrites",156,1,184.76,0.0498736288193776
2267420993,"Mõõdame eurodes, mitte tihumeetrites",163,1,210.08300000000008,0.0567092528862378
2267420993,"Mõõdame eurodes, mitte tihumeetrites",169,1,183.4000000000001,0.0495065139936883
2267420993,"Mõõdame eurodes, mitte tihumeetrites",175,1,193.08,0.0521195077530062
2267420996,"Eesti inimesed soovivad, ökoloogid soovitavad ja prognoosid näitavad, et raiemahtu peaks vähendama. Mis seda takistab_",-1,10,1819.0400000000004,0.3122305161456875
2267420996,"Eesti inimesed soovivad, ökoloogid soovitavad ja prognoosid näitavad, et raiemahtu peaks vähendama. Mis seda takistab_",7,21,3812.12,0.6543342615936418
2267420996,"Eesti inimesed soovivad, ökoloogid soovitavad ja prognoosid näitavad, et raiemahtu peaks vähendama. Mis seda takistab_",91,1,113.55199999999968,0.0194907201432486
2267420996,"Eesti inimesed soovivad, ökoloogid soovitavad ja prognoosid näitavad, et raiemahtu peaks vähendama. Mis seda takistab_",175,1,206.48,0.0354414179862793
2267420999,Kas tulevikumetsad vajavad rangemat kaitset või paindlikumat majandamist_,-1,12,2225.5950000000007,0.4467061469400782
2267420999,Kas tulevikumetsad vajavad rangemat kaitset või paindlikumat majandamist_,2,4,730.4799999999996,0.1466169299521198
2267420999,Kas tulevikumetsad vajavad rangemat kaitset või paindlikumat majandamist_,7,10,1844.2400000000007,0.3701631898134072
2267420999,Kas tulevikumetsad vajavad rangemat kaitset või paindlikumat majandamist_,175,2,376.32,0.075532366498168
2271676346,Ajateenistuse tulevikuvaade – kuhu liigume ja miks_,-1,3,635.1599999999999,0.1142056953968178
2271676346,Ajateenistuse tulevikuvaade – kuhu liigume ja miks_,9,3,597.1600000000003,0.1073730604307005
2271676346,Ajateenistuse tulevikuvaade – kuhu liigume ja miks_,18,1,189.48,0.0340696756152608
2271676346,Ajateenistuse tulevikuvaade – kuhu liigume ja miks_,31,21,4098.503999999999,0.7369363615571501
2271676346,Ajateenistuse tulevikuvaade – kuhu liigume ja miks_,55,1,184.44000000000003,0.0331634524513336
2271676349,Millised on minu kui kodaniku võimalused toetada laiapõhjalist riigikaitset,-1,9,1604.8000000000006,0.2764196694091031
2271676349,Millised on minu kui kodaniku võimalused toetada laiapõhjalist riigikaitset,4,1,184.48,0.0317758603019636
2271676349,Millised on minu kui kodaniku võimalused toetada laiapõhjalist riigikaitset,9,19,3380.5600000000004,0.582286439193443
2271676349,Millised on minu kui kodaniku võimalused toetada laiapõhjalist riigikaitset,14,1,182.92000000000007,0.0315071572334952
2271676349,Millised on minu kui kodaniku võimalused toetada laiapõhjalist riigikaitset,31,1,181.44000000000003,0.0312522338095636
2271676349,Millised on minu kui kodaniku võimalused toetada laiapõhjalist riigikaitset,87,1,180.48,0.0310868780751214
2271676349,Millised on minu kui kodaniku võimalused toetada laiapõhjalist riigikaitset,182,1,113.26499999999942,0.0195093929808212
2271676349,Millised on minu kui kodaniku võimalused toetada laiapõhjalist riigikaitset,185,1,186.44000000000003,0.0321134615931163
2271676352,Ajalugu oleviku teejuhina – kristallkuul või kõverpeegel_,-1,10,1823.32,0.3279765438094724
2271676352,Ajalugu oleviku teejuhina – kristallkuul või kõverpeegel_,12,1,226.28,0.0407029662007806
2271676352,Ajalugu oleviku teejuhina – kristallkuul või kõverpeegel_,26,1,122.78000000000064,0.0220855143633192
2271676352,Ajalugu oleviku teejuhina – kristallkuul või kõverpeegel_,28,4,708.88,0.1275124566042487
2271676352,Ajalugu oleviku teejuhina – kristallkuul või kõverpeegel_,85,1,182.76000000000025,0.0328746424909611
2271676352,Ajalugu oleviku teejuhina – kristallkuul või kõverpeegel_,114,15,2662.8,0.4789811666936484
2271676355,Valel on ohtlikud jalad ehk kuidas väärinfo ohustab meie julgeolekut.,-1,16,2957.9770000000008,0.5171815588896561
2271676355,Valel on ohtlikud jalad ehk kuidas väärinfo ohustab meie julgeolekut.,21,2,374.3199999999997,0.0654472300236194
2271676355,Valel on ohtlikud jalad ehk kuidas väärinfo ohustab meie julgeolekut.,26,2,363.0000000000002,0.0634680073161303
2271676355,Valel on ohtlikud jalad ehk kuidas väärinfo ohustab meie julgeolekut.,37,3,521.8800000000001,0.0912470624191242
2271676355,Valel on ohtlikud jalad ehk kuidas väärinfo ohustab meie julgeolekut.,60,4,796.7199999999998,0.1393009112642075
2271676355,Valel on ohtlikud jalad ehk kuidas väärinfo ohustab meie julgeolekut.,114,1,180.56,0.0315696512424255
2271676355,Valel on ohtlikud jalad ehk kuidas väärinfo ohustab meie julgeolekut.,127,2,375.08,0.065580110700094
2271676355,Valel on ohtlikud jalad ehk kuidas väärinfo ohustab meie julgeolekut.,182,1,181.96000000000004,0.0318144314359313
2271676355,Valel on ohtlikud jalad ehk kuidas väärinfo ohustab meie julgeolekut.,185,1,182.35999999999967,0.0318843686340757
2271676358,Kaitsekulud Eestis. Ühiskonna roll kaitsevõime tagajana,-1,22,3871.949,0.7230869271370142
2271676358,Kaitsekulud Eestis. Ühiskonna roll kaitsevõime tagajana,9,4,693.44,0.1295000008403755
2271676358,Kaitsekulud Eestis. Ühiskonna roll kaitsevõime tagajana,59,3,535.4800000000001,0.1000009524255945
2271676358,Kaitsekulud Eestis. Ühiskonna roll kaitsevõime tagajana,69,1,181.36000000000013,0.0338690011427239
2271676358,Kaitsekulud Eestis. Ühiskonna roll kaitsevõime tagajana,90,1,181.0,0.0338017711007556
2271676361,"“Kogu rahvas peab sõda. Sõjavägi peab lahinguid.” – Kindralleitnant Nikolai Reek, Sõjavägede staabi ülem 1937.",-1,12,2117.736000000001,0.4002573457702004
2271676361,"“Kogu rahvas peab sõda. Sõjavägi peab lahinguid.” – Kindralleitnant Nikolai Reek, Sõjavägede staabi ülem 1937.",9,15,2792.0,0.5276949106925505
2271676361,"“Kogu rahvas peab sõda. Sõjavägi peab lahinguid.” – Kindralleitnant Nikolai Reek, Sõjavägede staabi ülem 1937.",24,1,186.4000000000001,0.0352300613728837
2271676361,"“Kogu rahvas peab sõda. Sõjavägi peab lahinguid.” – Kindralleitnant Nikolai Reek, Sõjavägede staabi ülem 1937.",87,1,183.72000000000023,0.034723534739411
2271676361,"“Kogu rahvas peab sõda. Sõjavägi peab lahinguid.” – Kindralleitnant Nikolai Reek, Sõjavägede staabi ülem 1937.",182,1,182.63999999999987,0.0345194120662204
2271676364,"Rahvaarv kahaneb, aga ohud kasvavad. Kas Eesti riigikaitse vajab uut lähenemist_",-1,13,2320.119999999999,0.4698625115687531
2271676364,"Rahvaarv kahaneb, aga ohud kasvavad. Kas Eesti riigikaitse vajab uut lähenemist_",9,2,364.48,0.0738132028587224
2271676364,"Rahvaarv kahaneb, aga ohud kasvavad. Kas Eesti riigikaitse vajab uut lähenemist_",12,1,182.48,0.0369552053820776
2271676364,"Rahvaarv kahaneb, aga ohud kasvavad. Kas Eesti riigikaitse vajab uut lähenemist_",31,8,1351.9099999999994,0.2737840404870925
2271676364,"Rahvaarv kahaneb, aga ohud kasvavad. Kas Eesti riigikaitse vajab uut lähenemist_",91,1,182.0,0.0368579974766447
2271676364,"Rahvaarv kahaneb, aga ohud kasvavad. Kas Eesti riigikaitse vajab uut lähenemist_",130,1,183.55999999999997,0.0371739231693017
2271676364,"Rahvaarv kahaneb, aga ohud kasvavad. Kas Eesti riigikaitse vajab uut lähenemist_",185,3,548.48,0.111076233274671
2271676367,"Kui sõda algab, kolin Hispaaniasse_",-1,23,3995.820000000001,0.7080794870977004
2271676367,"Kui sõda algab, kolin Hispaaniasse_",9,4,721.559999999999,0.1278640766376403
2271676367,"Kui sõda algab, kolin Hispaaniasse_",39,3,548.3200000000005,0.0971650735932577
2271676367,"Kui sõda algab, kolin Hispaaniasse_",91,1,183.5999999999999,0.0325348473732895
2271676367,"Kui sõda algab, kolin Hispaaniasse_",182,1,181.92000000000007,0.0322371428875208
2271676367,"Kui sõda algab, kolin Hispaaniasse_",185,1,180.55999999999997,0.031996144018089
2277338243,Maailmahariduslik mälumäng ja mõtteharjutused koos Ivo Linnaga,-1,16,3260.44,0.6794341369162603
2277338243,Maailmahariduslik mälumäng ja mõtteharjutused koos Ivo Linnaga,14,1,183.1200000000001,0.0381598738673632
2277338243,Maailmahariduslik mälumäng ja mõtteharjutused koos Ivo Linnaga,28,1,255.48000000000047,0.0532387755331693
2277338243,Maailmahariduslik mälumäng ja mõtteharjutused koos Ivo Linnaga,56,1,241.92000000000007,0.0504130443752321
2277338243,Maailmahariduslik mälumäng ja mõtteharjutused koos Ivo Linnaga,86,2,444.56,0.092640637431602
2277338243,Maailmahariduslik mälumäng ja mõtteharjutused koos Ivo Linnaga,91,2,333.558,0.0695092355146894
2277338243,Maailmahariduslik mälumäng ja mõtteharjutused koos Ivo Linnaga,158,1,216.32000000000016,0.0450783306847313
2277338246,Ettevõtjad ja noored - kas parallelmaailmad või partnerid ettevõtliku tulevikupõlvkonna kujundamisel_,-1,12,2129.6370000000006,0.3877794422562632
2277338246,Ettevõtjad ja noored - kas parallelmaailmad või partnerid ettevõtliku tulevikupõlvkonna kujundamisel_,0,1,185.32000000000016,0.0337443828403294
2277338246,Ettevõtjad ja noored - kas parallelmaailmad või partnerid ettevõtliku tulevikupõlvkonna kujundamisel_,10,1,185.84000000000003,0.0338390681364495
2277338246,Ettevõtjad ja noored - kas parallelmaailmad või partnerid ettevõtliku tulevikupõlvkonna kujundamisel_,23,1,180.72000000000023,0.0329067821438827
2277338246,Ettevõtjad ja noored - kas parallelmaailmad või partnerid ettevõtliku tulevikupõlvkonna kujundamisel_,29,1,180.23999999999975,0.0328193803320795
2277338246,Ettevõtjad ja noored - kas parallelmaailmad või partnerid ettevõtliku tulevikupõlvkonna kujundamisel_,57,8,1473.3599999999997,0.268279861329742
2277338246,Ettevõtjad ja noored - kas parallelmaailmad või partnerid ettevõtliku tulevikupõlvkonna kujundamisel_,64,7,1250.3199999999997,0.227667152778549
2277338246,Ettevõtjad ja noored - kas parallelmaailmad või partnerid ettevõtliku tulevikupõlvkonna kujundamisel_,176,1,183.12000000000037,0.0333437912028984
2277338249,Kas lapsi saab panna liikuma_,-1,6,1080.0799999999997,0.2058971436937422
2277338249,Kas lapsi saab panna liikuma_,14,1,183.55999999999997,0.03499229658583
2277338249,Kas lapsi saab panna liikuma_,39,1,182.39999999999984,0.0347711641820407
2277338249,Kas lapsi saab panna liikuma_,128,12,2045.8459999999995,0.3900024515195799
2277338249,Kas lapsi saab panna liikuma_,155,7,1231.68,0.2347968612924121
2277338249,Kas lapsi saab panna liikuma_,176,4,720.2399999999993,0.1373003469872424
2280202454,Oskusi kombineerides saame tõenäolisemalt olümpiavõitjaks,-1,7,1248.16,0.2337381341136589
2280202454,Oskusi kombineerides saame tõenäolisemalt olümpiavõitjaks,8,12,2114.2,0.3959181219900475
2280202454,Oskusi kombineerides saame tõenäolisemalt olümpiavõitjaks,11,1,182.84000000000012,0.034239745258093
2280202454,Oskusi kombineerides saame tõenäolisemalt olümpiavõitjaks,12,2,254.91299999999936,0.0477365794299729
2280202454,Oskusi kombineerides saame tõenäolisemalt olümpiavõitjaks,19,1,182.64000000000036,0.0342022920254765
2280202454,Oskusi kombineerides saame tõenäolisemalt olümpiavõitjaks,22,1,181.96000000000004,0.03407495103458
2280202454,Oskusi kombineerides saame tõenäolisemalt olümpiavõitjaks,43,1,183.07999999999996,0.0342846891372329
2280202454,Oskusi kombineerides saame tõenäolisemalt olümpiavõitjaks,55,1,182.0,0.0340824416811033
2280202454,Oskusi kombineerides saame tõenäolisemalt olümpiavõitjaks,176,6,1053.6800000000003,0.19731861071728
2280202457,Naised ettevõtluses sotsiodraama_ Kuidas tappa ettevõtjat_,-1,7,1222.2189999999998,0.2684909798142823
2280202457,Naised ettevõtluses sotsiodraama_ Kuidas tappa ettevõtjat_,6,2,370.7999999999997,0.0814554963677833
2280202457,Naised ettevõtluses sotsiodraama_ Kuidas tappa ettevõtjat_,33,1,181.91999999999985,0.0399632791241293
2280202457,Naised ettevõtluses sotsiodraama_ Kuidas tappa ettevõtjat_,36,1,182.48,0.0400862971337462
2280202457,Naised ettevõtluses sotsiodraama_ Kuidas tappa ettevõtjat_,51,1,187.76000000000005,0.0412461812244202
2280202457,Naised ettevõtluses sotsiodraama_ Kuidas tappa ettevõtjat_,54,1,195.04,0.0428454153494403
2280202457,Naised ettevõtluses sotsiodraama_ Kuidas tappa ettevõtjat_,57,12,2213.76,0.4863077660171096
2280202457,Naised ettevõtluses sotsiodraama_ Kuidas tappa ettevõtjat_,156,1,182.27999999999972,0.0400423621303116
2280202460,Tööstusinvesteeringud ja energiajulgeolek. Kuidas tagada tööstuse edukas tulevik muutuvas geopoliitilises olukorras_,-1,8,1443.4000000000003,0.2633231402187512
2280202460,Tööstusinvesteeringud ja energiajulgeolek. Kuidas tagada tööstuse edukas tulevik muutuvas geopoliitilises olukorras_,6,7,1115.1579999999994,0.2034411156990869
2280202460,Tööstusinvesteeringud ja energiajulgeolek. Kuidas tagada tööstuse edukas tulevik muutuvas geopoliitilises olukorras_,8,1,181.36000000000013,0.033085966960006
2280202460,Tööstusinvesteeringud ja energiajulgeolek. Kuidas tagada tööstuse edukas tulevik muutuvas geopoliitilises olukorras_,38,3,548.2399999999996,0.1000168202809533
2280202460,Tööstusinvesteeringud ja energiajulgeolek. Kuidas tagada tööstuse edukas tulevik muutuvas geopoliitilises olukorras_,43,1,181.27999999999972,0.0330713723561418
2280202460,Tööstusinvesteeringud ja energiajulgeolek. Kuidas tagada tööstuse edukas tulevik muutuvas geopoliitilises olukorras_,53,1,182.76000000000025,0.0333413725276285
2280202460,Tööstusinvesteeringud ja energiajulgeolek. Kuidas tagada tööstuse edukas tulevik muutuvas geopoliitilises olukorras_,63,1,180.79999999999995,0.032983804732957
2280202460,Tööstusinvesteeringud ja energiajulgeolek. Kuidas tagada tööstuse edukas tulevik muutuvas geopoliitilises olukorras_,80,3,534.8799999999997,0.0975795214356419
2280202460,Tööstusinvesteeringud ja energiajulgeolek. Kuidas tagada tööstuse edukas tulevik muutuvas geopoliitilises olukorras_,84,4,704.3199999999997,0.1284908924198911
2280202460,Tööstusinvesteeringud ja energiajulgeolek. Kuidas tagada tööstuse edukas tulevik muutuvas geopoliitilises olukorras_,134,2,363.6000000000004,0.0663324745625176
2280202460,Tööstusinvesteeringud ja energiajulgeolek. Kuidas tagada tööstuse edukas tulevik muutuvas geopoliitilises olukorras_,168,1,182.24,0.0332465076025115
2280202460,Tööstusinvesteeringud ja energiajulgeolek. Kuidas tagada tööstuse edukas tulevik muutuvas geopoliitilises olukorras_,184,1,180.76000000000025,0.032976507431025
2280202463,Kohalikud bioressursid majanduse hüvanguks. Miks on see päriselus nii raske_,-1,22,3841.545,0.7055924179321048
2280202463,Kohalikud bioressursid majanduse hüvanguks. Miks on see päriselus nii raske_,6,1,184.6,0.0339062435427065
2280202463,Kohalikud bioressursid majanduse hüvanguks. Miks on see päriselus nii raske_,23,1,180.7199999999998,0.0331935879362834
2280202463,Kohalikud bioressursid majanduse hüvanguks. Miks on see päriselus nii raske_,54,3,530.48,0.0974354500245664
2280202463,Kohalikud bioressursid majanduse hüvanguks. Miks on see päriselus nii raske_,90,1,180.1199999999999,0.0330833834610633
2280202463,Kohalikud bioressursid majanduse hüvanguks. Miks on see päriselus nii raske_,97,1,183.27999999999972,0.0336637936972223
2280202463,Kohalikud bioressursid majanduse hüvanguks. Miks on see päriselus nii raske_,109,1,183.55999999999997,0.033715222452325
2280202463,Kohalikud bioressursid majanduse hüvanguks. Miks on see päriselus nii raske_,156,1,182.4000000000001,0.0335021604668996
2280202463,Kohalikud bioressursid majanduse hüvanguks. Miks on see päriselus nii raske_,175,1,184.76000000000025,0.0339356314027652
2280202466,Kas Eestist võiks saada uute keskkonnasõbralike kütuste tootja_,-1,2,401.9999999999996,0.0785892256517577
2280202466,Kas Eestist võiks saada uute keskkonnasõbralike kütuste tootja_,16,13,2302.6449999999995,0.4501569340818206
2280202466,Kas Eestist võiks saada uute keskkonnasõbralike kütuste tootja_,69,2,432.52,0.084555750942533
2280202466,Kas Eestist võiks saada uute keskkonnasõbralike kütuste tootja_,84,1,181.4399999999996,0.035470719159838
2280202466,Kas Eestist võiks saada uute keskkonnasõbralike kütuste tootja_,151,11,1956.04,0.3823971864275234
2280202469,Eesti Looduskapital. Kas roheinvestori järgmine edulugu või riiklikult pidurdatud potentsiaal_,-1,8,1450.92,0.2762003097573567
2280202469,Eesti Looduskapital. Kas roheinvestori järgmine edulugu või riiklikult pidurdatud potentsiaal_,56,1,182.39999999999984,0.0347220635870632
2280202469,Eesti Looduskapital. Kas roheinvestori järgmine edulugu või riiklikult pidurdatud potentsiaal_,77,21,3743.424,0.7126063934283926
2280202472,Rändepööre - võimalus või identiteedikriis_,-1,8,1374.687,0.2408702951919928
2280202472,Rändepööre - võimalus või identiteedikriis_,26,1,182.3199999999997,0.0319457972756009
2280202472,Rändepööre - võimalus või identiteedikriis_,34,1,182.19999999999985,0.0319247710816942
2280202472,Rändepööre - võimalus või identiteedikriis_,41,2,367.96000000000026,0.0644733192492878
2280202472,Rändepööre - võimalus või identiteedikriis_,75,15,2786.7200000000003,0.4882842923643202
2280202472,Rändepööre - võimalus või identiteedikriis_,130,1,181.23999999999975,0.0317565615304405
2280202472,Rändepööre - võimalus või identiteedikriis_,145,3,540.9600000000003,0.0947860821314673
2280202472,Rändepööre - võimalus või identiteedikriis_,154,2,365.0,0.0639546731329221
2280202475,"Kes ütles, et tehnoloogiasektoris töötamine pole naistele_",-1,8,1447.0800000000004,0.2684538857154624
2280202475,"Kes ütles, et tehnoloogiasektoris töötamine pole naistele_",8,20,3428.223000000001,0.6359840405845701
2280202475,"Kes ütles, et tehnoloogiasektoris töötamine pole naistele_",68,1,180.03999999999996,0.0333999762170797
2280202475,"Kes ütles, et tehnoloogiasektoris töötamine pole naistele_",134,2,363.2400000000002,0.0673861773000004
2280202475,"Kes ütles, et tehnoloogiasektoris töötamine pole naistele_",138,1,184.79999999999973,0.0342830237998019
2289585014,Küberkurjategija mõtteviis. Kuidas mõelda nagu häkker_,-1,6,1040.015,0.192001764913845
2289585014,Küberkurjategija mõtteviis. Kuidas mõelda nagu häkker_,21,25,4315.4400000000005,0.7966924480702717
2289585014,Küberkurjategija mõtteviis. Kuidas mõelda nagu häkker_,60,1,181.67999999999984,0.0335407476330123
2289585017,Vanematega kohtupinki – digilaste tulevik_,-1,5,890.6799999999997,0.1685741377580857
2289585017,Vanematega kohtupinki – digilaste tulevik_,73,18,3156.57,0.5974267593558192
2289585017,Vanematega kohtupinki – digilaste tulevik_,122,6,1084.2799999999993,0.2052157521088799
2289585017,Vanematega kohtupinki – digilaste tulevik_,187,2,353.0800000000004,0.0668255227013349
2289585020,"Zoomer vs Boomer. Arija ja Marii Laser Techist võtavad ette sotsiaalmeedias levinud trendid ja vaidlevad selgeks, miks mingi asi trendib.",-1,7,1274.1599999999994,0.2345859213098044
2289585020,"Zoomer vs Boomer. Arija ja Marii Laser Techist võtavad ette sotsiaalmeedias levinud trendid ja vaidlevad selgeks, miks mingi asi trendib.",22,7,1242.200000000001,0.2287017575901295
2289585020,"Zoomer vs Boomer. Arija ja Marii Laser Techist võtavad ette sotsiaalmeedias levinud trendid ja vaidlevad selgeks, miks mingi asi trendib.",34,2,352.79999999999995,0.0649540976314583
2289585020,"Zoomer vs Boomer. Arija ja Marii Laser Techist võtavad ette sotsiaalmeedias levinud trendid ja vaidlevad selgeks, miks mingi asi trendib.",37,3,538.16,0.099080774323542
2289585020,"Zoomer vs Boomer. Arija ja Marii Laser Techist võtavad ette sotsiaalmeedias levinud trendid ja vaidlevad selgeks, miks mingi asi trendib.",73,1,197.67999999999984,0.0363949150220711
2289585020,"Zoomer vs Boomer. Arija ja Marii Laser Techist võtavad ette sotsiaalmeedias levinud trendid ja vaidlevad selgeks, miks mingi asi trendib.",100,2,352.15999999999985,0.0648362670688616
2289585020,"Zoomer vs Boomer. Arija ja Marii Laser Techist võtavad ette sotsiaalmeedias levinud trendid ja vaidlevad selgeks, miks mingi asi trendib.",111,2,355.8000000000002,0.0655064283936307
2289585020,"Zoomer vs Boomer. Arija ja Marii Laser Techist võtavad ette sotsiaalmeedias levinud trendid ja vaidlevad selgeks, miks mingi asi trendib.",122,2,369.72000000000025,0.06806924313011
2289585020,"Zoomer vs Boomer. Arija ja Marii Laser Techist võtavad ette sotsiaalmeedias levinud trendid ja vaidlevad selgeks, miks mingi asi trendib.",187,6,1009.4079999999996,0.1858423633275939
2289585023,TI-hüppe ootuses. Kas Eesti haridus on valmis tehisintellekti revolutsiooniks_,-1,9,1689.88,0.3151469444334104
2289585023,TI-hüppe ootuses. Kas Eesti haridus on valmis tehisintellekti revolutsiooniks_,8,2,386.2399999999998,0.0720301771829718
2289585023,TI-hüppe ootuses. Kas Eesti haridus on valmis tehisintellekti revolutsiooniks_,12,1,140.317,0.026167818899604
2289585023,TI-hüppe ootuses. Kas Eesti haridus on valmis tehisintellekti revolutsiooniks_,22,1,180.1199999999999,0.0335907091813299
2289585023,TI-hüppe ootuses. Kas Eesti haridus on valmis tehisintellekti revolutsiooniks_,29,1,184.76000000000025,0.0344560261400318
2289585023,TI-hüppe ootuses. Kas Eesti haridus on valmis tehisintellekti revolutsiooniks_,53,3,564.7200000000003,0.1053150415771744
2289585023,TI-hüppe ootuses. Kas Eesti haridus on valmis tehisintellekti revolutsiooniks_,103,4,695.48,0.1297005686288661
2289585023,TI-hüppe ootuses. Kas Eesti haridus on valmis tehisintellekti revolutsiooniks_,134,3,545.9999999999998,0.1018239352265498
2289585023,TI-hüppe ootuses. Kas Eesti haridus on valmis tehisintellekti revolutsiooniks_,136,2,365.1200000000004,0.0680914930950877
2289585023,TI-hüppe ootuses. Kas Eesti haridus on valmis tehisintellekti revolutsiooniks_,152,1,186.43999999999997,0.0347693305561134
2289585023,TI-hüppe ootuses. Kas Eesti haridus on valmis tehisintellekti revolutsiooniks_,162,2,367.3199999999997,0.0685017726875756
2289585023,TI-hüppe ootuses. Kas Eesti haridus on valmis tehisintellekti revolutsiooniks_,171,1,181.0,0.0337548210183251
2289585023,TI-hüppe ootuses. Kas Eesti haridus on valmis tehisintellekti revolutsiooniks_,177,1,195.4000000000001,0.0364402874418825
2289585026,Kuidas kaitsta lapsi AI-ajastul internetis kurjade kavatsustega inimeste eest_,-1,15,2537.913,0.488718740810935
2289585026,Kuidas kaitsta lapsi AI-ajastul internetis kurjade kavatsustega inimeste eest_,82,6,1070.32,0.2061085004351055
2289585026,Kuidas kaitsta lapsi AI-ajastul internetis kurjade kavatsustega inimeste eest_,103,2,368.72,0.0710033693478886
2289585026,Kuidas kaitsta lapsi AI-ajastul internetis kurjade kavatsustega inimeste eest_,122,3,549.0400000000004,0.1057270826284573
2289585026,Kuidas kaitsta lapsi AI-ajastul internetis kurjade kavatsustega inimeste eest_,133,2,353.5999999999999,0.0680917536380272
2289585026,Kuidas kaitsta lapsi AI-ajastul internetis kurjade kavatsustega inimeste eest_,152,2,367.8399999999999,0.0708339102324998
2289585026,Kuidas kaitsta lapsi AI-ajastul internetis kurjade kavatsustega inimeste eest_,187,1,180.03999999999996,0.0346697944711267
2289585029,Alati ühenduses. Suurem produktiivsus või läbipõlemise oht_,-1,15,2560.3140000000003,0.47926622856623
2289585029,Alati ühenduses. Suurem produktiivsus või läbipõlemise oht_,0,2,361.0799999999999,0.0675907134088609
2289585029,Alati ühenduses. Suurem produktiivsus või läbipõlemise oht_,12,1,184.48,0.0345328869216424
2289585029,Alati ühenduses. Suurem produktiivsus või läbipõlemise oht_,22,1,184.1199999999999,0.0344654983738768
2289585029,Alati ühenduses. Suurem produktiivsus või läbipõlemise oht_,23,1,181.24000000000024,0.0339263899917524
2289585029,Alati ühenduses. Suurem produktiivsus või läbipõlemise oht_,24,1,181.15999999999983,0.0339114147589155
2289585029,Alati ühenduses. Suurem produktiivsus või läbipõlemise oht_,40,1,181.32000000000005,0.0339413652245891
2289585029,Alati ühenduses. Suurem produktiivsus või läbipõlemise oht_,47,1,181.96000000000004,0.0340611670872835
2289585029,Alati ühenduses. Suurem produktiivsus või läbipõlemise oht_,55,1,181.48,0.0339713156902627
2289585029,Alati ühenduses. Suurem produktiivsus või läbipõlemise oht_,96,1,181.80000000000015,0.0340312166216099
2289585029,Alati ühenduses. Suurem produktiivsus või läbipõlemise oht_,106,6,1068.8399999999997,0.2000765983159601
2289585029,Alati ühenduses. Suurem produktiivsus või läbipõlemise oht_,111,1,183.76000000000005,0.0343981098261113
2289585032,Tehisaru koolipingis. Kas õpetaja parim abiline või oht kriitilisele mõtlemisele_,-1,10,1783.4,0.3914949403548655
2289585032,Tehisaru koolipingis. Kas õpetaja parim abiline või oht kriitilisele mõtlemisele_,5,9,1574.9999999999995,0.3457466250190159
2289585032,Tehisaru koolipingis. Kas õpetaja parim abiline või oht kriitilisele mõtlemisele_,29,3,484.3590000000004,0.106327294950848
2289585032,Tehisaru koolipingis. Kas õpetaja parim abiline või oht kriitilisele mõtlemisele_,103,1,184.0,0.0403919866688882
2289585032,Tehisaru koolipingis. Kas õpetaja parim abiline või oht kriitilisele mõtlemisele_,136,2,366.1199999999999,0.0803712726044204
2289585032,Tehisaru koolipingis. Kas õpetaja parim abiline või oht kriitilisele mõtlemisele_,152,1,183.63999999999987,0.0403129588688838
2289585032,Tehisaru koolipingis. Kas õpetaja parim abiline või oht kriitilisele mõtlemisele_,177,1,184.52,0.0405061379355611
2293106213,Ulmefilmidest igapäevaellu_ tervisetehnoloogiad tuleviku kodus,-1,15,2728.479999999999,0.4918012693738854
2293106213,Ulmefilmidest igapäevaellu_ tervisetehnoloogiad tuleviku kodus,23,1,180.63999999999987,0.0325598799696895
2293106213,Ulmefilmidest igapäevaellu_ tervisetehnoloogiad tuleviku kodus,60,2,364.2800000000002,0.0656605019672195
2293106213,Ulmefilmidest igapäevaellu_ tervisetehnoloogiad tuleviku kodus,83,3,575.8800000000001,0.1038008396642208
2293106213,Ulmefilmidest igapäevaellu_ tervisetehnoloogiad tuleviku kodus,96,10,1909.6919999999984,0.344216908210122
2293106216,"Kuidas KOOSTÖÖS kasutada ära Eesti tervishoiu ressurss, et päästa esmatasand_",-1,9,1614.5599999999995,0.313024859396087
2293106216,"Kuidas KOOSTÖÖS kasutada ära Eesti tervishoiu ressurss, et päästa esmatasand_",23,1,198.19999999999985,0.0384262753519871
2293106216,"Kuidas KOOSTÖÖS kasutada ära Eesti tervishoiu ressurss, et päästa esmatasand_",42,2,364.04,0.0705787148291494
2293106216,"Kuidas KOOSTÖÖS kasutada ära Eesti tervishoiu ressurss, et päästa esmatasand_",44,16,2845.4890000000005,0.5516727740920824
2293106216,"Kuidas KOOSTÖÖS kasutada ära Eesti tervishoiu ressurss, et päästa esmatasand_",96,1,181.4799999999996,0.0351846642324854
2293106216,"Kuidas KOOSTÖÖS kasutada ära Eesti tervishoiu ressurss, et päästa esmatasand_",137,1,181.96000000000004,0.035277724838787
2293106219,Ravivalikute loterii - miks mõni haigus saab kõik ja teine mitte midagi_,-1,7,1263.96,0.2311012946835878
2293106219,Ravivalikute loterii - miks mõni haigus saab kõik ja teine mitte midagi_,42,2,366.44000000000005,0.0669995557010142
2293106219,Ravivalikute loterii - miks mõni haigus saab kõik ja teine mitte midagi_,46,1,184.04,0.0336497059033256
2293106219,Ravivalikute loterii - miks mõni haigus saab kõik ja teine mitte midagi_,71,1,147.05000000000018,0.0268864880084983
2293106219,Ravivalikute loterii - miks mõni haigus saab kõik ja teine mitte midagi_,72,3,523.6800000000003,0.0957491740244163
2293106219,Ravivalikute loterii - miks mõni haigus saab kõik ja teine mitte midagi_,102,1,186.36,0.0340738925893489
2293106219,Ravivalikute loterii - miks mõni haigus saab kõik ja teine mitte midagi_,123,6,1099.8000000000002,0.2010864298656681
2293106219,Ravivalikute loterii - miks mõni haigus saab kõik ja teine mitte midagi_,137,2,365.8400000000006,0.0668898522477324
2293106219,Ravivalikute loterii - miks mõni haigus saab kõik ja teine mitte midagi_,186,9,1626.5600000000002,0.2973987482835981
2293106222,Süstime rahva saledaks_,-1,15,2642.9710000000005,0.5054089679236758
2293106222,Süstime rahva saledaks_,29,1,180.76000000000025,0.0345662987001687
2293106222,Süstime rahva saledaks_,39,1,184.72000000000003,0.0353235599463109
2293106222,Süstime rahva saledaks_,102,13,2373.36,0.4538519068545719
2293106225,"Kui keha haigestub, mis saab vaimust_",-1,6,1066.5839999999994,0.1950498366574839
2293106225,"Kui keha haigestub, mis saab vaimust_",25,1,182.32000000000065,0.0333414772951709
2293106225,"Kui keha haigestub, mis saab vaimust_",61,23,3993.84,0.7303670781074213
2293106225,"Kui keha haigestub, mis saab vaimust_",99,1,182.4400000000005,0.0333634221025174
2293106225,"Kui keha haigestub, mis saab vaimust_",178,1,180.76000000000025,0.0330561947996659
2293106228,Kelle mure on laste suutervis_,10,1,185.7199999999998,0.0367261083040514
2293106228,Kelle mure on laste suutervis_,42,1,182.96000000000004,0.0361803186264767
2293106228,Kelle mure on laste suutervis_,45,1,201.1200000000001,0.0397714565050121
2293106228,Kelle mure on laste suutervis_,46,24,4315.24,0.853338205890455
2293106228,Kelle mure on laste suutervis_,72,1,105.85300000000008,0.0209324183841738
2293106228,Kelle mure on laste suutervis_,140,1,180.32000000000016,0.0356582589348835
2293106231,Haigekassa nõukogu kriisikoosolek - Copy (2),-1,12,2128.6799999999994,0.3688911948776548
2293106231,Haigekassa nõukogu kriisikoosolek - Copy (2),35,3,533.2799999999997,0.0924151570007496
2293106231,Haigekassa nõukogu kriisikoosolek - Copy (2),42,1,180.96000000000004,0.0313595987302273
2293106231,Haigekassa nõukogu kriisikoosolek - Copy (2),58,1,188.5999999999999,0.0326835782522153
2293106231,Haigekassa nõukogu kriisikoosolek - Copy (2),72,1,101.04199999999946,0.0175101490655372
2293106231,Haigekassa nõukogu kriisikoosolek - Copy (2),96,2,354.1999999999998,0.0613813542785507
2293106231,Haigekassa nõukogu kriisikoosolek - Copy (2),119,8,1451.2400000000002,0.2514937227080858
2293106231,Haigekassa nõukogu kriisikoosolek - Copy (2),123,5,866.56,0.1501711642112392
2293106231,Haigekassa nõukogu kriisikoosolek - Copy (2),137,1,181.48,0.031449712519682
2300040479,"Mida teha, kui hea nimi satub laimulõksu_",-1,8,1404.6,0.2567987871988931
2300040479,"Mida teha, kui hea nimi satub laimulõksu_",12,1,182.04,0.03328182487661
2300040479,"Mida teha, kui hea nimi satub laimulõksu_",15,6,1089.0119999999995,0.1991007837427316
2300040479,"Mida teha, kui hea nimi satub laimulõksu_",37,2,349.1199999999999,0.0638285580142941
2300040479,"Mida teha, kui hea nimi satub laimulõksu_",67,11,2040.2000000000005,0.3730036207056683
2300040479,"Mida teha, kui hea nimi satub laimulõksu_",164,3,537.7999999999997,0.0983243540905344
2300040482,Kes ja kuidas peaks valvama valimisi_,-1,13,2341.88,0.4311765850648023
2300040482,Kes ja kuidas peaks valvama valimisi_,62,17,3026.04,0.5571410975239953
2300040482,Kes ja kuidas peaks valvama valimisi_,67,1,186.0,0.0342454971313872
2300040482,Kes ja kuidas peaks valvama valimisi_,181,1,104.09099999999944,0.0191647744188344
2300040485,Mis on heategija palk_,-1,4,723.9600000000003,0.126439441504992
2300040485,Mis on heategija palk_,4,25,4408.305,0.7699094179010768
2300040485,Mis on heategija palk_,23,1,182.91999999999985,0.0319469344163947
2300040485,Mis on heategija palk_,57,1,182.24,0.0318281725784155
2300040485,Mis on heategija palk_,87,1,193.0,0.033707404014674
2300040485,Mis on heategija palk_,186,1,182.5999999999999,0.0318910464926398
2300040488,"Kas rahvuse kestmise hind saab olla liiga kõrge_ Sotsiaalkaitse võimalustest sündimus tõusule aidata, maksuteemat vältimata",-1,11,1930.2689999999996,0.3264345178210944
2300040488,"Kas rahvuse kestmise hind saab olla liiga kõrge_ Sotsiaalkaitse võimalustest sündimus tõusule aidata, maksuteemat vältimata",12,1,240.48,0.0406684109031522
2300040488,"Kas rahvuse kestmise hind saab olla liiga kõrge_ Sotsiaalkaitse võimalustest sündimus tõusule aidata, maksuteemat vältimata",14,15,2741.44,0.4636144726644116
2300040488,"Kas rahvuse kestmise hind saab olla liiga kõrge_ Sotsiaalkaitse võimalustest sündimus tõusule aidata, maksuteemat vältimata",69,1,188.9199999999996,0.0319489196100445
2300040488,"Kas rahvuse kestmise hind saab olla liiga kõrge_ Sotsiaalkaitse võimalustest sündimus tõusule aidata, maksuteemat vältimata",100,4,816.8799999999999,0.1381454237299027
2300040488,"Kas rahvuse kestmise hind saab olla liiga kõrge_ Sotsiaalkaitse võimalustest sündimus tõusule aidata, maksuteemat vältimata",160,1,184.76000000000025,0.0312454075119195
2300040491,Lastekaitsetöö nähtamatu vastutus ja avalik kriitika,-1,9,1769.12,0.3598997556957037
2300040491,Lastekaitsetöö nähtamatu vastutus ja avalik kriitika,25,1,189.76000000000025,0.0386036999416754
2300040491,Lastekaitsetöö nähtamatu vastutus ja avalik kriitika,48,2,369.1600000000001,0.0750998201437019
2300040491,Lastekaitsetöö nähtamatu vastutus ja avalik kriitika,55,1,183.36000000000013,0.0373017201797301
2300040491,Lastekaitsetöö nähtamatu vastutus ja avalik kriitika,140,10,2045.6310000000008,0.4161515878762087
2300040491,Lastekaitsetöö nähtamatu vastutus ja avalik kriitika,157,2,391.8400000000001,0.0797137109250952
2300040491,Lastekaitsetöö nähtamatu vastutus ja avalik kriitika,189,1,185.39999999999984,0.0377167262288501
2300040494,Õigusmõistmine kriisi äärel. Kuidas kindlustada õiguse tulevik_,-1,1,182.84000000000012,0.0333750612867908
2300040494,Õigusmõistmine kriisi äärel. Kuidas kindlustada õiguse tulevik_,0,1,183.35999999999967,0.0334699805160027
2300040494,Õigusmõistmine kriisi äärel. Kuidas kindlustada õiguse tulevik_,15,27,4768.8,0.8704823466661993
2300040494,Õigusmõistmine kriisi äärel. Kuidas kindlustada õiguse tulevik_,39,1,68.74200000000019,0.0125479570278745
2300040494,Õigusmõistmine kriisi äärel. Kuidas kindlustada õiguse tulevik_,67,2,354.5999999999999,0.0647276128434478
2300040497,Korteriühistud kui kogukonnad. Kuidas panna need ühes rütmis hingama_,-1,10,1818.3200000000004,0.3270970960220804
2300040497,Korteriühistud kui kogukonnad. Kuidas panna need ühes rütmis hingama_,12,1,240.88,0.0433318384496671
2300040497,Korteriühistud kui kogukonnad. Kuidas panna need ühes rütmis hingama_,30,16,2826.88,0.5085266833136624
2300040497,Korteriühistud kui kogukonnad. Kuidas panna need ühes rütmis hingama_,39,1,185.2800000000001,0.03332996939536
2300040497,Korteriühistud kui kogukonnad. Kuidas panna need ühes rütmis hingama_,90,1,184.64000000000036,0.0332148399673968
2300040497,Korteriühistud kui kogukonnad. Kuidas panna need ühes rütmis hingama_,91,1,185.0,0.0332796002706261
2300040497,Korteriühistud kui kogukonnad. Kuidas panna need ühes rütmis hingama_,94,1,182.5600000000004,0.0328406693265163
2300040497,Korteriühistud kui kogukonnad. Kuidas panna need ühes rütmis hingama_,131,1,124.32099999999993,0.0223640712715919
2300040503,Annetuskultuur. Kuidas Eestist saab helde rahvas_,-1,9,1642.6000000000004,0.3061630552187605
2300040503,Annetuskultuur. Kuidas Eestist saab helde rahvas_,1,1,185.6800000000001,0.0346087642110187
2300040503,Annetuskultuur. Kuidas Eestist saab helde rahvas_,4,18,3209.5149999999994,0.5982192366799219
2300040503,Annetuskultuur. Kuidas Eestist saab helde rahvas_,36,1,180.5600000000004,0.0336544510229511
2300040503,Annetuskultuur. Kuidas Eestist saab helde rahvas_,39,1,180.84000000000012,0.0337066400254235
2300040503,Annetuskultuur. Kuidas Eestist saab helde rahvas_,153,1,184.24,0.0343403636268747
2300040506,"Pärisvabakond teeb asju riigi rahata, eks_",-1,7,1285.7999999999995,0.2405431808496348
2300040506,"Pärisvabakond teeb asju riigi rahata, eks_",4,1,200.39999999999964,0.0374901644441334
2300040506,"Pärisvabakond teeb asju riigi rahata, eks_",100,4,759.52,0.1420884715499414
2300040506,"Pärisvabakond teeb asju riigi rahata, eks_",110,17,3308.362,0.618917342418774
2302899422,Suur teadlaste debatt „Teadlaste roll energiapöördes“,-1,21,3726.160000000001,0.6811524472906435
2302899422,Suur teadlaste debatt „Teadlaste roll energiapöördes“,20,2,361.5200000000005,0.0660868649613848
2302899422,Suur teadlaste debatt „Teadlaste roll energiapöördes“,38,2,364.48,0.0666279612224095
2302899422,Suur teadlaste debatt „Teadlaste roll energiapöördes“,84,1,183.4399999999996,0.0335333439602688
2302899422,Suur teadlaste debatt „Teadlaste roll energiapöördes“,118,2,360.9200000000001,0.0659771832868526
2302899422,Suur teadlaste debatt „Teadlaste roll energiapöördes“,167,1,187.04,0.0341914340074612
2302899422,Suur teadlaste debatt „Teadlaste roll energiapöördes“,169,3,505.9359999999997,0.0924865128100883
2302899425,Energiapööre noorte pilgu läbi. Mida tahab uus põlvkond_,-1,12,2173.640000000001,0.3979743522187634
2302899425,Energiapööre noorte pilgu läbi. Mida tahab uus põlvkond_,38,2,372.87999999999965,0.068271046012832
2302899425,Energiapööre noorte pilgu läbi. Mida tahab uus põlvkond_,106,1,183.55999999999997,0.0336082203553836
2302899425,Energiapööre noorte pilgu läbi. Mida tahab uus põlvkond_,115,3,536.1600000000003,0.0981661768671961
2302899425,Energiapööre noorte pilgu läbi. Mida tahab uus põlvkond_,118,3,494.3989999999999,0.0905201053360281
2302899425,Energiapööre noorte pilgu läbi. Mida tahab uus põlvkond_,188,10,1730.04,0.3167550966639136
2302899425,Energiapööre noorte pilgu läbi. Mida tahab uus põlvkond_,191,1,184.72000000000023,0.0338206061453828
2302899428,"Tere tulemast, uued juhitavad võimsused!",-1,11,1910.6559999999995,0.3548255303470375
2302899428,"Tere tulemast, uued juhitavad võimsused!",16,3,533.1600000000008,0.0990124751707407
2302899428,"Tere tulemast, uued juhitavad võimsused!",17,9,1693.3200000000002,0.314464334263858
2302899428,"Tere tulemast, uued juhitavad võimsused!",115,6,1067.68,0.1982775142364325
2302899428,"Tere tulemast, uued juhitavad võimsused!",118,1,235.08,0.0436564120773083
2302899428,"Tere tulemast, uued juhitavad võimsused!",121,1,185.20000000000005,0.0343932598124787
2302899431,Kas elekter lahendab tulevikus kõik meie energiaprobleemid_,-1,13,2196.3410000000003,0.4294374324097887
2302899431,Kas elekter lahendab tulevikus kõik meie energiaprobleemid_,16,1,189.9599999999996,0.0371417437731951
2302899431,Kas elekter lahendab tulevikus kõik meie energiaprobleemid_,17,1,203.28,0.039746123785087
2302899431,Kas elekter lahendab tulevikus kõik meie energiaprobleemid_,93,10,1815.4400000000005,0.3549621357949548
2302899431,Kas elekter lahendab tulevikus kõik meie energiaprobleemid_,121,2,350.4000000000001,0.0685116183308466
2302899431,Kas elekter lahendab tulevikus kõik meie energiaprobleemid_,139,3,536.3999999999996,0.1048790869653712
2302899434,Infraheli ja tuulepargid – müüt või tegelik mõju tervisele_,-1,12,2186.778,0.3932079423481014
2302899434,Infraheli ja tuulepargid – müüt või tegelik mõju tervisele_,89,7,1274.8800000000006,0.22923814925006
2302899434,Infraheli ja tuulepargid – müüt või tegelik mõju tervisele_,144,13,2284.5200000000004,0.4107830828977999
2302899437,Kas väike saab olla suur_ Kuivõrd suudab Eesti oma kestlike lahenduste või innovatsiooniga maailmas mõju avaldada_,-1,10,1840.84,0.3122246489626745
2302899437,Kas väike saab olla suur_ Kuivõrd suudab Eesti oma kestlike lahenduste või innovatsiooniga maailmas mõju avaldada_,2,2,371.3200000000004,0.0629795401299517
2302899437,Kas väike saab olla suur_ Kuivõrd suudab Eesti oma kestlike lahenduste või innovatsiooniga maailmas mõju avaldada_,6,2,350.52,0.0594516546546123
2302899437,Kas väike saab olla suur_ Kuivõrd suudab Eesti oma kestlike lahenduste või innovatsiooniga maailmas mõju avaldada_,7,6,1074.36,0.1822220691964206
2302899437,Kas väike saab olla suur_ Kuivõrd suudab Eesti oma kestlike lahenduste või innovatsiooniga maailmas mõju avaldada_,11,1,195.72000000000003,0.033196045443914
2302899437,Kas väike saab olla suur_ Kuivõrd suudab Eesti oma kestlike lahenduste või innovatsiooniga maailmas mõju avaldada_,20,1,181.5999999999999,0.0308011539577701
2302899437,Kas väike saab olla suur_ Kuivõrd suudab Eesti oma kestlike lahenduste või innovatsiooniga maailmas mõju avaldada_,23,1,180.48000000000047,0.0306111908937135
2302899437,Kas väike saab olla suur_ Kuivõrd suudab Eesti oma kestlike lahenduste või innovatsiooniga maailmas mõju avaldada_,38,1,182.52,0.0309571950461025
2302899437,Kas väike saab olla suur_ Kuivõrd suudab Eesti oma kestlike lahenduste või innovatsiooniga maailmas mõju avaldada_,56,3,522.9200000000001,0.0886923977290594
2302899437,Kas väike saab olla suur_ Kuivõrd suudab Eesti oma kestlike lahenduste või innovatsiooniga maailmas mõju avaldada_,70,1,180.03999999999996,0.0305365625471197
2302899437,Kas väike saab olla suur_ Kuivõrd suudab Eesti oma kestlike lahenduste või innovatsiooniga maailmas mõju avaldada_,84,1,182.6800000000003,0.030984332626682
2302899437,Kas väike saab olla suur_ Kuivõrd suudab Eesti oma kestlike lahenduste või innovatsiooniga maailmas mõju avaldada_,152,1,183.96000000000004,0.0312014332713183
2302899437,Kas väike saab olla suur_ Kuivõrd suudab Eesti oma kestlike lahenduste või innovatsiooniga maailmas mõju avaldada_,156,1,183.0,0.0310386077878411
2302899437,Kas väike saab olla suur_ Kuivõrd suudab Eesti oma kestlike lahenduste või innovatsiooniga maailmas mõju avaldada_,162,1,184.8800000000001,0.0313574743596506
2302899437,Kas väike saab olla suur_ Kuivõrd suudab Eesti oma kestlike lahenduste või innovatsiooniga maailmas mõju avaldada_,168,1,182.63999999999987,0.0309775482315371
2302899437,Kas väike saab olla suur_ Kuivõrd suudab Eesti oma kestlike lahenduste või innovatsiooniga maailmas mõju avaldada_,174,1,190.6030000000001,0.0323281516950048
2302899440,Rohetehnoloogiad – puhta tööstuse ja julgeoleku alustala_,-1,12,2061.06,0.6056775103588116
2302899440,Rohetehnoloogiad – puhta tööstuse ja julgeoleku alustala_,3,1,181.6800000000001,0.0533897557965265
2302899440,Rohetehnoloogiad – puhta tööstuse ja julgeoleku alustala_,6,3,540.8399999999999,0.1589350260072291
2302899440,Rohetehnoloogiad – puhta tööstuse ja julgeoleku alustala_,20,1,188.4000000000001,0.055364542008287
2302899440,Rohetehnoloogiad – puhta tööstuse ja julgeoleku alustala_,23,1,182.2800000000002,0.0535660759940051
2302899440,Rohetehnoloogiad – puhta tööstuse ja julgeoleku alustala_,38,1,208.79999999999995,0.0613594287225601
2302899440,Rohetehnoloogiad – puhta tööstuse ja julgeoleku alustala_,90,1,180.52,0.0530488700814011
2302899443,Kohalik energiatootmine on kaitseinvesteering,-1,15,2617.090999999999,0.4659455829378332
2302899443,Kohalik energiatootmine on kaitseinvesteering,16,5,885.0000000000005,0.1575649608286386
2302899443,Kohalik energiatootmine on kaitseinvesteering,17,1,180.24,0.0320898401579139
2302899443,Kohalik energiatootmine on kaitseinvesteering,38,2,366.88000000000005,0.0653191331398993
2302899443,Kohalik energiatootmine on kaitseinvesteering,115,4,707.5999999999999,0.1259807528614064
2302899443,Kohalik energiatootmine on kaitseinvesteering,118,5,903.3999999999996,0.1608408876978441
2302899443,Kohalik energiatootmine on kaitseinvesteering,151,1,184.72000000000023,0.032887457134764
2302899446,"Kuidas planeerida tuuleparke nii, et kogukonnad tunneksid end päriselt kaasatuna_",-1,12,2221.698999999999,0.378029044799448
2302899446,"Kuidas planeerida tuuleparke nii, et kogukonnad tunneksid end päriselt kaasatuna_",2,2,365.72000000000025,0.0622284036964747
2302899446,"Kuidas planeerida tuuleparke nii, et kogukonnad tunneksid end päriselt kaasatuna_",12,1,182.3199999999997,0.0310223191565712
2302899446,"Kuidas planeerida tuuleparke nii, et kogukonnad tunneksid end päriselt kaasatuna_",32,2,356.6800000000003,0.0606902193767325
2302899446,"Kuidas planeerida tuuleparke nii, et kogukonnad tunneksid end päriselt kaasatuna_",37,1,183.32000000000016,0.0311924722892862
2302899446,"Kuidas planeerida tuuleparke nii, et kogukonnad tunneksid end päriselt kaasatuna_",56,1,183.04,0.031144829412126
2302899446,"Kuidas planeerida tuuleparke nii, et kogukonnad tunneksid end päriselt kaasatuna_",89,7,1253.1199999999997,0.2132222936676319
2302899446,"Kuidas planeerida tuuleparke nii, et kogukonnad tunneksid end päriselt kaasatuna_",91,2,365.6800000000008,0.0622215975711662
2302899446,"Kuidas planeerida tuuleparke nii, et kogukonnad tunneksid end päriselt kaasatuna_",118,2,365.08000000000015,0.0621195056915372
2302899446,"Kuidas planeerida tuuleparke nii, et kogukonnad tunneksid end päriselt kaasatuna_",121,1,180.76,0.0307568802695361
2302899446,"Kuidas planeerida tuuleparke nii, et kogukonnad tunneksid end päriselt kaasatuna_",130,1,181.07999999999996,0.0308113292720049
2302899446,"Kuidas planeerida tuuleparke nii, et kogukonnad tunneksid end päriselt kaasatuna_",164,1,180.6800000000003,0.030743268018919
2302899446,"Kuidas planeerida tuuleparke nii, et kogukonnad tunneksid end päriselt kaasatuna_",191,1,185.83999999999992,0.0316212581837275
2310594914,Õpetaja ajamasinas. Õpetaja missioon ja rollid erinevates tulevikustsenaariumides aastaks 2035,-1,14,2689.8950000000004,0.9398211475000308
2310594914,Õpetaja ajamasinas. Õpetaja missioon ja rollid erinevates tulevikustsenaariumides aastaks 2035,136,1,196.76000000000025,0.0687458837546098
2310594917,"Milline koolivõrk suudab kasvatada korraga tarka last, tugevat kogukonda ja koostöist haridusvõrgustikku",-1,6,1096.96,0.2521118295781397
2310594917,"Milline koolivõrk suudab kasvatada korraga tarka last, tugevat kogukonda ja koostöist haridusvõrgustikku",1,1,187.12000000000037,0.0430053653284181
2310594917,"Milline koolivõrk suudab kasvatada korraga tarka last, tugevat kogukonda ja koostöist haridusvõrgustikku",10,18,3114.4,0.7157754904811098
2310594917,"Milline koolivõrk suudab kasvatada korraga tarka last, tugevat kogukonda ja koostöist haridusvõrgustikku",29,1,71.24499999999989,0.0163740768107264
2310594920,Mul jäi isegi Tiigrihüpe tegemata.alp,-1,12,2126.6800000000003,0.3896391329105714
2310594920,Mul jäi isegi Tiigrihüpe tegemata.alp,5,6,1070.7599999999998,0.1961790198597454
2310594920,Mul jäi isegi Tiigrihüpe tegemata.alp,10,1,154.39599999999973,0.0282876236974347
2310594920,Mul jäi isegi Tiigrihüpe tegemata.alp,29,2,367.2000000000003,0.0672764541937489
2310594920,Mul jäi isegi Tiigrihüpe tegemata.alp,134,2,363.3199999999995,0.0665655809849477
2310594920,Mul jäi isegi Tiigrihüpe tegemata.alp,136,7,1243.08,0.2277505846382498
2310594920,Mul jäi isegi Tiigrihüpe tegemata.alp,171,2,352.15999999999985,0.064520904435922
2310594923,Koolijuht on tippjuht,-1,7,1250.56,0.243886171371692
2310594923,Koolijuht on tippjuht,5,1,180.55999999999997,0.0352130942160893
2310594923,Koolijuht on tippjuht,10,6,1056.6380000000004,0.2060671989715344
2310594923,Koolijuht on tippjuht,112,16,2802.7200000000003,0.5465908474818232
2310594926,Mis on Eesti hariduse eesmärk.alp,-1,23,4016.000000000001,0.7683132024178145
2310594926,Mis on Eesti hariduse eesmärk.alp,5,1,84.79500000000007,0.0162223899399946
2310594926,Mis on Eesti hariduse eesmärk.alp,10,1,185.6000000000004,0.0355077017850464
2310594926,Mis on Eesti hariduse eesmärk.alp,29,2,364.1199999999999,0.0696609071873442
2310594926,Mis on Eesti hariduse eesmärk.alp,43,2,357.04,0.0683064108045957
2310594926,Mis on Eesti hariduse eesmärk.alp,64,1,181.07999999999996,0.0346429668062295
2310594926,Mis on Eesti hariduse eesmärk.alp,134,1,180.12000000000012,0.0344593062797551
2314163810,Maailm täna - vaade julgeolekuolukorrale Euroopa pealinnadest,-1,6,1175.8400000000006,0.2211777965963329
2314163810,Maailm täna - vaade julgeolekuolukorrale Euroopa pealinnadest,59,2,414.24,0.0779193516652477
2314163810,Maailm täna - vaade julgeolekuolukorrale Euroopa pealinnadest,85,17,3282.0660000000003,0.6173630138145834
2314163810,Maailm täna - vaade julgeolekuolukorrale Euroopa pealinnadest,129,1,201.7199999999998,0.0379439253039633
2314163810,Maailm täna - vaade julgeolekuolukorrale Euroopa pealinnadest,172,2,384.84000000000015,0.0723891543425404
2314163813,ÜRO – lootusetult rikkis või asendamatu_,-1,14,2510.1600000000008,0.4242442679971202
2314163813,ÜRO – lootusetult rikkis või asendamatu_,76,11,2012.1399999999996,0.340073485916326
2314163813,ÜRO – lootusetult rikkis või asendamatu_,95,5,901.48,0.152359898458283
2314163813,ÜRO – lootusetult rikkis või asendamatu_,158,2,354.2000000000003,0.0598636420485467
2314163813,ÜRO – lootusetult rikkis või asendamatu_,190,2,368.32,0.0622500752098269
2314163816,Kuidas mõista USA-d_,-1,3,547.72,0.0996280772483209
2314163816,Kuidas mõista USA-d_,28,23,4174.32,0.7592921116979682
2314163816,Kuidas mõista USA-d_,67,1,206.27999999999972,0.0375215069283276
2314163816,Kuidas mõista USA-d_,172,4,686.7270000000003,0.1249128945528878
2314163819,Miks peaks Lähis-Idas toimuv meile korda minema_,-1,10,1823.68,0.3274250627899248
2314163819,Miks peaks Lähis-Idas toimuv meile korda minema_,95,14,2431.963,0.4366367114722834
2314163819,Miks peaks Lähis-Idas toimuv meile korda minema_,158,8,1402.0799999999997,0.251730639167232
2314163822,"Marshall Plan 2.0_ Estonia, Ukraine and the Path Forward",-1,2,491.1200000000004,0.0883045709374539
2314163822,"Marshall Plan 2.0_ Estonia, Ukraine and the Path Forward",28,1,387.16,0.0696123099937788
2314163822,"Marshall Plan 2.0_ Estonia, Ukraine and the Path Forward",63,22,4699.78,0.8450318789713862
2314163825,"Kriise rohkem, raha vähem",-1,12,2250.2400000000007,0.4530785518173963
2314163825,"Kriise rohkem, raha vähem",86,14,2474.515999999999,0.4982357996164746
2314163825,"Kriise rohkem, raha vähem",100,1,180.6000000000004,0.0363632263483992
2314163825,"Kriise rohkem, raha vähem",173,1,192.96000000000004,0.0388518724041368
2314163828,"Tahaks jääda iseendaks, aga raha tahaks ka",-1,13,2312.12,0.4535733328415954
2314163828,"Tahaks jääda iseendaks, aga raha tahaks ka",6,4,689.2059999999998,0.1352029576468455
2314163828,"Tahaks jääda iseendaks, aga raha tahaks ka",63,1,180.92000000000007,0.0354914482715868
2314163828,"Tahaks jääda iseendaks, aga raha tahaks ka",85,1,184.15999999999983,0.0361270457312371
2314163828,"Tahaks jääda iseendaks, aga raha tahaks ka",129,1,182.07999999999996,0.0357190078559061
2314163828,"Tahaks jääda iseendaks, aga raha tahaks ka",145,2,356.24000000000024,0.069884333032667
2314163828,"Tahaks jääda iseendaks, aga raha tahaks ka",156,3,547.76,0.1074552050919988
2314163828,"Tahaks jääda iseendaks, aga raha tahaks ka",172,4,692.0,0.1357510623697662
2314163828,"Tahaks jääda iseendaks, aga raha tahaks ka",185,1,180.36000000000013,0.0353815919205362
2314163831,Kuidas reisides mitte lolliks jääda_,-1,3,547.2,0.101089763165085
2314163831,Kuidas reisides mitte lolliks jääda_,51,24,4141.851000000001,0.7651658199105822
2314163831,Kuidas reisides mitte lolliks jääda_,174,1,184.27999999999972,0.0340438990425106
2314163831,Kuidas reisides mitte lolliks jääda_,190,4,726.2800000000004,0.1341730138734246
2314163834,Kilud versus karud - Läänemeremaade koostöö tulevik,-1,11,2107.160000000001,0.390905051790523
2314163834,Kilud versus karud - Läänemeremaade koostöö tulevik,59,17,3382.665,0.6275274953088463
2318409173,Õpilaste tugevustel põhinev haridus – miks ja kuidas_,-1,11,2015.4000000000008,0.3779257177382064
2318409173,Õpilaste tugevustel põhinev haridus – miks ja kuidas_,10,1,186.84000000000012,0.0350360430198504
2318409173,Õpilaste tugevustel põhinev haridus – miks ja kuidas_,29,6,1176.2800000000002,0.220574805627219
2318409173,Õpilaste tugevustel põhinev haridus – miks ja kuidas_,30,1,61.07400000000053,0.0114525331374136
2318409173,Õpilaste tugevustel põhinev haridus – miks ja kuidas_,64,1,184.1600000000003,0.0345334921993987
2318409173,Õpilaste tugevustel põhinev haridus – miks ja kuidas_,171,5,1005.5599999999994,0.188561568288593
2318409173,Õpilaste tugevustel põhinev haridus – miks ja kuidas_,177,5,943.36,0.1768978887990047
2318409176,Kaamera ei mõista hukka,22,1,216.44000000000003,0.0555461455943417
2318409176,Kaamera ei mõista hukka,24,1,206.32000000000016,0.0529489962993189
2318409176,Kaamera ei mõista hukka,74,19,3523.1399999999994,0.904162111389988
2318409179,"Kas noortelt nõutakse rohkem, kui vastu pakutakse_",-1,15,2768.44,0.5092737288346051
2318409179,"Kas noortelt nõutakse rohkem, kui vastu pakutakse_",0,1,180.9199999999996,0.033281488137997
2318409179,"Kas noortelt nõutakse rohkem, kui vastu pakutakse_",29,2,363.6400000000003,0.0668940987535998
2318409179,"Kas noortelt nõutakse rohkem, kui vastu pakutakse_",37,1,182.52,0.033575819229202
2318409179,"Kas noortelt nõutakse rohkem, kui vastu pakutakse_",39,1,185.59999999999943,0.0341424065797714
2318409179,"Kas noortelt nõutakse rohkem, kui vastu pakutakse_",53,2,361.72,0.0665409014441539
2318409179,"Kas noortelt nõutakse rohkem, kui vastu pakutakse_",55,3,540.1750000000009,0.0993689357447635
2318409179,"Kas noortelt nõutakse rohkem, kui vastu pakutakse_",106,1,182.79999999999973,0.0336273271701628
2318409179,"Kas noortelt nõutakse rohkem, kui vastu pakutakse_",138,2,365.96,0.0673208788358469
2318409179,"Kas noortelt nõutakse rohkem, kui vastu pakutakse_",145,1,183.12000000000037,0.0336861933884039
2318409179,"Kas noortelt nõutakse rohkem, kui vastu pakutakse_",170,2,353.6399999999994,0.0650545294335689
2318409182,"Ma tahan õppida, andke mulle tagasisidet!",-1,7,1368.155999999999,0.2546678192422038
2318409182,"Ma tahan õppida, andke mulle tagasisidet!",5,20,3458.28,0.6437223722506271
2318409182,"Ma tahan õppida, andke mulle tagasisidet!",12,1,241.5999999999999,0.0449712935724555
2318409182,"Ma tahan õppida, andke mulle tagasisidet!",29,1,226.76,0.0422089839838163
2318409182,"Ma tahan õppida, andke mulle tagasisidet!",177,1,184.31999999999996,0.0343092252950124
2318409185,Nutiseadmete kasutus koolikeskkonnas. Millal ja millal mitte_,-1,6,1056.716999999999,0.1962204176993278
2318409185,Nutiseadmete kasutus koolikeskkonnas. Millal ja millal mitte_,5,1,183.3199999999997,0.0340404545139718
2318409185,Nutiseadmete kasutus koolikeskkonnas. Millal ja millal mitte_,22,21,3724.56,0.691608745715465
2318409185,Nutiseadmete kasutus koolikeskkonnas. Millal ja millal mitte_,29,2,364.9600000000005,0.0677689519933405
2318409185,Nutiseadmete kasutus koolikeskkonnas. Millal ja millal mitte_,111,1,181.80000000000015,0.0337582076731403
2318409188,Programmeerimine kui uus emakeel,-1,9,1632.5200000000002,0.3288489561364175
2318409188,Programmeerimine kui uus emakeel,0,2,362.96,0.0731133567241284
2318409188,Programmeerimine kui uus emakeel,8,9,1616.9059999999995,0.3257037281446537
2318409188,Programmeerimine kui uus emakeel,19,1,183.87999999999988,0.037040125728545
2318409188,Programmeerimine kui uus emakeel,27,1,181.63999999999987,0.0365889081864962
2318409188,Programmeerimine kui uus emakeel,43,3,515.4399999999999,0.1038283794078817
2318409188,Programmeerimine kui uus emakeel,65,2,346.1999999999998,0.06973728261487
2318409188,Programmeerimine kui uus emakeel,101,2,368.32000000000016,0.0741930558426024
2318409191,Tark pidu ei vaja tõukeainet,-1,6,1082.2800000000009,0.1979700334084035
2318409191,Tark pidu ei vaja tõukeainet,12,1,222.32799999999952,0.0406681095350772
2318409191,Tark pidu ei vaja tõukeainet,25,1,183.20000000000027,0.0335108383416671
2318409191,Tark pidu ei vaja tõukeainet,39,1,222.92,0.0407763978336486
2318409191,Tark pidu ei vaja tõukeainet,41,1,187.48000000000047,0.0342937334732302
2318409191,Tark pidu ei vaja tõukeainet,47,2,365.0,0.0667655894907669
2318409191,Tark pidu ei vaja tõukeainet,78,1,180.2800000000002,0.032976713625741
2318409191,Tark pidu ei vaja tõukeainet,104,16,2875.08,0.5259079754331898
2318409191,Tark pidu ei vaja tõukeainet,116,1,183.6,0.033584006110972
2318409191,Tark pidu ei vaja tõukeainet,117,1,188.96000000000004,0.0345644542196584
2323554785,Miks kaasamine pekki läheb_ + Demokraatiatrenn,-1,16,3105.6800000000003,0.5903965322321095
2323554785,Miks kaasamine pekki läheb_ + Demokraatiatrenn,12,1,208.60899999999947,0.0396570252545039
2323554785,Miks kaasamine pekki läheb_ + Demokraatiatrenn,18,7,1239.6799999999998,0.2356658680474168
2323554785,Miks kaasamine pekki läheb_ + Demokraatiatrenn,91,2,489.1999999999989,0.0929979854872193
2323554785,Miks kaasamine pekki läheb_ + Demokraatiatrenn,109,1,184.67999999999984,0.0351080702366714
2323554785,Miks kaasamine pekki läheb_ + Demokraatiatrenn,169,1,180.72000000000023,0.0343552656117136
2323554788,Parlamendierakondade noorte debatt,-1,10,1786.7200000000014,0.3270433666694064
2323554788,Parlamendierakondade noorte debatt,12,1,115.491,0.0211396108287904
2323554788,Parlamendierakondade noorte debatt,14,1,184.55999999999997,0.0337820832321267
2323554788,Parlamendierakondade noorte debatt,19,1,183.44000000000003,0.0335770770920098
2323554788,Parlamendierakondade noorte debatt,53,1,184.23999999999975,0.0337235100492362
2323554788,Parlamendierakondade noorte debatt,62,1,184.4799999999996,0.033767439936404
2323554788,Parlamendierakondade noorte debatt,100,3,539.6000000000004,0.0987690296491961
2323554788,Parlamendierakondade noorte debatt,103,3,530.7200000000003,0.0971436238239832
2323554788,Parlamendierakondade noorte debatt,150,2,352.3199999999997,0.0644890743624994
2323554788,Parlamendierakondade noorte debatt,153,1,180.9199999999996,0.0331158132767466
2323554788,Parlamendierakondade noorte debatt,162,1,180.55999999999997,0.0330499184459948
2323554788,Parlamendierakondade noorte debatt,163,1,182.96,0.033489217317674
2323554788,Parlamendierakondade noorte debatt,170,5,937.76,0.1716487124607674
2323554788,Parlamendierakondade noorte debatt,171,1,180.63999999999987,0.0330645617417175
2323554791,Parlamendierakondade esimeeste debatt,-1,16,2874.92,0.5348325183499166
2323554791,Parlamendierakondade esimeeste debatt,1,1,180.5999999999999,0.0335977184805124
2323554791,Parlamendierakondade esimeeste debatt,10,1,181.79999999999973,0.033820959134868
2323554791,Parlamendierakondade esimeeste debatt,12,1,213.36,0.0396921883444194
2323554791,Parlamendierakondade esimeeste debatt,38,1,180.03999999999996,0.0334935395084798
2323554791,Parlamendierakondade esimeeste debatt,62,1,172.2449999999999,0.0320434054245618
2323554791,Parlamendierakondade esimeeste debatt,80,2,365.04,0.0679098070549627
2323554791,Parlamendierakondade esimeeste debatt,150,7,1206.84,0.2245131260853914
2323554791,Parlamendierakondade esimeeste debatt,160,1,183.8,0.0341930268921273
2323554794,Kas me siin Järvamaal oleme tõesti kõige rumalamad,-1,14,2499.344000000001,0.4397231198837983
2323554794,Kas me siin Järvamaal oleme tõesti kõige rumalamad,12,1,237.44,0.0417741045591199
2323554794,Kas me siin Järvamaal oleme tõesti kõige rumalamad,29,2,369.4799999999998,0.0650046165452477
2323554794,Kas me siin Järvamaal oleme tõesti kõige rumalamad,41,1,181.88,0.0319991329902827
2323554794,Kas me siin Järvamaal oleme tõesti kõige rumalamad,64,9,1612.0000000000002,0.2836078864104672
2323554794,Kas me siin Järvamaal oleme tõesti kõige rumalamad,65,2,351.32000000000016,0.0618096294377949
2323554794,Kas me siin Järvamaal oleme tõesti kõige rumalamad,134,4,715.2400000000007,0.1258360450845054
2323554797,"Mida on vaja teha senisest teisiti, et Eesti majandus järjekindlalt ja kiiremini kasvaks_",-1,17,2932.96,0.5936408919510263
2323554797,"Mida on vaja teha senisest teisiti, et Eesti majandus järjekindlalt ja kiiremini kasvaks_",6,2,354.7600000000002,0.0718046079143753
2323554797,"Mida on vaja teha senisest teisiti, et Eesti majandus järjekindlalt ja kiiremini kasvaks_",62,1,183.84000000000012,0.037209829515669
2323554797,"Mida on vaja teha senisest teisiti, et Eesti majandus järjekindlalt ja kiiremini kasvaks_",80,1,184.48,0.0373393676514938
2323554797,"Mida on vaja teha senisest teisiti, et Eesti majandus järjekindlalt ja kiiremini kasvaks_",97,1,170.59000000000017,0.0345279852974216
2323554797,"Mida on vaja teha senisest teisiti, et Eesti majandus järjekindlalt ja kiiremini kasvaks_",153,1,181.4000000000001,0.036715965372837
2323554797,"Mida on vaja teha senisest teisiti, et Eesti majandus järjekindlalt ja kiiremini kasvaks_",160,4,697.0,0.1410751260466782
2323554797,"Mida on vaja teha senisest teisiti, et Eesti majandus järjekindlalt ja kiiremini kasvaks_",184,2,356.1199999999999,0.0720798764530029
2323554800,Mis on fosforiidi kaevandamise hind_,3,27,4731.085999999999,0.8478578850425246
2323554800,Mis on fosforiidi kaevandamise hind_,97,4,742.6800000000003,0.1330956769890428
2323554800,Mis on fosforiidi kaevandamise hind_,130,1,181.6800000000003,0.0325588713784797
2323554803,Mis on fosforiidi kaevandamise hind + Demokraatiatrenn,-1,3,654.7199999999993,0.0868119711735248
2323554803,Mis on fosforiidi kaevandamise hind + Demokraatiatrenn,3,31,5816.320000000001,0.7712093783235526
2323554803,Mis on fosforiidi kaevandamise hind + Demokraatiatrenn,62,1,79.01699999999983,0.0104771834161449
2323554803,Mis on fosforiidi kaevandamise hind + Demokraatiatrenn,90,1,182.08000000000084,0.0241427231660488
2323554803,Mis on fosforiidi kaevandamise hind + Demokraatiatrenn,97,4,745.8399999999995,0.0988939402799086
2323554803,Mis on fosforiidi kaevandamise hind + Demokraatiatrenn,130,1,181.36000000000013,0.0240472554558139
2323554806,Eesti uued valikud ELi rahastuse kasutamisel,-1,16,2815.556,0.5018032834801552
2323554806,Eesti uued valikud ELi rahastuse kasutamisel,20,1,181.96000000000004,0.0324298736953017
2323554806,Eesti uued valikud ELi rahastuse kasutamisel,32,4,697.4399999999996,0.1243014459774194
2323554806,Eesti uued valikud ELi rahastuse kasutamisel,36,1,181.07999999999996,0.0322730354404552
2323554806,Eesti uued valikud ELi rahastuse kasutamisel,69,1,184.20000000000076,0.032829098344002
2323554806,Eesti uued valikud ELi rahastuse kasutamisel,173,10,1789.9999999999995,0.3190232683809087
2323554809,Miks kaasamine pekki läheb_,-1,12,2192.9999999999995,0.6087762043733614
2323554809,Miks kaasamine pekki läheb_,18,7,1170.949,0.3250551243660663
2323554809,Miks kaasamine pekki läheb_,89,1,180.76,0.0501789269049379
2323554809,Miks kaasamine pekki läheb_,109,1,184.76000000000025,0.0512893258185236
2323554812,Kaasamine infosõja ajal. Mis tegelikult lõhestab Eesti ühiskonda,-1,24,4068.931,0.7545773803574002
2323554812,Kaasamine infosõja ajal. Mis tegelikult lõhestab Eesti ühiskonda,89,1,180.5600000000004,0.0334845913576151
2323554812,Kaasamine infosõja ajal. Mis tegelikult lõhestab Eesti ühiskonda,90,1,200.48,0.037178726602651
2323554812,Kaasamine infosõja ajal. Mis tegelikult lõhestab Eesti ühiskonda,130,5,890.64,0.1651679023413065
2323554812,Kaasamine infosõja ajal. Mis tegelikult lõhestab Eesti ühiskonda,169,1,184.15999999999983,0.0341522061609348
2323554815,Kuidas tõsta Euroopa Liidu konkurentsivõimet ja panna majandus kiiremini kasvama_,-1,9,1555.88,0.4251741066487767
2323554815,Kuidas tõsta Euroopa Liidu konkurentsivõimet ja panna majandus kiiremini kasvama_,28,2,351.87999999999965,0.0961579714679611
2323554815,Kuidas tõsta Euroopa Liidu konkurentsivõimet ja panna majandus kiiremini kasvama_,192,10,1823.155,0.4982121361591191
2383011942,Kuidas hoida tervet mõistust kriiside ajastul_ teadveloleku ja kaastunde praktiline jõud,-1,8,1456.6000000000004,0.2741545270881462
2383011942,Kuidas hoida tervet mõistust kriiside ajastul_ teadveloleku ja kaastunde praktiline jõud,0,1,180.0,0.0338787689659936
2383011942,Kuidas hoida tervet mõistust kriiside ajastul_ teadveloleku ja kaastunde praktiline jõud,24,19,3403.822000000001,0.6406516618853686
2383011942,Kuidas hoida tervet mõistust kriiside ajastul_ teadveloleku ja kaastunde praktiline jõud,39,1,188.32000000000065,0.0354447209537552
2383011942,Kuidas hoida tervet mõistust kriiside ajastul_ teadveloleku ja kaastunde praktiline jõud,106,1,229.19999999999985,0.0431389658166985
2383011945,Koduseinte vahelt rahvusvahelise poliitikani_ naistevastane vägivald on meie kõigi lahendada,-1,12,2133.4,0.3786500577009158
2383011945,Koduseinte vahelt rahvusvahelise poliitikani_ naistevastane vägivald on meie kõigi lahendada,26,1,180.44000000000003,0.0320256943899659
2383011945,Koduseinte vahelt rahvusvahelise poliitikani_ naistevastane vägivald on meie kõigi lahendada,62,2,351.3199999999997,0.0623546162330016
2383011945,Koduseinte vahelt rahvusvahelise poliitikani_ naistevastane vägivald on meie kõigi lahendada,76,1,182.15999999999983,0.0323309714590788
2383011945,Koduseinte vahelt rahvusvahelise poliitikani_ naistevastane vägivald on meie kõigi lahendada,129,1,182.27999999999972,0.0323522698592494
2383011945,Koduseinte vahelt rahvusvahelise poliitikani_ naistevastane vägivald on meie kõigi lahendada,142,13,2317.106,0.4112554235488601
2383011945,Koduseinte vahelt rahvusvahelise poliitikani_ naistevastane vägivald on meie kõigi lahendada,163,2,371.3599999999999,0.0659114490615037
2383011945,Koduseinte vahelt rahvusvahelise poliitikani_ naistevastane vägivald on meie kõigi lahendada,174,1,183.12000000000037,0.0325013586604442
2383011948,Nõusolek – seksikuse summutaja või hoopis võimendaja_,-1,3,542.6400000000001,0.0988297028934788
2383011948,Nõusolek – seksikuse summutaja või hoopis võimendaja_,13,7,1287.5769999999989,0.2345032661847204
2383011948,Nõusolek – seksikuse summutaja või hoopis võimendaja_,24,1,186.1199999999999,0.033897582748294
2383011948,Nõusolek – seksikuse summutaja või hoopis võimendaja_,39,1,184.79999999999973,0.0336571743600082
2383011948,Nõusolek – seksikuse summutaja või hoopis võimendaja_,67,1,185.67999999999935,0.0338174466188653
2383011948,Nõusolek – seksikuse summutaja või hoopis võimendaja_,78,19,3361.6800000000003,0.6122545990397871
2383055898,"Kes õpetab tervena elama enne, kui tuleb õppida haigusega elama_ (1)",-1,19,3320.565,0.6272880547461286
2383055898,"Kes õpetab tervena elama enne, kui tuleb õppida haigusega elama_ (1)",46,2,362.3599999999997,0.0684534407601739
2383055898,"Kes õpetab tervena elama enne, kui tuleb õppida haigusega elama_ (1)",47,1,182.15999999999983,0.0344118522156785
2383055898,"Kes õpetab tervena elama enne, kui tuleb õppida haigusega elama_ (1)",72,1,181.6000000000004,0.0343060625953406
2383055898,"Kes õpetab tervena elama enne, kui tuleb õppida haigusega elama_ (1)",128,3,543.52,0.1026763829395346
2383055898,"Kes õpetab tervena elama enne, kui tuleb õppida haigusega elama_ (1)",155,5,893.6800000000001,0.1688251212566295
2387966361,Euroopa Liidu heitekaubandus_ rohepöörasus või nutikas poliitika_,-1,14,2636.317,0.713390179400386
2387966361,Euroopa Liidu heitekaubandus_ rohepöörasus või nutikas poliitika_,69,1,193.76,0.0524316617313543
2387966361,Euroopa Liidu heitekaubandus_ rohepöörasus või nutikas poliitika_,84,3,614.5200000000002,0.1662897644877779
2387966361,Euroopa Liidu heitekaubandus_ rohepöörasus või nutikas poliitika_,93,1,184.15999999999983,0.0498338915382235
2387966361,Euroopa Liidu heitekaubandus_ rohepöörasus või nutikas poliitika_,139,1,184.92000000000007,0.0500395483451798
2387966364,Millised on kohaliku kaugkütte tulevikustsenaariumid_,-1,10,1759.3599999999997,0.3387142389316147
2387966364,Millised on kohaliku kaugkütte tulevikustsenaariumid_,7,3,534.1199999999999,0.1028294659979504
2387966364,Millised on kohaliku kaugkütte tulevikustsenaariumid_,16,1,185.2800000000002,0.035670342732158
2387966364,Millised on kohaliku kaugkütte tulevikustsenaariumid_,92,1,179.47099999999955,0.0345519866174607
2387966364,Millised on kohaliku kaugkütte tulevikustsenaariumid_,93,6,1143.96,0.2202366433067763
2387966364,Millised on kohaliku kaugkütte tulevikustsenaariumid_,139,9,1599.6799999999996,0.3079724409638307
2387966370,Kuidas edasi_ Eesti energeetika järgmise kümne aasta vaade,-1,12,2219.403999999998,0.3897134380480717
2387966370,Kuidas edasi_ Eesti energeetika järgmise kümne aasta vaade,16,3,535.2800000000002,0.0939918145224447
2387966370,Kuidas edasi_ Eesti energeetika järgmise kümne aasta vaade,17,6,1091.4800000000005,0.1916570499831079
2387966370,Kuidas edasi_ Eesti energeetika järgmise kümne aasta vaade,38,1,182.55999999999997,0.0320563922792137
2387966370,Kuidas edasi_ Eesti energeetika järgmise kümne aasta vaade,90,2,363.84,0.0638880245775039
2387966370,Kuidas edasi_ Eesti energeetika järgmise kümne aasta vaade,118,2,375.4399999999996,0.065924911904623
2387966370,Kuidas edasi_ Eesti energeetika järgmise kümne aasta vaade,121,3,533.4000000000001,0.0936616983004633
2387966370,Kuidas edasi_ Eesti energeetika järgmise kümne aasta vaade,143,4,719.28,0.1263010617801973
2387966373,Miks peab elektriga kauplema börsil_ (1),-1,5,926.04,0.246349673201745
2387966373,Miks peab elektriga kauplema börsil_ (1),92,16,2737.527,0.7282502719439262
2387966373,Miks peab elektriga kauplema börsil_ (1),191,1,181.36000000000013,0.0482462709298394
2387966376,Milliseid riske toob kliima ettevõtete tegevusse ja kuidas neid maandada_ Ettevalmistused ja õppetunnid,-1,14,2473.04,0.4734767333888553
2387966376,Milliseid riske toob kliima ettevõtete tegevusse ja kuidas neid maandada_ Ettevalmistused ja õppetunnid,18,1,180.67999999999984,0.0345921522452925
2387966376,Milliseid riske toob kliima ettevõtete tegevusse ja kuidas neid maandada_ Ettevalmistused ja õppetunnid,39,1,84.27000000000044,0.0161339421613395
2387966376,Milliseid riske toob kliima ettevõtete tegevusse ja kuidas neid maandada_ Ettevalmistused ja õppetunnid,56,12,2151.12,0.4118434278165474
2387966376,Milliseid riske toob kliima ettevõtete tegevusse ja kuidas neid maandada_ Ettevalmistused ja õppetunnid,69,1,183.96000000000004,0.0352201257861635
2387966376,Milliseid riske toob kliima ettevõtete tegevusse ja kuidas neid maandada_ Ettevalmistused ja õppetunnid,84,2,352.2800000000002,0.0674458899323205
2387966379,Elektridefitsiit Eestis_ kui suur on tegelik majandus- ja julgeolekurisk_,-1,9,1680.04,0.3031435964244342
2387966379,Elektridefitsiit Eestis_ kui suur on tegelik majandus- ja julgeolekurisk_,16,1,214.64000000000036,0.0387292811698177
2387966379,Elektridefitsiit Eestis_ kui suur on tegelik majandus- ja julgeolekurisk_,17,5,934.16,0.168558261729393
2387966379,Elektridefitsiit Eestis_ kui suur on tegelik majandus- ja julgeolekurisk_,38,5,954.72,0.1722680736043998
2387966379,Elektridefitsiit Eestis_ kui suur on tegelik majandus- ja julgeolekurisk_,93,1,181.15999999999983,0.0326882061904778
2387966379,Elektridefitsiit Eestis_ kui suur on tegelik majandus- ja julgeolekurisk_,115,3,479.54,0.0865273923414759
2387966379,Elektridefitsiit Eestis_ kui suur on tegelik majandus- ja julgeolekurisk_,121,4,779.7199999999996,0.1406913674698577
2387966379,Elektridefitsiit Eestis_ kui suur on tegelik majandus- ja julgeolekurisk_,143,1,206.24,0.0372135992753597
2387966379,Elektridefitsiit Eestis_ kui suur on tegelik majandus- ja julgeolekurisk_,191,2,375.52,0.0677581982151041
2387966382,Miks me pelgame energiat kui majandusarengu mootorit,-1,12,2159.0399999999995,0.3852555665632199
2387966382,Miks me pelgame energiat kui majandusarengu mootorit,16,3,604.8000000000002,0.1079195228700883
2387966382,Miks me pelgame energiat kui majandusarengu mootorit,17,2,364.5599999999997,0.0650514901744698
2387966382,Miks me pelgame energiat kui majandusarengu mootorit,38,3,548.0400000000004,0.0977913612991455
2387966382,Miks me pelgame energiat kui majandusarengu mootorit,84,2,375.0,0.0669143867002035
2387966382,Miks me pelgame energiat kui majandusarengu mootorit,92,2,361.96,0.0645875504266818
2387966382,Miks me pelgame energiat kui majandusarengu mootorit,93,1,200.4400000000005,0.0357661857871702
2387966382,Miks me pelgame energiat kui majandusarengu mootorit,109,1,180.20000000000005,0.0321545932890044
2387966382,Miks me pelgame energiat kui majandusarengu mootorit,121,1,184.5600000000001,0.0329325845583722
2387966382,Miks me pelgame energiat kui majandusarengu mootorit,129,1,180.0,0.0321189056160977
2387966382,Miks me pelgame energiat kui majandusarengu mootorit,143,2,366.6399999999999,0.0654226419727003
2387966382,Miks me pelgame energiat kui majandusarengu mootorit,167,1,62.13599999999951,0.0110874462186768
2387966382,Miks me pelgame energiat kui majandusarengu mootorit,191,2,352.8800000000001,0.0629673300767142
2393585466,Matemaatikatund ja -ring kui mõtlemise laborid,-1,2,352.72000000000025,0.0888150945372624
2393585466,Matemaatikatund ja -ring kui mõtlemise laborid,43,19,3471.0370000000003,0.874009070359876
2393585466,Matemaatikatund ja -ring kui mõtlemise laborid,82,1,202.36000000000013,0.0509543619033806
2393585469,Mida Eesti tegelikult kõrghariduselt ootab_,-1,8,1450.52,0.2650016643446227
2393585469,Mida Eesti tegelikult kõrghariduselt ootab_,53,15,2597.226000000001,0.4744982576449323
2393585469,Mida Eesti tegelikult kõrghariduselt ootab_,153,9,1587.3999999999996,0.2900088533633828
2393585472,Kas lapsel on päriselt koht Eestis_ Elu asendushooldusel täna ja homme,-1,7,1245.96,0.2228359449137582
2393585472,Kas lapsel on päriselt koht Eestis_ Elu asendushooldusel täna ja homme,14,2,369.8800000000001,0.0661518502236837
2393585472,Kas lapsel on päriselt koht Eestis_ Elu asendushooldusel täna ja homme,25,16,2824.018,0.5050665506785625
2393585472,Kas lapsel on päriselt koht Eestis_ Elu asendushooldusel täna ja homme,55,3,572.8400000000001,0.1024505944688411
2393585472,Kas lapsel on päriselt koht Eestis_ Elu asendushooldusel täna ja homme,157,2,380.72000000000014,0.0680905494137581
2393585472,Kas lapsel on päriselt koht Eestis_ Elu asendushooldusel täna ja homme,163,2,354.6399999999999,0.0634262251630993
2393585475,Kas internet vajab korrakaitsjat_,-1,18,3171.7999999999997,0.5901760015064205
2393585475,Kas internet vajab korrakaitsjat_,12,1,74.72900000000027,0.0139048056045694
2393585475,Kas internet vajab korrakaitsjat_,37,2,367.6400000000002,0.0684066792338169
2393585475,Kas internet vajab korrakaitsjat_,67,1,183.16000000000008,0.0340805335884721
2393585475,Kas internet vajab korrakaitsjat_,91,1,184.7199999999998,0.0343708023829579
2393585475,Kas internet vajab korrakaitsjat_,111,7,1235.64,0.2299152136015491
2393585475,Kas internet vajab korrakaitsjat_,164,2,366.1599999999999,0.0681312960185355
2393585478,Tehisintellekt kõrghariduses_ reeglid alles kujunemas,-1,6,1057.7999999999995,0.2484266663410048
2393585478,Tehisintellekt kõrghariduses_ reeglid alles kujunemas,5,1,180.88,0.0424800675059188
2393585478,Tehisintellekt kõrghariduses_ reeglid alles kujunemas,19,1,181.0,0.0425082497709603
2393585478,Tehisintellekt kõrghariduses_ reeglid alles kujunemas,53,2,388.67700000000025,0.0912816519128595
2393585478,Tehisintellekt kõrghariduses_ reeglid alles kujunemas,103,7,1228.5600000000004,0.2885300294950889
2393585478,Tehisintellekt kõrghariduses_ reeglid alles kujunemas,135,3,531.7600000000002,0.1248850104873254
2393585478,Tehisintellekt kõrghariduses_ reeglid alles kujunemas,136,1,180.6800000000001,0.042433097064183
2393585478,Tehisintellekt kõrghariduses_ reeglid alles kujunemas,152,1,181.43999999999983,0.0426115847427792
2393585478,Tehisintellekt kõrghariduses_ reeglid alles kujunemas,162,3,535.4800000000001,0.1257586607036125
2393585481,"Ekspert ekraanil, märklaud seljal_ mis on ekspertarvamuse hind_",-1,13,2282.2300000000005,0.4333180807576417
2393585481,"Ekspert ekraanil, märklaud seljal_ mis on ekspertarvamuse hind_",91,1,180.32000000000016,0.0342366528887176
2393585481,"Ekspert ekraanil, märklaud seljal_ mis on ekspertarvamuse hind_",135,11,1964.24,0.372942563609886
2393585481,"Ekspert ekraanil, märklaud seljal_ mis on ekspertarvamuse hind_",164,2,353.1999999999998,0.0670607020868181
2393585481,"Ekspert ekraanil, märklaud seljal_ mis on ekspertarvamuse hind_",167,4,724.9200000000003,0.137637724113183
2393585484,Hinded ja heaolu – kas kool hindab õigesti_,-1,6,1095.04,0.2449397738583874
2393585484,Hinded ja heaolu – kas kool hindab õigesti_,5,16,2774.690000000001,0.6206457673940032
2393585484,Hinded ja heaolu – kas kool hindab õigesti_,29,1,180.3599999999999,0.0403431268383791
2393585484,Hinded ja heaolu – kas kool hindab õigesti_,177,3,543.9600000000002,0.1216735821412993
2394248493,"Kuidas rääkida vähist ja tervisest nii, et kasvaks teadlikkus, mitte ärevus_",-1,17,3203.497999999999,0.5672982419853023
2394248493,"Kuidas rääkida vähist ja tervisest nii, et kasvaks teadlikkus, mitte ärevus_",42,2,404.6,0.0716494496663501
2394248493,"Kuidas rääkida vähist ja tervisest nii, et kasvaks teadlikkus, mitte ärevus_",61,1,187.72000000000023,0.0332427945906259
2394248493,"Kuidas rääkida vähist ja tervisest nii, et kasvaks teadlikkus, mitte ärevus_",71,1,208.19999999999985,0.0368695388545083
2394248493,"Kuidas rääkida vähist ja tervisest nii, et kasvaks teadlikkus, mitte ärevus_",72,8,1627.48,0.2882057497355204
2394248493,"Kuidas rääkida vähist ja tervisest nii, et kasvaks teadlikkus, mitte ärevus_",178,1,187.84000000000012,0.0332640450452971
2394248496,Surm ei küsi diagnoosi – kas sina oled valmis_,-1,16,2953.8400000000006,0.5392556080418065
2394248496,Surm ei küsi diagnoosi – kas sina oled valmis_,12,1,187.16,0.0341680929234841
2394248496,Surm ei küsi diagnoosi – kas sina oled valmis_,13,1,182.7199999999998,0.0333575226489582
2394248496,Surm ei küsi diagnoosi – kas sina oled valmis_,21,1,206.44000000000003,0.0376878665480021
2394248496,Surm ei küsi diagnoosi – kas sina oled valmis_,39,3,537.9200000000005,0.0982031446110313
2394248496,Surm ei küsi diagnoosi – kas sina oled valmis_,42,2,423.75999999999954,0.0773619953903378
2394248496,Surm ei küsi diagnoosi – kas sina oled valmis_,49,1,183.15999999999983,0.0334378494329202
2394248496,Surm ei küsi diagnoosi – kas sina oled valmis_,117,1,182.2800000000002,0.0332771958649962
2394248496,Surm ei küsi diagnoosi – kas sina oled valmis_,178,5,843.9850000000009,0.1540786380958902
2394248499,Vähipatsiendi infoauk_ kelle vastutus on seda täita_,-1,14,2439.6799999999994,0.4158280836674028
2394248499,Vähipatsiendi infoauk_ kelle vastutus on seda täita_,12,1,216.12,0.0368362922359486
2394248499,Vähipatsiendi infoauk_ kelle vastutus on seda täita_,42,6,1065.48,0.1816043524502986
2394248499,Vähipatsiendi infoauk_ kelle vastutus on seda täita_,71,9,1560.4399999999996,0.2659671657258173
2394248499,Vähipatsiendi infoauk_ kelle vastutus on seda täita_,90,1,205.92,0.0350977665057678
2394248499,Vähipatsiendi infoauk_ kelle vastutus on seda täita_,152,1,182.2800000000002,0.0310684774605252
2394248499,Vähipatsiendi infoauk_ kelle vastutus on seda täita_,178,2,410.12,0.0699023698491914
2394248502,Vähitõrje järgmised viis aastat – mida peab Eesti teisiti tegema_,-1,22,3783.707999999999,0.657022873245228
2394248502,Vähitõrje järgmised viis aastat – mida peab Eesti teisiti tegema_,35,1,182.36000000000013,0.0316659454601147
2394248502,Vähitõrje järgmised viis aastat – mida peab Eesti teisiti tegema_,42,3,545.8800000000006,0.0947894620956758
2394248502,Vähitõrje järgmised viis aastat – mida peab Eesti teisiti tegema_,83,1,186.8800000000001,0.0324508219323659
2394248502,Vähitõrje järgmised viis aastat – mida peab Eesti teisiti tegema_,102,1,183.92000000000007,0.0319368320301837
2394248502,Vähitõrje järgmised viis aastat – mida peab Eesti teisiti tegema_,137,5,875.9200000000005,0.1520993361889872
2394248502,Vähitõrje järgmised viis aastat – mida peab Eesti teisiti tegema_,185,1,180.84000000000012,0.0314020046995347
2394248505,Tehisintellekti tulevik vähiravis,-1,20,3488.7999999999997,0.627012431696837
2394248505,Tehisintellekti tulevik vähiravis,35,1,180.8800000000001,0.0325080281602052
2394248505,Tehisintellekti tulevik vähiravis,71,8,1317.2439999999997,0.2367370911425327
2394248505,Tehisintellekti tulevik vähiravis,72,2,369.7600000000002,0.0664538284637189
2394248505,Tehisintellekti tulevik vähiravis,83,1,183.24000000000024,0.0329321709424812
2394248505,Tehisintellekti tulevik vähiravis,178,1,183.04,0.0328962266388984
2395857120,Muutuv rändemaastik_ milleks peab Eesti Euroopa piiririigina valmis olema_,-1,9,1700.9930000000004,0.3113778977164246
2395857120,Muutuv rändemaastik_ milleks peab Eesti Euroopa piiririigina valmis olema_,9,1,183.76000000000025,0.0336384702843399
2395857120,Muutuv rändemaastik_ milleks peab Eesti Euroopa piiririigina valmis olema_,50,1,180.9199999999996,0.033118589703106
2395857120,Muutuv rändemaastik_ milleks peab Eesti Euroopa piiririigina valmis olema_,75,6,1116.3599999999994,0.2043570019951331
2395857120,Muutuv rändemaastik_ milleks peab Eesti Euroopa piiririigina valmis olema_,85,1,208.6,0.0381855948047088
2395857120,Muutuv rändemaastik_ milleks peab Eesti Euroopa piiririigina valmis olema_,129,7,1227.5999999999997,0.224720211803742
2395857120,Muutuv rändemaastik_ milleks peab Eesti Euroopa piiririigina valmis olema_,154,4,720.5999999999999,0.1319105446609454
2395857120,Muutuv rändemaastik_ milleks peab Eesti Euroopa piiririigina valmis olema_,182,1,186.35999999999967,0.0341144172953285
2395857120,Muutuv rändemaastik_ milleks peab Eesti Euroopa piiririigina valmis olema_,190,1,184.07999999999996,0.033697048378
2395857123,"Uus elu, uued rollid_ pagulaste identiteet ja kuuluvus Eestis",-1,16,3225.829,0.6685116992640388
2395857123,"Uus elu, uued rollid_ pagulaste identiteet ja kuuluvus Eestis",34,1,184.87999999999963,0.0383140095026535
2395857123,"Uus elu, uued rollid_ pagulaste identiteet ja kuuluvus Eestis",41,6,1164.3200000000002,0.2412903913031675
2395857123,"Uus elu, uued rollid_ pagulaste identiteet ja kuuluvus Eestis",55,1,222.35999999999967,0.0460812589409889
2395857123,"Uus elu, uued rollid_ pagulaste identiteet ja kuuluvus Eestis",145,1,197.07999999999996,0.040842303076498
2395857126,Kuuluvustunne või äärmuslus_ Kuidas ennetada radikaliseerumist,-1,7,1281.5999999999997,0.2411627748998776
2395857126,Kuuluvustunne või äärmuslus_ Kuidas ennetada radikaliseerumist,10,1,228.15999999999983,0.042933597628867
2395857126,Kuuluvustunne või äärmuslus_ Kuidas ennetada radikaliseerumist,26,14,2620.0399999999995,0.4930213145666943
2395857126,Kuuluvustunne või äärmuslus_ Kuidas ennetada radikaliseerumist,37,1,184.4799999999996,0.0347141921922045
2395857126,Kuuluvustunne või äärmuslus_ Kuidas ennetada radikaliseerumist,41,2,364.0400000000002,0.0685025722335764
2395857126,Kuuluvustunne või äärmuslus_ Kuidas ennetada radikaliseerumist,50,1,180.31999999999996,0.0339313916744272
2395857126,Kuuluvustunne või äärmuslus_ Kuidas ennetada radikaliseerumist,130,1,182.27999999999972,0.0343002111491492
2395857126,Kuuluvustunne või äärmuslus_ Kuidas ennetada radikaliseerumist,154,1,200.04,0.0376421672058142
2395857126,Kuuluvustunne või äärmuslus_ Kuidas ennetada radikaliseerumist,182,2,308.7329999999997,0.0580952769843663
2395857129,Pagulus ja rahvus,-1,2,383.0800000000008,0.0765035856312735
2395857129,Pagulus ja rahvus,34,3,553.9599999999998,0.1106294410992487
2395857129,Pagulus ja rahvus,41,1,181.51999999999956,0.0362507331726759
2395857129,Pagulus ja rahvus,49,1,183.75999999999976,0.0366980758473498
2395857129,Pagulus ja rahvus,50,20,3816.947,0.7622693214590481
2395857132,"Kes vastutab, kui välistöötajad elavad kümnekesi kitsas köögis ega saa palka_",-1,21,3584.495,0.6660185155077829
2395857132,"Kes vastutab, kui välistöötajad elavad kümnekesi kitsas köögis ega saa palka_",65,1,186.76000000000025,0.0347010158910065
2395857132,"Kes vastutab, kui välistöötajad elavad kümnekesi kitsas köögis ega saa palka_",67,1,183.24,0.03404698089456
2395857132,"Kes vastutab, kui välistöötajad elavad kümnekesi kitsas köögis ega saa palka_",120,1,180.96000000000004,0.0336233445900436
2395857132,"Kes vastutab, kui välistöötajad elavad kümnekesi kitsas köögis ega saa palka_",145,1,184.0800000000004,0.034203057427803
2395857132,"Kes vastutab, kui välistöötajad elavad kümnekesi kitsas köögis ega saa palka_",180,7,1232.4399999999996,0.2289940031308208
2395857135,"Kellel lubame otsustada, kes Eestisse elama tuleb_",-1,9,1605.3199999999997,0.2880397785281067
2395857135,"Kellel lubame otsustada, kes Eestisse elama tuleb_",52,2,349.32000000000016,0.0626778806938419
2395857135,"Kellel lubame otsustada, kes Eestisse elama tuleb_",103,1,181.4000000000001,0.0325482868368914
2395857135,"Kellel lubame otsustada, kes Eestisse elama tuleb_",105,16,2775.378,0.4979812526174097
2395857135,"Kellel lubame otsustada, kes Eestisse elama tuleb_",132,4,727.3599999999999,0.1305089410897539
2395857135,"Kellel lubame otsustada, kes Eestisse elama tuleb_",185,1,184.80000000000015,0.0331583429297549
2395857138,"Do They Belong Here, Or Do They Just Live Here_",-1,1,241.44000000000003,0.050815609046458
2395857138,"Do They Belong Here, Or Do They Just Live Here_",2,1,181.6000000000004,0.0382211506081709
2395857138,"Do They Belong Here, Or Do They Just Live Here_",79,21,4131.336000000001,0.8695177063268634
2395857138,"Do They Belong Here, Or Do They Just Live Here_",154,1,249.0,0.052406753862525
2395857141,"Kes ütleb meile, et nemad pole meie_",-1,17,3202.600000000001,0.6126336513508893
2395857141,"Kes ütleb meile, et nemad pole meie_",11,1,117.35400000000028,0.0224489507027516
2395857141,"Kes ütleb meile, et nemad pole meie_",21,1,182.63999999999987,0.0349376787868376
2395857141,"Kes ütleb meile, et nemad pole meie_",37,3,550.6800000000002,0.1053410039111683
2395857141,"Kes ütleb meile, et nemad pole meie_",41,2,370.6799999999996,0.0709083375640877
2395857141,"Kes ütleb meile, et nemad pole meie_",91,1,205.76,0.0393603634865293
2395857141,"Kes ütleb meile, et nemad pole meie_",111,3,549.4799999999998,0.1051114528021877
2395857141,"Kes ütleb meile, et nemad pole meie_",174,1,203.7199999999999,0.0389701266012624
2395857144,Vabatahtlikkus_ lõimumise mootor või lõhede peegel_,-1,9,1493.111999999999,0.3259079336585909
2395857144,Vabatahtlikkus_ lõimumise mootor või lõhede peegel_,11,1,184.20000000000027,0.040206120759804
2395857144,Vabatahtlikkus_ lõimumise mootor või lõhede peegel_,30,1,182.9199999999996,0.0399267296926348
2395857144,Vabatahtlikkus_ lõimumise mootor või lõhede peegel_,87,15,2673.28,0.5835082437826756
2395857144,Vabatahtlikkus_ lõimumise mootor või lõhede peegel_,145,1,182.6800000000003,0.0398743438675407
2395991448,Töö ei küsi vanust_,-1,17,3073.8399999999992,0.5879560291583221
2395991448,Töö ei küsi vanust_,0,5,970.839999999999,0.1856997213088726
2395991448,Töö ei küsi vanust_,4,1,195.44000000000003,0.0373832490756521
2395991448,Töö ei küsi vanust_,40,2,352.52,0.0674290982610974
2395991448,Töö ei küsi vanust_,55,1,182.6,0.0349272476525484
2395991448,Töö ei küsi vanust_,58,1,193.3199999999997,0.0369777410525228
2395991448,Töö ei küsi vanust_,64,1,183.27999999999972,0.0350573162637408
2395991448,Töö ei küsi vanust_,138,2,308.3299999999999,0.0589765513072851
2395991451,Kas lapsed maksavad karjääris kätte_,-1,17,3017.599999999999,0.5439310482317012
2395991451,Kas lapsed maksavad karjääris kätte_,1,1,181.92000000000007,0.0327916013700659
2395991451,Kas lapsed maksavad karjääris kätte_,12,1,242.4,0.0436932947015391
2395991451,Kas lapsed maksavad karjääris kätte_,14,6,1102.4819999999995,0.1987255401367253
2395991451,Kas lapsed maksavad karjääris kätte_,138,6,1171.92,0.2112419386412034
2395991454,Kas süsteem hoiab naisi tagasi_,-1,9,1595.0,0.3199823458016109
2395991454,Kas süsteem hoiab naisi tagasi_,0,1,183.56000000000017,0.0368250529124412
2395991454,Kas süsteem hoiab naisi tagasi_,39,2,361.3600000000001,0.0724945582939625
2395991454,Kas süsteem hoiab naisi tagasi_,67,1,182.9600000000005,0.0367046833779704
2395991454,Kas süsteem hoiab naisi tagasi_,68,14,2433.8,0.4882589549918248
2395991454,Kas süsteem hoiab naisi tagasi_,163,3,411.0099999999993,0.0824551372714231
2395991457,Paindlikkus või kontroll_,-1,8,1435.3200000000004,0.2684079811786038
2395991457,Paindlikkus või kontroll_,0,19,3344.0910000000003,0.6253523354983824
2395991457,Paindlikkus või kontroll_,12,1,182.96000000000004,0.0342139204055105
2395991457,Paindlikkus või kontroll_,24,1,181.23999999999975,0.0338922766413134
2395991457,Paindlikkus või kontroll_,40,2,353.7199999999998,0.0661464141114843
2395991460,Kriis ei vabasta juhtimisest,-1,15,2638.52,0.5088632368818038
2395991460,Kriis ei vabasta juhtimisest,30,1,180.52,0.0348149688165726
2395991460,Kriis ei vabasta juhtimisest,39,1,216.72600000000057,0.0417976342329965
2395991460,Kriis ei vabasta juhtimisest,40,1,184.27999999999972,0.0355401199507976
2395991460,Kriis ei vabasta juhtimisest,70,1,187.24000000000004,0.0361109836096557
2395991460,Kriis ei vabasta juhtimisest,165,11,1948.9999999999995,0.3758828618629516
2395991463,"Mees, kus su lapsed on_",-1,18,3037.7320000000004,0.5509393637558011
2395991463,"Mees, kus su lapsed on_",39,3,565.52,0.1025657395027542
2395991463,"Mees, kus su lapsed on_",55,5,868.5600000000002,0.157526698794936
2395991463,"Mees, kus su lapsed on_",68,5,895.9199999999993,0.1624888550985066
2395991463,"Mees, kus su lapsed on_",125,1,182.8399999999997,0.0331608427830731
2395991463,"Mees, kus su lapsed on_",138,1,182.72000000000023,0.0331390789396365
2395991466,Miks noored mehed surevad_,-1,11,1948.04,0.3559131341308206
2395991466,Miks noored mehed surevad_,0,12,2109.560000000001,0.3854233543649074
2395991466,Miks noored mehed surevad_,37,1,181.6800000000003,0.0331935166674645
2395991466,Miks noored mehed surevad_,55,1,183.4399999999996,0.0335150742926005
2395991466,Miks noored mehed surevad_,58,1,181.24,0.0331131272611804
2395991466,Miks noored mehed surevad_,106,3,548.3199999999998,0.1001798164856016
2395991466,Miks noored mehed surevad_,120,1,195.79799999999975,0.0357729203900055
2395991466,Miks noored mehed surevad_,124,2,367.1199999999999,0.0670739973522652
2395991469,Kes võidab AI-ajastul_,-1,13,2175.790000000001,0.4085231102574359
2395991469,Kes võidab AI-ajastul_,8,1,181.76000000000025,0.0341269885974251
2395991469,Kes võidab AI-ajastul_,27,10,1779.8000000000002,0.3341726139177881
2395991469,Kes võidab AI-ajastul_,55,1,182.8800000000001,0.0343372781398388
2395991469,Kes võidab AI-ajastul_,71,1,182.92000000000007,0.0343447884806392
2395991469,Kes võidab AI-ajastul_,101,2,349.2800000000001,0.0655802958698758
2395991469,Kes võidab AI-ajastul_,132,2,351.4800000000005,0.0659933646139028
2395991469,Kes võidab AI-ajastul_,162,2,367.55999999999966,0.0690125216156995
2395991472,Kas iga ebamugavus on kiusamine_,-1,12,2131.0400000000013,0.4031825661908914
2395991472,Kas iga ebamugavus on kiusamine_,0,13,2298.066,0.4347830857966234
2395991472,Kas iga ebamugavus on kiusamine_,27,2,365.04,0.069063820464338
2395991472,Kas iga ebamugavus on kiusamine_,40,2,367.20000000000016,0.0694724821238903
2395991472,Kas iga ebamugavus on kiusamine_,106,1,182.64000000000036,0.0345546136576997
2395991472,Kas iga ebamugavus on kiusamine_,124,1,182.76000000000025,0.0345773170832304
2396670915,Pedofiilia uus nägu_ kuidas avatus loob uusi riske,-1,7,1311.8940000000002,0.2343348265049816
2396670915,Pedofiilia uus nägu_ kuidas avatus loob uusi riske,13,3,580.6800000000001,0.1037229738491926
2396670915,Pedofiilia uus nägu_ kuidas avatus loob uusi riske,25,1,180.84000000000012,0.0323022363279052
2396670915,Pedofiilia uus nägu_ kuidas avatus loob uusi riske,67,1,183.80000000000015,0.0328309612755418
2396670915,Pedofiilia uus nägu_ kuidas avatus loob uusi riske,73,3,517.1199999999999,0.0923696773384557
2396670915,Pedofiilia uus nägu_ kuidas avatus loob uusi riske,101,1,184.23999999999975,0.0329095555245147
2396670915,Pedofiilia uus nägu_ kuidas avatus loob uusi riske,111,1,183.24000000000024,0.0327309322313943
2396670915,Pedofiilia uus nägu_ kuidas avatus loob uusi riske,122,2,364.96000000000026,0.0651903570572456
2396670915,Pedofiilia uus nägu_ kuidas avatus loob uusi riske,133,12,2160.84,0.3859763567064294
2396670915,Pedofiilia uus nägu_ kuidas avatus loob uusi riske,187,1,180.0,0.032152192761684
2396670918,Kas töötamine päästab Eestis vaesusest_ Räägime miinimumpalgast,-1,8,1359.902,0.2621173437427117
2396670918,Kas töötamine päästab Eestis vaesusest_ Räägime miinimumpalgast,0,5,881.3600000000006,0.1698796987437893
2396670918,Kas töötamine päästab Eestis vaesusest_ Räägime miinimumpalgast,65,17,2947.920000000001,0.5682034146328301
2396670918,Kas töötamine päästab Eestis vaesusest_ Räägime miinimumpalgast,120,1,181.72000000000003,0.0350260266584839
2396670921,Kas Eesti tulevik on parkla või meeldiv elukeskkond_,-1,10,1820.0399999999995,0.3054367725373399
2396670921,Kas Eesti tulevik on parkla või meeldiv elukeskkond_,14,2,385.85099999999966,0.0647530186810757
2396670921,Kas Eesti tulevik on parkla või meeldiv elukeskkond_,32,2,367.2399999999993,0.0616297445916642
2396670921,Kas Eesti tulevik on parkla või meeldiv elukeskkond_,36,1,183.15999999999983,0.0307376756873141
2396670921,Kas Eesti tulevik on parkla või meeldiv elukeskkond_,38,1,188.35999999999967,0.0316103330009962
2396670921,Kas Eesti tulevik on parkla või meeldiv elukeskkond_,70,12,2230.0400000000004,0.3742424453468989
2396670921,Kas Eesti tulevik on parkla või meeldiv elukeskkond_,94,1,181.48,0.0304557402475091
2396670921,Kas Eesti tulevik on parkla või meeldiv elukeskkond_,109,1,191.52,0.0321406401377724
2396670921,Kas Eesti tulevik on parkla või meeldiv elukeskkond_,120,1,181.80000000000015,0.0305094422360434
2396670921,Kas Eesti tulevik on parkla või meeldiv elukeskkond_,131,3,547.4000000000001,0.0918639641364695
2396670924,Loodusrahvas või ressursirahvas_ miks keskkond valimiskasti juures kaotab_,-1,18,3159.163,0.5611697663227762
2396670924,Loodusrahvas või ressursirahvas_ miks keskkond valimiskasti juures kaotab_,2,6,1072.3599999999997,0.1904859010484397
2396670924,Loodusrahvas või ressursirahvas_ miks keskkond valimiskasti juures kaotab_,56,3,533.4399999999996,0.0947562376956242
2396670924,Loodusrahvas või ressursirahvas_ miks keskkond valimiskasti juures kaotab_,69,4,716.5999999999998,0.1272913915954641
2396670924,Loodusrahvas või ressursirahvas_ miks keskkond valimiskasti juures kaotab_,129,1,186.04,0.0330467352671227
2396670924,Loodusrahvas või ressursirahvas_ miks keskkond valimiskasti juures kaotab_,181,1,185.79999999999927,0.0330041034865157
2396670927,Kodude kättesaadavus_ kas Eestil on plaan_,-1,20,3587.4000000000005,0.6927487317275792
2396670927,Kodude kättesaadavus_ kas Eestil on plaan_,36,1,182.5200000000002,0.0352457207211122
2396670927,Kodude kättesaadavus_ kas Eestil on plaan_,69,1,182.24,0.0351916510202469
2396670927,Kodude kättesaadavus_ kas Eestil on plaan_,90,2,410.1809999999996,0.0792084427520627
2396670927,Kodude kättesaadavus_ kas Eestil on plaan_,94,2,364.6000000000004,0.0704064747694362
2396670927,Kodude kättesaadavus_ kas Eestil on plaan_,131,3,570.44,0.1101554291483192
2396670930,ÜRO kõnnib Rahvasteliidu teed,-1,13,2306.32,0.4261170949941145
2396670930,ÜRO kõnnib Rahvasteliidu teed,76,9,1639.7290000000005,0.30295733378612
2396670930,ÜRO kõnnib Rahvasteliidu teed,86,4,805.64,0.1488505395656536
2396670930,ÜRO kõnnib Rahvasteliidu teed,129,1,182.24000000000024,0.0336707739566614
2396670930,ÜRO kõnnib Rahvasteliidu teed,190,3,597.7200000000003,0.1104351130891993
2396670933,"Kui pole mugav, siis ei kaasa_!",-1,15,2644.258,0.5491962453928301
2396670933,"Kui pole mugav, siis ei kaasa_!",10,6,1073.7199999999998,0.2230050897466092
2396670933,"Kui pole mugav, siis ei kaasa_!",29,5,887.7600000000002,0.1843823328926069
2396670933,"Kui pole mugav, siis ei kaasa_!",117,2,373.56,0.0775861316970377
2396670936,"Kas Eesti on valmis järgmiseks kriisiks, mis ei tule tankiga_ Keemilised, bioloogilised, radioloogilised ja tuumariskid",-1,2,388.27999999999975,0.0869568528015411
2396670936,"Kas Eesti on valmis järgmiseks kriisiks, mis ei tule tankiga_ Keemilised, bioloogilised, radioloogilised ja tuumariskid",18,1,204.44000000000003,0.0457851524331592
2396670936,"Kas Eesti on valmis järgmiseks kriisiks, mis ei tule tankiga_ Keemilised, bioloogilised, radioloogilised ja tuumariskid",81,20,3919.723,0.8778375809565658
2396692734,Kas rohereform vajab ebapopulaarseid otsuseid_,-1,19,3333.359999999999,0.6330241098596956
2396692734,Kas rohereform vajab ebapopulaarseid otsuseid_,18,1,182.75999999999976,0.0347071682380414
2396692734,Kas rohereform vajab ebapopulaarseid otsuseid_,38,2,361.8799999999992,0.0687230796781704
2396692734,Kas rohereform vajab ebapopulaarseid otsuseid_,41,1,94.41100000000006,0.0179291883372824
2396692734,Kas rohereform vajab ebapopulaarseid otsuseid_,56,1,186.36000000000013,0.0353908288074054
2396692734,Kas rohereform vajab ebapopulaarseid otsuseid_,89,2,384.1199999999999,0.0729465827511298
2396692734,Kas rohereform vajab ebapopulaarseid otsuseid_,91,1,181.7600000000001,0.0345172625243293
2396692734,Kas rohereform vajab ebapopulaarseid otsuseid_,118,1,180.63999999999987,0.0343045681249716
2396692734,Kas rohereform vajab ebapopulaarseid otsuseid_,130,1,182.39999999999964,0.034638802181105
2396692734,Kas rohereform vajab ebapopulaarseid otsuseid_,148,1,180.96,0.0343653379533595
2396692734,Kas rohereform vajab ebapopulaarseid otsuseid_,191,1,207.76,0.0394548110808464
2396692737,Keskkonnahoid vastutuules_ kas keskkonnaprojektid on vaid kulu või ka väärtus inimestele ja ettevõtetele_,-1,16,2816.0610000000006,0.4992643279641715
2396692737,Keskkonnahoid vastutuules_ kas keskkonnaprojektid on vaid kulu või ka väärtus inimestele ja ettevõtetele_,2,6,1087.16,0.1927444777615004
2396692737,Keskkonnahoid vastutuules_ kas keskkonnaprojektid on vaid kulu või ka väärtus inimestele ja ettevõtetele_,16,2,378.72,0.067143924185801
2396692737,Keskkonnahoid vastutuules_ kas keskkonnaprojektid on vaid kulu või ka väärtus inimestele ja ettevõtetele_,36,1,180.52,0.0320047031950274
2396692737,Keskkonnahoid vastutuules_ kas keskkonnaprojektid on vaid kulu või ka väärtus inimestele ja ettevõtetele_,80,1,181.48,0.0321749032563349
2396692737,Keskkonnahoid vastutuules_ kas keskkonnaprojektid on vaid kulu või ka väärtus inimestele ja ettevõtetele_,90,2,362.4400000000005,0.064257614812795
2396692737,Keskkonnahoid vastutuules_ kas keskkonnaprojektid on vaid kulu või ka väärtus inimestele ja ettevõtetele_,109,1,180.9199999999996,0.0320756198872388
2396692737,Keskkonnahoid vastutuules_ kas keskkonnaprojektid on vaid kulu või ka väärtus inimestele ja ettevõtetele_,130,1,185.92000000000007,0.032962078539882
2396692737,Keskkonnahoid vastutuules_ kas keskkonnaprojektid on vaid kulu või ka väärtus inimestele ja ettevõtetele_,131,1,181.48,0.0321749032563349
2396692737,Keskkonnahoid vastutuules_ kas keskkonnaprojektid on vaid kulu või ka väärtus inimestele ja ettevõtetele_,159,2,356.80000000000007,0.0632576894526135
2396692740,Kas tööstus julgeb investeerida_ Energiamajanduslikud otsused ebakindla poliitika ja turu tingimustes,-1,7,1272.6400000000003,0.2491658024321781
2396692740,Kas tööstus julgeb investeerida_ Energiamajanduslikud otsused ebakindla poliitika ja turu tingimustes,6,6,963.7629999999996,0.1886918384220542
2396692740,Kas tööstus julgeb investeerida_ Energiamajanduslikud otsused ebakindla poliitika ja turu tingimustes,16,4,715.6000000000001,0.1401048593635801
2396692740,Kas tööstus julgeb investeerida_ Energiamajanduslikud otsused ebakindla poliitika ja turu tingimustes,17,2,360.84000000000015,0.0706476208115627
2396692740,Kas tööstus julgeb investeerida_ Energiamajanduslikud otsused ebakindla poliitika ja turu tingimustes,38,1,182.52,0.0357349621730584
2396692740,Kas tööstus julgeb investeerida_ Energiamajanduslikud otsused ebakindla poliitika ja turu tingimustes,80,4,738.9600000000002,0.1446784333081487
2396692740,Kas tööstus julgeb investeerida_ Energiamajanduslikud otsused ebakindla poliitika ja turu tingimustes,84,4,750.6800000000001,0.1469730517426667
2396692740,Kas tööstus julgeb investeerida_ Energiamajanduslikud otsused ebakindla poliitika ja turu tingimustes,121,1,183.55999999999997,0.0359385801911385
2396692740,Kas tööstus julgeb investeerida_ Energiamajanduslikud otsused ebakindla poliitika ja turu tingimustes,143,1,183.15999999999983,0.0358602655688
2396692743,Järgmise põlvkonna õpilasmalev,-1,12,2171.88,0.4098897596067558
2396692743,Järgmise põlvkonna õpilasmalev,0,2,409.3600000000001,0.0772567876644297
2396692743,Järgmise põlvkonna õpilasmalev,12,1,122.21299999999974,0.0230647444567933
2396692743,Järgmise põlvkonna õpilasmalev,43,1,181.72000000000023,0.0342952497908446
2396692743,Järgmise põlvkonna õpilasmalev,117,1,185.04,0.0349218193996141
2396692743,Järgmise põlvkonna õpilasmalev,138,1,186.7599999999993,0.0352464277511452
2396692743,Järgmise põlvkonna õpilasmalev,147,12,2265.72,0.4275997873437845
2396692746,Kuidas hoida kokkuleppeid ruumis_,-1,16,2878.8370000000014,0.467128531875823
2396692746,Kuidas hoida kokkuleppeid ruumis_,10,1,182.84000000000012,0.0296681544554886
2396692746,Kuidas hoida kokkuleppeid ruumis_,70,6,1067.7599999999995,0.1732578680889985
2396692746,Kuidas hoida kokkuleppeid ruumis_,90,3,550.32,0.0892965366437567
2396692746,Kuidas hoida kokkuleppeid ruumis_,94,1,184.0,0.0298563794564094
2396692746,Kuidas hoida kokkuleppeid ruumis_,109,8,1408.44,0.228537603704268
2396692746,Kuidas hoida kokkuleppeid ruumis_,169,1,182.0,0.0295318535927528
2396692749,"Kas elekter saab olla korraga odav, roheline ja kindel ning hoida Eesti majanduse konkurentsivõimelisena_",-1,12,2130.84,0.3767819135345239
2396692749,"Kas elekter saab olla korraga odav, roheline ja kindel ning hoida Eesti majanduse konkurentsivõimelisena_",17,7,1235.56,0.2184756533041975
2396692749,"Kas elekter saab olla korraga odav, roheline ja kindel ning hoida Eesti majanduse konkurentsivõimelisena_",38,2,364.6800000000003,0.064483878765074
2396692749,"Kas elekter saab olla korraga odav, roheline ja kindel ning hoida Eesti majanduse konkurentsivõimelisena_",84,1,181.9199999999996,0.0321676736452293
2396692749,"Kas elekter saab olla korraga odav, roheline ja kindel ning hoida Eesti majanduse konkurentsivõimelisena_",89,1,180.35999999999967,0.0318918294780868
2396692749,"Kas elekter saab olla korraga odav, roheline ja kindel ning hoida Eesti majanduse konkurentsivõimelisena_",92,1,184.83999999999992,0.0326839973427011
2396692749,"Kas elekter saab olla korraga odav, roheline ja kindel ning hoida Eesti majanduse konkurentsivõimelisena_",109,2,350.0799999999999,0.0619022602777149
2396692749,"Kas elekter saab olla korraga odav, roheline ja kindel ning hoida Eesti majanduse konkurentsivõimelisena_",143,5,891.24,0.1575918945667009
2396692749,"Kas elekter saab olla korraga odav, roheline ja kindel ning hoida Eesti majanduse konkurentsivõimelisena_",169,1,213.8070000000007,0.037806034515532
2396692749,"Kas elekter saab olla korraga odav, roheline ja kindel ning hoida Eesti majanduse konkurentsivõimelisena_",191,1,182.43999999999983,0.0322596217009435
2396692752,Tuleviku Eesti edulugu_ majanduskasv või tasaareng_,-1,11,2141.865,0.4194483964683431
2396692752,Tuleviku Eesti edulugu_ majanduskasv või tasaareng_,6,4,757.7199999999998,0.1483867745969016
2396692752,Tuleviku Eesti edulugu_ majanduskasv või tasaareng_,8,2,363.56,0.071197138484466
2396692752,Tuleviku Eesti edulugu_ majanduskasv või tasaareng_,80,1,216.88,0.0424723165213747
2396692752,Tuleviku Eesti edulugu_ majanduskasv või tasaareng_,97,1,225.83999999999992,0.044226982493486
2396692752,Tuleviku Eesti edulugu_ majanduskasv või tasaareng_,120,2,407.8399999999999,0.0798686350519986
2396692752,Tuleviku Eesti edulugu_ majanduskasv või tasaareng_,145,1,216.92000000000007,0.0424801498516073
2396692752,Tuleviku Eesti edulugu_ majanduskasv või tasaareng_,160,3,685.48,0.1342397801967536
2396692752,Tuleviku Eesti edulugu_ majanduskasv või tasaareng_,167,1,242.5600000000004,0.0475013145307297
2396692755,Tehisintellekti nähtamatu jalajälg_ kas digiareng tuleb keskkonna arvelt_,-1,17,2957.874,0.5620349190943061
2396692755,Tehisintellekti nähtamatu jalajälg_ kas digiareng tuleb keskkonna arvelt_,17,1,184.52,0.0350612241330365
2396692755,Tehisintellekti nähtamatu jalajälg_ kas digiareng tuleb keskkonna arvelt_,27,2,365.4799999999996,0.0694460014965433
2396692755,Tehisintellekti nähtamatu jalajälg_ kas digiareng tuleb keskkonna arvelt_,52,1,183.96000000000004,0.0349548167760319
2396692755,Tehisintellekti nähtamatu jalajälg_ kas digiareng tuleb keskkonna arvelt_,90,1,180.48000000000047,0.034293571057503
2396692755,Tehisintellekti nähtamatu jalajälg_ kas digiareng tuleb keskkonna arvelt_,97,2,366.6399999999999,0.0696664167360531
2396692755,Tehisintellekti nähtamatu jalajälg_ kas digiareng tuleb keskkonna arvelt_,101,1,185.20000000000005,0.0351904330665422
2396692755,Tehisintellekti nähtamatu jalajälg_ kas digiareng tuleb keskkonna arvelt_,121,1,183.0,0.0347724041640239
2396692755,Tehisintellekti nähtamatu jalajälg_ kas digiareng tuleb keskkonna arvelt_,127,1,181.0,0.0343923778890072
2396692755,Tehisintellekti nähtamatu jalajälg_ kas digiareng tuleb keskkonna arvelt_,132,1,181.9599999999996,0.0345747905010151
2396692755,Tehisintellekti nähtamatu jalajälg_ kas digiareng tuleb keskkonna arvelt_,152,1,180.64,0.0343239731595042
2396692755,Tehisintellekti nähtamatu jalajälg_ kas digiareng tuleb keskkonna arvelt_,169,2,368.72000000000025,0.0700616440620705
2397177237,Kas sotsiaalmeediasse mahub sisukas poliitiline diskussioon_,-1,6,1083.4000000000003,0.2032346080361523
2397177237,Kas sotsiaalmeediasse mahub sisukas poliitiline diskussioon_,12,3,558.9850000000008,0.1048597908188007
2397177237,Kas sotsiaalmeediasse mahub sisukas poliitiline diskussioon_,37,9,1626.1600000000003,0.30505075706486
2397177237,Kas sotsiaalmeediasse mahub sisukas poliitiline diskussioon_,111,1,181.6000000000004,0.0340662772931191
2397177237,Kas sotsiaalmeediasse mahub sisukas poliitiline diskussioon_,149,12,2141.6,0.4017419573289861
2397177240,Kultuur on majandusharu,-1,2,368.75999999999976,0.0660507234305967
2397177240,Kultuur on majandusharu,6,1,182.63999999999987,0.0327137003128435
2397177240,Kultuur on majandusharu,11,1,181.1600000000003,0.0324486090050084
2397177240,Kultuur on majandusharu,74,2,398.5600000000002,0.0713883727370068
2397177240,Kultuur on majandusharu,80,1,202.96000000000004,0.0363533323231205
2397177240,Kultuur on majandusharu,141,12,2297.88,0.4115864962487789
2397177240,Kultuur on majandusharu,150,3,531.2800000000002,0.0951606148828708
2397177240,Kultuur on majandusharu,193,9,1627.1419999999994,0.2914467573063999
2397177243,Kultuuriretsept – ravi positiivsete kõrvaltoimetega,-1,17,2971.4800000000005,0.5716683381721381
2397177243,Kultuuriretsept – ravi positiivsete kõrvaltoimetega,11,1,180.80000000000015,0.0347832176361687
2397177243,Kultuuriretsept – ravi positiivsete kõrvaltoimetega,163,1,184.6000000000001,0.0355142808386988
2397177243,Kultuuriretsept – ravi positiivsete kõrvaltoimetega,166,11,2007.8690000000008,0.3862839845791837
2397177246,Reklaamide vastutamatusest ja vastutusest,-1,4,698.3979999999998,0.1417998480479521
2397177246,Reklaamide vastutamatusest ja vastutusest,39,1,180.9199999999996,0.0367332502510537
2397177246,Reklaamide vastutamatusest ja vastutusest,47,22,3813.04,0.774183907457873
2397177246,Reklaamide vastutamatusest ja vastutusest,56,1,182.28,0.0370093790391449
2397177246,Reklaamide vastutamatusest ja vastutusest,78,1,180.07999999999993,0.0365627001172328
2397177249,AI ajastu ettevõtlus – kas miljon mikroettevõtjat või paar suurt võitjat_,-1,13,2300.24,0.4052820715575937
2397177249,AI ajastu ettevõtlus – kas miljon mikroettevõtjat või paar suurt võitjat_,27,12,2136.4000000000005,0.3764149035212167
2397177249,AI ajastu ettevõtlus – kas miljon mikroettevõtjat või paar suurt võitjat_,60,2,364.72,0.0642604585341032
2397177249,AI ajastu ettevõtlus – kas miljon mikroettevõtjat või paar suurt võitjat_,101,3,537.7600000000004,0.0947485857131481
2397177249,AI ajastu ettevõtlus – kas miljon mikroettevõtjat või paar suurt võitjat_,127,2,398.41200000000026,0.0701966928204901
2397177249,AI ajastu ettevõtlus – kas miljon mikroettevõtjat või paar suurt võitjat_,162,1,180.2400000000007,0.0317567038993935
2397177252,Tehisintellekt kultuuris – kas loovisik on järgmine väljasureja_,-1,20,3584.919999999999,0.6123711643101095
2397177252,Tehisintellekt kultuuris – kas loovisik on järgmine väljasureja_,11,1,90.76199999999972,0.0155038415404287
2397177252,Tehisintellekt kultuuris – kas loovisik on järgmine väljasureja_,74,1,185.07999999999996,0.0316151141700554
2397177252,Tehisintellekt kultuuris – kas loovisik on järgmine väljasureja_,101,1,235.3599999999999,0.040203875465011
2397177252,Tehisintellekt kultuuris – kas loovisik on järgmine väljasureja_,127,6,1167.08,0.1993590201296103
2397177252,Tehisintellekt kultuuris – kas loovisik on järgmine väljasureja_,146,3,552.6000000000004,0.0943943812965887
2397177252,Tehisintellekt kultuuris – kas loovisik on järgmine väljasureja_,193,1,240.0,0.040996473961602
2397177255,Vabakutseliste loovisikute toimetulek,-1,12,2249.5600000000013,0.4070992450541794
2397177255,Vabakutseliste loovisikute toimetulek,4,7,1314.9600000000005,0.2379661904000976
2397177255,Vabakutseliste loovisikute toimetulek,11,5,921.3869999999996,0.1667419193543337
2397177255,Vabakutseliste loovisikute toimetulek,62,1,188.55999999999997,0.0341233990857838
2397177255,Vabakutseliste loovisikute toimetulek,67,1,183.07999999999996,0.0331316923240629
2397177255,Vabakutseliste loovisikute toimetulek,119,4,715.1199999999999,0.1294141130368359
2397177255,Vabakutseliste loovisikute toimetulek,141,1,184.79999999999973,0.0334429579500045
2397177258,Kas tänavakunst peaks olema legaalne_,-1,3,576.7599999999998,0.114318696169067
2397177258,Kas tänavakunst peaks olema legaalne_,47,1,184.19999999999985,0.0365099934710141
2397177258,Kas tänavakunst peaks olema legaalne_,66,23,4108.56,0.8143512419938658
2397177258,Kas tänavakunst peaks olema legaalne_,100,1,99.11399999999958,0.0196452306888495
2397177258,Kas tänavakunst peaks olema legaalne_,182,1,183.48000000000047,0.0363672833988148
2397264564,Küberturvalisus vs ettevõtlusvõime_ kus on tasakaal_,-1,4,1034.88,0.1929060859700377
2397264564,Küberturvalisus vs ettevõtlusvõime_ kus on tasakaal_,21,3,755.04,0.1407427055801806
2397264564,Küberturvalisus vs ettevõtlusvõime_ kus on tasakaal_,36,1,243.27999999999972,0.0453484390410392
2397264564,Küberturvalisus vs ettevõtlusvõime_ kus on tasakaal_,44,8,1722.88,0.321152247020001
2397264564,Küberturvalisus vs ettevõtlusvõime_ kus on tasakaal_,60,1,273.6399999999999,0.0510076737059766
2397264564,Küberturvalisus vs ettevõtlusvõime_ kus on tasakaal_,83,4,999.003,0.1862184587607506
2397264564,Küberturvalisus vs ettevõtlusvõime_ kus on tasakaal_,91,1,248.79999999999973,0.0463773907983006
2397264564,Küberturvalisus vs ettevõtlusvõime_ kus on tasakaal_,119,1,211.48000000000047,0.0394207821785556
2397264567,Teadmussiirdedoktorantuur – Eesti majanduse kasutamata potentsiaal_,-1,1,183.1199999999999,0.0340952570689659
2397264567,Teadmussiirdedoktorantuur – Eesti majanduse kasutamata potentsiaal_,6,1,182.64000000000036,0.0340058854908036
2397264567,Teadmussiirdedoktorantuur – Eesti majanduse kasutamata potentsiaal_,20,28,4866.155000000001,0.9060332331937214
2397264567,Teadmussiirdedoktorantuur – Eesti majanduse kasutamata potentsiaal_,145,1,182.8800000000001,0.0340505712798848
2397264570,"Miljon sensorit, üks planeet_ kuidas tehisintellekt asjades (AIoT) muudab teadust_",-1,22,4127.497,0.8213308175685128
2397264570,"Miljon sensorit, üks planeet_ kuidas tehisintellekt asjades (AIoT) muudab teadust_",8,1,245.84000000000012,0.0489197128892021
2397264570,"Miljon sensorit, üks planeet_ kuidas tehisintellekt asjades (AIoT) muudab teadust_",60,1,220.48,0.0438733253246472
2397264570,"Miljon sensorit, üks planeet_ kuidas tehisintellekt asjades (AIoT) muudab teadust_",132,1,206.0,0.0409919494597121
2397264570,"Miljon sensorit, üks planeet_ kuidas tehisintellekt asjades (AIoT) muudab teadust_",152,1,289.52,0.0576115980950284
2397264573,Kas oleme tehisaru nimel valmis ohverdama oma inimõigused_,-1,11,2106.718,0.4087287590715202
2397264573,Kas oleme tehisaru nimel valmis ohverdama oma inimõigused_,0,1,255.63999999999987,0.049597250305472
2397264573,Kas oleme tehisaru nimel valmis ohverdama oma inimõigused_,52,2,435.56,0.0845039052693295
2397264573,Kas oleme tehisaru nimel valmis ohverdama oma inimõigused_,60,5,1086.72,0.2108368168203824
2397264573,Kas oleme tehisaru nimel valmis ohverdama oma inimõigused_,105,2,363.8000000000002,0.0705815977981956
2397264573,Kas oleme tehisaru nimel valmis ohverdama oma inimõigused_,152,1,185.2800000000002,0.0359465597582454
2397264573,Kas oleme tehisaru nimel valmis ohverdama oma inimõigused_,164,2,439.84000000000015,0.0853342770081318
2397264573,Kas oleme tehisaru nimel valmis ohverdama oma inimõigused_,174,1,225.5599999999997,0.0437613666832352
2397264573,Kas oleme tehisaru nimel valmis ohverdama oma inimõigused_,185,1,207.4000000000001,0.0402381071559806
2397264576,Kas linnud ja loomad keedavad meile uut superhaigust_,-1,4,951.72,0.1719704998278885
2397264576,Kas linnud ja loomad keedavad meile uut superhaigust_,18,17,4125.525,0.7454593749237695
2397264576,Kas linnud ja loomad keedavad meile uut superhaigust_,30,1,253.67999999999984,0.0458385621783074
2397264576,Kas linnud ja loomad keedavad meile uut superhaigust_,119,1,240.72000000000023,0.0434967624076087
2397264579,Elu võimalikkusest pealinnast eemal,-1,9,1604.7600000000002,0.2867286426683867
2397264579,Elu võimalikkusest pealinnast eemal,10,1,181.20000000000005,0.032375701071507
2397264579,Elu võimalikkusest pealinnast eemal,30,3,547.8400000000001,0.0978846803256867
2397264579,Elu võimalikkusest pealinnast eemal,32,11,1864.84,0.3331981367891237
2397264579,Elu võimalikkusest pealinnast eemal,57,1,185.07999999999996,0.0330689555977622
2397264579,Elu võimalikkusest pealinnast eemal,64,1,181.48,0.0324257297486595
2397264579,Elu võimalikkusest pealinnast eemal,70,1,183.7199999999999,0.032825959165879
2397264579,Elu võimalikkusest pealinnast eemal,131,6,1046.2699999999998,0.1869410858724375
2397264582,Kes vastutab Eesti toidujulgeoleku eest_,-1,7,1246.908,0.234982440032655
2397264582,Kes vastutab Eesti toidujulgeoleku eest_,6,1,184.72000000000023,0.034810873234298
2397264582,Kes vastutab Eesti toidujulgeoleku eest_,9,1,191.43999999999983,0.0360772713944023
2397264582,Kes vastutab Eesti toidujulgeoleku eest_,33,1,181.9199999999992,0.0342832073342543
2397264582,Kes vastutab Eesti toidujulgeoleku eest_,54,21,3689.12,0.6952224375601633
2397264585,Toiduraiskamine või toiduohutus – kas peame valima_,19,1,181.96000000000004,0.0363498051461863
2397264585,Toiduraiskamine või toiduohutus – kas peame valima_,33,28,4846.924,0.968260842813662
2397264588,Mille taha jääb majanduskasv_,-1,5,902.6000000000006,0.1721350273993347
2397264588,Mille taha jääb majanduskasv_,32,9,1565.3200000000002,0.2985224917889723
2397264588,Mille taha jääb majanduskasv_,36,15,2580.718,0.4921692484377973
2397264588,Mille taha jääb majanduskasv_,80,1,183.24,0.0349457372265168
2397264588,Mille taha jääb majanduskasv_,84,1,181.67999999999984,0.0346482293129969
2397829623,Noorte julm vägivald – kas sinu kodukant on järgmine_,-1,19,3525.559999999999,0.6602914185114431
2397829623,Noorte julm vägivald – kas sinu kodukant on järgmine_,10,3,561.8799999999997,0.1052327976926245
2397829623,Noorte julm vägivald – kas sinu kodukant on järgmine_,25,3,560.7600000000002,0.1050230362962131
2397829623,Noorte julm vägivald – kas sinu kodukant on järgmine_,30,1,181.96000000000004,0.0340787354384387
2397829623,Noorte julm vägivald – kas sinu kodukant on järgmine_,39,1,190.6000000000004,0.0356968947821853
2397829623,Noorte julm vägivald – kas sinu kodukant on järgmine_,104,1,202.52000000000044,0.03792935535828
2397829623,Noorte julm vägivald – kas sinu kodukant on järgmine_,117,2,365.67999999999984,0.0684870959283814
2397829626,"Kui sensoreid saab rohkem kui inimesi, siis kes hoiab piirialade Eestit_",-1,13,2261.520000000001,0.4118716326855087
2397829626,"Kui sensoreid saab rohkem kui inimesi, siis kes hoiab piirialade Eestit_",1,1,186.0,0.0338746169299871
2397829626,"Kui sensoreid saab rohkem kui inimesi, siis kes hoiab piirialade Eestit_",36,1,183.07999999999996,0.0333428218685056
2397829626,"Kui sensoreid saab rohkem kui inimesi, siis kes hoiab piirialade Eestit_",57,2,362.6400000000003,0.0660445757176911
2397829626,"Kui sensoreid saab rohkem kui inimesi, siis kes hoiab piirialade Eestit_",90,1,181.7199999999998,0.0330951364974046
2397829626,"Kui sensoreid saab rohkem kui inimesi, siis kes hoiab piirialade Eestit_",91,1,206.07999999999996,0.0375316185856545
2397829626,"Kui sensoreid saab rohkem kui inimesi, siis kes hoiab piirialade Eestit_",100,1,183.0,0.0333282521407938
2397829626,"Kui sensoreid saab rohkem kui inimesi, siis kes hoiab piirialade Eestit_",148,11,1942.556999999999,0.3537815819336831
2397829626,"Kui sensoreid saab rohkem kui inimesi, siis kes hoiab piirialade Eestit_",191,1,188.1199999999999,0.0342607147143504
2397829629,Religioossete ühenduste roll ühiskonna toetaja ja tasakaalustajana,-1,4,765.1600000000003,0.1380045468851312
2397829629,Religioossete ühenduste roll ühiskonna toetaja ja tasakaalustajana,49,24,4657.775,0.8400780599716292
2397829629,Religioossete ühenduste roll ühiskonna toetaja ja tasakaalustajana,181,1,205.79999999999995,0.0371181658070991
2397829632,Appi! Mind ei lasta muuseumisse! Kultuuriharidus kui regionaalpoliitika,-1,11,2084.347,0.3718842704690082
2397829632,Appi! Mind ei lasta muuseumisse! Kultuuriharidus kui regionaalpoliitika,2,1,182.64000000000036,0.0325861975757682
2397829632,Appi! Mind ei lasta muuseumisse! Kultuuriharidus kui regionaalpoliitika,5,1,180.03999999999996,0.0321223117145274
2397829632,Appi! Mind ei lasta muuseumisse! Kultuuriharidus kui regionaalpoliitika,11,6,1057.44,0.1886659481193621
2397829632,Appi! Mind ei lasta muuseumisse! Kultuuriharidus kui regionaalpoliitika,12,1,186.04,0.0331928175481598
2397829632,Appi! Mind ei lasta muuseumisse! Kultuuriharidus kui regionaalpoliitika,43,1,210.8800000000001,0.0376247116993977
2397829632,Appi! Mind ei lasta muuseumisse! Kultuuriharidus kui regionaalpoliitika,88,2,364.4400000000005,0.0650225243348279
2397829632,Appi! Mind ei lasta muuseumisse! Kultuuriharidus kui regionaalpoliitika,161,9,1587.0400000000004,0.2831559297013094
2397829635,„Veibi-Vellod“ ja veipivad noored – miks salaturg võidab ja mida teha teisiti_,-1,9,1602.8400000000004,0.3070398252973968
2397829635,„Veibi-Vellod“ ja veipivad noored – miks salaturg võidab ja mida teha teisiti_,12,1,181.15999999999983,0.034702986418405
2397829635,„Veibi-Vellod“ ja veipivad noored – miks salaturg võidab ja mida teha teisiti_,14,1,182.48,0.0349558454494952
2397829635,„Veibi-Vellod“ ja veipivad noored – miks salaturg võidab ja mida teha teisiti_,46,1,183.12000000000037,0.0350784437675996
2397829635,„Veibi-Vellod“ ja veipivad noored – miks salaturg võidab ja mida teha teisiti_,104,1,182.04,0.0348715591057985
2397829635,„Veibi-Vellod“ ja veipivad noored – miks salaturg võidab ja mida teha teisiti_,116,15,2675.0399999999995,0.5124303200965461
2397829635,„Veibi-Vellod“ ja veipivad noored – miks salaturg võidab ja mida teha teisiti_,163,2,354.4400000000005,0.0678964810451507
2397829635,„Veibi-Vellod“ ja veipivad noored – miks salaturg võidab ja mida teha teisiti_,189,1,67.38000000000011,0.0129073041779208
2397829638,Kus on noore kodu_ Kuidas elatakse tulevikus ja kas kodu peab tingimata omama_,-1,10,1770.8000000000004,0.3985655421767558
2397829638,Kus on noore kodu_ Kuidas elatakse tulevikus ja kas kodu peab tingimata omama_,36,1,182.04,0.040972933870486
2397829638,Kus on noore kodu_ Kuidas elatakse tulevikus ja kas kodu peab tingimata omama_,80,2,363.44000000000005,0.0818018187535126
2397829638,Kus on noore kodu_ Kuidas elatakse tulevikus ja kas kodu peab tingimata omama_,94,13,2313.333,0.5206769942288124
2397829641,"Kelle vastutus on NEET-olukorras noor – tema enda, spetsialistide või kogu ühiskonna_",-1,16,2859.84,0.5999638742799769
2397829641,"Kelle vastutus on NEET-olukorras noor – tema enda, spetsialistide või kogu ühiskonna_",12,1,142.48700000000008,0.029892250109982
2397829641,"Kelle vastutus on NEET-olukorras noor – tema enda, spetsialistide või kogu ühiskonna_",55,2,352.72000000000025,0.0739968871461458
2397829641,"Kelle vastutus on NEET-olukorras noor – tema enda, spetsialistide või kogu ühiskonna_",100,1,184.32000000000016,0.0386683665195554
2397829641,"Kelle vastutus on NEET-olukorras noor – tema enda, spetsialistide või kogu ühiskonna_",117,8,1440.8000000000002,0.3022644448859344
2400164898,Kas lapsevanem on partner või lihtsalt teenusetarbija_,-1,9,1716.520000000001,0.3483278631039762
2400164898,Kas lapsevanem on partner või lihtsalt teenusetarbija_,1,1,189.15999999999983,0.0383856282389649
2400164898,Kas lapsevanem on partner või lihtsalt teenusetarbija_,25,1,182.84000000000012,0.0371031310383397
2400164898,Kas lapsevanem on partner või lihtsalt teenusetarbija_,48,14,2458.7259999999987,0.4989413310291671
2400164898,Kas lapsevanem on partner või lihtsalt teenusetarbija_,55,1,224.8,0.0456179384019841
2400164898,Kas lapsevanem on partner või lihtsalt teenusetarbija_,157,1,184.5200000000001,0.0374440480157211
2400164898,Kas lapsevanem on partner või lihtsalt teenusetarbija_,189,1,181.96000000000004,0.036924555478759
2400164901,Ühiskondlik ebavõrdsus algab enne kooli – kas me tunnistame seda_,-1,7,1259.6399999999996,0.2334945400418555
2400164901,Ühiskondlik ebavõrdsus algab enne kooli – kas me tunnistame seda_,1,17,2910.65,0.5395358062405348
2400164901,Ühiskondlik ebavõrdsus algab enne kooli – kas me tunnistame seda_,10,4,718.6400000000007,0.1332114860243238
2400164901,Ühiskondlik ebavõrdsus algab enne kooli – kas me tunnistame seda_,48,4,710.8000000000002,0.1317582158884689
2400164904,Kuidas toetada lapse keele ja kõne arengut liikumismängude kaudu_,-1,9,1710.1999999999998,0.4292936836194412
2400164904,Kuidas toetada lapse keele ja kõne arengut liikumismängude kaudu_,1,3,437.63300000000027,0.1098544513176394
2400164904,Kuidas toetada lapse keele ja kõne arengut liikumismängude kaudu_,82,11,1942.4,0.487580429810784
2400164907,Iga lapse tulevik on Eesti arenguküsimus,-1,5,941.8000000000002,0.16409912576879
2400164907,Iga lapse tulevik on Eesti arenguküsimus,1,19,3328.5600000000004,0.5799679189519681
2400164907,Iga lapse tulevik on Eesti arenguküsimus,10,1,181.72000000000023,0.031662872302723
2400164907,Iga lapse tulevik on Eesti arenguküsimus,12,1,108.4940000000006,0.0189039823223181
2400164907,Iga lapse tulevik on Eesti arenguküsimus,14,3,547.4399999999998,0.0953858838509942
2400164907,Iga lapse tulevik on Eesti arenguküsimus,36,2,368.32,0.0641760352550018
2400164907,Iga lapse tulevik on Eesti arenguküsimus,48,1,182.16000000000008,0.0317395378530927
2400164907,Iga lapse tulevik on Eesti arenguküsimus,140,2,352.1999999999998,0.0613672882732722
2400164910,"Mida laps tegelikult tahab, et me märkaks_",-1,6,976.2040000000002,0.2014384985733046
2400164910,"Mida laps tegelikult tahab, et me märkaks_",25,6,1066.4400000000005,0.2200585865439139
2400164910,"Mida laps tegelikult tahab, et me märkaks_",48,4,714.9200000000002,0.1475228655076469
2400164910,"Mida laps tegelikult tahab, et me märkaks_",82,1,182.52,0.0376627782303694
2400164910,"Mida laps tegelikult tahab, et me märkaks_",157,6,1095.9999999999998,0.2261582563033359
2400164910,"Mida laps tegelikult tahab, et me märkaks_",189,6,1078.96,0.2226420731943863
2400164913,Alushariduse agenda 2027–2031_ mida Eesti peab nüüd otsustama_,-1,9,1617.52,0.2987865260857269
2400164913,Alushariduse agenda 2027–2031_ mida Eesti peab nüüd otsustama_,1,16,3019.8,0.5578141546773321
2400164913,Alushariduse agenda 2027–2031_ mida Eesti peab nüüd otsustama_,14,2,363.4399999999996,0.0671342394780877
2400164913,Alushariduse agenda 2027–2031_ mida Eesti peab nüüd otsustama_,36,1,181.67999999999984,0.0335597309827729
2400164913,Alushariduse agenda 2027–2031_ mida Eesti peab nüüd otsustama_,48,1,214.6310000000003,0.0396464036798962
2400164913,Alushariduse agenda 2027–2031_ mida Eesti peab nüüd otsustama_,189,1,180.84000000000012,0.0334045671010824
2400164916,Aga kes hoiab õpetajat_,-1,6,1168.6799999999998,0.3247637801183475
2400164916,Aga kes hoiab õpetajat_,1,10,2028.874,0.5638025718107884
2400164916,Aga kes hoiab õpetajat_,24,1,240.88,0.0669379978735903
2400164916,Aga kes hoiab õpetajat_,48,1,239.19999999999985,0.0664711436871587
2400184974,"Väike rahvas, suur mudel_ kas tehisaru on Eesti jaoks loodud_",-1,4,729.64,0.1479752974300639
2400184974,"Väike rahvas, suur mudel_ kas tehisaru on Eesti jaoks loodud_",8,1,180.24000000000024,0.0365537355528682
2400184974,"Väike rahvas, suur mudel_ kas tehisaru on Eesti jaoks loodud_",26,1,184.19999999999985,0.0373568469198752
2400184974,"Väike rahvas, suur mudel_ kas tehisaru on Eesti jaoks loodud_",52,20,3609.103000000001,0.7319473848483307
2400184974,"Väike rahvas, suur mudel_ kas tehisaru on Eesti jaoks loodud_",60,1,185.4400000000005,0.0376083262368169
2400184974,"Väike rahvas, suur mudel_ kas tehisaru on Eesti jaoks loodud_",164,1,182.76,0.0370648064227817
2400184977,"Post-it, pastakas ja AI-agent - Eesti.ai praktiline töötuba nutikama tööpäeva disainimiseks 2",-1,4,761.8799999999999,0.1751917467551654
2400184977,"Post-it, pastakas ja AI-agent - Eesti.ai praktiline töötuba nutikama tööpäeva disainimiseks 2",12,1,201.23999999999975,0.0462744620110902
2400184977,"Post-it, pastakas ja AI-agent - Eesti.ai praktiline töötuba nutikama tööpäeva disainimiseks 2",19,13,2294.92,0.5277091450928812
2400184977,"Post-it, pastakas ja AI-agent - Eesti.ai praktiline töötuba nutikama tööpäeva disainimiseks 2",90,1,182.2800000000002,0.0419146736999679
2400184977,"Post-it, pastakas ja AI-agent - Eesti.ai praktiline töötuba nutikama tööpäeva disainimiseks 2",101,5,925.6,0.2128386108003638
2400184977,"Post-it, pastakas ja AI-agent - Eesti.ai praktiline töötuba nutikama tööpäeva disainimiseks 2",127,1,130.15500000000063,0.0299287050439946
2400184980,"Eesti, Singapur, Dubai, Delaware. Kui konkurentsivõimelised me globaalselt oleme_",-1,3,547.9200000000003,0.099870240866417
2400184980,"Eesti, Singapur, Dubai, Delaware. Kui konkurentsivõimelised me globaalselt oleme_",23,7,1242.36,0.2264469127661005
2400184980,"Eesti, Singapur, Dubai, Delaware. Kui konkurentsivõimelised me globaalselt oleme_",60,3,545.9190000000012,0.0995055154466958
2400184980,"Eesti, Singapur, Dubai, Delaware. Kui konkurentsivõimelised me globaalselt oleme_",113,1,183.0,0.0333556980554721
2400184980,"Eesti, Singapur, Dubai, Delaware. Kui konkurentsivõimelised me globaalselt oleme_",146,6,1066.4400000000005,0.1943816974550696
2400184980,"Eesti, Singapur, Dubai, Delaware. Kui konkurentsivõimelised me globaalselt oleme_",168,6,1057.16,0.1926902172476663
2400184980,"Eesti, Singapur, Dubai, Delaware. Kui konkurentsivõimelised me globaalselt oleme_",184,6,1046.7200000000005,0.1907873020143378
2400184983,"Post-it, pastakas ja AI-agent - Eesti.ai praktiline töötuba nutikama tööpäeva disainimiseks",-1,2,371.9200000000001,0.1015979162483729
2400184983,"Post-it, pastakas ja AI-agent - Eesti.ai praktiline töötuba nutikama tööpäeva disainimiseks",12,1,215.63999999999987,0.0589066860072034
2400184983,"Post-it, pastakas ja AI-agent - Eesti.ai praktiline töötuba nutikama tööpäeva disainimiseks",19,15,2676.36,0.7311050740226268
2400184983,"Post-it, pastakas ja AI-agent - Eesti.ai praktiline töötuba nutikama tööpäeva disainimiseks",101,3,479.1049999999997,0.1308777953973345
2400184986,Eesti loob maailma esimese agentide riigi,-1,13,2322.1100000000006,0.4101573608454282
2400184986,Eesti loob maailma esimese agentide riigi,27,3,523.7600000000002,0.0925124215977716
2400184986,Eesti loob maailma esimese agentide riigi,60,2,365.12,0.0644916285584587
2400184986,Eesti loob maailma esimese agentide riigi,108,1,184.71999999999932,0.0326273379363454
2400184986,Eesti loob maailma esimese agentide riigi,113,6,1067.0000000000005,0.1884656213624987
2400184986,Eesti loob maailma esimese agentide riigi,127,3,526.08,0.092922206266526
2400184986,Eesti loob maailma esimese agentide riigi,132,1,183.24,0.0323659235786919
2400184986,Eesti loob maailma esimese agentide riigi,152,1,184.2800000000001,0.0325496201543404
2400184986,Eesti loob maailma esimese agentide riigi,156,1,180.96000000000004,0.031963204162847
2400184986,Eesti loob maailma esimese agentide riigi,162,2,358.79999999999995,0.0633753185987483
2400184989,Tiigri üleandmine. Kes kannab Eesti digilugu edasi_,-1,3,579.5369999999998,0.1198267657502175
2400184989,Tiigri üleandmine. Kes kannab Eesti digilugu edasi_,23,16,2793.56,0.5776046390984144
2400184989,Tiigri üleandmine. Kes kannab Eesti digilugu edasi_,27,1,184.8800000000001,0.0382263297285595
2400184989,Tiigri üleandmine. Kes kannab Eesti digilugu edasi_,53,1,182.15999999999983,0.0376639345702856
2400184989,Tiigri üleandmine. Kes kannab Eesti digilugu edasi_,60,2,355.04,0.0734091091888132
2400184989,Tiigri üleandmine. Kes kannab Eesti digilugu edasi_,64,1,182.52,0.0377383692235866
2400184989,Tiigri üleandmine. Kes kannab Eesti digilugu edasi_,156,3,557.1199999999999,0.1151917612417519
2400184989,Tiigri üleandmine. Kes kannab Eesti digilugu edasi_,168,1,183.16000000000008,0.0378706974961216
2400184992,"Usalda, aga kontrolli – mis saab valesti minna, kui AI-agent saab isikukoodi_",-1,21,3686.627,0.6156787338213503
2400184992,"Usalda, aga kontrolli – mis saab valesti minna, kui AI-agent saab isikukoodi_",108,9,1618.6,0.2703114794535052
2400184992,"Usalda, aga kontrolli – mis saab valesti minna, kui AI-agent saab isikukoodi_",113,2,365.51999999999975,0.0610430322314624
2400184992,"Usalda, aga kontrolli – mis saab valesti minna, kui AI-agent saab isikukoodi_",132,1,184.92,0.0308822431610911
2400184992,"Usalda, aga kontrolli – mis saab valesti minna, kui AI-agent saab isikukoodi_",146,1,181.71999999999932,0.0303478327235208
2400184992,"Usalda, aga kontrolli – mis saab valesti minna, kui AI-agent saab isikukoodi_",152,1,181.16,0.0302543108969461
2400184995,Kas annaksid AI-le õiguse enda nimel tegutseda_,-1,13,2341.96,0.4351946553764367
2400184995,Kas annaksid AI-le õiguse enda nimel tegutseda_,108,7,1240.2880000000011,0.2304764849645299
2400184995,Kas annaksid AI-le õiguse enda nimel tegutseda_,113,7,1298.6399999999994,0.2413197438291241
2400184995,Kas annaksid AI-le õiguse enda nimel tegutseda_,132,4,723.6400000000001,0.1344703839589936
2400207741,"Kuidas rahastada terviseidusid nii, et uued lahendused jõuaksid ka Eestis kasutusele_",-1,12,2109.7200000000003,0.3872053315890263
2400207741,"Kuidas rahastada terviseidusid nii, et uued lahendused jõuaksid ka Eestis kasutusele_",35,4,702.3820000000003,0.1289109716986915
2400207741,"Kuidas rahastada terviseidusid nii, et uued lahendused jõuaksid ka Eestis kasutusele_",83,8,1440.9599999999991,0.2644651397372746
2400207741,"Kuidas rahastada terviseidusid nii, et uued lahendused jõuaksid ka Eestis kasutusele_",96,1,183.39999999999964,0.0336601339577893
2400207741,"Kuidas rahastada terviseidusid nii, et uued lahendused jõuaksid ka Eestis kasutusele_",99,1,182.72000000000023,0.0335353308438783
2400207741,"Kuidas rahastada terviseidusid nii, et uued lahendused jõuaksid ka Eestis kasutusele_",123,2,367.4,0.0674303883102062
2400207741,"Kuidas rahastada terviseidusid nii, et uued lahendused jõuaksid ka Eestis kasutusele_",137,1,180.12000000000012,0.0330581424671593
2400207741,"Kuidas rahastada terviseidusid nii, et uued lahendused jõuaksid ka Eestis kasutusele_",146,2,355.6800000000003,0.0652793699351501
2400207741,"Kuidas rahastada terviseidusid nii, et uued lahendused jõuaksid ka Eestis kasutusele_",156,1,181.72000000000023,0.0333517968528325
2400207744,Konkurents tervishoius – kas oht või lahendus_,-1,9,1633.4799999999996,0.3056097808301087
2400207744,Konkurents tervishoius – kas oht või lahendus_,35,17,2980.4800000000005,0.5576216663617081
2400207744,Konkurents tervishoius – kas oht või lahendus_,72,1,180.9459999999999,0.033853409531849
2400207744,Konkurents tervishoius – kas oht või lahendus_,119,1,184.84000000000012,0.0345819427777734
2400207744,Konkurents tervishoius – kas oht või lahendus_,123,1,180.16000000000008,0.033706355825815
2400207744,Konkurents tervishoius – kas oht või lahendus_,137,1,190.07999999999996,0.0355623008180002
2400207744,Konkurents tervishoius – kas oht või lahendus_,184,1,181.8800000000001,0.0340281527397826
2400207747,Kuidas tehnoloogia areng meie aju mõjutab_,-1,22,3823.12,0.7727835119896944
2400207747,Kuidas tehnoloogia areng meie aju mõjutab_,11,1,182.27999999999972,0.0368450319543936
2400207747,Kuidas tehnoloogia areng meie aju mõjutab_,30,1,180.32000000000016,0.0364488488150991
2400207747,Kuidas tehnoloogia areng meie aju mõjutab_,82,1,182.9199999999996,0.0369743978774285
2400207747,Kuidas tehnoloogia areng meie aju mõjutab_,96,1,248.08,0.0501454659164251
2400207747,Kuidas tehnoloogia areng meie aju mõjutab_,97,1,77.6869999999999,0.015703203848151
2400207747,Kuidas tehnoloogia areng meie aju mõjutab_,122,2,367.9599999999996,0.0743773203749104
2400207750,Eesti terviseandmed_ kristallkuul või kompass_,-1,13,2319.7200000000003,0.4138340735375578
2400207750,Eesti terviseandmed_ kristallkuul või kompass_,35,1,183.20000000000076,0.0326825661166351
2400207750,Eesti terviseandmed_ kristallkuul või kompass_,42,4,709.3600000000001,0.1265486086271627
2400207750,Eesti terviseandmed_ kristallkuul või kompass_,99,15,2555.675,0.4559280412670917
2400207753,"Uued hambad Türgist – kes parandab, kui midagi läheb valesti_",-1,2,293.21900000000005,0.0558463555281547
2400207753,"Uued hambad Türgist – kes parandab, kui midagi läheb valesti_",24,2,363.72,0.0692739434780845
2400207753,"Uued hambad Türgist – kes parandab, kui midagi läheb valesti_",45,27,4684.919999999999,0.892287702846551
2400207756,Kuhu kaovad töötajad_,-1,6,1096.6400000000003,0.2019759623114741
2400207756,Kuhu kaovad töötajad_,0,3,545.96,0.1005533232269225
2400207756,Kuhu kaovad töötajad_,42,1,105.5569999999998,0.0194411809287571
2400207756,Kuhu kaovad töötajad_,55,1,183.5600000000004,0.0338075463615172
2400207756,Kuhu kaovad töötajad_,58,18,3159.68,0.5819406629306958
2400207756,Kuhu kaovad töötajad_,106,1,191.0800000000004,0.035192558066892
2400207756,Kuhu kaovad töötajad_,137,1,182.36000000000055,0.0335865338553404
2400207756,Kuhu kaovad töötajad_,178,1,183.83999999999992,0.0338591159462917
2400207759,Tervishoid aastal 2050_ milliseid otsuseid peame tegema juba täna_,-1,13,2303.56,0.4245532262716683
2400207759,Tervishoid aastal 2050_ milliseid otsuseid peame tegema juba täna_,11,1,183.07999999999996,0.0337422097387595
2400207759,Tervishoid aastal 2050_ milliseid otsuseid peame tegema juba täna_,12,1,208.52,0.0384308803513554
2400207759,Tervishoid aastal 2050_ milliseid otsuseid peame tegema juba täna_,35,2,384.6,0.0708829684592906
2400207759,Tervishoid aastal 2050_ milliseid otsuseid peame tegema juba täna_,42,4,712.4400000000005,0.1313048935234973
2400207759,Tervishoid aastal 2050_ milliseid otsuseid peame tegema juba täna_,71,1,180.5999999999999,0.0332851380752675
2400207759,Tervishoid aastal 2050_ milliseid otsuseid peame tegema juba täna_,72,2,349.4400000000005,0.0644028718107503
2400207759,Tervishoid aastal 2050_ milliseid otsuseid peame tegema juba täna_,83,3,589.2449999999997,0.1085996743364397
2400207759,Tervishoid aastal 2050_ milliseid otsuseid peame tegema juba täna_,96,2,352.7600000000002,0.0650147580699412
2400207759,Tervishoid aastal 2050_ milliseid otsuseid peame tegema juba täna_,99,1,190.76,0.0351576574708639
2400207759,Tervishoid aastal 2050_ milliseid otsuseid peame tegema juba täna_,119,1,181.92,0.0335284181542229
2400207762,Kelle vastutus on ennetus tervishoius_,-1,15,2671.880000000001,0.4968534302092272
2400207762,Kelle vastutus on ennetus tervishoius_,12,1,77.28199999999924,0.0143710895674315
2400207762,Kelle vastutus on ennetus tervishoius_,44,4,712.2400000000002,0.1324456514260445
2400207762,Kelle vastutus on ennetus tervishoius_,58,1,180.1600000000008,0.0335019214884256
2400207762,Kelle vastutus on ennetus tervishoius_,71,1,180.80000000000015,0.0336209336429137
2400207762,Kelle vastutus on ennetus tervishoius_,72,3,563.8800000000002,0.104857146363751
2400207762,Kelle vastutus on ennetus tervishoius_,96,1,184.19999999999985,0.0342531857136321
2400207762,Kelle vastutus on ennetus tervishoius_,102,3,535.2400000000002,0.0995313524504045
2400207762,Kelle vastutus on ennetus tervishoius_,123,1,184.0400000000002,0.0342234326750102
2400207762,Kelle vastutus on ennetus tervishoius_,137,1,180.36000000000013,0.033539112786703
2400207762,Kelle vastutus on ennetus tervishoius_,154,1,187.72000000000023,0.0349077525633173
2400207765,Üksilduse rohi_ kes vastutab üksilduse eest_,-1,16,2838.772,0.5180456413150036
2400207765,Üksilduse rohi_ kes vastutab üksilduse eest_,12,3,585.3200000000004,0.1068146630918221
2400207765,Üksilduse rohi_ kes vastutab üksilduse eest_,24,3,537.1600000000001,0.098025976263246
2400207765,Üksilduse rohi_ kes vastutab üksilduse eest_,25,1,184.63999999999987,0.0336948325587268
2400207765,Üksilduse rohi_ kes vastutab üksilduse eest_,30,3,553.6800000000007,0.1010407002335135
2400207765,Üksilduse rohi_ kes vastutab üksilduse eest_,39,1,184.0,0.0335780393782807
2400207765,Üksilduse rohi_ kes vastutab üksilduse eest_,87,2,351.52,0.0641486543600719
2400207765,Üksilduse rohi_ kes vastutab üksilduse eest_,91,2,362.96,0.0662363324605476
2400207765,Üksilduse rohi_ kes vastutab üksilduse eest_,117,1,185.07999999999996,0.0337751278702836
