Topic,Count,Name,Representation,LLM_Name,LLM_Summary,LLM_Coherence,LLM_Naming_Confidence
-1,827,-1_maailma_ai_kõike_saame,"['maailma', 'ai', 'kõike', 'saame', 'peame', 'tulevad', 'ajal', 'protsenti', 'mingid', 'tähendab', 'pealt', 'tehtud', 'tuhat', 'riik', 'arutelu']",,,,
0,39,0_äärmuslus_radikaliseerunud_radikaliseerumise_heidi,"['äärmuslus', 'radikaliseerunud', 'radikaliseerumise', 'heidi', 'radikaliseerumine', 'vägivald', 'sting', 'rünnakud', 'radikaliseerumist', 'äärmusluse', 'rünnakuid', 'kunsti', 'noored', 'vägivalda', 'vägivalla']",noorte radikaliseerumine ja kuuluvus,"Arutletakse, miks noored satuvad äärmusluse ja radikaliseerumise mõju alla ning kuidas kuuluvus-, identiteedi- ja ilmajäetuse tunne seda soodustab. Korduvalt rõhutatakse interneti, algoritmide ja sotsiaalmeedia rolli ning vajadust märgata ohumärke ja ennetada vägivalda.",coherent,high
1,35,1_tööinspektsiooni_kaire_töökeskkonna_tööohutuse,"['tööinspektsiooni', 'kaire', 'töökeskkonna', 'tööohutuse', 'tööõnnetusi', 'robert', 'ohutus', 'põhjustatud', 'tööõnnetust', 'riskianalüüsi', 'tööst põhjustatud', 'noored mehed', 'õnnetus', 'ettevõttes', 'tööandjad']",Tööõnnetuste ennetus ja tööohutuse teadlikkus,"Arutletakse tööõnnetuste, kutsehaiguste ja tööst põhjustatud haigestumiste üle ning selle üle, miks neid ikka varjatakse või alahinnatakse. Suur osa vestlusest keskendub tööohutuse kultuuri, juhendamise, järelevalve ja bürokraatia vähendamise tasakaalule.",coherent,high
2,35,2_vähitõrje_vähi_patsiendi_vähk,"['vähitõrje', 'vähi', 'patsiendi', 'vähk', 'vähitõrjetegevuskava', 'patsientide', 'ravi', 'vähiravi', 'patsient', 'onkoloogika', 'vähiga', 'kristel', 'patsiendid', 'patsiendina', 'arst']",Vähiravi patsiendikesksus ja palliatiivne tugi,"Arutatakse, kuidas vähiteekond oleks patsiendikesksem: parem info, patsiendi kaasamine otsustesse ja ravimeeskonna koostöö. Suur rõhk on ka palliatiivravil, elu lõpu tahteavaldusega seotud valikutel ning lähedaste toetamisel.",coherent,high
3,34,3_juht_juhi_organisatsioonis_paavo,"['juht', 'juhi', 'organisatsioonis', 'paavo', 'organisatsiooni', 'töötaja', 'juhile', 'meeskonda', 'anni', 'rolli', 'juhina', 'töötajad', 'juhti', 'positsiooni', 'ekstreemumid']",Juhi ja töötaja äärmused organisatsioonis,"Arutelu keskmes on juhi ja töötaja käitumise äärmused organisatsioonis: autokraatne või liialt passiivne juht ning passiivne või üliaktiivne töötaja. Samuti käsitletakse, kuidas juhtimisstiil, kultuur, tagasiside ja töökeskkond võivad viia töökiusu, konfliktide või meeskonna tasakaalust välja.",coherent,high
4,33,4_alusharidus_alushariduse_alushariduses_lasteaias,"['alusharidus', 'alushariduse', 'alushariduses', 'lasteaias', 'grete', 'lasteaia', 'lasteaed', 'lapse', 'lasteaeda', 'maila', 'atko', 'ebavõrdsust', 'laps', 'alusharidust', 'arengu']","Lasteaia kvaliteet, märkamise ja toetuse roll","Arutletakse, kuidas alushariduse kvaliteet, õpetajate ja juhtide pädevus ning koostöö vanematega mõjutavad lapse arengut ja ebavõrdsuse vähendamist. Korduvalt rõhutatakse varajast märkamist, tugiteenuseid, õpetajate kvalifikatsiooni ning seda, et lasteaias toimuv peab päriselt last toetama, mitte olema pelk kohal käimine.",coherent,high
5,32,5_tuhat nelikümmend_laenu_tuleb raha_rohetehnoloogia,"['tuhat nelikümmend', 'laenu', 'tuleb raha', 'rohetehnoloogia', 'innovatsioon', 'viieteist aasta', 'innovatsiooni', 'raha aastal', 'rohepöörde', 'panga', 'tööstuse', 'ettevõtted', 'ettevõtte', 'maris', 'ringmajanduse']",Rohetehnoloogia rahastus ja laenuotsused,"Arutatakse, kuidas rohetehnoloogiaid, kestlikke investeeringuid ja innovatsiooni rahastada nii, et pangad, riik ja toetusskeemid aitaksid uutel lahendustel turule jõuda. Fookuses on laenutingimused, garantiid, testkeskkonnad, tootlus ja see, kuidas väiksema jalajäljega ettevõtted muutuvad rahastajate jaoks usaldusväärseks.",coherent,high
6,31,6_isikukood_isikukoodi_agent_agente,"['isikukood', 'isikukoodi', 'agent', 'agente', 'agenti', 'agendid', 'pin', 'agendile', 'nimel', 'ai agent', 'agendi', 'kaelarihma', 'isikukoodist', 'identifikaatori', 'isik']",AI-agentide volitamine isikukoodi kaudu,"Arutletakse, kas AI-agentidele või muudele tarkvaralistele esindajatele tuleks anda püsiv identifikaator, et siduda nad konkreetse inimese vastutuse ja volitustega. Suur osa debatist keskendub sellele, kas isikukood on selleks sobiv nimi ja mehhanism või peaks rääkima pigem agendikoodist, kaelarihmast ja piiratud tegutsemisõigusest.",coherent,high
7,30,7_tagasiside_hindamine_hinne_hindamise,"['tagasiside', 'hindamine', 'hinne', 'hindamise', 'hinnet', 'hinded', 'õpetaja', 'tagasisidet', 'õppimise', 'kati', 'hindeid', 'hea tagasiside', 'frank', 'kujundav', 'õpilane']",Tagasiside ja hinde seos õppimisega,"Arutletakse selle üle, kas hinne on hea tagasiside või pigem õppimist sulgev signaal. Rõhk on sõnalisel, arendaval ja õppijat kaasaval tagasisidel, mis aitaks mõista vigu, parandada tulemusi ja siduda õppimist päriseluga.",coherent,high
8,29,8_iisraeli_palestiina_iisrael_lähis,"['iisraeli', 'palestiina', 'iisrael', 'lähis', 'rahvusvahelise', 'hamasi', 'hamas', 'õiguse', 'lähis ida', 'topeltstandardite', 'palestiinlaste', 'rahvusvahelise õiguse', 'kahe riigi', 'topeltstandardid', 'palestiinat']",Palestiina tunnustamise ja kahe riigi debatt,"Arutletakse, kas ja millal peaks Eesti Palestiina riiki tunnustama ning kuidas see seostub kahe riigi lahenduse, rahvusvahelise õiguse ja Gaza humanitaarolukorraga. Vestluses põimuvad Iisraeli julgeoleku, Hamasi rolli, rahvusvahelise surve ja lääneriikide muutuvate seisukohtade küsimused.",coherent,high
9,29,9_assistent_assistendi_google_ai,"['assistent', 'assistendi', 'google', 'ai', 'käiviti', 'skill', 'cloud', 'faili', 'töövoog', 'virsiku', 'microsoft', 'assistente', 'näitan', 'ai ga', 'koosoleku protokoll']",AI-assistendi prompti ülesehitus,"Arutletakse, kuidas ehitada tõhusat AI-assistenti või agenti, eriti kontoritööks. Korduv teema on rolli, probleemi, taustainfo ja käivitava juhise selge sõnastamine, et vähendada asjatut vestlemist ja saada kiiremini kasulik tulemus.",coherent,high
10,26,10_nõusoleku_nõusolek_suhte_nõusolekus,"['nõusoleku', 'nõusolek', 'suhte', 'nõusolekus', 'veendumine', 'küsimine', 'nõusolekut', 'liisa', 'willingness', 'lauri', 'nõusolekus veendumine', 'kommi', 'nõusolekust', 'mõnikord', 'partnerile']",Nõusolek paarisuhtes ja läheduses,"Arutelu keskendub sellele, kuidas nõusolekut paarisuhtes ja intiimsuses mõista nii, et see ei oleks pelgalt formaalne küsimine, vaid vastastikune veendumine, valmisolek ja turvalisus. Käsitletakse ka pettumuse, eituse, piiride ja suhte arengu mõju sellele, kuidas inimesed üksteise soove tajuvad ja väljendavad.",coherent,high
11,25,11_nutitelefon_videosid_produktiivne_multikaid,"['nutitelefon', 'videosid', 'produktiivne', 'multikaid', 'multika', 'sõltuvuses', 'sõltuvust', 'sotsiaalmeedia', 'sõltuvus', 'multikad', 'aju', 'ekraaniaega', 'nooruki', 'sõltuvuse', 'näidatud']",laste nutiekraani ja sotsiaalmeedia sõltuvus,"Arutatakse, kuidas nutitelefonid, sotsiaalmeedia ja lühivideod mõjutavad laste käitumist, keskendumist ja suhtlemist ning millal kasutus muutub sõltuvuslikuks. Korduvalt rõhutatakse vanusepiiranguid, asendustegevusi, perereegleid ja platvormide disaini rolli.",coherent,high
12,24,12_lapsi_kodanikupalga_partneri_hoiak,"['lapsi', 'kodanikupalga', 'partneri', 'hoiak', 'partnerit', 'sündimus', 'lapsi saada', 'kodanikupalk', 'sünnitama', 'laste', 'sissetulek', 'iisraelis', 'heido', 'laste kasvatamine', 'hoiakute']",sündimuse toetamine läbi perekindluse,"Arutelu keskmes oli, kuidas tõsta sündimust, vähendades perede majanduslikku ebakindlust ja muutes ühiskondlikku hoiakut laste ning vanemluse suhtes. Korduvalt tõstatusid ka partneri puudus, üksikvanemate koormus ja küsimus, kas riik peaks laste kasvatamist otseselt rohkem toetama.",coherent,high
13,23,13_kodus_lapsega_tööandja_emaks,"['kodus', 'lapsega', 'tööandja', 'emaks', 'koju', 'lapsega kodus', 'ema', 'vanemahüvitise', 'naine', 'palk', 'naised', 'tööturule tagasi', 'emadele', 'isasid', 'palgalõhe']",Emaduse karjäärikaod ja naasmine tööle,"Arutatakse, kuidas lapsega kodus olemine mõjutab naiste karjääri, sissetulekut ja tööle naasmist ning kas vanemahüvitis ja tööandjate hoiakud suurendavad emaduslõivu. Kõlama jäävad ka lahendused nagu isade suurem kodusolek, paindlik töökorraldus ja parem suhtlus tööandjaga.",coherent,high
14,23,14_üksilduse_üksildus_üksildasena_üksildust,"['üksilduse', 'üksildus', 'üksildasena', 'üksildust', 'kaisa', 'ennast üksildasena', 'üksildane', 'üksindus', 'pingid', 'apotheka', 'kädi', 'üksilduse tunne', 'rohi', 'siinjuures', 'üksildased']",Üksilduse vähendamine suhtluse ja kogukonnaga,"Arutelu keskmes on üksilduse mõiste, selle eristamine üksindusest ning see, millal sellest saab terviserisk. Lahendustena rõhutatakse märkamist, inimkontakti, kogukondlikke tegevusi ja eri tasandite koostööd, et inimene ei jääks oma tundega üksi.",coherent,high
15,23,15_lasteaias_lapsevanem_lasteaia_lapse,"['lasteaias', 'lapsevanem', 'lasteaia', 'lapse', 'lasteaeda', 'rühma', 'teenuse tarbija', 'lasteaed', 'lapsega', 'laps', 'lapsevanema', 'lapsevanemana', 'laste', 'lapsevanem peaks', 'partner']",lapsevanema kaasamine lasteaia koostöösse,"Arutatakse, kuidas lapsevanem ei oleks ainult teenuse tarbija, vaid partner lasteaia igapäevases koostöös. Fookuses on usalduse loomine, perevestlused, ühised väärtused, suhtlus ning vanemate kaasamine lapse arengu ja toetuse teemadesse.",coherent,high
16,23,16_töökius_töökiusu_töökiusamise_kius,"['töökius', 'töökiusu', 'töökiusamise', 'kius', 'kiusamine', 'kiusamise', 'töötaja', 'töökiusust', 'juht', 'töö kius', 'kiusatav', 'diskrimineerimine', 'kiusab', 'kiusatakse', 'töökiusuga']",Töökiusamise piiri tõmbamine tööl,"Arutleti, kuidas eristada töökiusu tavalisest konfliktist, kriitikast ja töökorralduslikest nõuetest. Rõhk oli töökiusu tunnustel, tõendamisel, pealtnägijate rollil ning juhtide ja tööandja kohustusel sekkuda ja ennetada.",coherent,high
17,23,17_vesiniku_biometaani_biogaasi_vesinikku,"['vesiniku', 'biometaani', 'biogaasi', 'vesinikku', 'tankla', 'toota', 'biometaan', 'kütuste', 'vesinik', 'ahto', 'kütused', 'vesinikust', 'jäätmetest', 'kütuseid', 'biogaas']",Biogaasi ja vesiniku kasutus Eestis,"Arutatakse Eesti kodumaiste taastuvkütuste, eeskätt biogaasi/biometaani ja vesiniku tootmist, taristut ning kasutust transpordis ja energias. Juttu on ka toormeallikatest, tanklatest, majanduslikust konkurentsivõimest ja riigi rollist turu käivitamisel.",coherent,high
18,23,18_kaido_tööandja_töötaja_töövaidluskomisjoni,"['kaido', 'tööandja', 'töötaja', 'töövaidluskomisjoni', 'lehekülge', 'töökiusu', 'töölepingu', 'tütarlaps', 'tegelikkuses', 'töökius', 'katse ajal', 'tvk', 'juhatuse', 'hüvitist', 'kiusatakse']",Töökiusu ja vaidluste piiritlemine töösuhtes,"Arutletakse selle üle, millal tööandja ja töötaja vaheline konflikt muutub töökiusuks ning millal on tegu tavapärase töökorralduse, katseaja hindamise või muu õiguspärase otsusega. Rõhutatakse töövaidluskomisjoni rolli, tõendite ja sõnastuse tähtsust ning seda, et paljud vaidlused on pigem tunnetuslikud või seotud ebavõrdse kohtlemisega.",coherent,high
19,23,19_teadlane_teadlased_teadlase_ajakirjandus,"['teadlane', 'teadlased', 'teadlase', 'ajakirjandus', 'meedia', 'kriitika', 'teadlasi', 'märklaua', 'ajakirjanik', 'teadlasega', 'kommentaari', 'jama', 'kommunikatsiooniinimene', 'ajakirjanikud', 'mari liisa']",teadlaste ja ajakirjanduse suhtlusriskid,"Arutatakse, kuidas teadlased satuvad meedias ja avalikkuses kriitika, sõimu või sihilikult moonutatud kajastuse märklauaks ning kuidas sellega toime tulla. Fookuses on ka ülikoolide, kommunikatsiooniinimeste ja ajakirjanike roll kokkulepete, kaitse ja kiire reageerimise korraldamisel.",coherent,high
20,23,20_telefonis_telefoni_nutitelefoni_marit,"['telefonis', 'telefoni', 'nutitelefoni', 'marit', 'hoolekogus', 'telefon', 'vahetunnis', 'põhikoolis', 'liia', 'nutiseadmeid', 'helis', 'tunnis', 'gümnaasiumis', 'anton', 'nutiseadmete']",Nutiseadmete kasutuse piiramine koolis,"Arutelu keskmes on see, kuidas ja millal nutitelefone koolikeskkonnas piirata, eriti põhikoolis, ning kuidas leida tasakaal õppimise, vahetundide ja eneseregulatsiooni vahel. Korduvalt rõhutatakse, et pelk keeld ei pruugi toimida ning vajalik on ühine kokkulepe, õpetajate eeskuju ja teadlik kasutus.",coherent,high
21,22,21_töötukassa_haiguslehe_töövõime_tööturult,"['töötukassa', 'haiguslehe', 'töövõime', 'tööturult', 'haigus', 'ravi', 'puudega', 'puue', 'haiguslehtede', 'rille', 'tööandja', 'inimese tööeluga', 'tööeluga katkeb', 'cv sse', 'cv']",Tööelu jätkamine kroonilise haiguse ajal,"Arutelus räägitakse sellest, kuidas krooniline või ootamatu haigus mõjutab inimese sidet tööga ning mida on vaja, et tööturult mitte välja kukkuda. Fookuses on haigusleht, töövõime, tööandja paindlikkus, tööalane rehabilitatsioon ja töökoha kohandamine.",coherent,high
22,22,22_ukraine_really_companies_think,"['ukraine', 'really', 'companies', 'think', 'actually', 'know', 'mean', 'today', 'sort', 'course', 'going', 'war', 'working', 'innovation', 'right']",Ukraina turule sisenemine kohaliku partneriga,"Arutatakse, kuidas Eesti ettevõtted saaksid Ukrainasse siseneda ja seal rekonstrueerimises osaleda, arvestades sõja, bürokraatia ja tururiskidega. Korduvalt rõhutatakse kohaliku partneri, varase alustamise ja usaldusvõrgustiku tähtsust.",coherent,high
23,22,23_malev_maleva_malevas_malevast,"['malev', 'maleva', 'malevas', 'malevast', 'malevlased', 'noort', 'õpilasmalev', 'malevasse', 'malevat', 'rühm', 'valter', 'rühma', 'malevlasi', 'rühmajuht', 'õpilasmaleva']",õpilasmaleva esimese töökogemuse roll,"Arutletakse õpilasmaleva kui noorte esimese töö- ja kasvukogemuse üle ning selle mõju üle suhtlemisoskusele, kohusetundele ja enesejuhtimisele. Samuti käsitletakse tööandjate kaasamist, maleva paindlikkust ja seda, kuidas malev aitab ennetada noorte tõrjutust.",coherent,high
24,22,24_kliima_rohepööre_kliimamuutus_euroopa,"['kliima', 'rohepööre', 'kliimamuutus', 'euroopa', 'euroopa liidu', 'heide', 'rohepöörde', 'tuhat üheksateist', 'liidu', 'anu', 'looduse', 'loodus', 'kliimamuutuse', 'kliimamuutuste', 'kaks tuhat']",Eesti kliimahoiakud ja rohepöörde skeptitsism,"Arutatakse, miks Eesti inimeste mure kliimamuutuse pärast on Euroopa võrdluses madal ning kuidas see mõjutab rohepöörde ja kliimapoliitika toetust. Rõhk on ka selgitusviisidel, kohaliku kasu rõhutamisel, terminite nagu „rohepööre” probleemil ja desinformatsiooni mõjul.",coherent,high
25,22,25_doktorantuuri_doktorant_teadmussiirde_doktorantuur,"['doktorantuuri', 'doktorant', 'teadmussiirde', 'doktorantuur', 'doktorante', 'doktorandi', 'jarek', 'doktorandid', 'doktorantide', 'katrin', 'andrei', 'doktorikraadiga', 'ülikool', 'ettevõte', 'patent']",Teadmussiirdedoktorantuuri ettevõtluslik praktilisus,"Arutatakse, kuidas doktorantuur võiks siduda ülikooli teadustöö ettevõtte probleemide lahendamisega ning mida see annab ettevõttele, doktorandile ja ülikoolile. Fookuses on tööstus- ja teadmussiirdedoktorantuur, selle rahastus, patendid, praktiline väärtus ja koostöövormid.",coherent,high
26,22,26_religiooni_islam_religioon_maailmavaade,"['religiooni', 'islam', 'religioon', 'maailmavaade', 'moslemite', 'moslemid', 'islami', 'karmo', 'prohvet', 'püha', 'kirik', 'religioonid', 'tõde', 'usk', 'religioosne']",Islami ja kristluse roll ühiskonnas,"Arutatakse islami ja kristluse kohta ühiskonnas, eriti nende moraalse, kultuurilise ja tasakaalustava rolli üle. Rõhutatakse usu, riigi ja väärtuste vahekorda, usuvabadust ning seda, kuidas religioonid saavad toetada inimest ja kogukonda ilma võimu tööriistaks muutumata.",coherent,high
27,21,27_reis_reisile_reisida_reisid,"['reis', 'reisile', 'reisida', 'reisid', 'reisimine', 'reisi', 'reiside', 'avastada', 'välisministeeriumi', 'aukonsul', 'reisidel', 'viiskümmend eurot', 'kuhugi minna', 'reisil', 'lolli olukorda']",Reisiks valmistumine ja turvalisus,"Arutatakse, kuidas reisiks end praktiliselt ette valmistada: odavad piletid, majutus, marsruut, kindlustus ja riigi reeglite kontroll. Samuti käsitletakse turvalisust, korruptsiooni, viisakust, kohalikku suhtlust ning seda, kuidas ebameeldivates olukordades targalt käituda.",coherent,high
28,21,28_järvamaa_õppima_järvamaal_jõhvi,"['järvamaa', 'õppima', 'järvamaal', 'jõhvi', 'kood', 'töötukassa', 'kood jõhvi', 'tiina', 'sigrid', 'täiskasvanu', 'kelly', 'täiskasvanute', 'kõrgharitud', 'õppida', 'täiskasvanu haridus']",Täiskasvanute ümberõpe ja õppimise paindlikkus,"Arutatakse, miks täiskasvanud Järvamaal ja laiemalt õppima lähevad, millised oskused on töö- ja elumuutuste tõttu vajalikud ning kuidas tööandjad ja koolitusasutused seda toetada saavad. Keskmes on paindlikud õppevormid, karjääripöörded, töötukassa roll ning see, et õppimise väärtus ei piirdu kõrgharidusega.",coherent,high
29,21,29_nato_läänemere_läänemeremaade_venemaa,"['nato', 'läänemere', 'läänemeremaade', 'venemaa', 'regiooni', 'ukraina', 'riikide', 'tahte', 'läänemeremaade nõukogu', 'läänemere regiooni', 'multipolaarsus', 'balti', 'riigid', 'tuumarelva', 'rahvusvaheline õigus']",Läänemeremaade julgeolekukoostöö NATO varjus,"Arutatakse Läänemere piirkonna riikide koostööd pärast Venemaa agressiooni, eriti seda, kuidas Läänemeremaade nõukogu ja Põhja-Balti formaat sobituvad NATO ja EL-i kõrvale. Fookuses on julgeolek, Ukraina toetamine, mereline ohutus ning küsimus, kuidas säilitada ühtsus ja vältida dubleerimist.",coherent,high
30,21,30_hambaarsti_hammaste_hambaarst_narkoosis,"['hambaarsti', 'hammaste', 'hambaarst', 'narkoosis', 'narkoosi', 'hambaarsti juurde', 'hambaarsti juures', 'suus', 'hambaid', 'hambad', 'arsti juurde', 'suu', 'lapse', 'rinnaga', 'arsti']","laste hambaravi, narkoos ja vanema vastutus","Arutletakse laste suutervise üle, eriti selle üle, millal ja miks lapsed jõuavad hambaarstile, millal vajatakse narkoosis hambaravi ning kui suur roll on vanemal ennetuses ja koduses hoolduses. Läbi käivad ka hambaarsti, perearsti, kooli ja riigi vastutus, teavitamine ning laste õigused.",coherent,high
31,21,31_valimiste_erjk_valimistava_valvurid,"['valimiste', 'erjk', 'valimistava', 'valvurid', 'valimiste valvurid', 'erakondade', 'valimisi', 'valimistega', 'hea valimistava', 'steven', 'valimised', 'valimiste valvuri', 'valvuri', 'erakonna', 'valimistega seoses']",Valimiste valvamine ja rahastamise läbipaistvus,"Arutati, mida valimiste valvamine peaks tegelikult jälgima: kas ainult heakõlalist valimistava või hoopis suuremaid probleeme nagu avalike vahendite kasutus, kampaaniarahastus ja andmete kogumine. Korduvalt rõhutati, et poliitilise kultuuri ja järelevalve keskmes peaks olema läbipaistvus, mitte kõrvaliste pisirikkumiste tagaajamine.",coherent,high
32,21,32_ennetuse_perearsti_vererõhk_ennetus,"['ennetuse', 'perearsti', 'vererõhk', 'ennetus', 'ath', 'vererõhu', 'katrin', 'arsti', 'perearst', 'kvaliteedisüsteemi', 'vererõhku', 'vererõhuhaigus', 'kadi', 'ravi', 'keelis']",Vererõhu ja südameriski varajane ennetus,"Arutatakse, kuidas tuvastada ja jälgida südame-veresoonkonna riske enne haiguse süvenemist, eriti vererõhu, kolesterooli ja elustiili kaudu. Põhirõhk on perearsti, pereõe ja digilahenduste rollil riskisignaalide varajases märkamises ja ennetustöös.",coherent,high
33,20,33_hääled_seisate_ristike_demokraatia,"['hääled', 'seisate', 'ristike', 'demokraatia', 'eest seisate', 'musklit', 'millised mõjud', 'parteidele', 'kaasamine', 'jaoks oluline', 'kogukondi', 'kaasatõmbamise', 'ristike ristike', 'vilistan', 'palju kaotame']",Kogukonna hääle kaasamine otsustesse,"Arutletakse selle üle, kuidas kogukondi ja eri huvirühmi otsustusprotsessides päriselt kaasata, eriti siis, kui tegemist on konfliktsete või strateegiliste teemadega. Korduvalt rõhutatakse dialoogi, püsiva kaasamise, kogukonna hääle ja lepitamise vajadust, mitte pelgalt formaalset „ristikest“.",coherent,high
34,20,34_mtü_vabaühenduste_vabakond_närvi,"['mtü', 'vabaühenduste', 'vabakond', 'närvi', 'vabaühendused', 'päris vabakond', 'vabaühendusi', 'maarja liisa', 'vabaühendus', 'kodanikuühiskond', 'vabaühendustele', 'maarja', 'liisa', 'jagamine', 'ajab']",Vabaühenduste rahastamise läbipaistvus ja sõltumatus,"Arutletakse selle üle, kuidas MTÜsid ja muid vabaühendusi avaliku rahaga toetada nii, et jagamine oleks aus, arusaadav ja kontrollitav. Samal ajal tõstatub küsimus, kas riigi või omavalitsuse toetus muudab vabaühendused liiga sõltuvaks või on see hoopis avaliku hüve teenimiseks vajalik.",coherent,high
35,20,35_kohtute_menetluse_rahvakohtunik_kohtusse,"['kohtute', 'menetluse', 'rahvakohtunik', 'kohtusse', 'rahvakohtunike', 'kohtuniku', 'rahvakohtuniku', 'jakob', 'kohtu', 'kohtunikud', 'kohtusüsteem', 'prokuratuuri', 'kohtunike', 'menetlus', 'menetluses']",Rahvakohtunike ja menetluse tõhustamise vaidlus,"Arutatakse, kuidas vähendada kohtute ülekoormust, kiirendada menetlusi ja ühtlustada tööjaotust. Suur osa vestlusest keskendub rahvakohtunike rollile, nende võimalikule kaotamisele ning sellele, millised menetluslikud muudatused aitaksid kohtusüsteemi tõhusamaks muuta.",coherent,high
36,20,36_lastekodus_marina_lastekodu_kaarel,"['lastekodus', 'marina', 'lastekodu', 'kaarel', 'asenduskodus', 'kasvataja', 'asenduskodu', 'paluksin siia', 'lastekodust', 'tallinna lastekodus', 'asenduskodusse', 'tallinna lastekodu', 'mäletan', 'taskuraha', 'kristiina']",Lastekodukasvamise kogemus ja märkamise roll,"Arutletakse asenduskodus või lastekodus kasvamise kogemuse, selle stigmade ja igapäevaelu üle. Suur rõhk on täiskasvanute märkamisel, traumal, turvalisel suhtel ja sellel, kuidas süsteem lapsi paremini toetada saaks.",coherent,high
37,20,37_vesi_vee_vett_nõel,"['vesi', 'vee', 'vett', 'nõel', 'kakao', 'aleksander', 'tallinna vee', 'jaanus', 'riskid', 'tarbija', 'ülemiste', 'šokolaad', 'kraadi', 'nendeks', 'vesi olemas']",kliimariski mõju vee- ja soojusvarustusele,"Arutatakse, kuidas kliimamuutus ja äärmuslik ilm mõjutavad veevarustust, kaugkütet ja tarbija valmisolekut. Fookus on elutähtsate teenuste töökindlusel, avariivalmidusel, investeeringutel ja sellest tuleneval teenuse hinna mõjul.",coherent,high
38,20,38_keelt_keel_inglise_keele,"['keelt', 'keel', 'inglise', 'keele', 'eesti keelt', 'inglise keel', 'eesti keele', 'virve', 'uljana', 'eesti keel', 'keeles', 'inglise keele', 'vene', 'õppida', 'vene keel']",eesti keele õppimine mitmekeelses koolis,"Arutatakse, kuidas eesti ja teiste keelte õppimine toimib mitmekultuurilises koolikeskkonnas ning mis aitab keeleõppes kõige paremini edasi jõuda. Keskmes on suhtlus, keelekeskkond, kodukeele toetamine ja hoiakud aktsendiga kõnelejate suhtes.",coherent,high
39,20,39_vasakpoolsed_vasakpoolsuse_vasakpoolseid_vasakpoolsete,"['vasakpoolsed', 'vasakpoolsuse', 'vasakpoolseid', 'vasakpoolsete', 'vasakpoolne', 'vasakpoolsus', 'sotsialism', 'vasak', 'vasakpoolsust', 'sotsiaaldemokraadid', 'sotsiaaldemokraatia', 'tõnis', 'vasakpoolseks', 'vasakpoolse', 'eduard']",Vasakpoolsuse ja identiteedi pinged,"Arutleti, kuidas vasakpoolsus Eestis on nihkunud sotsiaalmajanduslikult teljelt väärtuste, identiteedi ja kultuurisõdade teljele. Korduvalt tõstatus küsimus, kas vasakpoolsetel on võimalik pakkuda usutavat tulevikulugu ilma ajaloolise kommunismikoormata ja ilma identiteedikonflikte võimendamata.",coherent,high
40,20,40_seksuaalkasvatus_inimeseõpetuse_seksuaalkasvatuse_peenis,"['seksuaalkasvatus', 'inimeseõpetuse', 'seksuaalkasvatuse', 'peenis', 'seks', 'seksuaalharidus', 'seksuaalsuse', 'täiskasvanud', 'seksuaalkasvatust', 'seksuaalsusest', 'laps küsib', 'sõnavara', 'ootas', 'sõnu', 'poiss']",Õige keha- ja seksuaalsõnavara õpetamine,"Arutelu keskmes on, kuidas õpetada lastele ja noortele seksuaalsuse teemadel õigeid kehatermineid, sõnavara ja arusaadavat keelt. Rõhutatakse, et sõnavaralüngad tekitavad segadust ning et täiskasvanud, lapsevanemad ja õpetajad vajavad ise enne kindlust ja ühist keelt.",coherent,high
41,20,41_pilte_postitada_postitavad_pildi,"['pilte', 'postitada', 'postitavad', 'pildi', 'postitused', 'vanemad', 'lapse', 'sotsiaalmeedia', 'lapsed', 'iiris', 'lapsega', 'laps', 'siinkohal', 'postitusi', 'jagada']",Laste piltide postitamine vanemate poolt,"Arutatakse, miks vanemad postitavad oma lastest pilte ja muud sisu sotsiaalmeediasse ning kuidas see võib mõjutada lapse privaatsust, identiteeti ja suhteid perega. Rõhutatakse nõusoleku küsimist, avaliku jagamise riske, postituste ülevaatamist ja vajadust piire ning kokkuleppeid selgelt paika panna.",coherent,high
42,19,42_ida_ida viru_piiriala_viru,"['ida', 'ida viru', 'piiriala', 'viru', 'ida virumaal', 'virumaal', 'ida virumaa', 'virumaa', 'võrumaa', 'õiglase', 'piirialadel', 'setomaa', 'regionaalpoliitika', 'setomaal', 'kai']",Idapiirialade eraldi regionaalpoliitika,"Arutelu keskmes on Ida-Viru, Võrumaa ja teiste idapiiriäärsete alade eripära ning küsimus, kas neile on vaja eraldi kohtlemist ja sihitud regionaalpoliitikat. Läbi jooksevad rahvastiku kahanemise, ettevõtluse, investeeringute, kogukondade ja paigaidentiteedi teemad.",coherent,high
43,19,43_välistööjõu_välismaalane_ppa_inimkaubandus,"['välistööjõu', 'välismaalane', 'ppa', 'inimkaubandus', 'töötasu', 'välismaalased', 'hotellide', 'kohanemisprogramm', 'ärakasutamise', 'välismaalase', 'restoranide', 'ärakasutamist', 'tööandja', 'kairit', 'tööinspektsiooni']",Välistöötajate ärakasutamine ja palgavõlg,"Arutatakse välismaalastest töötajate ärakasutamist Eestis: palga kinnipidamist, ähvardusi, tööandja kaudu riigist väljasaatmist ja inimkaubanduse piiri. Samuti räägitakse, kuidas riik, tööinspektsioon, PPA ja tööandjad saaksid riske paremini ennetada ja ohvreid kiiremini aidata.",coherent,high
44,19,44_tööstused_emissioon_metaan_energia,"['tööstused', 'emissioon', 'metaan', 'energia', 'elekter', 'biomassi', 'co2', 'tallinki', 'sutt', 'timo', 'hind', 'mehaanilise', 'loodusega', 'farmide', 'taastuvenergia']",Tööstuse energiaportfelli ja emissioonide optimeerimine,"Arutatakse, kuidas tööstus ja energiatootjad saavad tasakaalustada hinda, töökindlust ja keskkonnamõju, samal ajal vähendades emissioone ja suurendades investeerimiskindlust. Korduvalt jõutakse kohalike energiakandjate, taastuvenergia, salvestuse ja energiaefektiivsuse juurde kui tööstuse tuleviku põhiteguriteni.",coherent,high
45,19,45_riigikaitse_naiskodukaitse_kaitseliidu_lai riigikaitse,"['riigikaitse', 'naiskodukaitse', 'kaitseliidu', 'lai riigikaitse', 'ulla', 'laia riigikaitse', 'laia', 'olavi', 'nõuniku', 'kaitseliitu', 'reelika', 'riigikaitsesse', 'naiskodukaitsjad', 'sõjaline riigikaitse', 'hoolt kandma']",Lai riigikaitse kodune ja kogukondlik valmisolek,"Arutletakse, kuidas tavakodanik, pere ja kogukond saavad panustada laiapõhjalisse riigikaitsesse. Korduvalt rõhutatakse Naiskodukaitse, Kaitseliidu ning „Ole valmis“ juhendite rolli kriisivalmiduse, õppuste ja vabatahtlike toetuse kaudu.",coherent,high
46,19,46_kohus_väärtushinnang_hageja_kohtusse,"['kohus', 'väärtushinnang', 'hageja', 'kohtusse', 'nõuda', 'faktiväide', 'vaarik', 'garri', 'õigusbüroo', 'mõisteti', 'mainet', 'kohtunik', 'avaldatud', 'head nime', 'kostja']",laimavate netikommentaaride ja mainekahju vaidlused kohtus,"Arutletakse selle üle, kuidas lahendada au ja head nime kahjustavaid väiteid, eriti sotsiaalmeedia kommentaarides ja meedias. Fookuses on faktiväite ja väärtushinnangu eristamine, kahju hüvitamine, anonüümsete kommentaaride tuvastamine ning see, kas sellised vaidlused peaksid üldse kohtusse jõudma.",coherent,high
47,19,47_kaalu_rasvunud_ülekaal_kehamassi,"['kaalu', 'rasvunud', 'ülekaal', 'kehamassi', 'ravimid', 'psüühikat', 'psüühika', 'impulsi', 'ravimeid', 'meeste', 'rasvumise', 'parimais', 'psühhoteraapia', 'martin', 'ülekaalu']",Ülekaaluravimite hüvitamine ja elustiil,"Arutati süstitavate kaalulangetusravimite rolli ülekaalu ravis, nende mõju söögiisule ja kaalule ning seda, kellele ja mis tingimustel neid peaks hüvitama. Korduvalt rõhutati, et ravimist üksi ei piisa ning vaja on ka elustiili, psühholoogilist tuge ja terviklikku käsitlust.",coherent,high
48,19,48_toidujulgeoleku_toidujulgeolek_teravilja_hannes,"['toidujulgeoleku', 'toidujulgeolek', 'teravilja', 'hannes', 'toidu', 'rando', 'jaeketid', 'kriisi ajal', 'tarneahela', 'logistika', 'toitu', 'toidujulgeolekut', 'toidu tootmine', 'ahela', 'tagada']",Toidujulgeoleku tarneahela toimepidevus,"Arutatakse, kuidas Eesti toidujulgeolek sõltub kogu tarneahela toimimisest alates põllumajandusest ja töötlemisest kuni logistika, jaekaubanduse ja kriisivarudeni. Korduvalt rõhutatakse energiasõltuvust, importsisendeid, riigi rolli ning vajadust hajutatud ja kokkulepitud kriisilahenduste järele.",coherent,high
49,19,49_keeles_eesti keeles_mudelid_mudeli,"['keeles', 'eesti keeles', 'mudelid', 'mudeli', 'mudel', 'keele', 'mõõdupuu', 'keelemudel', 'eesti keel', 'eesti keele', 'keel', 'mudelite', 'inglise keeles', 'mudeleid', 'keelemudelite']",Eesti keele kvaliteet suurtes keelemudelites,"Arutletakse selle üle, kui hästi suured keelemudelid eesti keelt oskavad, kuidas seda mõõta ning miks kvaliteet eri mudelites väga kõikuv on. Jutuks on ka, et väikese keele puhul on vaja riiklikke otsuseid, andmeid ja koostööd, et eesti keel mudelites paremini esindatud oleks.",coherent,high
50,19,50_annetajate_organisatsiooni_annetaja_annetusi,"['annetajate', 'organisatsiooni', 'annetaja', 'annetusi', 'annetajad', 'annetada', 'annetuste', 'lastefondis', 'sulev', 'lastefond', 'annetus', 'üldkulud', 'lastefondi', 'annetusest', 'annetajatele']",Annetuste kasutamine organisatsiooni kuludeks,"Arutleti selle üle, miks annetajaid häirib, kui annetusest osa läheb palga- ja üldkulude katteks, ning kuidas seda läbipaistvalt selgitada. Vastandati vabatahtlikkuse-mudelit professionaalsele heategevusorganisatsioonile, kus püsikulud ja palgaline töö on mõju saavutamiseks vajalikud.",coherent,high
51,19,51_toitu_parim enne_kõlblik_toidu,"['toitu', 'parim enne', 'kõlblik', 'toidu', 'kõlblik kuni', 'toit', 'parim', 'kuupäeva', 'kuupäev', 'tooted', 'toode', 'toidujäätmeid', 'toodet', 'enne kõlblik', 'kodudes']",parim enne ja kõlblik kuni märgistus,"Arutletakse toidupakendite kuupäevamärgistuse üle, eriti selle üle, kuidas parim enne ja kõlblik kuni erinevad ning kuidas see mõjutab toidu äraviskamist või edasi tarbimist. Juttu on ka tootjate katsestest, tarbijate teadlikkusest ja sellest, kuidas õige märgistus ning säilitamine aitaks raiskamist vähendada.",coherent,high
52,18,52_itaalia_itaalias_saksamaal_saksamaa,"['itaalia', 'itaalias', 'saksamaal', 'saksamaa', 'venemaa', 'itaallased', 'roomas', 'saksa', 'balti', 'narva', 'läänemere', 'nato', 'putini', 'otsusekindlus', 'itaallastel']",Narva-ründe ja hübriidohu arutelu,"Arutletakse Saksamaa ja Itaalia vaates Narva kui võimaliku järgmise sihtmärgi narratiivi üle ning selle üle, kuidas Venemaa hübriidohud, desinformatsioon ja heidutus Euroopas tajutavad on. Lisaks seotakse julgeolekuteemad kaitsekulude, liitlassuhete, sanktsioonide ja varilaevastikuga.",coherent,high
53,18,53_koolivõrgu_koolivõrku_koolid_koolivõrk,"['koolivõrgu', 'koolivõrku', 'koolid', 'koolivõrk', 'haridusele', 'rõuge', 'kool', 'kooli', 'kvaliteetsele haridusele', 'haridus', 'kvaliteetsele', 'henri', 'õpilaskodu', 'koolivõrgureformi', 'triin']",koolivõrgu koondamine ja juhtimisotsused,"Arutatakse Eesti koolivõrgu ümberkorraldamist, eriti väikeste koolide ühendamist, tegevuskohtade säilitamist ja vastutuse jagunemist kohaliku omavalitsuse ning riigi vahel. Läbivalt vaieldakse, kui palju peaks otsustes arvestama kogukonna, ligipääsu, õpitulemuste ja kuludega.",coherent,high
54,18,54_konventsiooni_istanbuli_konventsioon_vägivalla,"['konventsiooni', 'istanbuli', 'konventsioon', 'vägivalla', 'istanbuli konventsiooni', 'naiste', 'mehed', 'naised', 'feminist', 'istanbuli konventsioon', 'naistevastase', 'vägivallaga', 'naiste õiguste', 'võimu küsimus', 'konventsiooniga']",Istanbuli konventsiooni vaidlused ja rakendamine,"Arutelu keskmes on Istanbuli konventsiooni roll naistevastase ja perevägivalla ennetamisel ning selle rakendamine Eestis. Samal ajal käsitletakse selle ümber tekkinud poliitilisi vaidlusi, meeste kaasamist ja rahvusvahelist inimõiguste mõõdet.",coherent,high
55,18,55_püsimetsa_püsimetsandus_lageraie_püsimetsanduse,"['püsimetsa', 'püsimetsandus', 'lageraie', 'püsimetsanduse', 'püsimetsana', 'erko', 'püsimetsandust', 'majandamise', 'valikraie', 'metsa', 'puid', 'rainer', 'riigimetsas', 'turberaieid', 'majandamine']",Püsimetsanduse definitsioon ja valikraie,"Arutletakse selle üle, mida püsimetsandus metsanduses täpselt tähendab ning kuidas see erineb lageraiesüsteemist ja uuendusraiest. Suur osa vaidlusest käib seaduse definitsiooni, valikraie, turberaie ja väikeste häilude ümber ning selle üle, kas ja kuidas neid tohib püsimetsanduseks pidada.",coherent,high
56,18,56_korterid_kodu_käibemaksu_kortereid,"['korterid', 'kodu', 'käibemaksu', 'kortereid', 'korteri', 'üürile', 'üürida', 'korter', 'korterit', 'üürnik', 'endale kodu', 'üüri', 'kinnisvara', 'osta', 'üürileping']",Noorte koduostu ja üüri kättesaadavus,"Arutatakse, kuidas noored saavad endale kodu või üüripinna kätte: kas eelistada omamist või üürimist, kui palju mõjutavad seda hinnad, omafinantseering ja stabiilsus. Läbivalt räägitakse ka üürimudelist, uusarendustest, planeerimisest ja sellest, kas turgu peaks riik või linn rohkem suunama.",coherent,high
57,18,57_tugevusi_tugevuste_õppekava_tugevused,"['tugevusi', 'tugevuste', 'õppekava', 'tugevused', 'andekuse', 'klassis', 'andekas', 'omandatud', 'klassiruumis', 'õpilasi', 'õpetaja', 'haridus süsteemis', 'õpilasele', 'haridussüsteemis', 'koolis']",Tugevustel põhinev paindlik koolikorraldus,"Arutelu keskmes oli, kuidas koolis märgata ja toetada õpilaste tugevusi, eriti andekamaid või kiiremini edenevaid lapsi. Käsitleti paindlikku õppekava, hindamist, väiksemaid rühmi, noppõpet ja võimalust õppida oma tempos ilma potentsiaali raiskamata.",coherent,high
58,18,58_türgis_türgi_hambad_vahendaja,"['türgis', 'türgi', 'hambad', 'vahendaja', 'türki', 'hambaravi', 'hammas', 'krooni', 'kroonid', 'hambaid', 'implantaat', 'kliiniku', 'hammast', 'kliinikus', 'kroon']",Türgi hambaravi garantii- ja parandamisvaidlused,"Arutletakse Türgis tehtud hambaravi järelmurede, garantii, vahendajate rolli ja selle üle, kes vastutab, kui kroonid, sillad või implantaadid valesti lähevad. Korduvalt rõhutatakse, et kiirustav esteetiline ravi võib hiljem tuua valu, põletiku ja keerulise ümberravi Eestis.",coherent,high
59,18,59_loomemajanduse_kunsti_kultuuri_loomemajandus,"['loomemajanduse', 'kunsti', 'kultuuri', 'loomemajandus', 'kultuur', 'rahandusministeerium', 'käibemaksu', 'filmi', 'kultuur majandusharu', 'majandusharu', 'kultuuris', 'narratiivi', 'kunsti valdkonnas', 'film', 'kiht']",Käibemaksu ja toetuste mõju kultuurile,"Arutatakse, kas kultuurisündmuste käibemaksu langetamine või otsetoetused aitaksid paremini kultuuri, loomemajandust ja konkurentsivõimet. Fookuses on ka see, kuidas maksupoliitika mõjutab piletihindu, turgu, eraraha kaasamist ja sektori elujõudu.",coherent,high
60,18,60_andmeid_ulatuses_rünnati_instrumendid,"['andmeid', 'ulatuses', 'rünnati', 'instrumendid', 'andmed', 'seadusandja', 'koguda', 'samas oluline', 'näiteks kõige', 'seadused', 'riskiga', 'tunneme', 'vabadust', 'andmete', 'sensorid']",andmejärelevalve ja tehisintellekti piirid,"Arutletakse selle üle, kuidas andmete kogumist ja kasutamist reguleerida nii, et säiliks privaatsus, autonoomia ja inimõigused. Fookuses on ka tehisintellekti ning riiklike või ettevõtete järelevalvesüsteemide riskid, nende järelevalve ja avalik arutelu.",coherent,high
61,18,61_elurikkuse_ando_elurikkust_toyota,"['elurikkuse', 'ando', 'elurikkust', 'toyota', 'süsiniku', 'jaan', 'süsinikukrediite', 'maaomanik', 'turg', 'elurikkus', 'regulaator', 'maaomanike', 'loodust', 'liikide', 'raadamine']",Elurikkuse krediitide turu kujundamine,"Arutatakse, kuidas elurikkuse säilitamise ja taastamise eest võiks tekkida krediitide või ühikute turg, kellele see võiks kasulik olla ning kuidas seda üldse mõõta ja sertifitseerida. Suur osa vaidlusest käib selle ümber, kas turg peaks olema kohalik või laiem, ning kuidas vältida rohepesu, lisanduvuse puudumist ja maaomanike või riigi huvide tasakaalust väljumist.",coherent,high
62,18,62_raudtee_rail_rail baltic_raudteed,"['raudtee', 'rail', 'rail baltic', 'raudteed', 'baltic', 'pärnu', 'rail baltica', 'baltica', 'kilomeetrit tunnis', 'anvar', 'peatus', 'teede', 'raudteesse', 'tunnis', 'eesti raudtee']",Rail Balticu ja raudteeühenduste mõju,"Arutatakse Rail Balticu ja teiste raudteeinvesteeringute mõju ühenduskiirusele, regionaalarengule ning majanduskasvule. Läbivalt räägitakse ka peatuste ümbruse arengust, taristu ideoloogilisest vaidlusest ja sellest, kuidas suuri projekte paremini selgitada.",coherent,high
63,18,63_parooli_häkker_parool_wifi,"['parooli', 'häkker', 'parool', 'wifi', 'wifi võrku', 'ründaja', 'murda', 'tarkvara', 'jaanus', 'paroolid', 'võrku', 'küberturve', 'võrgus', 'krüptoraha', 'ago']",Paroolide ja wifi kaudu levinud küberpettused,"Arutati, kuidas häkkeri mõtteviis aitab mõista paroolide, wifi ja nutiseadmete kaudu toimuvaid küberrünnakuid. Rõhk oli paroolide korduvkasutusel, sotsiaalsetel petuskeemidel ning kodu- ja töövõrkude eraldamisel.",coherent,high
64,18,64_unistamine_unistamise_kahekümne viie_peep,"['unistamine', 'unistamise', 'kahekümne viie', 'peep', 'unistus', 'unistamisega', 'unistada', 'rikkaks', 'rikkaks saada', 'unistama', 'unistamist', 'unistusi', 'unis', 'viie aasta', 'unistanud']",Eesti 2050 ühised unistused ja tulevikunägemus,"Arutletakse selle üle, milline võiks Eesti aastal 2050 välja näha, ning unistamine seotakse nii isikliku heaolu, ühiskondlike väärtuste kui ka praktilise tegutsemisega. Korduvalt tõusevad esile rahu, elurõõm, looduse hoidmine, tehnoloogia roll ja vajadus, et inimesed ise oma unistuste suunas liiguksid.",coherent,high
65,17,65_elamisluba_untsu_masin_otsus,"['elamisluba', 'untsu', 'masin', 'otsus', 'otsustusprotsessi', 'inimese üle', 'otsuse', 'pärtel', 'lubame', 'hiina', 'otsuseid', 'otsuste tegemiseks', 'aitan teid', 'ai', 'elamislubade']",AI roll elamisloa otsustes,"Arutletakse selle üle, kas ja kui palju võiks tehisintellekt aidata Eesti elamisloa, varjupaiga ja rändemenetluste otsustes. Rõhk on sellel, et masin võib toetada andmetöötlust ja protsessi, kuid lõplik vastutus peaks jääma inimesele.",coherent,high
66,17,66_noorte heaolu_noor_reelika_noorte,"['noorte heaolu', 'noor', 'reelika', 'noorte', 'marii', 'jaanika', 'mirjam', 'noore', 'noorte garantii', 'kaheksateist', 'pöial', 'õpi tööta', 'olukorras', 'heaolu', 'tugisüsteem']",NEET-noorte toetamine ja vastutuse jagamine,"Arutletakse selle üle, miks noored satuvad NEET-olukorda, kui suur roll on vaimsel tervisel, kodusel taustal ja üleminekul täiskasvanueasse ning kuidas neid paremini märgata ja toetada. Fookuses on ka vastutuse jaotumine noore, pere, omavalitsuse, riigi ja tööandjate vahel ning noorte garantii tugisüsteemi toimimine.",coherent,high
67,17,67_perearst_perearsti_peremeditsiini_eriarsti,"['perearst', 'perearsti', 'peremeditsiini', 'eriarsti', 'esmatasandi', 'konsultatsioon', 'päeva nädalas', 'perearste', 'arstiks', 'konsultatsiooni', 'töötervishoiuarst', 'patsient', 'residentuuri', 'eriala', 'arsti']",Perearsti tööjaotus ja koostöövõrgustik,"Arutati, kuidas leevendada perearstide koormust läbi tööjaotuse, lisapädevuste ja meeskonnatöö. Fookuses olid perearsti, eriarsti, pereõe, töötervishoiuarsti ja hoolduskoordinaatori koostöö ning selge dokumenteerimise ja e-konsultatsiooni roll.",coherent,high
68,17,68_õpilasfirma_isabella_omari_ettevõtlikkuse,"['õpilasfirma', 'isabella', 'omari', 'ettevõtlikkuse', 'kristo', 'õpilasfirmade', 'ettevõtlikkust', 'õpilasfirmat', 'ettevõtja', 'rahatarkuse', 'eluks valmis', 'leen', 'ettevõtlikkus', 'põlvas', 'eluks']",Ettevõtliku hoiakuga kooli ja töö sidumine,"Arutelu keskmes oli, kuidas kasvatada noortes ettevõtlikkust, rahatarkust ja tööharjumust juba varakult, nii kooli, õpilasfirmade kui ka päris töö kaudu. Rõhutati ettevõtjate, õpetajate ja võrgustike rolli, et jõuda ka nende noorteni, kel kodust või sõpruskonnast sellist eeskuju ei tule.",coherent,high
69,17,69_kohtla_kohtla järvel_tuumajaama_järvel,"['kohtla', 'kohtla järvel', 'tuumajaama', 'järvel', 'narva', 'põlevkivist', 'tootmine', 'energia', 'ehitada', 'tuuma', 'elektri', 'kaitseinvesteering', 'tuha', 'magnetitehas', 'priit']",Kohtla-Järve tuhamägede väetisetehas,"Arutatakse Kohtla-Järve ja Kiviõli poolkoksimägede ning Narva tuhamägede võimalikku väärindamist, eriti põllumajandusliku väetisena või muude väärtuslike ühendite allikana. Samas rõhutatakse, et selleks oleks vaja uut tööstust, teadusuuringuid ja riiklikku investeeringut ning et osa materjalidest võib olla keskkonnariski tõttu keeruline torkida.",coherent,high
70,17,70_õpiampsu_õpiamps_circle_anneli,"['õpiampsu', 'õpiamps', 'circle', 'anneli', 'kaia', 'growth', 'mõne õpiampsu', 'andragoog', 'õpiampsude', 'growth mindset', 'pisa', 'tähelepanu võime', 'baasteadmisi', 'õppijamps', 'ampsu']",Õpiampsud töö- ja enesearengu osana,"Arutelu keskendub sellele, mida õpiamps tähendab, kuidas lühikesi õppimisvorme töö ja igapäevaelu sees kasutada ning kes nende eest vastutab. Läbi käivad nii tööandja roll, paindlik aeg ja rahastus kui ka mängustatud, digitaalsed ja põlvkondadeülest õppimist toetavad lahendused.",coherent,high
71,17,71_miinimumpalk_miinimumpalga_miinimumpalka_palk,"['miinimumpalk', 'miinimumpalga', 'miinimumpalka', 'palk', 'kaia', 'miinimumpalgaga', 'lenno', 'maksta', 'palgatõusu', 'kairit', 'miinimum', 'palka', 'miinimumpalgast', 'tööandjad', 'keskmisest']",Miinimumpalga tõstmise mõju tööle ja vaesusele,"Arutletakse selle üle, kas miinimumpalk peaks tagama töötava inimese äraelamise ning kuidas selle tõus mõjutab tööandja kulusid, tööhõivet ja maksusüsteemi. Jutuks on ka palgavaesus, osakoormusega töö, regionaalsed erinevused ja vaesuslõks.",coherent,high
72,17,72_looduskaitse_metsa_gunnar_aira,"['looduskaitse', 'metsa', 'gunnar', 'aira', 'kaitse', 'aveliina', 'mets', 'metsad', 'metsaomanikega', 'majandada', 'sinu tunnetus', 'maire', 'metsaomanik', 'metsaomanikud', 'kaitsealade']",Metsaomanike kaitse- ja majandusvaidlused,"Arutatakse, kuidas Eesti metsades tasakaalustada looduskaitset, kliimakindlust ja metsaomanike õigusi. Suur osa jutuajamisest keskendub kaitse alla võtmise kompenseerimisele, majandusmetsade paindlikumale majandamisele ning sellele, kuidas selgitada looduskaitse eesmärke ja vähendada omanike ebakindlust.",coherent,high
73,17,73_ühistu_korteriühistu_ühistus_ühistud,"['ühistu', 'korteriühistu', 'ühistus', 'ühistud', 'hanno', 'andero', 'zuzu', 'haldusfirma', 'maja', 'majas', 'ruumi', 'elanikud', 'mustamäel', 'nonii aitäh', 'tuttavaks']",Korteriühistute kogukonnatunde loomine,"Arutleti, kuidas korteriühistutes luua naabrite vahelist suhtlust, usaldust ja kogukonnatunnet. Käsitleti ka haldus- ja kommunikatsioonikanaleid, üürnike kaasamist ning otsustamise ja koosolekute korraldamise viise.",coherent,high
74,16,74_natalja_keelt_eesti keelt_keele,"['natalja', 'keelt', 'eesti keelt', 'keele', 'vene', 'keel', 'serbia', 'darja', 'rahvus', 'suur tänu', 'kakskeelsest', 'kakskeelne', 'aleksei', 'slaavi', 'dialoogi']",eestikeelse suhtluse ja ühiskeele otsimine,"Arutati, kuidas eri keelte ja rahvustega inimesed Eestis omavahel suhtleksid ning milline roll on eesti keelel ühise keelena. Korduvalt rõhutati motivatsiooni, varajast keelekeskkonda, grupis segunemist ja vajadust vältida suletud ringe.",coherent,high
75,16,75_põhja pärnumaa_ingrid_tootsi_pärnumaa,"['põhja pärnumaa', 'ingrid', 'tootsi', 'pärnumaa', 'tuuliku', 'keskkonnamõju', 'madis', 'põhja', 'kuumaks', 'tuuleparki', 'tuuliku tasu', 'tuulikud', 'kristiina', 'soodsamat', 'soodsamat elektrit']",Tuuleparkide kaasamise usalduskriis,"Arutletakse Põhja-Pärnumaa tuuleparkide planeerimise üle, kus keskseks probleemiks on kogukonna usaldamatus, segane riiklik suund ja kohalik vastasseis. Kõlama jäävad küsimused, kuidas teavitamine, kompensatsioonid, keskkonnamõju hindamine ja otsustajate roll saaksid olla selgemad ja usaldusväärsemad.",coherent,high
76,16,76_tehisintellekt_kassi_lasteabi_chat,"['tehisintellekt', 'kassi', 'lasteabi', 'chat', 'kavatsustega', 'alexa', 'lastele', 'tehisintellekti', 'internetis', 'tehisintellektiga', 'laps', 'valida endale', 'tehisintellektil', 'pildi', 'sari']",Laste ja AI-petuste internetiohud,"Arutelu keskmes olid tehisintellekti võimalused ja riskid laste internetikasutuses, eriti petuskeemid, võõraste kontaktid ning AI-ga loodud kahjustav sisu. Korduvalt rõhutati vanema rolli, lasteabi ja turvaliste keskkondade tähtsust.",coherent,high
77,16,77_ravikindlustus_ravikindlustust_vabakutseline_ravikindlustus kõigile,"['ravikindlustus', 'ravikindlustust', 'vabakutseline', 'ravikindlustus kõigile', 'jürgen', 'vabakutselised', 'hendrik', 'riina', 'jürgen ligi', 'loovisikutele', 'vabakutselise', 'loovisiku', 'riinaga', 'vabakutseliste', 'jürgen ligile']",ravikindlustus vabakutselistele loovisikutele,"Arutelu keskmes on vabakutseliste loovisikute ravikindlustuse puudumine ja selle laiendamise vajadus. Korduvalt vaieldakse, kas see peaks olema kõigile, kuidas seda rahastada ning miks loometööd sageli päris tööna ei tajuta.",coherent,high
78,16,78_muuseumi_muuseum_muuseumit_valla,"['muuseumi', 'muuseum', 'muuseumit', 'valla', 'kogukonna', 'abivallavanem', 'viiskümmend tuhat', 'muuseumil', 'kakssada viiskümmend', 'vallas', 'muuseumist', 'tulu', 'muuseumitöötajad', 'õla alla', 'lisatulu']",Koduloomuuseumi rahastamine ja jätkamine,"Arutatakse väikese koduloomuuseumi püsimist, eriti selle katuse remondi, tegevustoetuse ja püsikulude katmise pärast. Lahendustena pakutakse vallapoolset tuge, ettevõtjate ja kogukonna panust, rendimudelit, võrgustumist ning lisatulu teenimist muuseumi rolli säilitades.",coherent,high
79,16,79_saara_sõbrad_jäi silma_ning,"['saara', 'sõbrad', 'jäi silma', 'ning', 'petersoni', 'petersonis', 'kool', 'kodu', 'suhtumisest', 'imelikud', 'mälu', 'sõpruskond', 'grupis', 'mulli', 'mõjutab']","Kodu, kool ja sõbrad kujundavad sallivust","Arutelu keskmes on see, kuidas pere, sõpruskond, kool, sotsiaalmeedia ja riik kujundavad noorte hoiakuid ning arusaama sellest, kes kuulub „meie” hulka ja kes mitte. Korduvalt jõutakse sallivuse, kuuluvustunde, stereotüüpide ja erinevate rahvuste või vaadete aktsepteerimiseni.",coherent,high
80,16,80_kaitsevägi_varude_sõda_varusid,"['kaitsevägi', 'varude', 'sõda', 'varusid', 'kaitseväel', 'sõidukeid', 'tegelikkuses', 'ukraina sõda', 'riigi tegevusvaru', 'tegevusvaru', 'kaitse', 'julgeoleku', 'ukraina', 'keskuse', 'sõjalisele']",Varude ja tsiviilkaasatuse sõjaks valmistumine,"Arutelu keskmes on, kuidas riigi varud, kaitseväe hanked ja tsiviilsektori teenused toetavad sõjaks või pikaks kriisiks valmistumist. Rõhutatakse vedelkütuse, toidu, tervishoiu, transpordi ja vabatahtlike kaasamise rolli ning seda, et varustuskindlus peab toimima enne, kui riigi tegevusvarud kasutusele võetakse.",coherent,high
81,16,81_eelarve_rail_ave_balticu,"['eelarve', 'rail', 'ave', 'balticu', 'komisjon', 'komisjoni', 'rail balticu', 'euroopa liidu', 'miljardit', 'liikmesriigid', 'anvar', 'liidu', 'läbirääkimised', 'rail baltic', 'põllumajandus']",ELi eelarve ja Rail Balticu rahastus,"Arutatakse Euroopa Liidu järgmise mitmeaastase eelarve ja rahastuse ümber jagamist, eriti selle mõju Eesti huvidele. Eraldi keskmes on Rail Balticu, piiriüleste ühenduste ja muude Eesti jaoks oluliste taristuprojektide rahastamine.",coherent,high
82,16,82_vanus_cv_coach_tööelus,"['vanus', 'cv', 'coach', 'tööelus', 'tööellu', 'töötaja ise', 'vanusega', 'tööelu', 'coaching', 'vanusest', 'vanuse', 'henri', 'kärt', 'töötaja', 'stereotüüp']",Vanus ja oskused tööelus,"Arutletakse selle üle, kuidas vanus mõjutab värbamist, töössesisseminekut, karjääri ja tööandja otsuseid. Rõhk on stereotüüpide murdmise, oskuste, suhtumise ja mitmekesise meeskonna väärtusel.",coherent,high
83,16,83_kaitsekulude_viie protsendi_toomas_kaimo,"['kaitsekulude', 'viie protsendi', 'toomas', 'kaimo', 'mihhail', 'kaitsevõime', 'värelus', 'protsendi', 'taluvuse', 'protsendid', 'raketid', 'nato', 'tõnis', 'hanke', 'urmas']",Kaitsekulude tõus ja hanked,"Arutatakse Eesti kaitsekulude kiiret kasvatamist viie protsendini SKP-st ning selle poliitilist ja ühiskondlikku põhjendamist. Suur osa vestlusest keskendub sellele, kuidas kaitsehangete, moonaostude ja võimearenduse kaudu raha mõistlikult kulutada ning kuidas see mõjutab teisi eelarvevaldkondi.",coherent,high
84,16,84_surmast_surm_surma_suremise,"['surmast', 'surm', 'surma', 'suremise', 'lähedased', 'elu lõpu', 'suremisest', 'marju', 'surmast rääkida', 'kaotusvalu', 'surmast räägime', 'võõrdunud', 'vaim', 'elu', 'aukartus elu']",surmaga toimetulek ja sellest rääkimine,"Arutletakse surma kui elulõpu teema üle: miks sellest rääkida, kuidas see mõjutab lähedasi ja patsiente ning kuidas surma- ja suremiskogemust paremini mõtestada. Suur osa vestlusest keskendub surma tabust, ettevalmistusele, elu lõpu soovidele ning vajadusele rääkida sellest varakult ja avatult.",coherent,high
85,16,85_koolijuht_tippjuht_koolijuhi_mudru,"['koolijuht', 'tippjuht', 'koolijuhi', 'mudru', 'koolijuhtide', 'kooli', 'koolijuht tippjuht', 'tippjuhi', 'koolijuhte', 'ette antud', 'pidaja', 'koolijuhid', 'amet', 'koolijuhi amet', 'koolijuhtidena']",Koolijuhi strateegiline roll ja vastutus,"Arutletakse selle üle, kas koolijuht on tippjuht ning millised on tema põhivastutused: strateegiline juhtimine, inimeste juhtimine, visiooni hoidmine ja kooli arendamine. Läbivalt käsitletakse ka pidaja mõju, autonoomiat, õpetajate leidmist, kooli tulemusi ja seda, kas koolijuhi töölaud on liiga “mudrune”.",coherent,high
86,16,86_tänavakunst_tänavakunsti_graffiti_grafiti,"['tänavakunst', 'tänavakunsti', 'graffiti', 'grafiti', 'kavandit', 'legaalne', 'kavandi', 'olema legaalne', 'illegaalsuse', 'tänavakunst peaks', 'loaga', 'loata', 'kunsti', 'ilma loata', 'kairo']","Grafiti, tänavakunsti ja lubade vahe","Arutatakse, kuidas eristada grafitit ja tänavakunsti ning millal avalikus ruumis loodud töö peaks olema lubatud, talutud või eemaldatud. Fookuses on ka koha valiku eetika, linnavõimu kontroll, legaalsed seinad ning noorte kaitsmine trahvide ja muude riskide eest.",coherent,high
87,16,87_fosforit_fosforiidi_fosforiidiga_fosforiit,"['fosforit', 'fosforiidi', 'fosforiidiga', 'fosforiit', 'reoveemuda', 'fosfori', 'fosfor', 'sirli', 'mihkel', 'ostame', 'alar', 'kaevandamise', 'venemaalt', 'metalle', 'keskkonnamõjud']",Fosforiidi kaevandamise riskid ja ringfosfor,"Arutletakse, kas fosforiidi kaevandamine oleks Eesti jaoks majanduslikult ja julgeoleku mõttes vajalik või pigem keskkonna- ja põhjaveerisk. Kõrvuti tuuakse välja ringmajanduse võimalus fosforit reovee tuhast tagasi saada ning kogukondade ja teaduslike uuringute roll otsuse tegemisel.",coherent,high
88,16,88_õppejõud_üliõpilane_tudeng_tehisintellekti,"['õppejõud', 'üliõpilane', 'tudeng', 'tehisintellekti', 'retsensioon', 'õppimine', 'tehisharu', 'andmekaitse', 'ajus', 'ülikoolis', 'eeldame', 'retsensiooni', 'õppejõu', 'lõputööd', 'tehisintellekt']",AI kasutamise reeglid ja hindamine ülikoolis,"Arutletakse selle üle, kuidas tehisintellekti kasutada kõrghariduses nii, et õppimine, hindamine ja vastutus jääksid läbipaistvaks. Fookuses on lõputööd, retsensioonid, andmekaitse, õppejõudude ja tudengite rollid ning küsimus, mida ei tohiks AI-le delegeerida.",coherent,high
89,15,89_vägistamine_dementsusega_pihlakodu_asutus,"['vägistamine', 'dementsusega', 'pihlakodu', 'asutus', 'hooldekodu', 'vägivald', 'hooldekodus', 'hoolekandeasutuses', 'kurjategija', 'pihlakodu juhtum', 'dementsuse', 'süsteemid', 'juhtum', 'viibime', 'kannatanu']",Dementsusega hooldekodus vägivalla ja vastutuse arutelu,"Arutletakse Pihlakodu juhtumi taustal, kuidas kaitsta dementsusega ja muude haavatavate inimestega hoolekandeasutustes ning kes vastutab vägivalla ennetamise ja reageerimise eest. Kõrvuti käsitletakse hooldekodu süsteeme, töötajate koolitamist, juhtumi õiguslikku käsitlust ja ühiskonna usalduskadu.",coherent,high
90,15,90_kontoris_kaugtöö_kontorisse_kell,"['kontoris', 'kaugtöö', 'kontorisse', 'kell', 'pesu', 'kell kaheksa', 'kaugtööd', 'kontor', 'tööpäev', 'helistab', 'tööaeg', 'töövälisel', 'töövälisel ajal', 'töötaja', 'tööpäeva']",kaugtöö ja töövälise aja piirid,"Arutatakse, kuidas kaugtöö ja hübriidtöö puhul hoida töö ja vaba aeg lahus. Fookuses on kättesaadavuse piirid, töövälisel ajal helistamine ning kokkulepped, mis säilitavad paindlikkuse ja samas väldivad läbipõlemist.",coherent,high
91,15,91_looduskaitse_riigikaitse_loodus_keskkonnakaitse,"['looduskaitse', 'riigikaitse', 'loodus', 'keskkonnakaitse', 'looduskeskkond', 'maastik', 'kaitsta', 'loodust', 'looduskaitsest', 'vastase', 'timo', 'looduse', 'looduskaitse riigikaitse', 'palju reegleid', 'kaitseme']",Märgalade ja maastike kaitsev roll,"Arutati, kuidas sood, metsad ja muud loodusmaastikud seostuvad riigikaitsega, eriti vastase liikumise takistamise, varjumise ja tsiviilkaitse seisukohast. Samal ajal rõhutati looduskaitse, elurikkuse ja maastike taastamise tähtsust kui osa Eesti kaitsevõimest.",coherent,high
92,15,92_ugri_soome ugri_soome_komi,"['ugri', 'soome ugri', 'soome', 'komi', 'pagulus', 'ameerikas', 'eestlased', 'keelt', 'õigeusk', 'marid', 'keel', 'rahvuse', 'eesti keelt', 'rene', 'los']",Soome-ugri pagulus ja keeleidentiteet,"Arutletakse soome-ugri rahvaste, eriti komide, maride ja ingerisoomlaste keele, usu ja kogukondliku identiteedi üle paguluse ning diasporaa kontekstis. Rõhk on sellel, kuidas Eestis ja Ameerikas säilitatakse või kaotatakse keel, kultuur ja rahvuskuuluvus.",coherent,high
93,15,93_people_know_estonian_estonia,"['people', 'know', 'estonian', 'estonia', 'language', 'think', 'don', 'maybe', 'home', 'person', 'yeah', 'say', 'nature', 'estonians', 'mean']",Eestisse kolijate kuuluvustunne ja kohanemine,"Arutatakse, kuidas välismaalased ja uussisserändajad Eestis kuuluvust loovad ning mis seda takistab või toetab. Fookuses on keeleoskus, töökohtade ja tööandjate roll, ühiskondlik suhtumine ning see, kas „eestlaseks” või „Eestis omaks” olemine sõltub pigem eneseidentiteedist või välisest tunnustusest.",coherent,high
94,15,94_omavalitsus_põlva_ametnik_kokkulepe,"['omavalitsus', 'põlva', 'ametnik', 'kokkulepe', 'paide', 'planeering', 'kaasamise', 'muinsuskaitse', 'kaasamine', 'menetlus', 'maasse', 'kohalikke', 'kohalikke omavalitsusi', 'mõis', 'tahtsin öelda']",planeeringute ja kaasamise venimine,"Arutatakse, miks kohalike omavalitsuste ruumiotsused ja planeeringud venivad ning kuidas kaasamine on muutunud liiga laiaks ja otsustusvõimet nõrgendavaks. Fookuses on KOV-i ja riigi rollid, selgemad küsimused, suuremate investeeringute menetlemine ning vajadus praktilise riigipoolse toe järele.",coherent,high
95,15,95_margus_seksuaalne_väärkohtlevad_veebis,"['margus', 'seksuaalne', 'väärkohtlevad', 'veebis', 'pedofiilia', 'raspel', 'pedofiil', 'marilyn', 'internetis', 'veem', 'margus raspel', 'seksuaalne väärkohtlemine', 'motiiv', 'väärkohtlemine', 'klassi lapsed']",Veebis lastega suhtlemise seksuaalriskid,"Arutletakse selle üle, kuidas veebikeskkonnad, mängud ja sotsiaalplatvormid võimaldavad täiskasvanutel lastega kontakti luua ning kuidas see võib viia seksuaalse väärkohtlemiseni. Fookuses on ka väärarusaamad pedofiilist, ohumärgid, ennetus ja laste õpetamine manipuleerimist märkama.",coherent,high
96,15,96_think_yes_thank_don,"['think', 'yes', 'thank', 'don', 'nuclear', 'want', 'health', 'estonia', 'say', 'course', 'happen', 'lot', 'cbr', 'situation', 'know']",CBRN-riskideks valmisoleku arutelu,"Arutatakse, kui hästi on Eesti valmis keemiliste, bioloogiliste, radioloogiliste ja tuumaohtude ning nende hübriid- ja tehnoloogiliste variatsioonideks. Korduvalt rõhutatakse koolituse, esimeste reageerijate teadlikkuse, selgete vastutusjoonte ja inimeste ning avalikkuse ettevalmistuse vajadust.",coherent,high
97,15,97_armeenia_humanitaarabi_arengukoostöö_ning,"['armeenia', 'humanitaarabi', 'arengukoostöö', 'ning', 'üro', 'doonorite', 'eero', 'arengurahastuse', 'kriise', 'silja', 'olga', 'euroopa liidu', 'global', 'kriise rohkem', 'arengukoostööle']",Armeenia ja humanitaarabi rahastuse kärped,"Arutelu keskmes on Armeenia kui arengukoostöö sihtriik ning see, kuidas vähenev rahastus mõjutab humanitaarabi, doonorkoordinatsiooni ja Euroopa Liidu panust. Korduvalt rõhutatakse, et kriise on rohkem kui raha ning et abi peaks olema vajaduspõhine, mitte dubleeriv või strateegiliste huvide järgi killustunud.",coherent,high
98,15,98_kõrghariduse_kõrgharidus_üliõpilased_elamiskulusid,"['kõrghariduse', 'kõrgharidus', 'üliõpilased', 'elamiskulusid', 'tudengite', 'üliõpilane', 'õppemaksuta', 'kõrgharidust', 'ülikoolid', 'eraraha', 'tasuta', 'stipendiumide', 'õppelaen', 'arvutuse teinud', 'elamiskulusid kinni']",Vajaduspõhine tudengitoetus ja elamiskulud,"Arutatakse, kuidas kõrgharidus oleks üliõpilastele reaalselt kättesaadav, eriti nendele, kes peavad teise linna õppima minema ja ise elamiskulusid kandma. Fookuses on vajaduspõhised toetused, õppelaen, stipendiumid ning see, et tudeng saaks õppimisele keskenduda ilma üleliigse töökoormuseta.",coherent,high
99,15,99_hingamise_teadveloleku_märkan_enesekaastunne,"['hingamise', 'teadveloleku', 'märkan', 'enesekaastunne', 'tunded', 'ann', 'kaastunne', 'aitäh sulle', 'teadvelolek', 'iseendaga', 'endaga', 'närvisüsteem', 'hingates', 'kontakti', 'teadaoleku']",Hingamisega rahunemine ja enesekaastunne,"Arutatakse teadveloleku hingamisharjutusi ja enesekaastunnet kui viise, kuidas kriisis või ärritavas olukorras end rahustada. Rõhk on oma tähelepanu märkamise, keha tajumise ja enda suhtes lahke hoiakuga jäämise praktilistel võtetel.",coherent,high
100,15,100_riina_ajateenistus_lavly_naised,"['riina', 'ajateenistus', 'lavly', 'naised', 'ajateenistusse', 'kohustuslik ajateenistus', 'erakondade', 'naistele', 'kohustuslik', 'niiles', 'eerik niiles', 'kaitseväe juhataja', 'kaitseväe', 'eerik', 'üleöö']",naiste ajateenistuse laiendamine riigikaitses,"Arutelu keskmes on, kas ja kuidas laiendada ajateenistust naistele ning siduda see laiapindse riigikaitse vajadustega. Rõhutatakse nii kaitseväe inimvarapuudust, avaliku toe kasvatamist kui ka kommunikatsiooni ja järkjärgulise rakendamise küsimusi.",coherent,high
101,15,101_treeneri_kehalise_trennis_liikuma,"['treeneri', 'kehalise', 'trennis', 'liikuma', 'aave', 'trenni', 'liikumise', 'aktiivsust', 'liikumise ajal', 'sekundid', 'liikumis', 'jalgpall', 'mälestus', 'pingutus', 'treeningutel']",Liikumisharjumuste kujundamine lastel,"Arutleti, kuidas lapsi ja noori liikuma aidata nii kodus, koolis kui trennis, rõhutades eeskuju, keskkonda ja positiivseid kogemusi. Korduvalt tuli välja, et üksik kampaania või sund ei tööta sama hästi kui järjepidev, mitmekesine ja lapse jaoks jõukohane liikumine.",coherent,high
102,15,102_hispaaniasse_reservväelane_reservväelase_reservväelased,"['hispaaniasse', 'reservväelane', 'reservväelase', 'reservväelased', 'pataljoni', 'kaitseväe', 'reservväelaseks', 'reservväelasena', 'õppustele', 'reservväelastega', 'parimal viisil', 'riigikaitse', 'parimal', 'ülilihtsalt', 'armani']",Hispaaniasse kolimise hirm reservväelaste seas,"Arutatakse, miks mõned inimesed ütlevad sõjaohu puhul, et koliksid Hispaaniasse, ning kuidas see seostub reservväelase identiteedi, kaitsetahte ja kodutundega. Rõhutatakse, et otsust mõjutavad hirm, usaldus riigi vastu, pereohutus ja tunne, kas Eestisse jäämine on ikka oma valik.",coherent,high
103,15,103_ruumipoliitika_üleriigiline planeering_planeering_üleriigiline,"['ruumipoliitika', 'üleriigiline planeering', 'planeering', 'üleriigiline', 'valglinnastumine', 'üleriigilise', 'pealinnastumine', 'tallinna', 'vallad', 'planeeringu', 'töökohad', 'valmisolu', 'ruumilise arengu', 'olema prognoositav', 'sektor olema']",üleriigiline planeering ja ruumipoliitika,"Arutelu keskendus Eesti üleriigilisele planeeringule kui tööriistale, millega suunata asustust, pidurdada valglinnastumist ja pealinnastumist ning tugevdada regionaalseid keskusi. Rõhutati planeerimise seost investeeringute, omavalitsuste koostöö ja pikaajalise ruumilise stabiilsusega.",coherent,high
104,14,104_ameerika_donald_trump_trumpi,"['ameerika', 'donald', 'trump', 'trumpi', 'donald trump', 'usa', 'administratsiooni', 'presidendi', 'ameeriklasi', 'valge maja', 'administratsioon', 'america', 'donald trumpi', 'ühendriikide', 'tuhande inimesega']",Trumpi mõju USA poliitika ja Ukraina suunal,"Arutletakse Donald Trumpi mõju üle USA sisepoliitikale ja välispoliitikale, eriti Ukraina, Euroopa ja NATO suhtes. Fookuses on tema otsustusstiil, meediakuvand, võimalike kohtumiste poliitiline tähendus ning USA rolli võimalik vähenemine Euroopas.",coherent,high
105,14,105_viirus_vaktsiin_vaktsiini_surnud,"['viirus', 'vaktsiin', 'vaktsiini', 'surnud', 'viirust', 'epideemia', 'linnugripp', 'viirusega', 'gripp', 'viiruse', 'nakatunud', 'linde', 'loomi', 'kilpkonnad', 'lind']",Linnugripi ja marutaudi vaktsineerimine,"Arutatakse loomade nakkushaiguste, eriti linnugripi ja marutaudi leviku tõrjet vaktsineerimise abil. Keskmes on ka vaktsiinide arendamine, metsloomade seire ning nakkusohu mõju põllumajandusele ja ekspordile.",coherent,high
106,14,106_ajateenistuse_ajateenistus_ajateenistuses_väljaõpe,"['ajateenistuse', 'ajateenistus', 'ajateenistuses', 'väljaõpe', 'ajateenistusse', 'teenistusse', 'ajateenistust', 'kolonel', 'tegevteenistusse', 'teenistuse', 'tegevväelaste', 'ajateenija', 'tulevased', 'kaitseväe', 'sõdurid']",Sooneutraalne ajateenistus ja reservi täitmine,"Arutatakse, kuidas ajateenistuse reformi, demograafilise languse ja julgeolekuolukorra tõttu tuleb tulevikus ajateenistusse kaasata ka naisi. Rõhutatakse, et reservi ja sõjaaja üksuste täitmiseks ei pruugi ainult meeste aastakäigud enam piisata.",coherent,high
107,14,107_ussike_täht_fookus_aju ütleb,"['ussike', 'täht', 'fookus', 'aju ütleb', 'ussikesed', 'fookus fookus', 'tähe', 'kastid', 'ussikene', 'ussikese', 'mäletate', 'ussikest', 'tähed', 'proovi', 'pahane']",Fookuse hoidmise liikumismängud,"Arutatakse, kuidas liikumise, rütmi ja kehaproovide abil toetada laste fookust, tasakaalu ja rahunemist. Samal ajal seotakse need tegevused kuulamise, tähelepanu ning keele- ja kõnearengu toetamisega.",coherent,high
108,14,108_kultuuriretsept_ülla_kultuuriretsepti_ülla karin,"['kultuuriretsept', 'ülla', 'kultuuriretsepti', 'ülla karin', 'mihkel', 'sekkumised', 'vaimse', 'vaimse tervise', 'kultuuriasutused', 'tervise', 'karin', 'mudelis', 'aitäh mihkel', 'retsepti', 'kogukonnas']",Kultuuriretsepti rakendamine vaimse tervise toetuseks,"Arutatakse kultuuriretsepti kui vaimse tervise ja heaolu toetavat sekkumist: kellele seda pakkuda, kes võiks suunata ning kuidas see sobituks Eesti tervise- ja kohaliku omavalitsuse süsteemi. Läbi käivad ka tõenduspõhisus, olemasolevate kultuuritegevuste kasutamine, link workers’i roll ja väikeste gruppide turvaline läbiviimine.",coherent,high
109,14,109_näpuga_energiakulu_ai_madis,"['näpuga', 'energiakulu', 'ai', 'madis', 'andmekeskusi', 'energiat', 'andmekeskused', 'energiat kokku', 'kasutame', 'näpuga näidata', 'ristil', 'päring', 'sunli', 'jalajälg', 'aspektid']",AI päringute energiakulu läbipaistvus,"Arutatakse tehisintellekti kasutamise, treenimise ja andmekeskuste energiakulu ning keskkonnamõju läbipaistvust. Fookuses on küsimus, kes peaks vastutama, kuidas kulusid mõõta ja kas AI kasutuse netomõju on ühiskonnale tegelikult positiivne.",coherent,high
110,14,110_küberturvalisuse_perearstikeskuse_perearstikeskused_perearstikeskus,"['küberturvalisuse', 'perearstikeskuse', 'perearstikeskused', 'perearstikeskus', 'rakendama', 'perearstid', 'andmekaitsega', 'perearstidele', 'teenusepakkuja', 'nõudeid', 'turvalisusest', 'riia', 'pakkujad', 'meetmeid', 'parooli']",Perearstikeskuste küberturvalisuse nõuded,"Arutelu keskendub sellele, kuidas küberturvalisuse ja andmekaitse nõuded peaksid kehtima perearstikeskustele. Räägitakse seadusloome, kesksete lahenduste, koolituse ja tehniliste meetmete koormusest väikestele tervishoiuasutustele.",coherent,high
111,14,111_diabeedi_diabeet_diabeeti_krooniliste,"['diabeedi', 'diabeet', 'diabeeti', 'krooniliste', 'mahla', 'angela', 'teist tüüpi', 'diagnoosi', 'tüüpi diabeet', 'veresuhkur', 'sensor', 'jalgade', 'krooniline haigus', 'tüüpi', 'vaimse']",Diabeedi vaimne koormus ja kriis,"Arutletakse diabeedi kui kroonilise haiguse mõjust vaimsele tervisele, eriti selle üle, kuidas diagnoos, igapäevane jälgimine ja tüsistuste hirm tekitavad ärevust, stressi ja väsimust. Rõhutatakse, et abi peaks käsitlema nii keha kui ka psüühikat koos ning oluline on toetav kontakt tervishoiutöötajaga.",coherent,high
112,14,112_autoriõiguse_keiti_kõhus_priit,"['autoriõiguse', 'keiti', 'kõhus', 'priit', 'autorite', 'müncheni', 'loovisik', 'teoste', 'teosed', 'teoseid', 'kasseti', 'esindamise', 'autoriõigus', 'autorikaitse', 'ühisharu']",Autoriõigused ja AI treeningu läbipaistvus,"Arutelu keskmes on see, kuidas tehisintellekti treeningus kasutatakse kaitstud loomingut ja kas autoritel on võimalik seda kasutust üldse tuvastada. Räägitakse autoriõiguse, läbipaistvuse, kompensatsiooni ning Euroopa ja Eesti võimalike regulatsioonide piiridest.",coherent,high
113,14,113_reklaam_reklaami_merike_reklaame,"['reklaam', 'reklaami', 'merike', 'reklaame', 'reklaamis', 'alvar', 'reklaamid', 'lehmad', 'red', 'õnnelik', 'kaebusi', 'reklaamiga', 'õnnelikud', 'järelevalve', 'aitäh merike']",Rohe- ja heaolu­väidete eksitavus reklaamis,"Arutelu keskendub sellele, millal reklaami keskkonna-, loomade heaolu ja sarnased väited muutuvad eksitavaks ning kuidas neid õiguslikult ja eetiliselt hinnata. Kõrvuti käsitletakse ka piiranguid, mis puudutavad alkovabu, seksuaalse alatooniga ja sotsiaalmeedias levivaid reklaame.",coherent,high
114,14,114_progressiivsus_sotsiaalmeedias_sisu_ideoloogiliselt,"['progressiivsus', 'sotsiaalmeedias', 'sisu', 'ideoloogiliselt', 'progressiivsus jaoks', 'sotsiaalmeedia', 'marginaliseeritud', 'meedia', 'pealtnägija', 'argumenteeritud', 'milline sisu', 'elu raskem', 'ideoloogiliselt laetud', 'aet kuusik', 'marginaliseeritud gruppe']",Sotsiaalmeedia poliitilise arutelu kvaliteet,"Arutletakse selle üle, kas sotsiaalmeedias saab olla sisukat ja argumenteeritud poliitilist debatti või pigem võimendavad platvormid polariseerumist, vihast väljapäästmist ja kajakambreid. Käsitletakse ka vastutust: kui palju lasub see kasutajatel, poliitikutel, ajakirjanikel ja platvormidel ning mida saaks parema arutelukultuuri nimel teha.",coherent,high
115,13,115_info_patsiendi autonoomia_tervishoiutöötaja_infot,"['info', 'patsiendi autonoomia', 'tervishoiutöötaja', 'infot', 'patsient', 'autonoomia', 'arstina', 'patsiendi', 'arst peamine', 'veronika', 'immuunsüsteem', 'stressiga', 'tervisekommunikatsiooni', 'arst', 'kasvaja']",Patsiendi info jagamine ja koostöö,"Arutletakse selle üle, kuidas terviseinfo peaks patsiendini jõudma nii, et see toetaks autonoomiat, mitte ei suurendaks ärevust. Fookuses on tervishoiutöötaja roll, patsiendi ja arsti dialoog, usaldusväärsed infoallikad ning tehisaru kasutamine tervisemurede korral.",coherent,high
116,13,116_markus_programmeerimine_ukse vahele_ott,"['markus', 'programmeerimine', 'ukse vahele', 'ott', 'avalikus sektoris', 'bolt', 'jala ukse', 'avalikus', 'hüved', 'piret', 'pipedrive', 'boltis', 'devops', 'nortalis', 'cv']",Programmeerijaks saamise oskused ja praktikaotsing,"Arutatakse, milliseid oskusi ja hoiakuid on programmeerimis- või IT-valdkonda sisenemiseks vaja ning kui suur roll on matemaatikal, loogikal, suhtlemisel ja õppimisvalmidusel. Samuti käsitletakse praktikale või tööle saamist, CV-filtreerimist, kandideerimisprotsessi ja seda, kuidas noor saaks AI-ajastul end tööjõuturul eristada.",coherent,high
117,13,117_kaugkütte_kaugküte_soojuspump_hind,"['kaugkütte', 'kaugküte', 'soojuspump', 'hind', 'piirkonnad', 'sooja', 'kaugküttega', 'rein', 'tarbijad', 'kaugküttepiirkonna', 'gaasi', 'tarbija', 'piirkondades', 'kraadi', 'püsitasu']",Kaugkütte hinna kujunemine ja püsitasu,"Arutatakse, kuidas kaugkütte hind kujuneb, eriti püsitasu ja muutuvkulu jaotuse kaudu, ning kuidas see mõjutab tarbijat ja investeeringuid. Samuti võrreldakse kaugkütet alternatiividega nagu soojuspumbad ja rõhutatakse, et lahendus peab jääma tarbija vaatest mõistlikuks.",coherent,high
118,13,118_visioon_visiooni_väärtused_maria,"['visioon', 'visiooni', 'väärtused', 'maria', 'lavly', 'riigisekretär', 'kasvama', 'väärtusi', 'väärtuste', 'tippjuhtide', 'visioonist', 'väärtustest', 'demokraatia', 'väärtuspõhine', 'tuleb kasvama']",Visiooni ja väärtuste vaidlus riigijuhtimises,"Arutletakse selle üle, kas riiki peaks juhtima eelkõige visiooni või väärtuste järgi ning kuidas need kaks omavahel suhestuvad. Läbi käib ka küsimus, kelle väärtustest üldse riigi tasandil rääkida, kui ühtseid kokkuleppeid on vähe ja poliitikas on sõnade ning tegude lõhe suur.",coherent,high
119,13,119_ikt_wise_tehnoloogiasektoris_naisi,"['ikt', 'wise', 'tehnoloogiasektoris', 'naisi', 'tüdrukutele', 'tüdrukud', 'naised', 'tüdrukute', 'squad', 'kood', 'tuuliki', 'tehnilisi rolle', 'sektoris', 'johanna', 'mitmekesised']",Naiste osakaalu suurendamine IKT-s,"Arutletakse, kuidas suurendada tüdrukute ja naiste osakaalu IKT- ja tehnoloogiasektoris, eriti tehnilistes rollides. Fookuses on varajane kokkupuude, kooli- ja ettevõtluskoostöö, praktilised programmid, eeskujud ning takistused nagu stereotüübid, enesekindlus, palgalõhe ja töökoha kultuur.",coherent,high
120,13,120_praegu hetkel_ai_praegusel hetkel_korstnasse,"['praegu hetkel', 'ai', 'praegusel hetkel', 'korstnasse', 'praegusel', 'mull', 'väärt lahendamist', 'teehüpe', 'blockchain', 'kalev', 'riigid ütlevad', 'lahendamist', 'üheksakümnendate', 'hirmuga', 'valitsuste']",AI odava kasutuselevõtu ja eksporti,"Arutelu keskmes on see, et tehisintellekti saab praegu kasutada väga odavalt ja riik peaks seda lühikeses ajaraamis ära kasutama. Rõhutatakse Eesti digitaalse küpsuse eeliseid, mikro- ja väikeettevõtete võimestamist ning seda, et tegelik väärtus tuleb pigem ekspordist kui sisemisest AI-müügist.",coherent,high
121,13,121_ukraina_kolisin_eestlane_tulin eestisse,"['ukraina', 'kolisin', 'eestlane', 'tulin eestisse', 'keelt', 'irina', 'kogukond', 'sõbrad', 'araabia', 'türgis', 'eestisse', 'kolisin eestisse', 'keeleõpet', 'kodumaa', 'eestlased']",Eestisse kolinud pagulaste kuuluvus ja kohanemine,"Arutletakse Eestisse kolinud pagulaste ja rändetaustaga inimeste identiteedi, kuuluvustunde ning kohanemise üle. Keskmes on see, kuidas säilitada oma päritolu ja kogukond, õppides samal ajal keelt, leidma uusi rolle ja tundma Eestit koduna.",coherent,high
122,13,122_kaidi_tujuga_tööga_hea tujuga,"['kaidi', 'tujuga', 'tööga', 'hea tujuga', 'kõige tööga', 'kindlal kellaajal', 'tujuga tööle', 'ülesandeid', 'tööle', 'rahulolevamaks', 'kategooria', 'tööõnne', 'üheksani', 'ettevõttes', 'ettevõtte sees']",Tööülesannete paindlik jaotamine,"Arutletakse selle üle, kuidas töö ülesandeid ja rolle paindlikumalt kujundada, et inimestel oleks rohkem rahuldust pakkuvat ja vähem vastumeelset tööd. Fookuses on ka see, kuidas juhid ja töötajad saavad töödisaini, autonoomia ja kokkulepete abil töörõõmu kasvatada.",coherent,high
123,13,123_startup_ink_luksemburgi_fondi,"['startup', 'ink', 'luksemburgi', 'fondi', 'scale', 'start', 'startupid', 'delaware', 'luksemburgis', 'eu', 'hedi', 'eu ink', 'seadusandlus', 'hiiu', 'süvatehnoloogia']",Startupide registreerimise ja fondi-õiguse lihtsustamine,"Arutatakse, kuidas teha startupi ja fondi asutamine ning piiriülene tegutsemine Euroopas, eriti Eestis, lihtsamaks ja ühtlasemaks. Fookuses on EU Inc, Scale-up fond, e-residentsus, fondilitsentsid, maksud, pangakontod ja bürokraatia, mis takistab ettevõtete ja kapitali liikumist.",coherent,high
124,13,124_von_der_von der_ursula,"['von', 'der', 'von der', 'ursula', 'ursula von', 'euroopa', 'laieni', 'euroopa liit', 'laien', 'der laieni', 'euroopa liidu', 'eelarve', 'der laien', 'liit', 'jaak']",Von der Leyeni EL-i eelarve ja maksud,"Arutelu keskmes on Ursula von der Leyeni järgmise seitsmeaastase EL-i eelarve ettepanek: rohkem raha kaitsele, tööstusele ja konkurentsivõimele, samal ajal vähendades osa traditsioonilisi kuluread. Suur vaidlus käib selle üle, kas uued Euroopa maksud, kulude ümberjaotus ja liikmesriikide huvide tasakaalustamine on Eesti ning EL-i jaoks realistlik ja soovitav.",coherent,high
125,13,125_tubli_merilin_rühmas_poiste värk,"['tubli', 'merilin', 'rühmas', 'poiste värk', 'tubli laps', 'laps', 'lapse', 'täiskasvanu', 'kätlin', 'täiskasvanud', 'poiste', 'lastele', 'lapsed', 'märkama', 'mari']",Tubli lapse surve ja märkamine,"Arutatakse, kuidas laste märkamist mõjutavad täiskasvanute ootused, rollisurve ja infoküllus, eriti kui lapsi nimetatakse liiga sageli “tubliks” või tõlgendatakse neid soostereotüüpide kaudu. Fookuses on ka see, kuidas teadlikult loodud keskkond, usaldus vanemate ja õpetajate vahel ning lapse päriselt kuulamine aitavad näha käitumise taga olevaid vajadusi.",coherent,high
126,13,126_filmi_film_filme_filmitegija,"['filmi', 'film', 'filme', 'filmitegija', 'kirke', 'kaamera', 'lugu', 'filmi tegemine', 'loo', 'filmist', 'rõõmsaid filme', 'külje pealt', 'rõõmsaid', 'filmikooli', 'liina']",noorte filmiarutelud ja tagasiside,"Arutletakse selle üle, kuidas noored kasutavad filmi isiklike ja raskete teemade käsitlemiseks ning mida selline looming neile ja vaatajatele annab. Suur rõhk on turvalisel tagasisidel, juhendaja rollil ja sellel, kuidas film aitab mõtteid läbi töötada, ilma et see oleks otsene eneseteraapia.",coherent,high
127,13,127_börs_hind_hinda_börsi,"['börs', 'hind', 'hinda', 'börsi', 'hinna', 'gaasi', 'elektri', 'börsihind', 'täiskulu', 'börsil', 'päev ette', 'konkurentsiamet', 'hinnavahe', 'megavatt', 'turul']",Elektribörsi hinnakujunduse jaotumine,"Arutletakse, kuidas elektribörsi marginaalhinnastus, pudelikaelad ja hinnapiirkonnad kujundavad elektri lõpphinda ning miks see tekitab kriitikat. Samuti selgitatakse, miks börs ei ole kogu elektrituru ainus osa ning kuidas pikaajalised lepingud ja erinevad turud hinnariski hajutavad.",coherent,high
128,13,128_annetama_annetada_annetamine_sille,"['annetama', 'annetada', 'annetamine', 'sille', 'annetuse', 'inglite', 'annetan', 'karl', 'nihuke', 'heategevusse', 'annetavad', 'inglite aeg', 'annetajaid', 'inimesi annetama', 'anneta']",Annetuste mõju ja annetamise normaliseerimine,"Arutatakse, miks inimesed annetavad, kuidas rõhutada annetuse mõju ning kuidas muuta annetamine igapäevaseks ja normaalseks harjumuseks. Jutuks on nii raha, aja kui ka esemete annetamine, samuti läbipaistvus, usaldus ja positiivsete eeskujude roll.",coherent,high
129,13,129_lastekaitsetöötaja_lastekaitse_lapse_ege,"['lastekaitsetöötaja', 'lastekaitse', 'lapse', 'ege', 'lastekaitsetöötajad', 'lastekaitsetöö', 'lastekaitse töötaja', 'võrgustiku', 'teatamata', 'lastekaitses', 'ette teatamata', 'pere', 'lapse jaoks', 'vanemaga', 'võrgustiku töö']",lapsega esmakontakti loomine lastekaitses,"Arutelu keskendub sellele, kuidas lastekaitsetöötaja loob lapse või perega esmase turvalise kontakti, maandab hirme ning selgitab abivajadust. Rõhk on usaldusel, delikaatsel suhtlusel, pere ja lapse hirmudel ning sellele, kuidas kontakti kaudu jõuda edasiste sammudeni.",coherent,high
130,13,130_üro_rahvasteliidu_julgeolekunõukogu_kolonialismi,"['üro', 'rahvasteliidu', 'julgeolekunõukogu', 'kolonialismi', 'marianne', 'carne', 'stubb', 'jõerüüt', 'rahvasteliidu teed', 'eero', 'maailmakord', 'ühinenud', 'carney', 'peaassamblee', 'riigid']",ÜRO reform ja väikeriikide hääl,"Arutelu keskmes on ÜRO kui ebatäiusliku, kuid asendamatu maailmakorra institutsiooni tulevik, eriti selle reformivajadus ja Julgeolekunõukogu piirangud. Korduvalt käsitletakse ka väikeriikide, sh Eesti võimalust oma häält ÜRO-s, koalitsioonide kaudu ja globaalse lõuna kaasamisel tugevamaks teha.",coherent,high
131,12,131_uksest_haigla uksest_nõukogu_haigekassa,"['uksest', 'haigla uksest', 'nõukogu', 'haigekassa', 'haigla', 'terveks', 'omaosaluse', 'rahastamise', 'haigused', 'haiglate', 'patsienti', 'patsiendi', 'kolmkümmend protsenti', 'tervishoiusüsteemi', 'konkurents']",Haigekassa rahastusmudeli ümbermõtestamine,"Arutelu keskmes on, kuidas muuta haigekassa ja tervishoiu rahastamist nii, et vähem sõltutaks tükipõhisest arveldamisest ning rohkem tulemustest, efektiivsusest ja tehnoloogiast. Korduvalt käsitletakse ka omaosaluse suurendamist, solidaarsuse piire ja seda, kuidas vähendada tarbetuid visiite, analüüse ning haiglaadministreerimist.",coherent,high
132,12,132_toota_leedu_megavatti_tarbimine,"['toota', 'leedu', 'megavatti', 'tarbimine', 'impordime', 'flat', 'number', 'tarbimist', 'soome', 'kolmkümmend kaheksa', 'põlevkiviõli', 'korrelatsioon', 'andrus', 'elektrit', 'vähemalt kaheksakümmend']",Eesti elektritarbimise ja tootmise sihid,"Arutatakse, kui suureks peaks Eesti elektritarbimine ja -tootmine järgmise kümnendi jooksul kasvama ning kuidas katta võimalik defitsiit. Fookuses on import, varustuskindlus, taastuvenergia, põlevkivi, tuul, päike ja juhitavate võimsuste lisamine.",coherent,high
133,12,133_rändest_rände_rändepoliitika_rändepööre,"['rändest', 'rände', 'rändepoliitika', 'rändepööre', 'ringo', 'rände puhul', 'identiteedikriis', 'ränne', 'killu', 'rändega', 'sisserände', 'rändest räägime', 'sisserännet', 'eesti rändepoliitika', 'india']",Rände integreerimise ja keelepoliitika riskid,"Arutletakse selle üle, kuidas Eesti rändepoliitikas tasakaalustada tööjõu ja õppurite vajadust, ühiskonna vastuvõtuvõimet ning julgeolekuriske. Suur rõhk on keeleõppel, lõimumisel, kogukondade eraldatusel ja varasemate integratsioonivigade vältimisel.",coherent,high
134,12,134_laura_stsenaarium_stsenaariumi_stsenaariumid,"['laura', 'stsenaarium', 'stsenaariumi', 'stsenaariumid', 'kõige tõenäolisem', 'tõenäolisem', 'autonoomia', 'klassiruum', 'tuleviku', 'õpetajate toas', 'õppekorraldus', 'koos rajal', 'kõrge autonoomia', 'rajal', 'stsenaariumis']",Õpetaja Laura tulevikuõpetuse stsenaariumid,"Arutatakse õpetaja Laura päevast ja rollist 2035. aasta koolis nelja haridusstsenaariumi lõikes. Fookuses on koolide autonoomia, riigi roll, tehnoloogia mõju ning õpetaja töö heaolu ja loovus.",coherent,high
135,12,135_õpilasesindus_kaasamine_kaasata_õpilasesinduse,"['õpilasesindus', 'kaasamine', 'kaasata', 'õpilasesinduse', 'ruslan', 'irene', 'harjumus', 'natalja', 'aktiivne', 'huvijuht', 'anastasia', 'karl', 'koole', 'kooli', 'huvijuhi']",Õpilasesinduse sisuline kaasamine,"Arutelu keskendub sellele, kuidas õpilasesindust ja noori koolis päriselt kaasata, mitte ainult formaalselt. Rõhk on eakohasel, sisulisel ja usaldusel põhineval kaasamisel, kus noorte arvamus mõjutab otsuseid ning mentori ja kooli juhtkonna roll on seda toetada.",coherent,high
136,12,136_maale_tsentraliseerida_rain_teenuseid,"['maale', 'tsentraliseerida', 'rain', 'teenuseid', 'väljaspool tallinnat', 'rapla', 'sigrid', 'väljaspool', 'regionaalarengu', 'kergliiklustee', 'toimepiirkonnad', 'toimepiirkond', 'elada', 'tallinnasse', 'linna']",Maapiirkondade teenuste ja ühenduste koosplaneerimine,"Arutatakse, kuidas tagada elu väljaspool Tallinna nii, et teenused, koolid, transport ja elukohad oleksid kättesaadavad ning piirkonnad ei tühjeneks. Korduvalt rõhutatakse, et lahendused peavad olema omavalitsuste ja riigiülesed ning arvestama kohaliku kogukonna ja tõmbekeskuste eripäraga.",coherent,high
137,11,137_arst_arsti_tehisintellekt_tehisintellekti,"['arst', 'arsti', 'tehisintellekt', 'tehisintellekti', 'patsiendi', 'meditsiinist', 'ravi', 'raviotsuse', 'patsient', 'ütleme üldiselt', 'paeluvad', 'nikita', 'chat', 'räägime tehisintellekti', 'ain']",AI roll arstide suhtluses ja vähiravis,"Arutati, kuidas tehisintellekt saab vähiravis ja laiemalt meditsiinis aidata arstide rutiinset tööd, diagnoosimist ja patsiendiinfo selgitamist. Korduvalt rõhutati, et AI peab jääma otsustustööriistaks, sest vastutus, usaldus ja inimlik suhtlus peavad säilima arsti käes.",coherent,high
138,11,138_kriis_kriisi_vajan_jaoks kriis,"['kriis', 'kriisi', 'vajan', 'jaoks kriis', 'kriisis', 'aktiveerib', 'kriisist', 'kriisid', 'juhtimise', 'kriis vaid', 'otsus vastu', 'juht', 'aaro', 'viimane kriis', 'tunnetuse küsimus']",Kriisi olukorras otsustamine ja juhtimine,"Arutelus käsitletakse, kuidas kriis tekib sageli siis, kui töö muutub kontrollimatuks, otsused tuleb teha kiiresti või infot napib. Rõhk on juhtimise jätkumisel surve all, usalduse hoidmisel, töötajate kaasamisel ning abi ja selgete protsesside kasutamisel kriisi ennetamiseks ja lahendamiseks.",coherent,high
139,11,139_tehisharu_tehisäru_õppimist_õppimine,"['tehisharu', 'tehisäru', 'õppimist', 'õppimine', 'tehisharuga', 'õpilaste', 'hinne', 'õpetaja', 'hinde panemine', 'kahjustab', 'õpetajad', 'kolmanda kooliastme', 'õppimise', 'kaua kaua', 'õpetajaid']",Tehisaru mõju õppimisele ja hindamisele,"Arutletakse, kuidas tehisaru muudab õppimist, kodutöid ja hindamist ning miks see ei peaks asendama päris mõtlemist. Rõhutatakse õpetaja rolli, sisulist tagasisidet ja õppimist toetavaid koolikorralduse muutusi.",coherent,high
140,11,140_haljastust_üldplaneering_tallinnas_haljastatud,"['haljastust', 'üldplaneering', 'tallinnas', 'haljastatud', 'viieteist minuti', 'planeeringu', 'linna', 'avalikul maal', 'madle', 'detailplaneeringu', 'maastikuarhitekte', 'teemaplaneering', 'parkimiskohad', 'haljastusega', 'hind number']",üldplaneeringus haljastuse ja rohekoridoride säilitamine,"Arutatakse, kuidas üldplaneeringu ja teemaplaneeringu tasandil määrata rohekoridorid ning säilitada olemasolev haljastus enne, kui detailplaneeringud ja ehitusprojektid asja muutma hakkavad. Rõhutatakse, et kui see on varakult paika pandud, püsib kvaliteetsem elukeskkond ja menetlused ei veni asjatult pikaks.",coherent,high
141,11,141_brenda_taltech_karmen_elektroenergeetika,"['brenda', 'taltech', 'karmen', 'elektroenergeetika', 'energeetika', 'vladislav', 'matemaatika', 'eerik', 'taltechi', 'läksin', 'eleringi', 'kiur', 'taltechis', 'mehhatroonika', 'kõrged punktid']",TalTechi energeetikaõpingud ja tööalane suund,"Arutatakse, kuidas noored jõudsid TalTechi energeetikasse, milline oli nende õpitee ja kuidas õpingud seostusid hilisema tööga. Korduvalt käsitletakse elektroenergeetika, võrguplaneerimise, tuule-, vesiniku- ja tuumaenergeetika suundi ning seda, miks eriala valiti.",coherent,high
142,11,142_kaie_ille_miina_väikeettevõtja,"['kaie', 'ille', 'miina', 'väikeettevõtja', 'väikeettevõtjad', 'evea', 'ettevõtjaks', 'väikeettevõtted', 'kohalikku', 'pruuli', 'saaremaalt', 'ettevõtlust', 'ettevõtluse', 'saaremaal', 'grete']","Väikeettevõtjate maksud, hanked ja eksport","Arutletakse väikeettevõtjate rolli üle Eesti majanduses ning selle üle, kuidas maksud, hanked, bürokraatia ja rahastus mõjutavad nende toimetulekut. Eraldi teemadena käivad läbi kohaliku tarbimise ja ekspordi tähtsus ning kriitika Hiina e-kaubanduse kasvule.",coherent,high
143,11,143_track_teenuse_piiratud_health founders,"['track', 'teenuse', 'piiratud', 'health founders', 'turule', 'founders', 'tehnoloogia', 'ideevormi', 'rahastajana', 'finantseerimisega', 'health', 'innovatsiooni', 'tervisekassa', 'investor', 'ravimi']",Terviseidu turuletoomise rahastus ja regulatsioon,"Arutati, kuidas tervisevaldkonna iduettevõtted saaksid liikuda teadus- ja arendusfaasist päris turule, eriti teenuste ja digilahenduste puhul. Fookuses olid rahastuse, regulatsiooni, Tervisekassa rolli, testkeskkonna ning ekspordivõimaluste seosed.",coherent,high
144,11,144_staatus_maie_eluviisi_minimalism,"['staatus', 'maie', 'eluviisi', 'minimalism', 'eluviis', 'staatuse', 'tarbimisest', 'eluviisist', 'uue uue', 'peeter', 'esineja', 'jalajälg', 'ökoloogiline', 'minimalismi', 'permakultuur']",Minimalistlik ökoeluviis ja piisavus,"Arutelu keskendub sellele, kas loodussäästlik eluviis ja minimalism on pigem jõukuse, teadlikkuse või ühiskondliku surve tulemus. Osalejad võrdlevad vabatahtlikku lihtsust, finantsvabadust, tarbimise vähendamist ja staatuse muutumist ökoloogilise eluviisi kontekstis.",coherent,high
145,10,145_reemo_õpetaja_õpilased_õpetajad,"['reemo', 'õpetaja', 'õpilased', 'õpetajad', 'juuniori', 'tehisintel', 'õppeaasta', 'ainekava', 'olnud vaja', 'üheksanda klassi', 'lõuna korea', 'tehisharu', 'noormees', 'õpiprotsess', 'üheksanda']",Õpetajate ja õpilaste AI-kohandumine,"Arutelu keskmes on see, kuidas tehisintellekt muudab kooliõpet, õpetajate töökorraldust ja õpilaste õppimist. Rõhutatakse nii AI kasutamist õpiabina kui ka muret, et see võib suurendada õppimise imiteerimist ja õpetajate stressi.",coherent,high
146,10,146_raskeid asju_inseneri_inseneeria_raskeid,"['raskeid asju', 'inseneri', 'inseneeria', 'raskeid', 'lego', 'inseneeria valdkondade', 'legod', 'ülikooli edasi', 'kutsekooli', 'gümnaasiumisse', 'kutsekoolide', 'insene', 'ütles tead', 'teist aastane', 'viimastel meetritel']",Inseneeriaõppe ja tehnikahariduse järelkasv,"Arutelu keskmes on inseneride ja tehniliste oskuste nappus ning kuidas seda leevendada varasema tehnoloogiahuvi, kutsehariduse ja inseneriõppe populariseerimisega. Rõhutatakse, et rasked tehnilised erialad vajavad paremat teavitust, õpetajate tuge ja tugevamat sidet tööturu vajadustega.",coherent,high
147,10,147_getter_noortekogu_noortekogud_noorte,"['getter', 'noortekogu', 'noortekogud', 'noorte', 'aivar', 'poliitikasse', 'meeri', 'noortekogude', 'dmitri', 'martin', 'kov valimistel', 'noorte probleemid', 'valimisaktiivsus', 'poliitikas', 'minna poliitikasse']",Noorte osalus erakondade noortekogudes,"Arutletakse selle üle, miks noored liituvad erakondade noortekogudega ja kuidas need kogud annavad noortele võimaluse poliitikas kaasa rääkida. Samuti käsitletakse noorte hääle kuuldavaks tegemist valimistel ning noorte rolli erakondade otsustes.",coherent,high
148,10,148_tapame_infosõja_suust välja_tapame maha,"['tapame', 'infosõja', 'suust välja', 'tapame maha', 'botid', 'sõnavabadus', 'lõhestada', 'demokraatiat', 'facebooki', 'anniki', 'propaganda', 'masin loll', 'seadustesse pannud', 'kuninga narri', 'riigiasutused peavad']",Infosõja vastulöök ja väärinfo tõrjumine,"Arutletakse, kuidas väärinfo, botid ja vaenulik propaganda sotsiaalmeedias ning avalikus ruumis ühiskonda lõhestavad. Fookuses on modereerimine, kriitiline mõtlemine, sõnavabaduse piirid ja riigi ning kodanike roll kahjuliku info tõrjumisel.",coherent,high
149,10,149_tehisintellekti poolt_tehisintellekti_teaduses_teadust,"['tehisintellekti poolt', 'tehisintellekti', 'teaduses', 'teadust', 'teevad teadust', 'publikatsioonide arv', 'publikatsioonide', 'tehisintellekt', 'teadustöö', 'artikleid', 'akadeemi', 'tohutult', 'artiklit', 'teadlane', 'elektroonika']",tehisintellekti kirjutatud teadusartiklite usaldus ja hindamine,"Arutatakse, kuidas tehisintellektiga kirjutatud või abistatud teadusartiklid ja viited mõjutavad teaduse usaldusväärsust, retsenseerimist ning lõputööde ja artiklite hindamist. Korduvalt rõhutatakse, et fookus peab nihkuma protsessi, kvaliteedi ja kriitilise kontrolli peale, mitte ainult autorluse või mahu peale.",coherent,high
150,10,150_naine_peaminister_mehi_naised,"['naine', 'peaminister', 'mehi', 'naised', 'mees', 'harris', 'naisi', 'mehe', 'naiste', 'kaja', 'naiste käest', 'kuule lastega', 'juhtidena', 'lastel läheb', 'võtame kinni']",Naiste juhtide ja isade rolliootused,"Arutletakse selle üle, miks naistele ja meestele esitatakse töö- ja pereelus erinevaid ootusi, eriti juhtimisrollides ja lapsevanemana. Käsitletakse ka stereotüüpe, soolist kallutatust ning seda, kuidas kodune töö- jaotus ning eeskujud mõjutavad naiste ja meeste võimalusi.",coherent,high
151,10,151_konkurents_konkurentsi_tervishoius_konkurentsist,"['konkurents', 'konkurentsi', 'tervishoius', 'konkurentsist', 'tanel', 'tervishoiu', 'konsolideerumine', 'saamata jäänud', 'süsteemi', 'raul', 'rein', 'teenuse', 'haigekassa', 'kindlustusselts', 'konkurents olnud']",Tervishoiu konkurentsi tasakaal,"Arutelu keskendus sellele, kas ja kuidas konkurents tervishoius toimib ilma, et see õõnestaks solidaarsust ja patsiendikesksust. Räägiti patsiendi valikuvabadusest, tööandjate ja asutuste konkurentsist, rahastusest ning sellest, millal suuremad struktuurid või ühishanked aitavad ja millal moonutavad süsteemi.",coherent,high
152,10,152_heitkogustega_heitkogustega kauplemise_kauplemise_kauplemise süsteem,"['heitkogustega', 'heitkogustega kauplemise', 'kauplemise', 'kauplemise süsteem', 'tühistada', 'süsteem', 'arvi', 'ühiku', 'ühikute', 'ühiku hind', 'komisjon välja', 'laura', 'hind', 'margo', 'ettevõtetele']",CO2 kvoodikaubanduse reform ja ETS2,"Arutelu keskmes on Euroopa Liidu heitkogustega kauplemise süsteem, selle toimimispõhimõte ja kavandatavad reformid. Eraldi vaieldakse ka uue transpordi- ja hoonesektori süsteemi ehk ETS2 üle ning selle mõjust investeeringutele, tarbijatele ja Eesti seisukohale.",coherent,high
153,10,153_ravimeeskond_vähipatsiendi_infoallikas_diagnoosi,"['ravimeeskond', 'vähipatsiendi', 'infoallikas', 'diagnoosi', 'arst', 'info', 'peamine infoallikas', 'kollane', 'arsti', 'infot', 'punast', 'rohelise', 'patsient', 'teekonna', 'väide']",Vähipatsiendi infoedastuse vastutus,"Arutletakse selle üle, kuidas vähipatsiendile diagnoosi ja ravi kohta infot paremini anda ning kes selle eest vastutab. Fookuses on info killustatus, šokk diagnoosi saamisel, lähedase ja ravimeeskonna roll ning vajadus koordinaatori või teejuhi järele.",coherent,high
154,10,154_internet_riigikohus_seadusandja_platvorm,"['internet', 'riigikohus', 'seadusandja', 'platvorm', 'avalik koht', 'internetis', 'avalik', 'internet vajab', 'juriidiline norm', 'korrakaitsja', 'jagasin', 'politsei', 'sõnavabadus', 'ning', 'tapan']",Interneti solvangute ja ähvarduste ohjeldamine,"Arutatakse, kuidas internetis levinud solvangute, ähvarduste ja valeinfo vastu paremini reageerida. Fookus on sõnavabaduse piiridel, Riigikohtu otsusel ning küsimusel, kas ja kuidas seadusandja või platvormid peaksid sekkuma.",coherent,high
155,10,155_agendi_agent_tarkvara_sandra,"['agendi', 'agent', 'tarkvara', 'sandra', 'tesla', 'vastutuskindlustus', 'deterministlik', 'läheb vangi', 'agente', 'pangas', 'vangi', 'üheksa üheksa', 'sammhaaval', 'juhiluba', 'volitusel']",AI-agentide vastutus ja kontroll,"Arutelu keskmes on küsimus, kes vastutab AI-agentide tegude eest, kui need tegutsevad inimese nimel, kuid käituvad ettearvamatult või teevad lisatoiminguid. Samuti käsitletakse, kuidas selliseid agente turvaliselt piirata, auditeerida ja kasutada ilma vastutust üksikisikule üle koormamata.",coherent,high
156,10,156_meretuulepargid_maismaa_megavatt_meretuuleparke,"['meretuulepargid', 'maismaa', 'megavatt', 'meretuuleparke', 'tuum', 'põlevkivi', 'tuumajaam', 'autonoomse energiavarustuse', 'energiavarustuse', 'tuulepargid', 'auvere', 'planeeringute', 'paneme ainult', 'stsenaarium', 'meretuul']",Meretuuleparkide arendamise kindlustamine,"Arutletakse peamiselt Eesti meretuuleparkide kavandamise, rahastamise ja poliitilise kindluse üle. Fookuses on ka see, kuidas meretuul sobitub talvise varustuskindluse ja laiema energiaportfelliga.",coherent,high
157,10,157_start_janek_uku_asutajate,"['start', 'janek', 'uku', 'asutajate', 'asutajad', 'enel', 'founder', 'skype', 'riigihanked', 'asutajaid', 'startup', 'founder id', 'janek sina', 'start idest', 'inspiratsiooni']",Startup-ökosüsteemi kogukond ja eeskujud,"Arutletakse Eesti startup-sektori kogukondlikkuse, asutajate omavahelise toe ja noorte ettevõtlikkuse nähtavuse üle. Rõhk on sellel, kuidas eeskujud, ruumi-laadsed algatused ja ühiskondlik suhtumine aitavad uut põlvkonda ettevõtlusse tuua.",coherent,high
158,9,158_salaturg_maffi_maitsega_nikotiini,"['salaturg', 'maffi', 'maitsega', 'nikotiini', 'salaturu', 'sigaretid', 'sigarette', 'illegaalsel turul', 'illegaalsel', 'sigarettide', 'brit', 'tõmbasid', 'milligrammi', 'maitset', 'poest']",e-sigarettide salaturg noorte seas,"Arutelu keskmes on e-sigarettide ja nikotiinitoodete must turg, eriti see, kuidas need jõuavad alaealisteni koolide, tuttavate ja tänavamüügi kaudu. Rõhutatakse maitsete, hinna ja kontrollimatu koostise rolli ning vaieldakse, kas piirangud või targem reguleerimine vähendaks probleemi paremini.",coherent,high
159,9,159_vabatahtlikud_vabatahtlik_vabatahtliku_vabatahtlikke,"['vabatahtlikud', 'vabatahtlik', 'vabatahtliku', 'vabatahtlikke', 'vabatahtlikuks', 'vabatahtliku tegevuse', 'vabatahtlikus', 'vabatahtlikus tegevuses', 'vabatahtlike', 'vabatahtlik tegevus', 'raamatukogu', 'osman', 'varjevõrkude', 'vabatahtlikkus', 'tegevuse']",Vabatahtlike hoidmine ja kaasamise barjäärid,"Arutletakse, kuidas vabatahtlikkusest saaks Eesti eri taustaga inimeste jaoks paremini ligipääsetav ja püsiv tegevus. Fookuses on vabatahtlike hoidmine, koordinaatorite roll, väljaõpe, motivatsiooni toetamine ning keele- ja kultuuribarjääride vähendamine.",coherent,high
160,9,160_juhitavaid_võimsuseid_tuumajaam_georg,"['juhitavaid', 'võimsuseid', 'tuumajaam', 'georg', 'juhitavaid võimsuseid', 'texase', 'inertsi', 'juhitavat', 'juhitavat võimsust', 'rute', 'georg rute', 'juhitavate', 'võimsused', 'jaamad', 'megavatti']",Juhitavate elektrivõimsuste vajadus Eestis,"Arutelu keskmes on Eesti elektrisüsteemi varustuskindlus ja see, kui palju juhitavaid võimsusi on vaja, et katta talvised tipud ning tuule- ja päikesevaesed perioodid. Räägitakse põlevkivijaamade ajutisest rollist, gaasi- ja salvestuslahendustest, sagedusreservidest ning sellest, kuidas riigi sihid ja hanked uusi võimsusi suunavad.",coherent,high
161,9,161_saudi_äri_sanktsioonid_joonatan,"['saudi', 'äri', 'sanktsioonid', 'joonatan', 'hotelli', 'standard', 'mariin', 'venemaaga', 'araabiasse', 'tulusus', 'millised ohud', 'buumib', 'saudi araabiasse', 'välisministeeriumiga', 'mari liis']",Ekspordi eetika sanktsiooniriikides,"Arutleti Eesti ettevõtete ekspordi üle riikidesse, kus mängus on poliitilised riskid, sanktsioonid ja maineküsimused. Fookuses olid eelkõige Saudi Araabia, Iraan, Venemaa, Valgevene ja Ukraina ning see, kuidas riik saab ettevõtjaid hoiatada, kuid mitte otsuseid nende eest teha.",coherent,high
162,9,162_seto_seto seto_imetlen_poissi,"['seto', 'seto seto', 'imetlen', 'poissi', 'spordipoiss', 'teilt oodatakse', 'koos neil', 'kodundus', 'tüdrukud olid', 'mõnitasid', 'mõnitasid teda', 'visata hops', 'tugevus sõltub', 'näidendeid valida', 'näidendeid']",Seto kultuuri üleküllus koolis,"Arutletakse, kuidas Seto pärimust koolis õpetada nii, et see ei tekitaks noortes trotsi ega väsimust. Rõhutatakse õpetaja rolli, lõimimist ja tasakaalu vahel, et kultuur jääks huvitavaks ning loomulikuks.",coherent,high
163,9,163_läbipõlemine_läbipõlemise_märke_põleda,"['läbipõlemine', 'läbipõlemise', 'märke', 'põleda', 'läbipõlemist', 'tass', 'saavutus', 'läbi põleda', 'onlainis', 'mõõdukal', 'raamid raamid', 'ühenduses olemine', 'lumehelbeke', 'läbi põlemine', 'sellele kuule']",Läbipõlemise varajaste märkide märkamine,"Arutatakse, kuidas pidev kättesaadavus, töökirg ja ületöötamine võivad viia läbipõlemiseni ning miks selle ennetamiseks tuleb märgata esimesi hoiatusmärke. Rõhk on nii isiklikel signaalidel kui ka juhi või organisatsiooni rollil töötaja seisundi jälgimisel ja piiride hoidmisel.",coherent,high
164,9,164_kultuuri_kultuurist_emaduse_tiiu,"['kultuuri', 'kultuurist', 'emaduse', 'tiiu', 'kultuur', 'eesti kultuur', 'eestlaskond', 'kultuuriga', 'emadus', 'rita rände', 'rita', 'aavo', 'rände projekti', 'kujutatakse', 'kasvatusteaduse']",Emadus ja koolikultuur kultuuri kandjana,"Arutatakse, kuidas emaduse väärtustamine, perede muutumine ja kooli roll mõjutavad Eesti kultuuri püsivust. Fookuses on ka see, kuidas mitmekultuurses ja eestikeelseks muutuvas koolis säiliks eestlus, kultuuriline sügavus ja põlvkondlik edasiandmine.",coherent,high
165,9,165_ajalugu_ajaloo_pätsu_vabadussõja,"['ajalugu', 'ajaloo', 'pätsu', 'vabadussõja', 'eesti ajaloo', 'tammsaare', 'tõnissoni', 'vahtre', 'tammsaarest', 'ajaloolane', 'mälu', 'teine maailmasõda', 'vabariigi', 'ajal oo', 'tuhat üheksasada']",Pätsi ja Vabadussõja ajalooline kasutus,"Arutletakse selle üle, kuidas Eesti ajalugu, eriti Päts, Laidoner ja Vabadussõda, on kasutatud rahvusliku identiteedi, poliitilise järjepidevuse ja tänapäevaste võrdluste loomiseks. Põhiküsimus on, kas minevikku tõlgendatakse ausalt või valikuliselt, ning kuidas ajaloolised narratiivid mõjutavad avalikku arutelu ja mälu.",coherent,high
166,9,166_zuzu_fredi_munadega_poolteist korda,"['zuzu', 'fredi', 'munadega', 'poolteist korda', 'tööstus', 'andrus', 'aitäh freddie', 'puutepunkt', 'freddie', 'terrass', 'töösturid', 'eesti puidutööstus', 'puidu', 'metsast', 'puidutööstuse']",Puidu väärindamine raiemahtu vähendades,"Arutelu keskmes on Eesti puidutööstuse vajadus liikuda lihtsast mahu kasvatamisest kõrgema lisandväärtuse, parema väärindamise ja pikema kasutusea poole. Korduvalt seotakse see metsa säästlikuma kasutuse, poliitiliste otsuste, teadlikkuse ja tööstuse rolliga, et vähem raiudes rohkem väärtust luua.",coherent,high
167,9,167_metsade_tagavara_smi_lank,"['metsade', 'tagavara', 'smi', 'lank', 'raiuda', 'jätkusuutlik', 'pindala', 'männi', 'ühtlase', 'raie', 'ühtlase kasutuse', 'raiemaht', 'metsi', 'riigimetsa', 'arvestuslangi']",metsade tagavara langus ja arvestuslangi vaidlus,"Arutelu keskmes on Eesti metsade tagavara vähenemine, raiemahu piiramine ning küsimus, kuidas arvestuslanki ja raievanuseid tuleks määrata. Osalejad vaidlevad ka SMI andmete usaldusväärsuse, metsa vanusstruktuuri ja selle üle, kas praegune majandamine on üldse jätkusuutlik.",coherent,high
168,9,168_paindlikkus_paindlikkuse_paindlikkust_paindlikku,"['paindlikkus', 'paindlikkuse', 'paindlikkust', 'paindlikku', 'kokkulepped', 'paindliku tööaja', 'paindliku', 'teise õigused', 'kolmkümmend tundi', 'kümneni', 'tööaja', 'leppida', 'töötada', 'kaubanduses', 'krista']",Paindlik tööaeg ja kokkulepitud piirid,"Arutletakse selle üle, mida paindlikkus töösuhetes tähendab ning kuidas see tasakaalustub kontrolli, usalduse ja selgete piiridega. Korduvalt rõhutatakse, et paindlikkus ei tähenda piirideta vabadust, vaid vastastikuseid kokkuleppeid eri töövormides ja olukordades.",coherent,high
169,9,169_heleri_majanduskasv_heaolu_tasaareng,"['heleri', 'majanduskasv', 'heaolu', 'tasaareng', 'skp', 'tasaarengu', 'hinnata lisaks', 'tulevikukindlamad', 'edu tuleks', 'majanduskasvu', 'tuleks hinnata', 'pehmeid', 'väide', 'majandus', 'maksustada']",Majanduskasvu ja heaolu vaidlus,"Arutatakse, kas Eesti peaks jätkama kiiret majanduskasvu või liikuma tasaarengu suunas. Põhiteemad on heaolu mõõtmine, tööhõive, riigi tulud, maksud ja keskkonnamõju.",coherent,high
170,9,170_loometegevus_küberi_aasta kevadest_konverteerimine,"['loometegevus', 'küberi', 'aasta kevadest', 'konverteerimine', 'diletant', 'domeeni', 'kevadest', 'ai', 'power', 'nišš', 'tehisharu', 'mõjukalt', 'väikene nišš', 'võimestada ennast', 'ühisharuga']",AI abil teksti ja heli konverteerimine,"Arutletakse, kuidas tehisintellekt aitab tekstist heli teha, heli tekstiks ümber tõlkida ja koosolekute või pikkade dokumentide käsitlemist kiirendada. Selle kõrval mainitakse ka, et konverteerimine suurendab liikuvusvabadust ja muudab igapäevatöö tõhusamaks.",coherent,high
171,9,171_kasutavad_tehisintellekti_õpilased kasutavad_versioonis,"['kasutavad', 'tehisintellekti', 'õpilased kasutavad', 'versioonis', 'kalendrisse', 'õpetaja', 'google iga', 'tiigrihüpe', 'tehisintellekt', 'ülesanded', 'study mode', 'mode', 'tehisin', 'kakskümmend kakskümmend', 'suured muudatused']",Tehisintellekti kasutus kooliõppes,"Arutatakse, kuidas õpilased ja õpetajad juba kasutavad tehisintellekti ning miks selle kasutust tuleb koolis teadlikult suunata. Fookuses on õppimise asendamise vältimine, õpetajate koolitamine, koolireeglid ja AI kui õppevahend.",coherent,high
172,9,172_alusharidus_iga lapse_alushariduse_eesti tulevik,"['alusharidus', 'iga lapse', 'alushariduse', 'eesti tulevik', 'lapse tulevik', 'töötuba', 'tulevik eesti', 'alatähelepanu', 'alushariduse alale', 'harno', 'rajaleidja', 'lapse', 'tulevik', 'marju', 'lõikama']",Alushariduse vastutus ja kvaliteet,"Arutletakse selle üle, miks alusharidus peaks olema Eesti tuleviku keskne teema ning kuidas jaguneb vastutus riigi, omavalitsuste, õpetajate ja vanemate vahel. Fookuses on kvaliteet, rahastus, järelvalve ja eri osapoolte roll alushariduse väärtustamisel.",coherent,high
173,9,173_naisi_mehi_kvoot_mehed,"['naisi', 'mehi', 'kvoot', 'mehed', 'kvootide', 'kvoodid', 'sugu', 'naine', 'mees naine', 'muster', 'nõukogudes', 'kandidaati', 'naised', 'nõukogus', 'nõukogu tasemel']",Ettevõtete kvoodid ja sooline tasakaal,"Arutletakse, kas naiste ja meeste kvoodid juhtorganites on vajalikud või tekitavad probleeme. Fookuses on eriti börsiettevõtete nõukogud, kandidaadivalik, alateadlik kallutatus ja Eesti väike tööturgu piirav olukord.",coherent,high
174,9,174_reinsalu_michal_härra michal_eesti inimesed,"['reinsalu', 'michal', 'härra michal', 'eesti inimesed', 'urmas', 'kallas', 'inimesed targad', 'majanduse probleem', 'toiduainete käibemaksu', 'valitsemiskulusid', 'uhkust', 'toiduainete', 'härra', 'kulusid kokku', 'käibemaksu']",Maksutõusud ja majanduse toimetulek,"Arutatakse Eesti majanduse seisu kaudu maksude, eriti käibemaksu ja varamaksude mõju inimestele, keskklassile ja ettevõtlusele. Vastandatakse maksude alandamist, valitsemiskulude kärpimist ning investeeringute ja usalduse taastamist.",coherent,high
175,9,175_ratas_raili_matemaatika_sõidab sõidab,"['ratas', 'raili', 'matemaatika', 'sõidab sõidab', 'rattaga', 'suurepärane', 'matemaatikat', 'tagumine', 'sõidab', 'täpid', 'plekk', 'sõideti', 'vasakule', 'kümnendikku', 'puutujad']",Matemaatika visuaalsed mustrid ja ratta jäljed,"Arutletakse matemaatika kui mõtlemise, mustrite ja seoste keele üle ning näidatakse, kuidas ülesandeid saab lahendada paindlikult, mitte ainult ühe algoritmiga. Eraldi keskendutakse ratta jälgedest ja puutujatest tuletatud mustritele, mille abil järeldada rataste liikumist ja sobivat varianti.",coherent,high
176,9,176_elo_eestlaste_tarmo_mikita,"['elo', 'eestlaste', 'tarmo', 'mikita', 'kliima', 'eestlase', 'elo rääkis', 'võib sõltuda', 'keskkonna', 'keskkonnateemat', 'keskkonnahoid', 'oluliseks', 'eestlaste jaoks', 'valimistel', 'tunne allikas']",Eesti loodusidentiteet ja kliimaskepsis,"Arutletakse selle üle, kuidas eestlaste enesekuvandis põimuvad loodusrahva tunne, põlevkivipärand ja vastumeelsus väliste keskkonnakäskude suhtes. Samal ajal otsitakse seletust, miks keskkonna- ja kliimateemad valimistel sageli ei tõuse ning kuidas inimesi rohkem tegutsema panna.",coherent,high
177,9,177_kultuur_ütlekski_muuseumis_kultuuri,"['kultuur', 'ütlekski', 'muuseumis', 'kultuuri', 'muuseum', 'muuseumisse', 'noor ütleb', 'ongi kultuur', 'muuseumid', 'raamatutega', 'ütleb teda', 'pead võitma', 'muuseumisse tööle', 'kultuur jaoks', 'kohati']",muuseumikülastuse takistused noortel,"Arutletakse selle üle, miks noored ei jõua muuseumisse või kultuuriasutustesse ja mis neid sinna võiks siiski meelitada. Rõhk on sotsiaalmeedia mõjul, reklaami puudumisel, kooli ja pere rollil ning kogemuslikel lahendustel nagu muuseumiöö, rollimängud ja interaktiivsed tegevused.",coherent,high
178,9,178_alkoholi_agne_alkohol_alkoholiga,"['alkoholi', 'agne', 'alkohol', 'alkoholiga', 'õlut', 'alkoholivaba', 'tarvitamine', 'terek', 'kanepi', 'alkoholist', 'joo', 'kokaiin', 'natuke julgust', 'tarvitavad', 'kanep']",Noorte alkoholiga pidutsemine ja surve,"Arutatakse, miks noored pidudel alkoholi tarvitavad, kuidas see seostub julgustuse, stressi maandamise ja seltskonnaga. Lisaks räägitakse täiskasvanute eeskujust, reklaamist, ennetusest ja sellest, kuidas alternatiivsed tegevused võiksid alkoholi asemel ahvatleda.",coherent,high
179,9,179_nakkushaiguste_covidit_vaktsineerimine_mall,"['nakkushaiguste', 'covidit', 'vaktsineerimine', 'mall', 'covidi', 'covidi ajal', 'enne covidit', 'pekki', 'keeldumist', 'kommunikatsioonile', 'avalikkus', 'nakkushaiguste seadus', 'pekki läheks', 'hakkab kindlasti', 'info edastamine']",Covidijärgne nakkushaiguste seaduse muutmine,"Arutletakse, kuidas Covidist õpitu mõjutab nakkushaiguste tõrje seaduse muudatusi, eriti vaktsineerimist, tervishoiutöötajate kohustusi ja tööks vajalikke tervisetõendeid. Läbi käib ka küsimus, kuidas selgitada neid otsuseid avalikkusele ja vähendada usaldus- ning kommunikatsiooniprobleeme.",coherent,high
180,9,180_õpetaja_õpetaja ise_hoitud_vallavalitsus,"['õpetaja', 'õpetaja ise', 'hoitud', 'vallavalitsus', 'õpetaja pere', 'vallavalitsuse', 'leila', 'ümber õpetaja', 'alushariduse', 'alusharidus', 'toolil', 'draama', 'õpetaja toolil', 'sotsiodraama', 'sotsodraama']",Õpetaja hoituse rollid alushariduses,"Arutleti, kes ja kuidas mõjutab alushariduse õpetaja väärtustatust ning hoitust. Fookuses olid vallavalitsus, juhtkond, ministeerium, lapsevanemad, kolleegid ja õpetaja ise, samuti alushariduse laiem ühiskondlik väärtustamine.",coherent,high
181,8,181_elektri_teravatt_tarbimine_elektrit,"['elektri', 'teravatt', 'tarbimine', 'elektrit', 'importida', 'teravatt tundi', 'elekter', 'juhitav', 'defitsiit', 'elektri defitsiiti', 'taastuvenergia', 'hinnaga', 'rohkem elektrit', 'päike', 'impordime']",Eesti elektritarbimise kasv ja puudujääk,"Arutatakse, kui palju elektrit Eesti järgmise kümnendi jooksul vajab ning kuidas katta tänane tootmise ja tarbimise vahe. Fookuses on tarbimise kasv, impordi roll ja vajadus suurendada kodumaist tootmist.",coherent,high
182,8,182_andmeid_eetikakomitee_andmed_terviseandmed,"['andmeid', 'eetikakomitee', 'andmed', 'terviseandmed', 'panganduses', 'andmete', 'nõus andmeid', 'andmeid jagama', 'osutamiseks', 'teadlastele', 'isikuandmete', 'kliinikusse', 'oled tean', 'vaja sind', 'anonüümiseeritud kujul']",terviseandmete kasutus ja eetikakomitee loa takistused,"Arutletakse, kuidas terviseandmeid turvaliselt ja anonüümselt kasutada teadustöös, tehisintellektis ja uute teenuste arendamises. Põhiküsimus on, kuidas eetikakomitee, seadusandlus ja andmeomanike lube lihtsustada nii, et andmete kasutus ei veniks üleliia pikaks.",coherent,high
183,8,183_kristel_anonüümsed_kutt_ingrid,"['kristel', 'anonüümsed', 'kutt', 'ingrid', 'korda läheb', 'art', 'kõvem kutt', 'kristel kristel', 'anonüümsed juhtumid', 'ingrid sina', 'noor tõesti', 'aju välja', 'toime panin', 'abi paluda', 'mind tänase']",noorte vägivalla taga peituv tähelepanuvajadus,"Arutletakse, kuidas noorte vägivald ja kuritegelik käitumine seostuvad tähelepanuvajaduse, kuuluvuse ja varasemate haavatavate kogemustega. Rõhutatakse mõistmise, ärakuulamise ja kogukondliku toe tähtsust karistamise asemel.",coherent,high
184,8,184_nikotiini_veipi_lea_noorte seas,"['nikotiini', 'veipi', 'lea', 'noorte seas', 'kahjulikud', 'seas', 'suitsu', 'tarvitab', 'ath', 'tristjan', 'noortele', 'kindlasti ärge', 'karistusi', 'suitsud', 'järjel']","Noorte veipimise, nikotiini ja salaturu piiramine","Arutletakse selle üle, miks noored eelistavad veipi ja nikotiinitooteid, kuidas sotsiaalne surve, stress ja ligipääs tarbimist soodustavad ning miks pelgalt keelud ei pruugi toimida. Fookuses on ennetus, huvitegevuse pakkumine, lapsevanemate ja koolide roll ning salaturu vähendamine.",coherent,high
185,8,185_naine_isa_naised_ema,"['naine', 'isa', 'naised', 'ema', 'lapsega koju', 'alati märka', 'mehed', 'abikaasa', 'meeste', 'närima', 'õudselt raske', 'emad', 'mu naine', 'meest', 'isad']",meeste osa koduses ja lapsehoius,"Arutatakse meeste ja naiste ebavõrdset koormust kodus ning laste eest hoolitsemisel, eriti seda, kuidas mehed saaksid rohkem vastutust võtta. Rõhk on lapsehoiu, vaimse koorma, tööpaindlikkuse ja vanemapuhkuse järel tööle naasmise toetamisel.",coherent,high
186,8,186_ai_edust_riigisektor_tööturul,"['ai', 'edust', 'riigisektor', 'tööturul', 'ettevõttes', 'linkedinis', 'juuksur', 'ettevõtetes', 'kolmekümne päeva', 'island täna', 'indrek küsiks', 'uut klienti', 'peaks kordama', 'ühed kasutavad', 'töötu rgu']",AI mõju töökorraldusele ja tööturule,"Arutatakse, kuidas tehisintellekt muudab tööprotsesse, värbamist, ettevõtete juhtimist ja tööturu ootusi. Fookuses on nii efektiivsuse kasv kui ka hirm, et osad rollid kaovad või jäävad väärtuseta, eriti seal, kus AI-d ei kasutata.",coherent,high
187,8,187_ränne_rännet_sisserännet_sisserännet vaja,"['ränne', 'rännet', 'sisserännet', 'sisserännet vaja', 'sisseränne', 'eero', 'sisserändega', 'rändega', 'rahvastiku', 'sihtriik', 'õpirände', 'hea elada', 'sisserände', 'tööränne', 'eestisse']",Sisserände juhtimine ja talendivajadus,"Arutelus keskendutakse sellele, et Eestil on vaja sisserännet, eriti tööjõu ja talendipoliitika vaates, kuid seda tuleb teha läbimõeldult. Rõhutatakse riigi, tööandjate ja haridussüsteemi rolli, samuti integratsiooni, perede kaasamise ja julgeolekuriskide maandamise vajadust.",coherent,high
188,8,188_insenere_insenerid_arstid läksid_inseneri,"['insenere', 'insenerid', 'arstid läksid', 'inseneri', 'loobuma', 'läksid norra', 'teadnud nõudlus', 'pakiline', 'insenerid tublid', 'tuhande ringis', 'mehhatroonikat', 'loobuma peaks', 'rootsi arstid', 'tehnikuid', 'asemel ise']",Inseneride nappus ja palga küsimus,"Arutelus keskendutakse sellele, miks insenere napib ja miks nende palk ei tõuse piisavalt turuootuste tasemele. Samuti arutatakse, kas lahendus on inseneride eksport, tehnilise hariduse muutmine või suurem nõudlus ettevõtluses.",coherent,high
189,8,189_õhukaitse_mehitamata_osa nato_nato,"['õhukaitse', 'mehitamata', 'osa nato', 'nato', 'kaitseväe', 'droonid', 'merejalaväe', 'ballistilise', 'õppuste', 'loomas', 'lahinguväljal', 'toimima', 'esmane võimekus', 'tulejõudu', 'kaitseplaanides']",kihiline õhukaitse ja mehitamata võimed,"Arutatakse Eesti kaitseväe uute prioriteetsete võimete arendamist NATO kaitseplaanide ja Ukraina sõja õppetundide taustal. Fookus on kihilisel õhukaitsel, mehitamata süsteemidel ning nende sidumisel laiemasse heidutusse ja mobilisatsioonivalmidusse.",coherent,high
190,8,190_hariduse_eesti kool_sihte_margit,"['hariduse', 'eesti kool', 'sihte', 'margit', 'hariduse sihid', 'kool', 'julgust', 'kellelgi rohkem', 'taavi', 'sihid', 'julgusest', 'väärtuskasvatuse', 'julgusest puudu', 'julguse', 'hariduse eesmärk']",Eesti hariduse eesmärgid ja sihid,"Arutletakse selle üle, milline peaks olema Eesti hariduse eesmärk: eluks ettevalmistus, väärtused, eneseusk, kutse- ja kõrghariduse roll ning kuidas ühiskond ja kool neid sihte koos seadma peaksid. Läbivalt kõneletakse ka sellest, et kool ei peaks lahendama kõiki ühiskonnaprobleeme, vaid toetama õppija mitmekülgset arengut ja tulevikuks vajalikke oskusi.",coherent,high
191,8,191_jalgsi_liikumise_soola_liikumine,"['jalgsi', 'liikumise', 'soola', 'liikumine', 'karina', 'liikumisest', 'enesehinnang', 'trenni', 'hoidmisest', 'klahvid', 'madala enesehinnang', 'rattaga', 'tervise hoidmisest', 'rohkem taimi', 'kümme tuhat']",Soola vähendamine ja igapäevane liikumine,"Arutelu keskmes on tervisekäitumise alustalad, eriti liikumise järjepidevus, igapäevane aktiivne eluviis ja soola tarbimise vähendamine. Lisaks käsitletakse, miks teadmised sageli ei muutu tegudeks ning kuidas harjumused, keskkond ja väikesed liikumisampsud seda mõjutavad.",coherent,high
192,8,192_rahapõhine_rahapõhise_rahapõhine abi_annetatakse,"['rahapõhine', 'rahapõhise', 'rahapõhine abi', 'annetatakse', 'protsenti maailma', 'tegelevat organisatsiooni', 'toiduabist', 'tööga tegelevat', 'äärmises vaesuses', 'äärmises', 'rahapõhise abi', 'arengukoos tööga', 'eestlasi toetanud', 'toiduabist ilma', 'mõnda humanitaarkriisi']",Rahapõhine abi humanitaarkriisides,"Arutletakse rahapõhise humanitaarabi ja annetamise leviku, kuluefektiivsuse ning selle üle, kuidas otsene rahaabi toimib kriisipiirkondades. Võrreldakse rahalist abi esemepõhise abiga ja tuuakse näiteid Eesti, Ukraina ning teiste riikide annetuskultuurist.",coherent,high
193,8,193_raudtee_ühistranspordi_rongid_rapla,"['raudtee', 'ühistranspordi', 'rongid', 'rapla', 'ronge', 'kiireks', 'paksult', 'rail', 'saame inimesed', 'ühendustest', 'linna', 'harjumaal', 'sõita', 'äkitselt', 'pargi']",Raudteeühenduse ja ühistranspordi koordineerimine,"Arutatakse, kuidas Eestis siduda rongid, bussid ja teised liikumisviisid ühtseks süsteemiks, et inimesed saaksid oma teekonda lihtsamalt planeerida. Korduvalt tõusevad esile Rail Baltica, Rapla, pargi-ja-reisi lahendused ning küsimus, kuidas ühistransporti raha ja korraldust paremini koondada.",coherent,high
194,8,194_andmekeskused_andmekeskuse_andmekeskus_andmekeskustest,"['andmekeskused', 'andmekeskuse', 'andmekeskus', 'andmekeskustest', 'metanooli', 'võrgutasu', 'andmekeskusi', 'muna', 'muna kana', 'andmekeskusest', 'metanooli tehas', 'andmekeskuste', 'tehas', 'tootmine', 'kana küsimus']",andmekeskuste elektri- ja võrgulahendus,"Arutelus käsitleti, kuidas andmekeskuste lisandumine seostub elektri kättesaadavuse, võrgutasude, pikaajaliste lepingute ja energiasüsteemi paindlikkusega. Korduvalt tuli jutuks ka jääksoojuse kasutamine, taastuvenergia roll ning see, kas andmekeskused peaksid Eestis olema osa laiemast ökosüsteemist või lihtsalt eraldi tarbijad.",coherent,high
195,8,195_heaolutehnoloogiad_ulme_tervishoiualane_ülemiste city,"['heaolutehnoloogiad', 'ulme', 'tervishoiualane', 'ülemiste city', 'tervise heaolutehnoloogiad', 'sotsiaalvaldkonna', 'arendades', 'hoida kokku', 'saadan', 'päästerõngas', 'city', 'igapäevaellu', 'heaolutehnoloogiad aitavad', 'rvisetehnoloogiate', 'mõttes valdkond']",Tervisehoolekande tehnoloogiad ja andmepõhine lõimimine,"Arutatakse tervise- ja heaolutehnoloogiate kasutamist hooldekodudes, koduteenuses ja perearstiabis, et parandada teenuste lõimitust ja hoida kokku inimressurssi. Korduvalt rõhutatakse andmete, ühilduvuse, ligipääsu ja rahastuse rolli ning seda, kuidas tehnoloogia võiks aidata vananeva rahvastiku ja tööjõupuuduse surve all.",coherent,high
196,8,196_liikumisrõõmu_liikumise_lasteaedade_karina,"['liikumisrõõmu', 'liikumise', 'lasteaedade', 'karina', 'toidab', 'taavi', 'toitaine', 'vaatame peeglisse', 'liikumise koha', 'psühholoogi', 'kehalise', 'liikumisharrastuse', 'tervena', 'kehalise kasvatuse', 'kujunevad']",Lasteaia liikumisharjumuste ja toitumise kujundamine,"Arutletakse selle üle, kuidas juba lasteaias kujunevad laste liikumisharjumused, kehaline kirjaoskus ja toitumismustrid. Rõhutatakse liikumisõpetaja, lapsevanema, toitlustaja ja lasteaia rolli ning vajadust toetava keskkonna ja varajase sekkumise järele.",coherent,high
197,8,197_ajaloost_paralleele_putini_kennedy,"['ajaloost', 'paralleele', 'putini', 'kennedy', 'esimese maailmasõja', 'putin', 'ajaloo', 'russkii', 'sellega seletada', 'maailmasõja', 'kolmekümne kaheksas', 'sõjaks', 'trumpi', 'kaheksas aasta', 'paralleelid']",Ajaloolised paralleelid tänapäeva konfliktidele,"Arutatakse, kui asjakohane on võrrelda tänapäeva poliitikat ja sõdu mineviku sündmustega, eriti Putini, Trumpi ja Ukraina sõja puhul. Rõhutatakse, et pealiskaudsed paralleelid võivad eksitada, kuid ajaloolased peaksid neid avalikus arutelus siiski kriitiliselt hindama.",coherent,high
198,7,198_infraheli_müra_heli_häirib,"['infraheli', 'müra', 'heli', 'häirib', 'terviseamet', 'mürast', 'mõõdetud', 'tuulikute', 'detsibelli', 'ülejäänud populatsioonist', 'vibratsiooni', 'häiritus', 'eelretsenseerimine', 'raporteeritud mõjud', 'siseruumides']",Tuulikuinfraheli häirivuse ja tervisemõju vaidlus,"Arutletakse, kas tuuleparkide infraheli ja madalsageduslik müra võivad inimestele tervist kahjustada või pigem tekitavad häiritust. Korduvalt rõhutatakse mõõtmiste, normide ja pikaajaliste uuringute rolli ning seda, et kuuldav müra on peamine probleem.",coherent,high
199,7,199_alateadvusega_ln_sten_ai,"['alateadvusega', 'ln', 'sten', 'ai', 'arvestate sellega', 'arvestate', 'dialoogi pidamisel', 'emakeel eesti', 'pidamisel', 'juuksurit võta', 'juuksurit', 'jutustada hästi', 'tähemärki', 'räägime majanduslikust', 'nendest kelle']",AI kasutamine töö- ja loometekstide koostamisel,"Arutletakse, kuidas tehisintellekt aitab kirjutada, kokku võtta, tõlkida ja kohandada töö- ning loometekste. Samal ajal rõhutatakse ettevaatust valefaktide, oskuste taandumise ja inimliku kontrolli vajaduse suhtes.",coherent,high
200,7,200_metsa_metsaga_rmk_poliitiline tahe,"['metsa', 'metsaga', 'rmk', 'poliitiline tahe', 'palju metsa', 'andresele', 'mets', 'majandusmetsa', 'metsast', 'metsas', 'kakskümmend viiskümmend', 'raulile', 'raiuda', 'minister', 'vastutuse koorma']",Metsa raiemahtude ja kaitse vaidlus,"Arutatakse, kas Eesti metsaraiet tuleks vähendada ning kuidas tasakaalustada majandusmetsade kasutust, elurikkust ja rahva ootusi. Fookuses on poliitiline tahe, RMK roll, kaitsealad, pesitsusrahu ja pikaajaline vaade metsanduses.",coherent,high
201,7,201_majandusarengu_kapitalistid_eesti panga_mitme kriisi,"['majandusarengu', 'kapitalistid', 'eesti panga', 'mitme kriisi', 'varblane', 'rootsi pangad', 'erki', 'majandusareng', 'eesti ettevõtted', 'ülilühikesest vaatest', 'nokkimisi', 'laenavad meile', 'laenavad', 'peaaegu kümmekond', 'hästi koordineeritud']",Eesti majanduskasvu aeglane koordineerimine,"Arutatakse, miks Eesti majandusarengu jaoks vajalikud muudatused liiguvad aeglaselt, kuigi nende vajaduses ollakse üldiselt ühel meelel. Rõhk on riigimehelikkusel, koordineerimisel, ettevõtluskeskkonnal, kapitali olemasolul ja investeeringute julgustamisel.",coherent,high
202,7,202_urve_värbame_tarkvaraarendaja_palgatase,"['urve', 'värbame', 'tarkvaraarendaja', 'palgatase', 'andre', 'india', 'otse koolipingist', 'kaspar', 'koolipingist', 'kakssada miljonit', 'nähti', 'lugemisoskust', 'karjääripöörajat', 'ülemaksmine', 'nähti potentsiaali']",IT-värbamine ja palgataseme kerked,"Arutatakse, kuidas IT-sektoris värvatakse inimesi eelkõige üldoskuste, hoiakute ja õppimisvõime järgi, mitte ainult kitsaste erialaste teadmiste alusel. Samuti selgitatakse Eesti IT-palga kasvu, tööjõupuudust ja karjääripöörajate rolli tööturul.",coherent,high
203,7,203_hiina_hiinlased_hiinas_usa,"['hiina', 'hiinlased', 'hiinas', 'usa', 'usa sse', 'hiinaga', 'hiinast', 'hiinasse', 'apple', 'tollid', 'trump', 'vabavara', 'globaalsed väärtusahelad', 'tollimaksud', 'ametiaeg']",Hiina mõju USA kaubandus- ja tarneahelatele,"Arutatakse, kuidas USA tollid ja Hiina vastus mõjutavad kaubandust, tarneahelaid ning Hiina kaupade liikumist teistesse turgudesse, eriti Euroopasse. Korduvalt rõhutatakse ka Hiina rolli globaalsetes väärtusahelates, tehnoloogia kopeerimist ja sõltuvust Hiina sisenditest.",coherent,high
204,7,204_andmete_andmeid_andmed_infosüsteemi,"['andmete', 'andmeid', 'andmed', 'infosüsteemi', 'terviseandmed', 'dokumentide', 'suur dokument', 'terviseandmete', 'andmekvaliteet', 'järgmise paari', 'juurpõhjus', 'riigikontrolli', 'dokument', 'haiguslugu', 'klassifikaatori']",Terviseandmete kasutamine ravi ja ennetuse parandamiseks,"Arutletakse Eesti terviseandmete kvaliteedi, liikumise ja vormi üle ning selle üle, kuidas need võiksid paremini toetada ravi, teadust ja ennetust. Keskne mure on, et andmed on sageli dokumentidena killustunud, aeglased ja liiga üldised, kuigi potentsiaal terviseriskide varasemaks avastamiseks on suur.",coherent,high
205,7,205_muuseum_muuseumis_risto_muuseumisse,"['muuseum', 'muuseumis', 'risto', 'muuseumisse', 'kooliga', 'muuseumi', 'tartu linnamuuseum', 'linnamuuseum', 'muuseumile', 'tartu linnamuuseumi', 'linnamuuseumi', 'tartu', 'aktivismi', 'värskendav', 'muuseumide']",Noorte muuseumikülastuse meelitamine,"Arutatakse, kuidas panna noored muuseumisse tulema ja seal kaasa tegutsema, mitte ainult kuulama või siltide ees seisma. Rõhutatakse otsekontakti noortega, interaktiivseid tegevusi, sündmusi ja muuseumitunde, mis oleksid vabamad ja elamuslikumad.",coherent,high
206,7,206_euroopasse_rändereformi_joosep_sigrid,"['euroopasse', 'rändereformi', 'joosep', 'sigrid', 'suured tänud', 'maroko', 'venemaa', 'välispiir', 'piiri', 'rän', 'tänud', 'rände', 'valmisolekust', 'rändesurve', 'huvi koostööd']",Euroopa rändereformi ja piirivalve valmisolek,"Arutelu keskendub sellele, kuidas Euroopa rändereform, välispiiride tugevdamine ja tagasisaatmismenetlused peaksid aitama rändesurvega paremini toime tulla. Eesti vaates rõhutatakse eeskätt Venemaa-poolset survet, Schengeni mõju ning vajadust nii piirivalve, kriisiplaanide kui ka ühiskondliku valmisoleku järele.",coherent,high
207,7,207_mms_seemneõli_proteiini_viraalseks,"['mms', 'seemneõli', 'proteiini', 'viraalseks', 'toidulisandid', 'maksale', 'korra seemneõli', 'meditsiininõust', 'jaburam', 'läbilõike', 'meeleoluhäiret', 'terviseinfot', 'sisuloojaid', 'ainult halb', 'trenni tegemise']",MMS ja seemneõli tervisevildakus,"Arutletakse sotsiaalmeedias levivate tervise- ja toitumistrendide üle, mis võivad olla eksitavad või kahjulikud. Fookuses on MMS, ashwagandha, seemneõli ja proteiinihullus ning see, kuidas viraalsus mõjutab inimeste uskumusi ja käitumist.",coherent,high
208,7,208_tervisekassa_inglid_kaugjälgimise_ütleks realistlik,"['tervisekassa', 'inglid', 'kaugjälgimise', 'ütleks realistlik', 'ise otseselt', 'ai juht', 'investeerijana', 'tsentraalsed', 'turg küps', 'ülevalt', 'palju sealt', 'hetkel turg', 'tasustamine', 'tulemuspõhise', 'teises toas']",Tulemuspõhine tervishoiurahastus ja kaugjälgimine,"Arutatakse, kui realistlik on liikuda tervishoius tulemuspõhise rahastusmudeli poole, eriti krooniliste haiguste ja ennetuse puhul. Fookuses on kaugjälgimissüsteemid, andmekvaliteet, finantsriski nihkumine teenuseosutajale ning Tervisekassa ja riigi roll innovatsiooni rahastamisel.",coherent,high
209,7,209_internetis_lapsed internetis_internetis teevad_lasteabi,"['internetis', 'lapsed internetis', 'internetis teevad', 'lasteabi', 'lapsed', 'laps', 'lapsevanem', 'raamat', 'mängud', 'telefoniga', 'vanemad', 'muusika kuulamine', 'eakohasel viisil', 'eakohasel', 'osa mängust']",Laste internetikäitumine ja abiotsimine,"Arutletakse selle üle, mida lapsed internetis teevad, kuidas vanemad ja õpetajad peaksid nende tegevust mõistma ning millal ja kust abi otsida. Keskmes on interneti kasutamise ohud, lasteabi roll ja täiskasvanute vastutus lapse turvalisuse eest.",coherent,high
210,7,210_järva_kõrvalkulud_järva valla_turuhinnad,"['järva', 'kõrvalkulud', 'järva valla', 'turuhinnad', 'uusarenduse', 'keskturg', 'kodutare tüüpi', 'üürimaja', 'kodutare', 'ühistuline', 'eakad inimesed', 'korteri', 'imavere', 'kulub rohkem', 'kuussada nelikümmend']",Järvamaa üürituru ja turuhindade vaidlus,"Arutletakse, miks Järva vallas ja teistes piirkondades on uute kodude pakkumine keeruline ning kas üürimaju peaks välja üürima turuhinnaga või kohalikke olusid arvestades allahindlusega. Fookuses on ka kõrvalkulud, riigi ja omavalitsuse roll ning see, kuidas eri eluasememudelid võiksid kodude kättesaadavust parandada.",coherent,high
211,7,211_rene_näiteks tuuleparkide_tõnis_mured,"['rene', 'näiteks tuuleparkide', 'tõnis', 'mured', 'mured välja', 'planeerimisprotsessides', 'sellena tahab', 'tuumani', 'su juurde', 'kaasatud', 'tuuleparkide', 'formaatidega', 'kuuluvustunde', 'võib aspekt', 'tema mure']",Tuuleparkide kaasamise murede tuum,"Arutatakse, kuidas tuuleparkide ja muu energiataristu planeerimisel jõuda kohalike tegelike muredeni, mitte ainult nähtava vastasseisuni. Rõhutatakse sihtrühmale kohandatud infot, kuuluvustunde ja omanditunde loomist ning kohaliku tasandi rolli kaasamisprotsessis.",coherent,high
212,7,212_kaugkütte_soojuspumbad_soojus_kaugküte,"['kaugkütte', 'soojuspumbad', 'soojus', 'kaugküte', 'jumet', 'kaugkütte hind', 'kaugküttes', 'kaugkütet', 'igav hakka', 'sooja', 'kaugküttepiirkond', 'soojussektor', 'elektrikatlad', 'pelleti', 'indrek teie']",kaugkütte elektrifitseerimine ja hinnastamine,"Arutletakse, kuidas soojuspumbad, elektrikatlad ja salvestus muudavad kaugküttevõrke ning millal on väikepiirkondades mõistlik minna alternatiividele üle. Samuti käsitletakse kaugkütte hinna mitmekomponendilist kujundamist, regulatsiooni paindlikkust ja taastuvkütuste osakaalu kasvu.",coherent,high
213,7,213_müra_terviseameti_normid_mõõtmisi,"['müra', 'terviseameti', 'normid', 'mõõtmisi', 'kuuldav müra', 'kuuldav', 'marianne', 'kinni makstud', 'olete saanud', 'arendaja', 'automüra', 'unetust', 'terviseameti käest', 'helirelv', 'arendaja arendaja']",Tuuliku müra normid ja mõõtmised,"Arutatakse tuuleparkide müra, infraheli ja varjutuse mõju, eriti seda, kuidas seda tervise- ja keskkonnanõuete järgi mõõdetakse. Fookuses on Terviseameti tellitud uuringud, kehtivad normid ning küsimus, kas regulatsioonid on ajakohased.",coherent,high
214,6,214_välistööjõud_välistöö_kerli_lihttöö,"['välistööjõud', 'välistöö', 'kerli', 'lihttöö', 'keskmise', 'lihttööjõud', 'elamisloaga', 'tööhõive', 'välistööjõu', 'protsendi peale', 'helde', 'hooajal', 'põllumajanduses', 'ajutine', 'tööjõust']",välistööjõu kasutamine hooaja- ja lihttöödel,"Arutletakse selle üle, kuidas põllumajanduses ja teistes sektorites täita hooajalisi ning lihttöid välistööjõuga, kui kohalikke töötajaid napib. Samas rõhutatakse, et välistööjõud ei peaks asendama kohaliku tööjõu aktiviseerimist, vaid olema selgelt teisejärguline lahendus.",coherent,high
215,6,215_kremli_laulupeol_kreml_päts,"['kremli', 'laulupeol', 'kreml', 'päts', 'laulupeo', 'laulupidu', 'treenitakse', 'putini venemaa', 'kremli infooperatsioonina', 'rannapi', 'treenitakse praegu', 'müüdi loome', 'hiiumaa kompanii', 'infooperatsioonina', 'kreml teeb']",Laulupeo ja Pätsi ümber käiv väärinfo,"Arutatakse, kuidas laulupeo, Konstantin Pätsi ja teiste ajalooliste sümbolite kohta levivad moonutused ning Kremli- või propagandalaadsed narratiivid mõjutavad Eesti eneseusku. Fookuses on ka see, kuidas selliste väidete levik lõhestab ühiskonda ja kuidas neile vastata.",coherent,high
216,6,216_kestlikkuse_kõigile osalemast_ettevõtete hulgas_soomest,"['kestlikkuse', 'kõigile osalemast', 'ettevõtete hulgas', 'soomest', 'kontsern', 'tööstusi', 'siia riiki', 'osalemast', 'rohetehnoloogiate', 'kaitsevaldkonda', 'kartnud', 'puitu', 'sektori', 'vähesus', 'orav']",rohetehnoloogia investeeringute ja turu takistused,"Arutelus keskendutakse sellele, mis takistab rohetehnoloogia ja kestlikkuse suunaliste tööstusinvesteeringute kasvu Eestis. Korduvalt mainitakse ebakindlat regulatsiooni, rahastuse nappust, koduturu väikest nõudlust ning võrdlust Soome ja Rootsiga kui lähedaste materjali- ja äripartneritega.",coherent,high
217,6,217_esimees_liige_erakonna_liige riigikogu,"['esimees', 'liige', 'erakonna', 'liige riigikogu', 'väitlusseltsi', 'plaksutada', 'parlamendierakondade', 'keskerakonna', 'kristin parts', 'eesti väitlusseltsi', 'nimi kristin', 'võib plaksutada', 'moderaator täna', 'esimees martin', 'isamaa esimees']",Erakonnajuhid ja noorte esindajad laval,"Aruteludes tutvustatakse ja vastandatakse erinevate erakondade juhte ning nende noorte- ja riigikogu esindajaid. Fookus on poliitilistel debattidel, kus rõhutatakse osalejate ametipositsioone ja erakondlikku kuuluvust.",coherent,high
218,6,218_las läheb_tööleping_nõrgem osapool_tööga kindlustamata,"['las läheb', 'tööleping', 'nõrgem osapool', 'tööga kindlustamata', 'peale tööandja', 'cv', 'kindlustamata', 'tööandja', 'valituks', 'skandinaavia', 'nõrgem', 'vaidlus', 'värbamine', 'ametiühingu', 'seitse korda']",Töövaidluste kompromissid ja töölepingu vaidlused,"Arutatakse töövaidlusi, kus keskmes on töölepingu tingimused, nõrgema osapoole kaitse ning vaidluste lahendamine kompromissi või kompromissmaksega. Palju näiteid puudutab ka värbamisel ja töölepingute lõpetamisel tekkinud vaidlusi, sealhulgas raha, diskrimineerimise ja avaliku kuvandi riski.",coherent,high
219,6,219_palestiina_err_kallutatud_laulupidu,"['palestiina', 'err', 'kallutatud', 'laulupidu', 'alakajastatud', 'eesti meedia', 'müürileht', 'meediaväljaanne', 'toimetajad', 'õhtulehes', 'kirjutada', 'avaldada', 'iisraeli', 'genotsiidi', 'meediapädevuse']",Palestiina ja progressiivsete teemade kallutatud kajastus,"Arutatakse, kuidas Eesti meedias kajastatakse Palestiina teemat ning miks seda peetakse sageli Iisraeli poole kaldu olevaks. Samuti räägitakse progressiivsete ja vasakpoolsete teemade, nagu LGBT, tasaarengu ja ahistamisjuhtumite, avaldamise raskustest ning toimetuste ja sotsiaalmeedia piirangutest.",coherent,high
220,6,220_bioressursside_vkg_silvia_tuksub,"['bioressursside', 'vkg', 'silvia', 'tuksub', 'juurdekasvu', 'süda tuksub', 'märgalad', 'turvast', 'kümme aastat', 'lisandväärtuse', 'maakasutuses', 'hundinuia', 'rohumaad', 'suurem piirav', 'portselanipoes']",Bioressursside väärindamise takistused,"Arutatakse, miks Eestis kohalike bioressursside väärindamine ei liigu piisavalt kiiresti. Fookuses on inimressursi nappus, pikk bürokraatia, ühiskondlikud kokkulepped ja planeeringuvaidlused.",coherent,high
221,6,221_metsa_rmk_istandik_istandiku,"['metsa', 'rmk', 'istandik', 'istandiku', 'istandike', 'puud', 'mets', 'kasvatada', 'istandikud', 'metsad', 'jarek', 'põllumaad', 'männik', 'puude', 'puidu']",Metsa istandike rajamine ja regulatsioon,"Arutelu keskmes on metsa- ja istandikupoliitika, eriti see, kuidas rajada kiirekasvulisi puistuid maa-aladele, mis ei ole metsamaa. Räägitakse seadusandlusest, kohalike liikide kasutamisest, elurikkuse hoidmisest ja sellest, kas selline kasvatamine on nii kliima- kui ka majanduslikult mõistlik.",coherent,high
222,6,222_kilo_valgu_uute materjalide_valku,"['kilo', 'valgu', 'uute materjalide', 'valku', 'seened', 'seentele', 'valk', 'suhkrut', 'funki', 'materjalide', 'toiduks', 'saada ütleme', 'kvantarvuti', 'kanepi', 'toidu']",Valgu tootmine kohalike biojääkide pealt,"Arutelu keskmes oli, kuidas toota valku kiiremini ja ressursitõhusamalt kohalike bioressursside, eriti seente ja bioreaktorite abil. Räägiti ka kõrvalsaaduste, nagu õlleraba, teraviljakestad, kanepiluu ja puidujäägid, väärindamisest toiduks või tehnoloogiaeksporti toetavaks tootmiseks.",coherent,high
223,6,223_lhv_elering_vähempakkumiste_laenuportfell,"['lhv', 'elering', 'vähempakkumiste', 'laenuportfell', 'kiitma', 'eleringi', 'vähe riski', 'elering ise', 'põhimurena', 'ennast liitma', 'lhv kallale', 'rohevaradesse', 'käsitlusest', 'riski võetud', 'enefitil']",Eleringi vähempakkumised uute elektrivõimsuste jaoks,"Arutletakse Eleringi vähempakkumiste üle kui viisist, kuidas Eestis tagada juhitavad võimsused, varustuskindlus ja mõistlik elektrihind. Rõhk on sellel, et investeeringud vajavad ehitusküpset planeeringut, selgeid reegleid ja riigi poolt loodud turu- ning investeerimiskeskkonda.",coherent,high
224,6,224_hange_hanke_hange õnnestub_õnnestub,"['hange', 'hanke', 'hange õnnestub', 'õnnestub', 'võimsust', 'elering', 'eleringi', 'sagedusreservide', 'viissada megavatti', 'megavatti', 'viiesaja megavati', 'megavati ulatuses', 'erki', 'megavati', 'viiesaja']",Sagedusreservi hange ja liitumistingimused,"Arutelu keskmes on Eleringi pikaajaline sagedusreservide hange, millega otsitakse kiiresti käivituvat juhitavat võimsust järgmise kümnendi alguseks. Vaidluse põhjustasid liitumistingimuste muudatused, hanke tähtaegade edasilükkamised ja küsimus, kas ning kuidas see hange toob Eestisse uusi gaasi- või salvestusvõimsusi.",coherent,high
225,6,225_targa tuleviku_annika räim_räim_tulevikuala,"['targa tuleviku', 'annika räim', 'räim', 'tulevikuala', 'tuleviku fondist', 'hariduse', 'targa', 'nimi annika', 'hariduse tulevikuala', 'annika', 'fondist', 'vestlusringi', 'hariduse tulevikualale', 'hariduse eesmärk', 'tulevikualal']",hariduse tulevikuala arutelude tutvustus,"Aruteludes tutvustatakse hariduse tulevikuala programmi, selle eesmärke ja järgmisi teemasid. Korduvalt rõhutatakse Targa Tuleviku Fondi rolli, koolivõrgu, koolijuhi ja õpetaja tulevikustsenaariumide arutelusid ning publiku kaasamist.",coherent,high
226,6,226_raha vähe_patsiendiga kaasa_solidaarne_tervishoidu,"['raha vähe', 'patsiendiga kaasa', 'solidaarne', 'tervishoidu', 'tagatud', 'jaanus', 'rahakotist', 'vähe raha', 'patsient rahaga', 'kobar kokku', 'inimese rahakotist', 'tal abi', 'hakkame katsetama', 'kiirabireformi', 'piirhinna']",raviraha jaotamine patsiendiga kaasa,"Arutelu keskendub sellele, kas tervishoiuraha peaks liikuma patsiendiga kaasa ning kuidas seda ühildada solidaarsuse, kindlustuse ja riikliku rahastusega. Vaideldakse, kui palju peaks süsteem sõltuma patsiendi omaosalusest, erakindlustusest ja teenusepiirhindadest versus riigi ühisrahastusest.",coherent,high
227,6,227_põlevkivi_konist_ajab õiget_õiget juttu,"['põlevkivi', 'konist', 'ajab õiget', 'õiget juttu', 'palu', 'voll', 'lehelugeja', 'konsiilium', 'konsiilium kokku', 'raadiokuulaja', 'muutuv kulusid', 'infopäevad', 'põlevkivi vastu', 'pihel', 'pöördub poole']",Põlevkivile õigustava teadlase valimine,"Arutletakse selle üle, kuidas energiateemalistes vaidlustes valitakse endale sobiv teadlane või seisukoht, eriti põlevkivi puhul. Rõhutatakse, et huvide ja seoste tõttu on keeruline saada üht „õiget” eksperti ning tavakuulaja jaoks muutub pilt segaseks.",coherent,high
228,6,228_üro_julgeolekunõukogu_üro julgeolekunõukogu_reformist,"['üro', 'julgeolekunõukogu', 'üro julgeolekunõukogu', 'reformist', 'court', 'kriminaalkohust', 'kogu üro', 'resolutsioonid', 'tiina', 'rahvusvahelise', 'sajandil', 'tiina intelmann', 'väikeriikide', 'kriminaalkohtu', 'intelmann']",ÜRO Julgeolekunõukogu reformiummik,"Arutletakse ÜRO Julgeolekunõukogu tänapäevase legitiimsuse, vetoõiguse ja liikmeskoosseisu problemaatika üle. Rõhutatakse, et suur reform on peaaegu võimatu, kuid väiksemaid läbipaistvuse ja töökorra muudatusi peetakse siiski võimalikuks.",coherent,high
229,6,229_üliõpilaskondade_eesti üliõpilaskondade_koroonakriisi_kõrghariduse,"['üliõpilaskondade', 'eesti üliõpilaskondade', 'koroonakriisi', 'kõrghariduse', 'tehnikaülikooli', 'kõrgharidus', 'neil välja', 'kõrghariduse ülesanne', 'veidi enne', 'muutuva maailmaga', 'enne koroonakriisi', 'oskan kasutada', 'rektor', 'õpinguid', 'arenguseire keskuse']",Üliõpilaste roll ja kõrghariduse ootused,"Arutletakse, mida Eesti kõrgharidus üliõpilastelt ootab: õpingute lõpetamist, õppimise tõsidust ja valmisolekut tööturu muutusteks. Rõhk on ka ülikooli kohanemisel, interdistsiplinaarsusel ning AI mõjul õpetamisele ja mõtlemisoskuse arendamisele.",coherent,high
230,6,230_majandusareng_euroala_deflaator_reaalpalk,"['majandusareng', 'euroala', 'deflaator', 'reaalpalk', 'majandus', 'sisetarbimine', 'eesti majandus', 'eesti majanduse', 'majanduse kasv', 'tulumaksu alandus', 'ajad olnud', 'riigikulud', 'valdkondi kuhu', 'ühiskond saanud', 'taga eesti']",Eesti majanduskasvu pidurdavad välis- ja usaldustegurid,"Arutletakse, miks Eesti majandus kasvab aeglaselt, rõhuga väliskeskkonnal, madalal usaldusel ja muutuste kehval juhtimisel. Lisaks käsitletakse, kuidas reaalpalga ja muude näitajate tõlgendamine ning euroala võrdlused mõjutavad arusaama majandusarengust.",coherent,high
231,6,231_arvamused kujunevad_fosforiiti_fosforiit_geoloogiateenistus,"['arvamused kujunevad', 'fosforiiti', 'fosforiit', 'geoloogiateenistus', 'fosforiiti kaevandada', 'ilma põhjaveeta', 'tõttu tohiks', 'keskkonnariskide', 'kaevandada kunagi', 'väide majanduskasv', 'põhjaveeta', 'paigutate', 'rotid', 'harjutuse ajal', 'keskkonnariskide tõttu']",Fosforiidi arutelu ja kogukonna vastuseis,"Arutletakse fosforiidi võimaliku kaevandamise üle, keskendudes sellele, kas ja millal seda üldse teha tohib. Põhiteemad on keskkonnariskid, põhjavee kaitse, kohalike kogukondade sõnaõigus ning usaldamatus riigi ja institutsioonide vastu.",coherent,high
232,6,232_vangla_nendega koos_vanglas_klatt,"['vangla', 'nendega koos', 'vanglas', 'klatt', 'vanglast', 'vanglasse', 'noortekeskus', 'venib', 'noori enda', 'vahistuse', 'nendega töötada', 'kaotanud elu', 'nglast', 'vangla noorte', 'kambrid']",Noorte vanglast saatmine pärast rasket vägivalda,"Arutletakse selle üle, millal noor väärib vanglat või muud eraldi sekkumist pärast rasket vägivalda või tapmist. Rõhk on nii ühiskonna õiglustundel, noorte taustal kui ka vangla rollil ja piirangutel.",coherent,high
233,6,233_kaasamine_keiu_valed inimesed_kaasamise,"['kaasamine', 'keiu', 'valed inimesed', 'kaasamise', 'valed', 'infosõja', 'nursipalu', 'protsess', 'ettevalmistus', 'organiseerunud', 'väitluse', 'debatte', 'struktuur', 'väidelda', 'salk']",Kaasamise aeglane juhtimine ja valeinfo,"Arutelu keskendub sellele, kuidas keerulistes ja polariseerunud küsimustes on kaasamine sageli liiga aeglane, alarahastatud või näiline. Osalejad seovad probleemi valeinfo, sotsiaalmeedia mobiliseerumise ja puuduliku ettevalmistusega, eriti energia- ja julgeolekuteemades.",coherent,high
234,6,234_einar_ai abil_raskemaks läinud_ettevõtte tegemine,"['einar', 'ai abil', 'raskemaks läinud', 'ettevõtte tegemine', 'klientidega', 'linnar', 'ai', 'touch', 'tegemine lihtne', 'joosepile', 'tallinna ettevõtlusinkubaatoris', 'prototüüpi', 'ettevõtlusinkubaatoris', 'varem vaja', 'otsuse raskus']",AI muudab üksikettevõtluse lihtsamaks,"Arutatakse, kuidas tehisintellekt teeb ettevõtte alustamise, prototüübi loomise ja teenuse pakkumise palju lihtsamaks, eriti üksikule või väikesele tegijale. Samas rõhutatakse, et kliendisuhtlus, usaldus ja tegeliku väärtuse loomine jäävad endiselt keeruliseks ning inimlik kontakt on oluline.",coherent,high
235,6,235_allkirja_jürgen_alguspunkt_loomakari,"['allkirja', 'jürgen', 'alguspunkt', 'loomakari', 'sada seitse', 'tuleb sada', 'jürgen ligi', 'seitse tuulikut', 'allkirju', 'rahvaalgatus', 'sada üheksa', 'kohalikud inimesed', 'tuulikut', 'mitu allkirja', 'ülbus']",Tuuleparkide rahvaalgatuste ja alguspunkti vaidlus,"Arutletakse tuuleparkide ja muu rohepöördega seotud rahvaalgatuste üle, eriti selle üle, kuidas allkirjade kogumine, meediapealkirjad ja planeeringu algatamine kohalikke inimesi mõjutavad. Keskne teema on, milline on õige alguspunkt ja kuidas vältida, et vastuseis ja valeinfo protsessi ära rikuksid.",coherent,high
