Topic,Count,Name,Representation
-1,1913,-1_valmis_ümber_ühiskonnas_liiga,"['valmis', 'ümber', 'ühiskonnas', 'liiga', 'aastal', 'näide', 'jooksul', 'tööd', 'kuni', 'osas', 'kodus', 'millest', 'millega', 'protsenti', 'kaks tuhat']"
0,43,0_arvamusfestivali_arvamusfestival_arvamusfestivalil_vähist,"['arvamusfestivali', 'arvamusfestival', 'arvamusfestivalil', 'vähist', 'jäi silma', 'hea tõsta', 'tere tulemast', 'tulemast', 'kindlasti ärge', 'üksilduse', 'tõsta käsi', 'paneelarutelu', 'festivali', 'kaspar', 'rohkem headust']"
1,39,1_alusharidus_alushariduse_alushariduses_lasteaias,"['alusharidus', 'alushariduse', 'alushariduses', 'lasteaias', 'lasteaedades', 'atko', 'maila', 'pidaja', 'alusharidus oluline', 'alusharidust', 'munitsipaal', 'lavly', 'eesti tulevik', 'töötuba', 'jõuagi']"
2,38,2_investeeringud_raudteesse_investeerida_investeeringu,"['investeeringud', 'raudteesse', 'investeerida', 'investeeringu', 'taristu', 'loomata', 'investeeringuid', 'maanteed', 'majanduslanguse', 'asfalt', 'investeering', 'investeerime', 'investeerimise', 'protsenti ütlesid', 'kaheksanda aasta']"
3,38,3_juht_juhi_töötaja_juhi poolt,"['juht', 'juhi', 'töötaja', 'juhi poolt', 'personalijuht', 'töötajad', 'juhatuse', 'ekstreemumid', 'juhil', 'meeskonna', 'organisatsiooni', 'käitud', 'juhina', 'leadership', 'kell']"
4,36,4_start_startup_founder_asutajate,"['start', 'startup', 'founder', 'asutajate', 'asutajad', 'founder id', 'janek', 'uku', 'skype', 'valley', 'scale', 'asutajate seltsi', 'silicon', 'silicon valley', 'start id']"
5,35,5_covidi_nakkushaiguste_covidit_vaktsiin,"['covidi', 'nakkushaiguste', 'covidit', 'vaktsiin', 'enne covidit', 'viirus', 'covidi ajal', 'viirust', 'vaktsiini', 'vaktsineerimise', 'vaktsineerimine', 'covid', 'surnud', 'perearstide', 'ehitussektoris']"
6,35,6_donald_ameerika_trump_trumpi,"['donald', 'ameerika', 'trump', 'trumpi', 'donald trump', 'donald trumpi', 'fox', 'usa', 'kennedy', 'ühendriikide', 'administratsiooni', 'fox news', 'president', 'presidendi', 'news']"
7,34,7_doktorantuuri_doktorant_teadmussiirde_doktorantuur,"['doktorantuuri', 'doktorant', 'teadmussiirde', 'doktorantuur', 'doktorante', 'doktorandi', 'doktorantuurist', 'jarek', 'doktorandid', 'doktorikraadiga', 'andrei', 'ülikool', 'ettevõte', 'patent', 'katrin']"
8,32,8_seksuaalkasvatus_peenis_inimeseõpetuse_seksuaalkasvatuse,"['seksuaalkasvatus', 'peenis', 'inimeseõpetuse', 'seksuaalkasvatuse', 'seksuaalsusest', 'seks', 'seksuaalkasvatust', 'pornost', 'seksuaalharidus', 'seksuaalsuse', 'pedofiilia', 'pedofiil', 'ebamugav', 'erutuse', 'eelteismeline']"
9,30,9_keelt_keel_inglise_keele,"['keelt', 'keel', 'inglise', 'keele', 'eesti keelt', 'inglise keel', 'eesti keele', 'vene keel', 'eesti keel', 'vene', 'keelt õppima', 'õppida', 'keelt õppida', 'virve', 'vene keelt']"
10,28,10_hambaarsti_narkoosis_narkoosi_hambaarsti juurde,"['hambaarsti', 'narkoosis', 'narkoosi', 'hambaarsti juurde', 'hambaid', 'hambaarst', 'suus', 'hambaarsti juures', 'hammaste', 'hambad', 'rinnaga', 'arsti juurde', 'suu', 'narkoosi sambaravi', 'narkoosis ravi']"
11,28,11_patsient_patsiendi_arstide_arst,"['patsient', 'patsiendi', 'arstide', 'arst', 'raviteekond', 'teekonnast', 'õde', 'koordinaator', 'arstina', 'arstid', 'ravi', 'patsiendid', 'haigla', 'arsti', 'patsienti']"
12,28,12_marii_kaksteist tuhat_vastutust_karjääri,"['marii', 'kaksteist tuhat', 'vastutust', 'karjääri', 'viieteistkümnenda eluaastani', 'sind aidanud', 'verejooksu', 'elu läks', 'enne jõule', 'viieteistkümnenda', 'elu', 'imetlen', 'jõule', 'enda pärast', 'iga jumala']"
13,27,13_planeering_üleriigiline planeering_ruumipoliitika_üleriigiline,"['planeering', 'üleriigiline planeering', 'ruumipoliitika', 'üleriigiline', 'planeerimine', 'valglinnastumine', 'planeerimise', 'üleriigilise', 'tark planeerimine', 'ümber asuvad', 'pealinna', 'planeeringu', 'planeeringute', 'üleriigilise planeeringu', 'ülejäänud eesti']"
14,27,14_religiooni_religioon_islam_maailmavaade,"['religiooni', 'religioon', 'islam', 'maailmavaade', 'moslemid', 'islami', 'prohvet', 'usk', 'karmo', 'kirik', 'moslemite', 'religioonid', 'religioosne', 'religioossed', 'religioosseks']"
15,27,15_üro_julgeolekunõukogu_rahvasteliidu_kolonialismi,"['üro', 'julgeolekunõukogu', 'rahvasteliidu', 'kolonialismi', 'üro julgeolekunõukogu', 'ühinenud', 'resolutsioonid', 'reformist', 'inimõiguste', 'rahvusvahelise', 'peaassamblee', 'rahvasteliidu teed', 'üro ainult', 'üro inimõiguste', 'veto']"
16,27,16_hageja_kohus_vaarik_kohtunik,"['hageja', 'kohus', 'vaarik', 'kohtunik', 'tema au', 'väärtushinnang', 'nõuda', 'mainet', 'mõistlik isik', 'lammaste', 'kahju hüvitamist', 'hüvitamist', 'head nime', 'ümberlükkamist', 'faktiväide']"
17,26,17_haridussüsteemi_tugevusi_haridussüsteem_haridussüsteemis,"['haridussüsteemi', 'tugevusi', 'haridussüsteem', 'haridussüsteemis', 'õppekava', 'tänane haridussüsteem', 'ellu tuua', 'tugevuste', 'andekus', 'õppeaasta', 'pisa', 'õpilaste', 'lõputud vestlused', 'eesti haridussüsteemi', 'tuleb teadlikkus']"
18,26,18_käibemaksu_sisetarbimine_käibemaks_majanduskasvu,"['käibemaksu', 'sisetarbimine', 'käibemaks', 'majanduskasvu', 'eesti majanduse', 'peame loomulikult', 'maksude', 'reinsalu', 'viissada miljonit', 'makse', 'käibemaksust', 'keskklass', 'tulumaksu', 'maksutõusude', 'maksutõusu']"
19,25,19_valimiste_erjk_valvurid_valimistava,"['valimiste', 'erjk', 'valvurid', 'valimistava', 'valimiste valvurid', 'hea valimistava', 'valimisi', 'valijate', 'steven', 'erakondade', 'valimised', 'valimist', 'valimiste valvuri', 'valvuri', 'rahastamise järelevalve']"
20,25,20_infraheli_tuulikute_tuuliku_müra,"['infraheli', 'tuulikute', 'tuuliku', 'müra', 'tootsi', 'põhja pärnumaa', 'pärnumaa', 'tuulikut', 'tuulikuid', 'arendaja', 'tuuleparke', 'tuulepargi', 'arendaja arendaja', 'tuulepark', 'tuulik']"
21,25,21_nature_looduskaitse_loodus_riigikaitse,"['nature', 'looduskaitse', 'loodus', 'riigikaitse', 'keskkonnakaitse', 'palju reegleid', 'keskkonnajälg', 'keskkonnakaitselaagri', 'magical', 'loodust', 'kaitsevägi', 'estonian nature', 'maastik', 'looduskaitsest', 'timo']"
22,25,22_tagasiside_hindamine_kujundav_tagasisidet,"['tagasiside', 'hindamine', 'kujundav', 'tagasisidet', 'kujundav hindamine', 'õppimise', 'hea tagasiside', 'sümboolikaid', 'assessment learning', 'õppija', 'assessment', 'hindeid', 'hinded', 'tagasisidest', 'õpetaja']"
23,25,23_muuseumi_muuseum_muuseumit_valla,"['muuseumi', 'muuseum', 'muuseumit', 'valla', 'abivallavanem', 'kogukonna', 'viiskümmend tuhat', 'muuseumil', 'vallas', 'mulgi', 'muuseumist', 'kakssada viiskümmend', 'muuseumitöötajad', 'tulu', 'õla alla']"
24,24,24_ühekaupa_taustainfoks_chat_ai,"['ühekaupa', 'taustainfoks', 'chat', 'ai', 'a4', 'näitan', 'taustainfo', 'microsoft', 'bla', 'teil probleem', 'ai ga', 'pool a4', 'lõik', 'viis minutit', 'google']"
25,24,25_kultuuri_eesti kultuuri_kultuur_eesti kultuur,"['kultuuri', 'eesti kultuuri', 'kultuur', 'eesti kultuur', 'emaduse', 'kultuuriga', 'tiiu', 'hoiakud', 'rita rände', 'rita', 'kultuurist', 'veidikese', 'emadus', 'ossinovski jürgen', 'eesti kultuuriga']"
26,23,26_matemaatika_matemaatikat_raili_ratas,"['matemaatika', 'matemaatikat', 'raili', 'ratas', 'kuup', 'suurepärane', 'matemaatika ise', 'puutujad', 'neli kümnendikku', 'kümnendikku', 'armastada', 'mõtlemise', 'täpid', 'kahega', 'hulgad']"
27,23,27_naisi_mehi_naised_mehed,"['naisi', 'mehi', 'naised', 'mehed', 'naine', 'kvootide', 'kvoot', 'naisi mehi', 'nõukogudes', 'peaminister', 'mehe', 'aladel', 'nõukogu tasemel', 'kvoodid', 'tippu']"
28,22,28_hoolekogus_telefoni_telefon_nutitelefoni,"['hoolekogus', 'telefoni', 'telefon', 'nutitelefoni', 'helis', 'telefonis', 'marit', 'vahetunnis', 'tunnis', 'nutiseadmete', 'anton', 'saaremaa gümnaasiumi', 'nutiseadmeid', 'saaremaa', 'nutiseadmetega']"
29,22,29_inimkaubandus_inimkaubanduse_iga järgnev_kell palju,"['inimkaubandus', 'inimkaubanduse', 'iga järgnev', 'kell palju', 'ai võimaldab', 'ärakasutamise', 'oluline vahet', 'saadan', 'seitsesada viiskümmend', 'järgnev', 'kannatanud päris', 'ütleme olukorras', 'eestisse hakkasid', 'marju korjamas', 'jõudma sõjapõgenikud']"
30,22,30_filmi_film_filme_filmitegija,"['filmi', 'film', 'filme', 'filmitegija', 'kaamera', 'kirke', 'horror', 'õudusfilmi', 'filmi tegemine', 'filmist', 'lugu', 'filmikooli', 'filmide', 'fi lm', 'rõõmsaid filme']"
31,22,31_sotsiaalmeedia_sotsiaalmeedias_myspace_mms,"['sotsiaalmeedia', 'sotsiaalmeedias', 'myspace', 'mms', 'kustutasin', 'oled enda', 'avaldatud arvamused', 'avaldatud', 'meedias', 'kellel elus', 'tegeleda sellega', 'hüvitis', 'lugude', 'pealtnägija', 'toimub sotsiaalmeedias']"
32,21,32_põhjavee_puurkaevude_saastunud_põhjavesi,"['põhjavee', 'puurkaevude', 'saastunud', 'põhjavesi', 'kaevandama', 'saastega', 'rida ühiskonnasüsteeme', 'üldiselt läbi', 'su nnib', 'innovatsioonidele', 'saastega suur', 'aegse saastega', 'nnib meid', 'aegse', 'sama kaevandata']"
33,21,33_muuseumis_muuseum_muuseumi_muuseumisse,"['muuseumis', 'muuseum', 'muuseumi', 'muuseumisse', 'risto', 'kooliga', 'muuseumit', 'linnamuuseum', 'muuseumid', 'muuseumile', 'tartu linnamuuseum', 'tartu linnamuuseumi', 'linnamuuseumi', 'sind vastu', 'kohati']"
34,21,34_töökius_kaebus_kokk_allkirju,"['töökius', 'kaebus', 'kokk', 'allkirju', 'töökiusu', 'tulnud ette', 'seletuskirja', 'hoiatus', 'tule istu', 'töökiusuks', 'allkirjad', 'kiusamisest', 'kiusu', 'töökiusamise', 'vihjeid']"
35,21,35_ukraine_really_companies_actually,"['ukraine', 'really', 'companies', 'actually', 'think', 'innovation', 'mean', 'working', 'today', 'market', 'sort', 'course', 'right', 'reconstruction', 'construction']"
36,21,36_people_know_estonia_estonian,"['people', 'know', 'estonia', 'estonian', 'language', 'think', 'don', 'yeah', 'maybe', 'person', 'home', 'say', 'job', 'lot', 'mean']"
37,21,37_ajalugu_ajaloo_ajaloost_paralleele,"['ajalugu', 'ajaloo', 'ajaloost', 'paralleele', 'pätsu', 'vabadussõja', 'putini', 'russkii', 'sõja', 'sõda', 'ajaloolased', 'tuhat üheksasada', 'monumendi probleem', 'monumendi', 'vahtre']"
38,21,38_börs_börsihind_hinna_hind,"['börs', 'börsihind', 'hinna', 'hind', 'börsi', 'elektri', 'päev ette', 'gaasi', 'täiskulu', 'hinda', 'börsil', 'börsilt', 'konkurentsiamet', 'elektrihinna', 'narva']"
39,20,39_püsimetsa_püsimetsandus_lageraie_püsimetsana,"['püsimetsa', 'püsimetsandus', 'lageraie', 'püsimetsana', 'valikraie', 'püsimetsanduse', 'riigimetsas', 'püsimetsandust', 'majandamise', 'erko', 'majandamine', 'majandatud', 'turberaieid', 'rainer', 'mets']"
40,20,40_annetada_annetuse_annetama_annetusi,"['annetada', 'annetuse', 'annetama', 'annetusi', 'sille', 'annetajaid', 'annetaja', 'annetus', 'annetust', 'annetan', 'annetanud', 'annetustega', 'annetusest', 'annetajad', 'paar eurot']"
41,20,41_elektri_impordime_tarbimist_tootmist,"['elektri', 'impordime', 'tarbimist', 'tootmist', 'tarbimise', 'tarbimine', 'elektrit', 'elektri tootmist', 'elekter', 'toota', 'defitsiit', 'ajakava', 'elektri defitsiiti', 'eksportiv', 'tarbimist juurde']"
42,20,42_rahvakohtunike_rahvakohtuniku_kohtute_kohtuniku,"['rahvakohtunike', 'rahvakohtuniku', 'kohtute', 'kohtuniku', 'rahvakohtunik', 'kohtusüsteem', 'advokaadid', 'prokuratuuri', 'maakohus', 'kohtunikuks', 'advokatuuri', 'kohtunike', 'kohtute ühendamine', 'ütleme rahvakohtunike', 'kohtu']"
43,20,43_nõusoleku_nõusolek_nõusolekus_veendumine,"['nõusoleku', 'nõusolek', 'nõusolekus', 'veendumine', 'suhte', 'küsimine', 'veenduda', 'nõusolekus veendumine', 'nõusoleku küsimine', 'partnerile', 'willingness', 'intiimsuse', 'õnnelik', 'liisa', 'nõusolekust']"
44,20,44_fosforit_fosforiiti_fosforiidi_fosforiit,"['fosforit', 'fosforiiti', 'fosforiidi', 'fosforiit', 'hääled', 'sirli sul', 'alar', 'kaevandamise', 'fosforit kasutatakse', 'kasutatakse jällegi', 'mihkel', 'ostame', 'vaja fosforit', 'fosforiiti tuleb', 'metalle']"
45,20,45_otsustustugi_töövõimet_töövõime_puudega,"['otsustustugi', 'töövõimet', 'töövõime', 'puudega', 'rehabilitatsiooni', 'rille', 'haigus', 'meid aitaks', 'sina näed', 'tööandja', 'taastusravi', 'taastumise', 'rääkida oluline', 'töökaaslased', 'jalg']"
46,20,46_biometaani_metanooli_biogaasi_vesiniku,"['biometaani', 'metanooli', 'biogaasi', 'vesiniku', 'biometaan', 'biogaas', 'toota', 'kütuste', 'läga', 'win', 'maagaasi', 'win win', 'ahto', 'vesinik', 'vesinikku']"
47,20,47_serbia_õppisin õppisin_patsiendid erinevad_tsaar,"['serbia', 'õppisin õppisin', 'patsiendid erinevad', 'tsaar', 'ühinege', 'õppisin', 'eestlastest', 'eelarvamused', 'teineteisele', 'berliinis', 'meid üldse', 'türgis', 'viha', 'turvalisus turvalisuse', 'turvalisuse peale']"
48,20,48_vabatahtlikud_vabatahtlikke_vabatahtlik_vabatahtlike,"['vabatahtlikud', 'vabatahtlikke', 'vabatahtlik', 'vabatahtlike', 'vabatahtlikus', 'vabatahtliku', 'vabatahtlikkus', 'vabatahtlikus tegevuses', 'vabatahtlikku', 'vabatahtlikuks', 'hoiad vabatahtlikke', 'vabatahtlik tegevus', 'tegevuses', 'raamatukogu', 'taha jääb']"
49,19,49_untsu_inimese üle_masin_aitan teid,"['untsu', 'inimese üle', 'masin', 'aitan teid', 'lubame', 'otsustusprotsessi', 'otsuse', 'otsus', 'otsustusprotsess', 'pärtel', 'otsuseid tehakse', 'kaasaelamine', 'lubame otsustada', 'automatiseerida', 'vigu']"
50,19,50_andmekeskus_energia_kullaauk_investeeringuid,"['andmekeskus', 'energia', 'kullaauk', 'investeeringuid', 'elektrit', 'kitsaskohad', 'salvestuse', 'elektri', 'salvestus', 'investeeringud', 'arusaadav regulatsioon', 'masu', 'taksojuhid', 'energiapoliitika', 'investeeringuid vaja']"
51,19,51_isikukood_isikukoodi_pin_agendile,"['isikukood', 'isikukoodi', 'pin', 'agendile', 'agent', 'identifikaatori', 'lhv', 'agente', 'draakon', 'isikukoodist', 'vastutuskindlustus', 'kaelarihma', 'digiklooni', 'masin', 'lennufirma']"
52,19,52_reklaam_reklaame_merike_red,"['reklaam', 'reklaame', 'merike', 'red', 'kaebusi', 'reklaami', 'bull', 'alvar', 'ttü', 'reklaamis', 'reklaamina', 'red bull', 'kerli', 'lehmad', 'red bulli']"
53,19,53_andmete_andmeid_andmed_võimalik võrrelda,"['andmete', 'andmeid', 'andmed', 'võimalik võrrelda', 'terviseandmete', 'andmekvaliteet', 'öelda andmete', 'järgmise paari', 'arst', 'dokumentide', 'haigusloo', 'suur dokument', 'andmete kasutamisel', 'arstid', 'haiguslugu']"
54,19,54_kinnitust_kaiku_võivad eksida_ärev,"['kinnitust', 'kaiku', 'võivad eksida', 'ärev', 'emo', 'eksida', 'terviseärevus', 'tõlgendab', 'ai käest', 'vigu sees', 'süvenes', 'ai ütle', 'ain', 'võib eksida', 'viis punast']"
55,18,55_reis_reisile_reisida_reiside,"['reis', 'reisile', 'reisida', 'reiside', 'reisid', 'tahad minna', 'reis ida', 'minna reisile', 'reisimine', 'reisima', 'reisi', 'üheksakümmend eurot', 'helsingist', 'lennupilet', 'sydney']"
56,18,56_maroko_inimesed liiguvad_stubb_euroopasse,"['maroko', 'inimesed liiguvad', 'stubb', 'euroopasse', 'carne', 'demograafiliselt', 'ekspluateerisid', 'viisasid', 'carney', 'liibüa', 'riike', 'indias', 'globaalse', 'suur sündmus', 'lõuna']"
57,18,57_linna_tallinna_haljastus_haljastust,"['linna', 'tallinna', 'haljastus', 'haljastust', 'toimepiirkonnad', 'loodusega loodusega', 'lähedal samas', 'toimepiirkond', 'kodu', 'linnas', 'sotsiaalsed suhted', 'väljaspool tallinnat', 'lähedal', 'tallinnat', 'maale']"
58,18,58_perearst_perearsti_perearste_perearstikeskused,"['perearst', 'perearsti', 'perearste', 'perearstikeskused', 'pigistab', 'esmatasand', 'perearstid', 'päeva nädalas', 'pilootprojekt', 'arsti', 'proviisori', 'pereõde', 'perearstikeskused pihta', 'keskealine eesti', 'haldusega']"
59,18,59_regulatsioonile_tavakasutaja_kaelarihma_nõrk kaitse,"['regulatsioonile', 'tavakasutaja', 'kaelarihma', 'nõrk kaitse', 'tavakasutaja mugav', 'average', 'vastuta', 'jüri', 'tuleb ai', 'james', 'riske', 'tõendite', 'geenius', 'pastakas', 'riskidest']"
60,18,60_terviseameti_müra_normid_terviseamet,"['terviseameti', 'müra', 'normid', 'terviseamet', 'kanepi', 'terviseameti käest', 'lemma', 'mõõtmised', 'sul andmed', 'soodustuse', 'mõõtmisi', 'kinni makstud', 'kuus kuud', 'tõendatud elustiili', 'vallale lubasin']"
61,18,61_tehisintellekti_retsensioon_tehisintellekt_retsensiooni,"['tehisintellekti', 'retsensioon', 'tehisintellekt', 'retsensiooni', 'õppejõud teevad', 'õppejõud', 'gpt', 'gpt ga', 'tehisintellektiga', 'õpilased', 'akadeemilises', 'koreas', 'kirjutas', 'lekti', 'standartne mittesüvitsi']"
62,18,62_koolivõrgu_tark laps_koolid_õpilasko,"['koolivõrgu', 'tark laps', 'koolid', 'õpilasko', 'koolivõrku', 'kooli', 'koolivõrgureformi', 'rõuge', 'õpilasega', 'kool', 'õpilasko du', 'tagasi suletud', 'lapsevanemad käituvad', 'viis punkti', 'punkti võib']"
63,18,63_ajakirjanikud_meediat_peaksid rohkem_hakkasin lugema,"['ajakirjanikud', 'meediat', 'peaksid rohkem', 'hakkasin lugema', 'sisu', 'meedia', 'eesti meedia', 'ajakirjandusel', 'aktivistid', 'üritan', 'väärikus', 'faktikontroll', 'faktikontrolli', 'oled inimene', 'tööriistad']"
64,18,64_robot_sügisel olemas_klahvi_ai,"['robot', 'sügisel olemas', 'klahvi', 'ai', 'energiakulu', 'loola', 'ai jaoks', 'pisley', 'generatiivne tehisharu', 'teisharu', 'suures suures', 'mudelid', 'üheksakümnendate', 'generatiivne', 'trepist üles']"
65,18,65_töötukassa_järvamaa_koolitust_kutseharidusse,"['töötukassa', 'järvamaa', 'koolitust', 'kutseharidusse', 'traktor', 'koolitajad', 'täiskasvanu hariduse', 'residentuuris', 'täiskasvanu', 'rumal töö', 'lugemisoskust', 'täiskasvanute koolituse', 'mõttes koostööd', 'annab kodutöö', 'koolituse seadus']"
66,18,66_alkoholi_alkoholivaba_peod_alkoholiga,"['alkoholi', 'alkoholivaba', 'peod', 'alkoholiga', 'alkohol', 'peol', 'joo', 'kained', 'õlut', 'tarvitanud', 'noorega', 'kohe fikseerida', 'kokaiin', 'milliseks alkoholi', 'tantsi']"
67,18,67_internet_pikk plaan_avalik koht_riigikohus,"['internet', 'pikk plaan', 'avalik koht', 'riigikohus', 'internetis', 'oled enda', 'kasutajanime', 'arvad vanemad', 'algoritmid', 'ekraaniaeg', 'kasutajanimi', 'platvormid', 'mullid', 'sfäär', 'sotsiaalmeedia']"
68,17,68_vabakond_vabaühendused_vabaühenduste_mtü,"['vabakond', 'vabaühendused', 'vabaühenduste', 'mtü', 'vabaühendusi', 'päris vabakond', 'kodanikuühiskond', 'vabaühendus', 'maarja liisa', 'vabaühendustele', 'närvi', 'vabaühendused saavad', 'vabaühendustega', 'liisa', 'rahastamist']"
69,17,69_koolijuht_tippjuht_koolijuhi_koolijuht tippjuht,"['koolijuht', 'tippjuht', 'koolijuhi', 'koolijuht tippjuht', 'koolijuhte', 'ette antud', 'koolijuhtide', 'pidaja', 'koolijuhi amet', 'tippjuhi', 'amet', 'koolijuhid', 'mudru', 'tippjuhid', 'tippjuhina']"
70,17,70_diabeedi_diabeet_diabeeti_sensor,"['diabeedi', 'diabeet', 'diabeeti', 'sensor', 'mahla', 'insuliini', 'tüüpi diabeet', 'veresuhkru', 'angela', 'teist tüüpi', 'diabeediga', 'sensoreid', 'diabeediregister', 'esimest tüüpi', 'magamata']"
71,17,71_iisraeli_palestiina_hamas_iisrael,"['iisraeli', 'palestiina', 'hamas', 'iisrael', 'kahe riigi', 'tunnustamine', 'palestiinlaste', 'riigi lahendus', 'iisraelile', 'tunnustama', 'palestiinat', 'hamasi', 'tunnustame', 'tunnustamise', 'relvastatud']"
72,17,72_teadlane_kommunikatsiooniinimene_teadlased_teadlane ise,"['teadlane', 'kommunikatsiooniinimene', 'teadlased', 'teadlane ise', 'teadlasega', 'teadlase', 'mari liisa', 'instituutide', 'lükata näiteks', 'mingisuguseid lugusid', 'marta', 'teadlast', 'märklaua', 'teadlasi', 'ümber lükata']"
73,17,73_internetis_vanemad_laps_videosid,"['internetis', 'vanemad', 'laps', 'videosid', 'lastega ühe', 'teisi videosid', 'sari', 'lapsel', 'pärast muret', 'lapsed', 'lapsevanem', 'lapse vanemad', 'lapsega läbi', 'paljad', 'lapsevanemad']"
74,17,74_ai_klientidega_ai ga_google,"['ai', 'klientidega', 'ai ga', 'google', 'klient tahab', 'protsessid', 'muutuste juhtimine', 'kuni kaheksa', 'mingeid küsimusi', 'vibode', 'touch', 'saanud küsige', 'andeks anda', 'saaksid töötada', 'organisatsioonis juurutada']"
75,17,75_lastekaitsetöötaja_lastekaitsetöö_lastekaitse_ege,"['lastekaitsetöötaja', 'lastekaitsetöö', 'lastekaitse', 'ege', 'lastekaitse töötaja', 'lastekaitsetöötajad', 'lapse jaoks', 'hädaohus', 'lapse heaolu', 'lapse', 'lapse kõrval', 'olev laps', 'lasteaial', 'vajavast lapsest', 'kodukülastus']"
76,17,76_sina juhid_juhid keda_kiire otsus_keda sina,"['sina juhid', 'juhid keda', 'kiire otsus', 'keda sina', 'teenindussektor', 'kaasama', 'juhid', 'lahendan', 'huvitav olukord', 'kriis millega', 'maksime välja', 'kiiresti pead', 'julge kirjutada', 'raha mängib', 'olukord t1ga']"
77,17,77_nikotiini_sigaretid_veipi_sigarettide,"['nikotiini', 'sigaretid', 'veipi', 'sigarettide', 'kahjulikud', 'sigarette', 'brit', 'veip', 'illegaalsel turul', 'salaturg', 'sigareti', 'illegaalsel', 'noorte seas', 'seas', 'tõmbasid']"
78,16,78_paavo_juht_juhi_organisatsioonis,"['paavo', 'juht', 'juhi', 'organisatsioonis', 'organisatsiooni', 'juhti', 'ootused juhile', 'juhile', 'ülivõimukas', 'paavo turundust', 'olete töötanud', 'tundnud paavo', 'juhtimiskäekiri', 'paavoga', 'käitumismustrid']"
79,16,79_kaastunne_teadveloleku_märkan_iseendaga,"['kaastunne', 'teadveloleku', 'märkan', 'iseendaga', 'sees toimus', 'jääda kontakti', 'enesekaastunne', 'endaga', 'kontakti', 'ann', 'tunded', 'kleit', 'lubada endal', 'võin jääda', 'aitäh sulle']"
80,16,80_fosforiidi_fosforit_sirli_geoloogiateenistuse,"['fosforiidi', 'fosforit', 'sirli', 'geoloogiateenistuse', 'uuringute tulemused', 'ragn', 'fosforiit', 'evandamise', 'fosforiidi evandamise', 'fosforiidiga', 'eesti geoloogiateenistus', 'ragn sells', 'geoloogiateenistus', 'oh oh', 'seostub']"
81,16,81_tankla_vesiniku_laadijaid_veokid,"['tankla', 'vesiniku', 'laadijaid', 'veokid', 'elektriauto', 'tanklaid', 'diisel', 'suuresti importima', 'veeldatud', 'vedajad', 'vesinikku', 'jäätmeid', 'taastuv diisel', 'vesinikuauto', 'importima']"
82,16,82_vaimse_vaimse tervise_vaimne_krooniliste,"['vaimse', 'vaimse tervise', 'vaimne', 'krooniliste', 'vaimne tervis', 'soodumuse', 'unustan', 'tervise', 'tervis', 'vaimsest tervisest', 'vaimsest', 'häired', 'depressioon', 'krooniliste haiguste', 'diabeet']"
83,16,83_kerli_lihttöö_tööhõive_põllumajandussektoris,"['kerli', 'lihttöö', 'tööhõive', 'põllumajandussektoris', 'atraktiivsuse', 'palgalõhe', 'töö atraktiivsuse', 'põllumajanduses', 'tööjõudu', 'millist tööd', 'tööandjatele', 'maksustada', 'hästi tasustatud', 'põllumajandussektoris hästi', 'saagi rohkem']"
84,16,84_blockchain_digiteenused_riik sada_ohtudest,"['blockchain', 'digiteenused', 'riik sada', 'ohtudest', 'millisel moel', 'samasuguse entusiasmiga', 'sealtkaudu rahavoogu', 'suhtlevad riigiga', 'riigile justkui', 'vaate perspektiivi', 'tehnilise lahenduse', 'nendest tehnoloogiaettevõtetest', 'isikuandmeid tohib', 'erasektor meist', 'lahenduse näiteks']"
85,16,85_noort_viis noort_hüved_noorte,"['noort', 'viis noort', 'hüved', 'noorte', 'noorte heaolu', 'heaolu spetsialistid', 'töötukassa', 'noorte areng', 'esimene töökogemus', 'tööandjatega', 'vaesuses', 'töökogemus', 'olema paindlikud', 'müüja', 'detektiivi']"
86,16,86_kliima_vastavaid_kasvuhoonegaaside_heite,"['kliima', 'vastavaid', 'kasvuhoonegaaside', 'heite', 'vastasus', 'rohepoliitikat', 'euroopa liidu', 'liidu', 'tuhat viiskümmend', 'tuhat üheksa', 'euroopas', 'mujal euroopas', 'tuhat üheksateist', 'eelmise pu', 'ennast maailmapildiga']"
87,15,87_väidelda_väitlus_kaasamiskoosolek_lapik,"['väidelda', 'väitlus', 'kaasamiskoosolek', 'lapik', 'väitluse', 'struktuur', 'valupunkt', 'poliitikute vä', 'kuskil seisukohad', 'saa poliitikute', 'puutu avaldab', 'ongi infosõja', 'teistpidi valimiste', 'kaasamiskoosolek saa', 'läks kommunikatsioonis']"
88,15,88_veebis_motiiv_margus_paljaid,"['veebis', 'motiiv', 'margus', 'paljaid', 'seksuaalne väärkohtlemine', 'seksuaalne', 'väärkohtlemine', 'internetis', 'valede mõistetega', 'motiiv taga', 'pornomaterjali', 'materjali', 'paljaid pilte', 'mõistetega', 'pilte']"
89,15,89_üro_humanitaarabi_eero_asendamatu,"['üro', 'humanitaarabi', 'eero', 'asendamatu', 'rahakassa', 'viis miljardit', 'doonor', 'dubleerimist', 'miljardit dollarit', 'koordinatsioon', 'doonorite', 'trikis', 'doonori', 'mõlemat ühelt', 'strateegiad kokku']"
90,15,90_unistamise_unistada_unistamisega_unistamine,"['unistamise', 'unistada', 'unistamisega', 'unistamine', 'unistama', 'unistusi', 'sinu seos', 'peep', 'unistamist', 'aire', 'seos unistamisega', 'unistus', 'unistused', 'unistanud', 'kahekümne viie']"
91,15,91_üliõpilane_ülikoolid_kõrgharidus_üliõpilaskondade,"['üliõpilane', 'ülikoolid', 'kõrgharidus', 'üliõpilaskondade', 'eesti üliõpilaskondade', 'kõrghariduse', 'üliõpilasele', 'ülikooli', 'tudengitest', 'üliõpilased', 'eestikeelne ülikool', 'üliõpilaskond', 'üliõpilaskondade liidu', 'eesti üliõpilaskond', 'ülikoolidele']"
92,15,92_õpiampsu_õpiamps_mõne õpiampsu_läbisite,"['õpiampsu', 'õpiamps', 'mõne õpiampsu', 'läbisite', 'uudishimu', 'podcast', 'õpiampsu öelda', 'millal mõne', 'pagasi', 'õpiampsudest', 'anneli', 'uue teadmise', 'ise viimati', 'õppijamps', 'versioonis']"
93,15,93_tehnoloogia_tervisetehnoloogiate_tehnoloogia areng_tehnoloogiad,"['tehnoloogia', 'tervisetehnoloogiate', 'tehnoloogia areng', 'tehnoloogiad', 'heaolutehnoloogiad', 'arstidena valesse', 'head mõtlevad', 'saada lõpuks', 'saaks sekkuda', 'sujuv kuni', 'poliitika loojad', 'tarkust tehnoloogiad', 'immuunsuse', 'armas perearst', 'arst oskab']"
94,15,94_tehisintellekt_tehisintellekti_alexa_tehisintellekt suudab,"['tehisintellekt', 'tehisintellekti', 'alexa', 'tehisintellekt suudab', 'kiiremini paremini', 'kavatsustega', 'tehisintellekti toitmiseks', 'tulekuga tuvastatud', 'ehitab selleks', 'gdpr register', 'kakskümmend tuli', 'microsoft esimese', 'keelatud tase', 'kümnetesse', 'kõlari']"
95,15,95_liikumise_trennis_treeningutel_trenni,"['liikumise', 'trennis', 'treeningutel', 'trenni', 'treeneri', 'aeg lapsed', 'spordi', 'liikuma', 'ise minna', 'liikumisest', 'aitäh kristo', 'liikumise koha', 'kuuekümne minuti', 'aktiivsust', 'teame palju']"
96,15,96_viieteist minuti_korteri_maju_korterid,"['viieteist minuti', 'korteri', 'maju', 'korterid', 'majad', 'maja', 'arendaja', 'hind number', 'ponava', 'renoveerimiseks', 'eluasemepoliitika', 'karpide', 'lasnamäe', 'natukese', 'minuti']"
97,15,97_gaasi_gaas_metaan_kasutegur,"['gaasi', 'gaas', 'metaan', 'kasutegur', 'gaasijaama', 'biomassi', 'vastu turgu', 'põlevkiviga', 'iberia', 'gaasijaam', 'salvestuslahendused', 'gaasi peal', 'gaasijaamadest', 'gaasist', 'elering']"
98,15,98_lastekodus_lastekodu_paluksin siia_asenduskodu,"['lastekodus', 'lastekodu', 'paluksin siia', 'asenduskodu', 'tallinna lastekodu', 'asenduskodus', 'häbenevad', 'pelgavad', 'oled lastekodust', 'kaarel', 'paluksin', 'lastekodust', 'lastekodusse', 'pitser', 'pelgavad häbenevad']"
99,15,99_julia_minna suhelda_julguse taha_hooldavad,"['julia', 'minna suhelda', 'julguse taha', 'hooldavad', 'tervikus', 'võite näha', 'sildid', 'kokkuvõtet', 'suhelda pea', 'piisavalt vabatahtlikud', 'kodulooma', 'ikka viiekesi', 'tuleme siia', 'nimelisi komme', 'loen keskkonnamõju']"
100,15,100_pangandus_panganduses_näitlejate_inimkeskse,"['pangandus', 'panganduses', 'näitlejate', 'inimkeskse', 'hästi tundlikud', 'looming', 'tundlikud andmed', 'error', 'pangakonto', 'treenimise', 'öelda nendele', 'euroopa ülene', 'gdpr', 'pangakonto andmed', 'ilusti kingivad']"
101,15,101_miinimumpalk_miinimumpalga_miinimumpalka_miinimumpalgaga,"['miinimumpalk', 'miinimumpalga', 'miinimumpalka', 'miinimumpalgaga', 'palk', 'miinimumpalgast', 'lenno', 'kaia', 'maksta', 'nõrk argument', 'nelikümmend kuus', 'miinimum', 'miini', 'keskmine palk', 'protsenti keskmisest']"
102,15,102_kaitsevägi_kaimo_kaitsevägi ütleb_kaitseväge,"['kaitsevägi', 'kaimo', 'kaitsevägi ütleb', 'kaitseväge', 'taluvuse', 'artikkel kolm', 'kaitseväe', 'kaitsetahe', 'riigikaitse', 'elanikkonna', 'riigikaitsesse', 'taluvuse piir', 'kaitse', 'sõjalisele', 'nato']"
103,15,103_uute materjalide_materjalide_puidu_võimalus alati,"['uute materjalide', 'materjalide', 'puidu', 'võimalus alati', 'ringmajandust', 'ringmajanduse', 'plasti', 'ringmajandus', 'tööstuspark', 'kemikaali', 'materjalide loomisel', 'algas kuskil', 'kvantarvuti', 'väärindamiseks uute', 'ökotööstuspark']"
104,14,104_raudtee_rail_rail baltica_baltica,"['raudtee', 'rail', 'rail baltica', 'baltica', 'rail baltic', 'pärnu', 'baltic', 'kilomeetrit tunnis', 'läbi pärnu', 'valga', 'tallinn pärnu', 'peatus', 'rapla', 'rail balticu', 'balticu']"
105,14,105_tööstus_tööstused_tööstusi_ühiku hind,"['tööstus', 'tööstused', 'tööstusi', 'ühiku hind', 'tööstust', 'kana küsimus', 'ühiku', 'väljume', 'otepääl', 'ühikute', 'tööstusest', 'kust king', 'tuleb enda', 'muna kana', 'pigistab']"
106,14,106_mäng_viska_gta_fortnite,"['mäng', 'viska', 'gta', 'fortnite', 'tähe', 'sobib teile', 'internetis teevad', 'osa mängust', 'tähe kuju', 'tähe maa', 'aega veedavad', 'muusika kuulamine', 'tähemaa', 'tomat', 'sellist mängu']"
107,14,107_elurikkuse_süsiniku_elurikkust_süsinikukrediite,"['elurikkuse', 'süsiniku', 'elurikkust', 'süsinikukrediite', 'ando', 'maaomanike poolt', 'maaomanike', 'süsinikukrediidid', 'süsinikku', 'jaan', 'süsinikukrediiti', 'toyota', 'ostja', 'sidumist', 'base']"
108,14,108_parim enne_kõlblik_toitu_kõlblik kuni,"['parim enne', 'kõlblik', 'toitu', 'kõlblik kuni', 'kuupäeva', 'toidujäätmeid', 'toidu', 'kodudes', 'parim', 'rohkem maasikamaitseline', 'maasikamaitseline', 'toode', 'toiduohutuse', 'snäkid', 'palju toitu']"
109,14,109_eleringi_tuhat kolmkümmend_elektri_gaasijaamad,"['eleringi', 'tuhat kolmkümmend', 'elektri', 'gaasijaamad', 'hoida olemasolevaid', 'eleringil', 'elektri hind', 'juhitavaid', 'estlink', 'auvere', 'turult', 'lävendi', 'teravatt', 'jaam', 'teravatt tundi']"
110,14,110_kolis_diagnoosi_ravi peale_soovidest,"['kolis', 'diagnoosi', 'ravi peale', 'soovidest', 'vähk', 'vähidiagnoos', 'suren', 'haigus', 'prognoosi', 'lähedased', 'diagnoos', 'krooniline', 'mugavamaks', 'pankri asja', 'õpetanud kunagi']"
111,14,111_kaugtöö_töötaja_kontoris_kontorisse,"['kaugtöö', 'töötaja', 'kontoris', 'kontorisse', 'kaugtööd', 'kiusab', 'kaugtööle', 'hübriidtöö', 'tööandja', 'kuusteist kolmkümmend', 'tööaeg', 'tähte taga', 'aeg tegi', 'kodus mõnes', 'töögiusu']"
112,14,112_pöial_noor_küsida abi_kellel toetav,"['pöial', 'noor', 'küsida abi', 'kellel toetav', 'kaheksateist', 'pöial püsti', 'olukorras noor', 'julge küsida', 'õpi tööta', 'noorte garantii', 'noore', 'toetav', 'poissi', 'alles noorsootööd', 'suhtes suuda']"
113,14,113_tütarlaps_oled enne_vastasus_iga seitsmes,"['tütarlaps', 'oled enne', 'vastasus', 'iga seitsmes', 'katseta katseta', 'pessimistlikum pool', 'pessimistlikum', 'suhtumiste', 'vasta euroopa', 'imeline tervenemine', 'efektne', 'tervenemine', 'katseta', 'mõned inimesed', 'läinud oluline']"
114,14,114_taltech_matemaatika_doktorantide_elektroenergeetika,"['taltech', 'matemaatika', 'doktorantide', 'elektroenergeetika', 'karmen', 'taltechi', 'energeetika', 'mehhatroonika', 'energiasalvestus', 'kõrged punktid', 'vladislav', 'energeetikasse', 'õige valik', 'taltechis', 'brenda']"
115,14,115_survesta_käib alla_kolme aastaga_miinus kümme,"['survesta', 'käib alla', 'kolme aastaga', 'miinus kümme', 'kolm dollarit', 'rohkem tööl', 'isasid', 'emadele', 'sünnib', 'naistel', 'pluss miinus', 'lapsi', 'rääkimata puudega', 'väikelinna jagu', 'alla majandus']"
116,14,116_tuumajaama_tuumajaam_tuumajaamad_tuumaenergia,"['tuumajaama', 'tuumajaam', 'tuumajaamad', 'tuumaenergia', 'tuuma', 'georg', 'tuhande tunni', 'tuumajaama puhul', 'juhitud võimsuste', 'tuumajaam tuleb', 'kanadas', 'baaskoormus', 'tuleb kunagi', 'reaktor', 'tuumaenergeetika']"
117,14,117_lasteaias_lapsevanem_lasteaia_lapsevanem peaks,"['lasteaias', 'lapsevanem', 'lasteaia', 'lapsevanem peaks', 'lapsevanema', 'magama', 'lapsevanemate', 'tundma tal', 'perevestlus', 'lõunauni', 'ga igapäevaselt', 'koosoleku teema', 'tahab kaasatud', 'lasteaiapidaja', 'omavahel tuttavaks']"
118,14,118_radikaliseerumise_radikaliseerumine_vägivalla_ideedega,"['radikaliseerumise', 'radikaliseerumine', 'vägivalla', 'ideedega', 'oksana', 'sting', 'noored vene', 'vähemusi', 'ilmajäetus', 'äärmuslus', 'räägivadki', 'ringo', 'ideoloogia', 'äärmuslikke', 'vene']"
119,13,119_niheleb_kleepsud_niheleb niheleb_ehitusplats,"['niheleb', 'kleepsud', 'niheleb niheleb', 'ehitusplats', 'niheleb ütleb', 'kõige mustem', 'mustem stsenaarium', 'töötajad', 'valukoht', 'mustem', 'tööandja', 'tütarlaps', 'väärtuslik töötaja', 'doominoefekt viis', 'võib sujuvus']"
120,13,120_agent_tarkvara_agendi_volituste,"['agent', 'tarkvara', 'agendi', 'volituste', 'deterministlik', 'isikule', 'agent öelda', 'volitusel', 'prompt', 'agendid', 'agentide', 'agentidest', 'isikukood', 'olema rooli', 'isikule saame']"
121,13,121_nõrgem osapool_nõrgem_alati nõrgem_osapool,"['nõrgem osapool', 'nõrgem', 'alati nõrgem', 'osapool', 'töötaja', 'ametiühing', 'katseaeg läbi', 'tööga kindlustamata', 'lähe koju', 'tööandja', 'kindlustamata', 'töötaja tööandja', 'katseaeg', 'riigikohtu', 'üles öelda']"
122,13,122_kõrghariduse_kõrgharidus_elamiskulusid_kõrgharidusele,"['kõrghariduse', 'kõrgharidus', 'elamiskulusid', 'kõrgharidusele', 'kõrgharidusse', 'arvutuse teinud', 'elamiskulusid kinni', 'tudengite', 'pensionite', 'tasuta', 'kõrgharidust', 'üliõpilased', 'ühtegi lisasenti', 'lisasenti', 'saanud kõrgharidus']"
123,13,123_jalgpallis_jalgpall kõige_klubisid_mangusime,"['jalgpallis', 'jalgpall kõige', 'klubisid', 'mangusime', 'loomulik protsess', 'ronaldo', 'treeneri', 'näeme täna', 'majandusloogika', 'kaspar', 'miljonit inimest', 'jalgpall', 'jalgpalli', 'olümpiavõitja', 'spetsialiseeruda']"
124,13,124_postitada_postitavad_postitused_pilte,"['postitada', 'postitavad', 'postitused', 'pilte', 'postitusi', 'postitamisi', 'postitanud', 'lapsest', 'siinkohal', 'vanemad', 'postita', 'näidata kohane', 'postitame', 'kuni lapsed', 'lapsega']"
125,13,125_keerleb ümber_kov_kõrghariduseni_keerleb,"['keerleb ümber', 'kov', 'kõrghariduseni', 'keerleb', 'õigusraamistik', 'omavalitsuses', 'silotornide teema', 'edasi kohalikus', 'perekonna tervishoiu', 'oluline vastupidi', 'lapse samal', 'emal isal', 'naabrilapsi', 'turg avatud', 'ajal taha']"
126,13,126_istanbuli_konventsiooni_konventsioon_istanbuli konventsiooni,"['istanbuli', 'konventsiooni', 'konventsioon', 'istanbuli konventsiooni', 'istanbuli konventsioon', 'kõrvalseisja', 'konventsiooniga', 'olema kaasatud', 'konventsioon tegeleb', 'konventsioonist', 'istanbul', 'feminist', 'euroopa nõukogu', 'võimu küsimus', 'vägivallaga']"
127,13,127_väikeses maakoolis_maakoolis_klassist_rohkem autonoomiat,"['väikeses maakoolis', 'maakoolis', 'klassist', 'rohkem autonoomiat', 'õppekava', 'klassi', 'uhked', 'autonoomiat', 'klassiruumis', 'koolis', 'grupeerida', 'õpilasele', 'kool', 'väikeses', 'õpilasesindus']"
128,13,128_vajaduste_hakkama saama_kutt_kerib,"['vajaduste', 'hakkama saama', 'kutt', 'kerib', 'hiilida', 'poiste', 'kavatseb', 'pea tingimata', 'hoidsin', 'põhikooli alguses', 'öelda teenust', 'ikka pro', 'vanemad ema', 'otseselt kunagi', 'tema valik']"
129,13,129_taastuvenergia_taastuvenergiat_korrelatsioon_ainult taastuvenergiat,"['taastuvenergia', 'taastuvenergiat', 'korrelatsioon', 'ainult taastuvenergiat', 'adven', 'taastuvate', 'tundidel', 'kõige soodsam', 'protsenti peaks', 'pelleti', 'tarbimine', 'tarbimise', 'soodsam', 'tuul', 'väike maarja']"
130,13,130_naiskodukaitses_reelika_naiskodukaitse_pidupäev,"['naiskodukaitses', 'reelika', 'naiskodukaitse', 'pidupäev', 'evakuatsioonirühma', 'naiskodukaitsega', 'õppuseid', 'evakuatsiooni', 'torm', 'rohkem öelda', 'äpp', 'reelika käib', 'hea kuulsite', 'talitus', 'intervjuud kelle']"
131,13,131_kaitseliidu_riigikaitse_lai riigikaitse_nato staapides,"['kaitseliidu', 'riigikaitse', 'lai riigikaitse', 'nato staapides', 'staapides', 'olavi', 'kaitseliit', 'kaitseliitu', 'vaba tahe', 'hoolt kandma', 'sõjaline riigikaitse', 'nõuniku', 'sõda', 'palju muid', 'tutvustavad']"
132,12,132_türgis_hambad_türgi_hammas,"['türgis', 'hambad', 'türgi', 'hammas', 'türki', 'hambaid', 'hammastega', 'hammaste', 'krooni', 'hambaarsti juures', 'hambaraviga', 'hambad selliseks', 'türgi hambaravi', 'meditsiiniturismi', 'türgi hammastega']"
133,12,133_põlevkivi_põlevkivist_tänases regulatsioonis_eleringis,"['põlevkivi', 'põlevkivist', 'tänases regulatsioonis', 'eleringis', 'regulatsioonis', 'elektroenergeetika', 'täna põlevkivi', 'küsimustega peaksime', 'variant tänases', 'energianälg', 'projekte ida', 'lääne eestis', 'parim kindlasti', 'lõpphind', 'tõenäoliselt saadaolevatest']"
134,12,134_elektrisüsteem_elektrisüsteemi_taastamist_elektrivõrk,"['elektrisüsteem', 'elektrisüsteemi', 'taastamist', 'elektrivõrk', 'elektrisüsteemi taastamist', 'tarbimise tootmise', 'inertsi', 'juhitavaid', 'eesti elektrisüsteem', 'taastamist alustada', 'võimsuseid', 'tasakaalust välja', 'megavatti', 'sagedusreservi', 'ktri']"
135,12,135_välisüliõpilaste_teisel kujul_üliõpilast_õpirände,"['välisüliõpilaste', 'teisel kujul', 'üliõpilast', 'õpirände', 'välismaal', 'läbi lüüa', 'hoolima', 'mõjutanud välisüliõpilaste', 'tudengeid euroopast', 'välisüliõpilaste vastuvõttu', 'väljakutse teise', 'omandada üldse', 'ajal sündis', 'valdkondades head', 'üliõpilase asemel']"
136,12,136_väärtused_väärtustest_väärtuspõhine_väärtuste,"['väärtused', 'väärtustest', 'väärtuspõhine', 'väärtuste', 'väärtustest räägime', 'väärtuspõhine otsus', 'head teod', 'kelle väärtustest', 'selge väärtuspõhine', 'jäävad maha', 'visioon', 'maria', 'hea juht', 'ütled ausus', 'eesti ametkonnal']"
137,12,137_audi_audile_töötleva_kaitsetööstus,"['audi', 'audile', 'töötleva', 'kaitsetööstus', 'tööstust', 'inseneride', 'tehnikat', 'brändi', 'tehas', 'laskemoona', 'nk samamoodi', 'loonud valdkonnas', 'valdkonnas üsna', 'pank edasi', 'sitta']"
138,12,138_virsiku_põlva_mustamäel_kolmandik väiksem,"['virsiku', 'põlva', 'mustamäel', 'kolmandik väiksem', 'ruumi vaja', 'virsiku maitseline', 'maitseline', 'arvamustega', 'rotid', 'arvas ühiskonnal', 'ongi projektide', 'peal arvas', 'natuke puid', 'ühiskonnal kogukonnal', 'võib linn']"
139,12,139_loodus_printsiipi_puutepunkt_majandus oluline,"['loodus', 'printsiipi', 'puutepunkt', 'majandus oluline', 'mullad', 'metsa maha', 'peaks kaitsma', 'viisteist seitseteist', 'ohus', 'kiidame', 'hästi majandusmudelites', 'inforteril metsanduses', 'hästi majanduslikus', 'ökosüsteem loodus', 'üldhuvilisena']"
140,12,140_tehisintellekti poolt_teaduse_teadust_küllalt,"['tehisintellekti poolt', 'teaduse', 'teadust', 'küllalt', 'tehisintellekti', 'publikatsioonide', 'publikatsioonide arv', 'teaduse tegemine', 'tehisintellekt', 'sensorite', 'teadlase', 'koodeks', 'andmeid', 'palju andmeid', 'koguda']"
141,12,141_tohi ehitada_maailm muutub_mitut_aasta lähevad,"['tohi ehitada', 'maailm muutub', 'mitut', 'aasta lähevad', 'põhjalik analüüs', 'kliimakahju', 'ajal kättesaadav', 'mitut tuuleparki', 'popsuvad', 'teadlase rollist', 'sinu jagu', 'peaks mure', 'koos kellega', 'kätkes', 'teadlase rolli']"
142,12,142_hiina_hiinast_hiinlased_hiinasse,"['hiina', 'hiinast', 'hiinlased', 'hiinasse', 'hiinas', 'hiinaga', 'pordi', 'tollid', 'apple', 'tollimaksud', 'usa', 'agressiooni', 'tollimaksud hakkavad', 'itaalia', 'globaalsed väärtusahelad']"
143,12,143_kaie_miina_väikeettevõtja_ettevõtjaks,"['kaie', 'miina', 'väikeettevõtja', 'ettevõtjaks', 'ille', 'teemal kaasa', 'väikeettevõtted', 'ettevõtlust', 'eluviis', 'ettevõtluse', 'tulnud meile', 'mikroettevõtja', 'ettevõtja', 'evea', 'väikeettevõtjad']"
144,12,144_kaugkütte_kaugküte_piirkonnad_vaba turg,"['kaugkütte', 'kaugküte', 'piirkonnad', 'vaba turg', 'piirkondades', 'tarbija', 'kaugküttele', 'püsitasu', 'õunu', 'nõudmisi', 'kaugkütte ettevõte', 'kaugjahutus', 'tarbija vaatest', 'soojus', 'saia']"
145,12,145_venemaa_itaalias_läänemere_itaalia,"['venemaa', 'itaalias', 'läänemere', 'itaalia', 'itaallased', 'varilaevastiku', 'lähemal', 'roomas', 'finantskuritegude', 'venekeelne elanikkond', 'panama', 'saksamaa', 'kõige lähemal', 'itaallastel', 'kahtlemata']"
146,12,146_kindlal kellaajal_autonoomia_kindlal_kaableid,"['kindlal kellaajal', 'autonoomia', 'kindlal', 'kaableid', 'kellaajal', 'peale seitset', 'kogeda kõrgemat', 'kliendi kaableid', 'kaasas päeva', 'tivatsiooni', 'võimaldab kogeda', 'nimelt paindlikkus', 'olemuslikult kõrgem', 'keevitusinseneri', 'masina nimi']"
147,12,147_sotsiaalmeedias_palgi_herman_räägid poliitikutest,"['sotsiaalmeedias', 'palgi', 'herman', 'räägid poliitikutest', 'poliitikutest', 'ratase', 'jüri ratase', 'palgi õlale', 'milline sisu', 'jõuluvana', 'sotsiaalmeedia', 'palki', 'ilona', 'natali', 'avalik arutelu']"
148,12,148_lastefondis_annetajate_lastefondi_tegevuskulud,"['lastefondis', 'annetajate', 'lastefondi', 'tegevuskulud', 'annetajad', 'lastefond', 'fondina', 'fondi', 'organisatsiooni', 'annetaja', 'muu taoline', 'annetajatele', 'turunduskulud', 'turunduskulud muu', 'tahaks liikuda']"
149,12,149_ai_keelata_õpilased_õppeprotsessis,"['ai', 'keelata', 'õpilased', 'õppeprotsessis', 'kasutavad', 'lõputööd', 'mille jaoks', 'saa ai', 'päriselt julge', 'levitada sellepärast', 'rohkem levitada', 'käigus õppisin', 'seni varjaks', 'lapsevanemad muudkui', 'sama pilt']"
150,12,150_lapsi saada_lapsi_sissetulek_kelle sissetulek,"['lapsi saada', 'lapsi', 'sissetulek', 'kelle sissetulek', 'majanduslik koormus', 'vanemluse', 'partneri', 'rohkem lapsi', 'taskuraha', 'ühe lapse', 'majanduslik', 'partnerit', 'just esimese', 'koormus', 'burksi']"
151,12,151_asendab_kakskümmend kakskümmend_õppimisprotsessi_õpetaja,"['asendab', 'kakskümmend kakskümmend', 'õppimisprotsessi', 'õpetaja', 'õpetajate', 'õpilased', 'õpetajaid', 'julius', 'pikaajalises perspektiivis', 'omandasid', 'põnevusega', 'õppeprotsessi', 'tekstist', 'ipad', 'pikaajalises']"
152,12,152_eesti president_president_munadega_poliitikutele,"['eesti president', 'president', 'munadega', 'poliitikutele', 'poliitiku', 'poliitiku töö', 'kipu', 'kuule kristiina', 'rääkisime meestele', 'sotsiaalsed grupid', 'üsna pingeline', 'õhtu hilja', 'tulevad arenevadki', 'töö paistab', 'president esindusfunktsioon']"
153,12,153_want_think_yes_don,"['want', 'think', 'yes', 'don', 'thank', 'situation', 'thinking', 'education', 'level', 'cbrn', 'know', 'probably', 'protected', 'say', 'lot']"
154,12,154_osman_armastusest_võimestava_lõikasid,"['osman', 'armastusest', 'võimestava', 'lõikasid', 'ramadani', 'eestlaskond', 'mitu inimest', 'reeglit kingisin', 'sama prantsuse', 'natuke ideaal', 'armastusest rääkima', 'armastusest raamat', 'ramadani ajal', 'väljakutsumine professionaalsed', 'väljakutsumine']"
155,12,155_volikogu_vastuvõtmine_planeerimisprotsessi_planeeringu,"['volikogu', 'vastuvõtmine', 'planeerimisprotsessi', 'planeeringu', 'ehitajad', 'ühtki küsimust', 'äärekivi', 'planeeringute', 'planeeringut', 'kõnnitee', 'maa ruumiamet', 'kehtestata', 'ruumiamet', 'pigistab', 'kehtestatud']"
156,12,156_kooli_läks kooli_eelkooli_kool,"['kooli', 'läks kooli', 'eelkooli', 'kool', 'kooli roll', 'lastevanemate koosolekul', 'lasteaiast', 'tugevused saavad', 'koolivalmidus', 'plaksutad', 'usalduse sõna', 'tundis tähti', 'lasteaiast kaks', 'rühma tehakse', 'duubeldamist']"
157,12,157_näeme teadlikkus_teadlikkus kasvab_üldplaneering_pärjad,"['näeme teadlikkus', 'teadlikkus kasvab', 'üldplaneering', 'pärjad', 'teemaplaneering', 'puidust', 'arhitektide', 'arhitektid', 'planeeringud', 'detailplaneeringu', 'ruumilise', 'tema harjumused', 'arhitektuurikonkursi raames', 'arhitektuurikonkursi', 'rohekoridorid']"
158,11,158_sõidab sõidab_sõidab_ratas_rattaga,"['sõidab sõidab', 'sõidab', 'ratas', 'rattaga', 'puutetundlik', 'näitan kohe', 'puututundlik', 'mõni mõte', 'ratast', 'torni', 'plekk', 'tagumine', 'loopima', 'pahane', 'sõideti']"
159,11,159_kriis_jaoks kriis_kriisi_kriisis,"['kriis', 'jaoks kriis', 'kriisi', 'kriisis', 'kriis vaid', 'padi', 'boonust', 'tunnetuse küsimus', 'eesliini', 'vaatadki', 'saavutus', 'tööõiguse', 'juht', 'kukub kusagilt', 'kergemaks pigem']"
160,11,160_majanduskasv_majandus_tasaareng_inimloodud,"['majanduskasv', 'majandus', 'tasaareng', 'inimloodud', 'võlgade', 'majandus kasva', 'heleri', 'majanduse', 'ressursid otsas', 'ressursikasutusest', 'ressursikasutusest püütud', 'saame majandus', 'külmkapp läheb', 'loonud inimene', 'tõuseb langeb']"
161,11,161_heli_hertsi_modulatsioon_infraheli,"['heli', 'hertsi', 'modulatsioon', 'infraheli', 'tuugeni', 'null koma', 'amplitud', 'helisid', 'sagedus', 'tuugen', 'jüri käest', 'müra', 'häirib', 'harmoonik', 'jüri']"
162,11,162_nato_muutumises_nat_nato enam,"['nato', 'muutumises', 'nat', 'nato enam', 'merejalaväe', 'balti', 'võimed', 'põhja balti', 'riikide', 'rootsiga', 'sõjalised', 'nato st', 'jutt nato', 'tuhat ruut', 'näide needsamad']"
163,11,163_tervisekassa_tervishoiuteenuste_tervisekassa raha_igal asutusel,"['tervisekassa', 'tervishoiuteenuste', 'tervisekassa raha', 'igal asutusel', 'üsna sageli', 'ravi', 'asutusel', 'kabinetis', 'kabinetis koos', 'pakume tervisekassa', 'lima', 'matuserahad laristatud', 'kroonilisi haigusi', 'praegu seisabki', 'matuserahad']"
164,11,164_kliimaneutraalne_kliimaseadusega_juhtus kliimaseadusega_paanika,"['kliimaneutraalne', 'kliimaseadusega', 'juhtus kliimaseadusega', 'paanika', 'muidu saaks', 'selliseid väiteid', 'climate smart', 'tekita', 'climate', 'alternatiivkulu', 'samasuguseid näiteid', 'püsimiseks', 'asja samasuguseid', 'seadus võetakse', 'suuna räägivad']"
165,11,165_naiste käest_emaduslõiv_naiste_naine,"['naiste käest', 'emaduslõiv', 'naiste', 'naine', 'meestele', 'naised', 'lastel läheb', 'lastega kodus', 'jääb koju', 'töö pereelu', 'abikaasa', 'kohustuslikus korras', 'naistelt', 'mees', 'palgalõhe']"
166,11,166_näiteks ilma_kõige uudishimulikum_uudishimulikum_võimalik õppida,"['näiteks ilma', 'kõige uudishimulikum', 'uudishimulikum', 'võimalik õppida', 'edust', 'loom', 'rebane', 'toetaval', 'tahan õppida', 'koer', 'mälu', 'lõputult pikendada', 'ülipopulaarsed', 'teadmist konstrueerimata', 'pikendada meile']"
167,11,167_integratsiooni_integration_rändest_integratsiooni juures,"['integratsiooni', 'integration', 'rändest', 'integratsiooni juures', 'integreeruda', 'kahepoolne', 'rände puhul', 'räägime praegustest', 'korraldus kajastus', 'pool uks', 'rändetaustaga', 'haridust mõjutab', 'kohe ligipääsu', 'korraldajate hea', 'perspektiivne rahvus']"
168,11,168_metsa_tuhande hektari_majandusmetsade_metsad,"['metsa', 'tuhande hektari', 'majandusmetsade', 'metsad', 'kaitsealade', 'arvutati', 'majandusmetsas', 'pindala', 'puidutulu', 'hektari', 'metsaomanikke', 'metsi', 'raievanused', 'majandamise', 'kaitse']"
169,11,169_puitmaja_reimo_metsade_puitu,"['puitmaja', 'reimo', 'metsade', 'puitu', 'metsade majandamist', 'kliimatarga', 'mets', 'puitu võimalik', 'kliimatarga metsanduse', 'süsiniku', 'kristi', 'metsa', 'metsale', 'majandamist', 'kliimateadlik']"
170,11,170_juhitavaid_võimsuseid_juhitavaid võimsuseid_riigiabi,"['juhitavaid', 'võimsuseid', 'juhitavaid võimsuseid', 'riigiabi', 'hange', 'võimsuseid vaja', 'võimsust', 'erki sapp', 'sapp', 'juhitavate', 'juhitavad', 'hanke', 'megavati ulatuses', 'viiesaja megavati', 'megavatti']"
171,11,171_kaugkütte_kaugküte_indrek teie_soojuspumbad,"['kaugkütte', 'kaugküte', 'indrek teie', 'soojuspumbad', 'püsikomponent', 'piirkondades võib', 'hind', 'soojuspumpade', 'hoonetes', 'ühes piirkonnas', 'maagaasi', 'soojuspumba', 'jumet', 'kaugkütet', 'kaugküttevõrgus']"
172,11,172_ikt_tehnoloogiasektoris_tüdrukud_ikt tööd,"['ikt', 'tehnoloogiasektoris', 'tüdrukud', 'ikt tööd', 'sektoris', 'tüdrukutele', 'ikt valdkonna', 'ikt valdkonnas', 'poisid', 'tüdrukute', 'naisi', 'neli kakskümmend', 'aitan paremat', 'proovile igapäevaselt', 'tööd tehnilised']"
173,11,173_patsiendi_vahel erinevate_patsiendiorganisatsioonid_kvaliteedisüsteemi,"['patsiendi', 'vahel erinevate', 'patsiendiorganisatsioonid', 'kvaliteedisüsteemi', 'patsientide', 'välisravile', 'perearstidele', 'ajast töö', 'kompetentsikeskus', 'patsiendi organisatsioonid', 'patsiendi teadlikkus', 'patsiendi tagasiside', 'tulistamised versus', 'kultuurkihid omavahelised', 'tallinnas arvatakse']"
174,11,174_graffiti_grafiti_tänavakunsti_tänavakunst,"['graffiti', 'grafiti', 'tänavakunsti', 'tänavakunst', 'ülo', 'loaga', 'graffitist', 'tänavakunsti puhul', 'grafitil', 'lõngus', 'graffitist keerulisem', 'outsider', 'keerulisem saada', 'graffiti vastu', 'lihtsam hukka']"
175,11,175_malev_malevas_maleva_õpilasmaleva,"['malev', 'malevas', 'maleva', 'õpilasmaleva', 'õpilasmalev', 'valter', 'rühmajuht', 'malevlasi', 'arened', 'rühm', 'malevlaste', 'malevlaste arv', 'vaikselt läksime', 'esimene maleva', 'malevaga']"
176,11,176_aktiivne_kooli ajal_isabella_kooliaed,"['aktiivne', 'kooli ajal', 'isabella', 'kooliaed', 'spetsiifikat näe', 'olin aktiivne', 'spetsiifikat', 'õppekeelepõhine', 'õppekeelepõhine pigem', 'tahe ütleks', 'tervislik elukeskkond', 'kooli õppekeeles', 'käisin meid', 'emakeelest kooli', 'aktiivne kool']"
177,11,177_vitamiine_dialoogi_tõesti mõttetu_kukud tasapisi,"['vitamiine', 'dialoogi', 'tõesti mõttetu', 'kukud tasapisi', 'tasapisi sealt', 'karjääris saa', 'uusbergilt', 'tunne paremaks', 'vitamiine tunne', 'mõttetu tunned', 'tunned tõesti', 'teed samu', 'saada kukud', 'sellepärast tunned', 'dialoogi vajalikkusest']"
178,10,178_diskrimineerimine_las läheb_töökiusu_koheldakse,"['diskrimineerimine', 'las läheb', 'töökiusu', 'koheldakse', 'töökius', 'koheldakse ebavõrdselt', 'mind diskrimineeritakse', 'peale tööandja', 'töökiusust', 'sõna diskrimineerimine', 'tahte vastane', 'puuktööotsija', 'diskrimineerimise', 'vaenulik', 'diskrimineeritakse']"
179,10,179_kiusatav_kahte poolt_tal endal_vangla,"['kiusatav', 'kahte poolt', 'tal endal', 'vangla', 'kiusaja', 'läbiviijad', 'üle järgmisse', 'kaupmeeste', 'tegutsemine tegutsemise', 'töötavad tead', 'etappi tegutsemine', 'poolt valin', 'initsiatiivikas', 'vaja kahte', 'trupis']"
180,10,180_hüvitist_töölepingu_töökius_nõue,"['hüvitist', 'töölepingu', 'töökius', 'nõue', 'lõpetamise', 'ülesütlemise', 'töökiusamise', 'töötaja', 'töölepingu lõpetamine', 'prisma', 'ikka ikka', 'praktiliselt iga', 'töötajad', 'töötajad võtnud', 'iseseisvana']"
181,10,181_tänavakunst_legaalne_kavandit_tänavakunsti,"['tänavakunst', 'legaalne', 'kavandit', 'tänavakunsti', 'tänavakunst peaks', 'olema legaalne', 'kairo', 'illegaalsuse', 'illegaalne', 'tänavakunstis', 'illegaalset', 'stensibility', 'kunstnik', 'tänavakunstist', 'kunsti']"
182,10,182_majandusharu_kultuur majandusharu_narratiivi_kultuur,"['majandusharu', 'kultuur majandusharu', 'narratiivi', 'kultuur', 'rahandusministeerium', 'kultuuri', 'mingit tüüpi', 'meile võõras', 'riigi kulude', 'box office', 'alakategooria', 'kultuur haridus', 'seoseid', 'maksimeerida', 'oskame']"
183,10,183_keeles_eesti keeles_eesti keel_google translate,"['keeles', 'eesti keeles', 'eesti keel', 'google translate', 'translate', 'keel', 'mudelid', 'keeles eesti', 'sonnet', 'keele instituudis', 'google', 'eesti keele', 'mudelite', 'keele', 'keelemudelitega']"
184,10,184_delaware_luksemburgi_ink_residentsuse,"['delaware', 'luksemburgi', 'ink', 'residentsuse', 'luksemburgis', 'kärt', 'fondi', 'eu', 'delaware singapur', 'intressi', 'avalikud', 'eu ink', 'tekib mõte', 'võib nõksa', 'kärt viitas']"
185,10,185_õpituvastusi_lahinguväljal_ballistiliste rakettide_ballistiliste,"['õpituvastusi', 'lahinguväljal', 'ballistiliste rakettide', 'ballistiliste', 'uav', 'mätta alla', 'raketid', 'õhutõrjet', 'ballistilise', 'itaallaste', 'rakettide', 'mätta', 'droonid', 'alternatiive', 'mehitamata']"
186,10,186_mehaanilise_tarbija tellib_tjate eesti_traditsioonilisi traditsioonilist,"['mehaanilise', 'tarbija tellib', 'tjate eesti', 'traditsioonilisi traditsioonilist', 'riigiekspordist', 'traditsioonilist töö', 'koos toidutöödega', 'transport kallis', 'transportima transport', 'loomulikult traditsioonilisi', 'inseneride suhtes', 'tööstuse mõttes', 'laiali eksportida', 'teenusemajandus', 'sellepärast härrale']"
187,10,187_jalgsi_liikumisest_puuga_tervena,"['jalgsi', 'liikumisest', 'puuga', 'tervena', 'trenni', 'liikumisharrastuse', 'soola', 'klahvid', 'rohkem taimi', 'üles roni', 'rattaga', 'liikumise', 'lähen trenni', 'räägime liikumisest', 'magamine']"
188,10,188_kardioloogias_raha ennetusse_tervise tulevikuala_ühtset teekonda,"['kardioloogias', 'raha ennetusse', 'tervise tulevikuala', 'ühtset teekonda', 'adlas', 'teaduskirjandust toetab', 'väärtut', 'karilaid', 'ühte teekonda', 'konkreetse küsimusega', 'pereõdedel', 'pärast trükipressi', 'õdedele rohkem', 'raul adlas', 'talletatud alustan']"
189,10,189_lapsega_vanemaga_lapse_teatamata,"['lapsega', 'vanemaga', 'lapse', 'teatamata', 'ette teatamata', 'märkama', 'pereprotsessi protsesside', 'lapse märkamine', 'väikelapse', 'vajadused öelda', 'jäetud seni', 'järsku teda', 'protsesside sisse', 'lapsele parimat', 'jälle ideaalolukord']"
190,10,190_ravim_omaosalus_ravimid_ravi,"['ravim', 'omaosalus', 'ravimid', 'ravi', 'tervisekassa', 'ravimite', 'omaosalus näiteks', 'uute ravimite', 'ravimi', 'ravimit', 'rahastatav', 'intervallsüstravi', 'kollatähni', 'tuleb oodata', 'omaosalust']"
191,10,191_ukraina_ukrainlased_ukraina kogukonna_ukraina keskus,"['ukraina', 'ukrainlased', 'ukraina kogukonna', 'ukraina keskus', 'ulme', 'arengusse', 'ukraina kogukond', 'kolisin', 'saaremaal kuhu', 'tuhat ukraina', 'arengusse sellepärast', 'vahet kust', 'inimesed vaatega', 'sellepärast tulevad', 'ukraina kodanikku']"
192,10,192_tuhat nelikümmend_kaks pool_keskne küsimus_nelikümmend sellega,"['tuhat nelikümmend', 'kaks pool', 'keskne küsimus', 'nelikümmend sellega', 'sisulised arutelud', 'energiat toodame', 'rohereform kallis', 'teise auto', 'juhitamatu', 'peaks majandus', 'tootmisvõimsuse', 'rohereform', 'tootmishind börsihind', 'ettevõtted sellega', 'majandus teoreetiliselt']"
193,10,193_eelarve_põllumajandus_ühtekuuluvuspoliitika_põllumehed,"['eelarve', 'põllumajandus', 'ühtekuuluvuspoliitika', 'põllumehed', 'põllumajanduspoliitika', 'ühe kava', 'ühtsel', 'ühtsel turul', 'põllumajanduse', 'läbirääkimised', 'ühtekuuluvus', 'põllumajandustootja', 'maaelu', 'raisku', 'fondi']"
194,10,194_reaalained_marietta_õpilasi teeb_iga reis,"['reaalained', 'marietta', 'õpilasi teeb', 'iga reis', 'täna vali', 'tunnikava', 'võimaldab valida', 'valida valesti', 'arendav funktsioon', 'küsimus haridusel', 'ongi arendav', 'funktsioon valikuf', 'suudad oskad', 'vara vale', 'vali võimaldab']"
195,10,195_kapital_kolmekümne päeva_tööturul_jagas linkedinis,"['kapital', 'kolmekümne päeva', 'tööturul', 'jagas linkedinis', 'kapital töötab', 'ai abil', 'ott', 'linkedinis', 'filmitegija', 'jagas', 'ai', 'öelda ai', 'veebilehe', 'päeva jooksul', 'abil']"
196,10,196_välismaalane_välismaalase_välismaalased_ärakasutamist,"['välismaalane', 'välismaalase', 'välismaalased', 'ärakasutamist', 'enda kaasmaalased', 'kaasmaalased', 'ärakasutajad', 'ppa', 'ärimudel', 'töötajad ise', 'majanduslikel eesmärkidel', 'näiteks pikaajalised', 'omale lahendusi', 'ongi samas', 'välja ilmselgelt']"
197,10,197_ugri_soome ugri_marid_verivorsti,"['ugri', 'soome ugri', 'marid', 'verivorsti', 'kirik', 'käiakse koos', 'õigeusk', 'vastupanu', 'california', 'laul', 'soome', 'komi', 'emakeelne', 'suusatavad', 'peak']"
198,10,198_heitkogustega_heitkogustega kauplemise_kauplemise_keskkonnaekspert,"['heitkogustega', 'heitkogustega kauplemise', 'kauplemise', 'keskkonnaekspert', 'kauplemise süsteem', 'heitkoguste', 'vähenevad hind', 'süsteem', 'ühikud', 'vabakutseline suvi', 'ettevõtteid läheb', 'tööst tootmisele', 'kiiremini ühikud', 'krustok tere', 'läheb puhtamale']"
199,10,199_visioon_visiooni_majanduskasv_tuleb kasvama,"['visioon', 'visiooni', 'majanduskasv', 'tuleb kasvama', 'kasvama', 'eesti kakskümmend', 'majandus tuleb', 'ühe inimpõlve', 'inimpõlve jooksul', 'inimpõlve', 'visioon visioon', 'eesti visioon', 'teod lähe', 'pehmeid', 'lähe kokku']"
200,10,200_pistik_õppus_rohetiiger_maitseaine,"['pistik', 'õppus', 'rohetiiger', 'maitseaine', 'testisime läbi', 'olekski kellega', 'lahenduse abil', 'temperatuur enam', 'generaatorid olemas', 'suurt tuult', 'rohetiiger kakskümmend', 'tuult lisaandmeid', 'formuleerida olekski', 'mõistlik suurt', 'seltskonnast rääkida']"
201,10,201_sellele vastust_screen time_lego_inimelu,"['sellele vastust', 'screen time', 'lego', 'inimelu', 'genfi', 'õpid lõpuks', 'heitesse', 'siit siimu', 'jalgrattaõpe tajat', 'jalgrattaõpetaja', 'alusdokument', 'siimu mõtet', 'meele heitesse', 'ajusignaale', 'legod meeldivad']"
202,10,202_hingamise_hingates_märkad_su keha,"['hingamise', 'hingates', 'märkad', 'su keha', 'teadaoleku', 'kellelgi rohkem', 'hingamine', 'proovi märgata', 'pingutuseta', 'võib märkad', 'välja hingates', 'töötab täiesti', 'sisse hingates', 'hingamise juurde', 'igasuguse pingutuseta']"
203,10,203_kobe_kobe kobe_omavalitsusjuhi_eesti olümpiakomitee,"['kobe', 'kobe kobe', 'omavalitsusjuhi', 'eesti olümpiakomitee', 'olümpiakomitee', 'omavalitsustes', 'viadukti', 'teenin sikut', 'suvilasse', 'omavalitsusjuhi valijad', 'siht suur', 'registrikoodide', 'ohtlike jäätmete', 'vahepeal peenas', 'vahepeal raha']"
204,9,204_fookus_ussikese_aju ütleb_fookus fookus,"['fookus', 'ussikese', 'aju ütleb', 'fookus fookus', 'ussike', 'ussikest', 'lehekülge', 'raputas', 'ussikesed', 'ussikene', 'proovi', 'aju', 'maha kuku', 'hea saite', 'fookus hoogus']"
205,9,205_hindamise_hinne_hindamine_hinnete,"['hindamise', 'hinne', 'hindamine', 'hinnete', 'hinded', 'info kogumine', 'hindeid', 'hariduspsühholoog', 'praegune tase', 'hinde pärast', 'tasemetöö', 'puudumisel', 'kogumine', 'hinnetega', 'motiva']"
206,9,206_grillis_tommy grillis_tommy_kakelnud tommy,"['grillis', 'tommy grillis', 'tommy', 'kakelnud tommy', 'kakelnud', 'tuleb avaldada', 'jagasin', 'tv3', 'avaldada', 'imre', 'laulupidu', 'pahaks läinud', 'inimene toob', 'tahtis küsida', 'nda ise']"
207,9,207_ühistu_ühistud_lääne harju_vau,"['ühistu', 'ühistud', 'lääne harju', 'vau', 'andero', 'kristel', 'harju', 'andero teeb', 'vaatest endal', 'vallas lääne', 'vallas oled', 'tutvumisõhtud', 'poolt juhatuse', 'nõu esimest', 'üle hoiame']"
208,9,208_peremeditsiini_esmatasandi_lisapädevuste_siirdamise,"['peremeditsiini', 'esmatasandi', 'lisapädevuste', 'siirdamise', 'residentuuri', 'arstiks', 'töötervishoiuarst', 'töötervishoiuarstid', 'kaugvisiit', 'ilma teineteiseta', 'teineteiseta', 'koostööle', 'heliseb', 'perearst', 'eriarsti']"
209,9,209_keskkonnaamet_linnurahu_sõlmi_tagavara,"['keskkonnaamet', 'linnurahu', 'sõlmi', 'tagavara', 'metsa', 'mets', 'hektari', 'matud välja', 'juhtunud näite', 'õigesti kindlasti', 'vaadata juhtu', 'juhtuda juhul', 'juhul vaadata', 'arvestada võiks', 'okp']"
210,9,210_ajateenistuse_üheksateist koma_ajateenistusse_kuuks,"['ajateenistuse', 'üheksateist koma', 'ajateenistusse', 'kuuks', 'aspirandid', 'nooremseersandid', 'väljaõppetsüklis', 'üheteistkümneks', 'üheteistkümneks kuuks', 'lahingvalmiduse', 'ajateenistuses', 'ajateenija', 'tegevväelaste', 'tulevased', 'väljaõpe']"
211,9,211_loometegevus_python_loometegevuse_teisisõnu,"['loometegevus', 'python', 'loometegevuse', 'teisisõnu', 'sander', 'väikene nišš', 'loometegevuses', 'paide arvamusfestival', 'juurde inimesena', 'dkonnad juurde', 'udavad keskendume', 'kirjutavad skripte', 'robustne lihtne', 'igast vigu', 'ühisharuga']"
212,9,212_sotsiaalmeediat_pilte_snapchati_vaatevälja,"['sotsiaalmeediat', 'pilte', 'snapchati', 'vaatevälja', 'süütu nunnu', 'väärkoheldakse vähem', 'pigem ohuna', 'briti uuringu', 'haiglas süütu', 'mähkmevahetus', 'mähkmevahetus haiglas', 'isa poeg', 'sotsiaalmeediasse näen', 'aluspükstes pilte', 'maskuliinsusest']"
213,9,213_juhtmed_tüdrukute_kolleegide_tüdrukud,"['juhtmed', 'tüdrukute', 'kolleegide', 'tüdrukud', 'ainekava', 'paneme neli', 'protsenti põhikooli', 'keskendume iganes', 'kolleegide la', 'üldkeskhariduse', 'alla tavaliselt', 'sulle valev', 'muud spetsiifilised', 'kvaliteet kukub', 'ua alla']"
214,9,214_kultuuriretsept_ülla karin_ülla_vaimse,"['kultuuriretsept', 'ülla karin', 'ülla', 'vaimse', 'sobitub', 'püramiidi', 'kohalikul tasandil', 'soojendada üles', 'mõningad vajalikud', 'rääkida kohalikust', 'liidu rahvatervise', 'liige mihkel', 'vajalikud uuringud', 'nurm', 'uuringud la']"
215,9,215_agendi_tesla_agent_tarkvara,"['agendi', 'tesla', 'agent', 'tarkvara', 'agente', 'turundusplaani', 'sammhaaval', 'juhiluba', 'asutada', 'auto', 'ai agent', 'heaolule', 'sellega harjunud', 'suvepäevi planeerida', 'väikeseid nunnusid']"
216,9,216_vahendaja_kliiniku_türgi_kliinikus,"['vahendaja', 'kliiniku', 'türgi', 'kliinikus', 'türgi vahendaja', 'eesti vahendaja', 'kliinikul', 'kliinikud', 'kliinikute', 'kliinik', 'hambad', 'hambaravi', 'türgis', 'lasen natukene', 'garantiisse']"
217,9,217_õpilasfirma_õppima_kasuka_tööle õpetajana,"['õpilasfirma', 'õppima', 'kasuka', 'tööle õpetajana', 'köösneriks', 'piimandusmuuseumis', 'kutsepedagoogika', 'blowit', 'ütlesid enne', 'läksin õppima', 'ootame koolidesse', 'kooli hakkavad', 'koolidesse inimesi', 'sihuke keskmine', 'haridusvallas varem']"
218,9,218_libisema_täitsa mõistlikuks_end kursis_võõrastega,"['libisema', 'täitsa mõistlikuks', 'end kursis', 'võõrastega', 'hoian end', 'mõistlikuks', 'telefonis', 'nutitelefon', 'tean libisema', 'telefonikasutuse ütleme', 'kuule vaatame', 'sotsiaal meediakasutuse', 'mõtted mõttes', 'lülitan', 'põnevat põnevat']"
219,9,219_loomemajanduse_kunsti_loomemajandus_õhukene,"['loomemajanduse', 'kunsti', 'loomemajandus', 'õhukene', 'kunstis', 'self', 'kunstiteose', 'võetakse maha', 'kunsti valdkonnas', 'kiht', 'looming', 'vahekiht õhukene', 'vahekihti', 'muust utilitaarsest', 'ritada endaga']"
220,9,220_läbipõlemine_lahus_tass_täielikult keskendunud,"['läbipõlemine', 'lahus', 'tass', 'täielikult keskendunud', 'seesmiselt tee', 'juht puhkab', 'täna jälgib', 'keskendunud mingisugusele', 'psühholoogiline võimestamine', 'inimene liikuma', 'psühholoogias sageli', 'hooseisundiks', 'mingisugusele ülesandele', 'hooseisundiks tekib', 'sageli tahame']"
221,9,221_kindlustusseltsi_raviraha_innovatsiooni_tervishoiuteenuste,"['kindlustusseltsi', 'raviraha', 'innovatsiooni', 'tervishoiuteenuste', 'loetellu', 'hoopis kuskil', 'minult võetakse', 'kindlustuskatet', 'white pa', 'tervishoiuteenuste loetelu', 'uuringute läbiviimist', 'rahastajana', 'tulnud neli', 'vererõhuaparaadi', 'kultuuriline muutus']"
222,9,222_käibemaksu_üürimaja_üürile_imavere,"['käibemaksu', 'üürimaja', 'üürile', 'imavere', 'turuhinnaga', 'üürileping', 'kõrvalkulud', 'üürida', 'üürima', 'üürimaju', 'üüri', 'käibemaksu tagasi', 'uusarenduse', 'rae vallas', 'allahindlusega']"
223,9,223_ursula_ursula von_von_von der,"['ursula', 'ursula von', 'von', 'von der', 'der', 'laien', 'der laien', 'euroopa liit', 'der laieni', 'eelarvesse', 'laieni', 'euroopa parlament', 'euroopa liidu', 'euroopa', 'sotsiaalfond']"
224,9,224_vasakpoolsuse_vasakpoolsus_vasakpoolsust_vasakpoolne,"['vasakpoolsuse', 'vasakpoolsus', 'vasakpoolsust', 'vasakpoolne', 'vasakpoolsed', 'vasakpoolseid', 'odavat riiki', 'eduard', 'sotsidega', 'vasakpoolseks', 'võimule', 'abielu', 'vasakpoolsusest', 'teostatud', 'tsentrist']"
225,9,225_reservväelane_reservväelased_reservväelase_reservväelastega,"['reservväelane', 'reservväelased', 'reservväelase', 'reservväelastega', 'parimal viisil', 'diviisi', 'tegevväelased', 'pataljoni', 'kaitseliitlane', 'reservväelaseks', 'siilil', 'rese', 'reservväelasi', 'reservväelasena', 'marit']"
226,9,226_kaalu_vajalik kindlasti_rasvunud_kehamassi,"['kaalu', 'vajalik kindlasti', 'rasvunud', 'kehamassi', 'peaks doteerima', 'doteerima', 'kellele peaks', 'paksud', 'rasvumise', 'ülekaal', 'ravimiga', 'rasvumine', 'täiendav viis', 'mõnus teine', 'alternatiivi ärme']"
227,9,227_saksamaa_saksamaal_itaalias_suured plakatid,"['saksamaa', 'saksamaal', 'itaalias', 'suured plakatid', 'nato kogu', 'otsusekindlus', 'artikkel viie', 'balti', 'nato', 'plakatid', 'marika', 'nord', 'oluliselt kõrgem', 'balti riigid', 'kaitsesse investeeringud']"
228,9,228_kapitalistid_kapitali_rootsi pangad_kokkupanemine,"['kapitalistid', 'kapitali', 'rootsi pangad', 'kokkupanemine', 'pangad', 'kuhu riik', 'investeeringuid', 'laenavad', 'väliskapitali', 'kokkupanemine raske', 'projekti kokkupanemine', 'kapitali juurde', 'eesti kapitalistid', 'pangad laenavad', 'laenavad meile']"
229,9,229_ebs_eksport_abb_eksporti,"['ebs', 'eksport', 'abb', 'eksporti', 'ericsson', 'saun', 'eksportima', 'küsimuste asekantsler', 'elkotech', 'liis tigasing', 'sisse ütlesin', 'pärastlõunat nimi', 'meelis kitsing', 'tigasing', 'pakendimaterjali']"
230,9,230_ühistu_koosolekuid_haldusfirma_üldkoosolekul,"['ühistu', 'koosolekuid', 'haldusfirma', 'üldkoosolekul', 'korteriühistutes', 'üürnikud', 'harja', 'koosolekud', 'oot oot', 'koosolekut', 'koosolekule', 'liiga pikad', 'puudub huvi', 'kirjalik', 'staatus']"
231,9,231_lhv_allkirja_päikest_tuulikut,"['lhv', 'allkirja', 'päikest', 'tuulikut', 'tuulik', 'tuul', 'tuule', 'tuulikust', 'tuulega', 'mull mull', 'tuuleparkide juurde', 'sarnase asja', 'võib maismaa', 'päikese ette', 'olemas väidab']"
232,9,232_poliitikasse_noortekogud_poliitikuid_ennetustöö,"['poliitikasse', 'noortekogud', 'poliitikuid', 'ennetustöö', 'karistuse', 'jäljendavad', 'ongi pahasti', 'huvitatud olin', 'öelda juhatuse', 'lähme hakkama', 'eestvedajatena mõtted', 'eestvedajatena', 'juhatuse eestvedajatena', 'soovivad minna', 'mõtted kaugemale']"
233,9,233_squad_gümnaasiumitüdrukuid_inseneriakadeemia raames_finantslõivu kahandada,"['squad', 'gümnaasiumitüdrukuid', 'inseneriakadeemia raames', 'finantslõivu kahandada', 'kahandada koostöös', 'finantslõivu', 'arendustiimis ainuke', 'ütlesin millegipärast', 'kahandada', 'koodi jõhvisse', 'raames unicon', 'sellele gümnaasiumitüdrukuid', 'partneriga ütlesin', 'tüdrukutega inseneriakadeemia', 'squad pro']"
234,9,234_dementsusega_dementsuse_dementsus_dementsusega inimene,"['dementsusega', 'dementsuse', 'dementsus', 'dementsusega inimene', 'lehtmaa', 'dementsusega inimeste', 'dementsuse kompetentsikeskuse', 'väljaütlemine', 'endiselt olemas', 'huvikaitse', 'hooldekodus', 'kompetentsikeskuse', 'muutmine kõige', 'muutuma hoiakute', 'dementsuse puhul']"
235,9,235_info_infoomanik_info eest_siili udu,"['info', 'infoomanik', 'info eest', 'siili udu', 'vastutab infoomanik', 'paber võiks', 'omakorda sega', 'praktiline kaasa', 'moel ühene', 'justkui kõrval', 'loomulikult telefoninumbrid', 'nagunii mõtestada', 'läheb põnevaks', 'emadega', 'toetab sihuke']"
236,9,236_haiguslehtede_tööst põhjustatud_fakt number_põhjustatud,"['haiguslehtede', 'tööst põhjustatud', 'fakt number', 'põhjustatud', 'töötervishoius', 'riskianalüüs', 'kutsehaigused', 'töövõimetusleht', 'kutsehaigus', 'tööeluga katkeb', 'inimese tööeluga', 'ohutegur', 'tööeluga', 'paketi', 'töölt']"
237,9,237_eesti keelt_keelt_võru keele_keelt räägi,"['eesti keelt', 'keelt', 'võru keele', 'keelt räägi', 'vene', 'eestlasest', 'naine olema', 'eestlased', 'keele', 'kultuuriruumi', 'milline naine', 'osa räägi', 'eestlased iseennast', 'saame inglise', 'diasporaaž']"
238,9,238_ida_ida viru_viru_ida virumaal,"['ida', 'ida viru', 'viru', 'ida virumaal', 'virumaal', 'esinduslik', 'lapselapsega', 'ettevõtlusaktiivsus', 'kõige madalam', 'ida virumaa', 'virumaa', 'võrumaa', 'piirialadel', 'ongi omad', 'maakondliku']"
239,8,239_tahaks müüa_investor_kriitikute_piiratud panga,"['tahaks müüa', 'investor', 'kriitikute', 'piiratud panga', 'optimeeri', 'palju vastandame', 'leedu meist', 'mõned elasid', 'elasid kaasa', 'rahvas elas', 'öelda majanduse', 'vastandame öelda', 'tegid vaheetapi', 'nõus liiga', 'kasvu majanduskasv']"
240,8,240_häkker_mõelda häkker_sisse murda_küberturvalisuse,"['häkker', 'mõelda häkker', 'sisse murda', 'küberturvalisuse', 'kasutada oskab', 'kübertu', 'murda', 'vaja mõelda', 'küberturve', 'turvalistest süsteemidest', 'mallid standardid', 'mallid', 'lähtuvalt toodamegi', 'lülitatud süsteem', 'asja ostetaksegi']"
241,8,241_seto_kultuur_ongi kultuur_ütlekski,"['seto', 'kultuur', 'ongi kultuur', 'ütlekski', 'kultuuri', 'kohati', 'ütleb teda', 'seto seto', 'kultuur jaoks', 'noor ütleb', 'kohati ütleks', 'kultuur ongi', 'näidendeid valida', 'kuskile subkultuuri', 'vältida liiginfot']"
242,8,242_eesti rahvastiku_ath_aktiivsus tähelepanu_kaheksa koma,"['eesti rahvastiku', 'ath', 'aktiivsus tähelepanu', 'kaheksa koma', 'häire', 'küsimus kelle', 'elukvaliteeti', 'eluiga', 'aastat lühem', 'ath naise', 'ath ga', 'ootused eesti', 'terviseandmetes küsimus', 'keskmist eluiga', 'näiteks aktiivsus']"
243,8,243_konkurents_konkurentsi_konkurentsist_tervishoius,"['konkurents', 'konkurentsi', 'konkurentsist', 'tervishoius', 'konkurents olnud', 'arst kelle', 'tervishoiuteenuse', 'tervishoiu', 'olema tagatud', 'tervishoid', 'sõltub inimese', 'tervishoiu puhul', 'kelle juurde', 'patsiendiga', 'teenuse']"
244,8,244_paper_teenuse_abil loovad_ehitada tegi,"['paper', 'teenuse', 'abil loovad', 'ehitada tegi', 'panelistide teistega', 'pangandusfinantsadvokaadina', 'pangandusfinantsadvokaadina liikusin', 'karjääri pangandusfinantsadvokaadina', 'kellel valu', 'jose hispa', 'arstiabi kaudu', 'paper võiks', 'alustasin karjääri', 'el sellele', 'järgnev töö']"
245,8,245_süda tuksub_tuksub_bioressursside_bioressurssi,"['süda tuksub', 'tuksub', 'bioressursside', 'bioressurssi', 'väärindamine', 'seened', 'biorafineerimine', 'hundinuia', 'miljonit tonni', 'maakasutuses', 'biorafineerimise', 'osakonna juhataja', 'tonni aastas', 'seentele', 'seedida']"
246,8,246_mittereguleeritud_meditsiiniseade_ravimiuuringuid_kvaliteedijuhtimise,"['mittereguleeritud', 'meditsiiniseade', 'ravimiuuringuid', 'kvaliteedijuhtimise', 'kvaliteedijuhtimise süsteemi', 'patsiendi peal', 'mittereguleeritud sektoris', 'kõrgema sissetulekuga', 'küberturval', 'andmeid jagama', 'meditsiinis', 'kaasaks', 'võib tehnoloogia', 'ebaeetiline', 'andmete']"
247,8,247_tehisharu_tehisharuga_arendaks_tehisalu,"['tehisharu', 'tehisharuga', 'arendaks', 'tehisalu', 'õppimisel', 'tehisharu rakendusi', 'soojus vahepeal', 'puudutus inimlik', 'sulle silma', 'rakendusi järsku', 'järsku tegelema', 'lane teises', 'inimlik puudutus', 'inimlik tunnetus', 'niipea näen']"
248,8,248_kehalise_liikumise ajal_kehalise kasvatuse_kasvatuse,"['kehalise', 'liikumise ajal', 'kehalise kasvatuse', 'kasvatuse', 'pingutus', 'mälestus', 'toitaine', 'liiga lihtne', 'liikumisrõõmu', 'leidub', 'tunneme', 'negatiivset kogemus', 'seosetu', 'raske hirmutav', 'õpetaja andis']"
249,8,249_arengukoostöö_humanitaarabi_ravimist_dollarit,"['arengukoostöö', 'humanitaarabi', 'ravimist', 'dollarit', 'miljardit dollarit', 'miljonit inimest', 'arengukoostöö humanitaarabi', 'arengukoostööga', 'miljardit', 'meditsiinilist ravimist', 'humanitaarabis arengukoostöös', 'arengurahastuses', 'suured humanitaarabis', 'humanitaarabi välja', 'kokku eelarve']"
250,8,250_soojuspump_kraadi_talvel_soojus,"['soojuspump', 'kraadi', 'talvel', 'soojus', 'soojussektoris', 'soojussektoris elektrifitseerimine', 'tulevikukaarti', 'soojusettevõtjad', 'elektripõhine kuskil', 'esialgse investeeringuga', 'ikka arvestama', 'igub elektripõhine', 'elektripõhine', 'võib tulevikulahendus', 'gaas liigub']"
251,8,251_loodus_kilomeetrid_kilomeetrid pikad_loodus alati,"['loodus', 'kilomeetrid', 'kilomeetrid pikad', 'loodus alati', 'alati hakkama', 'pindu', 'looduskaitse', 'loodusega', 'loodusressurssidest', 'piiber kilomeetrid', 'piiber', 'siuke võrgustik', 'pesi meisterdama', 'orhidee', 'võrgustik jääb']"
252,8,252_hispaaniasse_ise vähe_mäletata_päikese uut,"['hispaaniasse', 'ise vähe', 'mäletata', 'päikese uut', 'rääkinud teadlikult', 'tšingis', 'minul nägu', 'idealism pragmatism', 'vähe trummi', 'telegrammi', 'trummi tagunud', 'tagunud rääkinud', 'vehivad', 'kuulujutumasin', 'putini']"
253,8,253_palk_lüpsja_palgatõusu_palka,"['palk', 'lüpsja', 'palgatõusu', 'palka', 'tegel', 'renditulu', 'palganumber', 'võrdluses', 'eesti keskmine', 'süstlaid', 'olnud kõrgharitud', 'suuremat palgatõusu', 'kuskil progeja', 'tanke osta', 'progeja']"
254,8,254_ttüs_redeli_redeliga_redel,"['ttüs', 'redeli', 'redeliga', 'redel', 'ikka pidev', 'tööohutusspetsialist', 'redel liiga', 'mõned nõuded', 'volinik isikukaitsevahendid', 'redeli pool', 'tegeletakse udilitases', 'udilitases aeg', 'tuleb pesta', 'ajalt käite', 'kahekümne kilone']"
255,8,255_pensionile_pensioni_pensionile minema_pension,"['pensionile', 'pensioni', 'pensionile minema', 'pension', 'loomeliidud', 'väike meelest', 'kuuekümnesed', 'vad tõelusse', 'pensionärid töötavad', 'pension väike', 'tõelusse panustada', 'tõelusse', 'keskmine pension', 'meelest jääbki', 'pensioneerumise']"
256,8,256_kodanikupalk_kolm eurot_kodanikupalga_indeksiga,"['kodanikupalk', 'kolm eurot', 'kodanikupalga', 'indeksiga', 'eurot kuus', 'universaalne', 'skp', 'kolmsada nelikümmend', 'ljendatuna', 'ljendatuna väljendatuna', 'nikupalga', 'nikupalga suurus', 'väljendatuna näiteks', 'vastu vahetada', 'ndada korrutame']"
257,8,257_ravi_määratakse ravi_veresuhkru_jõusaalis,"['ravi', 'määratakse ravi', 'veresuhkru', 'jõusaalis', 'ravi aasta', 'vähijuhtudest', 'töötaks toimiks', 'elimineeriksime', 'puudub ravi', 'tüssamine selleks', 'ravi määratakse', 'rasvunud inimeste', 'aastasest ravist', 'toimiks kõikvõimalike', 'tarvitama tema']"
258,8,258_aspektid_palju ea_demoniseerida_muud aspektid,"['aspektid', 'palju ea', 'demoniseerida', 'muud aspektid', 'google', 'ai', 'teisisõnu', 'trumpamine', 'arutelu tehisaluteema', 'arvestate sellega', 'arvamusfestivali arvutades', 'arvestate', 'arvutades', 'arvutades rohkem', 'juuksurit võta']"
259,8,259_tervise infosüsteemi_eetikakomitee_terviseandmed_takistus olnud,"['tervise infosüsteemi', 'eetikakomitee', 'terviseandmed', 'takistus olnud', 'sotsiaalministeerium', 'infosüsteemi', 'andmete', 'andmeid', 'teadlastele', 'jalgu jäänud', 'isikuandmete', 'ajale jalgu', 'kvaliteetselt nõuetekohaselt', 'arstid andmed', 'sisestanud']"
260,8,260_geoloogi_geoloogiateenistus_palju kaotame_maksumuse,"['geoloogi', 'geoloogiateenistus', 'palju kaotame', 'maksumuse', 'saaksime kiirelt', 'kiirelt reageerida', 'millised mõjud', 'loodusteadlased', 'riiklik geoloogiateenistus', 'meid kuula', 'külas', 'ise üllatunud', 'valitsusele', 'jaoks vaid', 'maksumuse mõttes']"
261,8,261_liitumise korraldus_päästekomando_kärpesse_päästekomandod,"['liitumise korraldus', 'päästekomando', 'kärpesse', 'päästekomandod', 'liitumise', 'neljas august', 'julge prognoosida', 'riigihangete', 'lähme kärpesse', 'hinnakiri', 'jõustumist', 'korraldus', 'ennast kinni', 'narratiivid', 'võtavadki']"
262,8,262_rahvusvahelistumise_kestlikkuse_kokku kogutakse_ekspordiga,"['rahvusvahelistumise', 'kestlikkuse', 'kokku kogutakse', 'ekspordiga', 'ette võtteid', 'ettevõtetest', 'ustikke', 'inki', 'rahvusvahelistumises kuigi', 'rahvusvahelistumises', 'võtteid edu', 'individuaalselt riigina', 'ustikke individuaalselt', 'edu ikka', 'rahvusvahelist kogukonda']"
263,8,263_genereerima_vahekiht_pöördunud üle_eest tänan,"['genereerima', 'vahekiht', 'pöördunud üle', 'eest tänan', 'strateegilise partnerluse', 'täna peaaegu', 'eraldaks', 'algatus mõõdab', 'stusmudel', 'stusmudel algatus', 'hakkad genereerima', 'mõju poole', 'jooksul pöördunud', 'kahesaja algatuse', 'mõõdab tulemusi']"
264,8,264_sõidukeid_protest_ideoloogiat_pilt suhtes,"['sõidukeid', 'protest', 'ideoloogiat', 'pilt suhtes', 'terroritegusid', 'heaks riigikaitseks', 'soorolli', 'minge koju', 'afgaani', 'soid', 'juhtkond olnud', 'sõidukite', 'toime panema', 'kiitus', 'riigikaitseks']"
265,8,265_võrdsetena_ettevõtmisi_tean teen_rahvas vastu,"['võrdsetena', 'ettevõtmisi', 'tean teen', 'rahvas vastu', 'kogukondi', 'rahvas', 'kehva', 'rahvas rahvas', 'kaasamine', 'loomakari', 'konfliktiks', 'kohalik kogukond', 'kohalikud inimesed', 'sigade', 'rajatud']"
266,8,266_aeglus_naasmist_töölt eemal_karistus,"['aeglus', 'naasmist', 'töölt eemal', 'karistus', 'emad', 'emadele', 'lapsega kodus', 'kiirusta', 'ajaga tahad', 'kannavad selliste', 'suhtarv üheksakümmend', 'järele sellepärast', 'mõnikord aeglus', 'pärast emaduspuhkuselt', 'emaduspuhkus']"
267,8,267_tõkkepuu_endal võivad_taha olete_tead sul,"['tõkkepuu', 'endal võivad', 'taha olete', 'tead sul', 'slogani', 'mille taha', 'lava ette', 'jooksul annetanud', 'siia lava', 'täna jagada', 'teist viimase', 'piirialadel', 'jutuajamise', 'rohu', 'tal endal']"
268,7,268_coach_coaching_andragoog_cv sse,"['coach', 'coaching', 'andragoog', 'cv sse', 'panna cv', 'coaching ut', 'viiulit õppida', 'viiulit', 'tõesti terve', 'kogemuste kogumine', 'tean sellise', 'naudin', 'viimati õppisid', 'cv', 'karjääris']"
269,7,269_ravimeeskond_diagnoosi omanik_korduvad korduvad_tahame teada,"['ravimeeskond', 'diagnoosi omanik', 'korduvad korduvad', 'tahame teada', 'kontakt kuhu', 'korduvad', 'muutub osas', 'abi muutub', 'otsused paremaks', 'meeskond', 'raviprotsessi', 'teised olid', 'võin rääkida', 'suunal', 'erinevat moodi']"
270,7,270_elamisluba_vähem saada_abielu läheb_kuulnud pooled,"['elamisluba', 'vähem saada', 'abielu läheb', 'kuulnud pooled', 'halvenemas', 'hakatakse menetlema', 'suuresti põhinevad', 'tohi pakkuda', 'korralduses', 'varjupaigamenetlus', 'inimene esitab', 'mõtted olemas', 'abielu', 'taotleda', 'aeg ikka']"
271,7,271_rohkem kunagi_minemas praegu_aldusväärse terviseinfo_aldusväärse,"['rohkem kunagi', 'minemas praegu', 'aldusväärse terviseinfo', 'aldusväärse', 'terviseinfo tundub', 'kommenteerida koondada', 'teed minemas', 'koondada info', 'suudetakse läbi', 'tundub tervisekassa', 'tervisekassa teed', 'nette', 'praegu paneelis', 'ärevust vähendada', 'tervisekassa esindajat']"
272,7,272_nuclear_happen_radiation_thank,"['nuclear', 'happen', 'radiation', 'thank', 'sources', 'sample', 'metal', 'hopefully', 'think', 'radioactive', 'estonia', 'university', 'thank thank', 'chemical', 'passed']"
273,7,273_lasteaed_lasteaiaõpetaja_kohustuslik_kakssada eurot,"['lasteaed', 'lasteaiaõpetaja', 'kohustuslik', 'kakssada eurot', 'lööv', 'lasteaias', 'lasteaia', 'alushariduse', 'tuhat kakssada', 'kooliõpetaja', 'õpetajate palk', 'teoritiseerida palju', 'tuleb võime', 'teoritiseerida', 'kohustuslik sisu']"
274,7,274_surm_surmast_suremise_surma,"['surm', 'surmast', 'suremise', 'surma', 'surmast räägime', 'marju', 'surmale', 'suremisest', 'elu lõpu', 'mõõde tähendab', 'surmateadlikkus', 'tuleb ligi', 'kutsu kurja', 'surm osa', 'surm puuduta']"
275,7,275_haigekassa_nõukogu_haigekassa nõukogu_rahandusminister,"['haigekassa', 'nõukogu', 'haigekassa nõukogu', 'rahandusminister', 'taagepera', 'kriisikoosolekul', 'juurde anna', 'parkinsoni seadus', 'tervisekassa nõukogu', 'kindlustatute', 'kakssada miljonit', 'esimehel', 'parkinsoni', 'nõukogu liikmed', 'tervisekassa']"
276,7,276_kriminaalmenetluse_pressikonverentsil_jakob_altkäemaksu,"['kriminaalmenetluse', 'pressikonverentsil', 'jakob', 'altkäemaksu', 'menetluses', 'menetluse', 'kohtumenetluse', 'prokuratuur', 'advokaadi', 'kaebajatele', 'kriminaal', 'advokaat', 'prokuröri', 'prokurör', 'aluse lause']"
277,7,277_harjumaa_idapiirialade_idapiirialadele_idapiirialade eraldi,"['harjumaa', 'idapiirialade', 'idapiirialadele', 'idapiirialade eraldi', 'harjumaa versus', 'versus muu', 'harjumaad', 'regionaalpoliitika', 'elaniku', 'muu eesti', 'kohtla järve', 'kohtla', 'peipsi', 'valimistega', 'teisiti tegema']"
278,7,278_assistent_koosoleku protokoll_protokoll_faili,"['assistent', 'koosoleku protokoll', 'protokoll', 'faili', 'käiviti', 'assistendi', 'märgini', 'skill', 'tekste', 'koosoleku', 'registri pidamiseks', 'viiesaja märgini', 'lisamist', 'registri', 'meiliga']"
279,7,279_ümber õpetaja_kellel suurim_suurim mõju_väärtustatuna hoituna,"['ümber õpetaja', 'kellel suurim', 'suurim mõju', 'väärtustatuna hoituna', 'õpetaja tunneb', 'õpetaja toolil', 'toolil', 'õpetaja', 'tosin', 'hoituna', 'lahti siduda', 'õpetaja pere', 'õpetaja ise', 'andev', 'väärtustatuna']"
280,7,280_välismaale_õppisin_keskkooli_võimalus käia,"['välismaale', 'õppisin', 'keskkooli', 'võimalus käia', 'õppima', 'aine hoopis', 'käia punaarmees', 'ülikooli õppisin', 'juurde välismaale', 'aastaks öelda', 'õppima tulles', 'eraldi plaani', 'välismaale minek', 'keskkooli lõppu', 'kaheks aastaks']"
281,7,281_kilo_loomakasvatuse_teravilja_läbi loomakasvatuse,"['kilo', 'loomakasvatuse', 'teravilja', 'läbi loomakasvatuse', 'saada ütleme', 'toidujulgeolekut', 'liha', 'saaks toiduteema', 'paadis püüab', 'eelistame', 'hendrikule indrek', 'kilo sööta', 'tootmine üldse', 'tootjatele laiemalt', 'öelda hendrikule']"
282,7,282_snapchat_nutitelefon_lapsevanem asub_teise seadmega,"['snapchat', 'nutitelefon', 'lapsevanem asub', 'teise seadmega', 'ärevuse põlvkond', 'kao kao', 'telefoniga', 'sotsiaalmeedia', 'tung', 'mõjutatavad', 'kalastavad', 'kellel telefoni', 'pilt kaob', 'laser', 'käsi üles']"
283,7,283_võimsusega_toimib rääkida_mbad seadmed_saja megavatise,"['võimsusega', 'toimib rääkida', 'mbad seadmed', 'saja megavatise', 'tagumised maksavad', 'jälle teenus', 'hoida tähendab', 'seadmed töös', 'rohkem liiguks', 'megavatise projektiga', 'rääkida konkurentsiameti', 'inimlik viga', 'valid unustad', 'lahenduste arendamise', 'olema sahtlis']"
284,7,284_reklaami_kirjutamata_õllele_alkoholi,"['reklaami', 'kirjutamata', 'õllele', 'alkoholi', 'reklaame', 'alkoholivabale õllele', 'alkoholivabale', 'reklaami teinud', 'alkoholireklaami', 'alkoholiga', 'venelased', 'reklaamiga', 'seadusega lubatud', 'tanker', 'seadusega']"
285,7,285_tehnoloogia ise_ai juht_investeerijana_häält laua,"['tehnoloogia ise', 'ai juht', 'investeerijana', 'häält laua', 'osutajatele', 'niipea räägime', 'tekib küsimus', 'sündinud telefon', 'mind vaevab', 'ulme', 'kellel kõige', 'lõppkasutaja', 'ennustatav', 'patsiendiks', 'kalorid']"
286,7,286_kaua kaua_õpetajakoolitus_pead võitma_võitma,"['kaua kaua', 'õpetajakoolitus', 'pead võitma', 'võitma', 'õpetaja', 'õpetaja harjunud', 'pean õpilased', 'pedagoogide keeles', 'ütleme takistavad', 'kasutusele õpetaja', 'tugikomisjon', 'olümpiaadil', 'eesmärk õpetaja', 'andekat', 'olümpiaadile']"
287,7,287_looalade_pärast mõtleme_toimetame puud_halvasti kasvatatakse,"['looalade', 'pärast mõtleme', 'toimetame puud', 'halvasti kasvatatakse', 'puud kunagi', 'kunagi pandud', 'vastutuse koorma', 'pandud hoitud', 'sõna andresele', 'maainimese', 'suurele osale', 'targalt edasi', 'edasi toimetame', 'võttis sealt', 'metsi']"
288,7,288_kõrge autonoomia_autonoomia_koos rajal_kõige tõenäolisem,"['kõrge autonoomia', 'autonoomia', 'koos rajal', 'kõige tõenäolisem', 'tõenäolisem', 'koolidel kõrge', 'rajal', 'stsenaariumides', 'koolide vahel', 'loovuse vabariik', 'tõenäoliselt tekib', 'õppekorraldus', 'koolidel', 'stsenaarium', 'loovuse']"
289,7,289_sandra_läheb vangi_vangi_ori,"['sandra', 'läheb vangi', 'vangi', 'ori', 'sandra andis', 'ai agent', 'agenti', 'andis käsu', 'andis korralduse', 'võib ori', 'täpselt peate', 'arvab mõtleb', 'minust targem', 'sander andis', 'seitsesadat']"
290,7,290_vabakutseline_vabakutselise_vabakutselised_ravikindlustus,"['vabakutseline', 'vabakutselise', 'vabakutselised', 'ravikindlustus', 'vabakutselisus', 'sinatada', 'saa palka', 'millal tööle', 'tööle lähed', 'liina', 'palka', 'režissööride', 'loomeinimestega', 'loomeinimestega välja', 'vabakutseliseks']"
291,7,291_energeetikaga_kellelegi meeldi_arvamusfestivaliga_akustika teemal,"['energeetikaga', 'kellelegi meeldi', 'arvamusfestivaliga', 'akustika teemal', 'ülesanne ala', 'ala ekspert', 'tehnilise akustika', 'eesti toodab', 'energeetika valdkonna', 'tegemist arvamusfestivaliga', 'arvamusfestivaliga ütlesid', 'elekter saaks', 'suur elektritranspordi', 'vähem elektrit', 'mõtted millised']"
292,7,292_tööinspektsiooni_tööinspektor_juhtudel tööinspektsiooni_poolt töövaidluskomisjonis,"['tööinspektsiooni', 'tööinspektor', 'juhtudel tööinspektsiooni', 'poolt töövaidluskomisjonis', 'tööandja kiusab', 'tööinspektsiooni haldusmenet', 'tööinspektsioon ukse', 'olnud mõningatel', 'haldusmenet', 'töö samal', 'töövaidluskomisjonis töö', 'nullvisioon', 'järelevalve', 'näiteks tööinspektsiooni', 'kuuleme ühte']"
293,7,293_teeninduskeskuseid_mitmekesised tiimid_iirlased_mitmekesised,"['teeninduskeskuseid', 'mitmekesised tiimid', 'iirlased', 'mitmekesised', 'tahv', 'imine', 'palgatase', 'kakssada miljonit', 'värbame', 'kasumlikumad', 'meist natukene', 'iga inseneri', 'põhjamaadel', 'põhjamaadel puudub', 'palgatase olnud']"
294,7,294_töökiusamist_välistööjõu_lihttööjõud_välistöö,"['töökiusamist', 'välistööjõu', 'lihttööjõud', 'välistöö', 'hooajatöö', 'töökiusamise', 'tööjõudu', 'suuremates', 'esi neb', 'puudumine tulles', 'ennetuse puudumine', 'erinevad väiksematest', 'vähesem teadlikkus', 'lisanduvat', 'teda unusta']"
295,7,295_seemneõli_infos mismoodi_infos_infoga ümber,"['seemneõli', 'infos mismoodi', 'infos', 'infoga ümber', 'mismoodi infoga', 'makaron', 'arvunud', 'korra seemneõli', 'käia normil', 'normil', 'normil norm', 'number individuaalsed', 'ainult number', 'ümber käia', 'personaaltreener']"
296,7,296_omavahendite_tubakaaktsiisist_liidu eelarvesse_komisjoni,"['omavahendite', 'tubakaaktsiisist', 'liidu eelarvesse', 'komisjoni', 'eelarvesse', 'hinnata eesti', 'plastimaks ainuke', 'liikmesriikidelt ühehäälset', 'ühehäälset', 'ühehäälset kokkulepet', 'tõstetaks', 'kust tahate', 'just põllumajanduse', 'maks samuti', 'stiilis oleksid']"
297,7,297_nõel_klient tunne_toob kliimaettevõtete_milliseid riske,"['nõel', 'klient tunne', 'toob kliimaettevõtete', 'milliseid riske', 'kliimaettevõtete', 'nõel jää', 'kliimaettevõtete tegevusse', 'riske toob', 'tegevusse', 'maandada', 'milleks valmis', 'kliimamuutused', 'talved', 'jaanus', 'udilitase']"
298,7,298_kurjategija_krüptoraha_teller_kurjategijat,"['kurjategija', 'krüptoraha', 'teller', 'kurjategijat', 'tegutseja', 'küberkuritegevus', 'instrumendid', 'sees mise', 'sellega liitunud', 'kurjategija asus', 'röövidest', 'veenis', 'veenis kuule', 'taustakontrolle suur', 'osapoole poolt']"
299,7,299_lehekülge_uue aasta_viiskümmend lehekülge_uskumus,"['lehekülge', 'uue aasta', 'viiskümmend lehekülge', 'uskumus', 'paar lehekülge', 'tarkvarainsenerid', 'võistluses hea', 'uskumus siiski', 'kaevad', 'üldine uskumus', 'ilusat koodi', 'pooles valdav', 'aasta vahel', 'bürokratt', 'lehekülge avaldust']"
300,7,300_ettevalmistavad_ratase valitsus_tundu parem_koos ekre,"['ettevalmistavad', 'ratase valitsus', 'tundu parem', 'koos ekre', 'koos keskerakond', 'poliitiline partei', 'formaliseeriti', 'ette ettevalmistavad', 'hõlpsasti', 'kliimaneutraalsus jüri', 'ekre isamaaga', 'keskerakond koos', 'isamaaga ette', 'sorteeritud', 'formaliseeriti kliimaneutraalsus']"
301,7,301_saatkonda_rahvatantsu_jõudnud oled_käin rahvatantsu,"['saatkonda', 'rahvatantsu', 'jõudnud oled', 'käin rahvatantsu', 'kuulnud varem', 'valijate suust', 'esitavad valefakte', 'laia riigikaitse', 'osalemise võimalus', 'küsimus andke', 'ebaõigluse tunne', 'madalapalgalised', 'käisime välja', 'erakooli', 'lõhkuda']"
302,7,302_teosed_aasta kevadest_kavandi_laul,"['teosed', 'aasta kevadest', 'kavandi', 'laul', 'laulupeol', 'kevadest', 'probleem paljudel', 'hooga paljudel', 'huvitab olukorras', 'olukorras teatud', 'ärgem ennast', 'robot prindib', 'taga istub', 'kaitsmas', 'kaitsmas mingeid']"
303,7,303_hetke tootmine_demo_mutri_tutvustaksite ennast,"['hetke tootmine', 'demo', 'mutri', 'tutvustaksite ennast', 'tema teose', 'otsustatud varem', 'lause võiks', 'varem otsustatud', 'teose puhul', 'tunde aastas', 'kruve', 'kuulda õigel', 'iivi', 'tutvustaksite', 'kulu kinni']"
304,7,304_intensiivsemaks_tolmuimeja_tendents_eluviisist,"['intensiivsemaks', 'tolmuimeja', 'tendents', 'eluviisist', 'kihte kelle', 'novembris teete', 'vastik jaa', 'teete pime', 'piirdub vähesemate', 'vaesemaid kihte', 'märg vastik', 'vaataks võib', 'küsimus novembris', 'elasin linnas', 'elukutselise']"
305,7,305_parimais_tartu kaubamaja_mees parimais_kaubamaja,"['parimais', 'tartu kaubamaja', 'mees parimais', 'kaubamaja', 'meeste', 'ülekaal', 'kardioloog', 'sotsiaalne norm', 'nelikümmend sinnakanti', 'asja kardioloog', 'noor meesterahvas', 'pealt teise', 'nihkub ühe', 'oled tuli', 'sinnakanti ütles']"
306,7,306_ravikindlustuse_ravikindlustust_kellel ravikindlustus_pöörleb,"['ravikindlustuse', 'ravikindlustust', 'kellel ravikindlustus', 'pöörleb', 'ravikindlustus', 'meditsiinikommunikatsioon', 'ravikindlustuse kaitse', 'pöörleb pöörleb', 'näen ravikindlustuse', 'eesmärke palju', 'tervisealaseid', 'tervisealaseid eesmärke', 'rahva tervisealaseid', 'samm võimaldaks', 'ravikindlustusest']"
307,7,307_und_ükski laps_õpetajariided_meeletu laga,"['und', 'ükski laps', 'õpetajariided', 'meeletu laga', 'kohandamisega', 'keskkonna kohandamisega', 'vajanud und', 'kätlin', 'laga', 'lapsed õnneks', 'vaja meeles', 'võimupositsioonil', 'andsin', 'jube head', 'laps vali']"
308,7,308_elva_hetkele_perepesas_lastekaitse,"['elva', 'hetkele', 'perepesas', 'lastekaitse', 'sellele hetkele', 'perekeskus', 'võrgustiku', 'perepesa', 'pere', 'juhendaja', 'mitut viisi', 'lastekaitse rolli', 'mõelge sellele', 'pere ise', 'psühholoog perepesus']"
309,7,309_ühine mure_elanike rahulolu_oled uus_koos kolivad,"['ühine mure', 'elanike rahulolu', 'oled uus', 'koos kolivad', 'ühine rõõm', 'kogukonna kaasamine', 'lastel turvaline', 'ühine', 'mõttes jätma', 'küsime teilt', 'mõttes noored', 'muhu', 'meelest äge', 'inimesed koos', 'kuuskümmend aastat']"
310,7,310_kriitika_talumiskohustus_konist_ajab õiget,"['kriitika', 'talumiskohustus', 'konist', 'ajab õiget', 'õiget juttu', 'teadlaste käest', 'kriitikat', 'kriitikaga', 'palu', 'põlevkivi', 'öeldakse idioot', 'teksti mõtte', 'lehelugeja', 'räägime kriitikast', 'üldse teadlaste']"
311,6,311_sekkumised_mudelis_teile sobiva_kultuuritegevusega,"['sekkumised', 'mudelis', 'teile sobiva', 'kultuuritegevusega', 'suunaja', 'näiteks kliinilise', 'arstid teised', 'belgias prantsusmaal', 'grupiviisilised', 'teised valmis', 'suunajad', 'prantsusmaal kanadas', 'regioonis inimene', 'tervisespetsialistid', 'sobiva kultuuritegevusega']"
312,6,312_toitu_toit_sügavkülma_toidu,"['toitu', 'toit', 'sügavkülma', 'toidu', 'vähem toitu', 'toit mõeldud', 'päästetud', 'toidujäätmete', 'toitu saama', 'toiduaine brändi', 'näinud tõendeid', 'toidu vastu', 'peaks sellist', 'hvemas', 'hvemas olukorras']"
313,6,313_laps küsib_stressis_hiljem tekib_laps keeruline,"['laps küsib', 'stressis', 'hiljem tekib', 'laps keeruline', 'vajadustelt', 'mingid valikud', 'argipäeva', 'niikuinii pean', 'üldse räägita', 'neile natuke', 'räägime lapse', 'ütlesin enne', 'tihti öeldakse', 'pika pika', 'raamatut']"
314,6,314_raudtee_rongid_kiireks_ronge,"['raudtee', 'rongid', 'kiireks', 'ronge', 'raudteed', 'sõitma', 'pargi', 'arendab võiks', 'tartu vahe', 'reisisüsteemi', 'rongid paksult', 'paksult täis', 'rääkida tallinn', 'lõpmatuseni rääkida', 'idest lõpmatuseni']"
315,6,315_toidujulgeoleku_toidujulgeolek_kriisi ajal_toidujulgeolek tagatud,"['toidujulgeoleku', 'toidujulgeolek', 'kriisi ajal', 'toidujulgeolek tagatud', 'toidu', 'hannes', 'rando', 'toidu tootmine', 'arenenud riike', 'pollist', 'põllumeeste poole', 'hannes põllumeeste', 'logistikakeskus', 'võimelised sama', 'põllumeeste']"
316,6,316_algoritmi_probleemne taust_suurenemine_noor kasutad,"['algoritmi', 'probleemne taust', 'suurenemine', 'noor kasutad', 'algoritmi pakutud', 'pluss varasem', 'kasutad hakkad', 'nendele kompleksselt', 'suurenemine süvendab', 'mise suurenemine', 'hakkad rohkem', 'annab naudingu', 'suudaksime tähelepanu', 'depressiivsem', 'süvendab sümptomeid']"
317,6,317_vähe raha_raha vähe_haigekassa_hangete miinus,"['vähe raha', 'raha vähe', 'haigekassa', 'hangete miinus', 'euroopa liikmesriikide', 'normaalset nähtust', 'liikmesriikide siseste', 'rahaline võimekus', 'leda piirkonnas', 'siseste ravimiahelate', 'piirkonnas vähe', 'siseste', 'vähe praktiliselt', 'rikas vaene', 'ravimiahelate']"
318,6,318_võiks kaks_teistmoodi õpetada_matemaatikat_suured muudatused,"['võiks kaks', 'teistmoodi õpetada', 'matemaatikat', 'suured muudatused', 'üleliigne', 'muuseum tuleb', 'matemaatika', 'tust inglise', 'puudu asjakohane', 'kaldkriips hariduse', 'saavad pärisel', 'matemaatikat võiks', 'vähem matemaatikat', 'kord eile', 'pädevustega']"
319,6,319_töökogemust_aina olulisemaks_karjäärisüsteem_su cv,"['töökogemust', 'aina olulisemaks', 'karjäärisüsteem', 'su cv', 'kujundas', 'malev', 'ühistegevus', 'noor areneks', 'maleva', 'juhatajad', 'esmast töökogemust', 'arenguvestlused', 'parimaks', 'üheksast viieni', 'piirduda']"
320,6,320_naistele_ajateenistust naistele_ajateenistusse_ajateenistus,"['naistele', 'ajateenistust naistele', 'ajateenistusse', 'ajateenistus', 'ajateenistust', 'ajateenistuse', 'ajateenistus kohustuslik', 'taha ebaviisakas', 'tõepoolest ajateenistus', 'kohustuslikku ajateenistust', 'äkki tõepoolest', 'kommunikatsioon teete', 'eesti kaitsmise', 'kuskil kuni', 'võimalus asendusteenistus']"
321,6,321_ajateenistuse_ajateenijaid_kolonel_ajateenistus,"['ajateenistuse', 'ajateenijaid', 'kolonel', 'ajateenistus', 'ajateenija', 'armeed', 'asju õigesti', 'ajateenistust', 'paapsi', 'janno', 'versioon temast', 'temast endast', 'väikse ringi', 'väeliigid', 'võimalikult heaks']"
322,6,322_raiemaht_raiuda_raie_jätkusuutlik raiemaht,"['raiemaht', 'raiuda', 'raie', 'jätkusuutlik raiemaht', 'männikud', 'raiutakse', 'tuhat hektarit', 'diameetri', 'metsateatise', 'tagavara', 'jätkuma', 'jätkusuutlik', 'jätkuma erinevate', 'raiemaht oluline', 'numbreid rääkida']"
323,6,323_õiendada_igasugused sanktsioneerimised_mind korra_võib piisabki,"['õiendada', 'igasugused sanktsioneerimised', 'mind korra', 'võib piisabki', 'võinud jätkuda', 'sanktsioneerimised', 'sanktsioneerimised kuna', 'normi sain', 'muidugi mõelnud', 'sotsiaalset normi', 'kuna kutsus', 'le näitas', 'näitas sotsiaalset', 'jätkuda igasugused', 'olemuselt hea']"
324,6,324_õppimine_õppimist_kahjustab_anna produkt,"['õppimine', 'õppimist', 'kahjustab', 'anna produkt', 'õpiprotsess', 'mõtestatud väärtuslik', 'huvitav mõtestatud', 'tagajärg huvi', 'tehisäru', 'hinde panemine', 'osad õpetajad', 'produkt', 'mind huvita', 'huvita', 'koolis kasu']"
325,6,325_ränne_sisserännet_sisserände_rännet,"['ränne', 'sisserännet', 'sisserände', 'rännet', 'sisseränne', 'sisserändega', 'sisserändepoliitika', 'sisserännet vaja', 'rahvastiku', 'sisserännete', 'türgi peret', 'teisalt riigina', 'eestisse sisserännet', 'demograafilisele kriisile', 'demograafilisele']"
326,6,326_multikad_võtan järgmise_multikaid_telefonid,"['multikad', 'võtan järgmise', 'multikaid', 'telefonid', 'ujuma', 'lastelt', 'mingit rohkem', 'vaatad lõpuni', 'asjad lubatud', 'näevad ise', 'hästi paha', 'paha teistpidi', 'teistel asjad', 'teised teistel', 'lubatud keelan']"
327,6,327_duširuumis_tehisintellekt_kinnistab_märgata teagi,"['duširuumis', 'tehisintellekt', 'kinnistab', 'märgata teagi', 'infovoo', 'infovoo gu', 'tema infovoo', 'lapsed rääkinud', 'laste arengule', 'elu võimalus', 'võiks lastele', 'tehisintellekt eriti', 'juhtima elu', 'juhib tehisintellekt', 'sõnaga teadlikult']"
328,6,328_raadamine_lubage_elurikkus_elurikkuse,"['raadamine', 'lubage', 'elurikkus', 'elurikkuse', 'andol', 'selleks ruumi', 'lugu riik', 'tekitame turu', 'tema maal', 'nähke', 'ruumi maa', 'maaomanik', 'kadumas', 'ökosüsteemide', 'elurikkus kadumas']"
329,6,329_tehnikaülikooli_tehnikaülikooli puhul_magistrikava_ülikoolid,"['tehnikaülikooli', 'tehnikaülikooli puhul', 'magistrikava', 'ülikoolid', 'miljonist', 'sihtkapitali', 'viiest miljonist', 'augus', 'sügavas', 'eriala', 'kõige populaarsem', 'valima rakenduskõrgkooli', 'sügavas mustas', 'isegi tehnikaülikooli', 'asutas']"
330,6,330_hajusa_põlevkiviõli_energeetika_tänu kahe,"['hajusa', 'põlevkiviõli', 'energeetika', 'tänu kahe', 'võtta energeetika', 'esimese omaniku', 'mõtet äkki', 'kaubandussüsteemi', 'riigil olemas', 'ekspordib', 'võtmas', 'energiaettevõte', 'põlevkivist', 'taanist', 'loobumine']"
331,6,331_rändepoliitika_eesti rändepoliitika_rändega_greerumise teema,"['rändepoliitika', 'eesti rändepoliitika', 'rändega', 'greerumise teema', 'greerumise', 'olid piisavalt', 'rändepoliitika ütleks', 'hirmud olid', 'oluline targa', 'riskiriikidest', 'talendipoliitika', 'ütleks võtmekomponent', 'targa rändepoliitika', 'jõuab julgeoleku', 'võtmekomponent']"
332,6,332_wise_tehnoloogiasektoris_js_töötavad tejuhtidega,"['wise', 'tehnoloogiasektoris', 'js', 'töötavad tejuhtidega', 'jätkavad pärast', 'nendest jätkavad', 'tejuhtidega', 'tejuhtidega koos', 'neurokirurg', 'õpivad töötavad', 'ad töötoad', 'põhjalikum programm', 'näha osa', 'programm päriselt', 'wise women']"
333,6,333_arstid läksid_läksid norra_jälgin eesti_korraldustiim,"['arstid läksid', 'läksid norra', 'jälgin eesti', 'korraldustiim', 'rootsi arstid', 'põhiõigusena', 'jälgin', 'hispaania keskkonnaminister', 'sotsiaalharta', 'alla kirjutanud', 'aeg jälgin', 'otsused tehakse', 'toimub eestis', 'uudiseid', 'loen']"
334,6,334_targa tuleviku_tulevikuala_hariduse tulevikuala_annika räim,"['targa tuleviku', 'tulevikuala', 'hariduse tulevikuala', 'annika räim', 'räim', 'hariduse', 'tuleviku fondist', 'vestlusringi', 'hariduse eesmärk', 'nimi annika', 'targa', 'koolijuht tippjuht', 'eesti hariduse', 'fondist', 'homse']"
335,6,335_kaugküte_võsa_kaugkütte_robert kitt,"['kaugküte', 'võsa', 'kaugkütte', 'robert kitt', 'kitt', 'kraaviperved juhtmete', 'kütused omavahel', 'ennustama hakka', 'hakkab vastasin', 'klaaskuuli energiaregulaatoril', 'kaubandusvõrgus', 'energiaregulaatoril', 'energiaregulaatoril endi', 'võsa milleks', 'kraaviperved']"
336,6,336_kumma poole_poole sina_ettevõtja_ettevõtjad,"['kumma poole', 'poole sina', 'ettevõtja', 'ettevõtjad', 'kristo', 'kumma', 'väärtus ükskõik', 'märkavaid lahendusi', 'märkavaid', 'likud probleeme', 'inimesed väärtus', 'rahatarkuse teema', 'kohe krista', 'teema koolidesse', 'probleeme märkavaid']"
337,6,337_jätkusuutlikkus_riik tunnen_riigi eriplaneering_rahvusena võimalik,"['jätkusuutlikkus', 'riik tunnen', 'riigi eriplaneering', 'rahvusena võimalik', 'suhtes riik', 'kolivad hispaaniasse', 'eriplaneering', 'tahaks neile', 'tahaks jätta', 'rahvusena', 'kolime', 'koduriigis', 'sai tulla', 'viidates', 'toetussüsteem']"
338,6,338_kremli_kreml_ülevaade tuli_mind vaigistatakse,"['kremli', 'kreml', 'ülevaade tuli', 'mind vaigistatakse', 'vaigistatakse', 'ring toimima', 'paraku grupid', 'vad haarama', 'kättesaadavad kvaliteetne', 'koha juurde', 'valimisaasta', 'info hakkabki', 'keskelt pooleks', 'infooperatsioon', 'infooperatsioonina']"
339,6,339_tulge välja_petersoni_võistkond_vändra,"['tulge välja', 'petersoni', 'võistkond', 'vändra', 'vastaseid', 'petersoni gümnaasiumist', 'vastaseid palju', 'ning proovin', 'läbimine', 'ametlikest', 'vändra vändra', 'vaatenurk palun', 'tööüritused', 'lõpetan sõnadega', 'välja tulge']"
340,6,340_kindlaks_otsustabki_otsustabki chat_seeläbi kuskil,"['kindlaks', 'otsustabki', 'otsustabki chat', 'seeläbi kuskil', 'läbi eeltõendamismenetluse', 'palveid', 'iganes lahendus', 'aldades', 'ettevõtteid seeläbi', 'eesti ekspressi', 'eeltõendamismenetluse', 'kuskil otsustabki', 'chat kontroll', 'kontroll iganes', 'aldades ettevõtteid']"
341,6,341_haiglat_asjade minna_kuido mudel_vana mudel,"['haiglat', 'asjade minna', 'kuido mudel', 'vana mudel', 'arvelt saamata', 'kaugjälgimise', 'rohkem analüüsi', 'osutaja oleksid', 'hakkaks võitlema', 'hüvita', 'haigekassa inim', 'hüvita haigekassa', 'suured tervishoiuteenuse', 'huvita täpselt', 'automaatselt hüvita']"
342,6,342_reeglid_reeglitest_jumalast antud_võitleme sellega,"['reeglid', 'reeglitest', 'jumalast antud', 'võitleme sellega', 'inimriigid teatud', 'tõrgub', 'inimriigid', 'süsteem töötanud', 'inimene inimriigid', 'enamasti olnud', 'teatud annu', 'olnud trikiga', 'annu', 'reeglid inimene', 'silmakirjalikkust']"
343,6,343_lähis_lähis ida_peaminister netanyahule_netanyahule,"['lähis', 'lähis ida', 'peaminister netanyahule', 'netanyahule', 'iisraeli', 'iraaki', 'rahvusvahelise', 'õiguse', 'lähis idas', 'idas', 'rahvusvahelise õiguse', 'rahvusvahelise kriminaalkohtu', 'jäime', 'kriminaalkohtu', 'vahetu kokkupuude']"
344,6,344_istandik_istandike_istandiku_istandikud,"['istandik', 'istandike', 'istandiku', 'istandikud', 'liike', 'istandikku', 'istandi', 'reimo', 'põllumaa', 'põllumaad', 'puidu', 'kasutame kohalikke', 'ettekandeid teinud', 'lausega enne', 'gas eestis']"
345,6,345_linna_linnasalu_rohering_linnakeskkonnas,"['linna', 'linnasalu', 'rohering', 'linnakeskkonnas', 'sademevee', 'vihmavett', 'vihmavett enne', 'viivitada tulevat', 'viivitada', 'inimene mõistab', 'parklad', 'suundub sama', 'asendusistutus', 'tulevat suurt', 'koostöös kogukonnaga']"
346,6,346_rikkaks_rikkaks saada_lääne eesti_brokk,"['rikkaks', 'rikkaks saada', 'lääne eesti', 'brokk', 'brokk impeeriumi', 'saada huvitav', 'huvitav iseenesest', 'võib süürias', 'täiesti selliseid', 'impeeriumi', 'impeeriumi juhiks', 'natuke erinevas', 'jaoks ahhaa', 'juhiks hakata', 'kannab vilja']"
347,6,347_teineteisega_pühi_darja_grupis,"['teineteisega', 'pühi', 'darja', 'grupis', 'grupp', 'toolid', 'sõna tere', 'darja läheb', 'varem olete', 'maksimaalselt kasu', 'saad lõhkuda', 'kasu palun', 'vastused erinevad', 'vähe probleeme', 'isetekkeline']"
348,6,348_jõudsime välja_tuul kadus_jõuelektroonika_näitama neile,"['jõudsime välja', 'tuul kadus', 'jõuelektroonika', 'näitama neile', 'kolmandat aastat', 'küsib arvamust', 'energeetika', 'hiiumaa', 'muutma peame', 'tal aega', 'tule mus', 'piirkonnad', 'välja välja', 'näitama', 'brenda']"
349,6,349_sõbralik olek_sealt küsimuse_tass täis_tundmatuseni,"['sõbralik olek', 'sealt küsimuse', 'tass täis', 'tundmatuseni', 'kogu inimkond', 'inimkond täna', 'olukord kogu', 'juhtub viie', 'elu tundmatuseni', 'arengu jälgimine', 'sõbralik', 'üldse homme', 'muudab elu', 'luba sellel', 'nemad minuga']"
350,6,350_mo mo_energia mõttes_sutt_debati kontekstis,"['mo mo', 'energia mõttes', 'sutt', 'debati kontekstis', 'insenerioskus', 'energiadebatis', 'toimunud oluline', 'tere priit', 'ilmast sõltuvusse', 'fossiilseid', 'desünkroniseerimise', 'minuti kaupa', 'mo', 'tunnistanud', 'elektrist']"
351,6,351_puidutööstus_eesti puidutööstus_puidutööstuses_lisandväärtust loov,"['puidutööstus', 'eesti puidutööstus', 'puidutööstuses', 'lisandväärtust loov', 'graanuli', 'palk kakskümmend', 'suuremat lisandväärtust', 'puidu', 'lisandväärtust', 'puidu sees', 'capita', 'hakkepuidu', 'tööstussümbioos', 'üllatab', 'kõrget lisandväärtust']"
352,6,352_pangamaks_sotsiaaldemokraatia_kapitalism_vasakpoolsetele,"['pangamaks', 'sotsiaaldemokraatia', 'kapitalism', 'vasakpoolsetele', 'neoliberalism', 'vasakpoolsete', 'vasakpoolsetel', 'vasakpoolse', 'pakuvad üksnes', 'eesti vasakpoolsetel', 'kapitalism klass', 'tegelikke suuri', 'vasakpoolseid lahendusi', 'välja sõnu', 'klass klassi']"
353,6,353_rünnakuid_tõusuteel_rohkem olnud_paremäärmuslus,"['rünnakuid', 'tõusuteel', 'rohkem olnud', 'paremäärmuslus', 'vägivaldne', 'äärmuslusega', 'islamis', 'paremäärmusluse', 'rünnakud', 'tra', 'üldiselt laieneb', 'ülikoolis pärast', 'vasakäärmuslust', 'olnud tõusuteel', 'olnud rünnakuid']"
354,6,354_sotsialism_demokraatlik sotsialism_brändi_brändi brändi,"['sotsialism', 'demokraatlik sotsialism', 'brändi', 'brändi brändi', 'vabadus', 'reformierakonna', 'neoliberalismi', 'reformierakond', 'sotsiaaldemokraatia', 'demokraatlik', 'reformierakonna hea', 'joondusid', 'brändi lojaalsus', 'reformie', 'rakonna valijaga']"
355,6,355_ristike_võib aspekt_ristike ristike_kaasamine,"['ristike', 'võib aspekt', 'ristike ristike', 'kaasamine', 'mured välja', 'nemad saaksid', 'kaasamisest', 'kuuluvustunde ehitamine', 'kultuuri sõdadeks', 'koosolekud peaksid', 'programmi ümber', 'öelda lasta', 'protsenti just', 'tes teema', 'olukordadest läheb']"
356,6,356_tubli_tubli laps_julged uudishimulikud_uudishimulikud,"['tubli', 'tubli laps', 'julged uudishimulikud', 'uudishimulikud', 'siinjuures', 'hea sõber', 'tubli tundub', 'used inimesel', 'jonnin', 'tundub elisa', 'tuleks käituda', 'said nelja', 'inimesel tubli', 'jonnivad', 'lapsed jonnivad']"
357,6,357_pädeva informatsiooni_kaasatud_rohkem kaasatud_kaasa tuna,"['pädeva informatsiooni', 'kaasatud', 'rohkem kaasatud', 'kaasa tuna', 'näiteks tuuleparkide', 'kohtumisele', 'karmim aste', 'küsid isiklikku', 'kaasatõmbamise', 'oled aktiivne', 'aktiivne osa', 'nimelt aeg', 'ühiskonnast just', 'kogemust tunnen', 'tuna']"
358,6,358_viiskümmend eurot_turvalisem_surunud kätt_kõiki taustu,"['viiskümmend eurot', 'turvalisem', 'surunud kätt', 'kõiki taustu', 'kutti', 'riigist lahkuda', 'tingima', 'anna telefon', 'tõesti kõiki', 'surunud', 'oledki', 'taustu', 'pakistani', 'poliitilistel', 'politseiga']"
359,6,359_noorte heaolu_omavalitsuste_jaanika_omavalitsuste liit,"['noorte heaolu', 'omavalitsuste', 'jaanika', 'omavalitsuste liit', 'noor', 'omavalitsuste liidu', 'detektiivi', 'heaolu spetsialist', 'noorte garantii', 'reelika', 'ongi kõigile', 'kõigile ühiselt', 'ühine sõna', 'ühiselt omavalitsuste', 'noor kaheksateist']"
360,6,360_psühholoog_psühholoogi_proteiini_skripte,"['psühholoog', 'psühholoogi', 'proteiini', 'skripte', 'stiil', 'teame peaks', 'kõigil mingid', 'ai psühholoog', 'jargon', 'üksi vahel', 'psühholoog nõustaja', 'teame kõiki', 'enne tust', 'stiil pop', 'rolli rohkem']"
361,6,361_hukka mõistma_iisrael_tsiviilisikuid_peame hukka,"['hukka mõistma', 'iisrael', 'tsiviilisikuid', 'peame hukka', 'rahvusvahelise', 'iisraeli', 'hamasi', 'hu kka', 'mõistma', 'hukka', 'kka', 'lava pea', 'teada purustamine', 'purustamine', 'inimest kodudest']"
362,6,362_intellekti_valus kuulata_sita vett_ausalt kuulasin,"['intellekti', 'valus kuulata', 'sita vett', 'ausalt kuulasin', 'vett teadsin', 'teadsin valetavad', 'eelmisi paneelikõnelejaid', 'taust metsameestel', 'vad jooksid', 'jooksid sita', 'kasvõi kaks', 'kuulasin eelmisi', 'tuum kõnele', 'metsameestel kõr', 'metsameestel']"
363,6,363_progressiivsus_progressiivsus jaoks_elu raskem_loll idee,"['progressiivsus', 'progressiivsus jaoks', 'elu raskem', 'loll idee', 'argo', 'vastand', 'hästi häirib', 'parem konservatiivsus', 'suudab paremini', 'konservatiivsus', 'selgelt vähem', 'rumalaid asju', 'progressiivne', 'uued uudised', 'mingid imelikud']"
364,6,364_metsadest_gunnar_hiiumaalt_looduskaitse,"['metsadest', 'gunnar', 'hiiumaalt', 'looduskaitse', 'maire', 'osas metsas', 'kaardistamata', 'meile võrumaalt', 'majandusmetsa juurdekasvu', 'aira', 'süsinikust', 'modereerima', 'majandada', 'kaitsealad', 'kaitsealadel']"
365,6,365_kliimamuutust_kliimamuutus_muutub usun_ikka tagada,"['kliimamuutust', 'kliimamuutus', 'muutub usun', 'ikka tagada', 'skeptilisus', 'alt enne', 'skeptilisus tulebki', 'tulebki väiksed', 'elukvaliteet muutub', 'näed kindlasti', 'puhastatud vähemalt', 'häda tuleb', 'päris probleemiks', 'nostradamus', 'võib skeptilisus']"
366,6,366_läänemeremaade_läänemeremaade nõukogu_läänemere_regiooni,"['läänemeremaade', 'läänemeremaade nõukogu', 'läänemere', 'regiooni', 'läänemere regiooni', 'nato', 'mb', 'põhjala', 'kilud', 'mb kaheksa', 'nato euroopa', 'lepped', 'üheksakümne teisel', 'nõukogu', 'regionaalse']"
367,6,367_metsaga_mets_jaoks mets_sedavõrd sedavõrd,"['metsaga', 'mets', 'jaoks mets', 'sedavõrd sedavõrd', 'sedavõrd toredam', 'võrdlus kellel', 'hommikul toimus', 'korda kellel', 'metsateema suurepärane', 'toredam metsateema', 'kellel mitmendat', 'kellel esimest', 'rõõm hommikul', 'korda sedavõrd', 'toimus võrdlus']"
368,6,368_jaoks positiivne_teadlased_fosforiidisõjaaegsete tehnoloogiatega_fosforiidisõjaaegsete,"['jaoks positiivne', 'teadlased', 'fosforiidisõjaaegsete tehnoloogiatega', 'fosforiidisõjaaegsete', 'millised põhimõttelised', 'raport moskvasse', 'kirjutati raport', 'tehnoloogiatega toimunud', 'võrreldes fosforiidisõjaaegsete', 'muudatused võrreldes', 'mati küsimuse', 'põhimõttelised tehnoloogilised', 'kaevandamistehnoloogi', 'kõnelevat', 'moskvasse']"
369,6,369_majandusareng_arengute osas_majandusarengu_arengute,"['majandusareng', 'arengute osas', 'majandusarengu', 'arengute', 'osas viime', 'tööandjate keskliitu', 'vajalike arengute', 'vajalikke tegevus', 'läbi esindab', 'tegevus eluaeglaselt', 'peaaegu kümmekond', 'vist seitse', 'viime vajalikke', 'veab tööandjate', 'keskliitu läbi']"
370,6,370_tervishoiutöötaja_kõrvalmõju_kindlasti tuleme_kaardistamine,"['tervishoiutöötaja', 'kõrvalmõju', 'kindlasti tuleme', 'kaardistamine', 'patsiendi autonoomia', 'käsi kogenud', 'pea valutama', 'patsiendi tunnete', 'ravimit kasutama', 'valideerimine', 'sellel rohul', 'kõrvalmõju öelda', 'tervishoiutöötaja ütleb', 'kaardistamine tekivad', 'seosed millega']"
371,6,371_väärikate_rohkem samme_juhtunud ebameeldivaid_väärikate ülikooli,"['väärikate', 'rohkem samme', 'juhtunud ebameeldivaid', 'väärikate ülikooli', 'tihti läbipõlemised', 'ütle teen', 'õhtul mõnus', 'stamentide pärandite', 'läbipõlemised', 'sugulased juhtunud', 'süümepiinade kõige', 'süümepiinade', 'inimesed stamentide', 'vad sugulased', 'pärandite']"
372,6,372_ukse vahele_jala ukse_jala_värbamine,"['ukse vahele', 'jala ukse', 'jala', 'värbamine', 'töövestlusel', 'jääb igavesti', 'miljonäriks', 'said jala', 'juuniorina', 'küll oskan', 'minul tõesti', 'pöörde puhul', 'värbamise', 'tegema pean', 'iseloom']"
373,6,373_noored valima_valimisaktiivsus_parlamendierakondade_noortekogu,"['noored valima', 'valimisaktiivsus', 'parlamendierakondade', 'noortekogu', 'kesknoored', 'seletada noortele', 'kesknoored küsimus', 'vali misaktiivsus', 'kutsume noori', 'vaja valida', 'küsimus tegelevad', 'noortekogus', 'arvad tuua', 'valima kesknoored', 'misaktiivsus']"
374,6,374_seksi_nõusoleku_keha_praegu taha,"['seksi', 'nõusoleku', 'keha', 'praegu taha', 'võtta penetratsiooni', 'penetratsiooni', 'penetratsiooni öelda', 'märgamine tekib', 'jooksul olukorras', 'märgamine', 'keha tule', 'orgasmi', 'vahekorda', 'püsipartner olemas', 'püsipartner']"
375,6,375_vett_vee_vesi_ülemiste,"['vett', 'vee', 'vesi', 'ülemiste', 'nõel', 'ülemiste järve', 'vesi olemas', 'vee hinda', 'temperatuur', 'ülesanne veeettevõttena', 'veeettevõttena', 'jäässe', 'harjumused võivad', 'veeettevõttena täna', 'mõjutab vee']"
376,6,376_vähitõrje_vähitõrjekava_vähitõrjetegevuskava_kaire,"['vähitõrje', 'vähitõrjekava', 'vähitõrjetegevuskava', 'kaire', 'põhja eesti', 'anda korralikku', 'toetada paremini', 'vähiga anda', 'patsient päriselt', 'riigile raviteekondade', 'raviteekondade eestvedajatele', 'sisendit riigile', 'suudaksime toetada', 'paremini elu', 'eelkõige patsient']"
377,6,377_ugri_soome ugri_komi_soome,"['ugri', 'soome ugri', 'komi', 'soome', 'ugria', 'pagulus', 'ugri rahvaste', 'kultuuri süda', 'süda', 'rahvaste', 'läänemeresoome', 'rahvastel', 'kolisin', 'keel identiteedi', 'märkidest']"
378,6,378_infarkti_protseduure_öelda raviarvelduse_dena,"['infarkti', 'protseduure', 'öelda raviarvelduse', 'dena', 'õppeprogramme radi', 'tervisekassast andmed', 'dena saama', 'koostööprojekt radioloogi', 'tüssavad', 'auditite teadustöö', 'näiteks koostööprojekt', 'dega reaalselt', 'andmed vaatama', 'ulatu peame', 'radioloogi dega']"
379,6,379_tehisintellekt_arst koos_koos tehisintellektiga_keerutama,"['tehisintellekt', 'arst koos', 'koos tehisintellektiga', 'keerutama', 'koroonaalis', 'mõõdistamise', 'korras viga', 'parandaks lõpuks', 'mõõdistamise protsessi', 'inimesel vot', 'aktsiaalis vaid', 'aktsiaalis', 'risti vaates', 'tus inimesel', 'vaataks üle']"
380,6,380_mõõdupuu_mudel_opus_mudeleid,"['mõõdupuu', 'mudel', 'opus', 'mudeleid', 'mudelil', 'mude', 'lisandub uusi', 'avatud mudel', 'track ida', 'eesti keeles', 'jooksutama', 'otsuste tegemiseks', 'tuunida', 'mudelid', 'mudeli']"
381,6,381_segregatsiooni_ühistuline_regionaalareng_tingimata omama,"['segregatsiooni', 'ühistuline', 'regionaalareng', 'tingimata omama', 'avalik maa', 'tahtsin kommentaar', 'kirutud', 'väike külak', 'segregatsiooni juurde', 'ina öelda', 'öelda segregatsiooni', 'kommentaar ina', 'elada mujal', 'hundid', 'abikaasa täpselt']"
382,6,382_korterid_korter_kortereid_korteri,"['korterid', 'korter', 'kortereid', 'korteri', 'üüri', 'tuleb osta', 'ostad', 'korterite', 'kodude', 'le leia', 'mingisuguse korteri', 'pooled korterid', 'noortele kättesaadavad', 'eurot peale', 'korter kindlasti']"
383,6,383_üksildus_üksildasena_üksildust_üksilduse,"['üksildus', 'üksildasena', 'üksildust', 'üksilduse', 'ennast üksildase', 'üksildustunne', 'üksildase', 'ennast üksildasena', 'pingid', 'üksildus põhjustab', 'hakkab mõju', 'üksildase na', 'üksindus', 'millal muutub', 'peaks võtma']"
