episode_id,title,topic_id,passage_count,covered_seconds,fraction_of_analyzed_talk
2247188684,Kas kiirustades elad kauem?,-1,15,2631.2000000000007,0.5062023836068306
2247188684,Kas kiirustades elad kauem?,118,9,1587.5599999999995,0.3054221101090223
2247188684,Kas kiirustades elad kauem?,230,7,1174.961,0.2260444127565617
2247188687,Kes koristab?!,-1,4,714.2800000000007,0.1323780889317292
2247188687,Kes koristab?!,5,1,185.6000000000004,0.034397397807203
2247188687,Kes koristab?!,53,1,191.24000000000024,0.0354426635595339
2247188687,Kes koristab?!,113,16,2689.2370000000005,0.4983984638300057
2247188687,Kes koristab?!,226,7,1264.6800000000003,0.2343841651875724
2247188687,Kes koristab?!,252,3,536.5600000000002,0.0994410978848751
2247188690,Kas kõik on kiusamine?,-1,10,1763.04,0.3365727326145896
2247188690,Kas kõik on kiusamine?,112,15,2678.054,0.5112532630396543
2247188690,Kas kõik on kiusamine?,200,1,210.92,0.0402656325228408
2247188690,Kas kõik on kiusamine?,206,2,386.1600000000001,0.0737197831169173
2247188690,Kas kõik on kiusamine?,225,2,367.5600000000002,0.0701689545329763
2247188693,Töökius otse laval,-1,17,3030.729999999999,0.565915095836951
2247188693,Töökius otse laval,112,1,181.31999999999996,0.0338570988432344
2247188693,Töökius otse laval,200,9,1593.32,0.2975137476775994
2247188693,Töökius otse laval,251,4,722.84,0.134972784733309
2247188696,Juhi võim versus töötaja julgus,-1,9,1593.8799999999997,0.3024020766758917
2247188696,Juhi võim versus töötaja julgus,125,1,182.84000000000012,0.0346896853586343
2247188696,Juhi võim versus töötaja julgus,204,9,1585.5999999999997,0.3008311370851594
2247188696,Juhi võim versus töötaja julgus,206,1,184.16,0.0349401250035336
2247188696,Juhi võim versus töötaja julgus,225,4,735.9200000000003,0.1396238965714623
2247188696,Juhi võim versus töötaja julgus,254,7,1204.971,0.2286155373894057
2247188699,Õpiamps kui osa tööst,-1,7,1261.9999999999995,0.2307280383747165
2247188699,Õpiamps kui osa tööst,134,3,533.5199999999998,0.0975420150821543
2247188699,Õpiamps kui osa tööst,182,11,1871.363,0.3421362235158674
2247188699,Õpiamps kui osa tööst,183,11,1967.2,0.3596578423856912
2247188702,Kuidas juhtida riiki? Visiooni põhjal? Väärtuste põhjal?,14,25,4325.735,0.8982576762025003
2247188702,Kuidas juhtida riiki? Visiooni põhjal? Väärtuste põhjal?,21,1,183.76000000000025,0.0381585627827344
2247188702,Kuidas juhtida riiki? Visiooni põhjal? Väärtuste põhjal?,79,2,354.0400000000004,0.0735179449695216
2247188705,Kas töötaja on alati nõrgem osapool?,-1,14,2458.1199999999994,0.4453527409235273
2247188705,Kas töötaja on alati nõrgem osapool?,73,1,181.07999999999996,0.0328073789426196
2247188705,Kas töötaja on alati nõrgem osapool?,90,8,1477.12,0.2676189285604285
2247188705,Kas töötaja on alati nõrgem osapool?,145,7,1264.8899999999996,0.2291679122527624
2247188705,Kas töötaja on alati nõrgem osapool?,225,1,183.27999999999972,0.033205966493281
2247188705,Kas töötaja on alati nõrgem osapool?,251,1,184.27999999999972,0.0333871426526725
2247188708,Disainime tööd,-1,7,1224.8010000000008,0.2368448990112972
2247188708,Disainime tööd,5,1,186.96000000000004,0.0361532382151485
2247188708,Disainime tööd,125,1,182.8800000000001,0.0353642715275265
2247188708,Disainime tööd,134,11,1997.68,0.3862997481687947
2247188708,Disainime tööd,180,1,184.4,0.0356582002935033
2247188708,Disainime tööd,206,6,1037.9600000000005,0.2007146723245376
2247188708,Disainime tööd,225,1,180.7600000000001,0.0349543182486641
2247188708,Disainime tööd,295,2,367.87999999999965,0.0711384963339153
2250797864,Kuidas luua hoolivamat ühiskonda_ Pihlakodu juhtumist edasi!,-1,3,546.8000000000006,0.0902670256437263
2250797864,Kuidas luua hoolivamat ühiskonda_ Pihlakodu juhtumist edasi!,59,25,4565.263000000001,0.7536443165533185
2250797864,Kuidas luua hoolivamat ühiskonda_ Pihlakodu juhtumist edasi!,144,6,1032.04,0.1703715821970578
2250797867,"Loodus, majandus ja julgeolek. Kas valida tuleb ainult kaks_",-1,15,2566.605,0.4866888968741496
2250797867,"Loodus, majandus ja julgeolek. Kas valida tuleb ainult kaks_",32,10,1722.24,0.3265773602687346
2250797867,"Loodus, majandus ja julgeolek. Kas valida tuleb ainult kaks_",99,1,225.2400000000007,0.0427108211555474
2250797867,"Loodus, majandus ja julgeolek. Kas valida tuleb ainult kaks_",163,1,181.92000000000007,0.0344963265166807
2250797867,"Loodus, majandus ja julgeolek. Kas valida tuleb ainult kaks_",193,3,535.3199999999999,0.101509309096908
2250797867,"Loodus, majandus ja julgeolek. Kas valida tuleb ainult kaks_",253,1,182.0,0.0345114964052104
2250797870,Noored ja äärmuslus. Mida saame teha_,-1,16,3073.769999999999,0.6010159768022539
2250797870,Noored ja äärmuslus. Mida saame teha_,215,1,204.8800000000001,0.0400603016254455
2250797870,Noored ja äärmuslus. Mida saame teha_,234,4,867.8400000000001,0.1696892432771704
2250797870,Noored ja äärmuslus. Mida saame teha_,255,6,1135.92,0.222107076446584
2250797873,Vasakpoolsus Eestis. Kas turumõtlemine on piisav_,6,33,5653.766,1.0
2250797876,Kas öko-eluviis on ainult rikastele_,-1,3,596.962,0.1230889583619425
2250797876,Kas öko-eluviis on ainult rikastele_,37,1,180.9199999999992,0.0373043080578705
2250797876,Kas öko-eluviis on ainult rikastele_,85,20,3641.84,0.7509193082991158
2250797876,Kas öko-eluviis on ainult rikastele_,217,2,353.1199999999999,0.0728106193974978
2250797876,Kas öko-eluviis on ainult rikastele_,253,1,193.7199999999998,0.0399435692956594
2250797879,Looduskaitse ja riigikaitse – teineteist võimendavad jõud_,-1,7,1284.4399999999991,0.2444621362896773
2250797879,Looduskaitse ja riigikaitse – teineteist võimendavad jõud_,103,1,180.12000000000037,0.034281492314547
2250797879,Looduskaitse ja riigikaitse – teineteist võimendavad jõud_,121,15,2684.7070000000003,0.5109691449439843
2250797879,Looduskaitse ja riigikaitse – teineteist võimendavad jõud_,257,7,1304.6800000000003,0.2483143315175613
2250797882,Meedia roll progressiivsete teemade kajastamisel,-1,12,2169.8809999999994,0.4376559234733793
2250797882,Meedia roll progressiivsete teemade kajastamisel,92,1,196.84000000000012,0.0397018048346891
2250797882,Meedia roll progressiivsete teemade kajastamisel,221,8,1444.9200000000003,0.2914343214882086
2250797882,Meedia roll progressiivsete teemade kajastamisel,256,7,1255.68,0.253265404871075
2250797888,Rohkem kui kondoom ja video. Seksuaalhariduse tulevik Eestis,-1,4,707.04,0.1356940588748393
2250797888,Rohkem kui kondoom ja video. Seksuaalhariduse tulevik Eestis,10,1,100.98500000000058,0.0193808900988285
2250797888,Rohkem kui kondoom ja video. Seksuaalhariduse tulevik Eestis,48,26,4465.32,0.8569775330603611
2254333406,"Kuhu pöörad, rohepööre_",-1,5,917.88,0.1601255213264313
2254333406,"Kuhu pöörad, rohepööre_",91,15,2744.6129999999994,0.4788017905001749
2254333406,"Kuhu pöörad, rohepööre_",115,1,181.52000000000044,0.0316664320294307
2254333406,"Kuhu pöörad, rohepööre_",131,1,198.96000000000004,0.0347088657810463
2254333406,"Kuhu pöörad, rohepööre_",176,3,539.76,0.0941619290006913
2254333406,"Kuhu pöörad, rohepööre_",235,7,1337.2400000000002,0.2332834925464734
2254333409,Kust tuleb raha aastal 2040_,-1,15,2672.04,0.507132391457832
2254333409,Kust tuleb raha aastal 2040_,0,1,92.5600000000004,0.0175671674650593
2254333409,Kust tuleb raha aastal 2040_,32,2,368.1999999999998,0.0698814937406527
2254333409,Kust tuleb raha aastal 2040_,142,1,181.64000000000036,0.0344738580202395
2254333409,Kust tuleb raha aastal 2040_,163,2,362.67999999999984,0.0688338407111893
2254333409,Kust tuleb raha aastal 2040_,176,8,1497.2399999999998,0.2841644967090029
2254333409,Kust tuleb raha aastal 2040_,217,2,364.8399999999999,0.0692437918966315
2254333412,Millist väliruumi ootame oma linnadesse_ LIFE Tartu ROHEringiga.alp,-1,7,1267.9600000000005,0.2245533054651765
2254333412,Millist väliruumi ootame oma linnadesse_ LIFE Tartu ROHEringiga.alp,49,23,4111.48,0.7281352916132715
2254333412,Millist väliruumi ootame oma linnadesse_ LIFE Tartu ROHEringiga.alp,222,2,328.46799999999985,0.0581710583453228
2254333415,Hakkab looma! Unistades loome Eesti tulevikku,-1,6,974.378,0.1900313956740357
2254333415,Hakkab looma! Unistades loome Eesti tulevikku,71,23,4058.880000000001,0.791596927756405
2254333415,Hakkab looma! Unistades loome Eesti tulevikku,85,1,181.48,0.0353937565163868
2258666735,Milliseid lasteraamatuid tahame – lastega ja lastele,329,2,372.859,1.0
2258666738,Mitmekultuuriline maailm Eesti koolis,-1,16,2959.106,0.5653119152937472
2258666738,Mitmekultuuriline maailm Eesti koolis,277,7,1265.44,0.2417514986246925
2258666738,Mitmekultuuriline maailm Eesti koolis,326,6,1190.6399999999994,0.2274615978019533
2258666741,Me paneme selle muuseumi kinni!,63,24,4204.613,1.0
2258666744,Rahvus: inimene,-1,3,592.52,0.1431215680666824
2258666744,Rahvus: inimene,175,11,2222.4,0.5368145765061013
2258666744,Rahvus: inimene,241,8,1447.5769999999998,0.3496582227389185
2258666747,"Kaua säilib Eesti kultuur, kui meid saab olema nii vähe",-1,7,1371.44,0.2604403847432038
2258666747,"Kaua säilib Eesti kultuur, kui meid saab olema nii vähe",37,1,74.93000000000029,0.0142294216508256
2258666747,"Kaua säilib Eesti kultuur, kui meid saab olema nii vähe",231,8,1444.08,0.2742349288339014
2258666747,"Kaua säilib Eesti kultuur, kui meid saab olema nii vähe",270,7,1246.9999999999998,0.236808872261838
2258666747,"Kaua säilib Eesti kultuur, kui meid saab olema nii vähe",271,7,1316.5599999999988,0.2500185155293065
2267420987,Kliimatark metsandus. Kuidas kohaneda ja tegutseda muutuvas keskkonnas_,-1,12,2150.3199999999997,0.3796185419062098
2267420987,Kliimatark metsandus. Kuidas kohaneda ja tegutseda muutuvas keskkonnas_,136,6,1082.6799999999996,0.1911368554219908
2267420987,Kliimatark metsandus. Kuidas kohaneda ja tegutseda muutuvas keskkonnas_,267,7,1253.3430000000008,0.2212657847056974
2267420987,Kliimatark metsandus. Kuidas kohaneda ja tegutseda muutuvas keskkonnas_,274,1,182.88,0.0322857244241823
2267420987,Kliimatark metsandus. Kuidas kohaneda ja tegutseda muutuvas keskkonnas_,275,7,1225.44,0.2163397754722766
2267420990,Püsimetsandus – kas kesktee metsakaitse ja metsamajanduse vahel_,-1,7,1242.598,0.2179553697687382
2267420990,Püsimetsandus – kas kesktee metsakaitse ja metsamajanduse vahel_,55,26,4552.52,0.7985254925402875
2267420993,"Mõõdame eurodes, mitte tihumeetrites",-1,6,1135.4030000000002,0.3064877017883082
2267420993,"Mõõdame eurodes, mitte tihumeetrites",142,10,1807.6400000000003,0.487949590815435
2267420993,"Mõõdame eurodes, mitte tihumeetrites",158,1,183.84000000000012,0.0496252864372937
2267420993,"Mõõdame eurodes, mitte tihumeetrites",181,2,368.7199999999998,0.0995313077412909
2267420993,"Mõõdame eurodes, mitte tihumeetrites",228,1,184.6400000000001,0.049841236334758
2267420993,"Mõõdame eurodes, mitte tihumeetrites",274,1,180.8800000000001,0.0488262718166758
2267420996,"Eesti inimesed soovivad, ökoloogid soovitavad ja prognoosid näitavad, et raiemahtu peaks vähendama. Mis seda takistab_",-1,9,1729.28,0.2968235920927601
2267420996,"Eesti inimesed soovivad, ökoloogid soovitavad ja prognoosid näitavad, et raiemahtu peaks vähendama. Mis seda takistab_",136,7,1299.7199999999998,0.2230914363867055
2267420996,"Eesti inimesed soovivad, ökoloogid soovitavad ja prognoosid näitavad, et raiemahtu peaks vähendama. Mis seda takistab_",181,6,1072.1200000000008,0.1840248597997376
2267420996,"Eesti inimesed soovivad, ökoloogid soovitavad ja prognoosid näitavad, et raiemahtu peaks vähendama. Mis seda takistab_",274,5,932.92,0.1601317690224705
2267420996,"Eesti inimesed soovivad, ökoloogid soovitavad ja prognoosid näitavad, et raiemahtu peaks vähendama. Mis seda takistab_",308,6,1049.1919999999996,0.1800893656521714
2267420999,Kas tulevikumetsad vajavad rangemat kaitset või paindlikumat majandamist_,-1,15,2810.7150000000006,0.5641474157682247
2267420999,Kas tulevikumetsad vajavad rangemat kaitset või paindlikumat majandamist_,273,7,1322.7599999999995,0.2654953048180183
2267420999,Kas tulevikumetsad vajavad rangemat kaitset või paindlikumat majandamist_,318,6,1077.0400000000004,0.2161760735894634
2271676346,Ajateenistuse tulevikuvaade – kuhu liigume ja miks_,-1,6,1070.384,0.1924616617255927
2271676346,Ajateenistuse tulevikuvaade – kuhu liigume ja miks_,81,2,382.44000000000005,0.0687650767484713
2271676346,Ajateenistuse tulevikuvaade – kuhu liigume ja miks_,152,12,2474.76,0.4449771502302239
2271676346,Ajateenistuse tulevikuvaade – kuhu liigume ja miks_,156,1,196.80000000000015,0.035385856877155
2271676346,Ajateenistuse tulevikuvaade – kuhu liigume ja miks_,157,2,402.1999999999998,0.0723180469308522
2271676346,Ajateenistuse tulevikuvaade – kuhu liigume ja miks_,193,1,232.96000000000004,0.0418876484659655
2271676346,Ajateenistuse tulevikuvaade – kuhu liigume ja miks_,218,4,779.6399999999994,0.140184092762729
2271676346,Ajateenistuse tulevikuvaade – kuhu liigume ja miks_,319,1,214.72000000000023,0.0386079836822293
2271676349,Millised on minu kui kodaniku võimalused toetada laiapõhjalist riigikaitset,-1,9,1540.105,0.2652762431177135
2271676349,Millised on minu kui kodaniku võimalused toetada laiapõhjalist riigikaitset,64,1,184.4400000000005,0.0317689704796953
2271676349,Millised on minu kui kodaniku võimalused toetada laiapõhjalist riigikaitset,151,12,2139.76,0.368564152426983
2271676349,Millised on minu kui kodaniku võimalused toetada laiapõhjalist riigikaitset,218,1,181.44000000000003,0.0312522338095636
2271676349,Millised on minu kui kodaniku võimalused toetada laiapõhjalist riigikaitset,243,7,1262.32,0.2174290111468712
2271676349,Millised on minu kui kodaniku võimalused toetada laiapõhjalist riigikaitset,317,2,367.6400000000003,0.0633243564690694
2271676349,Millised on minu kui kodaniku võimalused toetada laiapõhjalist riigikaitset,319,2,370.3199999999997,0.0637859745610536
2271676352,Ajalugu oleviku teejuhina – kristallkuul või kõverpeegel_,-1,4,765.72,0.1377367654201068
2271676352,Ajalugu oleviku teejuhina – kristallkuul või kõverpeegel_,108,16,2707.5000000000005,0.4870217473422913
2271676352,Ajalugu oleviku teejuhina – kristallkuul või kõverpeegel_,150,12,2136.7200000000003,0.3843505477308294
2271676355,Valel on ohtlikud jalad ehk kuidas väärinfo ohustab meie julgeolekut.,-1,11,2167.68,0.3790036641846537
2271676355,Valel on ohtlikud jalad ehk kuidas väärinfo ohustab meie julgeolekut.,3,2,279.8570000000004,0.0489310361528107
2271676355,Valel on ohtlikud jalad ehk kuidas väärinfo ohustab meie julgeolekut.,27,3,550.0000000000005,0.0961636474486823
2271676355,Valel on ohtlikud jalad ehk kuidas väärinfo ohustab meie julgeolekut.,74,16,2914.9999999999995,0.5096673314780159
2271676358,Kaitsekulud Eestis. Ühiskonna roll kaitsevõime tagajana,-1,8,1444.3599999999997,0.2697343983816981
2271676358,Kaitsekulud Eestis. Ühiskonna roll kaitsevõime tagajana,157,10,1721.1890000000003,0.3214322464040799
2271676358,Kaitsekulud Eestis. Ühiskonna roll kaitsevõime tagajana,193,5,887.0800000000002,0.1656622934146867
2271676358,Kaitsekulud Eestis. Ühiskonna roll kaitsevõime tagajana,239,8,1496.9600000000005,0.279557454513741
2271676361,"“Kogu rahvas peab sõda. Sõjavägi peab lahinguid.” – Kindralleitnant Nikolai Reek, Sõjavägede staabi ülem 1937.",-1,5,933.8400000000004,0.1764980714187434
2271676361,"“Kogu rahvas peab sõda. Sõjavägi peab lahinguid.” – Kindralleitnant Nikolai Reek, Sõjavägede staabi ülem 1937.",100,17,3038.616,0.5743059451106572
2271676361,"“Kogu rahvas peab sõda. Sõjavägi peab lahinguid.” – Kindralleitnant Nikolai Reek, Sõjavägede staabi ülem 1937.",281,7,1265.88,0.2392544532763201
2271676361,"“Kogu rahvas peab sõda. Sõjavägi peab lahinguid.” – Kindralleitnant Nikolai Reek, Sõjavägede staabi ülem 1937.",319,1,239.36,0.0452396324582266
2271676364,"Rahvaarv kahaneb, aga ohud kasvavad. Kas Eesti riigikaitse vajab uut lähenemist_",-1,6,1028.4299999999998,0.2082740128840977
2271676364,"Rahvaarv kahaneb, aga ohud kasvavad. Kas Eesti riigikaitse vajab uut lähenemist_",100,1,196.72000000000003,0.0398390399099206
2271676364,"Rahvaarv kahaneb, aga ohud kasvavad. Kas Eesti riigikaitse vajab uut lähenemist_",179,11,1951.44,0.3951987395374929
2271676364,"Rahvaarv kahaneb, aga ohud kasvavad. Kas Eesti riigikaitse vajab uut lähenemist_",218,4,729.5200000000004,0.1477398149404501
2271676364,"Rahvaarv kahaneb, aga ohud kasvavad. Kas Eesti riigikaitse vajab uut lähenemist_",306,6,1054.16,0.213484761648241
2271676364,"Rahvaarv kahaneb, aga ohud kasvavad. Kas Eesti riigikaitse vajab uut lähenemist_",319,1,181.0,0.0366554810069928
2271676367,"Kui sõda algab, kolin Hispaaniasse_",-1,7,1269.2600000000002,0.2249192830992455
2271676367,"Kui sõda algab, kolin Hispaaniasse_",81,20,3467.88,0.6145258524448981
2271676367,"Kui sõda algab, kolin Hispaaniasse_",211,1,181.96000000000004,0.0322442310895629
2271676367,"Kui sõda algab, kolin Hispaaniasse_",317,4,722.7999999999993,0.1280838109009457
2271676367,"Kui sõda algab, kolin Hispaaniasse_",319,1,180.07999999999993,0.0319110855935837
2277338243,Maailmahariduslik mälumäng ja mõtteharjutused koos Ivo Linnaga,-1,8,1626.6799999999998,0.3389793775806156
2277338243,Maailmahariduslik mälumäng ja mõtteharjutused koos Ivo Linnaga,52,1,243.96000000000004,0.0508381543724438
2277338243,Maailmahariduslik mälumäng ja mõtteharjutused koos Ivo Linnaga,91,2,414.1999999999998,0.0863140004142738
2277338243,Maailmahariduslik mälumäng ja mõtteharjutused koos Ivo Linnaga,93,2,412.0799999999999,0.0858722194367792
2277338243,Maailmahariduslik mälumäng ja mõtteharjutused koos Ivo Linnaga,190,10,2030.198,0.4230673853526266
2277338243,Maailmahariduslik mälumäng ja mõtteharjutused koos Ivo Linnaga,226,1,185.1199999999999,0.0385766483744335
2277338246,Ettevõtjad ja noored - kas parallelmaailmad või partnerid ettevõtliku tulevikupõlvkonna kujundamisel_,5,1,181.76000000000025,0.0330961527361228
2277338246,Ettevõtjad ja noored - kas parallelmaailmad või partnerid ettevõtliku tulevikupõlvkonna kujundamisel_,7,1,185.04,0.0336933984501109
2277338246,Ettevõtjad ja noored - kas parallelmaailmad või partnerid ettevõtliku tulevikupõlvkonna kujundamisel_,11,2,358.4000000000001,0.0652600194796788
2277338246,Ettevõtjad ja noored - kas parallelmaailmad või partnerid ettevõtliku tulevikupõlvkonna kujundamisel_,14,1,183.5999999999999,0.0334311930147015
2277338246,Ettevõtjad ja noored - kas parallelmaailmad või partnerid ettevõtliku tulevikupõlvkonna kujundamisel_,18,1,180.55999999999997,0.0328776482066149
2277338246,Ettevõtjad ja noored - kas parallelmaailmad või partnerid ettevõtliku tulevikupõlvkonna kujundamisel_,24,26,4531.677,0.8251599589721327
2277338249,Kas lapsi saab panna liikuma_,-1,7,1237.0799999999997,0.2358262707583278
2277338249,Kas lapsi saab panna liikuma_,162,10,1766.6799999999994,0.3367846509710952
2277338249,Kas lapsi saab panna liikuma_,191,8,1365.6460000000002,0.2603349850907196
2277338249,Kas lapsi saab panna liikuma_,307,6,1078.3999999999996,0.2055768829710129
2280202454,Oskusi kombineerides saame tõenäolisemalt olümpiavõitjaks,-1,21,3614.72,0.6769147450193287
2280202454,Oskusi kombineerides saame tõenäolisemalt olümpiavõitjaks,161,1,181.96000000000004,0.03407495103458
2280202454,Oskusi kombineerides saame tõenäolisemalt olümpiavõitjaks,162,1,181.16000000000008,0.0339251381041136
2280202454,Oskusi kombineerides saame tõenäolisemalt olümpiavõitjaks,185,2,346.8800000000001,0.0649588866502259
2280202454,Oskusi kombineerides saame tõenäolisemalt olümpiavõitjaks,210,1,72.11299999999937,0.0135043248184032
2280202454,Oskusi kombineerides saame tõenäolisemalt olümpiavõitjaks,223,1,181.72000000000003,0.0340300071554401
2280202454,Oskusi kombineerides saame tõenäolisemalt olümpiavõitjaks,249,3,530.64,0.0993709167783553
2280202454,Oskusi kombineerides saame tõenäolisemalt olümpiavõitjaks,265,2,365.4399999999996,0.068434546637046
2280202457,Naised ettevõtluses sotsiodraama_ Kuidas tappa ettevõtjat_,-1,12,2145.24,0.4712556338404092
2280202457,Naised ettevõtluses sotsiodraama_ Kuidas tappa ettevõtjat_,32,1,182.48,0.0400862971337462
2280202457,Naised ettevõtluses sotsiodraama_ Kuidas tappa ettevõtjat_,137,13,2332.9390000000003,0.5124884148887819
2280202460,Tööstusinvesteeringud ja energiajulgeolek. Kuidas tagada tööstuse edukas tulevik muutuvas geopoliitilises olukorras_,-1,23,3861.638,0.7044884609588873
2280202460,Tööstusinvesteeringud ja energiajulgeolek. Kuidas tagada tööstuse edukas tulevik muutuvas geopoliitilises olukorras_,132,1,180.79999999999995,0.032983804732957
2280202460,Tööstusinvesteeringud ja energiajulgeolek. Kuidas tagada tööstuse edukas tulevik muutuvas geopoliitilises olukorras_,135,1,180.52,0.0329327236194325
2280202460,Tööstusinvesteeringud ja energiajulgeolek. Kuidas tagada tööstuse edukas tulevik muutuvas geopoliitilises olukorras_,158,1,182.76000000000025,0.0333413725276285
2280202460,Tööstusinvesteeringud ja energiajulgeolek. Kuidas tagada tööstuse edukas tulevik muutuvas geopoliitilises olukorras_,186,1,180.32,0.0328962371097722
2280202460,Tööstusinvesteeringud ja energiajulgeolek. Kuidas tagada tööstuse edukas tulevik muutuvas geopoliitilises olukorras_,217,1,180.52,0.0329327236194325
2280202460,Tööstusinvesteeringud ja energiajulgeolek. Kuidas tagada tööstuse edukas tulevik muutuvas geopoliitilises olukorras_,228,3,523.4800000000005,0.095499790385002
2280202460,Tööstusinvesteeringud ja energiajulgeolek. Kuidas tagada tööstuse edukas tulevik muutuvas geopoliitilises olukorras_,252,2,352.44000000000005,0.06429652732347
2280202463,Kohalikud bioressursid majanduse hüvanguks. Miks on see päriselus nii raske_,-1,6,1007.465,0.1850452527126372
2280202463,Kohalikud bioressursid majanduse hüvanguks. Miks on see päriselus nii raske_,142,1,184.6,0.0339062435427065
2280202463,Kohalikud bioressursid majanduse hüvanguks. Miks on see päriselus nii raske_,198,10,1738.12,0.3192476707824976
2280202463,Kohalikud bioressursid majanduse hüvanguks. Miks on see päriselus nii raske_,208,9,1566.8799999999992,0.2877953135546911
2280202463,Kohalikud bioressursid majanduse hüvanguks. Miks on see päriselus nii raske_,235,1,180.15999999999983,0.033090730426078
2280202463,Kohalikud bioressursid majanduse hüvanguks. Miks on see päriselus nii raske_,300,5,920.56,0.1690830528476377
2280202466,Kas Eestist võiks saada uute keskkonnasõbralike kütuste tootja_,-1,2,432.52,0.084555750942533
2280202466,Kas Eestist võiks saada uute keskkonnasõbralike kütuste tootja_,9,26,4551.205,0.8897404893841009
2280202466,Kas Eestist võiks saada uute keskkonnasõbralike kütuste tootja_,98,1,181.4399999999996,0.035470719159838
2280202469,Eesti Looduskapital. Kas roheinvestori järgmine edulugu või riiklikult pidurdatud potentsiaal_,-1,1,181.4399999999996,0.0345393158839734
2280202469,Eesti Looduskapital. Kas roheinvestori järgmine edulugu või riiklikult pidurdatud potentsiaal_,22,29,5099.504,0.970752753018002
2280202472,Rändepööre - võimalus või identiteedikriis_,-1,13,2322.96,0.4070250616461723
2280202472,Rändepööre - võimalus või identiteedikriis_,102,7,1194.3270000000002,0.2092679257502015
2280202472,Rändepööre - võimalus või identiteedikriis_,146,13,2493.279999999999,0.4368682395311017
2280202475,"Kes ütles, et tehnoloogiasektoris töötamine pole naistele_",-1,8,1431.520000000001,0.2655672847937909
2280202475,"Kes ütles, et tehnoloogiasektoris töötamine pole naistele_",78,22,3751.9430000000016,0.6960386967776
2280202475,"Kes ütles, et tehnoloogiasektoris töötamine pole naistele_",185,1,182.31999999999996,0.0338229485886357
2280202475,"Kes ütles, et tehnoloogiasektoris töötamine pole naistele_",223,1,180.03999999999996,0.0333999762170797
2289585014,Küberkurjategija mõtteviis. Kuidas mõelda nagu häkker_,12,32,5416.695,1.0
2289585017,Vanematega kohtupinki – digilaste tulevik_,2,30,5130.01,0.9709289671266426
2289585017,Vanematega kohtupinki – digilaste tulevik_,7,1,181.7599999999993,0.0344007222334728
2289585020,"Zoomer vs Boomer. Arija ja Marii Laser Techist võtavad ette sotsiaalmeedias levinud trendid ja vaidlevad selgeks, miks mingi asi trendib.",-1,10,1745.7999999999993,0.3214196815334468
2289585020,"Zoomer vs Boomer. Arija ja Marii Laser Techist võtavad ette sotsiaalmeedias levinud trendid ja vaidlevad selgeks, miks mingi asi trendib.",2,3,548.1600000000001,0.1009218768641163
2289585020,"Zoomer vs Boomer. Arija ja Marii Laser Techist võtavad ette sotsiaalmeedias levinud trendid ja vaidlevad selgeks, miks mingi asi trendib.",7,4,659.6879999999999,0.1214553252786324
2289585020,"Zoomer vs Boomer. Arija ja Marii Laser Techist võtavad ette sotsiaalmeedias levinud trendid ja vaidlevad selgeks, miks mingi asi trendib.",51,2,364.6800000000003,0.0671413274496606
2289585020,"Zoomer vs Boomer. Arija ja Marii Laser Techist võtavad ette sotsiaalmeedias levinud trendid ja vaidlevad selgeks, miks mingi asi trendib.",138,10,1780.280000000001,0.3277678030933471
2289585020,"Zoomer vs Boomer. Arija ja Marii Laser Techist võtavad ette sotsiaalmeedias levinud trendid ja vaidlevad selgeks, miks mingi asi trendib.",312,3,541.1200000000001,0.099625740675552
2289585023,TI-hüppe ootuses. Kas Eesti haridus on valmis tehisintellekti revolutsiooniks_,-1,12,2168.637,0.4044306839155667
2289585023,TI-hüppe ootuses. Kas Eesti haridus on valmis tehisintellekti revolutsiooniks_,66,1,185.1199999999999,0.0345231628006207
2289585023,TI-hüppe ootuses. Kas Eesti haridus on valmis tehisintellekti revolutsiooniks_,87,1,185.1600000000003,0.0345306224295751
2289585023,TI-hüppe ootuses. Kas Eesti haridus on valmis tehisintellekti revolutsiooniks_,89,1,181.0,0.0337548210183251
2289585023,TI-hüppe ootuses. Kas Eesti haridus on valmis tehisintellekti revolutsiooniks_,156,2,379.6000000000004,0.0707918787765538
2289585023,TI-hüppe ootuses. Kas Eesti haridus on valmis tehisintellekti revolutsiooniks_,159,8,1434.3200000000002,0.2674873750442217
2289585023,TI-hüppe ootuses. Kas Eesti haridus on valmis tehisintellekti revolutsiooniks_,187,5,911.04,0.1699005090637289
2289585023,TI-hüppe ootuses. Kas Eesti haridus on valmis tehisintellekti revolutsiooniks_,201,1,186.43999999999997,0.0347693305561134
2289585026,Kuidas kaitsta lapsi AI-ajastul internetis kurjade kavatsustega inimeste eest_,-1,12,2036.753,0.3922117745970388
2289585026,Kuidas kaitsta lapsi AI-ajastul internetis kurjade kavatsustega inimeste eest_,2,3,537.1599999999999,0.103439384570709
2289585026,Kuidas kaitsta lapsi AI-ajastul internetis kurjade kavatsustega inimeste eest_,51,2,364.88000000000056,0.0702639113898286
2289585026,Kuidas kaitsta lapsi AI-ajastul internetis kurjade kavatsustega inimeste eest_,248,8,1424.92,0.2743928212497109
2289585026,Kuidas kaitsta lapsi AI-ajastul internetis kurjade kavatsustega inimeste eest_,263,5,890.1599999999999,0.1714155979027893
2289585026,Kuidas kaitsta lapsi AI-ajastul internetis kurjade kavatsustega inimeste eest_,312,1,182.1199999999999,0.0350703341984092
2289585029,Alati ühenduses. Suurem produktiivsus või läbipõlemise oht_,-1,10,1654.1940000000006,0.3096492538403049
2289585029,Alati ühenduses. Suurem produktiivsus või läbipõlemise oht_,73,1,181.32000000000005,0.0339413652245891
2289585029,Alati ühenduses. Suurem produktiivsus või läbipõlemise oht_,125,11,1909.1199999999997,0.3573689564172053
2289585029,Alati ühenduses. Suurem produktiivsus või läbipõlemise oht_,138,1,184.1199999999999,0.0344654983738768
2289585029,Alati ühenduses. Suurem produktiivsus või läbipõlemise oht_,210,8,1412.36,0.2643802481171452
2289585029,Alati ühenduses. Suurem produktiivsus või läbipõlemise oht_,265,1,181.64000000000036,0.0340012661559364
2289585032,Tehisaru koolipingis. Kas õpetaja parim abiline või oht kriitilisele mõtlemisele_,-1,8,1384.0790000000009,0.3038353288950444
2289585032,Tehisaru koolipingis. Kas õpetaja parim abiline või oht kriitilisele mõtlemisele_,18,1,181.36000000000055,0.0398124494688564
2289585032,Tehisaru koolipingis. Kas õpetaja parim abiline või oht kriitilisele mõtlemisele_,87,16,2788.92,0.6122283666336724
2289585032,Tehisaru koolipingis. Kas õpetaja parim abiline või oht kriitilisele mõtlemisele_,187,1,184.0,0.0403919866688882
2289585032,Tehisaru koolipingis. Kas õpetaja parim abiline või oht kriitilisele mõtlemisele_,247,1,184.52,0.0405061379355611
2293106213,Ulmefilmidest igapäevaellu_ tervisetehnoloogiad tuleviku kodus,-1,18,3295.84,0.59406640167904
2293106213,Ulmefilmidest igapäevaellu_ tervisetehnoloogiad tuleviku kodus,4,1,181.96000000000004,0.0327978064619393
2293106213,Ulmefilmidest igapäevaellu_ tervisetehnoloogiad tuleviku kodus,25,2,354.9200000000001,0.0639733868403578
2293106213,Ulmefilmidest igapäevaellu_ tervisetehnoloogiad tuleviku kodus,244,2,372.4399999999998,0.067131320282945
2293106213,Ulmefilmidest igapäevaellu_ tervisetehnoloogiad tuleviku kodus,268,1,182.8800000000001,0.0329636340171437
2293106213,Ulmefilmidest igapäevaellu_ tervisetehnoloogiad tuleviku kodus,297,6,1131.7999999999993,0.2040039423698775
2293106213,Ulmefilmidest igapäevaellu_ tervisetehnoloogiad tuleviku kodus,299,1,203.29199999999943,0.0366428427745688
2293106216,"Kuidas KOOSTÖÖS kasutada ära Eesti tervishoiu ressurss, et päästa esmatasand_",-1,17,3041.8,0.5897328171830205
2293106216,"Kuidas KOOSTÖÖS kasutada ära Eesti tervishoiu ressurss, et päästa esmatasand_",262,7,1236.1599999999996,0.2396620814284182
2293106216,"Kuidas KOOSTÖÖS kasutada ära Eesti tervishoiu ressurss, et päästa esmatasand_",298,6,1017.6489999999995,0.1972979852960363
2293106219,Ravivalikute loterii - miks mõni haigus saab kõik ja teine mitte midagi_,-1,9,1569.770000000001,0.2870153164304692
2293106219,Ravivalikute loterii - miks mõni haigus saab kõik ja teine mitte midagi_,4,1,180.35999999999967,0.0329768580565301
2293106219,Ravivalikute loterii - miks mõni haigus saab kõik ja teine mitte midagi_,40,1,182.9600000000005,0.0334522396874183
2293106219,Ravivalikute loterii - miks mõni haigus saab kõik ja teine mitte midagi_,107,16,2844.96,0.5201698940813159
2293106219,Ravivalikute loterii - miks mõni haigus saab kõik ja teine mitte midagi_,109,1,181.0,0.0330938750733641
2293106219,Ravivalikute loterii - miks mõni haigus saab kõik ja teine mitte midagi_,123,4,702.6400000000003,0.1284700573566222
2293106222,Süstime rahva saledaks_,-1,4,715.8400000000006,0.1368883561713255
2293106222,Süstime rahva saledaks_,43,26,4579.171,0.8756638226662442
2293106225,"Kui keha haigestub, mis saab vaimust_",-1,4,721.4000000000001,0.1319248668315941
2293106225,"Kui keha haigestub, mis saab vaimust_",28,28,4823.463999999999,0.8820832351912782
2293106228,Kelle mure on laste suutervis_,-1,7,1194.8130000000006,0.2362741311710571
2293106228,Kelle mure on laste suutervis_,141,13,2344.0,0.4635257261721773
2293106228,Kelle mure on laste suutervis_,209,9,1701.8799999999994,0.336546571185113
2293106231,Haigekassa nõukogu kriisikoosolek - Copy (2),-1,9,1623.16,0.2812867278677934
2293106231,Haigekassa nõukogu kriisikoosolek - Copy (2),25,22,3777.7619999999993,0.6546700951497638
2293106231,Haigekassa nõukogu kriisikoosolek - Copy (2),203,2,352.0400000000009,0.061007035460816
2293106231,Haigekassa nõukogu kriisikoosolek - Copy (2),211,1,185.04,0.0320666453859486
2300040479,"Mida teha, kui hea nimi satub laimulõksu_",-1,1,245.92,0.0449608128634143
2300040479,"Mida teha, kui hea nimi satub laimulõksu_",26,30,5238.411999999999,0.9577230873189008
2300040482,Kes ja kuidas peaks valvama valimisi_,8,32,5431.371,1.0
2300040485,Mis on heategija palk_,-1,6,1096.4799999999996,0.1914999707461648
2300040485,Mis on heategija palk_,8,1,181.96000000000004,0.03177927064513
2300040485,Mis on heategija palk_,110,12,2136.48,0.3731357229495899
2300040485,Mis on heategija palk_,126,1,186.40000000000003,0.0325547155872292
2300040485,Mis on heategija palk_,147,13,2364.025,0.4128764029833672
2300040488,"Kas rahvuse kestmise hind saab olla liiga kõrge_ Sotsiaalkaitse võimalustest sündimus tõusule aidata, maksuteemat vältimata",-1,14,2466.869,0.4171808139398216
2300040488,"Kas rahvuse kestmise hind saab olla liiga kõrge_ Sotsiaalkaitse võimalustest sündimus tõusule aidata, maksuteemat vältimata",16,2,366.9199999999996,0.0620511199625108
2300040488,"Kas rahvuse kestmise hind saab olla liiga kõrge_ Sotsiaalkaitse võimalustest sündimus tõusule aidata, maksuteemat vältimata",171,11,2024.0,0.3422856938954598
2300040488,"Kas rahvuse kestmise hind saab olla liiga kõrge_ Sotsiaalkaitse võimalustest sündimus tõusule aidata, maksuteemat vältimata",309,6,1234.0800000000002,0.2086995697245598
2300040491,Lastekaitsetöö nähtamatu vastutus ja avalik kriitika,23,1,183.36000000000013,0.0373017201797301
2300040491,Lastekaitsetöö nähtamatu vastutus ja avalik kriitika,58,25,4758.311,0.9680038473501964
2300040494,Õigusmõistmine kriisi äärel. Kuidas kindlustada õiguse tulevik_,-1,7,1227.5820000000003,0.2240791100665128
2300040494,Õigusmõistmine kriisi äärel. Kuidas kindlustada õiguse tulevik_,202,9,1596.4000000000003,0.2914020336809933
2300040494,Õigusmõistmine kriisi äärel. Kuidas kindlustada õiguse tulevik_,207,9,1561.92,0.2851081586363173
2300040494,Õigusmõistmine kriisi äärel. Kuidas kindlustada õiguse tulevik_,264,7,1258.3599999999997,0.2296972332139905
2300040497,Korteriühistud kui kogukonnad. Kuidas panna need ühes rütmis hingama_,-1,2,378.8000000000002,0.0681422301757469
2300040497,Korteriühistud kui kogukonnad. Kuidas panna need ühes rütmis hingama_,33,29,5094.72,0.9164878113014284
2300040497,Korteriühistud kui kogukonnad. Kuidas panna need ühes rütmis hingama_,54,1,124.32099999999993,0.0223640712715919
2300040503,Annetuskultuur. Kuidas Eestist saab helde rahvas_,-1,7,1315.56,0.2452063003309341
2300040503,Annetuskultuur. Kuidas Eestist saab helde rahvas_,110,4,712.3600000000001,0.1327762778617047
2300040503,Annetuskultuur. Kuidas Eestist saab helde rahvas_,126,14,2474.035,0.4611336383283489
2300040503,Annetuskultuur. Kuidas Eestist saab helde rahvas_,311,6,1079.0399999999995,0.2011215043852741
2300040506,"Pärisvabakond teeb asju riigi rahata, eks_",-1,1,181.6800000000001,0.0339880892026455
2300040506,"Pärisvabakond teeb asju riigi rahata, eks_",41,28,5183.081999999999,0.9696337151069272
2302899422,Suur teadlaste debatt „Teadlaste roll energiapöördes“,-1,10,1822.759999999999,0.3332056151167669
2302899422,Suur teadlaste debatt „Teadlaste roll energiapöördes“,75,4,719.6,0.131544888322119
2302899422,Suur teadlaste debatt „Teadlaste roll energiapöördes“,94,1,181.15999999999983,0.033116553597047
2302899422,Suur teadlaste debatt „Teadlaste roll energiapöördes“,111,3,533.7599999999998,0.0975728176637217
2302899422,Suur teadlaste debatt „Teadlaste roll energiapöördes“,133,13,2245.2560000000003,0.4104390630552635
2302899422,Suur teadlaste debatt „Teadlaste roll energiapöördes“,310,1,180.72,0.0330361203690569
2302899425,Energiapööre noorte pilgu läbi. Mida tahab uus põlvkond_,-1,4,769.9200000000008,0.1409655753759916
2302899425,Energiapööre noorte pilgu läbi. Mida tahab uus põlvkond_,97,18,3136.1200000000003,0.5741959687346146
2302899425,Energiapööre noorte pilgu läbi. Mida tahab uus põlvkond_,140,6,1056.04,0.1933516290264729
2302899425,Energiapööre noorte pilgu läbi. Mida tahab uus põlvkond_,161,1,181.52,0.0332347143109024
2302899425,Energiapööre noorte pilgu läbi. Mida tahab uus põlvkond_,310,3,474.9189999999999,0.0869534887936285
2302899428,"Tere tulemast, uued juhitavad võimsused!",-1,4,697.5199999999998,0.129535564710584
2302899428,"Tere tulemast, uued juhitavad võimsused!",56,17,3055.16,0.567369933308275
2302899428,"Tere tulemast, uued juhitavad võimsused!",140,1,181.67999999999984,0.033739565025546
2302899428,"Tere tulemast, uued juhitavad võimsused!",229,8,1429.52,0.2654743669931674
2302899428,"Tere tulemast, uued juhitavad võimsused!",310,1,135.41600000000017,0.0251479355872928
2302899431,Kas elekter lahendab tulevikus kõik meie energiaprobleemid_,0,30,5114.461,1.0
2302899434,Infraheli ja tuulepargid – müüt või tegelik mõju tervisele_,-1,2,388.8799999999992,0.0699251156817607
2302899434,Infraheli ja tuulepargid – müüt või tegelik mõju tervisele_,44,27,4673.52,0.8403528765712384
2302899434,Infraheli ja tuulepargid – müüt või tegelik mõju tervisele_,46,3,567.3379999999996,0.1020139253257016
2302899437,Kas väike saab olla suur_ Kuivõrd suudab Eesti oma kestlike lahenduste või innovatsiooniga maailmas mõju avaldada_,-1,15,2711.762999999999,0.4599417932818543
2302899437,Kas väike saab olla suur_ Kuivõrd suudab Eesti oma kestlike lahenduste või innovatsiooniga maailmas mõju avaldada_,14,3,538.16,0.0912772522792599
2302899437,Kas väike saab olla suur_ Kuivõrd suudab Eesti oma kestlike lahenduste või innovatsiooniga maailmas mõju avaldada_,32,5,908.7600000000002,0.1541346732966038
2302899437,Kas väike saab olla suur_ Kuivõrd suudab Eesti oma kestlike lahenduste või innovatsiooniga maailmas mõju avaldada_,57,2,363.04,0.0615751703349608
2302899437,Kas väike saab olla suur_ Kuivõrd suudab Eesti oma kestlike lahenduste või innovatsiooniga maailmas mõju avaldada_,103,2,353.52000000000044,0.0599604842904787
2302899437,Kas väike saab olla suur_ Kuivõrd suudab Eesti oma kestlike lahenduste või innovatsiooniga maailmas mõju avaldada_,136,1,180.6000000000001,0.0306315440791481
2302899437,Kas väike saab olla suur_ Kuivõrd suudab Eesti oma kestlike lahenduste või innovatsiooniga maailmas mõju avaldada_,181,3,564.7600000000002,0.0957888750506073
2302899437,Kas väike saab olla suur_ Kuivõrd suudab Eesti oma kestlike lahenduste või innovatsiooniga maailmas mõju avaldada_,185,2,352.40000000000055,0.0597705212264219
2302899437,Kas väike saab olla suur_ Kuivõrd suudab Eesti oma kestlike lahenduste või innovatsiooniga maailmas mõju avaldada_,300,1,181.23999999999975,0.0307400944014662
2302899440,Rohetehnoloogiad – puhta tööstuse ja julgeoleku alustala_,-1,5,923.08,0.2712627464809427
2302899440,Rohetehnoloogiad – puhta tööstuse ja julgeoleku alustala_,17,1,180.48000000000025,0.0530371154015693
2302899440,Rohetehnoloogiad – puhta tööstuse ja julgeoleku alustala_,32,7,1197.8999999999996,0.352023274266067
2302899440,Rohetehnoloogiad – puhta tööstuse ja julgeoleku alustala_,133,1,180.52,0.0530488700814011
2302899440,Rohetehnoloogiad – puhta tööstuse ja julgeoleku alustala_,184,2,370.6800000000003,0.1089306180022922
2302899440,Rohetehnoloogiad – puhta tööstuse ja julgeoleku alustala_,217,4,701.9199999999998,0.2062711216903229
2302899443,Kohalik energiatootmine on kaitseinvesteering,-1,7,1292.0400000000002,0.2300341604395867
2302899443,Kohalik energiatootmine on kaitseinvesteering,0,1,184.0,0.0327592686920559
2302899443,Kohalik energiatootmine on kaitseinvesteering,1,1,181.55999999999997,0.0323248523028786
2302899443,Kohalik energiatootmine on kaitseinvesteering,9,1,184.72000000000023,0.032887457134764
2302899443,Kohalik energiatootmine on kaitseinvesteering,75,6,1083.8399999999997,0.1929663357565103
2302899443,Kohalik energiatootmine on kaitseinvesteering,135,11,1909.0110000000004,0.3398793711146217
2302899443,Kohalik energiatootmine on kaitseinvesteering,269,5,854.6400000000003,0.1521596814944494
2302899443,Kohalik energiatootmine on kaitseinvesteering,310,1,182.04,0.032410311264684
2302899446,"Kuidas planeerida tuuleparke nii, et kogukonnad tunneksid end päriselt kaasatuna_",-1,5,936.68,0.1593790363513451
2302899446,"Kuidas planeerida tuuleparke nii, et kogukonnad tunneksid end päriselt kaasatuna_",46,23,3995.8,0.6798978877019952
2302899446,"Kuidas planeerida tuuleparke nii, et kogukonnad tunneksid end päriselt kaasatuna_",75,1,221.09900000000016,0.0376206874901205
2302899446,"Kuidas planeerida tuuleparke nii, et kogukonnad tunneksid end päriselt kaasatuna_",272,3,520.04,0.0884864351370302
2302899446,"Kuidas planeerida tuuleparke nii, et kogukonnad tunneksid end päriselt kaasatuna_",283,2,348.6800000000003,0.0593289943150137
2310594914,Õpetaja ajamasinas. Õpetaja missioon ja rollid erinevates tulevikustsenaariumides aastaks 2035,-1,1,181.36,0.0633652850057736
2310594914,Õpetaja ajamasinas. Õpetaja missioon ja rollid erinevates tulevikustsenaariumides aastaks 2035,128,14,2692.215,0.9406317312076474
2310594917,"Milline koolivõrk suudab kasvatada korraga tarka last, tugevat kogukonda ja koostöist haridusvõrgustikku",-1,2,257.8449999999999,0.0592599317181806
2310594917,"Milline koolivõrk suudab kasvatada korraga tarka last, tugevat kogukonda ja koostöist haridusvõrgustikku",39,24,4119.76,0.9468350997509816
2310594920,Mul jäi isegi Tiigrihüpe tegemata.alp,-1,14,2480.116000000001,0.4543938193605221
2310594920,Mul jäi isegi Tiigrihüpe tegemata.alp,3,1,181.36000000000013,0.033227826069113
2310594920,Mul jäi isegi Tiigrihüpe tegemata.alp,87,4,709.5599999999997,0.1300018541332146
2310594920,Mul jäi isegi Tiigrihüpe tegemata.alp,89,1,182.83999999999992,0.0334989838910267
2310594920,Mul jäi isegi Tiigrihüpe tegemata.alp,187,4,712.7200000000003,0.1305808127259496
2310594920,Mul jäi isegi Tiigrihüpe tegemata.alp,237,8,1417.12,0.2596372787773567
2310594923,Koolijuht on tippjuht,-1,3,522.8779999999996,0.1019724871373524
2310594923,Koolijuht on tippjuht,39,3,520.3200000000006,0.1014736219678535
2310594923,Koolijuht on tippjuht,64,22,3795.64,0.7402316622195251
2310594923,Koolijuht on tippjuht,89,2,353.8800000000001,0.0690142322839483
2310594926,Mis on Eesti hariduse eesmärk.alp,-1,10,1814.4399999999991,0.3471260475585105
2310594926,Mis on Eesti hariduse eesmärk.alp,18,2,269.5150000000003,0.0515617362424396
2310594926,Mis on Eesti hariduse eesmärk.alp,24,3,530.8800000000001,0.101564271140331
2310594926,Mis on Eesti hariduse eesmärk.alp,89,15,2629.84,0.5031227072326854
2310594926,Mis on Eesti hariduse eesmärk.alp,158,1,184.23999999999975,0.0352475160392076
2314163810,Maailm täna - vaade julgeolekuolukorrale Euroopa pealinnadest,-1,4,801.1200000000008,0.1506922339852822
2314163810,Maailm täna - vaade julgeolekuolukorrale Euroopa pealinnadest,65,24,4581.066,0.8617074465423663
2314163813,ÜRO – lootusetult rikkis või asendamatu_,-1,7,1280.0000000000002,0.216333884308695
2314163813,ÜRO – lootusetult rikkis või asendamatu_,82,15,2671.0599999999995,0.4514381132981114
2314163813,ÜRO – lootusetult rikkis või asendamatu_,92,7,1231.1999999999998,0.2080861549694259
2314163813,ÜRO – lootusetult rikkis või asendamatu_,196,1,182.0,0.0307599741751425
2314163813,ÜRO – lootusetult rikkis või asendamatu_,282,1,185.1199999999999,0.0312872880181449
2314163813,ÜRO – lootusetult rikkis või asendamatu_,321,3,528.4000000000001,0.0893053316161831
2314163816,Kuidas mõista USA-d_,-1,11,1869.1670000000004,0.3399940010699123
2314163816,Kuidas mõista USA-d_,163,3,579.1600000000003,0.1053468874956868
2314163816,Kuidas mõista USA-d_,212,8,1471.1999999999998,0.2676053955446757
2314163816,Kuidas mõista USA-d_,213,9,1724.9600000000005,0.3137633245641272
2314163819,Miks peaks Lähis-Idas toimuv meile korda minema_,-1,4,719.1199999999999,0.1291114182057656
2314163819,Miks peaks Lähis-Idas toimuv meile korda minema_,92,12,2109.4,0.3787234753076567
2314163819,Miks peaks Lähis-Idas toimuv meile korda minema_,196,9,1621.203,0.2910721694980558
2314163819,Miks peaks Lähis-Idas toimuv meile korda minema_,282,6,1121.6,0.2013730207191939
2314163819,Miks peaks Lähis-Idas toimuv meile korda minema_,316,1,183.07999999999996,0.0328703393663249
2314163822,"Marshall Plan 2.0_ Estonia, Ukraine and the Path Forward",-1,1,249.52,0.0448643031037496
2314163822,"Marshall Plan 2.0_ Estonia, Ukraine and the Path Forward",67,23,4934.18,0.8871775692868676
2314163822,"Marshall Plan 2.0_ Estonia, Ukraine and the Path Forward",212,1,387.16,0.0696123099937788
2314163825,"Kriise rohkem, raha vähem",-1,10,1865.000000000001,0.375511722811542
2314163825,"Kriise rohkem, raha vähem",153,3,579.44,0.1166683714026379
2314163825,"Kriise rohkem, raha vähem",216,9,1579.956,0.3181190345986233
2314163825,"Kriise rohkem, raha vähem",322,6,1098.4400000000005,0.2211673441314264
2314163828,"Tahaks jääda iseendaks, aga raha tahaks ka",-1,1,195.16,0.0382849383411612
2314163828,"Tahaks jääda iseendaks, aga raha tahaks ka",132,13,2259.6800000000003,0.4432860702539212
2314163828,"Tahaks jääda iseendaks, aga raha tahaks ka",163,5,861.1999999999998,0.1689433741515068
2314163828,"Tahaks jääda iseendaks, aga raha tahaks ka",174,11,1902.1259999999995,0.3731439671403959
2314163831,Kuidas reisides mitte lolliks jääda_,-1,2,350.1999999999998,0.0646959705051402
2314163831,Kuidas reisides mitte lolliks jääda_,35,29,4924.291,0.9097138357930548
2314163831,Kuidas reisides mitte lolliks jääda_,53,1,184.27999999999972,0.0340438990425106
2314163834,Kilud versus karud - Läänemeremaade koostöö tulevik,-1,9,1827.7200000000005,0.3390653682010737
2314163834,Kilud versus karud - Läänemeremaade koostöö tulevik,260,7,1339.2799999999995,0.2484535193160515
2314163834,Kilud versus karud - Läänemeremaade koostöö tulevik,316,5,938.4,0.1740851670495959
2314163834,Kilud versus karud - Läänemeremaade koostöö tulevik,321,1,225.59999999999943,0.0418516769889053
2314163834,Kilud versus karud - Läänemeremaade koostöö tulevik,323,6,1228.745,0.2279478672062614
2318409173,Õpilaste tugevustel põhinev haridus – miks ja kuidas_,-1,6,982.1540000000008,0.1841724994440063
2318409173,Õpilaste tugevustel põhinev haridus – miks ja kuidas_,18,24,4415.0,0.8278962210053491
2318409176,Kaamera ei mõista hukka,88,21,3896.58,1.0
2318409179,"Kas noortelt nõutakse rohkem, kui vastu pakutakse_",-1,5,904.4150000000004,0.1663734086575651
2318409179,"Kas noortelt nõutakse rohkem, kui vastu pakutakse_",2,1,184.0,0.0338480754885666
2318409179,"Kas noortelt nõutakse rohkem, kui vastu pakutakse_",5,3,524.6399999999999,0.0965111648060955
2318409179,"Kas noortelt nõutakse rohkem, kui vastu pakutakse_",27,1,291.04,0.0535388254901762
2318409179,"Kas noortelt nõutakse rohkem, kui vastu pakutakse_",61,1,184.87999999999988,0.0340099575887293
2318409179,"Kas noortelt nõutakse rohkem, kui vastu pakutakse_",89,1,182.1600000000003,0.033509594733681
2318409179,"Kas noortelt nõutakse rohkem, kui vastu pakutakse_",158,1,184.5999999999999,0.0339584496477684
2318409179,"Kas noortelt nõutakse rohkem, kui vastu pakutakse_",161,8,1388.9599999999996,0.2555088202749971
2318409179,"Kas noortelt nõutakse rohkem, kui vastu pakutakse_",177,8,1386.16,0.2549937408653886
2318409179,"Kas noortelt nõutakse rohkem, kui vastu pakutakse_",215,2,353.4000000000001,0.0650103797698882
2318409182,"Ma tahan õppida, andke mulle tagasisidet!",-1,1,226.76,0.0422089839838163
2318409182,"Ma tahan õppida, andke mulle tagasisidet!",38,27,4824.036,0.8979434567884689
2318409182,"Ma tahan õppida, andke mulle tagasisidet!",154,1,181.2800000000002,0.0337433613361537
2318409182,"Ma tahan õppida, andke mulle tagasisidet!",247,1,186.7199999999998,0.0347559599993745
2318409185,Nutiseadmete kasutus koolikeskkonnas. Millal ja millal mitte_,-1,1,183.3199999999997,0.0340404545139718
2318409185,Nutiseadmete kasutus koolikeskkonnas. Millal ja millal mitte_,7,28,4900.0,0.909874684259558
2318409185,Nutiseadmete kasutus koolikeskkonnas. Millal ja millal mitte_,18,2,335.7569999999996,0.0623462845638645
2318409188,Programmeerimine kui uus emakeel,-1,13,2247.84,0.4527968034460127
2318409188,Programmeerimine kui uus emakeel,238,8,1394.3460000000005,0.2808720423596583
2318409188,Programmeerimine kui uus emakeel,249,1,184.1200000000001,0.0370884704651932
2318409188,Programmeerimine kui uus emakeel,294,7,1227.9600000000005,0.2473558450599536
2318409191,Tark pidu ei vaja tõukeainet,-1,13,2358.5200000000013,0.4314191181527775
2318409191,Tark pidu ei vaja tõukeainet,10,1,182.96000000000004,0.0334669376800841
2318409191,Tark pidu ei vaja tõukeainet,172,10,1825.480000000001,0.3339157487770009
2318409191,Tark pidu ei vaja tõukeainet,286,7,1343.2479999999996,0.2457061494583389
2323554785,Miks kaasamine pekki läheb_ + Demokraatiatrenn,-1,4,709.0800000000002,0.1347976523901832
2323554785,Miks kaasamine pekki läheb_ + Demokraatiatrenn,34,15,2674.76,0.5084777016798759
2323554785,Miks kaasamine pekki läheb_ + Demokraatiatrenn,261,7,1614.689,0.3069558957243929
2323554785,Miks kaasamine pekki läheb_ + Demokraatiatrenn,283,2,364.32000000000016,0.0692580254961239
2323554788,Parlamendierakondade noorte debatt,-1,10,1756.5600000000004,0.3215228441819716
2323554788,Parlamendierakondade noorte debatt,61,4,696.6800000000003,0.1275211408005966
2323554788,Parlamendierakondade noorte debatt,79,13,2228.251,0.4078617292158094
2323554788,Parlamendierakondade noorte debatt,89,1,180.63999999999987,0.0330645617417175
2323554788,Parlamendierakondade noorte debatt,119,2,352.3199999999997,0.0644890743624994
2323554788,Parlamendierakondade noorte debatt,159,1,184.64000000000036,0.0337967265278495
2323554788,Parlamendierakondade noorte debatt,185,1,184.1600000000003,0.0337088667535136
2323554791,Parlamendierakondade esimeeste debatt,-1,6,1076.9199999999996,0.2003436045738288
2323554791,Parlamendierakondade esimeeste debatt,79,2,385.6049999999999,0.0717355937689812
2323554791,Parlamendierakondade esimeeste debatt,119,13,2258.88,0.420228207758915
2323554791,Parlamendierakondade esimeeste debatt,122,1,180.5999999999999,0.0335977184805124
2323554791,Parlamendierakondade esimeeste debatt,158,8,1419.0799999999997,0.2639969564857455
2323554791,Parlamendierakondade esimeeste debatt,193,1,185.15999999999983,0.0344460329670636
2323554794,Kas me siin Järvamaal oleme tõesti kõige rumalamad,-1,2,362.7199999999999,0.0638152931506232
2323554794,Kas me siin Järvamaal oleme tõesti kõige rumalamad,18,2,349.87999999999965,0.0615562824424901
2323554794,Kas me siin Järvamaal oleme tõesti kõige rumalamad,70,23,4043.464,0.7113885104322664
2323554794,Kas me siin Järvamaal oleme tõesti kõige rumalamad,223,6,1049.88,0.1847110718266881
2323554797,"Mida on vaja teha senisest teisiti, et Eesti majandus järjekindlalt ja kiiremini kasvaks_",-1,12,2097.7200000000003,0.4245855285661949
2323554797,"Mida on vaja teha senisest teisiti, et Eesti majandus järjekindlalt ja kiiremini kasvaks_",14,3,523.6799999999998,0.105994579638629
2323554797,"Mida on vaja teha senisest teisiti, et Eesti majandus järjekindlalt ja kiiremini kasvaks_",32,2,354.7600000000002,0.0718046079143753
2323554797,"Mida on vaja teha senisest teisiti, et Eesti majandus järjekindlalt ja kiiremini kasvaks_",313,6,1058.6800000000003,0.214280365054659
2323554797,"Mida on vaja teha senisest teisiti, et Eesti majandus järjekindlalt ja kiiremini kasvaks_",320,6,1060.8300000000004,0.2147155322296954
2323554800,Mis on fosforiidi kaevandamise hind_,-1,6,1097.1999999999998,0.1966292034151689
2323554800,Mis on fosforiidi kaevandamise hind_,17,15,2726.4000000000005,0.488598122667806
2323554800,Mis on fosforiidi kaevandamise hind_,155,6,1105.6,0.1981345673494448
2323554800,Mis on fosforiidi kaevandamise hind_,272,1,181.6800000000003,0.0325588713784797
2323554800,Mis on fosforiidi kaevandamise hind_,293,3,540.7259999999992,0.0969035022291929
2323554800,Mis on fosforiidi kaevandamise hind_,314,1,181.80000000000015,0.0325803765775407
2323554803,Mis on fosforiidi kaevandamise hind + Demokraatiatrenn,-1,9,1613.4969999999994,0.2139400889732539
2323554803,Mis on fosforiidi kaevandamise hind + Demokraatiatrenn,17,15,2762.6800000000003,0.366314907932664
2323554803,Mis on fosforiidi kaevandamise hind + Demokraatiatrenn,77,1,228.5599999999995,0.0303056942378739
2323554803,Mis on fosforiidi kaevandamise hind + Demokraatiatrenn,155,6,1106.8399999999997,0.1467603894393088
2323554803,Mis on fosforiidi kaevandamise hind + Demokraatiatrenn,272,1,181.36000000000013,0.0240472554558139
2323554803,Mis on fosforiidi kaevandamise hind + Demokraatiatrenn,293,4,739.4800000000009,0.0980506421728346
2323554803,Mis on fosforiidi kaevandamise hind + Demokraatiatrenn,314,5,1253.1600000000003,0.1661615496636951
2323554806,Eesti uued valikud ELi rahastuse kasutamisel,-1,13,2340.4800000000005,0.4171327257989662
2323554806,Eesti uued valikud ELi rahastuse kasutamisel,76,1,184.20000000000076,0.032829098344002
2323554806,Eesti uued valikud ELi rahastuse kasutamisel,143,13,2267.115999999999,0.4040574056528783
2323554806,Eesti uued valikud ELi rahastuse kasutamisel,315,6,1064.2399999999996,0.189674482202066
2323554809,Miks kaasamine pekki läheb_,-1,5,818.7490000000003,0.2272845000248452
2323554809,Miks kaasamine pekki läheb_,34,14,2518.8,0.6992181958849172
2323554809,Miks kaasamine pekki läheb_,283,2,362.19999999999993,0.1005466216251853
2323554812,Kaasamine infosõja ajal. Mis tegelikult lõhestab Eesti ühiskonda,-1,3,537.8399999999999,0.0997416516159708
2323554812,Kaasamine infosõja ajal. Mis tegelikult lõhestab Eesti ühiskonda,64,1,184.04,0.0341299523341575
2323554812,Kaasamine infosõja ajal. Mis tegelikult lõhestab Eesti ühiskonda,74,5,885.08,0.1641368083672905
2323554812,Kaasamine infosõja ajal. Mis tegelikult lõhestab Eesti ühiskonda,77,21,3580.251,0.6639523797778734
2323554812,Kaasamine infosõja ajal. Mis tegelikult lõhestab Eesti ühiskonda,272,2,351.72,0.0652259662843397
2323554815,Kuidas tõsta Euroopa Liidu konkurentsivõimet ja panna majandus kiiremini kasvama_,76,21,3659.395,1.0
2383011942,Kuidas hoida tervet mõistust kriiside ajastul_ teadveloleku ja kaastunde praktiline jõud,-1,11,1979.4,0.3725535293960431
2383011942,Kuidas hoida tervet mõistust kriiside ajastul_ teadveloleku ja kaastunde praktiline jõud,168,12,2219.542000000001,0.4177519479351079
2383011942,Kuidas hoida tervet mõistust kriiside ajastul_ teadveloleku ja kaastunde praktiline jõud,288,7,1266.6799999999998,0.2384086615213599
2383011945,Koduseinte vahelt rahvusvahelise poliitikani_ naistevastane vägivald on meie kõigi lahendada,-1,1,183.12000000000037,0.0325013586604442
2383011945,Koduseinte vahelt rahvusvahelise poliitikani_ naistevastane vägivald on meie kõigi lahendada,52,25,4300.586,0.7632966799698842
2383011945,Koduseinte vahelt rahvusvahelise poliitikani_ naistevastane vägivald on meie kõigi lahendada,144,7,1237.8799999999997,0.2197071966939202
2383011948,Nõusolek – seksikuse summutaja või hoopis võimendaja_,-1,1,186.1199999999999,0.033897582748294
2383011948,Nõusolek – seksikuse summutaja või hoopis võimendaja_,10,30,5135.24,0.9352687665610872
2383011948,Nõusolek – seksikuse summutaja või hoopis võimendaja_,48,1,206.41699999999943,0.0375942259733214
2383055898,"Kes õpetab tervena elama enne, kui tuleb õppida haigusega elama_ (1)",-1,9,1599.3649999999998,0.3021361002356652
2383055898,"Kes õpetab tervena elama enne, kui tuleb õppida haigusega elama_ (1)",28,1,182.6800000000001,0.0345100854345639
2383055898,"Kes õpetab tervena elama enne, kui tuleb õppida haigusega elama_ (1)",191,2,347.96000000000004,0.0657331362371954
2383055898,"Kes õpetab tervena elama enne, kui tuleb õppida haigusega elama_ (1)",285,7,1252.52,0.2366135986889643
2383055898,"Kes õpetab tervena elama enne, kui tuleb õppida haigusega elama_ (1)",292,7,1218.8800000000006,0.2302586650672284
2383055898,"Kes õpetab tervena elama enne, kui tuleb õppida haigusega elama_ (1)",324,5,889.9599999999996,0.1681223759215267
2387966361,Euroopa Liidu heitekaubandus_ rohepöörasus või nutikas poliitika_,0,3,537.0400000000001,0.145323594220719
2387966361,Euroopa Liidu heitekaubandus_ rohepöörasus või nutikas poliitika_,98,17,3210.117,0.8686610686523013
2387966364,Millised on kohaliku kaugkütte tulevikustsenaariumid_,-1,4,708.1199999999999,0.136328168693306
2387966364,Millised on kohaliku kaugkütte tulevikustsenaariumid_,0,26,4539.3910000000005,0.8739293650975478
2387966370,Kuidas edasi_ Eesti energeetika järgmise kümne aasta vaade,-1,5,903.4399999999996,0.1586384040355654
2387966370,Kuidas edasi_ Eesti energeetika järgmise kümne aasta vaade,1,17,2950.1600000000003,0.5180296135322366
2387966370,Kuidas edasi_ Eesti energeetika järgmise kümne aasta vaade,9,1,187.0800000000004,0.0328500759618498
2387966370,Kuidas edasi_ Eesti energeetika järgmise kümne aasta vaade,56,2,364.0399999999995,0.0639231433245231
2387966370,Kuidas edasi_ Eesti energeetika järgmise kümne aasta vaade,75,5,921.8039999999988,0.161863007386877
2387966370,Kuidas edasi_ Eesti energeetika järgmise kümne aasta vaade,140,1,190.52000000000044,0.0334541184105817
2387966370,Kuidas edasi_ Eesti energeetika järgmise kümne aasta vaade,269,2,348.1999999999998,0.0611417385605949
2387966373,Miks peab elektriga kauplema börsil_ (1),-1,2,361.56,0.0961839530072382
2387966373,Miks peab elektriga kauplema börsil_ (1),1,2,362.32000000000016,0.0963861319105614
2387966373,Miks peab elektriga kauplema börsil_ (1),101,18,3101.807,0.825157812605163
2387966376,Milliseid riske toob kliima ettevõtete tegevusse ja kuidas neid maandada_ Ettevalmistused ja õppetunnid,-1,10,1681.4700000000005,0.3219264237098302
2387966376,Milliseid riske toob kliima ettevõtete tegevusse ja kuidas neid maandada_ Ettevalmistused ja õppetunnid,91,1,183.96000000000004,0.0352201257861635
2387966376,Milliseid riske toob kliima ettevõtete tegevusse ja kuidas neid maandada_ Ettevalmistused ja õppetunnid,164,12,2128.72,0.4075548280252336
2387966376,Milliseid riske toob kliima ettevõtete tegevusse ja kuidas neid maandada_ Ettevalmistused ja õppetunnid,240,8,1428.9999999999995,0.2735896920440729
2387966379,Elektridefitsiit Eestis_ kui suur on tegelik majandus- ja julgeolekurisk_,-1,4,747.8399999999997,0.134938993803748
2387966379,Elektridefitsiit Eestis_ kui suur on tegelik majandus- ja julgeolekurisk_,1,14,2542.9600000000005,0.4588474321822572
2387966379,Elektridefitsiit Eestis_ kui suur on tegelik majandus- ja julgeolekurisk_,56,6,1073.1399999999994,0.1936355795498423
2387966379,Elektridefitsiit Eestis_ kui suur on tegelik majandus- ja julgeolekurisk_,140,2,375.52,0.0677581982151041
2387966379,Elektridefitsiit Eestis_ kui suur on tegelik majandus- ja julgeolekurisk_,178,5,946.0800000000004,0.1707090865129573
2387966382,Miks me pelgame energiat kui majandusarengu mootorit,-1,11,1954.760000000001,0.34880417745624
2387966382,Miks me pelgame energiat kui majandusarengu mootorit,0,1,200.4400000000005,0.0357661857871702
2387966382,Miks me pelgame energiat kui majandusarengu mootorit,1,6,1056.7600000000002,0.188566526104819
2387966382,Miks me pelgame energiat kui majandusarengu mootorit,6,1,62.13599999999951,0.0110874462186768
2387966382,Miks me pelgame energiat kui majandusarengu mootorit,9,1,240.0,0.0428252074881302
2387966382,Miks me pelgame energiat kui majandusarengu mootorit,49,1,180.20000000000005,0.0321545932890044
2387966382,Miks me pelgame energiat kui majandusarengu mootorit,111,6,1082.44,0.1931488233060489
2387966382,Miks me pelgame energiat kui majandusarengu mootorit,140,1,181.36000000000013,0.0323615817918638
2387966382,Miks me pelgame energiat kui majandusarengu mootorit,178,2,349.8000000000002,0.0624177399139499
2387966382,Miks me pelgame energiat kui majandusarengu mootorit,194,3,526.48,0.0939442301597951
2393585466,Matemaatikatund ja -ring kui mõtlemise laborid,-1,5,906.96,0.2283730385050902
2393585466,Matemaatikatund ja -ring kui mõtlemise laborid,195,10,1917.597,0.4828520039673696
2393585466,Matemaatikatund ja -ring kui mõtlemise laborid,290,7,1240.4,0.312333418190123
2393585469,Mida Eesti tegelikult kõrghariduselt ootab_,-1,2,365.9599999999998,0.0668587879405717
2393585469,Mida Eesti tegelikult kõrghariduselt ootab_,61,19,3319.0000000000005,0.6063622176597379
2393585469,Mida Eesti tegelikult kõrghariduselt ootab_,66,1,188.92000000000007,0.0345145978187037
2393585469,Mida Eesti tegelikult kõrghariduselt ootab_,156,7,1182.1860000000006,0.2159785853107246
2393585469,Mida Eesti tegelikult kõrghariduselt ootab_,177,2,346.72,0.0633437505595011
2393585469,Mida Eesti tegelikult kõrghariduselt ootab_,228,1,202.28,0.036955393006391
2393585472,Kas lapsel on päriselt koht Eestis_ Elu asendushooldusel täna ja homme,-1,4,731.1199999999998,0.1307584641925478
2393585472,Kas lapsel on päriselt koht Eestis_ Elu asendushooldusel täna ja homme,23,28,4914.458,0.8789350317578242
2393585475,Kas internet vajab korrakaitsjat_,-1,11,1814.5290000000005,0.337628939352243
2393585475,Kas internet vajab korrakaitsjat_,27,1,185.04,0.0344303446997755
2393585475,Kas internet vajab korrakaitsjat_,95,19,3308.4,0.6155931279979323
2393585475,Kas internet vajab korrakaitsjat_,284,1,184.36000000000013,0.0343038172765381
2393585478,Tehisintellekt kõrghariduses_ reeglid alles kujunemas,-1,3,531.2800000000001,0.1247722814271593
2393585478,Tehisintellekt kõrghariduses_ reeglid alles kujunemas,66,20,3429.96,0.805533681681786
2393585478,Tehisintellekt kõrghariduses_ reeglid alles kujunemas,117,1,184.7199999999998,0.0433818999872474
2393585478,Tehisintellekt kõrghariduses_ reeglid alles kujunemas,156,1,207.63700000000017,0.0487640080535519
2393585481,"Ekspert ekraanil, märklaud seljal_ mis on ekspertarvamuse hind_",-1,17,2965.1900000000014,0.5629890238414849
2393585481,"Ekspert ekraanil, märklaud seljal_ mis on ekspertarvamuse hind_",289,7,1245.3599999999997,0.236451630664892
2393585481,"Ekspert ekraanil, märklaud seljal_ mis on ekspertarvamuse hind_",291,7,1246.5199999999995,0.2366718753263322
2393585484,Hinded ja heaolu – kas kool hindab õigesti_,-1,7,1216.65,0.2721416348853074
2393585484,Hinded ja heaolu – kas kool hindab õigesti_,38,1,185.2800000000002,0.0414436379497388
2393585484,Hinded ja heaolu – kas kool hindab õigesti_,66,1,182.55999999999997,0.0408352253028083
2393585484,Hinded ja heaolu – kas kool hindab õigesti_,154,11,1942.76,0.4345587330701351
2393585484,Hinded ja heaolu – kas kool hindab õigesti_,247,6,1110.0400000000009,0.2482949906613134
2394248493,"Kuidas rääkida vähist ja tervisest nii, et kasvaks teadlikkus, mitte ärevus_",-1,10,1914.658,0.3390612753318701
2394248493,"Kuidas rääkida vähist ja tervisest nii, et kasvaks teadlikkus, mitte ärevus_",4,3,564.1199999999999,0.0998983874092472
2394248493,"Kuidas rääkida vähist ja tervisest nii, et kasvaks teadlikkus, mitte ärevus_",28,1,187.72000000000023,0.0332427945906259
2394248493,"Kuidas rääkida vähist ja tervisest nii, et kasvaks teadlikkus, mitte ärevus_",123,3,628.8400000000001,0.1113594659619071
2394248493,"Kuidas rääkida vähist ja tervisest nii, et kasvaks teadlikkus, mitte ärevus_",169,11,2117.5599999999995,0.3749926066126455
2394248493,"Kuidas rääkida vähist ja tervisest nii, et kasvaks teadlikkus, mitte ärevus_",203,1,183.08000000000013,0.03242111034334
2394248493,"Kuidas rääkida vähist ja tervisest nii, et kasvaks teadlikkus, mitte ärevus_",324,1,213.51999999999956,0.0378116423449309
2394248496,Surm ei küsi diagnoosi – kas sina oled valmis_,4,30,5304.345,0.9683658519887726
2394248496,Surm ei küsi diagnoosi – kas sina oled valmis_,40,1,187.16,0.0341680929234841
2394248499,Vähipatsiendi infoauk_ kelle vastutus on seda täita_,-1,13,2367.24,0.4034811421091384
2394248499,Vähipatsiendi infoauk_ kelle vastutus on seda täita_,40,1,216.12,0.0368362922359486
2394248499,Vähipatsiendi infoauk_ kelle vastutus on seda täita_,123,3,592.5599999999996,0.1009981183015625
2394248499,Vähipatsiendi infoauk_ kelle vastutus on seda täita_,148,5,875.9599999999996,0.149301862608743
2394248499,Vähipatsiendi infoauk_ kelle vastutus on seda täita_,327,6,966.56,0.1647440617415255
2394248499,Vähipatsiendi infoauk_ kelle vastutus on seda täita_,328,6,1051.2799999999995,0.1791840519239684
2394248502,Vähitõrje järgmised viis aastat – mida peab Eesti teisiti tegema_,-1,3,540.1199999999999,0.0937892655292672
2394248502,Vähitõrje järgmised viis aastat – mida peab Eesti teisiti tegema_,40,26,4446.388,0.7720940990486326
2394248502,Vähitõrje järgmised viis aastat – mida peab Eesti teisiti tegema_,123,5,892.1200000000001,0.1549123890320111
2394248505,Tehisintellekti tulevik vähiravis,-1,18,3023.644,0.5434138893102359
2394248505,Tehisintellekti tulevik vähiravis,148,8,1390.72,0.2499423093927497
2394248505,Tehisintellekti tulevik vähiravis,278,7,1237.44,0.2223945951269589
2395857120,Muutuv rändemaastik_ milleks peab Eesti Euroopa piiririigina valmis olema_,-1,7,1312.9129999999996,0.2403373146300801
2395857120,Muutuv rändemaastik_ milleks peab Eesti Euroopa piiririigina valmis olema_,102,11,2073.119999999999,0.3794981797772676
2395857120,Muutuv rändemaastik_ milleks peab Eesti Euroopa piiririigina valmis olema_,131,13,2291.12,0.4194045060832434
2395857123,"Uus elu, uued rollid_ pagulaste identiteet ja kuuluvus Eestis",-1,3,614.7200000000003,0.127392838173254
2395857123,"Uus elu, uued rollid_ pagulaste identiteet ja kuuluvus Eestis",129,14,2891.829,0.5992944817505905
2395857123,"Uus elu, uued rollid_ pagulaste identiteet ja kuuluvus Eestis",242,8,1456.48,0.3018368052813981
2395857126,Kuuluvustunne või äärmuslus_ Kuidas ennetada radikaliseerumist,-1,24,4304.173,0.8099300127412074
2395857126,Kuuluvustunne või äärmuslus_ Kuidas ennetada radikaliseerumist,19,1,182.27999999999972,0.0343002111491492
2395857126,Kuuluvustunne või äärmuslus_ Kuidas ennetada radikaliseerumist,234,4,704.1200000000003,0.1324965145618773
2395857126,Kuuluvustunne või äärmuslus_ Kuidas ennetada radikaliseerumist,255,1,220.2800000000002,0.0414507928019234
2395857129,Pagulus ja rahvus,-1,11,2133.1599999999994,0.4260060267443018
2395857129,Pagulus ja rahvus,214,9,1815.1070000000009,0.3624887590174998
2395857129,Pagulus ja rahvus,279,7,1245.5600000000009,0.2487464919047952
2395857132,"Kes vastutab, kui välistöötajad elavad kümnekesi kitsas köögis ega saa palka_",-1,5,898.2800000000004,0.1669052717636184
2395857132,"Kes vastutab, kui välistöötajad elavad kümnekesi kitsas köögis ega saa palka_",21,1,186.76000000000025,0.0347010158910065
2395857132,"Kes vastutab, kui välistöötajad elavad kümnekesi kitsas köögis ega saa palka_",53,24,4090.895,0.7601103684056503
2395857132,"Kes vastutab, kui välistöötajad elavad kümnekesi kitsas köögis ega saa palka_",295,2,353.2400000000007,0.0656338983365773
2395857135,"Kellel lubame otsustada, kes Eestisse elama tuleb_",-1,3,538.0000000000005,0.0965324052825116
2395857135,"Kellel lubame otsustada, kes Eestisse elama tuleb_",3,2,349.32000000000016,0.0626778806938419
2395857135,"Kellel lubame otsustada, kes Eestisse elama tuleb_",13,28,4751.778,0.8526032708336847
2395857138,"Do They Belong Here, Or Do They Just Live Here_",-1,1,249.0,0.052406753862525
2395857138,"Do They Belong Here, Or Do They Just Live Here_",69,23,4512.656000000001,0.9497737038483816
2395857141,"Kes ütleb meile, et nemad pole meie_",-1,8,1395.8740000000007,0.2670203539142483
2395857141,"Kes ütleb meile, et nemad pole meie_",74,1,182.63999999999987,0.0349376787868376
2395857141,"Kes ütleb meile, et nemad pole meie_",116,16,3093.5599999999995,0.5917751072481909
2395857141,"Kes ütleb meile, et nemad pole meie_",215,4,721.3999999999999,0.1379984750154659
2395857144,Vabatahtlikkus_ lõimumise mootor või lõhede peegel_,-1,1,181.39999999999964,0.0395949528003715
2395857144,Vabatahtlikkus_ lõimumise mootor või lõhede peegel_,11,1,183.15999999999983,0.039979115517729
2395857144,Vabatahtlikkus_ lõimumise mootor või lõhede peegel_,54,23,4017.84,0.8769910979021224
2395857144,Vabatahtlikkus_ lõimumise mootor või lõhede peegel_,161,1,180.4000000000001,0.0393766785291457
2395857144,Vabatahtlikkus_ lõimumise mootor või lõhede peegel_,243,1,83.03199999999924,0.0181237492884257
2395991448,Töö ei küsi vanust_,-1,8,1456.0799999999988,0.2785151520368168
2395991448,Töö ei küsi vanust_,21,1,180.5999999999999,0.0345446929137472
2395991448,Töö ei küsi vanust_,84,21,3725.57,0.7126172291177715
2395991451,Kas lapsed maksavad karjääris kätte_,-1,1,181.92000000000007,0.0327916013700659
2395991451,Kas lapsed maksavad karjääris kätte_,16,28,5067.641999999999,0.913456994009476
2395991451,Kas lapsed maksavad karjääris kätte_,36,2,350.2800000000002,0.0631389738781152
2395991454,Kas süsteem hoiab naisi tagasi_,-1,5,906.56,0.1818703419497858
2395991454,Kas süsteem hoiab naisi tagasi_,36,1,184.0,0.0369133239043864
2395991454,Kas süsteem hoiab naisi tagasi_,47,24,4028.25,0.8081309620535042
2395991457,Paindlikkus või kontroll_,-1,2,358.20000000000005,0.0669841839159043
2395991457,Paindlikkus või kontroll_,73,19,3254.16,0.6085350416855928
2395991457,Paindlikkus või kontroll_,180,10,1782.451,0.3333222378701498
2395991460,Kriis ei vabasta juhtimisest,-1,3,534.7200000000003,0.1031257485353297
2395991460,Kriis ei vabasta juhtimisest,5,1,180.24000000000024,0.0347609682001942
2395991460,Kriis ei vabasta juhtimisest,72,22,3892.046,0.7506174391904845
2395991460,Kriis ei vabasta juhtimisest,125,2,362.6399999999999,0.0699385125838793
2395991460,Kriis ei vabasta juhtimisest,161,1,182.8800000000001,0.0352701168689054
2395991460,Kriis ei vabasta juhtimisest,325,1,187.24000000000004,0.0361109836096557
2395991463,"Mees, kus su lapsed on_",-1,3,548.7999999999997,0.099533310650572
2395991463,"Mees, kus su lapsed on_",16,2,351.2399999999998,0.0637027697392618
2395991463,"Mees, kus su lapsed on_",36,25,4257.332,0.7721325592176044
2395991463,"Mees, kus su lapsed on_",47,3,544.6799999999996,0.0987860853592448
2395991466,Miks noored mehed surevad_,-1,25,4305.277999999999,0.7865880506994061
2395991466,Miks noored mehed surevad_,118,6,1065.3200000000002,0.1946373688693486
2395991466,Miks noored mehed surevad_,230,1,180.07999999999993,0.0329011915537043
2395991469,Kes võidab AI-ajastul_,-1,23,3870.5900000000006,0.7267362499741834
2395991469,Kes võidab AI-ajastul_,3,1,183.96000000000004,0.034540057341452
2395991469,Kes võidab AI-ajastul_,24,1,184.92000000000007,0.0347203055206637
2395991469,Kes võidab AI-ajastul_,104,2,365.9199999999999,0.0687045976428795
2395991469,Kes võidab AI-ajastul_,228,1,180.55999999999997,0.0339016783734103
2395991469,Kes võidab AI-ajastul_,236,1,190.08,0.0356891394839269
2395991469,Kes võidab AI-ajastul_,249,3,548.7200000000003,0.1030268551011174
2395991472,Kas iga ebamugavus on kiusamine_,-1,10,1750.36,0.3311597325990541
2395991472,Kas iga ebamugavus on kiusamine_,90,13,2274.266,0.430280239733038
2395991472,Kas iga ebamugavus on kiusamine_,145,6,1053.44,0.1993058049253568
2395991472,Kas iga ebamugavus on kiusamine_,251,2,353.48,0.0668767238048822
2396670915,Pedofiilia uus nägu_ kuidas avatus loob uusi riske,-1,5,894.8399999999999,0.1598392676159184
2396670915,Pedofiilia uus nägu_ kuidas avatus loob uusi riske,2,3,517.1199999999999,0.0923696773384557
2396670915,Pedofiilia uus nägu_ kuidas avatus loob uusi riske,51,22,3952.9740000000006,0.7060932334995841
2396670915,Pedofiilia uus nägu_ kuidas avatus loob uusi riske,263,2,357.0,0.0637685156440066
2396670918,Kas töötamine päästab Eestis vaesusest_ Räägime miinimumpalgast,-1,3,529.7199999999998,0.1021020627423073
2396670918,Kas töötamine päästab Eestis vaesusest_ Räägime miinimumpalgast,21,28,4717.062000000002,0.9092006348322772
2396670921,Kas Eesti tulevik on parkla või meeldiv elukeskkond_,-1,15,2676.879999999999,0.4492305595864677
2396670921,Kas Eesti tulevik on parkla või meeldiv elukeskkond_,75,1,188.35999999999967,0.0316103330009962
2396670921,Kas Eesti tulevik on parkla või meeldiv elukeskkond_,222,6,1119.5600000000002,0.1878831196357797
2396670921,Kas Eesti tulevik on parkla või meeldiv elukeskkond_,276,1,181.48,0.0304557402475091
2396670921,Kas Eesti tulevik on parkla või meeldiv elukeskkond_,325,5,912.0799999999996,0.1530640928198594
2396670921,Kas Eesti tulevik on parkla või meeldiv elukeskkond_,330,6,1150.4110000000005,0.1930604947866278
2396670924,Loodusrahvas või ressursirahvas_ miks keskkond valimiskasti juures kaotab_,-1,8,1400.0000000000005,0.2486853868736393
2396670924,Loodusrahvas või ressursirahvas_ miks keskkond valimiskasti juures kaotab_,17,1,182.32000000000065,0.0323859426677157
2396670924,Loodusrahvas või ressursirahvas_ miks keskkond valimiskasti juures kaotab_,50,1,180.8399999999997,0.0321230466873063
2396670924,Loodusrahvas või ressursirahvas_ miks keskkond valimiskasti juures kaotab_,91,1,183.52,0.0325991015707501
2396670924,Loodusrahvas või ressursirahvas_ miks keskkond valimiskasti juures kaotab_,103,14,2443.8429999999994,0.4341057442238821
2396670924,Loodusrahvas või ressursirahvas_ miks keskkond valimiskasti juures kaotab_,167,2,367.1999999999998,0.0652266243285716
2396670924,Loodusrahvas või ressursirahvas_ miks keskkond valimiskasti juures kaotab_,334,6,1050.84,0.1866632513873536
2396670927,Kodude kättesaadavus_ kas Eestil on plaan_,-1,12,2226.5409999999997,0.4299585922644409
2396670927,Kodude kättesaadavus_ kas Eestil on plaan_,62,12,2134.2000000000003,0.4121269842373306
2396670927,Kodude kättesaadavus_ kas Eestil on plaan_,276,5,944.2799999999996,0.182346204046306
2396670930,ÜRO kõnnib Rahvasteliidu teed,-1,2,350.0,0.0646662142495144
2396670930,ÜRO kõnnib Rahvasteliidu teed,82,7,1312.7289999999998,0.2425406136158593
2396670930,ÜRO kõnnib Rahvasteliidu teed,153,9,1613.84,0.2981740662983895
2396670930,ÜRO kõnnib Rahvasteliidu teed,197,10,1820.400000000001,0.3363382183423317
2396670930,ÜRO kõnnib Rahvasteliidu teed,321,2,406.1600000000003,0.0750423702273794
2396670933,"Kui pole mugav, siis ei kaasa_!",-1,14,2444.338,0.5076740817541328
2396670933,"Kui pole mugav, siis ei kaasa_!",233,8,1473.2399999999998,0.3059829549773634
2396670933,"Kui pole mugav, siis ei kaasa_!",331,6,1054.9999999999998,0.2191170600181357
2396670936,"Kas Eesti on valmis järgmiseks kriisiks, mis ei tule tankiga_ Keemilised, bioloogilised, radioloogilised ja tuumariskid",-1,2,387.1229999999996,0.0866977380423688
2396670936,"Kas Eesti on valmis järgmiseks kriisiks, mis ei tule tankiga_ Keemilised, bioloogilised, radioloogilised ja tuumariskid",83,21,4107.799999999999,0.9199581743539992
2396692734,Kas rohereform vajab ebapopulaarseid otsuseid_,-1,13,2190.7709999999997,0.4160399303349879
2396692734,Kas rohereform vajab ebapopulaarseid otsuseid_,29,1,201.56,0.0382773956558308
2396692734,Kas rohereform vajab ebapopulaarseid otsuseid_,46,1,186.96000000000004,0.0355047722356327
2396692734,Kas rohereform vajab ebapopulaarseid otsuseid_,91,1,186.36000000000013,0.0353908288074054
2396692734,Kas rohereform vajab ebapopulaarseid otsuseid_,115,15,2621.039999999999,0.4977504718682219
2396692737,Keskkonnahoid vastutuules_ kas keskkonnaprojektid on vaid kulu või ka väärtus inimestele ja ettevõtetele_,-1,12,2137.76,0.3790071698548743
2396692737,Keskkonnahoid vastutuules_ kas keskkonnaprojektid on vaid kulu või ka väärtus inimestele ja ettevõtetele_,0,3,547.6000000000004,0.0970849516374753
2396692737,Keskkonnahoid vastutuules_ kas keskkonnaprojektid on vaid kulu või ka väärtus inimestele ja ettevõtetele_,9,1,180.55999999999997,0.0320117948642486
2396692737,Keskkonnahoid vastutuules_ kas keskkonnaprojektid on vaid kulu või ka väärtus inimestele ja ettevõtetele_,22,2,309.90099999999984,0.0549428845825515
2396692737,Keskkonnahoid vastutuules_ kas keskkonnaprojektid on vaid kulu või ka väärtus inimestele ja ettevõtetele_,49,2,348.24000000000024,0.0617400722392885
2396692737,Keskkonnahoid vastutuules_ kas keskkonnaprojektid on vaid kulu või ka väärtus inimestele ja ettevõtetele_,75,1,180.52,0.0320047031950274
2396692737,Keskkonnahoid vastutuules_ kas keskkonnaprojektid on vaid kulu või ka väärtus inimestele ja ettevõtetele_,103,1,185.92000000000007,0.032962078539882
2396692737,Keskkonnahoid vastutuules_ kas keskkonnaprojektid on vaid kulu või ka väärtus inimestele ja ettevõtetele_,167,10,1772.8400000000006,0.3143098715503684
2396692737,Keskkonnahoid vastutuules_ kas keskkonnaprojektid on vaid kulu või ka väärtus inimestele ja ettevõtetele_,253,1,182.2400000000007,0.0323096449715368
2396692740,Kas tööstus julgeb investeerida_ Energiamajanduslikud otsused ebakindla poliitika ja turu tingimustes,-1,9,1593.72,0.3120289497832936
2396692740,Kas tööstus julgeb investeerida_ Energiamajanduslikud otsused ebakindla poliitika ja turu tingimustes,9,3,531.7600000000002,0.1041114589368046
2396692740,Kas tööstus julgeb investeerida_ Energiamajanduslikud otsused ebakindla poliitika ja turu tingimustes,32,1,183.72000000000023,0.035969906040074
2396692740,Kas tööstus julgeb investeerida_ Energiamajanduslikud otsused ebakindla poliitika ja turu tingimustes,111,1,183.15999999999983,0.0358602655688
2396692740,Kas tööstus julgeb investeerida_ Energiamajanduslikud otsused ebakindla poliitika ja turu tingimustes,135,2,354.55999999999995,0.0694180812408482
2396692740,Kas tööstus julgeb investeerida_ Energiamajanduslikud otsused ebakindla poliitika ja turu tingimustes,142,1,182.04,0.0356409846262522
2396692740,Kas tööstus julgeb investeerida_ Energiamajanduslikud otsused ebakindla poliitika ja turu tingimustes,178,1,185.8800000000001,0.0363928050007019
2396692740,Kas tööstus julgeb investeerida_ Energiamajanduslikud otsused ebakindla poliitika ja turu tingimustes,186,9,1542.563,0.3020130969458668
2396692740,Kas tööstus julgeb investeerida_ Energiamajanduslikud otsused ebakindla poliitika ja turu tingimustes,228,1,182.4400000000005,0.0357192992485908
2396692740,Kas tööstus julgeb investeerida_ Energiamajanduslikud otsused ebakindla poliitika ja turu tingimustes,333,2,361.44000000000005,0.0707650927450704
2396692743,Järgmise põlvkonna õpilasmalev,-1,1,181.72000000000023,0.0342952497908446
2396692743,Järgmise põlvkonna õpilasmalev,11,29,5141.693,0.9703700516334878
2396692746,Kuidas hoida kokkuleppeid ruumis_,-1,2,382.28000000000014,0.0620298735793272
2396692746,Kuidas hoida kokkuleppeid ruumis_,50,25,4277.280000000001,0.6940439930506033
2396692746,Kuidas hoida kokkuleppeid ruumis_,232,8,1409.1170000000002,0.2286474557091158
2396692746,Kuidas hoida kokkuleppeid ruumis_,283,1,180.48,0.0292852139363737
2396692749,"Kas elekter saab olla korraga odav, roheline ja kindel ning hoida Eesti majanduse konkurentsivõimelisena_",-1,14,2475.967,0.4378083685815616
2396692749,"Kas elekter saab olla korraga odav, roheline ja kindel ning hoida Eesti majanduse konkurentsivõimelisena_",1,2,349.28,0.0617608017304624
2396692749,"Kas elekter saab olla korraga odav, roheline ja kindel ning hoida Eesti majanduse konkurentsivõimelisena_",75,1,181.35999999999967,0.0320686526621525
2396692749,"Kas elekter saab olla korraga odav, roheline ja kindel ning hoida Eesti majanduse konkurentsivõimelisena_",111,6,1046.0399999999995,0.1849641234600689
2396692749,"Kas elekter saab olla korraga odav, roheline ja kindel ning hoida Eesti majanduse konkurentsivõimelisena_",140,2,358.40000000000055,0.0633734291691415
2396692749,"Kas elekter saab olla korraga odav, roheline ja kindel ning hoida Eesti majanduse konkurentsivõimelisena_",178,3,533.48,0.0943316322353615
2396692749,"Kas elekter saab olla korraga odav, roheline ja kindel ning hoida Eesti majanduse konkurentsivõimelisena_",194,1,180.76000000000025,0.0319625587517132
2396692749,"Kas elekter saab olla korraga odav, roheline ja kindel ning hoida Eesti majanduse konkurentsivõimelisena_",333,4,701.9200000000001,0.1241157293593855
2396692752,Tuleviku Eesti edulugu_ majanduskasv või tasaareng_,-1,5,961.76,0.1883445921135989
2396692752,Tuleviku Eesti edulugu_ majanduskasv või tasaareng_,32,1,199.5999999999999,0.0390883178608741
2396692752,Tuleviku Eesti edulugu_ majanduskasv või tasaareng_,163,1,191.19999999999985,0.0374433185120197
2396692752,Tuleviku Eesti edulugu_ majanduskasv või tasaareng_,170,12,2530.9050000000007,0.4956353663110009
2396692752,Tuleviku Eesti edulugu_ majanduskasv või tasaareng_,228,1,182.20000000000027,0.0356808192096757
2396692752,Tuleviku Eesti edulugu_ majanduskasv või tasaareng_,252,2,374.7600000000002,0.0733904709496052
2396692752,Tuleviku Eesti edulugu_ majanduskasv või tasaareng_,253,4,829.4400000000003,0.1624319357040255
2396692755,Tehisintellekti nähtamatu jalajälg_ kas digiareng tuleb keskkonna arvelt_,-1,5,902.7600000000004,0.1715362600170176
2396692755,Tehisintellekti nähtamatu jalajälg_ kas digiareng tuleb keskkonna arvelt_,3,1,183.96000000000004,0.0349548167760319
2396692755,Tehisintellekti nähtamatu jalajälg_ kas digiareng tuleb keskkonna arvelt_,96,19,3290.0739999999987,0.6251572833745723
2396692755,Tehisintellekti nähtamatu jalajälg_ kas digiareng tuleb keskkonna arvelt_,194,6,1071.2800000000009,0.203557273949921
2397177237,Kas sotsiaalmeediasse mahub sisukas poliitiline diskussioon_,-1,1,181.6000000000004,0.0340662772931191
2397177237,Kas sotsiaalmeediasse mahub sisukas poliitiline diskussioon_,27,25,4295.425,0.8057771979173798
2397177237,Kas sotsiaalmeediasse mahub sisukas poliitiline diskussioon_,79,3,580.9200000000005,0.108974569411447
2397177237,Kas sotsiaalmeediasse mahub sisukas poliitiline diskussioon_,215,2,352.1999999999998,0.0660690686268532
2397177240,Kultuur on majandusharu,-1,11,2029.7599999999995,0.3635619817509709
2397177240,Kultuur on majandusharu,245,8,1514.1819999999996,0.2712138423516321
2397177240,Kultuur on majandusharu,304,6,1083.88,0.1941399775245559
2397177240,Kultuur on majandusharu,332,6,1157.9600000000005,0.2074088721761955
2397177243,Kultuuriretsept – ravi positiivsete kõrvaltoimetega,-1,1,186.1199999999999,0.0358067061197108
2397177243,Kultuuriretsept – ravi positiivsete kõrvaltoimetega,15,1,181.6,0.0349371256788066
2397177243,Kultuuriretsept – ravi positiivsete kõrvaltoimetega,19,1,180.32000000000065,0.034690872810586
2397177243,Kultuuriretsept – ravi positiivsete kõrvaltoimetega,37,27,4727.149,0.9094328123097192
2397177246,Reklaamide vastutamatusest ja vastutusest,30,29,4925.238,1.0
2397177249,AI ajastu ettevõtlus – kas miljon mikroettevõtjat või paar suurt võitjat_,-1,11,2016.772,0.3553375013126245
2397177249,AI ajastu ettevõtlus – kas miljon mikroettevõtjat või paar suurt võitjat_,104,15,2625.640000000001,0.4626146916689044
2397177249,AI ajastu ettevõtlus – kas miljon mikroettevõtjat või paar suurt võitjat_,159,1,180.2400000000007,0.0317567038993935
2397177249,AI ajastu ettevõtlus – kas miljon mikroettevõtjat või paar suurt võitjat_,236,5,901.9999999999992,0.1589244724658945
2397177249,AI ajastu ettevõtlus – kas miljon mikroettevõtjat või paar suurt võitjat_,303,1,183.16000000000008,0.0322711822359792
2397177252,Tehisintellekt kultuuris – kas loovisik on järgmine väljasureja_,-1,5,968.96,0.1655164308743079
2397177252,Tehisintellekt kultuuris – kas loovisik on järgmine väljasureja_,13,1,186.44000000000003,0.0318474275225045
2397177252,Tehisintellekt kultuuris – kas loovisik on järgmine väljasureja_,68,21,3700.602,0.6321318063968848
2397177252,Tehisintellekt kultuuris – kas loovisik on järgmine väljasureja_,265,3,573.04,0.0978859143289851
2397177252,Tehisintellekt kultuuris – kas loovisik on järgmine väljasureja_,303,3,551.5999999999996,0.0942235626550819
2397177255,Vabakutseliste loovisikute toimetulek,-1,3,556.4000000000001,0.1006908106243644
2397177255,Vabakutseliste loovisikute toimetulek,29,28,5038.867000000001,0.911875634181092
2397177258,Kas tänavakunst peaks olema legaalne_,42,28,4865.513999999999,0.9643859086489044
2397177258,Kas tänavakunst peaks olema legaalne_,68,1,200.67999999999984,0.0397764684569116
2397264564,Küberturvalisus vs ettevõtlusvõime_ kus on tasakaal_,-1,2,498.40300000000025,0.0929044642525942
2397264564,Küberturvalisus vs ettevõtlusvõime_ kus on tasakaal_,86,21,4876.48,0.908996859646693
2397264567,Teadmussiirdedoktorantuur – Eesti majanduse kasutamata potentsiaal_,-1,4,704.7600000000002,0.1312198196369838
2397264567,Teadmussiirdedoktorantuur – Eesti majanduse kasutamata potentsiaal_,94,18,3107.4350000000004,0.5785757708065878
2397264567,Teadmussiirdedoktorantuur – Eesti majanduse kasutamata potentsiaal_,184,9,1639.04,0.3051741488986349
2397264570,"Miljon sensorit, üks planeet_ kuidas tehisintellekt asjades (AIoT) muudab teadust_",-1,9,1973.9600000000005,0.3927983910460847
2397264570,"Miljon sensorit, üks planeet_ kuidas tehisintellekt asjades (AIoT) muudab teadust_",3,2,385.7369999999996,0.0767578233434028
2397264570,"Miljon sensorit, üks planeet_ kuidas tehisintellekt asjades (AIoT) muudab teadust_",117,14,2459.12,0.4893404017250844
2397264570,"Miljon sensorit, üks planeet_ kuidas tehisintellekt asjades (AIoT) muudab teadust_",201,1,289.52,0.0576115980950284
2397264573,Kas oleme tehisaru nimel valmis ohverdama oma inimõigused_,-1,6,1261.1999999999998,0.2446880460227715
2397264573,Kas oleme tehisaru nimel valmis ohverdama oma inimõigused_,3,2,464.96,0.0902078606713827
2397264573,Kas oleme tehisaru nimel valmis ohverdama oma inimõigused_,13,3,544.3600000000001,0.1056124204986964
2397264573,Kas oleme tehisaru nimel valmis ohverdama oma inimõigused_,201,7,1318.9200000000003,0.2558864237712924
2397264573,Kas oleme tehisaru nimel valmis ohverdama oma inimõigused_,265,1,222.96,0.0432569352531217
2397264573,Kas oleme tehisaru nimel valmis ohverdama oma inimõigused_,284,6,1202.0779999999995,0.2332176633261665
2397264573,Kas oleme tehisaru nimel valmis ohverdama oma inimõigused_,295,1,255.63999999999987,0.049597250305472
2397264576,Kas linnud ja loomad keedavad meile uut superhaigust_,-1,5,1173.3249999999996,0.2120132882681432
2397264576,Kas linnud ja loomad keedavad meile uut superhaigust_,93,18,4384.999999999999,0.7923450613051015
2397264579,Elu võimalikkusest pealinnast eemal,-1,17,2965.359999999999,0.5298322788598463
2397264579,Elu võimalikkusest pealinnast eemal,39,2,351.72000000000025,0.0628431654573425
2397264579,Elu võimalikkusest pealinnast eemal,139,8,1372.9199999999996,0.245304897986167
2397264579,Elu võimalikkusest pealinnast eemal,305,6,1072.1099999999994,0.1915580180782197
2397264582,Kes vastutab Eesti toidujulgeoleku eest_,-1,1,183.07999999999996,0.0345018117785582
2397264582,Kes vastutab Eesti toidujulgeoleku eest_,80,22,3823.748,0.7205933678426832
2397264582,Kes vastutab Eesti toidujulgeoleku eest_,227,8,1410.4800000000002,0.2658079281047674
2397264585,Toiduraiskamine või toiduohutus – kas peame valima_,31,29,5005.804,1.0
2397264588,Mille taha jääb majanduskasv_,-1,8,1413.44,0.2695574264650072
2397264588,Mille taha jääb majanduskasv_,75,1,180.07999999999993,0.0343430929914382
2397264588,Mille taha jääb majanduskasv_,99,17,2916.838,0.5562707611892536
2397264588,Mille taha jääb majanduskasv_,139,5,859.0399999999995,0.1638276910448972
2397829623,Noorte julm vägivald – kas sinu kodukant on järgmine_,-1,1,202.52000000000044,0.03792935535828
2397829623,Noorte julm vägivald – kas sinu kodukant on järgmine_,5,1,186.92000000000007,0.0350076787654043
2397829623,Noorte julm vägivald – kas sinu kodukant on järgmine_,23,2,349.6399999999994,0.0654830130726297
2397829623,Noorte julm vägivald – kas sinu kodukant on järgmine_,106,17,3031.44,0.5677491853017194
2397829623,Noorte julm vägivald – kas sinu kodukant on järgmine_,224,8,1525.8399999999992,0.285769936697007
2397829623,Noorte julm vägivald – kas sinu kodukant on järgmine_,295,1,183.92000000000007,0.034445817882159
2397829626,"Kui sensoreid saab rohkem kui inimesi, siis kes hoiab piirialade Eestit_",-1,4,757.1199999999999,0.1378879030646875
2397829626,"Kui sensoreid saab rohkem kui inimesi, siis kes hoiab piirialade Eestit_",75,2,357.96000000000004,0.0651922466465495
2397829626,"Kui sensoreid saab rohkem kui inimesi, siis kes hoiab piirialade Eestit_",188,10,1760.1199999999997,0.3205558642516614
2397829626,"Kui sensoreid saab rohkem kui inimesi, siis kes hoiab piirialade Eestit_",192,10,1786.5570000000002,0.3253706128956296
2397829626,"Kui sensoreid saab rohkem kui inimesi, siis kes hoiab piirialade Eestit_",302,6,1051.1600000000003,0.191438937269491
2397829629,Religioossete ühenduste roll ühiskonna toetaja ja tasakaalustajana,-1,6,1224.16,0.220789960419915
2397829629,Religioossete ühenduste roll ühiskonna toetaja ja tasakaalustajana,4,3,530.2150000000001,0.0956297778591403
2397829629,Religioossete ühenduste roll ühiskonna toetaja ja tasakaalustajana,127,14,2749.4,0.4958828234695745
2397829629,Religioossete ühenduste roll ühiskonna toetaja ja tasakaalustajana,301,6,1190.4399999999996,0.2147082084713465
2397829632,Appi! Mind ei lasta muuseumisse! Kultuuriharidus kui regionaalpoliitika,15,31,5449.106999999999,0.9722168052644622
2397829632,Appi! Mind ei lasta muuseumisse! Kultuuriharidus kui regionaalpoliitika,38,1,180.03999999999996,0.0321223117145274
2397829635,„Veibi-Vellod“ ja veipivad noored – miks salaturg võidab ja mida teha teisiti_,-1,5,797.2200000000012,0.1527153611861389
2397829635,„Veibi-Vellod“ ja veipivad noored – miks salaturg võidab ja mida teha teisiti_,79,2,368.6000000000004,0.0706089688332089
2397829635,„Veibi-Vellod“ ja veipivad noored – miks salaturg võidab ja mida teha teisiti_,160,12,2125.28,0.4071183648449323
2397829635,„Veibi-Vellod“ ja veipivad noored – miks salaturg võidab ja mida teha teisiti_,172,1,181.15999999999983,0.034702986418405
2397829635,„Veibi-Vellod“ ja veipivad noored – miks salaturg võidab ja mida teha teisiti_,173,11,1957.48,0.374974618316955
2397829638,Kus on noore kodu_ Kuidas elatakse tulevikus ja kas kodu peab tingimata omama_,-1,7,1231.7999999999995,0.2772492855507836
2397829638,Kus on noore kodu_ Kuidas elatakse tulevikus ja kas kodu peab tingimata omama_,62,12,2106.173,0.4740501376005444
2397829638,Kus on noore kodu_ Kuidas elatakse tulevikus ja kas kodu peab tingimata omama_,276,1,181.39999999999984,0.0408288848830265
2397829638,Kus on noore kodu_ Kuidas elatakse tulevikus ja kas kodu peab tingimata omama_,296,6,1033.88,0.232702136178961
2397829641,"Kelle vastutus on NEET-olukorras noor – tema enda, spetsialistide või kogu ühiskonna_",5,27,4637.96,0.972994450862832
2397829641,"Kelle vastutus on NEET-olukorras noor – tema enda, spetsialistide või kogu ühiskonna_",54,1,142.48700000000008,0.029892250109982
2400164898,Kas lapsevanem on partner või lihtsalt teenusetarbija_,-1,5,921.5200000000004,0.1870010791645749
2400164898,Kas lapsevanem on partner või lihtsalt teenusetarbija_,45,23,4057.366,0.8233481862202168
2400164901,Ühiskondlik ebavõrdsus algab enne kooli – kas me tunnistame seda_,-1,16,2717.05,0.5036489314571814
2400164901,Ühiskondlik ebavõrdsus algab enne kooli – kas me tunnistame seda_,45,2,363.52,0.0673842805849412
2400164901,Ühiskondlik ebavõrdsus algab enne kooli – kas me tunnistame seda_,122,8,1423.44,0.2638575053802507
2400164901,Ühiskondlik ebavõrdsus algab enne kooli – kas me tunnistame seda_,205,5,898.4399999999998,0.1665403087828306
2400164901,Ühiskondlik ebavõrdsus algab enne kooli – kas me tunnistame seda_,266,1,180.8800000000001,0.0335290181343644
2400164904,Kuidas toetada lapse keele ja kõne arengut liikumismängude kaudu_,-1,2,361.9199999999996,0.0908490059499169
2400164904,Kuidas toetada lapse keele ja kõne arengut liikumismängude kaudu_,124,3,437.63300000000027,0.1098544513176394
2400164904,Kuidas toetada lapse keele ja kõne arengut liikumismängude kaudu_,189,10,1776.4800000000002,0.4459312613005877
2400164904,Kuidas toetada lapse keele ja kõne arengut liikumismängude kaudu_,246,8,1505.2400000000002,0.3778447107539047
2400164907,Iga lapse tulevik on Eesti arenguküsimus,-1,16,2767.2540000000017,0.4821660248250025
2400164907,Iga lapse tulevik on Eesti arenguküsimus,114,9,1581.7600000000002,0.2756056839839044
2400164907,Iga lapse tulevik on Eesti arenguküsimus,122,6,1069.3199999999997,0.1863181961850524
2400164907,Iga lapse tulevik on Eesti arenguküsimus,124,1,186.0,0.0324086190199563
2400164907,Iga lapse tulevik on Eesti arenguküsimus,205,2,364.59999999999945,0.0635278628746025
2400164910,"Mida laps tegelikult tahab, et me märkaks_",-1,7,1226.7199999999998,0.2531321680405367
2400164910,"Mida laps tegelikult tahab, et me märkaks_",45,1,81.72400000000016,0.0168636472063265
2400164910,"Mida laps tegelikult tahab, et me märkaks_",199,10,1743.6000000000004,0.3597897223453437
2400164910,"Mida laps tegelikult tahab, et me märkaks_",250,7,1234.48,0.254733434526772
2400164910,"Mida laps tegelikult tahab, et me märkaks_",329,4,687.1199999999999,0.1417863695904636
2400164913,Alushariduse agenda 2027–2031_ mida Eesti peab nüüd otsustama_,-1,13,2425.2710000000006,0.4479934077516551
2400164913,Alushariduse agenda 2027–2031_ mida Eesti peab nüüd otsustama_,114,7,1345.12,0.2484690958803804
2400164913,Alushariduse agenda 2027–2031_ mida Eesti peab nüüd otsustama_,124,1,189.7599999999993,0.0350522597495099
2400164913,Alushariduse agenda 2027–2031_ mida Eesti peab nüüd otsustama_,162,1,181.67999999999984,0.0335597309827729
2400164913,Alushariduse agenda 2027–2031_ mida Eesti peab nüüd otsustama_,205,2,411.3599999999997,0.0759859694907169
2400164913,Alushariduse agenda 2027–2031_ mida Eesti peab nüüd otsustama_,266,6,1064.36,0.1966074156144
2400164916,Aga kes hoiab õpetajat_,-1,7,1478.3200000000002,0.4108094529080292
2400164916,Aga kes hoiab õpetajat_,45,1,239.19999999999985,0.0664711436871587
2400164916,Aga kes hoiab õpetajat_,124,10,2024.9539999999995,0.5627132453757813
2400184974,"Väike rahvas, suur mudel_ kas tehisaru on Eesti jaoks loodud_",-1,1,186.3599999999999,0.0377949076655154
2400184974,"Väike rahvas, suur mudel_ kas tehisaru on Eesti jaoks loodud_",3,27,4772.223,0.9678349841395644
2400184977,"Post-it, pastakas ja AI-agent - Eesti.ai praktiline töötuba nutikama tööpäeva disainimiseks 2",-1,9,1618.4,0.3721456436034018
2400184977,"Post-it, pastakas ja AI-agent - Eesti.ai praktiline töötuba nutikama tööpäeva disainimiseks 2",165,5,869.7199999999999,0.1999891925078785
2400184977,"Post-it, pastakas ja AI-agent - Eesti.ai praktiline töötuba nutikama tööpäeva disainimiseks 2",166,7,1314.4800000000002,0.3022602605065495
2400184977,"Post-it, pastakas ja AI-agent - Eesti.ai praktiline töötuba nutikama tööpäeva disainimiseks 2",280,4,690.9150000000004,0.1588735833849756
2400184980,"Eesti, Singapur, Dubai, Delaware. Kui konkurentsivõimelised me globaalselt oleme_",-1,14,2432.599,0.44339364881991
2400184980,"Eesti, Singapur, Dubai, Delaware. Kui konkurentsivõimelised me globaalselt oleme_",57,3,526.48,0.0959623383182786
2400184980,"Eesti, Singapur, Dubai, Delaware. Kui konkurentsivõimelised me globaalselt oleme_",60,1,186.27999999999972,0.0339535488184335
2400184980,"Eesti, Singapur, Dubai, Delaware. Kui konkurentsivõimelised me globaalselt oleme_",149,1,183.0,0.0333556980554721
2400184980,"Eesti, Singapur, Dubai, Delaware. Kui konkurentsivõimelised me globaalselt oleme_",258,7,1214.2400000000002,0.2213214361031504
2400184980,"Eesti, Singapur, Dubai, Delaware. Kui konkurentsivõimelised me globaalselt oleme_",335,6,1067.760000000001,0.1946222959328468
2400184983,"Post-it, pastakas ja AI-agent - Eesti.ai praktiline töötuba nutikama tööpäeva disainimiseks",-1,6,1069.7049999999997,0.292212838783786
2400184983,"Post-it, pastakas ja AI-agent - Eesti.ai praktiline töötuba nutikama tööpäeva disainimiseks",165,7,1207.52,0.3298599586691634
2400184983,"Post-it, pastakas ja AI-agent - Eesti.ai praktiline töötuba nutikama tööpäeva disainimiseks",166,5,938.6799999999998,0.2564205528716463
2400184983,"Post-it, pastakas ja AI-agent - Eesti.ai praktiline töötuba nutikama tööpäeva disainimiseks",280,3,569.0,0.1554345406144444
2400184986,Eesti loob maailma esimese agentide riigi,-1,15,2645.99,0.467364713654131
2400184986,Eesti loob maailma esimese agentide riigi,130,12,2071.6000000000004,0.3659094481860847
2400184986,Eesti loob maailma esimese agentide riigi,159,2,358.79999999999995,0.0633753185987483
2400184986,Eesti loob maailma esimese agentide riigi,236,2,348.96000000000004,0.0616372663829967
2400184986,Eesti loob maailma esimese agentide riigi,303,2,350.03999999999974,0.0618280282115548
2400184989,Tiigri üleandmine. Kes kannab Eesti digilugu edasi_,24,1,182.52,0.0377383692235866
2400184989,Tiigri üleandmine. Kes kannab Eesti digilugu edasi_,57,20,3452.72,0.7138944892924718
2400184989,Tiigri üleandmine. Kes kannab Eesti digilugu edasi_,156,1,182.15999999999983,0.0376639345702856
2400184989,Tiigri üleandmine. Kes kannab Eesti digilugu edasi_,177,1,181.2800000000001,0.0374819831955499
2400184989,Tiigri üleandmine. Kes kannab Eesti digilugu edasi_,185,5,922.5770000000002,0.1907547198289988
2400184992,"Usalda, aga kontrolli – mis saab valesti minna, kui AI-agent saab isikukoodi_",-1,10,1781.5600000000002,0.2975263309867705
2400184992,"Usalda, aga kontrolli – mis saab valesti minna, kui AI-agent saab isikukoodi_",60,8,1430.3069999999998,0.2388659342905625
2400184992,"Usalda, aga kontrolli – mis saab valesti minna, kui AI-agent saab isikukoodi_",68,1,181.71999999999932,0.0303478327235208
2400184992,"Usalda, aga kontrolli – mis saab valesti minna, kui AI-agent saab isikukoodi_",130,2,363.0799999999999,0.0606355442728151
2400184992,"Usalda, aga kontrolli – mis saab valesti minna, kui AI-agent saab isikukoodi_",149,10,1789.5200000000002,0.2988556769502265
2400184992,"Usalda, aga kontrolli – mis saab valesti minna, kui AI-agent saab isikukoodi_",336,4,712.3199999999997,0.1189597634031389
2400184995,Kas annaksid AI-le õiguse enda nimel tegutseda_,-1,11,1981.92,0.3682902318501032
2400184995,Kas annaksid AI-le õiguse enda nimel tegutseda_,60,16,2808.448,0.5218797757018238
2400184995,Kas annaksid AI-le õiguse enda nimel tegutseda_,149,2,387.0399999999995,0.0719216978158874
2400184995,Kas annaksid AI-le õiguse enda nimel tegutseda_,336,2,366.5199999999999,0.0681085693558265
2400207741,"Kuidas rahastada terviseidusid nii, et uued lahendused jõuaksid ka Eestis kasutusele_",-1,12,2044.6620000000005,0.3752649771995723
2400207741,"Kuidas rahastada terviseidusid nii, et uued lahendused jõuaksid ka Eestis kasutusele_",25,2,353.0,0.0647874988391475
2400207741,"Kuidas rahastada terviseidusid nii, et uued lahendused jõuaksid ka Eestis kasutusele_",120,15,2599.24,0.4770488908857386
2400207741,"Kuidas rahastada terviseidusid nii, et uued lahendused jõuaksid ka Eestis kasutusele_",268,3,549.7199999999997,0.1008923055576661
2400207744,Konkurents tervishoius – kas oht või lahendus_,-1,3,532.7600000000002,0.0996747231891721
2400207744,Konkurents tervishoius – kas oht või lahendus_,25,4,726.5060000000001,0.135922900452873
2400207744,Konkurents tervishoius – kas oht või lahendus_,105,17,2992.24,0.5598218592153469
2400207744,Konkurents tervishoius – kas oht või lahendus_,287,7,1230.4399999999996,0.230204531873423
2400207747,Kuidas tehnoloogia areng meie aju mõjutab_,-1,14,2448.24,0.4948731678298481
2400207747,Kuidas tehnoloogia areng meie aju mõjutab_,138,2,348.8399999999997,0.0705125134242411
2400207747,Kuidas tehnoloogia areng meie aju mõjutab_,299,5,884.6870000000001,0.178825547425042
2400207747,Kuidas tehnoloogia areng meie aju mõjutab_,312,2,364.8800000000001,0.0737547468703048
2400207747,Kuidas tehnoloogia areng meie aju mõjutab_,337,6,1084.32,0.2191782151019757
2400207750,Eesti terviseandmed_ kristallkuul või kompass_,-1,17,2919.075,0.5207579786403731
2400207750,Eesti terviseandmed_ kristallkuul või kompass_,109,1,189.27999999999972,0.0337672276995451
2400207750,Eesti terviseandmed_ kristallkuul või kompass_,219,8,1418.8000000000006,0.2531114891172586
2400207750,Eesti terviseandmed_ kristallkuul või kompass_,220,7,1301.2000000000005,0.2321318506057068
2400207753,"Uued hambad Türgist – kes parandab, kui midagi läheb valesti_",20,31,5250.459,1.0
2400207756,Kuhu kaovad töötajad_,-1,13,2330.919999999999,0.4293020590814314
2400207756,Kuhu kaovad töötajad_,5,1,183.5600000000004,0.0338075463615172
2400207756,Kuhu kaovad töötajad_,73,1,181.1199999999999,0.0333581542656242
2400207756,Kuhu kaovad töötajad_,169,1,183.8800000000001,0.033866483029831
2400207756,Kuhu kaovad töötajad_,203,3,457.2370000000005,0.0842125794056495
2400207756,Kuhu kaovad töötajad_,259,7,1253.1600000000003,0.2308033602004731
2400207756,Kuhu kaovad töötajad_,338,6,1120.1600000000008,0.2063078074325402
2400207759,Tervishoid aastal 2050_ milliseid otsuseid peame tegema juba täna_,-1,11,2012.7249999999992,0.3709514370572693
2400207759,Tervishoid aastal 2050_ milliseid otsuseid peame tegema juba täna_,25,1,180.8800000000001,0.0333367429405005
2400207759,Tervishoid aastal 2050_ milliseid otsuseid peame tegema juba täna_,203,3,529.96,0.0976732656388083
2400207759,Tervishoid aastal 2050_ milliseid otsuseid peame tegema juba täna_,211,6,1087.36,0.200403808070448
2400207759,Tervishoid aastal 2050_ milliseid otsuseid peame tegema juba täna_,220,1,180.5999999999999,0.0332851380752675
2400207759,Tervishoid aastal 2050_ milliseid otsuseid peame tegema juba täna_,244,6,1086.64,0.2002711098455632
2400207759,Tervishoid aastal 2050_ milliseid otsuseid peame tegema juba täna_,268,3,533.64,0.0983515010104417
2400207762,Kelle vastutus on ennetus tervishoius_,-1,9,1600.84,0.297686589673241
2400207762,Kelle vastutus on ennetus tervishoius_,43,2,364.32000000000016,0.0677476689424022
2400207762,Kelle vastutus on ennetus tervishoius_,109,14,2476.24,0.4604729022341185
2400207762,Kelle vastutus on ennetus tervishoius_,211,1,77.28199999999924,0.0143710895674315
2400207762,Kelle vastutus on ennetus tervishoius_,339,6,1040.8799999999997,0.19355839275573
2400207765,Üksilduse rohi_ kes vastutab üksilduse eest_,-1,1,180.7199999999998,0.0329794743284939
2400207765,Üksilduse rohi_ kes vastutab üksilduse eest_,19,29,4995.732,0.911667857713788
2400207765,Üksilduse rohi_ kes vastutab üksilduse eest_,36,1,184.0,0.0335780393782807
2400207765,Üksilduse rohi_ kes vastutab üksilduse eest_,54,1,180.44000000000003,0.0329283773120487
