episode_id,title,topic_id,passage_count,covered_seconds,fraction_of_analyzed_talk
2247188684,Kas kiirustades elad kauem?,-1,16,2799.36,0.5385537794822199
2247188684,Kas kiirustades elad kauem?,6,6,1009.6410000000008,0.1942393891711706
2247188684,Kas kiirustades elad kauem?,7,1,184.44000000000003,0.0354834173124216
2247188684,Kas kiirustades elad kauem?,106,6,1068.639999999999,0.2055898887266657
2247188684,Kas kiirustades elad kauem?,121,1,180.0,0.0346292296477764
2247188684,Kas kiirustades elad kauem?,340,1,181.5200000000002,0.034921654253691
2247188687,Kes koristab?!,-1,9,1613.2000000000005,0.2989756580957964
2247188687,Kes koristab?!,0,1,184.0400000000002,0.0341082817480476
2247188687,Kes koristab?!,6,2,373.2000000000003,0.0691654572287077
2247188687,Kes koristab?!,25,4,730.7999999999995,0.1354397538658615
2247188687,Kes koristab?!,106,5,796.8370000000001,0.1476784443776841
2247188687,Kes koristab?!,120,9,1619.2399999999998,0.3000950561709876
2247188687,Kes koristab?!,160,1,187.15999999999983,0.0346865138663582
2247188687,Kes koristab?!,337,1,182.2400000000007,0.0337746862951761
2247188690,Kas kõik on kiusamine?,-1,12,2133.014,0.407202531244428
2247188690,Kas kõik on kiusamine?,6,1,187.6000000000004,0.0358137334595341
2247188690,Kas kõik on kiusamine?,7,2,408.4,0.0779655050366403
2247188690,Kas kõik on kiusamine?,9,1,187.0,0.0356991906019876
2247188690,Kas kõik on kiusamine?,43,2,365.8,0.0698329621508399
2247188690,Kas kõik on kiusamine?,53,1,180.92000000000007,0.0345384896455166
2247188690,Kas kõik on kiusamine?,67,2,363.52,0.0693976992921633
2247188690,Kas kõik on kiusamine?,133,1,182.1199999999999,0.0347675753606095
2247188690,Kas kõik on kiusamine?,175,1,180.07999999999993,0.0343781296449514
2247188690,Kas kõik on kiusamine?,216,4,735.1199999999998,0.1403379090659526
2247188690,Kas kõik on kiusamine?,228,1,201.6800000000001,0.0385016725166249
2247188690,Kas kõik on kiusamine?,272,1,186.55999999999997,0.0356151925064535
2247188690,Kas kõik on kiusamine?,307,1,182.31999999999996,0.034805756313125
2247188693,Töökius otse laval,-1,12,2166.249999999999,0.4044944869245346
2247188693,Töökius otse laval,42,1,184.0,0.0343575236441382
2247188693,Töökius otse laval,43,6,1093.8399999999992,0.2042480090375223
2247188693,Töökius otse laval,67,3,532.7200000000004,0.0994724999766593
2247188693,Töökius otse laval,131,4,718.6400000000003,0.1341885369109972
2247188693,Töökius otse laval,133,2,367.0799999999995,0.0685432596700556
2247188693,Töökius otse laval,175,3,548.4799999999998,0.1024152965670484
2247188696,Juhi võim versus töötaja julgus,-1,7,1280.1200000000003,0.242873331991331
2247188696,Juhi võim versus töötaja julgus,43,1,185.15999999999983,0.0351298520072452
2247188696,Juhi võim versus töötaja julgus,91,13,2271.24,0.4309155599100009
2247188696,Juhi võim versus töötaja julgus,107,1,183.5999999999999,0.0348338778814551
2247188696,Juhi võim versus töötaja julgus,131,1,184.79999999999973,0.035061550285909
2247188696,Juhi võim versus töötaja julgus,169,1,186.23999999999975,0.0353347571712538
2247188696,Juhi võim versus töötaja julgus,175,1,183.0,0.0347200416792281
2247188696,Juhi võim versus töötaja julgus,216,3,551.1599999999996,0.1045699353657015
2247188696,Juhi võim versus töötaja julgus,294,1,127.89100000000052,0.024264376231684
2247188696,Juhi võim versus töötaja julgus,307,2,363.6399999999994,0.0689923276296967
2247188699,Õpiamps kui osa tööst,-1,23,4034.283,0.7375770228513999
2247188699,Õpiamps kui osa tööst,6,3,550.32,0.1006135135327845
2247188699,Õpiamps kui osa tööst,20,3,547.7200000000003,0.1001381625820917
2247188699,Õpiamps kui osa tööst,83,1,181.64000000000036,0.0332087487245511
2247188699,Õpiamps kui osa tööst,93,1,181.2,0.0331283047175108
2247188699,Õpiamps kui osa tööst,221,1,183.1199999999999,0.0334793331118685
2247188702,Kuidas juhtida riiki? Visiooni põhjal? Väärtuste põhjal?,-1,6,1142.495,0.2372440530390732
2247188702,Kuidas juhtida riiki? Visiooni põhjal? Väärtuste põhjal?,18,1,182.16000000000008,0.0378263158277258
2247188702,Kuidas juhtida riiki? Visiooni põhjal? Väärtuste põhjal?,25,1,183.76000000000025,0.0381585627827344
2247188702,Kuidas juhtida riiki? Visiooni põhjal? Väärtuste põhjal?,101,5,902.3200000000004,0.1873706702770836
2247188702,Kuidas juhtida riiki? Visiooni põhjal? Väärtuste põhjal?,130,1,183.5999999999999,0.0381253380872335
2247188702,Kuidas juhtida riiki? Visiooni põhjal? Väärtuste põhjal?,168,1,182.1200000000008,0.0378180096538507
2247188702,Kuidas juhtida riiki? Visiooni põhjal? Väärtuste põhjal?,191,7,1207.88,0.2508215325098454
2247188702,Kuidas juhtida riiki? Visiooni põhjal? Väärtuste põhjal?,271,5,884.6400000000001,0.1836993414242389
2247188702,Kuidas juhtida riiki? Visiooni põhjal? Väärtuste põhjal?,307,1,181.75999999999976,0.0377432540889736
2247188705,Kas töötaja on alati nõrgem osapool?,-1,14,2472.48,0.4479544305723899
2247188705,Kas töötaja on alati nõrgem osapool?,6,6,1151.3699999999994,0.2086007946386349
2247188705,Kas töötaja on alati nõrgem osapool?,7,1,184.07999999999996,0.0333509074207943
2247188705,Kas töötaja on alati nõrgem osapool?,25,1,181.87999999999988,0.0329523198701329
2247188705,Kas töötaja on alati nõrgem osapool?,67,4,726.0399999999996,0.1315411387646321
2247188705,Kas töötaja on alati nõrgem osapool?,131,2,364.5599999999997,0.066049580667779
2247188705,Kas töötaja on alati nõrgem osapool?,133,2,361.75999999999976,0.0655422874214827
2247188705,Kas töötaja on alati nõrgem osapool?,295,1,183.0,0.0331552371686514
2247188705,Kas töötaja on alati nõrgem osapool?,296,1,183.39999999999964,0.033227707632408
2247188708,Disainime tööd,-1,8,1485.4010000000003,0.2872382124412699
2247188708,Disainime tööd,6,6,1058.9200000000003,0.2047677953080074
2247188708,Disainime tööd,25,1,187.0,0.0361609731826742
2247188708,Disainime tööd,51,1,183.48,0.0354802960404121
2247188708,Disainime tööd,91,2,360.5600000000002,0.0697229972767113
2247188708,Disainime tööd,102,1,184.39999999999964,0.0356582002935032
2247188708,Disainime tööd,107,1,184.4,0.0356582002935033
2247188708,Disainime tööd,131,1,183.96000000000004,0.0355731156507205
2247188708,Disainime tööd,169,7,1226.6800000000003,0.2372082491108172
2247188708,Disainime tööd,173,1,183.48,0.0354802960404121
2247188708,Disainime tööd,295,1,184.04,0.0355885855857719
2250797864,Kuidas luua hoolivamat ühiskonda_ Pihlakodu juhtumist edasi!,-1,9,1711.183000000001,0.2824861004793497
2250797864,Kuidas luua hoolivamat ühiskonda_ Pihlakodu juhtumist edasi!,2,4,703.2,0.1160859042294591
2250797864,Kuidas luua hoolivamat ühiskonda_ Pihlakodu juhtumist edasi!,25,1,184.48,0.0304543908024041
2250797864,Kuidas luua hoolivamat ühiskonda_ Pihlakodu juhtumist edasi!,32,1,180.51999999999956,0.0298006647205658
2250797864,Kuidas luua hoolivamat ühiskonda_ Pihlakodu juhtumist edasi!,43,7,1271.28,0.2098658821513465
2250797864,Kuidas luua hoolivamat ühiskonda_ Pihlakodu juhtumist edasi!,51,2,377.5199999999995,0.0623218864685798
2250797864,Kuidas luua hoolivamat ühiskonda_ Pihlakodu juhtumist edasi!,107,1,181.52,0.0299657470644644
2250797864,Kuidas luua hoolivamat ühiskonda_ Pihlakodu juhtumist edasi!,132,1,215.2,0.0355257204069675
2250797864,Kuidas luua hoolivamat ühiskonda_ Pihlakodu juhtumist edasi!,196,7,1322.2800000000002,0.2182850816901725
2250797864,Kuidas luua hoolivamat ühiskonda_ Pihlakodu juhtumist edasi!,309,1,180.52,0.0298006647205659
2250797867,"Loodus, majandus ja julgeolek. Kas valida tuleb ainult kaks_",-1,20,3592.64,0.6812493540945899
2250797867,"Loodus, majandus ja julgeolek. Kas valida tuleb ainult kaks_",12,2,367.1600000000008,0.0696222034073467
2250797867,"Loodus, majandus ja julgeolek. Kas valida tuleb ainult kaks_",15,1,184.5999999999999,0.0350045177824277
2250797867,"Loodus, majandus ja julgeolek. Kas valida tuleb ainult kaks_",108,1,183.7199999999998,0.0348376490086003
2250797867,"Loodus, majandus ja julgeolek. Kas valida tuleb ainult kaks_",122,1,61.04500000000007,0.0115755730662421
2250797867,"Loodus, majandus ja julgeolek. Kas valida tuleb ainult kaks_",130,1,182.0,0.0345114964052104
2250797867,"Loodus, majandus ja julgeolek. Kas valida tuleb ainult kaks_",145,1,181.92000000000007,0.0344963265166807
2250797867,"Loodus, majandus ja julgeolek. Kas valida tuleb ainult kaks_",164,2,367.0,0.069591863630287
2250797867,"Loodus, majandus ja julgeolek. Kas valida tuleb ainult kaks_",192,1,182.87999999999988,0.0346783651790378
2250797867,"Loodus, majandus ja julgeolek. Kas valida tuleb ainult kaks_",327,1,182.96000000000004,0.0346935350675676
2250797870,Noored ja äärmuslus. Mida saame teha_,-1,11,2125.33,0.4155669701952764
2250797870,Noored ja äärmuslus. Mida saame teha_,16,1,200.35999999999967,0.0391765034833769
2250797870,Noored ja äärmuslus. Mida saame teha_,53,1,223.96000000000004,0.0437910247561245
2250797870,Noored ja äärmuslus. Mida saame teha_,144,1,183.08000000000004,0.0357977353650262
2250797870,Noored ja äärmuslus. Mida saame teha_,161,1,200.52,0.0392077883733616
2250797870,Noored ja äärmuslus. Mida saame teha_,165,1,180.19999999999985,0.035234607345301
2250797870,Noored ja äärmuslus. Mida saame teha_,232,1,204.8800000000001,0.0400603016254455
2250797870,Noored ja äärmuslus. Mida saame teha_,252,1,223.48,0.0436971700861703
2250797870,Noored ja äärmuslus. Mida saame teha_,258,2,380.3999999999997,0.0743798259386932
2250797870,Noored ja äärmuslus. Mida saame teha_,326,6,1231.0400000000004,0.2407059435425055
2250797870,Noored ja äärmuslus. Mida saame teha_,328,1,182.8800000000001,0.0357586292525453
2250797873,Vasakpoolsus Eestis. Kas turumõtlemine on piisav_,-1,3,553.9999999999998,0.0979877837179677
2250797873,Vasakpoolsus Eestis. Kas turumõtlemine on piisav_,13,30,5176.326,0.9155536327467392
2250797876,Kas öko-eluviis on ainult rikastele_,-1,12,2194.122,0.4524110269984053
2250797876,Kas öko-eluviis on ainult rikastele_,86,2,382.6400000000003,0.0788974156271483
2250797876,Kas öko-eluviis on ainult rikastele_,109,1,183.0,0.0377331880090114
2250797876,Kas öko-eluviis on ainult rikastele_,130,2,361.04,0.0744436622883797
2250797876,Kas öko-eluviis on ainult rikastele_,146,5,956.72,0.1972682821419749
2250797876,Kas öko-eluviis on ainult rikastele_,173,1,203.23999999999975,0.0419065198412648
2250797876,Kas öko-eluviis on ainult rikastele_,233,1,213.23999999999975,0.0439684426832873
2250797876,Kas öko-eluviis on ainult rikastele_,251,2,378.72,0.0780891418730754
2250797876,Kas öko-eluviis on ainult rikastele_,327,1,184.44000000000003,0.0380301048982626
2250797879,Looduskaitse ja riigikaitse – teineteist võimendavad jõud_,-1,5,916.2799999999996,0.1743917709192376
2250797879,Looduskaitse ja riigikaitse – teineteist võimendavad jõud_,66,1,219.07999999999996,0.0416965874765209
2250797879,Looduskaitse ja riigikaitse – teineteist võimendavad jõud_,81,14,2595.066999999999,0.4939083356442062
2250797879,Looduskaitse ja riigikaitse – teineteist võimendavad jõud_,146,1,182.40000000000003,0.0347154352552374
2250797879,Looduskaitse ja riigikaitse – teineteist võimendavad jõud_,151,1,180.12000000000037,0.034281492314547
2250797879,Looduskaitse ja riigikaitse – teineteist võimendavad jõud_,161,1,180.1600000000003,0.0342891053485942
2250797879,Looduskaitse ja riigikaitse – teineteist võimendavad jõud_,251,2,364.0399999999997,0.069286222863578
2250797879,Looduskaitse ja riigikaitse – teineteist võimendavad jõud_,259,4,715.8799999999998,0.1362504703427597
2250797879,Looduskaitse ja riigikaitse – teineteist võimendavad jõud_,294,1,182.64000000000036,0.0347611134595207
2250797882,Meedia roll progressiivsete teemade kajastamisel,-1,16,2928.12,0.5905895588932627
2250797882,Meedia roll progressiivsete teemade kajastamisel,16,5,886.0009999999993,0.1787026965319007
2250797882,Meedia roll progressiivsete teemade kajastamisel,31,2,371.44000000000005,0.0749178946748471
2250797882,Meedia roll progressiivsete teemade kajastamisel,42,2,384.51999999999975,0.0775560759755874
2250797882,Meedia roll progressiivsete teemade kajastamisel,81,1,187.5999999999999,0.0378381354754504
2250797882,Meedia roll progressiivsete teemade kajastamisel,118,1,180.92000000000007,0.0364908074105464
2250797882,Meedia roll progressiivsete teemade kajastamisel,258,1,185.4000000000001,0.0373944046756317
2250797888,Rohkem kui kondoom ja video. Seksuaalhariduse tulevik Eestis,-1,3,519.8400000000001,0.099766914977224
2250797888,Rohkem kui kondoom ja video. Seksuaalhariduse tulevik Eestis,39,18,3133.1600000000008,0.6013113791359638
2250797888,Rohkem kui kondoom ja video. Seksuaalhariduse tulevik Eestis,141,1,182.8800000000001,0.0350980559615165
2250797888,Rohkem kui kondoom ja video. Seksuaalhariduse tulevik Eestis,162,8,1326.9049999999995,0.2546576221873143
2250797888,Rohkem kui kondoom ja video. Seksuaalhariduse tulevik Eestis,281,1,183.48000000000047,0.0352132070637525
2254333406,"Kuhu pöörad, rohepööre_",-1,12,2275.6,0.396981780113334
2254333406,"Kuhu pöörad, rohepööre_",62,2,369.76,0.0645051779815022
2254333406,"Kuhu pöörad, rohepööre_",92,1,198.96000000000004,0.0347088657810463
2254333406,"Kuhu pöörad, rohepööre_",117,1,191.20000000000027,0.0333551223227586
2254333406,"Kuhu pöörad, rohepööre_",151,1,188.23999999999975,0.0328387459520715
2254333406,"Kuhu pöörad, rohepööre_",158,3,538.7999999999997,0.0939944555831711
2254333406,"Kuhu pöörad, rohepööre_",167,1,184.3199999999997,0.0321548961638643
2254333406,"Kuhu pöörad, rohepööre_",184,6,1170.2399999999996,0.2041500959570346
2254333406,"Kuhu pöörad, rohepööre_",192,1,185.44000000000003,0.0323502818176378
2254333406,"Kuhu pöörad, rohepööre_",242,2,354.8130000000001,0.0618976517610091
2254333406,"Kuhu pöörad, rohepööre_",294,1,181.52000000000044,0.0316664320294307
2254333406,"Kuhu pöörad, rohepööre_",327,1,183.1199999999999,0.0319455543919641
2254333409,Kust tuleb raha aastal 2040_,-1,13,2226.920000000001,0.4226520805022663
2254333409,Kust tuleb raha aastal 2040_,8,1,183.27999999999972,0.0347851172536306
2254333409,Kust tuleb raha aastal 2040_,15,1,225.24,0.0427487986152759
2254333409,Kust tuleb raha aastal 2040_,54,3,558.6400000000001,0.1060255232571381
2254333409,Kust tuleb raha aastal 2040_,86,1,180.0,0.0341625987868481
2254333409,Kust tuleb raha aastal 2040_,158,1,185.20000000000076,0.0351495183073572
2254333409,Kust tuleb raha aastal 2040_,160,1,181.76,0.0344966330860973
2254333409,Kust tuleb raha aastal 2040_,241,3,539.6799999999997,0.10242706285159
2254333409,Kust tuleb raha aastal 2040_,278,2,349.7199999999998,0.0663741335985362
2254333409,Kust tuleb raha aastal 2040_,318,1,186.27999999999972,0.0353544939000781
2254333409,Kust tuleb raha aastal 2040_,321,2,367.3599999999997,0.0697220682796473
2254333409,Kust tuleb raha aastal 2040_,340,2,360.8800000000001,0.0684922147233209
2254333412,Millist väliruumi ootame oma linnadesse_ LIFE Tartu ROHEringiga.alp,-1,14,2596.3880000000004,0.459815378773872
2254333412,Millist väliruumi ootame oma linnadesse_ LIFE Tartu ROHEringiga.alp,153,1,183.92000000000007,0.0325718823473573
2254333412,Millist väliruumi ootame oma linnadesse_ LIFE Tartu ROHEringiga.alp,156,9,1587.4799999999996,0.2811396900216555
2254333412,Millist väliruumi ootame oma linnadesse_ LIFE Tartu ROHEringiga.alp,185,1,184.1199999999999,0.0326073019671348
2254333412,Millist väliruumi ootame oma linnadesse_ LIFE Tartu ROHEringiga.alp,251,1,203.24000000000024,0.0359934176178606
2254333412,Millist väliruumi ootame oma linnadesse_ LIFE Tartu ROHEringiga.alp,323,6,1089.92,0.1930227599392766
2254333415,Hakkab looma! Unistades loome Eesti tulevikku,-1,6,1093.8000000000004,0.213322078893674
2254333415,Hakkab looma! Unistades loome Eesti tulevikku,9,2,356.7600000000002,0.0695783368678983
2254333415,Hakkab looma! Unistades loome Eesti tulevikku,27,1,181.84000000000012,0.0354639667453151
2254333415,Hakkab looma! Unistades loome Eesti tulevikku,102,14,2513.2400000000007,0.4901532104212263
2254333415,Hakkab looma! Unistades loome Eesti tulevikku,146,2,366.4799999999998,0.071474013048961
2254333415,Hakkab looma! Unistades loome Eesti tulevikku,207,1,180.03999999999996,0.0351129156006738
2254333415,Hakkab looma! Unistades loome Eesti tulevikku,296,1,98.13799999999992,0.019139698462669
2254333415,Hakkab looma! Unistades loome Eesti tulevikku,322,2,354.68000000000006,0.0691726777674239
2254333415,Hakkab looma! Unistades loome Eesti tulevikku,328,1,180.07999999999993,0.0351207167372214
2258666735,Milliseid lasteraamatuid tahame – lastega ja lastele,-1,2,372.859,1.0
2258666738,Mitmekultuuriline maailm Eesti koolis,-1,7,1326.7599999999998,0.253466160636061
2258666738,Mitmekultuuriline maailm Eesti koolis,52,4,768.9200000000001,0.1468955954628418
2258666738,Mitmekultuuriline maailm Eesti koolis,75,10,1791.8660000000004,0.3423206875352711
2258666738,Mitmekultuuriline maailm Eesti koolis,263,4,837.0399999999996,0.1599093393671865
2258666738,Mitmekultuuriline maailm Eesti koolis,272,4,740.2800000000007,0.1414241681959536
2258666741,Me paneme selle muuseumi kinni!,35,20,3530.08,0.8395731069660869
2258666741,Me paneme selle muuseumi kinni!,262,4,758.8530000000001,0.1804810573529597
2258666744,Rahvus: inimene,-1,5,951.4400000000004,0.2298177018857834
2258666744,Rahvus: inimene,9,1,108.17700000000012,0.0261298553107904
2258666744,Rahvus: inimene,53,4,777.2000000000003,0.1877305115463202
2258666744,Rahvus: inimene,75,2,420.76,0.1016334148716285
2258666744,Rahvus: inimene,148,3,603.7999999999997,0.1458462208848019
2258666744,Rahvus: inimene,209,2,400.7999999999997,0.0968121320480765
2258666744,Rahvus: inimene,252,3,648.04,0.156532270589909
2258666744,Rahvus: inimene,263,1,201.68,0.0487152464856688
2258666744,Rahvus: inimene,317,1,194.76,0.0470437396149785
2258666747,"Kaua säilib Eesti kultuur, kui meid saab olema nii vähe",-1,7,1331.9199999999998,0.2529354235308639
2258666747,"Kaua säilib Eesti kultuur, kui meid saab olema nii vähe",11,1,185.7599999999993,0.0352763561438322
2258666747,"Kaua säilib Eesti kultuur, kui meid saab olema nii vähe",19,1,180.55999999999997,0.0342888612474719
2258666747,"Kaua säilib Eesti kultuur, kui meid saab olema nii vähe",50,2,353.9200000000001,0.0672104218692139
2258666747,"Kaua säilib Eesti kultuur, kui meid saab olema nii vähe",52,13,2357.53,0.4477017005801532
2258666747,"Kaua säilib Eesti kultuur, kui meid saab olema nii vähe",53,1,182.08000000000013,0.0345775136017927
2258666747,"Kaua säilib Eesti kultuur, kui meid saab olema nii vähe",209,2,380.28,0.0722162613823029
2258666747,"Kaua säilib Eesti kultuur, kui meid saab olema nii vähe",317,1,184.08000000000004,0.0349573193311621
2258666747,"Kaua säilib Eesti kultuur, kui meid saab olema nii vähe",328,2,353.75999999999976,0.0671800374108643
2267420987,Kliimatark metsandus. Kuidas kohaneda ja tegutseda muutuvas keskkonnas_,-1,16,2873.6399999999994,0.5073138076022923
2267420987,Kliimatark metsandus. Kuidas kohaneda ja tegutseda muutuvas keskkonnas_,46,1,196.8800000000001,0.0347572912545549
2267420987,Kliimatark metsandus. Kuidas kohaneda ja tegutseda muutuvas keskkonnas_,66,1,182.52,0.0322221698485441
2267420987,Kliimatark metsandus. Kuidas kohaneda ja tegutseda muutuvas keskkonnas_,94,14,2468.903,0.4358613401576824
2267420987,Kliimatark metsandus. Kuidas kohaneda ja tegutseda muutuvas keskkonnas_,300,1,180.35999999999967,0.0318408423947151
2267420990,Püsimetsandus – kas kesktee metsakaitse ja metsamajanduse vahel_,-1,12,2071.477999999999,0.3633433769069369
2267420990,Püsimetsandus – kas kesktee metsakaitse ja metsamajanduse vahel_,58,19,3389.4400000000005,0.5945178155034468
2267420990,Püsimetsandus – kas kesktee metsakaitse ja metsamajanduse vahel_,66,2,408.0799999999999,0.0715784407308129
2267420993,"Mõõdame eurodes, mitte tihumeetrites",-1,10,1826.96,0.4931647808391975
2267420993,"Mõõdame eurodes, mitte tihumeetrites",0,1,184.6400000000001,0.049841236334758
2267420993,"Mõõdame eurodes, mitte tihumeetrites",62,1,183.4000000000001,0.0495065139936883
2267420993,"Mõõdame eurodes, mitte tihumeetrites",86,1,190.84000000000012,0.0515148480401062
2267420993,"Mõõdame eurodes, mitte tihumeetrites",108,4,725.9600000000002,0.1959637344539694
2267420993,"Mõõdame eurodes, mitte tihumeetrites",124,1,210.08300000000008,0.0567092528862378
2267420993,"Mõõdame eurodes, mitte tihumeetrites",125,1,184.92000000000007,0.0499168187988705
2267420993,"Mõõdame eurodes, mitte tihumeetrites",192,1,205.2800000000002,0.0554127436893367
2267420993,"Mõõdame eurodes, mitte tihumeetrites",301,1,182.96000000000004,0.0493877415500829
2267420996,"Eesti inimesed soovivad, ökoloogid soovitavad ja prognoosid näitavad, et raiemahtu peaks vähendama. Mis seda takistab_",-1,13,2296.992,0.3942689538121839
2267420996,"Eesti inimesed soovivad, ökoloogid soovitavad ja prognoosid näitavad, et raiemahtu peaks vähendama. Mis seda takistab_",66,7,1266.400000000001,0.2173721994276645
2267420996,"Eesti inimesed soovivad, ökoloogid soovitavad ja prognoosid näitavad, et raiemahtu peaks vähendama. Mis seda takistab_",199,9,1718.0400000000004,0.2948942936708028
2267420996,"Eesti inimesed soovivad, ökoloogid soovitavad ja prognoosid näitavad, et raiemahtu peaks vähendama. Mis seda takistab_",300,3,571.56,0.0981058546311401
2267420996,"Eesti inimesed soovivad, ökoloogid soovitavad ja prognoosid näitavad, et raiemahtu peaks vähendama. Mis seda takistab_",301,1,182.07999999999996,0.0312532612695744
2267420999,Kas tulevikumetsad vajavad rangemat kaitset või paindlikumat majandamist_,-1,17,3103.515000000001,0.6229162213344014
2267420999,Kas tulevikumetsad vajavad rangemat kaitset või paindlikumat majandamist_,66,4,737.8,0.1480861500912743
2267420999,Kas tulevikumetsad vajavad rangemat kaitset või paindlikumat majandamist_,81,1,197.3199999999997,0.0396047155543646
2267420999,Kas tulevikumetsad vajavad rangemat kaitset või paindlikumat majandamist_,192,1,180.4000000000001,0.0362086493310733
2267420999,Kas tulevikumetsad vajavad rangemat kaitset või paindlikumat majandamist_,259,1,182.7199999999998,0.0366743038014063
2267420999,Kas tulevikumetsad vajavad rangemat kaitset või paindlikumat majandamist_,301,4,756.8399999999997,0.1519077281581458
2271676346,Ajateenistuse tulevikuvaade – kuhu liigume ja miks_,-1,4,827.9200000000005,0.1488651352933646
2271676346,Ajateenistuse tulevikuvaade – kuhu liigume ja miks_,64,11,2135.2239999999997,0.3839264779708655
2271676346,Ajateenistuse tulevikuvaade – kuhu liigume ja miks_,74,1,189.48,0.0340696756152608
2271676346,Ajateenistuse tulevikuvaade – kuhu liigume ja miks_,154,1,184.44000000000003,0.0331634524513336
2271676346,Ajateenistuse tulevikuvaade – kuhu liigume ja miks_,176,1,182.52,0.0328182245793614
2271676346,Ajateenistuse tulevikuvaade – kuhu liigume ja miks_,224,8,1649.9600000000007,0.2966730102288143
2271676346,Ajateenistuse tulevikuvaade – kuhu liigume ja miks_,270,1,197.07999999999996,0.0354362026084842
2271676346,Ajateenistuse tulevikuvaade – kuhu liigume ja miks_,274,1,214.72000000000023,0.0386079836822293
2271676346,Ajateenistuse tulevikuvaade – kuhu liigume ja miks_,293,1,214.48,0.0385648301982327
2271676349,Millised on minu kui kodaniku võimalused toetada laiapõhjalist riigikaitset,-1,9,1629.4000000000003,0.2806569101041828
2271676349,Millised on minu kui kodaniku võimalused toetada laiapõhjalist riigikaitset,48,1,180.48,0.0310868780751214
2271676349,Millised on minu kui kodaniku võimalused toetada laiapõhjalist riigikaitset,51,1,184.4400000000005,0.0317689704796953
2271676349,Millised on minu kui kodaniku võimalused toetada laiapõhjalist riigikaitset,64,1,181.44000000000003,0.0312522338095636
2271676349,Millised on minu kui kodaniku võimalused toetada laiapõhjalist riigikaitset,84,1,182.92000000000007,0.0315071572334952
2271676349,Millised on minu kui kodaniku võimalused toetada laiapõhjalist riigikaitset,89,9,1637.7999999999995,0.2821037727805514
2271676349,Millised on minu kui kodaniku võimalused toetada laiapõhjalist riigikaitset,126,1,186.44000000000003,0.0321134615931163
2271676349,Millised on minu kui kodaniku võimalused toetada laiapõhjalist riigikaitset,161,1,113.26499999999942,0.0195093929808212
2271676349,Millised on minu kui kodaniku võimalused toetada laiapõhjalist riigikaitset,164,2,357.0,0.0614916637456691
2271676349,Millised on minu kui kodaniku võimalused toetada laiapõhjalist riigikaitset,176,2,366.9999999999998,0.0632141193127746
2271676349,Millised on minu kui kodaniku võimalused toetada laiapõhjalist riigikaitset,274,6,1085.2400000000002,0.1869277679645657
2271676352,Ajalugu oleviku teejuhina – kristallkuul või kõverpeegel_,-1,5,890.1199999999999,0.1601136833774036
2271676352,Ajalugu oleviku teejuhina – kristallkuul või kõverpeegel_,14,3,553.52,0.0995664921842678
2271676352,Ajalugu oleviku teejuhina – kristallkuul või kõverpeegel_,112,1,182.76000000000025,0.0328746424909611
2271676352,Ajalugu oleviku teejuhina – kristallkuul või kõverpeegel_,113,14,2528.36,0.454798265968737
2271676352,Ajalugu oleviku teejuhina – kristallkuul või kõverpeegel_,125,1,226.28,0.0407029662007806
2271676352,Ajalugu oleviku teejuhina – kristallkuul või kõverpeegel_,144,1,122.78000000000064,0.0220855143633192
2271676352,Ajalugu oleviku teejuhina – kristallkuul või kõverpeegel_,270,1,185.5999999999999,0.0333854981742305
2271676352,Ajalugu oleviku teejuhina – kristallkuul või kõverpeegel_,292,6,1086.6800000000003,0.1954706527800263
2271676355,Valel on ohtlikud jalad ehk kuidas väärinfo ohustab meie julgeolekut.,-1,15,2716.3370000000014,0.4749324974905661
2271676355,Valel on ohtlikud jalad ehk kuidas väärinfo ohustab meie julgeolekut.,4,1,187.08000000000004,0.0327096275721808
2271676355,Valel on ohtlikud jalad ehk kuidas väärinfo ohustab meie julgeolekut.,11,1,192.07999999999996,0.033583842548987
2271676355,Valel on ohtlikud jalad ehk kuidas väärinfo ohustab meie julgeolekut.,59,3,625.8399999999997,0.1094237402168786
2271676355,Valel on ohtlikud jalad ehk kuidas väärinfo ohustab meie julgeolekut.,126,2,381.5599999999995,0.0667130933100348
2271676355,Valel on ohtlikud jalad ehk kuidas väärinfo ohustab meie julgeolekut.,161,1,181.96000000000004,0.0318144314359313
2271676355,Valel on ohtlikud jalad ehk kuidas väärinfo ohustab meie julgeolekut.,180,1,196.6400000000001,0.0343811266078343
2271676355,Valel on ohtlikud jalad ehk kuidas väärinfo ohustab meie julgeolekut.,221,1,186.52,0.0326117154947785
2271676355,Valel on ohtlikud jalad ehk kuidas väärinfo ohustab meie julgeolekut.,232,2,387.2799999999999,0.0677131952435012
2271676355,Valel on ohtlikud jalad ehk kuidas väärinfo ohustab meie julgeolekut.,270,1,203.36000000000013,0.0355560715366618
2271676355,Valel on ohtlikud jalad ehk kuidas väärinfo ohustab meie julgeolekut.,297,4,705.6800000000003,0.1233832049665202
2271676358,Kaitsekulud Eestis. Ühiskonna roll kaitsevõime tagajana,-1,12,2116.509,0.3952583024899953
2271676358,Kaitsekulud Eestis. Ühiskonna roll kaitsevõime tagajana,27,1,180.23999999999975,0.0336598410121557
2271676358,Kaitsekulud Eestis. Ühiskonna roll kaitsevõime tagajana,89,3,525.5600000000001,0.0981483912691332
2271676358,Kaitsekulud Eestis. Ühiskonna roll kaitsevõime tagajana,116,3,535.4800000000001,0.1000009524255945
2271676358,Kaitsekulud Eestis. Ühiskonna roll kaitsevõime tagajana,126,1,185.72000000000023,0.0346832316510074
2271676358,Kaitsekulud Eestis. Ühiskonna roll kaitsevõime tagajana,164,3,554.2399999999998,0.103504384612612
2271676358,Kaitsekulud Eestis. Ühiskonna roll kaitsevõime tagajana,184,1,181.36000000000013,0.0338690011427239
2271676358,Kaitsekulud Eestis. Ühiskonna roll kaitsevõime tagajana,226,1,181.0,0.0338017711007556
2271676358,Kaitsekulud Eestis. Ühiskonna roll kaitsevõime tagajana,277,6,1113.239999999999,0.2078976997801389
2271676361,"“Kogu rahvas peab sõda. Sõjavägi peab lahinguid.” – Kindralleitnant Nikolai Reek, Sõjavägede staabi ülem 1937.",-1,14,2583.1760000000004,0.4882266578163108
2271676361,"“Kogu rahvas peab sõda. Sõjavägi peab lahinguid.” – Kindralleitnant Nikolai Reek, Sõjavägede staabi ülem 1937.",27,1,186.4000000000001,0.0352300613728837
2271676361,"“Kogu rahvas peab sõda. Sõjavägi peab lahinguid.” – Kindralleitnant Nikolai Reek, Sõjavägede staabi ülem 1937.",48,1,183.72000000000023,0.034723534739411
2271676361,"“Kogu rahvas peab sõda. Sõjavägi peab lahinguid.” – Kindralleitnant Nikolai Reek, Sõjavägede staabi ülem 1937.",89,2,441.7600000000001,0.083493733433933
2271676361,"“Kogu rahvas peab sõda. Sõjavägi peab lahinguid.” – Kindralleitnant Nikolai Reek, Sõjavägede staabi ülem 1937.",161,1,182.63999999999987,0.0345194120662204
2271676361,"“Kogu rahvas peab sõda. Sõjavägi peab lahinguid.” – Kindralleitnant Nikolai Reek, Sõjavägede staabi ülem 1937.",176,6,1088.2800000000002,0.2056876136849888
2271676361,"“Kogu rahvas peab sõda. Sõjavägi peab lahinguid.” – Kindralleitnant Nikolai Reek, Sõjavägede staabi ülem 1937.",270,3,536.56,0.1014111680806571
2271676361,"“Kogu rahvas peab sõda. Sõjavägi peab lahinguid.” – Kindralleitnant Nikolai Reek, Sõjavägede staabi ülem 1937.",293,2,364.84000000000015,0.0689556630433632
2271676364,"Rahvaarv kahaneb, aga ohud kasvavad. Kas Eesti riigikaitse vajab uut lähenemist_",-1,16,2792.03,0.5654320587621788
2271676364,"Rahvaarv kahaneb, aga ohud kasvavad. Kas Eesti riigikaitse vajab uut lähenemist_",31,1,183.55999999999997,0.0371739231693017
2271676364,"Rahvaarv kahaneb, aga ohud kasvavad. Kas Eesti riigikaitse vajab uut lähenemist_",64,6,1057.44,0.2141490156686992
2271676364,"Rahvaarv kahaneb, aga ohud kasvavad. Kas Eesti riigikaitse vajab uut lähenemist_",89,1,181.0,0.0366554810069928
2271676364,"Rahvaarv kahaneb, aga ohud kasvavad. Kas Eesti riigikaitse vajab uut lähenemist_",121,1,181.5599999999995,0.0367688902299978
2271676364,"Rahvaarv kahaneb, aga ohud kasvavad. Kas Eesti riigikaitse vajab uut lähenemist_",125,1,182.48,0.0369552053820776
2271676364,"Rahvaarv kahaneb, aga ohud kasvavad. Kas Eesti riigikaitse vajab uut lähenemist_",161,1,180.1199999999999,0.0364772665136992
2271676364,"Rahvaarv kahaneb, aga ohud kasvavad. Kas Eesti riigikaitse vajab uut lähenemist_",212,1,182.0,0.0368579974766447
2271676364,"Rahvaarv kahaneb, aga ohud kasvavad. Kas Eesti riigikaitse vajab uut lähenemist_",293,1,183.48,0.0371577218517295
2271676367,"Kui sõda algab, kolin Hispaaniasse_",-1,9,1634.3000000000006,0.2896062149355506
2271676367,"Kui sõda algab, kolin Hispaaniasse_",9,4,720.9600000000006,0.1277577536070089
2271676367,"Kui sõda algab, kolin Hispaaniasse_",89,1,183.67999999999984,0.0325490237773737
2271676367,"Kui sõda algab, kolin Hispaaniasse_",121,1,181.04,0.0320812024425944
2271676367,"Kui sõda algab, kolin Hispaaniasse_",126,1,180.55999999999997,0.031996144018089
2271676367,"Kui sõda algab, kolin Hispaaniasse_",161,1,181.92000000000007,0.0322371428875208
2271676367,"Kui sõda algab, kolin Hispaaniasse_",164,2,362.2000000000007,0.0641836694913153
2271676367,"Kui sõda algab, kolin Hispaaniasse_",168,2,362.5600000000004,0.0642474633096942
2271676367,"Kui sõda algab, kolin Hispaaniasse_",176,2,352.59999999999945,0.0624825010012084
2271676367,"Kui sõda algab, kolin Hispaaniasse_",189,1,183.5999999999999,0.0325348473732895
2271676367,"Kui sõda algab, kolin Hispaaniasse_",197,9,1569.3199999999997,0.2780914307181411
2277338243,Maailmahariduslik mälumäng ja mõtteharjutused koos Ivo Linnaga,-1,14,2835.28,0.590836212203241
2277338243,Maailmahariduslik mälumäng ja mõtteharjutused koos Ivo Linnaga,14,1,255.48000000000047,0.0532387755331693
2277338243,Maailmahariduslik mälumäng ja mõtteharjutused koos Ivo Linnaga,25,1,185.1199999999999,0.0385766483744335
2277338243,Maailmahariduslik mälumäng ja mõtteharjutused koos Ivo Linnaga,84,1,183.1200000000001,0.0381598738673632
2277338243,Maailmahariduslik mälumäng ja mõtteharjutused koos Ivo Linnaga,151,1,241.92000000000007,0.0504130443752321
2277338243,Maailmahariduslik mälumäng ja mõtteharjutused koos Ivo Linnaga,168,2,445.1199999999999,0.0927573342935817
2277338243,Maailmahariduslik mälumäng ja mõtteharjutused koos Ivo Linnaga,189,1,223.96000000000004,0.0466704093017401
2277338243,Maailmahariduslik mälumäng ja mõtteharjutused koos Ivo Linnaga,200,2,444.56,0.092640637431602
2277338243,Maailmahariduslik mälumäng ja mõtteharjutused koos Ivo Linnaga,212,1,153.9979999999996,0.0320912202699114
2277338246,Ettevõtjad ja noored - kas parallelmaailmad või partnerid ettevõtliku tulevikupõlvkonna kujundamisel_,-1,15,2630.6400000000003,0.4790056295871157
2277338246,Ettevõtjad ja noored - kas parallelmaailmad või partnerid ettevõtliku tulevikupõlvkonna kujundamisel_,8,1,180.72000000000023,0.0329067821438827
2277338246,Ettevõtjad ja noored - kas parallelmaailmad või partnerid ettevõtliku tulevikupõlvkonna kujundamisel_,83,1,184.7599999999993,0.0336424140598923
2277338246,Ettevõtjad ja noored - kas parallelmaailmad või partnerid ettevõtliku tulevikupõlvkonna kujundamisel_,88,2,347.8799999999999,0.0633444631043266
2277338246,Ettevõtjad ja noored - kas parallelmaailmad või partnerid ettevõtliku tulevikupõlvkonna kujundamisel_,101,1,165.4370000000008,0.0301239448734923
2277338246,Ettevõtjad ja noored - kas parallelmaailmad või partnerid ettevõtliku tulevikupõlvkonna kujundamisel_,137,1,180.23999999999975,0.0328193803320795
2277338246,Ettevõtjad ja noored - kas parallelmaailmad või partnerid ettevõtliku tulevikupõlvkonna kujundamisel_,177,1,183.12000000000037,0.0333437912028984
2277338246,Ettevõtjad ja noored - kas parallelmaailmad või partnerid ettevõtliku tulevikupõlvkonna kujundamisel_,222,3,546.8399999999996,0.0995725140967286
2277338246,Ettevõtjad ja noored - kas parallelmaailmad või partnerid ettevõtliku tulevikupõlvkonna kujundamisel_,276,7,1293.0,0.2354386305447117
2277338249,Kas lapsi saab panna liikuma_,-1,5,883.3600000000001,0.1683961381131992
2277338249,Kas lapsi saab panna liikuma_,9,1,182.39999999999984,0.0347711641820407
2277338249,Kas lapsi saab panna liikuma_,105,12,2045.8459999999995,0.3900024515195799
2277338249,Kas lapsi saab panna liikuma_,127,8,1403.92,0.2676312106274708
2277338249,Kas lapsi saab panna liikuma_,177,4,720.2399999999993,0.1373003469872424
2277338249,Kas lapsi saab panna liikuma_,207,1,182.8399999999997,0.0348550419903745
2280202454,Oskusi kombineerides saame tõenäolisemalt olümpiavõitjaks,-1,9,1487.393,0.2785383801064908
2280202454,Oskusi kombineerides saame tõenäolisemalt olümpiavõitjaks,0,11,1932.5599999999995,0.361903096127654
2280202454,Oskusi kombineerides saame tõenäolisemalt olümpiavõitjaks,4,1,182.63999999999945,0.0342022920254763
2280202454,Oskusi kombineerides saame tõenäolisemalt olümpiavõitjaks,51,1,182.0,0.0340824416811033
2280202454,Oskusi kombineerides saame tõenäolisemalt olümpiavõitjaks,125,1,182.8,0.0342322546115697
2280202454,Oskusi kombineerides saame tõenäolisemalt olümpiavõitjaks,177,6,1053.6800000000003,0.19731861071728
2280202454,Oskusi kombineerides saame tõenäolisemalt olümpiavõitjaks,181,1,181.96000000000004,0.03407495103458
2280202454,Oskusi kombineerides saame tõenäolisemalt olümpiavõitjaks,266,2,363.9999999999996,0.0681648833622065
2280202457,Naised ettevõtluses sotsiodraama_ Kuidas tappa ettevõtjat_,-1,7,1257.139,0.2761620314139668
2280202457,Naised ettevõtluses sotsiodraama_ Kuidas tappa ettevõtjat_,22,1,195.04,0.0428454153494403
2280202457,Naised ettevõtluses sotsiodraama_ Kuidas tappa ettevõtjat_,50,1,184.52,0.0405344341687793
2280202457,Naised ettevõtluses sotsiodraama_ Kuidas tappa ettevõtjat_,54,1,182.48,0.0400862971337462
2280202457,Naised ettevõtluses sotsiodraama_ Kuidas tappa ettevõtjat_,65,3,551.24,0.1210936564664966
2280202457,Naised ettevõtluses sotsiodraama_ Kuidas tappa ettevõtjat_,109,11,2043.32,0.4488663560901274
2280202457,Naised ettevõtluses sotsiodraama_ Kuidas tappa ettevõtjat_,246,1,182.27999999999972,0.0400423621303116
2280202457,Naised ettevõtluses sotsiodraama_ Kuidas tappa ettevõtjat_,321,1,185.9199999999996,0.0408419791928216
2280202460,Tööstusinvesteeringud ja energiajulgeolek. Kuidas tagada tööstuse edukas tulevik muutuvas geopoliitilises olukorras_,-1,9,1583.6399999999994,0.288907480792589
2280202460,Tööstusinvesteeringud ja energiajulgeolek. Kuidas tagada tööstuse edukas tulevik muutuvas geopoliitilises olukorras_,0,1,181.36000000000013,0.033085966960006
2280202460,Tööstusinvesteeringud ja energiajulgeolek. Kuidas tagada tööstuse edukas tulevik muutuvas geopoliitilises olukorras_,15,3,532.4799999999998,0.0971416833197177
2280202460,Tööstusinvesteeringud ja energiajulgeolek. Kuidas tagada tööstuse edukas tulevik muutuvas geopoliitilises olukorras_,29,1,180.79999999999995,0.032983804732957
2280202460,Tööstusinvesteeringud ja energiajulgeolek. Kuidas tagada tööstuse edukas tulevik muutuvas geopoliitilises olukorras_,30,1,181.27999999999972,0.0330713723561418
2280202460,Tööstusinvesteeringud ja energiajulgeolek. Kuidas tagada tööstuse edukas tulevik muutuvas geopoliitilises olukorras_,54,3,534.8799999999997,0.0975795214356419
2280202460,Tööstusinvesteeringud ja energiajulgeolek. Kuidas tagada tööstuse edukas tulevik muutuvas geopoliitilises olukorras_,108,4,610.0379999999996,0.1112907869009051
2280202460,Tööstusinvesteeringud ja energiajulgeolek. Kuidas tagada tööstuse edukas tulevik muutuvas geopoliitilises olukorras_,136,4,704.3199999999997,0.1284908924198911
2280202460,Tööstusinvesteeringud ja energiajulgeolek. Kuidas tagada tööstuse edukas tulevik muutuvas geopoliitilises olukorras_,187,1,180.76000000000025,0.032976507431025
2280202460,Tööstusinvesteeringud ja energiajulgeolek. Kuidas tagada tööstuse edukas tulevik muutuvas geopoliitilises olukorras_,195,2,363.6000000000004,0.0663324745625176
2280202460,Tööstusinvesteeringud ja energiajulgeolek. Kuidas tagada tööstuse edukas tulevik muutuvas geopoliitilises olukorras_,223,2,366.40000000000055,0.0668432856977626
2280202460,Tööstusinvesteeringud ja energiajulgeolek. Kuidas tagada tööstuse edukas tulevik muutuvas geopoliitilises olukorras_,268,1,182.76000000000025,0.0333413725276285
2280202460,Tööstusinvesteeringud ja energiajulgeolek. Kuidas tagada tööstuse edukas tulevik muutuvas geopoliitilises olukorras_,278,1,182.24,0.0332465076025115
2280202463,Kohalikud bioressursid majanduse hüvanguks. Miks on see päriselus nii raske_,-1,15,2601.4249999999997,0.4778144615822606
2280202463,Kohalikud bioressursid majanduse hüvanguks. Miks on see päriselus nii raske_,8,1,180.7199999999998,0.0331935879362834
2280202463,Kohalikud bioressursid majanduse hüvanguks. Miks on see päriselus nii raske_,22,3,530.48,0.0974354500245664
2280202463,Kohalikud bioressursid majanduse hüvanguks. Miks on see päriselus nii raske_,108,1,184.6,0.0339062435427065
2280202463,Kohalikud bioressursid majanduse hüvanguks. Miks on see päriselus nii raske_,122,1,180.1199999999999,0.0330833834610633
2280202463,Kohalikud bioressursid majanduse hüvanguks. Miks on see päriselus nii raske_,167,1,183.27999999999972,0.0336637936972223
2280202463,Kohalikud bioressursid majanduse hüvanguks. Miks on see päriselus nii raske_,185,1,183.55999999999997,0.033715222452325
2280202463,Kohalikud bioressursid majanduse hüvanguks. Miks on see päriselus nii raske_,227,8,1426.96,0.2620956299333722
2280202463,Kohalikud bioressursid majanduse hüvanguks. Miks on see päriselus nii raske_,327,1,181.5599999999995,0.0333478742015914
2280202466,Kas Eestist võiks saada uute keskkonnasõbralike kütuste tootja_,-1,3,534.2399999999993,0.1044415619706344
2280202466,Kas Eestist võiks saada uute keskkonnasõbralike kütuste tootja_,44,12,2120.405,0.4145298184530238
2280202466,Kas Eestist võiks saada uute keskkonnasõbralike kütuste tootja_,103,12,2160.7999999999997,0.4224268626575082
2280202466,Kas Eestist võiks saada uute keskkonnasõbralike kütuste tootja_,158,1,227.1600000000003,0.0444087773608291
2280202466,Kas Eestist võiks saada uute keskkonnasõbralike kütuste tootja_,242,1,215.15999999999983,0.0420628303264482
2280202469,Eesti Looduskapital. Kas roheinvestori järgmine edulugu või riiklikult pidurdatud potentsiaal_,-1,8,1486.9599999999996,0.2830609631108531
2280202469,Eesti Looduskapital. Kas roheinvestori järgmine edulugu või riiklikult pidurdatud potentsiaal_,111,14,2519.8640000000005,0.4796868313528051
2280202469,Eesti Looduskapital. Kas roheinvestori järgmine edulugu või riiklikult pidurdatud potentsiaal_,151,1,182.39999999999984,0.0347220635870632
2280202469,Eesti Looduskapital. Kas roheinvestori järgmine edulugu või riiklikult pidurdatud potentsiaal_,298,1,181.4399999999996,0.0345393158839734
2280202469,Eesti Looduskapital. Kas roheinvestori järgmine edulugu või riiklikult pidurdatud potentsiaal_,299,6,1125.0800000000002,0.2141726935336248
2280202472,Rändepööre - võimalus või identiteedikriis_,-1,6,1069.5199999999998,0.1873994575592408
2280202472,Rändepööre - võimalus või identiteedikriis_,33,16,2969.4800000000005,0.5203071856842459
2280202472,Rändepööre - võimalus või identiteedikriis_,53,4,649.767,0.1138510578015327
2280202472,Rändepööre - võimalus või identiteedikriis_,117,3,540.9600000000003,0.0947860821314673
2280202472,Rändepööre - võimalus või identiteedikriis_,126,1,180.96000000000004,0.0317075004113249
2280202472,Rändepööre - võimalus või identiteedikriis_,148,2,365.0,0.0639546731329221
2280202472,Rändepööre - võimalus või identiteedikriis_,263,1,182.19999999999985,0.0319247710816942
2280202475,"Kes ütles, et tehnoloogiasektoris töötamine pole naistele_",-1,8,1447.0800000000004,0.2684538857154624
2280202475,"Kes ütles, et tehnoloogiasektoris töötamine pole naistele_",0,20,3428.223000000001,0.6359840405845701
2280202475,"Kes ütles, et tehnoloogiasektoris töötamine pole naistele_",32,1,180.03999999999996,0.0333999762170797
2280202475,"Kes ütles, et tehnoloogiasektoris töötamine pole naistele_",195,2,363.2400000000002,0.0673861773000004
2280202475,"Kes ütles, et tehnoloogiasektoris töötamine pole naistele_",213,1,184.79999999999973,0.0342830237998019
2289585014,Küberkurjategija mõtteviis. Kuidas mõelda nagu häkker_,-1,5,858.5749999999998,0.1585053247413782
2289585014,Küberkurjategija mõtteviis. Kuidas mõelda nagu häkker_,11,25,4315.4400000000005,0.7966924480702717
2289585014,Küberkurjategija mõtteviis. Kuidas mõelda nagu häkker_,59,1,181.67999999999984,0.0335407476330123
2289585014,Küberkurjategija mõtteviis. Kuidas mõelda nagu häkker_,225,1,181.44000000000003,0.0334964401724668
2289585017,Vanematega kohtupinki – digilaste tulevik_,-1,5,892.0,0.1688239669468412
2289585017,Vanematega kohtupinki – digilaste tulevik_,68,6,1084.2799999999993,0.2052157521088799
2289585017,Vanematega kohtupinki – digilaste tulevik_,170,11,1945.84,0.3682785065513919
2289585017,Vanematega kohtupinki – digilaste tulevik_,179,3,534.8399999999997,0.1012262449348077
2289585017,Vanematega kohtupinki – digilaste tulevik_,265,6,1055.0100000000002,0.1996759791127657
2289585020,"Zoomer vs Boomer. Arija ja Marii Laser Techist võtavad ette sotsiaalmeedias levinud trendid ja vaidlevad selgeks, miks mingi asi trendib.",-1,9,1556.2079999999996,0.2865138502461921
2289585020,"Zoomer vs Boomer. Arija ja Marii Laser Techist võtavad ette sotsiaalmeedias levinud trendid ja vaidlevad selgeks, miks mingi asi trendib.",36,2,365.8399999999999,0.0673548953443671
2289585020,"Zoomer vs Boomer. Arija ja Marii Laser Techist võtavad ette sotsiaalmeedias levinud trendid ja vaidlevad selgeks, miks mingi asi trendib.",68,3,558.7600000000002,0.102873445557125
2289585020,"Zoomer vs Boomer. Arija ja Marii Laser Techist võtavad ette sotsiaalmeedias levinud trendid ja vaidlevad selgeks, miks mingi asi trendib.",75,2,352.79999999999995,0.0649540976314583
2289585020,"Zoomer vs Boomer. Arija ja Marii Laser Techist võtavad ette sotsiaalmeedias levinud trendid ja vaidlevad selgeks, miks mingi asi trendib.",141,1,181.9599999999998,0.0335007018282884
2289585020,"Zoomer vs Boomer. Arija ja Marii Laser Techist võtavad ette sotsiaalmeedias levinud trendid ja vaidlevad selgeks, miks mingi asi trendib.",179,5,897.3599999999999,0.1652131775809679
2289585020,"Zoomer vs Boomer. Arija ja Marii Laser Techist võtavad ette sotsiaalmeedias levinud trendid ja vaidlevad selgeks, miks mingi asi trendib.",181,5,887.2400000000009,0.163349981809907
2289585020,"Zoomer vs Boomer. Arija ja Marii Laser Techist võtavad ette sotsiaalmeedias levinud trendid ja vaidlevad selgeks, miks mingi asi trendib.",190,1,181.80000000000015,0.0334712441876393
2289585020,"Zoomer vs Boomer. Arija ja Marii Laser Techist võtavad ette sotsiaalmeedias levinud trendid ja vaidlevad selgeks, miks mingi asi trendib.",221,2,370.4,0.068194438102869
2289585020,"Zoomer vs Boomer. Arija ja Marii Laser Techist võtavad ette sotsiaalmeedias levinud trendid ja vaidlevad selgeks, miks mingi asi trendib.",291,2,352.15999999999985,0.0648362670688616
2289585023,TI-hüppe ootuses. Kas Eesti haridus on valmis tehisintellekti revolutsiooniks_,-1,9,1645.5570000000002,0.3068811160798457
2289585023,TI-hüppe ootuses. Kas Eesti haridus on valmis tehisintellekti revolutsiooniks_,0,2,386.2399999999998,0.0720301771829718
2289585023,TI-hüppe ootuses. Kas Eesti haridus on valmis tehisintellekti revolutsiooniks_,20,1,181.0,0.0337548210183251
2289585023,TI-hüppe ootuses. Kas Eesti haridus on valmis tehisintellekti revolutsiooniks_,36,1,180.1199999999999,0.0335907091813299
2289585023,TI-hüppe ootuses. Kas Eesti haridus on valmis tehisintellekti revolutsiooniks_,56,3,564.7200000000003,0.1053150415771744
2289585023,TI-hüppe ootuses. Kas Eesti haridus on valmis tehisintellekti revolutsiooniks_,72,4,695.1600000000001,0.1296408915972315
2289585023,TI-hüppe ootuses. Kas Eesti haridus on valmis tehisintellekti revolutsiooniks_,83,1,183.07999999999996,0.03414272172395
2289585023,TI-hüppe ootuses. Kas Eesti haridus on valmis tehisintellekti revolutsiooniks_,93,2,365.1200000000004,0.0680914930950877
2289585023,TI-hüppe ootuses. Kas Eesti haridus on valmis tehisintellekti revolutsiooniks_,135,1,186.43999999999997,0.0347693305561134
2289585023,TI-hüppe ootuses. Kas Eesti haridus on valmis tehisintellekti revolutsiooniks_,149,2,367.3199999999997,0.0685017726875756
2289585023,TI-hüppe ootuses. Kas Eesti haridus on valmis tehisintellekti revolutsiooniks_,214,2,357.3599999999997,0.0666443250779484
2289585023,TI-hüppe ootuses. Kas Eesti haridus on valmis tehisintellekti revolutsiooniks_,267,3,545.9999999999998,0.1018239352265498
2289585026,Kuidas kaitsta lapsi AI-ajastul internetis kurjade kavatsustega inimeste eest_,-1,11,1964.8,0.3783559885407125
2289585026,Kuidas kaitsta lapsi AI-ajastul internetis kurjade kavatsustega inimeste eest_,68,5,899.9599999999997,0.173302756233255
2289585026,Kuidas kaitsta lapsi AI-ajastul internetis kurjade kavatsustega inimeste eest_,72,2,368.72,0.0710033693478886
2289585026,Kuidas kaitsta lapsi AI-ajastul internetis kurjade kavatsustega inimeste eest_,100,2,353.5999999999999,0.0680917536380272
2289585026,Kuidas kaitsta lapsi AI-ajastul internetis kurjade kavatsustega inimeste eest_,135,2,367.8399999999999,0.0708339102324998
2289585026,Kuidas kaitsta lapsi AI-ajastul internetis kurjade kavatsustega inimeste eest_,141,1,180.6400000000001,0.0347853347770736
2289585026,Kuidas kaitsta lapsi AI-ajastul internetis kurjade kavatsustega inimeste eest_,179,1,180.03999999999996,0.0346697944711267
2289585026,Kuidas kaitsta lapsi AI-ajastul internetis kurjade kavatsustega inimeste eest_,283,1,79.79299999999967,0.0153655127206987
2289585026,Kuidas kaitsta lapsi AI-ajastul internetis kurjade kavatsustega inimeste eest_,319,6,1079.4000000000003,0.207857010398435
2289585029,Alati ühenduses. Suurem produktiivsus või läbipõlemise oht_,-1,16,2722.994,0.5097183645398466
2289585029,Alati ühenduses. Suurem produktiivsus või läbipõlemise oht_,6,1,181.07999999999996,0.0338964395260787
2289585029,Alati ühenduses. Suurem produktiivsus või läbipõlemise oht_,8,1,181.24000000000024,0.0339263899917524
2289585029,Alati ühenduses. Suurem produktiivsus või läbipõlemise oht_,27,1,181.15999999999983,0.0339114147589155
2289585029,Alati ühenduses. Suurem produktiivsus või läbipõlemise oht_,51,1,181.48,0.0339713156902627
2289585029,Alati ühenduses. Suurem produktiivsus või läbipõlemise oht_,107,7,1246.1199999999997,0.2332617142822912
2289585029,Alati ühenduses. Suurem produktiivsus või läbipõlemise oht_,114,1,181.80000000000015,0.0340312166216099
2289585029,Alati ühenduses. Suurem produktiivsus või läbipõlemise oht_,133,1,180.96000000000004,0.0338739766768236
2289585029,Alati ühenduses. Suurem produktiivsus või läbipõlemise oht_,181,1,184.1199999999999,0.0344654983738768
2289585029,Alati ühenduses. Suurem produktiivsus või läbipõlemise oht_,216,1,181.32000000000005,0.0339413652245891
2289585029,Alati ühenduses. Suurem produktiivsus või läbipõlemise oht_,284,1,181.96000000000004,0.0340611670872835
2289585032,Tehisaru koolipingis. Kas õpetaja parim abiline või oht kriitilisele mõtlemisele_,-1,5,905.6799999999998,0.1988163830776015
2289585032,Tehisaru koolipingis. Kas õpetaja parim abiline või oht kriitilisele mõtlemisele_,20,1,184.52,0.0405061379355611
2289585032,Tehisaru koolipingis. Kas õpetaja parim abiline või oht kriitilisele mõtlemisele_,49,1,182.83999999999992,0.0401373415355408
2289585032,Tehisaru koolipingis. Kas õpetaja parim abiline või oht kriitilisele mõtlemisele_,72,1,184.0,0.0403919866688882
2289585032,Tehisaru koolipingis. Kas õpetaja parim abiline või oht kriitilisele mõtlemisele_,88,2,300.07900000000063,0.0658738422152898
2289585032,Tehisaru koolipingis. Kas õpetaja parim abiline või oht kriitilisele mõtlemisele_,90,8,1412.4799999999998,0.3100699637503871
2289585032,Tehisaru koolipingis. Kas õpetaja parim abiline või oht kriitilisele mõtlemisele_,93,3,547.1599999999999,0.1201134751399395
2289585032,Tehisaru koolipingis. Kas õpetaja parim abiline või oht kriitilisele mõtlemisele_,135,2,352.6800000000003,0.0774209014042582
2289585032,Tehisaru koolipingis. Kas õpetaja parim abiline või oht kriitilisele mõtlemisele_,137,1,184.27999999999972,0.0404534527355582
2289585032,Tehisaru koolipingis. Kas õpetaja parim abiline või oht kriitilisele mõtlemisele_,214,3,534.1999999999998,0.117268474339783
2293106213,Ulmefilmidest igapäevaellu_ tervisetehnoloogiad tuleviku kodus,-1,10,1862.0,0.3356205519462026
2293106213,Ulmefilmidest igapäevaellu_ tervisetehnoloogiad tuleviku kodus,8,1,180.63999999999987,0.0325598799696895
2293106213,Ulmefilmidest igapäevaellu_ tervisetehnoloogiad tuleviku kodus,25,1,181.67999999999935,0.0327473372060074
2293106213,Ulmefilmidest igapäevaellu_ tervisetehnoloogiad tuleviku kodus,59,1,181.80000000000015,0.0327689668871212
2293106213,Ulmefilmidest igapäevaellu_ tervisetehnoloogiad tuleviku kodus,69,3,575.8800000000001,0.1038008396642208
2293106213,Ulmefilmidest igapäevaellu_ tervisetehnoloogiad tuleviku kodus,114,7,1334.5719999999988,0.2405530565262874
2293106213,Ulmefilmidest igapäevaellu_ tervisetehnoloogiad tuleviku kodus,207,1,181.96000000000004,0.0327978064619393
2293106213,Ulmefilmidest igapäevaellu_ tervisetehnoloogiad tuleviku kodus,244,1,200.72000000000003,0.0361792466093672
2293106213,Ulmefilmidest igapäevaellu_ tervisetehnoloogiad tuleviku kodus,245,1,186.28,0.0335764749820293
2293106213,Ulmefilmidest igapäevaellu_ tervisetehnoloogiad tuleviku kodus,264,1,181.55999999999997,0.0327257075248939
2293106213,Ulmefilmidest igapäevaellu_ tervisetehnoloogiad tuleviku kodus,282,3,595.5599999999998,0.107348107366853
2293106213,Ulmefilmidest igapäevaellu_ tervisetehnoloogiad tuleviku kodus,320,1,183.1199999999999,0.0330068933793708
2293106216,"Kuidas KOOSTÖÖS kasutada ära Eesti tervishoiu ressurss, et päästa esmatasand_",-1,11,1953.5600000000004,0.3787489125965092
2293106216,"Kuidas KOOSTÖÖS kasutada ära Eesti tervishoiu ressurss, et päästa esmatasand_",8,1,198.19999999999985,0.0384262753519871
2293106216,"Kuidas KOOSTÖÖS kasutada ära Eesti tervishoiu ressurss, et päästa esmatasand_",21,1,180.3199999999997,0.0349597677672569
2293106216,"Kuidas KOOSTÖÖS kasutada ära Eesti tervishoiu ressurss, et päästa esmatasand_",95,7,1277.64,0.2477040688229713
2293106216,"Kuidas KOOSTÖÖS kasutada ära Eesti tervishoiu ressurss, et päästa esmatasand_",114,1,181.4799999999996,0.0351846642324854
2293106216,"Kuidas KOOSTÖÖS kasutada ära Eesti tervishoiu ressurss, et päästa esmatasand_",166,1,181.96000000000004,0.035277724838787
2293106216,"Kuidas KOOSTÖÖS kasutada ära Eesti tervishoiu ressurss, et päästa esmatasand_",243,8,1397.689,0.2709787203352353
2293106219,Ravivalikute loterii - miks mõni haigus saab kõik ja teine mitte midagi_,-1,10,1803.5600000000009,0.3297612670017499
2293106219,Ravivalikute loterii - miks mõni haigus saab kõik ja teine mitte midagi_,3,1,147.05000000000018,0.0268864880084983
2293106219,Ravivalikute loterii - miks mõni haigus saab kõik ja teine mitte midagi_,21,2,366.44000000000005,0.0669995557010142
2293106219,Ravivalikute loterii - miks mõni haigus saab kõik ja teine mitte midagi_,23,1,186.36,0.0340738925893489
2293106219,Ravivalikute loterii - miks mõni haigus saab kõik ja teine mitte midagi_,166,2,365.8400000000006,0.0668898522477324
2293106219,Ravivalikute loterii - miks mõni haigus saab kõik ja teine mitte midagi_,186,9,1626.5600000000002,0.2973987482835981
2293106219,Ravivalikute loterii - miks mõni haigus saab kõik ja teine mitte midagi_,244,6,1096.5999999999997,0.200501344781498
2293106219,Ravivalikute loterii - miks mõni haigus saab kõik ja teine mitte midagi_,285,1,183.04,0.0334668668145225
2293106222,Süstime rahva saledaks_,-1,6,1076.6509999999996,0.2058853732121893
2293106222,Süstime rahva saledaks_,9,2,367.60000000000014,0.0702952611317881
2293106222,Süstime rahva saledaks_,23,18,3277.4,0.626729294976394
2293106222,Süstime rahva saledaks_,288,3,537.5200000000002,0.1027886527844362
2293106222,Süstime rahva saledaks_,289,1,180.76000000000025,0.0345662987001687
2293106225,"Kui keha haigestub, mis saab vaimust_",-1,5,897.9839999999999,0.1642173823356005
2293106225,"Kui keha haigestub, mis saab vaimust_",21,1,182.4400000000005,0.0333634221025174
2293106225,"Kui keha haigestub, mis saab vaimust_",71,17,2975.24,0.544092238414239
2293106225,"Kui keha haigestub, mis saab vaimust_",279,1,180.76000000000025,0.0330561947996659
2293106225,"Kui keha haigestub, mis saab vaimust_",280,6,1042.0399999999995,0.190561392061539
2293106225,"Kui keha haigestub, mis saab vaimust_",285,2,365.6000000000004,0.066858513049114
2293106228,Kelle mure on laste suutervis_,-1,5,945.2399999999996,0.1869210995763603
2293106228,Kelle mure on laste suutervis_,3,1,182.96000000000004,0.0361803186264767
2293106228,Kelle mure on laste suutervis_,97,1,180.32000000000016,0.0356582589348835
2293106228,Kelle mure on laste suutervis_,99,15,2727.84,0.5394300413317032
2293106228,Kelle mure on laste suutervis_,153,1,105.85300000000008,0.0209324183841738
2293106228,Kelle mure on laste suutervis_,315,6,1092.36,0.2160140623896927
2293106231,Haigekassa nõukogu kriisikoosolek - Copy (2),-1,9,1627.1999999999985,0.2819868426935563
2293106231,Haigekassa nõukogu kriisikoosolek - Copy (2),3,1,184.40000000000052,0.0319557361066199
2293106231,Haigekassa nõukogu kriisikoosolek - Copy (2),7,1,188.5999999999999,0.0326835782522153
2293106231,Haigekassa nõukogu kriisikoosolek - Copy (2),21,2,369.04,0.063953063192988
2293106231,Haigekassa nõukogu kriisikoosolek - Copy (2),55,2,365.0,0.0632529483672247
2293106231,Haigekassa nõukogu kriisikoosolek - Copy (2),65,1,182.76,0.0316715310783397
2293106231,Haigekassa nõukogu kriisikoosolek - Copy (2),114,1,182.92000000000007,0.0316992583981719
2293106231,Haigekassa nõukogu kriisikoosolek - Copy (2),166,1,181.48,0.031449712519682
2293106231,Haigekassa nõukogu kriisikoosolek - Copy (2),208,3,560.6000000000006,0.0971495968620993
2293106231,Haigekassa nõukogu kriisikoosolek - Copy (2),239,4,738.6799999999996,0.1280101038353467
2293106231,Haigekassa nõukogu kriisikoosolek - Copy (2),245,1,183.07999999999996,0.0317269857180041
2293106231,Haigekassa nõukogu kriisikoosolek - Copy (2),260,1,101.04199999999946,0.0175101490655372
2293106231,Haigekassa nõukogu kriisikoosolek - Copy (2),282,1,185.04,0.0320666453859486
2293106231,Haigekassa nõukogu kriisikoosolek - Copy (2),314,4,708.7599999999998,0.1228250950267239
2293106231,Haigekassa nõukogu kriisikoosolek - Copy (2),320,2,371.0800000000001,0.0643065865208487
2300040479,"Mida teha, kui hea nimi satub laimulõksu_",-1,8,1473.2800000000002,0.2693553447275988
2300040479,"Mida teha, kui hea nimi satub laimulõksu_",2,6,1089.0119999999995,0.1991007837427316
2300040479,"Mida teha, kui hea nimi satub laimulõksu_",42,6,1065.3999999999996,0.1947838729045284
2300040479,"Mida teha, kui hea nimi satub laimulõksu_",118,2,349.1199999999999,0.0638285580142941
2300040479,"Mida teha, kui hea nimi satub laimulõksu_",125,1,182.04,0.03328182487661
2300040479,"Mida teha, kui hea nimi satub laimulõksu_",132,7,1306.0800000000002,0.2387866723513671
2300040479,"Mida teha, kui hea nimi satub laimulõksu_",283,1,181.80000000000015,0.033237946399515
2300040482,Kes ja kuidas peaks valvama valimisi_,-1,4,722.0,0.1329314458540946
2300040482,Kes ja kuidas peaks valvama valimisi_,18,18,3191.0799999999995,0.5875275321829423
2300040482,Kes ja kuidas peaks valvama valimisi_,121,2,374.9200000000001,0.0690286117446221
2300040482,Kes ja kuidas peaks valvama valimisi_,124,1,182.36,0.0335753164348375
2300040482,Kes ja kuidas peaks valvama valimisi_,126,2,364.4400000000005,0.0670990805084021
2300040482,Kes ja kuidas peaks valvama valimisi_,132,1,186.0,0.0342454971313872
2300040482,Kes ja kuidas peaks valvama valimisi_,168,2,362.3600000000001,0.0667161201103736
2300040482,Kes ja kuidas peaks valvama valimisi_,191,1,104.09099999999944,0.0191647744188344
2300040482,Kes ja kuidas peaks valvama valimisi_,286,1,183.95999999999992,0.0338699013563978
2300040485,Mis on heategija palk_,-1,7,1237.1449999999993,0.2160670794804867
2300040485,Mis on heategija palk_,8,1,182.91999999999985,0.0319469344163947
2300040485,Mis on heategija palk_,25,2,362.2400000000002,0.0632651296905468
2300040485,Mis on heategija palk_,48,1,193.0,0.033707404014674
2300040485,Mis on heategija palk_,60,4,744.0,0.1299394227301425
2300040485,Mis on heategija palk_,80,14,2517.72,0.439719198113084
2300040485,Mis on heategija palk_,109,1,182.24,0.0318281725784155
2300040485,Mis on heategija palk_,167,1,189.92000000000007,0.0331694827485331
2300040485,Mis on heategija palk_,186,1,182.5999999999999,0.0318910464926398
2300040485,Mis on heategija palk_,240,1,184.8800000000001,0.0322892479493935
2300040488,"Kas rahvuse kestmise hind saab olla liiga kõrge_ Sotsiaalkaitse võimalustest sündimus tõusule aidata, maksuteemat vältimata",-1,11,1954.788999999999,0.3305811804763891
2300040488,"Kas rahvuse kestmise hind saab olla liiga kõrge_ Sotsiaalkaitse võimalustest sündimus tõusule aidata, maksuteemat vältimata",32,1,235.79999999999973,0.0398769597927615
2300040488,"Kas rahvuse kestmise hind saab olla liiga kõrge_ Sotsiaalkaitse võimalustest sündimus tõusule aidata, maksuteemat vältimata",50,3,531.7999999999993,0.0899345513901211
2300040488,"Kas rahvuse kestmise hind saab olla liiga kõrge_ Sotsiaalkaitse võimalustest sündimus tõusule aidata, maksuteemat vältimata",84,11,2069.6399999999994,0.3500040333566201
2300040488,"Kas rahvuse kestmise hind saab olla liiga kõrge_ Sotsiaalkaitse võimalustest sündimus tõusule aidata, maksuteemat vältimata",130,1,184.76000000000025,0.0312454075119195
2300040488,"Kas rahvuse kestmise hind saab olla liiga kõrge_ Sotsiaalkaitse võimalustest sündimus tõusule aidata, maksuteemat vältimata",158,1,182.72000000000023,0.0309004160022621
2300040488,"Kas rahvuse kestmise hind saab olla liiga kõrge_ Sotsiaalkaitse võimalustest sündimus tõusule aidata, maksuteemat vältimata",159,1,186.27999999999972,0.0315024600093113
2300040488,"Kas rahvuse kestmise hind saab olla liiga kõrge_ Sotsiaalkaitse võimalustest sündimus tõusule aidata, maksuteemat vältimata",316,4,816.8799999999999,0.1381454237299027
2300040491,Lastekaitsetöö nähtamatu vastutus ja avalik kriitika,-1,7,1319.64,0.2684600895395894
2300040491,Lastekaitsetöö nähtamatu vastutus ja avalik kriitika,97,10,2051.7110000000007,0.4173884686500566
2300040491,Lastekaitsetöö nähtamatu vastutus ja avalik kriitika,154,1,183.36000000000013,0.0373017201797301
2300040491,Lastekaitsetöö nähtamatu vastutus ja avalik kriitika,236,1,181.92000000000007,0.0370087747332925
2300040491,Lastekaitsetöö nähtamatu vastutus ja avalik kriitika,237,7,1407.000000000001,0.2862321132901416
2300040494,Õigusmõistmine kriisi äärel. Kuidas kindlustada õiguse tulevik_,-1,2,370.0,0.0675386823239586
2300040494,Õigusmõistmine kriisi äärel. Kuidas kindlustada õiguse tulevik_,2,27,4768.8,0.8704823466661993
2300040494,Õigusmõistmine kriisi äärel. Kuidas kindlustada õiguse tulevik_,6,1,183.35999999999967,0.0334699805160027
2300040494,Õigusmõistmine kriisi äärel. Kuidas kindlustada õiguse tulevik_,9,1,68.74200000000019,0.0125479570278745
2300040494,Õigusmõistmine kriisi äärel. Kuidas kindlustada õiguse tulevik_,132,1,181.8399999999997,0.0331925243075367
2300040497,Korteriühistud kui kogukonnad. Kuidas panna need ühes rütmis hingama_,-1,9,1644.4800000000005,0.2958250651515635
2300040497,Korteriühistud kui kogukonnad. Kuidas panna need ühes rütmis hingama_,9,1,185.2800000000001,0.03332996939536
2300040497,Korteriühistud kui kogukonnad. Kuidas panna need ühes rütmis hingama_,85,1,124.32099999999993,0.0223640712715919
2300040497,Korteriühistud kui kogukonnad. Kuidas panna need ühes rütmis hingama_,122,1,184.64000000000036,0.0332148399673968
2300040497,Korteriühistud kui kogukonnad. Kuidas panna need ühes rütmis hingama_,157,1,182.5600000000004,0.0328406693265163
2300040497,Korteriühistud kui kogukonnad. Kuidas panna need ühes rütmis hingama_,173,3,583.5599999999997,0.1049764515347381
2300040497,Korteriühistud kui kogukonnad. Kuidas panna need ühes rütmis hingama_,212,1,185.0,0.0332796002706261
2300040497,Korteriühistud kui kogukonnad. Kuidas panna need ühes rütmis hingama_,233,7,1253.3600000000006,0.2254665934875241
2300040497,Korteriühistud kui kogukonnad. Kuidas panna need ühes rütmis hingama_,252,1,187.76,0.0337760959287176
2300040497,Korteriühistud kui kogukonnad. Kuidas panna need ühes rütmis hingama_,294,1,240.88,0.0433318384496671
2300040497,Korteriühistud kui kogukonnad. Kuidas panna need ühes rütmis hingama_,313,6,1064.64,0.1915178034168615
2300040503,Annetuskultuur. Kuidas Eestist saab helde rahvas_,-1,7,1300.6800000000003,0.2424328276281124
2300040503,Annetuskultuur. Kuidas Eestist saab helde rahvas_,9,2,361.3200000000001,0.067346179904811
2300040503,Annetuskultuur. Kuidas Eestist saab helde rahvas_,60,14,2573.44,0.4796616661525429
2300040503,Annetuskultuur. Kuidas Eestist saab helde rahvas_,80,3,473.5549999999994,0.0882655823780104
2300040503,Annetuskultuur. Kuidas Eestist saab helde rahvas_,160,1,180.5600000000004,0.0336544510229511
2300040503,Annetuskultuur. Kuidas Eestist saab helde rahvas_,172,1,184.24,0.0343403636268747
2300040503,Annetuskultuur. Kuidas Eestist saab helde rahvas_,287,1,185.6800000000001,0.0346087642110187
2300040503,Annetuskultuur. Kuidas Eestist saab helde rahvas_,296,1,184.04,0.0343030857679658
2300040503,Annetuskultuur. Kuidas Eestist saab helde rahvas_,312,1,184.92000000000007,0.0344671083471649
2300040506,"Pärisvabakond teeb asju riigi rahata, eks_",-1,9,1675.8399999999997,0.3135105647807217
2300040506,"Pärisvabakond teeb asju riigi rahata, eks_",78,17,3308.362,0.618917342418774
2300040506,"Pärisvabakond teeb asju riigi rahata, eks_",230,2,374.63999999999976,0.0700864032302902
2300040506,"Pärisvabakond teeb asju riigi rahata, eks_",291,1,180.76000000000025,0.0338159786672733
2302899422,Suur teadlaste debatt „Teadlaste roll energiapöördes“,-1,13,2247.9999999999995,0.4109406739134567
2302899422,Suur teadlaste debatt „Teadlaste roll energiapöördes“,5,2,361.5200000000005,0.0660868649613848
2302899422,Suur teadlaste debatt „Teadlaste roll energiapöördes“,15,2,364.2800000000002,0.0665914006642322
2302899422,Suur teadlaste debatt „Teadlaste roll energiapöördes“,25,1,180.1600000000003,0.0329337508061603
2302899422,Suur teadlaste debatt „Teadlaste roll energiapöördes“,40,4,729.039999999999,0.1332705466680899
2302899422,Suur teadlaste debatt „Teadlaste roll energiapöördes“,62,2,339.2560000000003,0.0620169436250817
2302899422,Suur teadlaste debatt „Teadlaste roll energiapöördes“,96,5,938.6800000000004,0.1715933237495924
2302899422,Suur teadlaste debatt „Teadlaste roll energiapöördes“,103,1,199.52,0.0364728128377281
2302899422,Suur teadlaste debatt „Teadlaste roll energiapöördes“,167,1,182.72000000000023,0.0334017259508304
2302899422,Suur teadlaste debatt „Teadlaste roll energiapöördes“,211,1,184.63999999999987,0.033752707309333
2302899425,Energiapööre noorte pilgu läbi. Mida tahab uus põlvkond_,-1,10,1762.1200000000006,0.32262866230458
2302899425,Energiapööre noorte pilgu läbi. Mida tahab uus põlvkond_,40,5,887.719,0.162533535441604
2302899425,Energiapööre noorte pilgu läbi. Mida tahab uus põlvkond_,63,3,540.4400000000005,0.0989498071958137
2302899425,Energiapööre noorte pilgu läbi. Mida tahab uus põlvkond_,96,10,1730.04,0.3167550966639136
2302899425,Energiapööre noorte pilgu läbi. Mida tahab uus põlvkond_,171,1,182.1600000000003,0.0333518926777985
2302899425,Energiapööre noorte pilgu läbi. Mida tahab uus põlvkond_,201,3,550.8400000000001,0.100853955657875
2302899428,"Tere tulemast, uued juhitavad võimsused!",-1,4,765.9199999999997,0.1422380429566614
2302899428,"Tere tulemast, uued juhitavad võimsused!",40,1,135.41600000000017,0.0251479355872928
2302899428,"Tere tulemast, uued juhitavad võimsused!",44,1,180.4000000000001,0.0335018578302978
2302899428,"Tere tulemast, uued juhitavad võimsused!",63,4,717.2,0.1331903128375256
2302899428,"Tere tulemast, uued juhitavad võimsused!",115,2,365.3600000000006,0.0678505475436676
2302899428,"Tere tulemast, uued juhitavad võimsused!",119,1,185.20000000000005,0.0343932598124787
2302899428,"Tere tulemast, uued juhitavad võimsused!",171,2,365.2400000000001,0.067828262494113
2302899428,"Tere tulemast, uued juhitavad võimsused!",210,5,945.16,0.1755244786412656
2302899428,"Tere tulemast, uued juhitavad võimsused!",238,8,1487.2000000000005,0.2761860474790409
2302899428,"Tere tulemast, uued juhitavad võimsused!",310,1,180.08000000000015,0.0334424310314858
2302899428,"Tere tulemast, uued juhitavad võimsused!",311,2,364.8,0.0677465506457464
2302899431,Kas elekter lahendab tulevikus kõik meie energiaprobleemid_,-1,9,1507.9010000000007,0.2948308726960672
2302899431,Kas elekter lahendab tulevikus kõik meie energiaprobleemid_,77,9,1633.8399999999997,0.3194549728700638
2302899431,Kas elekter lahendab tulevikus kõik meie energiaprobleemid_,115,1,189.9599999999996,0.0371417437731951
2302899431,Kas elekter lahendab tulevikus kõik meie energiaprobleemid_,119,2,350.4000000000001,0.0685116183308466
2302899431,Kas elekter lahendab tulevikus kõik meie energiaprobleemid_,215,2,364.6799999999994,0.0713037014066583
2302899431,Kas elekter lahendab tulevikus kõik meie energiaprobleemid_,290,5,897.6799999999998,0.1755180066873126
2302899431,Kas elekter lahendab tulevikus kõik meie energiaprobleemid_,318,2,363.88,0.071147282186725
2302899434,Infraheli ja tuulepargid – müüt või tegelik mõju tervisele_,-1,11,1987.738,0.357418251375828
2302899434,Infraheli ja tuulepargid – müüt või tegelik mõju tervisele_,46,7,1274.8800000000006,0.22923814925006
2302899434,Infraheli ja tuulepargid – müüt või tegelik mõju tervisele_,201,1,199.04,0.0357896909722734
2302899434,Infraheli ja tuulepargid – müüt või tegelik mõju tervisele_,255,7,1238.2400000000002,0.2226498540469646
2302899434,Infraheli ja tuulepargid – müüt või tegelik mõju tervisele_,324,6,1082.04,0.194563289889664
2302899437,Kas väike saab olla suur_ Kuivõrd suudab Eesti oma kestlike lahenduste või innovatsiooniga maailmas mõju avaldada_,-1,12,2171.64,0.3683315968108593
2302899437,Kas väike saab olla suur_ Kuivõrd suudab Eesti oma kestlike lahenduste või innovatsiooniga maailmas mõju avaldada_,5,1,181.5999999999999,0.0308011539577701
2302899437,Kas väike saab olla suur_ Kuivõrd suudab Eesti oma kestlike lahenduste või innovatsiooniga maailmas mõju avaldada_,8,1,180.48000000000047,0.0306111908937135
2302899437,Kas väike saab olla suur_ Kuivõrd suudab Eesti oma kestlike lahenduste või innovatsiooniga maailmas mõju avaldada_,15,2,387.56,0.0657340045587743
2302899437,Kas väike saab olla suur_ Kuivõrd suudab Eesti oma kestlike lahenduste või innovatsiooniga maailmas mõju avaldada_,66,3,539.7600000000002,0.0915486280850553
2302899437,Kas väike saab olla suur_ Kuivõrd suudab Eesti oma kestlike lahenduste või innovatsiooniga maailmas mõju avaldada_,114,1,183.4000000000001,0.0311064517392899
2302899437,Kas väike saab olla suur_ Kuivõrd suudab Eesti oma kestlike lahenduste või innovatsiooniga maailmas mõju avaldada_,135,1,183.96000000000004,0.0312014332713183
2302899437,Kas väike saab olla suur_ Kuivõrd suudab Eesti oma kestlike lahenduste või innovatsiooniga maailmas mõju avaldada_,136,1,182.6800000000003,0.030984332626682
2302899437,Kas väike saab olla suur_ Kuivõrd suudab Eesti oma kestlike lahenduste või innovatsiooniga maailmas mõju avaldada_,149,1,184.8800000000001,0.0313574743596506
2302899437,Kas väike saab olla suur_ Kuivõrd suudab Eesti oma kestlike lahenduste või innovatsiooniga maailmas mõju avaldada_,151,3,522.9200000000001,0.0886923977290594
2302899437,Kas väike saab olla suur_ Kuivõrd suudab Eesti oma kestlike lahenduste või innovatsiooniga maailmas mõju avaldada_,167,2,384.9200000000001,0.065286234479212
2302899437,Kas väike saab olla suur_ Kuivõrd suudab Eesti oma kestlike lahenduste või innovatsiooniga maailmas mõju avaldada_,246,1,183.0,0.0310386077878411
2302899437,Kas väike saab olla suur_ Kuivõrd suudab Eesti oma kestlike lahenduste või innovatsiooniga maailmas mõju avaldada_,259,1,185.52000000000044,0.0314660246819688
2302899437,Kas väike saab olla suur_ Kuivõrd suudab Eesti oma kestlike lahenduste või innovatsiooniga maailmas mõju avaldada_,278,1,182.63999999999987,0.0309775482315371
2302899437,Kas väike saab olla suur_ Kuivõrd suudab Eesti oma kestlike lahenduste või innovatsiooniga maailmas mõju avaldada_,300,1,182.9599999999998,0.0310318233926961
2302899437,Kas väike saab olla suur_ Kuivõrd suudab Eesti oma kestlike lahenduste või innovatsiooniga maailmas mõju avaldada_,327,1,185.79999999999995,0.0315135154479829
2302899437,Kas väike saab olla suur_ Kuivõrd suudab Eesti oma kestlike lahenduste või innovatsiooniga maailmas mõju avaldada_,328,1,190.6030000000001,0.0323281516950048
2302899440,Rohetehnoloogiad – puhta tööstuse ja julgeoleku alustala_,-1,9,1577.94,0.4637044873490258
2302899440,Rohetehnoloogiad – puhta tööstuse ja julgeoleku alustala_,5,1,188.4000000000001,0.055364542008287
2302899440,Rohetehnoloogiad – puhta tööstuse ja julgeoleku alustala_,8,1,182.2800000000002,0.0535660759940051
2302899440,Rohetehnoloogiad – puhta tööstuse ja julgeoleku alustala_,25,1,181.15999999999983,0.0532369449587116
2302899440,Rohetehnoloogiad – puhta tööstuse ja julgeoleku alustala_,167,2,363.2400000000002,0.1067442475535573
2302899440,Rohetehnoloogiad – puhta tööstuse ja julgeoleku alustala_,226,1,180.52,0.0530488700814011
2302899440,Rohetehnoloogiad – puhta tööstuse ja julgeoleku alustala_,241,2,353.52,0.1038878603544035
2302899440,Rohetehnoloogiad – puhta tööstuse ja julgeoleku alustala_,254,1,181.6800000000001,0.0533897557965265
2302899440,Rohetehnoloogiad – puhta tööstuse ja julgeoleku alustala_,340,2,361.5999999999999,0.106262305680449
2302899443,Kohalik energiatootmine on kaitseinvesteering,-1,14,2445.530999999999,0.4354011256725663
2302899443,Kohalik energiatootmine on kaitseinvesteering,15,2,366.88000000000005,0.0653191331398993
2302899443,Kohalik energiatootmine on kaitseinvesteering,40,5,903.3999999999996,0.1608408876978441
2302899443,Kohalik energiatootmine on kaitseinvesteering,44,1,199.6800000000003,0.0355509281110311
2302899443,Kohalik energiatootmine on kaitseinvesteering,63,2,362.96,0.0646212182851555
2302899443,Kohalik energiatootmine on kaitseinvesteering,103,2,353.1199999999999,0.0628693095681455
2302899443,Kohalik energiatootmine on kaitseinvesteering,115,4,685.3200000000002,0.1220140327176074
2302899443,Kohalik energiatootmine on kaitseinvesteering,167,1,183.96000000000004,0.0327521471119054
2302899443,Kohalik energiatootmine on kaitseinvesteering,171,1,181.55999999999997,0.0323248523028786
2302899443,Kohalik energiatootmine on kaitseinvesteering,257,1,180.24,0.0320898401579139
2302899446,"Kuidas planeerida tuuleparke nii, et kogukonnad tunneksid end päriselt kaasatuna_",-1,14,2534.059,0.4311780773342585
2302899446,"Kuidas planeerida tuuleparke nii, et kogukonnad tunneksid end päriselt kaasatuna_",12,2,356.6800000000003,0.0606902193767325
2302899446,"Kuidas planeerida tuuleparke nii, et kogukonnad tunneksid end päriselt kaasatuna_",31,1,181.07999999999996,0.0308113292720049
2302899446,"Kuidas planeerida tuuleparke nii, et kogukonnad tunneksid end päriselt kaasatuna_",40,1,180.92000000000007,0.0307841047707705
2302899446,"Kuidas planeerida tuuleparke nii, et kogukonnad tunneksid end päriselt kaasatuna_",42,1,180.6800000000003,0.030743268018919
2302899446,"Kuidas planeerida tuuleparke nii, et kogukonnad tunneksid end päriselt kaasatuna_",46,7,1253.1199999999997,0.2132222936676319
2302899446,"Kuidas planeerida tuuleparke nii, et kogukonnad tunneksid end päriselt kaasatuna_",62,1,184.16000000000008,0.0313354009207666
2302899446,"Kuidas planeerida tuuleparke nii, et kogukonnad tunneksid end päriselt kaasatuna_",63,1,185.83999999999992,0.0316212581837275
2302899446,"Kuidas planeerida tuuleparke nii, et kogukonnad tunneksid end päriselt kaasatuna_",118,1,183.32000000000016,0.0311924722892862
2302899446,"Kuidas planeerida tuuleparke nii, et kogukonnad tunneksid end päriselt kaasatuna_",119,1,180.76,0.0307568802695361
2302899446,"Kuidas planeerida tuuleparke nii, et kogukonnad tunneksid end päriselt kaasatuna_",125,1,182.3199999999997,0.0310223191565712
2302899446,"Kuidas planeerida tuuleparke nii, et kogukonnad tunneksid end päriselt kaasatuna_",189,1,183.12000000000037,0.0311584416627432
2302899446,"Kuidas planeerida tuuleparke nii, et kogukonnad tunneksid end päriselt kaasatuna_",212,2,365.4400000000003,0.0621807608193146
2310594914,Õpetaja ajamasinas. Õpetaja missioon ja rollid erinevates tulevikustsenaariumides aastaks 2035,-1,10,1957.6150000000005,0.6839701830975828
2310594914,Õpetaja ajamasinas. Õpetaja missioon ja rollid erinevates tulevikustsenaariumides aastaks 2035,20,1,183.84000000000012,0.0642317710380538
2310594914,Õpetaja ajamasinas. Õpetaja missioon ja rollid erinevates tulevikustsenaariumides aastaks 2035,93,1,196.76000000000025,0.0687458837546098
2310594914,Õpetaja ajamasinas. Õpetaja missioon ja rollid erinevates tulevikustsenaariumides aastaks 2035,150,2,409.64,0.1431239267190401
2310594914,Õpetaja ajamasinas. Õpetaja missioon ja rollid erinevates tulevikustsenaariumides aastaks 2035,289,1,202.04,0.0705906604684964
2310594917,"Milline koolivõrk suudab kasvatada korraga tarka last, tugevat kogukonda ja koostöist haridusvõrgustikku",-1,6,1083.88,0.2491056828354307
2310594917,"Milline koolivõrk suudab kasvatada korraga tarka last, tugevat kogukonda ja koostöist haridusvõrgustikku",10,16,2792.44,0.6417801536858047
2310594917,"Milline koolivõrk suudab kasvatada korraga tarka last, tugevat kogukonda ja koostöist haridusvõrgustikku",150,2,368.4800000000001,0.0846869229169276
2310594917,"Milline koolivõrk suudab kasvatada korraga tarka last, tugevat kogukonda ja koostöist haridusvõrgustikku",206,1,194.5999999999999,0.0447244767684381
2310594917,"Milline koolivõrk suudab kasvatada korraga tarka last, tugevat kogukonda ja koostöist haridusvõrgustikku",289,1,71.24499999999989,0.0163740768107264
2310594920,Mul jäi isegi Tiigrihüpe tegemata.alp,-1,12,2095.916,0.384002714509655
2310594920,Mul jäi isegi Tiigrihüpe tegemata.alp,20,2,352.15999999999985,0.064520904435922
2310594920,Mul jäi isegi Tiigrihüpe tegemata.alp,90,7,1242.96,0.2277285988689054
2310594920,Mul jäi isegi Tiigrihüpe tegemata.alp,93,6,1057.7599999999998,0.1937972281807728
2310594920,Mul jäi isegi Tiigrihüpe tegemata.alp,137,1,183.80000000000015,0.0336748700457817
2310594920,Mul jäi isegi Tiigrihüpe tegemata.alp,150,1,186.2,0.0341145854326689
2310594920,Mul jäi isegi Tiigrihüpe tegemata.alp,267,2,363.3199999999995,0.0665655809849477
2310594920,Mul jäi isegi Tiigrihüpe tegemata.alp,289,1,183.4000000000001,0.0336015841479671
2310594923,Koolijuht on tippjuht,-1,3,536.7199999999998,0.1046719756737897
2310594923,Koolijuht on tippjuht,10,4,708.2779999999998,0.1381294857398279
2310594923,Koolijuht on tippjuht,82,16,2802.7200000000003,0.5465908474818232
2310594923,Koolijuht on tippjuht,131,1,182.56000000000017,0.0356031373509596
2310594923,Koolijuht on tippjuht,137,1,183.7199999999998,0.0358293623691843
2310594923,Koolijuht on tippjuht,150,1,182.88,0.0356655442525388
2310594923,Koolijuht on tippjuht,206,3,544.2800000000004,0.1061463387235995
2310594923,Koolijuht on tippjuht,214,1,180.55999999999997,0.0352130942160893
2310594926,Mis on Eesti hariduse eesmärk.alp,-1,20,3397.555,0.6499966041933907
2310594926,Mis on Eesti hariduse eesmärk.alp,25,1,181.96000000000004,0.034811322288831
2310594926,Mis on Eesti hariduse eesmärk.alp,30,2,357.04,0.0683064108045957
2310594926,Mis on Eesti hariduse eesmärk.alp,83,1,181.07999999999996,0.0346429668062295
2310594926,Mis on Eesti hariduse eesmärk.alp,88,1,180.52,0.0345358314991194
2310594926,Mis on Eesti hariduse eesmärk.alp,137,2,369.87999999999965,0.0707628703461904
2310594926,Mis on Eesti hariduse eesmärk.alp,150,2,358.72,0.0686278167259259
2310594926,Mis on Eesti hariduse eesmärk.alp,245,1,181.67999999999984,0.0347577546352759
2310594926,Mis on Eesti hariduse eesmärk.alp,267,1,180.12000000000012,0.0344593062797551
2314163810,Maailm täna - vaade julgeolekuolukorrale Euroopa pealinnadest,-1,8,1560.3600000000004,0.2935067583149526
2314163810,Maailm täna - vaade julgeolekuolukorrale Euroopa pealinnadest,92,1,201.7199999999998,0.0379439253039633
2314163810,Maailm täna - vaade julgeolekuolukorrale Euroopa pealinnadest,112,13,2570.346,0.4834870941371255
2314163810,Maailm täna - vaade julgeolekuolukorrale Euroopa pealinnadest,145,2,384.84000000000015,0.0723891543425404
2314163810,Maailm täna - vaade julgeolekuolukorrale Euroopa pealinnadest,325,4,743.48,0.1398500376015797
2314163813,ÜRO – lootusetult rikkis või asendamatu_,-1,13,2336.4200000000005,0.3948803234191571
2314163813,ÜRO – lootusetult rikkis või asendamatu_,41,11,1991.7599999999995,0.3366290448520985
2314163813,ÜRO – lootusetult rikkis või asendamatu_,98,5,901.48,0.152359898458283
2314163813,ÜRO – lootusetult rikkis või asendamatu_,168,1,185.80000000000015,0.031402215394184
2314163813,ÜRO – lootusetult rikkis või asendamatu_,231,2,354.2000000000003,0.0598636420485467
2314163813,ÜRO – lootusetult rikkis või asendamatu_,330,2,368.32,0.0622500752098269
2314163816,Kuidas mõista USA-d_,-1,5,936.5599999999996,0.1703565179794191
2314163816,Kuidas mõista USA-d_,14,22,4018.44,0.7309381631814483
2314163816,Kuidas mõista USA-d_,145,4,686.7270000000003,0.1249128945528878
2314163819,Miks peaks Lähis-Idas toimuv meile korda minema_,-1,16,2863.2430000000004,0.5140690905519679
2314163819,Miks peaks Lähis-Idas toimuv meile korda minema_,98,10,1742.6,0.3128678904290901
2314163819,Miks peaks Lähis-Idas toimuv meile korda minema_,231,6,1073.7599999999998,0.192783786311913
2314163822,"Marshall Plan 2.0_ Estonia, Ukraine and the Path Forward",-1,2,491.1200000000004,0.0883045709374539
2314163822,"Marshall Plan 2.0_ Estonia, Ukraine and the Path Forward",14,1,387.16,0.0696123099937788
2314163822,"Marshall Plan 2.0_ Estonia, Ukraine and the Path Forward",29,22,4699.78,0.8450318789713862
2314163825,"Kriise rohkem, raha vähem",-1,11,2052.4400000000005,0.4132521610548639
2314163825,"Kriise rohkem, raha vähem",163,8,1463.28,0.294626699064704
2314163825,"Kriise rohkem, raha vähem",200,6,1063.3559999999993,0.2141032941136673
2314163825,"Kriise rohkem, raha vähem",205,2,378.67999999999984,0.0762459942060453
2314163825,"Kriise rohkem, raha vähem",291,1,180.6000000000004,0.0363632263483992
2314163828,"Tahaks jääda iseendaks, aga raha tahaks ka",-1,18,3123.446,0.6127328218997067
2314163828,"Tahaks jääda iseendaks, aga raha tahaks ka",29,1,180.92000000000007,0.0354914482715868
2314163828,"Tahaks jääda iseendaks, aga raha tahaks ka",117,2,356.24000000000024,0.069884333032667
2314163828,"Tahaks jääda iseendaks, aga raha tahaks ka",126,1,180.36000000000013,0.0353815919205362
2314163828,"Tahaks jääda iseendaks, aga raha tahaks ka",145,4,692.0,0.1357510623697662
2314163828,"Tahaks jääda iseendaks, aga raha tahaks ka",246,1,181.52000000000044,0.0356091515048555
2314163828,"Tahaks jääda iseendaks, aga raha tahaks ka",321,2,376.0399999999996,0.0737685397305301
2314163828,"Tahaks jääda iseendaks, aga raha tahaks ka",325,1,184.15999999999983,0.0361270457312371
2314163831,Kuidas reisides mitte lolliks jääda_,-1,17,2884.971,0.5329697279388496
2314163831,Kuidas reisides mitte lolliks jääda_,220,8,1391.4,0.2570473254164826
2314163831,Kuidas reisides mitte lolliks jääda_,256,7,1285.0399999999995,0.2373983721813976
2314163834,Kilud versus karud - Läänemeremaade koostöö tulevik,-1,10,1936.8800000000008,0.3593159402760246
2314163834,Kilud versus karud - Läänemeremaade koostöö tulevik,92,1,181.52000000000004,0.0336742748538391
2314163834,Kilud versus karud - Läänemeremaade koostöö tulevik,116,11,2242.0000000000005,0.4159195913525086
2314163834,Kilud versus karud - Läänemeremaade koostöö tulevik,329,6,1185.3449999999991,0.2198966137429701
2318409173,Õpilaste tugevustel põhinev haridus – miks ja kuidas_,-1,8,1363.1540000000016,0.2556172242918068
2318409173,Õpilaste tugevustel põhinev haridus – miks ja kuidas_,10,1,186.84000000000012,0.0350360430198504
2318409173,Õpilaste tugevustel põhinev haridus – miks ja kuidas_,20,12,2274.399999999999,0.4264931291176818
2318409173,Õpilaste tugevustel põhinev haridus – miks ja kuidas_,88,5,988.2400000000008,0.1853137398519426
2318409173,Õpilaste tugevustel põhinev haridus – miks ja kuidas_,137,2,381.8800000000001,0.0716097415351127
2318409173,Õpilaste tugevustel põhinev haridus – miks ja kuidas_,150,1,186.19999999999985,0.034916030883623
2318409173,Õpilaste tugevustel põhinev haridus – miks ja kuidas_,214,1,181.92000000000007,0.0341134497226032
2318409176,Kaamera ei mõista hukka,-1,1,206.32000000000016,0.0529489962993189
2318409176,Kaamera ei mõista hukka,34,19,3523.1399999999994,0.904162111389988
2318409176,Kaamera ei mõista hukka,181,1,216.44000000000003,0.0555461455943417
2318409179,"Kas noortelt nõutakse rohkem, kui vastu pakutakse_",-1,15,2748.36,0.5055798736399834
2318409179,"Kas noortelt nõutakse rohkem, kui vastu pakutakse_",9,1,185.59999999999943,0.0341424065797714
2318409179,"Kas noortelt nõutakse rohkem, kui vastu pakutakse_",51,1,182.83999999999992,0.033634685447443
2318409179,"Kas noortelt nõutakse rohkem, kui vastu pakutakse_",88,1,182.1600000000003,0.033509594733681
2318409179,"Kas noortelt nõutakse rohkem, kui vastu pakutakse_",101,2,353.6399999999994,0.0650545294335689
2318409179,"Kas noortelt nõutakse rohkem, kui vastu pakutakse_",107,1,182.79999999999973,0.0336273271701628
2318409179,"Kas noortelt nõutakse rohkem, kui vastu pakutakse_",117,1,183.12000000000037,0.0336861933884039
2318409179,"Kas noortelt nõutakse rohkem, kui vastu pakutakse_",154,2,357.33500000000095,0.0657342502973205
2318409179,"Kas noortelt nõutakse rohkem, kui vastu pakutakse_",169,1,180.9199999999996,0.033281488137997
2318409179,"Kas noortelt nõutakse rohkem, kui vastu pakutakse_",212,1,204.48,0.0376155134559896
2318409179,"Kas noortelt nõutakse rohkem, kui vastu pakutakse_",258,1,182.52,0.033575819229202
2318409179,"Kas noortelt nõutakse rohkem, kui vastu pakutakse_",268,4,728.24,0.1339647961619225
2318409182,"Ma tahan õppida, andke mulle tagasisidet!",-1,7,1334.2759999999994,0.2483614143322915
2318409182,"Ma tahan õppida, andke mulle tagasisidet!",20,1,184.31999999999996,0.0343092252950124
2318409182,"Ma tahan õppida, andke mulle tagasisidet!",49,17,2956.68,0.5503548190389396
2318409182,"Ma tahan õppida, andke mulle tagasisidet!",88,2,444.9999999999998,0.0828320597671469
2318409182,"Ma tahan õppida, andke mulle tagasisidet!",125,1,241.5999999999999,0.0449712935724555
2318409182,"Ma tahan õppida, andke mulle tagasisidet!",152,1,185.64000000000036,0.0345549293824116
2318409182,"Ma tahan õppida, andke mulle tagasisidet!",289,1,180.0,0.0335051028271605
2318409185,Nutiseadmete kasutus koolikeskkonnas. Millal ja millal mitte_,-1,7,1253.3169999999989,0.2327268182963541
2318409185,Nutiseadmete kasutus koolikeskkonnas. Millal ja millal mitte_,36,19,3378.479999999999,0.6273455965871899
2318409185,Nutiseadmete kasutus koolikeskkonnas. Millal ja millal mitte_,88,1,183.92000000000053,0.0341518677406159
2318409185,Nutiseadmete kasutus koolikeskkonnas. Millal ja millal mitte_,181,2,396.9199999999999,0.0737035631992456
2318409185,Nutiseadmete kasutus koolikeskkonnas. Millal ja millal mitte_,219,1,185.91999999999985,0.0345232451627626
2318409185,Nutiseadmete kasutus koolikeskkonnas. Millal ja millal mitte_,289,1,181.04,0.0336170842527245
2318409188,Programmeerimine kui uus emakeel,-1,13,2284.4,0.4601613183287384
2318409188,Programmeerimine kui uus emakeel,0,9,1616.9059999999995,0.3257037281446537
2318409188,Programmeerimine kui uus emakeel,28,1,183.87999999999988,0.037040125728545
2318409188,Programmeerimine kui uus emakeel,30,3,515.4399999999999,0.1038283794078817
2318409188,Programmeerimine kui uus emakeel,169,1,182.48,0.0367581147647645
2318409188,Programmeerimine kui uus emakeel,295,2,361.2400000000002,0.0727668861114838
2318409191,Tark pidu ei vaja tõukeainet,-1,3,557.6000000000004,0.1019958704111005
2318409191,Tark pidu ei vaja tõukeainet,9,1,222.92,0.0407763978336486
2318409191,Tark pidu ei vaja tõukeainet,37,1,180.2800000000002,0.032976713625741
2318409191,Tark pidu ei vaja tõukeainet,42,1,180.8800000000001,0.0330864652796984
2318409191,Tark pidu ei vaja tõukeainet,61,16,2875.08,0.5259079754331898
2318409191,Tark pidu ei vaja tõukeainet,79,2,369.4000000000001,0.0675704349531214
2318409191,Tark pidu ei vaja tõukeainet,87,1,183.6,0.033584006110972
2318409191,Tark pidu ei vaja tõukeainet,125,1,222.32799999999952,0.0406681095350772
2318409191,Tark pidu ei vaja tõukeainet,183,1,183.20000000000027,0.0335108383416671
2318409191,Tark pidu ei vaja tõukeainet,209,1,187.48000000000047,0.0342937334732302
2318409191,Tark pidu ei vaja tõukeainet,264,1,182.55999999999997,0.0333937699107792
2318409191,Tark pidu ei vaja tõukeainet,283,1,186.5999999999999,0.0341327643807592
2318409191,Tark pidu ei vaja tõukeainet,284,1,183.0400000000002,0.0334815712339452
2323554785,Miks kaasamine pekki läheb_ + Demokraatiatrenn,-1,13,2619.608999999999,0.4979933764599132
2323554785,Miks kaasamine pekki läheb_ + Demokraatiatrenn,31,2,377.1599999999999,0.0716989374618963
2323554785,Miks kaasamine pekki läheb_ + Demokraatiatrenn,62,1,180.72000000000023,0.0343552656117136
2323554785,Miks kaasamine pekki läheb_ + Demokraatiatrenn,74,2,366.20000000000016,0.0696154175908009
2323554785,Miks kaasamine pekki läheb_ + Demokraatiatrenn,189,2,501.9200000000001,0.0954160851916296
2323554785,Miks kaasamine pekki läheb_ + Demokraatiatrenn,250,4,738.88,0.1404626972951692
2323554785,Miks kaasamine pekki läheb_ + Demokraatiatrenn,331,3,548.0000000000002,0.1041759935547758
2323554785,Miks kaasamine pekki läheb_ + Demokraatiatrenn,332,1,184.67999999999984,0.0351080702366714
2323554788,Parlamendierakondade noorte debatt,-1,12,2074.211,0.3796660633018692
2323554788,Parlamendierakondade noorte debatt,18,1,184.4799999999996,0.033767439936404
2323554788,Parlamendierakondade noorte debatt,20,1,180.63999999999987,0.0330645617417175
2323554788,Parlamendierakondade noorte debatt,50,1,184.55999999999997,0.0337820832321267
2323554788,Parlamendierakondade noorte debatt,56,1,184.23999999999975,0.0337235100492362
2323554788,Parlamendierakondade noorte debatt,65,2,352.3199999999997,0.0644890743624994
2323554788,Parlamendierakondade noorte debatt,72,2,357.04,0.0653530288101352
2323554788,Parlamendierakondade noorte debatt,101,6,1097.68,0.2009206606103216
2323554788,Parlamendierakondade noorte debatt,135,2,352.3600000000001,0.0644963960103608
2323554788,Parlamendierakondade noorte debatt,149,1,180.55999999999997,0.0330499184459948
2323554788,Parlamendierakondade noorte debatt,172,1,180.9199999999996,0.0331158132767466
2323554788,Parlamendierakondade noorte debatt,230,1,182.84000000000012,0.0334672523740901
2323554788,Parlamendierakondade noorte debatt,316,1,184.48000000000047,0.0337674399364042
2323554791,Parlamendierakondade esimeeste debatt,-1,15,2628.7650000000003,0.4890393489558384
2323554791,Parlamendierakondade esimeeste debatt,15,1,180.03999999999996,0.0334935395084798
2323554791,Parlamendierakondade esimeeste debatt,54,2,365.04,0.0679098070549627
2323554791,Parlamendierakondade esimeeste debatt,56,1,184.4000000000001,0.0343046472193051
2323554791,Parlamendierakondade esimeeste debatt,65,9,1609.4,0.2994029242665381
2323554791,Parlamendierakondade esimeeste debatt,125,1,213.36,0.0396921883444194
2323554791,Parlamendierakondade esimeeste debatt,164,1,185.15999999999983,0.0344460329670636
2323554791,Parlamendierakondade esimeeste debatt,277,1,200.80000000000015,0.0373556028288311
2323554794,Kas me siin Järvamaal oleme tõesti kõige rumalamad,-1,8,1457.144,0.2563632320320681
2323554794,Kas me siin Järvamaal oleme tõesti kõige rumalamad,83,10,1793.6800000000003,0.3155718323180688
2323554794,Kas me siin Järvamaal oleme tõesti kõige rumalamad,88,1,183.67999999999984,0.0323158167344135
2323554794,Kas me siin Järvamaal oleme tõesti kõige rumalamad,125,1,237.44,0.0417741045591199
2323554794,Kas me siin Järvamaal oleme tõesti kõige rumalamad,137,1,180.6000000000004,0.0317739356611231
2323554794,Kas me siin Järvamaal oleme tõesti kõige rumalamad,172,1,181.88,0.0319991329902827
2323554794,Kas me siin Järvamaal oleme tõesti kõige rumalamad,195,3,533.8400000000001,0.0939213610926574
2323554794,Kas me siin Järvamaal oleme tõesti kõige rumalamad,222,5,881.8799999999997,0.1551539223744805
2323554794,Kas me siin Järvamaal oleme tõesti kõige rumalamad,267,1,181.40000000000052,0.0319146839918479
2323554794,Kas me siin Järvamaal oleme tõesti kõige rumalamad,337,2,351.32000000000016,0.0618096294377949
2323554797,"Mida on vaja teha senisest teisiti, et Eesti majandus järjekindlalt ja kiiremini kasvaks_",-1,19,3274.84,0.662838544881928
2323554797,"Mida on vaja teha senisest teisiti, et Eesti majandus järjekindlalt ja kiiremini kasvaks_",18,1,183.84000000000012,0.037209829515669
2323554797,"Mida on vaja teha senisest teisiti, et Eesti majandus järjekindlalt ja kiiremini kasvaks_",25,1,182.44000000000003,0.0369264648435523
2323554797,"Mida on vaja teha senisest teisiti, et Eesti majandus järjekindlalt ja kiiremini kasvaks_",54,1,184.48,0.0373393676514938
2323554797,"Mida on vaja teha senisest teisiti, et Eesti majandus järjekindlalt ja kiiremini kasvaks_",86,1,170.59000000000017,0.0345279852974216
2323554797,"Mida on vaja teha senisest teisiti, et Eesti majandus järjekindlalt ja kiiremini kasvaks_",130,4,697.0,0.1410751260466782
2323554797,"Mida on vaja teha senisest teisiti, et Eesti majandus järjekindlalt ja kiiremini kasvaks_",187,2,356.1199999999999,0.0720798764530029
2323554800,Mis on fosforiidi kaevandamise hind_,-1,5,959.3599999999992,0.1719268980936714
2323554800,Mis on fosforiidi kaevandamise hind_,26,12,2125.4,0.3808929173702152
2323554800,Mis on fosforiidi kaevandamise hind_,31,1,181.6800000000003,0.0325588713784797
2323554800,Mis on fosforiidi kaevandamise hind_,86,4,742.6800000000003,0.1330956769890428
2323554800,Mis on fosforiidi kaevandamise hind_,229,4,736.5259999999998,0.1319928186971935
2323554800,Mis on fosforiidi kaevandamise hind_,254,3,533.1599999999999,0.0955475994283917
2323554800,Mis on fosforiidi kaevandamise hind_,333,3,557.5600000000002,0.0999203232374787
2323554803,Mis on fosforiidi kaevandamise hind + Demokraatiatrenn,-1,10,2020.737,0.2679376866344012
2323554803,Mis on fosforiidi kaevandamise hind + Demokraatiatrenn,26,13,2446.2000000000003,0.3243515455227832
2323554803,Mis on fosforiidi kaevandamise hind + Demokraatiatrenn,31,1,181.36000000000013,0.0240472554558139
2323554803,Mis on fosforiidi kaevandamise hind + Demokraatiatrenn,86,4,745.8399999999995,0.0988939402799086
2323554803,Mis on fosforiidi kaevandamise hind + Demokraatiatrenn,122,1,182.08000000000084,0.0241427231660488
2323554803,Mis on fosforiidi kaevandamise hind + Demokraatiatrenn,207,1,228.5599999999995,0.0303056942378739
2323554803,Mis on fosforiidi kaevandamise hind + Demokraatiatrenn,229,4,741.1200000000008,0.0982680964017027
2323554803,Mis on fosforiidi kaevandamise hind + Demokraatiatrenn,254,3,538.7199999999998,0.0714310623023602
2323554803,Mis on fosforiidi kaevandamise hind + Demokraatiatrenn,271,1,237.8800000000001,0.0315414707092468
2323554803,Mis on fosforiidi kaevandamise hind + Demokraatiatrenn,333,3,557.7199999999997,0.0739503491002234
2323554806,Eesti uued valikud ELi rahastuse kasutamisel,-1,12,2097.2759999999994,0.3737876224675076
2323554806,Eesti uued valikud ELi rahastuse kasutamisel,5,1,181.96000000000004,0.0324298736953017
2323554806,Eesti uued valikud ELi rahastuse kasutamisel,12,4,697.4399999999996,0.1243014459774194
2323554806,Eesti uued valikud ELi rahastuse kasutamisel,54,1,184.6800000000003,0.0329146464830091
2323554806,Eesti uued valikud ELi rahastuse kasutamisel,184,1,184.20000000000076,0.032829098344002
2323554806,Eesti uued valikud ELi rahastuse kasutamisel,205,7,1242.1200000000003,0.221377196715807
2323554806,Eesti uued valikud ELi rahastuse kasutamisel,234,1,181.07999999999996,0.0322730354404552
2323554806,Eesti uued valikud ELi rahastuse kasutamisel,334,6,1054.2799999999995,0.1878993583176672
2323554809,Miks kaasamine pekki läheb_,-1,8,1415.6289999999997,0.3929782259101037
2323554809,Miks kaasamine pekki läheb_,31,1,204.24,0.0566969685276859
2323554809,Miks kaasamine pekki läheb_,46,1,180.76,0.0501789269049379
2323554809,Miks kaasamine pekki läheb_,62,1,180.03999999999996,0.0499790551004924
2323554809,Miks kaasamine pekki läheb_,74,3,534.7199999999999,0.1484381267681367
2323554809,Miks kaasamine pekki läheb_,250,3,555.48,0.1542010971296465
2323554809,Miks kaasamine pekki läheb_,331,3,546.2,0.1516249716501277
2323554809,Miks kaasamine pekki läheb_,332,1,184.76000000000025,0.0512893258185236
2323554812,Kaasamine infosõja ajal. Mis tegelikult lõhestab Eesti ühiskonda,-1,7,1161.291000000001,0.2153597396005551
2323554812,Kaasamine infosõja ajal. Mis tegelikult lõhestab Eesti ühiskonda,25,1,191.07999999999996,0.0354355101717605
2323554812,Kaasamine infosõja ajal. Mis tegelikult lõhestab Eesti ühiskonda,31,9,1579.1600000000003,0.2928529424473386
2323554812,Kaasamine infosõja ajal. Mis tegelikult lõhestab Eesti ühiskonda,46,1,180.5600000000004,0.0334845913576151
2323554812,Kaasamine infosõja ajal. Mis tegelikult lõhestab Eesti ühiskonda,62,3,533.6399999999996,0.0989627676787644
2323554812,Kaasamine infosõja ajal. Mis tegelikult lõhestab Eesti ühiskonda,121,3,525.8400000000001,0.0975162689382384
2323554812,Kaasamine infosõja ajal. Mis tegelikult lõhestab Eesti ühiskonda,122,2,375.5999999999999,0.0696544778130274
2323554812,Kaasamine infosõja ajal. Mis tegelikult lõhestab Eesti ühiskonda,232,4,712.2399999999997,0.1320838798656832
2323554812,Kaasamine infosõja ajal. Mis tegelikult lõhestab Eesti ühiskonda,258,1,182.23999999999975,0.0337961449324976
2323554812,Kaasamine infosõja ajal. Mis tegelikult lõhestab Eesti ühiskonda,288,1,187.7199999999998,0.0348124030219954
2323554815,Kuidas tõsta Euroopa Liidu konkurentsivõimet ja panna majandus kiiremini kasvama_,-1,9,1555.88,0.4251741066487767
2323554815,Kuidas tõsta Euroopa Liidu konkurentsivõimet ja panna majandus kiiremini kasvama_,14,1,183.9199999999996,0.0502596740718068
2323554815,Kuidas tõsta Euroopa Liidu konkurentsivõimet ja panna majandus kiiremini kasvama_,145,1,181.1199999999999,0.0494945202690608
2323554815,Kuidas tõsta Euroopa Liidu konkurentsivõimet ja panna majandus kiiremini kasvama_,182,10,1823.155,0.4982121361591191
2383011942,Kuidas hoida tervet mõistust kriiside ajastul_ teadveloleku ja kaastunde praktiline jõud,-1,8,1455.12,0.2738759683210923
2383011942,Kuidas hoida tervet mõistust kriiside ajastul_ teadveloleku ja kaastunde praktiline jõud,9,1,188.32000000000065,0.0354447209537552
2383011942,Kuidas hoida tervet mõistust kriiside ajastul_ teadveloleku ja kaastunde praktiline jõud,27,18,3247.022000000001,0.6111394898083253
2383011942,Kuidas hoida tervet mõistust kriiside ajastul_ teadveloleku ja kaastunde praktiline jõud,43,1,229.19999999999985,0.0431389658166985
2383011942,Kuidas hoida tervet mõistust kriiside ajastul_ teadveloleku ja kaastunde praktiline jõud,51,1,181.48,0.0341573277330473
2383011942,Kuidas hoida tervet mõistust kriiside ajastul_ teadveloleku ja kaastunde praktiline jõud,133,1,180.1600000000003,0.0339088834272967
2383011945,Koduseinte vahelt rahvusvahelise poliitikani_ naistevastane vägivald on meie kõigi lahendada,-1,10,1800.92,0.3196392902947095
2383011945,Koduseinte vahelt rahvusvahelise poliitikani_ naistevastane vägivald on meie kõigi lahendada,13,1,181.7199999999998,0.0322528773251196
2383011945,Koduseinte vahelt rahvusvahelise poliitikani_ naistevastane vägivald on meie kõigi lahendada,18,2,351.3199999999997,0.0623546162330016
2383011945,Koduseinte vahelt rahvusvahelise poliitikani_ naistevastane vägivald on meie kõigi lahendada,32,2,366.48,0.0650453141212298
2383011945,Koduseinte vahelt rahvusvahelise poliitikani_ naistevastane vägivald on meie kõigi lahendada,92,1,182.27999999999972,0.0323522698592494
2383011945,Koduseinte vahelt rahvusvahelise poliitikani_ naistevastane vägivald on meie kõigi lahendada,121,1,199.79999999999995,0.0354618362841675
2383011945,Koduseinte vahelt rahvusvahelise poliitikani_ naistevastane vägivald on meie kõigi lahendada,124,2,362.1999999999998,0.0642856711818091
2383011945,Koduseinte vahelt rahvusvahelise poliitikani_ naistevastane vägivald on meie kõigi lahendada,144,1,180.44000000000003,0.0320256943899659
2383011945,Koduseinte vahelt rahvusvahelise poliitikani_ naistevastane vägivald on meie kõigi lahendada,147,12,2145.9059999999995,0.3808697059720358
2383011945,Koduseinte vahelt rahvusvahelise poliitikani_ naistevastane vägivald on meie kõigi lahendada,168,1,189.2400000000007,0.0335875770691485
2383011948,Nõusolek – seksikuse summutaja või hoopis võimendaja_,-1,3,542.6400000000001,0.0988297028934788
2383011948,Nõusolek – seksikuse summutaja või hoopis võimendaja_,9,1,184.79999999999973,0.0336571743600082
2383011948,Nõusolek – seksikuse summutaja või hoopis võimendaja_,27,1,186.1199999999999,0.033897582748294
2383011948,Nõusolek – seksikuse summutaja või hoopis võimendaja_,37,19,3361.6800000000003,0.6122545990397871
2383011948,Nõusolek – seksikuse summutaja või hoopis võimendaja_,132,1,185.67999999999935,0.0338174466188653
2383011948,Nõusolek – seksikuse summutaja või hoopis võimendaja_,162,2,389.1369999999997,0.0708725749942128
2383011948,Nõusolek – seksikuse summutaja või hoopis võimendaja_,309,5,912.4399999999991,0.1661804771268719
2383055898,"Kes õpetab tervena elama enne, kui tuleb õppida haigusega elama_ (1)",-1,14,2486.885,0.4697975356685763
2383055898,"Kes õpetab tervena elama enne, kui tuleb õppida haigusega elama_ (1)",57,1,182.15999999999983,0.0344118522156785
2383055898,"Kes õpetab tervena elama enne, kui tuleb õppida haigusega elama_ (1)",105,3,543.52,0.1026763829395346
2383055898,"Kes õpetab tervena elama enne, kui tuleb õppida haigusega elama_ (1)",127,5,893.6800000000001,0.1688251212566295
2383055898,"Kes õpetab tervena elama enne, kui tuleb õppida haigusega elama_ (1)",141,3,549.6399999999992,0.1038325123618003
2383055898,"Kes õpetab tervena elama enne, kui tuleb õppida haigusega elama_ (1)",153,1,184.48000000000047,0.0348501234999363
2383055898,"Kes õpetab tervena elama enne, kui tuleb õppida haigusega elama_ (1)",260,1,181.6000000000004,0.0343060625953406
2383055898,"Kes õpetab tervena elama enne, kui tuleb õppida haigusega elama_ (1)",285,2,364.60000000000014,0.0688765992415262
2383055898,"Kes õpetab tervena elama enne, kui tuleb õppida haigusega elama_ (1)",288,1,184.15999999999983,0.0347896722883144
2387966361,Euroopa Liidu heitekaubandus_ rohepöörasus või nutikas poliitika_,-1,9,1763.1570000000002,0.4771121562926789
2387966361,Euroopa Liidu heitekaubandus_ rohepöörasus või nutikas poliitika_,15,1,180.0,0.0487081911212003
2387966361,Euroopa Liidu heitekaubandus_ rohepöörasus või nutikas poliitika_,62,1,199.1199999999999,0.0538820834225189
2387966361,Euroopa Liidu heitekaubandus_ rohepöörasus või nutikas poliitika_,77,1,184.15999999999983,0.0498338915382235
2387966361,Euroopa Liidu heitekaubandus_ rohepöörasus või nutikas poliitika_,136,2,369.96,0.1001115688177737
2387966361,Euroopa Liidu heitekaubandus_ rohepöörasus või nutikas poliitika_,184,1,193.76,0.0524316617313543
2387966361,Euroopa Liidu heitekaubandus_ rohepöörasus või nutikas poliitika_,215,1,184.92000000000007,0.0500395483451798
2387966361,Euroopa Liidu heitekaubandus_ rohepöörasus või nutikas poliitika_,257,4,788.76,0.2134392934930998
2387966364,Millised on kohaliku kaugkütte tulevikustsenaariumid_,-1,11,2004.670999999999,0.3859418266149501
2387966364,Millised on kohaliku kaugkütte tulevikustsenaariumid_,77,6,1087.5200000000002,0.2093707422715701
2387966364,Millised on kohaliku kaugkütte tulevikustsenaariumid_,94,1,181.8800000000001,0.0350157703806396
2387966364,Millised on kohaliku kaugkütte tulevikustsenaariumid_,115,1,185.2800000000002,0.035670342732158
2387966364,Millised on kohaliku kaugkütte tulevikustsenaariumid_,215,6,1157.5599999999995,0.22285493271285
2387966364,Millised on kohaliku kaugkütte tulevikustsenaariumid_,257,1,185.59999999999943,0.0357319495417126
2387966364,Millised on kohaliku kaugkütte tulevikustsenaariumid_,290,2,362.1599999999989,0.0697235067135056
2387966364,Millised on kohaliku kaugkütte tulevikustsenaariumid_,300,1,181.52,0.0349464627198905
2387966364,Millised on kohaliku kaugkütte tulevikustsenaariumid_,318,1,183.55999999999997,0.0353392061308016
2387966370,Kuidas edasi_ Eesti energeetika järgmise kümne aasta vaade,-1,14,2547.883999999999,0.4473924681525641
2387966370,Kuidas edasi_ Eesti energeetika järgmise kümne aasta vaade,15,2,367.1200000000004,0.0644639720286204
2387966370,Kuidas edasi_ Eesti energeetika järgmise kümne aasta vaade,40,1,180.79999999999927,0.0317473473054437
2387966370,Kuidas edasi_ Eesti energeetika järgmise kümne aasta vaade,44,1,187.0800000000004,0.0328500759618498
2387966370,Kuidas edasi_ Eesti energeetika järgmise kümne aasta vaade,115,2,348.1999999999998,0.0611417385605949
2387966370,Kuidas edasi_ Eesti energeetika järgmise kümne aasta vaade,119,3,533.4000000000001,0.0936616983004633
2387966370,Kuidas edasi_ Eesti energeetika järgmise kümne aasta vaade,171,2,372.24000000000046,0.0653630119523144
2387966370,Kuidas edasi_ Eesti energeetika järgmise kümne aasta vaade,201,1,205.0,0.0359967156947787
2387966370,Kuidas edasi_ Eesti energeetika järgmise kümne aasta vaade,210,1,183.3599999999999,0.0321968672672908
2387966370,Kuidas edasi_ Eesti energeetika järgmise kümne aasta vaade,211,1,184.80000000000015,0.0324497222458298
2387966370,Kuidas edasi_ Eesti energeetika järgmise kümne aasta vaade,226,2,363.84,0.0638880245775039
2387966370,Kuidas edasi_ Eesti energeetika järgmise kümne aasta vaade,249,1,183.28,0.0321828197684831
2387966370,Kuidas edasi_ Eesti energeetika järgmise kümne aasta vaade,261,1,182.52,0.0320493685298098
2387966370,Kuidas edasi_ Eesti energeetika järgmise kümne aasta vaade,310,1,183.15999999999983,0.0321617485202715
2387966373,Miks peab elektriga kauplema börsil_ (1),-1,3,573.1999999999998,0.1524854570852665
2387966373,Miks peab elektriga kauplema börsil_ (1),45,18,3061.2070000000003,0.8143572027697447
2387966373,Miks peab elektriga kauplema börsil_ (1),63,1,181.36000000000013,0.0482462709298394
2387966376,Milliseid riske toob kliima ettevõtete tegevusse ja kuidas neid maandada_ Ettevalmistused ja õppetunnid,-1,8,1420.1199999999997,0.2718895685553736
2387966376,Milliseid riske toob kliima ettevõtete tegevusse ja kuidas neid maandada_ Ettevalmistused ja õppetunnid,9,1,84.27000000000044,0.0161339421613395
2387966376,Milliseid riske toob kliima ettevõtete tegevusse ja kuidas neid maandada_ Ettevalmistused ja õppetunnid,142,12,2134.64,0.4086882436843666
2387966376,Milliseid riske toob kliima ettevõtete tegevusse ja kuidas neid maandada_ Ettevalmistused ja õppetunnid,151,2,368.80000000000007,0.0706087322784143
2387966376,Milliseid riske toob kliima ettevõtete tegevusse ja kuidas neid maandada_ Ettevalmistused ja õppetunnid,242,1,183.96000000000004,0.0352201257861635
2387966376,Milliseid riske toob kliima ettevõtete tegevusse ja kuidas neid maandada_ Ettevalmistused ja õppetunnid,261,1,186.04,0.0356183529096426
2387966376,Milliseid riske toob kliima ettevõtete tegevusse ja kuidas neid maandada_ Ettevalmistused ja õppetunnid,318,1,183.04,0.0350439868661631
2387966376,Milliseid riske toob kliima ettevõtete tegevusse ja kuidas neid maandada_ Ettevalmistused ja õppetunnid,335,5,887.8800000000001,0.1699893742281956
2387966379,Elektridefitsiit Eestis_ kui suur on tegelik majandus- ja julgeolekurisk_,-1,9,1670.3999999999992,0.3014041710122227
2387966379,Elektridefitsiit Eestis_ kui suur on tegelik majandus- ja julgeolekurisk_,15,3,520.1200000000003,0.0938495793982743
2387966379,Elektridefitsiit Eestis_ kui suur on tegelik majandus- ja julgeolekurisk_,40,1,185.6000000000004,0.0334893523346915
2387966379,Elektridefitsiit Eestis_ kui suur on tegelik majandus- ja julgeolekurisk_,63,3,479.54,0.0865273923414759
2387966379,Elektridefitsiit Eestis_ kui suur on tegelik majandus- ja julgeolekurisk_,115,1,214.64000000000036,0.0387292811698177
2387966379,Elektridefitsiit Eestis_ kui suur on tegelik majandus- ja julgeolekurisk_,119,3,570.5599999999996,0.102950888297853
2387966379,Elektridefitsiit Eestis_ kui suur on tegelik majandus- ja julgeolekurisk_,171,1,185.0,0.0333810893422301
2387966379,Elektridefitsiit Eestis_ kui suur on tegelik majandus- ja julgeolekurisk_,201,1,215.64,0.0389097194905865
2387966379,Elektridefitsiit Eestis_ kui suur on tegelik majandus- ja julgeolekurisk_,210,1,183.92000000000007,0.0331862159557998
2387966379,Elektridefitsiit Eestis_ kui suur on tegelik majandus- ja julgeolekurisk_,211,3,590.1199999999998,0.106480261852091
2387966379,Elektridefitsiit Eestis_ kui suur on tegelik majandus- ja julgeolekurisk_,310,1,184.55999999999997,0.0333016964810918
2387966379,Elektridefitsiit Eestis_ kui suur on tegelik majandus- ja julgeolekurisk_,311,4,758.3599999999999,0.1368372049382359
2387966382,Miks me pelgame energiat kui majandusarengu mootorit,-1,13,2279.32,0.4067181330493546
2387966382,Miks me pelgame energiat kui majandusarengu mootorit,15,4,742.9600000000003,0.1325725673140887
2387966382,Miks me pelgame energiat kui majandusarengu mootorit,16,1,62.13599999999951,0.0110874462186768
2387966382,Miks me pelgame energiat kui majandusarengu mootorit,40,1,183.48,0.0327398711246756
2387966382,Miks me pelgame energiat kui majandusarengu mootorit,44,1,240.0,0.0428252074881302
2387966382,Miks me pelgame energiat kui majandusarengu mootorit,45,2,361.96,0.0645875504266818
2387966382,Miks me pelgame energiat kui majandusarengu mootorit,63,2,352.8800000000001,0.0629673300767142
2387966382,Miks me pelgame energiat kui majandusarengu mootorit,77,1,200.4400000000005,0.0357661857871702
2387966382,Miks me pelgame energiat kui majandusarengu mootorit,92,1,180.0,0.0321189056160977
2387966382,Miks me pelgame energiat kui majandusarengu mootorit,115,2,364.8000000000002,0.065094315381958
2387966382,Miks me pelgame energiat kui majandusarengu mootorit,119,1,184.5600000000001,0.0329325845583722
2387966382,Miks me pelgame energiat kui majandusarengu mootorit,211,1,184.75999999999988,0.0329682722312789
2387966382,Miks me pelgame energiat kui majandusarengu mootorit,249,2,366.6399999999999,0.0654226419727003
2387966382,Miks me pelgame energiat kui majandusarengu mootorit,257,1,181.07999999999996,0.0323116190497942
2393585466,Matemaatikatund ja -ring kui mõtlemise laborid,-1,3,585.2000000000003,0.1473536893944373
2393585466,Matemaatikatund ja -ring kui mõtlemise laborid,30,16,2949.8370000000004,0.7427706169894374
2393585466,Matemaatikatund ja -ring kui mõtlemise laborid,204,3,555.0800000000004,0.139769456440643
2393585469,Mida Eesti tegelikult kõrghariduselt ootab_,-1,6,1051.0000000000005,0.1920116573547408
2393585469,Mida Eesti tegelikult kõrghariduselt ootab_,56,12,2101.6260000000007,0.3839549870597663
2393585469,Mida Eesti tegelikult kõrghariduselt ootab_,172,8,1404.7999999999995,0.2566488832083156
2393585469,Mida Eesti tegelikult kõrghariduselt ootab_,223,5,904.2399999999996,0.1651994491402956
2393585469,Mida Eesti tegelikult kõrghariduselt ootab_,268,1,185.0,0.0337984363564481
2393585472,Kas lapsel on päriselt koht Eestis_ Elu asendushooldusel täna ja homme,-1,9,1596.440000000001,0.2855181674356484
2393585472,Kas lapsel on päriselt koht Eestis_ Elu asendushooldusel täna ja homme,51,1,184.55999999999997,0.0330079633321159
2393585472,Kas lapsel on päriselt koht Eestis_ Elu asendushooldusel täna ja homme,84,2,369.8800000000001,0.0661518502236837
2393585472,Kas lapsel on päriselt koht Eestis_ Elu asendushooldusel täna ja homme,124,2,354.6399999999999,0.0634262251630993
2393585472,Kas lapsel on päriselt koht Eestis_ Elu asendushooldusel täna ja homme,154,2,388.2800000000002,0.0694426311367251
2393585472,Kas lapsel on päriselt koht Eestis_ Elu asendushooldusel täna ja homme,183,6,1086.9999999999998,0.1944064593736999
2393585472,Kas lapsel on päriselt koht Eestis_ Elu asendushooldusel täna ja homme,235,8,1434.4980000000005,0.2565553607715308
2393585472,Kas lapsel on päriselt koht Eestis_ Elu asendushooldusel täna ja homme,236,1,200.32,0.0358265887228515
2393585472,Kas lapsel on päriselt koht Eestis_ Elu asendushooldusel täna ja homme,237,1,182.52,0.0326431158830613
2393585475,Kas internet vajab korrakaitsjat_,-1,14,2469.28,0.4594582877229883
2393585475,Kas internet vajab korrakaitsjat_,31,1,180.80000000000015,0.0336414090019424
2393585475,Kas internet vajab korrakaitsjat_,42,3,519.4799999999996,0.0966595085637666
2393585475,Kas internet vajab korrakaitsjat_,124,1,185.4400000000005,0.0345047725957976
2393585475,Kas internet vajab korrakaitsjat_,125,1,74.72900000000027,0.0139048056045694
2393585475,Kas internet vajab korrakaitsjat_,190,6,1062.52,0.1977028202032291
2393585475,Kas internet vajab korrakaitsjat_,221,2,365.08000000000015,0.0679303406992761
2393585475,Kas internet vajab korrakaitsjat_,245,1,184.36000000000013,0.0343038172765381
2393585475,Kas internet vajab korrakaitsjat_,258,1,184.2800000000001,0.0342889316973337
2393585475,Kas internet vajab korrakaitsjat_,283,2,353.1999999999998,0.0657198321874228
2393585478,Tehisintellekt kõrghariduses_ reeglid alles kujunemas,-1,5,873.0799999999999,0.2050447663537573
2393585478,Tehisintellekt kõrghariduses_ reeglid alles kujunemas,16,3,531.7600000000002,0.1248850104873254
2393585478,Tehisintellekt kõrghariduses_ reeglid alles kujunemas,28,1,181.0,0.0425082497709603
2393585478,Tehisintellekt kõrghariduses_ reeglid alles kujunemas,56,2,388.67700000000025,0.0912816519128595
2393585478,Tehisintellekt kõrghariduses_ reeglid alles kujunemas,72,7,1228.5600000000004,0.2885300294950889
2393585478,Tehisintellekt kõrghariduses_ reeglid alles kujunemas,90,1,180.88,0.0424800675059188
2393585478,Tehisintellekt kõrghariduses_ reeglid alles kujunemas,93,1,180.6800000000001,0.042433097064183
2393585478,Tehisintellekt kõrghariduses_ reeglid alles kujunemas,135,1,181.43999999999983,0.0426115847427792
2393585478,Tehisintellekt kõrghariduses_ reeglid alles kujunemas,149,3,535.4800000000001,0.1257586607036125
2393585478,Tehisintellekt kõrghariduses_ reeglid alles kujunemas,203,1,184.7199999999998,0.0433818999872474
2393585481,"Ekspert ekraanil, märklaud seljal_ mis on ekspertarvamuse hind_",-1,9,1593.4400000000005,0.3025402183839739
2393585481,"Ekspert ekraanil, märklaud seljal_ mis on ekspertarvamuse hind_",16,18,3158.3199999999997,0.5996578613104177
2393585481,"Ekspert ekraanil, märklaud seljal_ mis on ekspertarvamuse hind_",42,2,363.9999999999995,0.0691112558312621
2393585481,"Ekspert ekraanil, märklaud seljal_ mis on ekspertarvamuse hind_",121,1,184.92,0.0351100368909807
2393585481,"Ekspert ekraanil, märklaud seljal_ mis on ekspertarvamuse hind_",283,1,162.71000000000004,0.0308931110887491
2393585484,Hinded ja heaolu – kas kool hindab õigesti_,-1,4,691.97,0.1547806247413687
2393585484,Hinded ja heaolu – kas kool hindab õigesti_,20,5,885.2800000000001,0.1980204220862738
2393585484,Hinded ja heaolu – kas kool hindab õigesti_,49,2,364.4000000000001,0.0815094001990762
2393585484,Hinded ja heaolu – kas kool hindab õigesti_,93,1,182.55999999999997,0.0408352253028083
2393585484,Hinded ja heaolu – kas kool hindab õigesti_,137,1,217.76000000000025,0.0487088007336741
2393585484,Hinded ja heaolu – kas kool hindab õigesti_,152,11,1954.1600000000003,0.4371086978403588
2393585484,Hinded ja heaolu – kas kool hindab õigesti_,214,1,182.52,0.0408262780580005
2393585484,Hinded ja heaolu – kas kool hindab õigesti_,289,1,181.40000000000052,0.0405757552033821
2394248493,"Kuidas rääkida vähist ja tervisest nii, et kasvaks teadlikkus, mitte ärevus_",-1,11,2161.759999999999,0.3828198574165324
2394248493,"Kuidas rääkida vähist ja tervisest nii, et kasvaks teadlikkus, mitte ärevus_",3,3,581.3599999999997,0.1029513693970076
2394248493,"Kuidas rääkida vähist ja tervisest nii, et kasvaks teadlikkus, mitte ärevus_",21,1,215.72000000000003,0.0382012340139027
2394248493,"Kuidas rääkida vähist ja tervisest nii, et kasvaks teadlikkus, mitte ärevus_",153,5,983.9599999999996,0.174246644818838
2394248493,"Kuidas rääkida vähist ja tervisest nii, et kasvaks teadlikkus, mitte ärevus_",193,5,995.3200000000002,0.1762583545277104
2394248493,"Kuidas rääkida vähist ja tervisest nii, et kasvaks teadlikkus, mitte ärevus_",260,2,410.41799999999967,0.0726797425436581
2394248493,"Kuidas rääkida vähist ja tervisest nii, et kasvaks teadlikkus, mitte ärevus_",279,2,389.48000000000025,0.0689718923777807
2394248493,"Kuidas rääkida vähist ja tervisest nii, et kasvaks teadlikkus, mitte ärevus_",280,1,187.72000000000023,0.0332427945906259
2394248496,Surm ei küsi diagnoosi – kas sina oled valmis_,-1,10,1801.2650000000012,0.3288405102576393
2394248496,Surm ei küsi diagnoosi – kas sina oled valmis_,9,3,534.1199999999999,0.0975094132949955
2394248496,Surm ei küsi diagnoosi – kas sina oled valmis_,11,1,206.44000000000003,0.0376878665480021
2394248496,Surm ei küsi diagnoosi – kas sina oled valmis_,19,1,183.15999999999983,0.0334378494329202
2394248496,Surm ei küsi diagnoosi – kas sina oled valmis_,21,4,818.7599999999994,0.1494735400835214
2394248496,Surm ei küsi diagnoosi – kas sina oled valmis_,79,1,182.2800000000002,0.0332771958649962
2394248496,Surm ei küsi diagnoosi – kas sina oled valmis_,162,1,182.7199999999998,0.0333575226489582
2394248496,Surm ei küsi diagnoosi – kas sina oled valmis_,193,2,373.84,0.0682485566281006
2394248496,Surm ei küsi diagnoosi – kas sina oled valmis_,279,2,355.84000000000015,0.0649624609205632
2394248496,Surm ei küsi diagnoosi – kas sina oled valmis_,336,6,1099.1200000000003,0.2006563063371443
2394248499,Vähipatsiendi infoauk_ kelle vastutus on seda täita_,-1,8,1440.5999999999997,0.2455411928331833
2394248499,Vähipatsiendi infoauk_ kelle vastutus on seda täita_,3,17,3073.88,0.5239234775968802
2394248499,Vähipatsiendi infoauk_ kelle vastutus on seda täita_,135,1,182.2800000000002,0.0310684774605252
2394248499,Vähipatsiendi infoauk_ kelle vastutus on seda täita_,193,1,183.7199999999998,0.0313139163871389
2394248499,Vähipatsiendi infoauk_ kelle vastutus on seda täita_,226,1,205.92,0.0350977665057678
2394248499,Vähipatsiendi infoauk_ kelle vastutus on seda täita_,281,6,1053.9199999999996,0.179634023289427
2394248502,Vähitõrje järgmised viis aastat – mida peab Eesti teisiti tegema_,-1,11,1883.9879999999996,0.3271455431866122
2394248502,Vähitõrje järgmised viis aastat – mida peab Eesti teisiti tegema_,3,1,181.6400000000001,0.0315409208893136
2394248502,Vähitõrje järgmised viis aastat – mida peab Eesti teisiti tegema_,21,4,715.8400000000001,0.1243022066142165
2394248502,Vähitõrje järgmised viis aastat – mida peab Eesti teisiti tegema_,23,1,183.92000000000007,0.0319368320301837
2394248502,Vähitõrje järgmised viis aastat – mida peab Eesti teisiti tegema_,69,1,186.8800000000001,0.0324508219323659
2394248502,Vähitõrje järgmised viis aastat – mida peab Eesti teisiti tegema_,158,1,183.12,0.0317979158404047
2394248502,Vähitõrje järgmised viis aastat – mida peab Eesti teisiti tegema_,166,5,875.9200000000005,0.1520993361889872
2394248502,Vähitõrje järgmised viis aastat – mida peab Eesti teisiti tegema_,202,1,182.36000000000013,0.0316659454601147
2394248502,Vähitõrje järgmised viis aastat – mida peab Eesti teisiti tegema_,244,1,182.19999999999985,0.0316381622221589
2394248502,Vähitõrje järgmised viis aastat – mida peab Eesti teisiti tegema_,253,7,1270.4,0.220598909368994
2394248502,Vähitõrje järgmised viis aastat – mida peab Eesti teisiti tegema_,279,1,182.5999999999999,0.0317076203170484
2394248505,Tehisintellekti tulevik vähiravis,-1,11,1958.16,0.3519234875176217
2394248505,Tehisintellekti tulevik vähiravis,3,9,1554.1999999999998,0.2793231831412589
2394248505,Tehisintellekti tulevik vähiravis,55,1,180.8800000000001,0.0325080281602052
2394248505,Tehisintellekti tulevik vähiravis,69,2,366.3999999999997,0.0658499641635292
2394248505,Tehisintellekti tulevik vähiravis,193,2,367.6000000000004,0.0660656299850256
2394248505,Tehisintellekti tulevik vähiravis,264,1,181.44000000000003,0.0326086722102368
2394248505,Tehisintellekti tulevik vähiravis,273,7,1156.2039999999995,0.2077947378977326
2395857120,Muutuv rändemaastik_ milleks peab Eesti Euroopa piiririigina valmis olema_,-1,12,2208.953000000001,0.4043632991402018
2395857120,Muutuv rändemaastik_ milleks peab Eesti Euroopa piiririigina valmis olema_,33,6,1116.3599999999994,0.2043570019951331
2395857120,Muutuv rändemaastik_ milleks peab Eesti Euroopa piiririigina valmis olema_,92,6,1072.239999999999,0.1962805473317402
2395857120,Muutuv rändemaastik_ milleks peab Eesti Euroopa piiririigina valmis olema_,148,4,720.5999999999999,0.1319105446609454
2395857120,Muutuv rändemaastik_ milleks peab Eesti Euroopa piiririigina valmis olema_,161,1,186.35999999999967,0.0341144172953285
2395857120,Muutuv rändemaastik_ milleks peab Eesti Euroopa piiririigina valmis olema_,325,1,208.6,0.0381855948047088
2395857120,Muutuv rändemaastik_ milleks peab Eesti Euroopa piiririigina valmis olema_,330,1,184.07999999999996,0.033697048378
2395857123,"Uus elu, uued rollid_ pagulaste identiteet ja kuuluvus Eestis",-1,13,2695.909,0.558692573800786
2395857123,"Uus elu, uued rollid_ pagulaste identiteet ja kuuluvus Eestis",53,4,781.6800000000005,0.1619931574428508
2395857123,"Uus elu, uued rollid_ pagulaste identiteet ja kuuluvus Eestis",75,1,184.87999999999963,0.0383140095026535
2395857123,"Uus elu, uued rollid_ pagulaste identiteet ja kuuluvus Eestis",117,1,197.07999999999996,0.040842303076498
2395857123,"Uus elu, uued rollid_ pagulaste identiteet ja kuuluvus Eestis",154,1,222.35999999999967,0.0460812589409889
2395857123,"Uus elu, uued rollid_ pagulaste identiteet ja kuuluvus Eestis",209,4,755.1599999999996,0.1564972274774116
2395857123,"Uus elu, uued rollid_ pagulaste identiteet ja kuuluvus Eestis",272,1,211.1600000000003,0.0437602025453285
2395857126,Kuuluvustunne või äärmuslus_ Kuidas ennetada radikaliseerumist,-1,10,1829.5599999999995,0.3442741623328809
2395857126,Kuuluvustunne või äärmuslus_ Kuidas ennetada radikaliseerumist,10,1,228.15999999999983,0.042933597628867
2395857126,Kuuluvustunne või äärmuslus_ Kuidas ennetada radikaliseerumist,31,1,182.27999999999972,0.0343002111491492
2395857126,Kuuluvustunne või äärmuslus_ Kuidas ennetada radikaliseerumist,53,2,364.0400000000002,0.0685025722335764
2395857126,Kuuluvustunne või äärmuslus_ Kuidas ennetada radikaliseerumist,118,1,184.4799999999996,0.0347141921922045
2395857126,Kuuluvustunne või äärmuslus_ Kuidas ennetada radikaliseerumist,144,9,1710.2000000000005,0.3218138090151147
2395857126,Kuuluvustunne või äärmuslus_ Kuidas ennetada radikaliseerumist,148,1,200.04,0.0376421672058142
2395857126,Kuuluvustunne või äärmuslus_ Kuidas ennetada radikaliseerumist,161,2,308.7329999999997,0.0580952769843663
2395857126,Kuuluvustunne või äärmuslus_ Kuidas ennetada radikaliseerumist,232,1,180.1199999999999,0.0338937570341494
2395857126,Kuuluvustunne või äärmuslus_ Kuidas ennetada radikaliseerumist,283,1,183.23999999999975,0.0344808574224824
2395857126,Kuuluvustunne või äärmuslus_ Kuidas ennetada radikaliseerumist,297,1,190.5999999999999,0.035865812184704
2395857129,Pagulus ja rahvus,-1,12,2291.96,0.4577194270738577
2395857129,Pagulus ja rahvus,19,1,183.75999999999976,0.0366980758473498
2395857129,Pagulus ja rahvus,75,2,351.67999999999984,0.0702327999237919
2395857129,Pagulus ja rahvus,248,7,1433.547000000001,0.2862887273440408
2395857129,Pagulus ja rahvus,263,1,202.28,0.0403966411754567
2395857129,Pagulus ja rahvus,317,4,729.6000000000003,0.1457058997509061
2395857132,"Kes vastutab, kui välistöötajad elavad kümnekesi kitsas köögis ega saa palka_",-1,20,3395.375,0.6308789988805225
2395857132,"Kes vastutab, kui välistöötajad elavad kümnekesi kitsas köögis ega saa palka_",6,1,183.76000000000025,0.0341435997008533
2395857132,"Kes vastutab, kui välistöötajad elavad kümnekesi kitsas köögis ega saa palka_",25,4,704.8799999999999,0.1309705080384059
2395857132,"Kes vastutab, kui välistöötajad elavad kümnekesi kitsas köögis ega saa palka_",42,1,184.04000000000087,0.0341956252119344
2395857132,"Kes vastutab, kui välistöötajad elavad kümnekesi kitsas köögis ega saa palka_",106,2,362.8,0.0674101979291988
2395857132,"Kes vastutab, kui välistöötajad elavad kümnekesi kitsas köögis ega saa palka_",117,1,184.0800000000004,0.034203057427803
2395857132,"Kes vastutab, kui välistöötajad elavad kümnekesi kitsas köögis ega saa palka_",120,1,180.96000000000004,0.0336233445900436
2395857132,"Kes vastutab, kui välistöötajad elavad kümnekesi kitsas köögis ega saa palka_",126,1,182.87999999999988,0.0339800909517416
2395857132,"Kes vastutab, kui välistöötajad elavad kümnekesi kitsas köögis ega saa palka_",337,1,186.76000000000025,0.0347010158910065
2395857135,"Kellel lubame otsustada, kes Eestisse elama tuleb_",-1,10,1790.1199999999997,0.3211981214578617
2395857135,"Kellel lubame otsustada, kes Eestisse elama tuleb_",24,2,349.32000000000016,0.0626778806938419
2395857135,"Kellel lubame otsustada, kes Eestisse elama tuleb_",70,16,2775.378,0.4979812526174097
2395857135,"Kellel lubame otsustada, kes Eestisse elama tuleb_",72,1,181.4000000000001,0.0325482868368914
2395857135,"Kellel lubame otsustada, kes Eestisse elama tuleb_",155,4,727.3599999999999,0.1305089410897539
2395857138,"Do They Belong Here, Or Do They Just Live Here_",-1,1,241.44000000000003,0.050815609046458
2395857138,"Do They Belong Here, Or Do They Just Live Here_",38,21,4131.336000000001,0.8695177063268634
2395857138,"Do They Belong Here, Or Do They Just Live Here_",81,1,181.6000000000004,0.0382211506081709
2395857138,"Do They Belong Here, Or Do They Just Live Here_",148,1,249.0,0.052406753862525
2395857141,"Kes ütleb meile, et nemad pole meie_",-1,12,2329.24,0.4455663542348545
2395857141,"Kes ütleb meile, et nemad pole meie_",11,1,182.63999999999987,0.0349376787868376
2395857141,"Kes ütleb meile, et nemad pole meie_",52,1,117.35400000000028,0.0224489507027516
2395857141,"Kes ütleb meile, et nemad pole meie_",53,1,184.39999999999964,0.0352743537466757
2395857141,"Kes ütleb meile, et nemad pole meie_",118,1,180.03999999999996,0.0344403180507131
2395857141,"Kes ütleb meile, et nemad pole meie_",190,2,372.8,0.07131387785662
2395857141,"Kes ütleb meile, et nemad pole meie_",212,1,205.76,0.0393603634865293
2395857141,"Kes ütleb meile, et nemad pole meie_",221,2,381.1200000000002,0.0729054322122185
2395857141,"Kes ütleb meile, et nemad pole meie_",272,1,186.28,0.0356339838174119
2395857141,"Kes ütleb meile, et nemad pole meie_",275,6,1108.8000000000006,0.212105224698016
2395857141,"Kes ütleb meile, et nemad pole meie_",328,1,203.7199999999999,0.0389701266012624
2395857144,Vabatahtlikkus_ lõimumise mootor või lõhede peegel_,-1,5,901.0000000000002,0.1966651183745028
2395857144,Vabatahtlikkus_ lõimumise mootor või lõhede peegel_,48,15,2673.28,0.5835082437826756
2395857144,Vabatahtlikkus_ lõimumise mootor või lõhede peegel_,97,1,183.15999999999983,0.039979115517729
2395857144,Vabatahtlikkus_ lõimumise mootor või lõhede peegel_,117,1,182.6800000000003,0.0398743438675407
2395857144,Vabatahtlikkus_ lõimumise mootor või lõhede peegel_,126,1,83.03199999999924,0.0181237492884257
2395857144,Vabatahtlikkus_ lõimumise mootor või lõhede peegel_,150,1,181.39999999999964,0.0395949528003715
2395857144,Vabatahtlikkus_ lõimumise mootor või lõhede peegel_,173,2,354.1199999999999,0.0772952849265026
2395857144,Vabatahtlikkus_ lõimumise mootor või lõhede peegel_,252,1,183.87999999999963,0.0401362729930116
2395991448,Töö ei küsi vanust_,-1,14,2520.89,0.4821892077482637
2395991448,Töö ei küsi vanust_,7,1,193.3199999999997,0.0369777410525228
2395991448,Töö ei küsi vanust_,51,1,182.6,0.0349272476525484
2395991448,Töö ei küsi vanust_,83,1,183.27999999999972,0.0350573162637408
2395991448,Töö ei küsi vanust_,213,2,355.0,0.0679034661372109
2395991448,Töö ei küsi vanust_,225,1,181.1199999999999,0.0346441571458355
2395991448,Töö ei küsi vanust_,247,4,750.3999999999996,0.1435345379982057
2395991448,Töö ei küsi vanust_,266,4,723.2399999999998,0.1383394446452856
2395991448,Töö ei küsi vanust_,295,1,185.16000000000008,0.035416917718214
2395991448,Töö ei küsi vanust_,307,1,181.5999999999999,0.0347359702831478
2395991451,Kas lapsed maksavad karjääris kätte_,-1,4,712.52,0.1284337720327584
2395991451,Kas lapsed maksavad karjääris kätte_,6,1,182.6400000000001,0.0329213834335359
2395991451,Kas lapsed maksavad karjääris kätte_,50,6,1102.4819999999995,0.1987255401367253
2395991451,Kas lapsed maksavad karjääris kätte_,159,4,719.1199999999999,0.1296234409478993
2395991451,Kas lapsed maksavad karjääris kätte_,175,1,188.88,0.0340461613169418
2395991451,Kas lapsed maksavad karjääris kätte_,198,1,181.92000000000007,0.0327916013700659
2395991451,Kas lapsed maksavad karjääris kätte_,213,6,1105.519999999999,0.1992731483434219
2395991451,Kas lapsed maksavad karjääris kätte_,225,6,1171.92,0.2112419386412034
2395991451,Kas lapsed maksavad karjääris kätte_,247,1,181.1199999999999,0.0326473990773216
2395991451,Kas lapsed maksavad karjääris kätte_,294,1,242.4,0.0436932947015391
2395991454,Kas süsteem hoiab naisi tagasi_,-1,8,1425.6400000000008,0.2860060385383128
2395991454,Kas süsteem hoiab naisi tagasi_,9,2,361.3600000000001,0.0724945582939625
2395991454,Kas süsteem hoiab naisi tagasi_,31,1,180.48,0.0362071559688242
2395991454,Kas süsteem hoiab naisi tagasi_,32,14,2433.8,0.4882589549918248
2395991454,Kas süsteem hoiab naisi tagasi_,42,1,182.24000000000007,0.0365602399366053
2395991454,Kas süsteem hoiab naisi tagasi_,124,3,411.0099999999993,0.0824551372714231
2395991454,Kas süsteem hoiab naisi tagasi_,295,1,181.76,0.0364639443090287
2395991457,Paindlikkus või kontroll_,-1,18,3172.48,0.5932607029300063
2395991457,Paindlikkus või kontroll_,6,1,180.1199999999999,0.0336828341902085
2395991457,Paindlikkus või kontroll_,43,3,558.2799999999997,0.1043995817883056
2395991457,Paindlikkus või kontroll_,51,1,181.23999999999975,0.0338922766413134
2395991457,Paindlikkus või kontroll_,131,2,353.7199999999998,0.0661464141114843
2395991457,Paindlikkus või kontroll_,133,1,181.6800000000003,0.0339745576042476
2395991457,Paindlikkus või kontroll_,228,5,920.8110000000004,0.1721936721825456
2395991460,Kriis ei vabasta juhtimisest,-1,9,1587.6400000000003,0.3061912092396598
2395991460,Kriis ei vabasta juhtimisest,9,1,216.72600000000057,0.0417976342329965
2395991460,Kriis ei vabasta juhtimisest,133,4,725.0,0.1398230245513802
2395991460,Kriis ei vabasta juhtimisest,140,12,2134.6399999999994,0.4116852705218734
2395991460,Kriis ei vabasta juhtimisest,185,1,187.24000000000004,0.0361109836096557
2395991460,Kriis ei vabasta juhtimisest,189,1,180.52,0.0348149688165726
2395991460,Kriis ei vabasta juhtimisest,307,1,184.27999999999972,0.0355401199507976
2395991460,Kriis ei vabasta juhtimisest,335,1,184.52,0.0355864061934078
2395991463,"Mees, kus su lapsed on_",-1,13,2180.732,0.3955092485452684
2395991463,"Mees, kus su lapsed on_",9,3,553.7600000000002,0.1004328828459562
2395991463,"Mees, kus su lapsed on_",32,4,725.4399999999997,0.131569688189415
2395991463,"Mees, kus su lapsed on_",51,3,540.7600000000002,0.0980751331403122
2395991463,"Mees, kus su lapsed on_",91,1,182.8399999999997,0.0331608427830731
2395991463,"Mees, kus su lapsed on_",154,1,183.92000000000007,0.0333567173740036
2395991463,"Mees, kus su lapsed on_",159,6,1074.2400000000007,0.1948299264454639
2395991463,"Mees, kus su lapsed on_",175,1,185.48,0.0336396473386809
2395991463,"Mees, kus su lapsed on_",296,1,180.8800000000001,0.0328053666736069
2395991466,Miks noored mehed surevad_,-1,21,3642.2,0.6654415808357501
2395991466,Miks noored mehed surevad_,6,2,369.6800000000003,0.0675417175342815
2395991466,Miks noored mehed surevad_,7,5,885.5200000000001,0.1617873342105523
2395991466,Miks noored mehed surevad_,118,1,181.6800000000003,0.0331935166674645
2395991466,Miks noored mehed surevad_,120,1,195.79799999999975,0.0357729203900055
2395991466,Miks noored mehed surevad_,195,1,183.52,0.0335296905482886
2395991466,Miks noored mehed surevad_,223,1,183.15999999999983,0.0334639173976925
2395991469,Kes võidab AI-ajastul_,-1,10,1680.8300000000004,0.3155901531921765
2395991469,Kes võidab AI-ajastul_,0,1,181.76000000000025,0.0341269885974251
2395991469,Kes võidab AI-ajastul_,3,1,182.92000000000007,0.0343447884806392
2395991469,Kes võidab AI-ajastul_,4,10,1777.1999999999998,0.3336844417657562
2395991469,Kes võidab AI-ajastul_,25,2,365.2400000000002,0.0685769218492712
2395991469,Kes võidab AI-ajastul_,149,2,367.55999999999966,0.0690125216156995
2395991469,Kes võidab AI-ajastul_,154,1,182.8800000000001,0.0343372781398388
2395991469,Kes võidab AI-ajastul_,155,1,182.84000000000012,0.0343297677990383
2395991469,Kes võidab AI-ajastul_,195,1,180.55999999999997,0.0339016783734103
2395991469,Kes võidab AI-ajastul_,245,1,182.40000000000052,0.034247154050233
2395991469,Kes võidab AI-ajastul_,304,1,183.5200000000001,0.0344574435926466
2395991469,Kes võidab AI-ajastul_,322,1,183.96000000000004,0.034540057341452
2395991472,Kas iga ebamugavus on kiusamine_,-1,15,2654.106,0.5021441493461601
2395991472,Kas iga ebamugavus on kiusamine_,4,2,365.04,0.069063820464338
2395991472,Kas iga ebamugavus on kiusamine_,6,1,180.3599999999999,0.0341232485726167
2395991472,Kas iga ebamugavus on kiusamine_,67,8,1433.4800000000005,0.2712075535810303
2395991472,Kas iga ebamugavus on kiusamine_,106,1,182.76000000000025,0.0345773170832304
2395991472,Kas iga ebamugavus on kiusamine_,131,1,182.12000000000037,0.0344562321470668
2395991472,Kas iga ebamugavus on kiusamine_,175,2,366.3600000000004,0.0693135581451756
2395991472,Kas iga ebamugavus on kiusamine_,270,1,180.64000000000036,0.0341762232321883
2396670915,Pedofiilia uus nägu_ kuidas avatus loob uusi riske,-1,9,1627.494,0.2907083378138009
2396670915,Pedofiilia uus nägu_ kuidas avatus loob uusi riske,39,3,580.6800000000001,0.1037229738491926
2396670915,Pedofiilia uus nägu_ kuidas avatus loob uusi riske,68,3,545.8400000000004,0.0974997383168756
2396670915,Pedofiilia uus nägu_ kuidas avatus loob uusi riske,100,13,2340.76,0.4181142596046638
2396670915,Pedofiilia uus nägu_ kuidas avatus loob uusi riske,179,1,180.0,0.032152192761684
2396670915,Pedofiilia uus nägu_ kuidas avatus loob uusi riske,183,1,180.84000000000012,0.0323022363279052
2396670915,Pedofiilia uus nägu_ kuidas avatus loob uusi riske,265,1,181.6800000000003,0.0324522798941264
2396670915,Pedofiilia uus nägu_ kuidas avatus loob uusi riske,304,1,184.23999999999975,0.0329095555245147
2396670918,Kas töötamine päästab Eestis vaesusest_ Räägime miinimumpalgast,-1,12,2045.1820000000007,0.3942031656034088
2396670918,Kas töötamine päästab Eestis vaesusest_ Räägime miinimumpalgast,104,15,2607.800000000001,0.502646226722399
2396670918,Kas töötamine päästab Eestis vaesusest_ Räägime miinimumpalgast,169,1,183.6,0.0353883914511206
2396670918,Kas töötamine päästab Eestis vaesusest_ Räägime miinimumpalgast,266,1,181.63999999999987,0.0350106068800738
2396670918,Kas töötamine päästab Eestis vaesusest_ Räägime miinimumpalgast,337,2,349.1200000000001,0.0672919129815645
2396670921,Kas Eesti tulevik on parkla või meeldiv elukeskkond_,-1,10,1869.4,0.3137203042687542
2396670921,Kas Eesti tulevik on parkla või meeldiv elukeskkond_,12,2,367.2399999999993,0.0616297445916642
2396670921,Kas Eesti tulevik on parkla või meeldiv elukeskkond_,25,1,193.79999999999973,0.0325232668060792
2396670921,Kas Eesti tulevik on parkla või meeldiv elukeskkond_,50,1,213.9310000000005,0.0359016253410286
2396670921,Kas Eesti tulevik on parkla või meeldiv elukeskkond_,73,12,2170.56,0.3642605882280877
2396670921,Kas Eesti tulevik on parkla või meeldiv elukeskkond_,84,1,185.4399999999996,0.0311203023556208
2396670921,Kas Eesti tulevik on parkla või meeldiv elukeskkond_,85,3,547.4000000000001,0.0918639641364695
2396670921,Kas Eesti tulevik on parkla või meeldiv elukeskkond_,120,1,181.80000000000015,0.0305094422360434
2396670921,Kas Eesti tulevik on parkla või meeldiv elukeskkond_,157,1,181.48,0.0304557402475091
2396670921,Kas Eesti tulevik on parkla või meeldiv elukeskkond_,185,1,183.52,0.0307980904244152
2396670921,Kas Eesti tulevik on parkla või meeldiv elukeskkond_,305,1,183.15999999999983,0.0307376756873141
2396670924,Loodusrahvas või ressursirahvas_ miks keskkond valimiskasti juures kaotab_,-1,17,3026.883,0.5376725499116012
2396670924,Loodusrahvas või ressursirahvas_ miks keskkond valimiskasti juures kaotab_,92,1,186.04,0.0330467352671227
2396670924,Loodusrahvas või ressursirahvas_ miks keskkond valimiskasti juures kaotab_,146,4,709.32,0.1259982275837212
2396670924,Loodusrahvas või ressursirahvas_ miks keskkond valimiskasti juures kaotab_,151,2,364.6399999999999,0.0647718853354312
2396670924,Loodusrahvas või ressursirahvas_ miks keskkond valimiskasti juures kaotab_,158,2,367.2800000000002,0.0652408349221073
2396670924,Loodusrahvas või ressursirahvas_ miks keskkond valimiskasti juures kaotab_,184,1,185.36000000000013,0.0329259452220698
2396670924,Loodusrahvas või ressursirahvas_ miks keskkond valimiskasti juures kaotab_,192,1,180.5599999999995,0.0320733096099315
2396670924,Loodusrahvas või ressursirahvas_ miks keskkond valimiskasti juures kaotab_,242,4,716.5999999999998,0.1272913915954641
2396670924,Loodusrahvas või ressursirahvas_ miks keskkond valimiskasti juures kaotab_,298,1,180.5999999999999,0.0320804149066994
2396670927,Kodude kättesaadavus_ kas Eestil on plaan_,-1,12,2165.24,0.4181209967903839
2396670927,Kodude kättesaadavus_ kas Eestil on plaan_,12,1,182.3199999999997,0.0352070995062084
2396670927,Kodude kättesaadavus_ kas Eestil on plaan_,73,1,223.35999999999967,0.0431321728044466
2396670927,Kodude kättesaadavus_ kas Eestil on plaan_,85,3,570.44,0.1101554291483192
2396670927,Kodude kättesaadavus_ kas Eestil on plaan_,122,1,185.8800000000001,0.0358945571314942
2396670927,Kodude kättesaadavus_ kas Eestil on plaan_,157,1,198.84000000000012,0.0383972118572537
2396670927,Kodude kättesaadavus_ kas Eestil on plaan_,158,1,182.24,0.0351916510202469
2396670927,Kodude kättesaadavus_ kas Eestil on plaan_,218,6,1085.6400000000003,0.2096436787402378
2396670927,Kodude kättesaadavus_ kas Eestil on plaan_,226,1,224.30099999999948,0.0433138856205684
2396670927,Kodude kättesaadavus_ kas Eestil on plaan_,234,1,182.5200000000002,0.0352457207211122
2396670927,Kodude kättesaadavus_ kas Eestil on plaan_,303,1,180.48000000000047,0.0348517843290945
2396670930,ÜRO kõnnib Rahvasteliidu teed,-1,9,1624.6000000000004,0.3001620904850318
2396670930,ÜRO kõnnib Rahvasteliidu teed,41,10,1837.5290000000005,0.3395029828677028
2396670930,ÜRO kõnnib Rahvasteliidu teed,92,4,719.1999999999998,0.132879832252145
2396670930,ÜRO kõnnib Rahvasteliidu teed,163,3,610.5200000000001,0.1128000489246101
2396670930,ÜRO kõnnib Rahvasteliidu teed,200,1,221.52,0.0409281708015783
2396670930,ÜRO kõnnib Rahvasteliidu teed,330,3,597.7200000000003,0.1104351130891993
2396670933,"Kui pole mugav, siis ei kaasa_!",-1,12,2178.16,0.4523905359707134
2396670933,"Kui pole mugav, siis ei kaasa_!",9,1,142.4980000000005,0.0295959647568383
2396670933,"Kui pole mugav, siis ei kaasa_!",10,4,721.0399999999998,0.1497556065928688
2396670933,"Kui pole mugav, siis ei kaasa_!",79,2,373.56,0.0775861316970377
2396670933,"Kui pole mugav, siis ei kaasa_!",88,1,185.72000000000023,0.038572910319022
2396670933,"Kui pole mugav, siis ei kaasa_!",137,2,348.5999999999999,0.0724020920590731
2396670933,"Kui pole mugav, siis ei kaasa_!",206,5,870.2799999999997,0.1807518435948655
2396670933,"Kui pole mugav, siis ei kaasa_!",275,1,184.23999999999975,0.0382655233533092
2396670936,"Kas Eesti on valmis järgmiseks kriisiks, mis ei tule tankiga_ Keemilised, bioloogilised, radioloogilised ja tuumariskid",-1,2,388.27999999999975,0.0869568528015411
2396670936,"Kas Eesti on valmis järgmiseks kriisiks, mis ei tule tankiga_ Keemilised, bioloogilised, radioloogilised ja tuumariskid",47,20,3919.723,0.8778375809565658
2396670936,"Kas Eesti on valmis järgmiseks kriisiks, mis ei tule tankiga_ Keemilised, bioloogilised, radioloogilised ja tuumariskid",74,1,204.44000000000003,0.0457851524331592
2396692734,Kas rohereform vajab ebapopulaarseid otsuseid_,-1,14,2499.3599999999988,0.4746427446237216
2396692734,Kas rohereform vajab ebapopulaarseid otsuseid_,15,1,180.7599999999993,0.0343273568106169
2396692734,Kas rohereform vajab ebapopulaarseid otsuseid_,31,1,182.39999999999964,0.034638802181105
2396692734,Kas rohereform vajab ebapopulaarseid otsuseid_,40,1,180.63999999999987,0.0343045681249716
2396692734,Kas rohereform vajab ebapopulaarseid otsuseid_,46,2,384.1199999999999,0.0729465827511298
2396692734,Kas rohereform vajab ebapopulaarseid otsuseid_,53,1,94.41100000000006,0.0179291883372824
2396692734,Kas rohereform vajab ebapopulaarseid otsuseid_,62,1,180.8800000000001,0.0343501454962625
2396692734,Kas rohereform vajab ebapopulaarseid otsuseid_,63,1,207.76,0.0394548110808464
2396692734,Kas rohereform vajab ebapopulaarseid otsuseid_,134,1,180.96,0.0343653379533595
2396692734,Kas rohereform vajab ebapopulaarseid otsuseid_,151,1,186.36000000000013,0.0353908288074054
2396692734,Kas rohereform vajab ebapopulaarseid otsuseid_,158,1,182.92000000000007,0.0347375531522354
2396692734,Kas rohereform vajab ebapopulaarseid otsuseid_,168,2,367.1599999999999,0.0697257818465709
2396692734,Kas rohereform vajab ebapopulaarseid otsuseid_,201,1,182.12,0.0345856285812656
2396692734,Kas rohereform vajab ebapopulaarseid otsuseid_,212,1,181.7600000000001,0.0345172625243293
2396692734,Kas rohereform vajab ebapopulaarseid otsuseid_,230,1,181.96000000000004,0.0345552436670717
2396692734,Kas rohereform vajab ebapopulaarseid otsuseid_,271,1,182.91999999999985,0.0347375531522354
2396692737,Keskkonnahoid vastutuules_ kas keskkonnaprojektid on vaid kulu või ka väärtus inimestele ja ettevõtetele_,-1,18,3160.381000000001,0.560309416619788
2396692737,Keskkonnahoid vastutuules_ kas keskkonnaprojektid on vaid kulu või ka väärtus inimestele ja ettevõtetele_,44,1,180.55999999999997,0.0320117948642486
2396692737,Keskkonnahoid vastutuules_ kas keskkonnaprojektid on vaid kulu või ka väärtus inimestele ja ettevõtetele_,122,1,181.32000000000065,0.0321465365794504
2396692737,Keskkonnahoid vastutuules_ kas keskkonnaprojektid on vaid kulu või ka väärtus inimestele ja ettevõtetele_,156,2,368.72,0.0653710068805147
2396692737,Keskkonnahoid vastutuules_ kas keskkonnaprojektid on vaid kulu või ka väärtus inimestele ja ettevõtetele_,160,1,180.52,0.0320047031950274
2396692737,Keskkonnahoid vastutuules_ kas keskkonnaprojektid on vaid kulu või ka väärtus inimestele ja ettevõtetele_,185,1,180.9199999999996,0.0320756198872388
2396692737,Keskkonnahoid vastutuules_ kas keskkonnaprojektid on vaid kulu või ka väärtus inimestele ja ettevõtetele_,192,5,888.1599999999999,0.1574634233863039
2396692737,Keskkonnahoid vastutuules_ kas keskkonnaprojektid on vaid kulu või ka väärtus inimestele ja ettevõtetele_,226,1,181.1199999999999,0.0321110782333446
2396692737,Keskkonnahoid vastutuules_ kas keskkonnaprojektid on vaid kulu või ka väärtus inimestele ja ettevõtetele_,251,2,375.4000000000001,0.066555315640446
2396692737,Keskkonnahoid vastutuules_ kas keskkonnaprojektid on vaid kulu või ka väärtus inimestele ja ettevõtetele_,259,1,199.0,0.0352810543751964
2396692740,Kas tööstus julgeb investeerida_ Energiamajanduslikud otsused ebakindla poliitika ja turu tingimustes,-1,11,1988.24,0.3892706617957581
2396692740,Kas tööstus julgeb investeerida_ Energiamajanduslikud otsused ebakindla poliitika ja turu tingimustes,15,1,182.52,0.0357349621730584
2396692740,Kas tööstus julgeb investeerida_ Energiamajanduslikud otsused ebakindla poliitika ja turu tingimustes,44,3,531.7600000000002,0.1041114589368046
2396692740,Kas tööstus julgeb investeerida_ Energiamajanduslikud otsused ebakindla poliitika ja turu tingimustes,54,3,548.3200000000002,0.1073536843016186
2396692740,Kas tööstus julgeb investeerida_ Energiamajanduslikud otsused ebakindla poliitika ja turu tingimustes,108,2,269.683,0.0528003057402856
2396692740,Kas tööstus julgeb investeerida_ Energiamajanduslikud otsused ebakindla poliitika ja turu tingimustes,115,1,183.83999999999992,0.0359934004267755
2396692740,Kas tööstus julgeb investeerida_ Energiamajanduslikud otsused ebakindla poliitika ja turu tingimustes,119,1,183.55999999999997,0.0359385801911385
2396692740,Kas tööstus julgeb investeerida_ Energiamajanduslikud otsused ebakindla poliitika ja turu tingimustes,136,4,750.6800000000001,0.1469730517426667
2396692740,Kas tööstus julgeb investeerida_ Energiamajanduslikud otsused ebakindla poliitika ja turu tingimustes,171,1,185.8800000000001,0.0363928050007019
2396692740,Kas tööstus julgeb investeerida_ Energiamajanduslikud otsused ebakindla poliitika ja turu tingimustes,211,1,182.6800000000001,0.0357662880219938
2396692740,Kas tööstus julgeb investeerida_ Energiamajanduslikud otsused ebakindla poliitika ja turu tingimustes,249,1,183.15999999999983,0.0358602655688
2396692740,Kas tööstus julgeb investeerida_ Energiamajanduslikud otsused ebakindla poliitika ja turu tingimustes,310,1,187.2800000000002,0.0366669061788866
2396692743,Järgmise põlvkonna õpilasmalev,-1,13,2328.96,0.43953480603613
2396692743,Järgmise põlvkonna õpilasmalev,30,1,181.72000000000023,0.0342952497908446
2396692743,Järgmise põlvkonna õpilasmalev,79,1,185.04,0.0349218193996141
2396692743,Järgmise põlvkonna õpilasmalev,125,1,122.21299999999974,0.0230647444567933
2396692743,Järgmise põlvkonna õpilasmalev,139,12,2265.72,0.4275997873437845
2396692743,Järgmise põlvkonna õpilasmalev,175,1,183.64000000000036,0.0346576032995307
2396692743,Järgmise põlvkonna õpilasmalev,228,1,227.48,0.0429313417478612
2396692746,Kuidas hoida kokkuleppeid ruumis_,-1,12,2198.277,0.3566988709907466
2396692746,Kuidas hoida kokkuleppeid ruumis_,10,1,182.84000000000012,0.0296681544554886
2396692746,Kuidas hoida kokkuleppeid ruumis_,31,1,183.92000000000007,0.0298433984218631
2396692746,Kuidas hoida kokkuleppeid ruumis_,62,1,182.0,0.0295318535927528
2396692746,Kuidas hoida kokkuleppeid ruumis_,73,4,700.4800000000002,0.1136619384870961
2396692746,Kuidas hoida kokkuleppeid ruumis_,85,1,182.52,0.0296162303173035
2396692746,Kuidas hoida kokkuleppeid ruumis_,121,2,363.7600000000002,0.0590247640818668
2396692746,Kuidas hoida kokkuleppeid ruumis_,122,4,733.6,0.1190360867892498
2396692746,Kuidas hoida kokkuleppeid ruumis_,185,4,720.5199999999995,0.1169136876409354
2396692746,Kuidas hoida kokkuleppeid ruumis_,218,1,184.0,0.0298563794564094
2396692746,Kuidas hoida kokkuleppeid ruumis_,286,1,184.84000000000012,0.0299926803191452
2396692746,Kuidas hoida kokkuleppeid ruumis_,332,4,716.5199999999999,0.1162646359136222
2396692749,"Kas elekter saab olla korraga odav, roheline ja kindel ning hoida Eesti majanduse konkurentsivõimelisena_",-1,8,1437.000000000001,0.2540949155023893
2396692749,"Kas elekter saab olla korraga odav, roheline ja kindel ning hoida Eesti majanduse konkurentsivõimelisena_",15,4,731.9999999999993,0.1294345707360812
2396692749,"Kas elekter saab olla korraga odav, roheline ja kindel ning hoida Eesti majanduse konkurentsivõimelisena_",40,1,213.8070000000007,0.037806034515532
2396692749,"Kas elekter saab olla korraga odav, roheline ja kindel ning hoida Eesti majanduse konkurentsivõimelisena_",46,1,180.35999999999967,0.0318918294780868
2396692749,"Kas elekter saab olla korraga odav, roheline ja kindel ning hoida Eesti majanduse konkurentsivõimelisena_",62,1,182.6,0.032287913410394
2396692749,"Kas elekter saab olla korraga odav, roheline ja kindel ning hoida Eesti majanduse konkurentsivõimelisena_",63,1,182.43999999999983,0.0322596217009435
2396692749,"Kas elekter saab olla korraga odav, roheline ja kindel ning hoida Eesti majanduse konkurentsivõimelisena_",171,2,365.5200000000001,0.0646324102396891
2396692749,"Kas elekter saab olla korraga odav, roheline ja kindel ning hoida Eesti majanduse konkurentsivõimelisena_",185,1,182.23999999999975,0.0322242570641303
2396692749,"Kas elekter saab olla korraga odav, roheline ja kindel ning hoida Eesti majanduse konkurentsivõimelisena_",201,2,349.68000000000006,0.0618315310040886
2396692749,"Kas elekter saab olla korraga odav, roheline ja kindel ning hoida Eesti majanduse konkurentsivõimelisena_",210,1,183.84000000000012,0.0325071741586355
2396692749,"Kas elekter saab olla korraga odav, roheline ja kindel ning hoida Eesti majanduse konkurentsivõimelisena_",211,1,183.55999999999997,0.0324576636670971
2396692749,"Kas elekter saab olla korraga odav, roheline ja kindel ning hoida Eesti majanduse konkurentsivõimelisena_",249,3,530.96,0.093886037811516
2396692749,"Kas elekter saab olla korraga odav, roheline ja kindel ning hoida Eesti majanduse konkurentsivõimelisena_",261,5,868.3200000000002,0.1535391071879155
2396692749,"Kas elekter saab olla korraga odav, roheline ja kindel ning hoida Eesti majanduse konkurentsivõimelisena_",310,2,361.2799999999999,0.0638826799392506
2396692752,Tuleviku Eesti edulugu_ majanduskasv või tasaareng_,-1,14,2933.520000000001,0.574480772601361
2396692752,Tuleviku Eesti edulugu_ majanduskasv või tasaareng_,0,1,191.7199999999998,0.037545151805044
2396692752,Tuleviku Eesti edulugu_ majanduskasv või tasaareng_,54,1,216.88,0.0424723165213747
2396692752,Tuleviku Eesti edulugu_ majanduskasv või tasaareng_,108,2,384.0799999999999,0.0752156368938103
2396692752,Tuleviku Eesti edulugu_ majanduskasv või tasaareng_,117,1,216.92000000000007,0.0424801498516073
2396692752,Tuleviku Eesti edulugu_ majanduskasv või tasaareng_,120,1,227.07999999999996,0.0444698157306979
2396692752,Tuleviku Eesti edulugu_ majanduskasv või tasaareng_,130,4,747.2649999999999,0.1463393379073453
2396692752,Tuleviku Eesti edulugu_ majanduskasv või tasaareng_,167,1,225.83999999999992,0.044226982493486
2396692752,Tuleviku Eesti edulugu_ majanduskasv või tasaareng_,247,1,181.88,0.0356181525678146
2396692755,Tehisintellekti nähtamatu jalajälg_ kas digiareng tuleb keskkonna arvelt_,-1,9,1599.760000000001,0.3039754168603218
2396692755,Tehisintellekti nähtamatu jalajälg_ kas digiareng tuleb keskkonna arvelt_,4,1,183.15999999999983,0.0348028062660252
2396692755,Tehisintellekti nähtamatu jalajälg_ kas digiareng tuleb keskkonna arvelt_,24,1,183.96000000000004,0.0349548167760319
2396692755,Tehisintellekti nähtamatu jalajälg_ kas digiareng tuleb keskkonna arvelt_,62,2,368.72000000000025,0.0700616440620705
2396692755,Tehisintellekti nähtamatu jalajälg_ kas digiareng tuleb keskkonna arvelt_,86,2,366.6399999999999,0.0696664167360531
2396692755,Tehisintellekti nähtamatu jalajälg_ kas digiareng tuleb keskkonna arvelt_,119,1,183.0,0.0347724041640239
2396692755,Tehisintellekti nähtamatu jalajälg_ kas digiareng tuleb keskkonna arvelt_,155,1,181.9599999999996,0.0345747905010151
2396692755,Tehisintellekti nähtamatu jalajälg_ kas digiareng tuleb keskkonna arvelt_,167,1,182.79999999999995,0.0347344015365222
2396692755,Tehisintellekti nähtamatu jalajälg_ kas digiareng tuleb keskkonna arvelt_,171,1,184.7199999999998,0.0350992267605381
2396692755,Tehisintellekti nähtamatu jalajälg_ kas digiareng tuleb keskkonna arvelt_,180,2,351.67999999999984,0.0668238201989285
2396692755,Tehisintellekti nähtamatu jalajälg_ kas digiareng tuleb keskkonna arvelt_,188,8,1393.634,0.2648087688782802
2396692755,Tehisintellekti nähtamatu jalajälg_ kas digiareng tuleb keskkonna arvelt_,210,1,184.52,0.0350612241330365
2396692755,Tehisintellekti nähtamatu jalajälg_ kas digiareng tuleb keskkonna arvelt_,226,1,180.48000000000047,0.034293571057503
2397177237,Kas sotsiaalmeediasse mahub sisukas poliitiline diskussioon_,-1,12,2168.9450000000006,0.4068715958343846
2397177237,Kas sotsiaalmeediasse mahub sisukas poliitiline diskussioon_,118,6,1104.4400000000005,0.2071814939075577
2397177237,Kas sotsiaalmeediasse mahub sisukas poliitiline diskussioon_,174,11,1974.16,0.3703319492344935
2397177237,Kas sotsiaalmeediasse mahub sisukas poliitiline diskussioon_,190,1,181.6000000000004,0.0340662772931191
2397177237,Kas sotsiaalmeediasse mahub sisukas poliitiline diskussioon_,258,1,180.5999999999999,0.0338786876604477
2397177240,Kultuur on majandusharu,-1,3,549.9200000000001,0.0984993324356052
2397177240,Kultuur on majandusharu,34,2,398.5600000000002,0.0713883727370068
2397177240,Kultuur on majandusharu,54,1,202.96000000000004,0.0363533323231205
2397177240,Kultuur on majandusharu,65,3,531.2800000000002,0.0951606148828708
2397177240,Kultuur on majandusharu,128,12,2297.88,0.4115864962487789
2397177240,Kultuur on majandusharu,165,9,1627.1419999999994,0.2914467573063999
2397177240,Kultuur on majandusharu,321,1,182.63999999999987,0.0327137003128435
2397177243,Kultuuriretsept – ravi positiivsete kõrvaltoimetega,-1,9,1582.429000000001,0.3044356875043408
2397177243,Kultuuriretsept – ravi positiivsete kõrvaltoimetega,35,1,185.8800000000001,0.0357605337069194
2397177243,Kultuuriretsept – ravi positiivsete kõrvaltoimetega,124,1,184.6000000000001,0.0355142808386988
2397177243,Kultuuriretsept – ravi positiivsete kõrvaltoimetega,129,1,180.80000000000015,0.0347832176361687
2397177243,Kultuuriretsept – ravi positiivsete kõrvaltoimetega,141,6,1076.5199999999995,0.2071063575757096
2397177243,Kultuuriretsept – ravi positiivsete kõrvaltoimetega,175,1,180.6800000000003,0.034760131429773
2397177243,Kultuuriretsept – ravi positiivsete kõrvaltoimetega,194,9,1694.6800000000003,0.3260311021220264
2397177243,Kultuuriretsept – ravi positiivsete kõrvaltoimetega,196,1,181.6,0.0349371256788066
2397177243,Kultuuriretsept – ravi positiivsete kõrvaltoimetega,230,1,186.1199999999999,0.0358067061197108
2397177246,Reklaamide vastutamatusest ja vastutusest,-1,4,673.198,0.1366833440333238
2397177246,Reklaamide vastutamatusest ja vastutusest,9,1,180.9199999999996,0.0367332502510537
2397177246,Reklaamide vastutamatusest ja vastutusest,37,1,180.07999999999993,0.0365627001172328
2397177246,Reklaamide vastutamatusest ja vastutusest,57,17,2961.0000000000005,0.6011892217188287
2397177246,Reklaamide vastutamatusest ja vastutusest,284,5,899.9199999999992,0.1827160433668381
2397177246,Reklaamide vastutamatusest ja vastutusest,327,1,181.75999999999976,0.0369038003848747
2397177249,AI ajastu ettevõtlus – kas miljon mikroettevõtjat või paar suurt võitjat_,-1,10,1846.692,0.3253709001186118
2397177249,AI ajastu ettevõtlus – kas miljon mikroettevõtjat või paar suurt võitjat_,4,15,2654.8000000000006,0.4677524273863162
2397177249,AI ajastu ettevõtlus – kas miljon mikroettevõtjat või paar suurt võitjat_,59,2,364.72,0.0642604585341032
2397177249,AI ajastu ettevõtlus – kas miljon mikroettevõtjat või paar suurt võitjat_,149,1,180.2400000000007,0.0317567038993935
2397177249,AI ajastu ettevõtlus – kas miljon mikroettevõtjat või paar suurt võitjat_,188,2,366.5199999999995,0.0645776027141902
2397177249,AI ajastu ettevõtlus – kas miljon mikroettevõtjat või paar suurt võitjat_,302,1,189.04,0.0333071865575972
2397177249,AI ajastu ettevõtlus – kas miljon mikroettevõtjat või paar suurt võitjat_,304,2,356.72,0.062850928844827
2397177252,Tehisintellekt kultuuris – kas loovisik on järgmine väljasureja_,-1,23,4020.921999999999,0.6868484336443029
2397177252,Tehisintellekt kultuuris – kas loovisik on järgmine väljasureja_,34,1,185.07999999999996,0.0316151141700554
2397177252,Tehisintellekt kultuuris – kas loovisik on järgmine väljasureja_,138,3,552.6000000000004,0.0943943812965887
2397177252,Tehisintellekt kultuuris – kas loovisik on järgmine väljasureja_,165,1,240.0,0.040996473961602
2397177252,Tehisintellekt kultuuris – kas loovisik on järgmine väljasureja_,180,4,784.84,0.1340653026000988
2397177252,Tehisintellekt kultuuris – kas loovisik on järgmine väljasureja_,304,1,235.3599999999999,0.040203875465011
2397177255,Vabakutseliste loovisikute toimetulek,-1,6,1132.5600000000009,0.2049575565793139
2397177255,Vabakutseliste loovisikute toimetulek,18,4,800.6800000000003,0.1448977682435588
2397177255,Vabakutseliste loovisikute toimetulek,121,1,180.64000000000036,0.0326901294593551
2397177255,Vabakutseliste loovisikute toimetulek,128,1,184.79999999999973,0.0334429579500045
2397177255,Vabakutseliste loovisikute toimetulek,129,5,921.3869999999996,0.1667419193543337
2397177255,Vabakutseliste loovisikute toimetulek,132,1,183.07999999999996,0.0331316923240629
2397177255,Vabakutseliste loovisikute toimetulek,208,4,715.1199999999999,0.1294141130368359
2397177255,Vabakutseliste loovisikute toimetulek,230,1,182.0,0.0329362464659136
2397177255,Vabakutseliste loovisikute toimetulek,240,7,1314.9600000000005,0.2379661904000976
2397177255,Vabakutseliste loovisikute toimetulek,247,1,192.08,0.0347604078086411
2397177258,Kas tänavakunst peaks olema legaalne_,-1,8,1444.2399999999998,0.2862605481573156
2397177258,Kas tänavakunst peaks olema legaalne_,4,1,200.67999999999984,0.0397764684569116
2397177258,Kas tänavakunst peaks olema legaalne_,57,1,184.19999999999985,0.0365099934710141
2397177258,Kas tänavakunst peaks olema legaalne_,161,1,183.48000000000047,0.0363672833988148
2397177258,Kas tänavakunst peaks olema legaalne_,178,11,1974.0,0.3912634479466994
2397177258,Kas tänavakunst peaks olema legaalne_,291,1,99.11399999999958,0.0196452306888495
2397177258,Kas tänavakunst peaks olema legaalne_,306,6,1146.8800000000003,0.2273212883389618
2397264564,Küberturvalisus vs ettevõtlusvõime_ kus on tasakaal_,-1,5,1331.04,0.2481115845987545
2397264564,Küberturvalisus vs ettevõtlusvõime_ kus on tasakaal_,11,3,755.04,0.1407427055801806
2397264564,Küberturvalisus vs ettevõtlusvõime_ kus on tasakaal_,59,1,273.6399999999999,0.0510076737059766
2397264564,Küberturvalisus vs ettevõtlusvõime_ kus on tasakaal_,69,3,683.203,0.1273519796043866
2397264564,Küberturvalisus vs ettevõtlusvõime_ kus on tasakaal_,95,7,1480.6,0.2759902122828133
2397264564,Küberturvalisus vs ettevõtlusvõime_ kus on tasakaal_,154,1,261.9200000000001,0.0488230152648348
2397264564,Küberturvalisus vs ettevõtlusvõime_ kus on tasakaal_,160,1,243.27999999999972,0.0453484390410392
2397264564,Küberturvalisus vs ettevõtlusvõime_ kus on tasakaal_,189,1,248.79999999999973,0.0463773907983006
2397264564,Küberturvalisus vs ettevõtlusvõime_ kus on tasakaal_,320,1,211.48000000000047,0.0394207821785556
2397264567,Teadmussiirdedoktorantuur – Eesti majanduse kasutamata potentsiaal_,-1,1,182.64000000000036,0.0340058854908036
2397264567,Teadmussiirdedoktorantuur – Eesti majanduse kasutamata potentsiaal_,5,28,4866.155000000001,0.9060332331937214
2397264567,Teadmussiirdedoktorantuur – Eesti majanduse kasutamata potentsiaal_,117,2,355.3199999999997,0.0661573107347367
2397264570,"Miljon sensorit, üks planeet_ kuidas tehisintellekt asjades (AIoT) muudab teadust_",-1,13,2666.9770000000003,0.5307018757000719
2397264570,"Miljon sensorit, üks planeet_ kuidas tehisintellekt asjades (AIoT) muudab teadust_",0,1,245.84000000000012,0.0489197128892021
2397264570,"Miljon sensorit, üks planeet_ kuidas tehisintellekt asjades (AIoT) muudab teadust_",59,1,220.48,0.0438733253246472
2397264570,"Miljon sensorit, üks planeet_ kuidas tehisintellekt asjades (AIoT) muudab teadust_",155,1,206.0,0.0409919494597121
2397264570,"Miljon sensorit, üks planeet_ kuidas tehisintellekt asjades (AIoT) muudab teadust_",203,8,1459.12,0.2903503558041516
2397264570,"Miljon sensorit, üks planeet_ kuidas tehisintellekt asjades (AIoT) muudab teadust_",245,1,182.1200000000001,0.0362400671631203
2397264570,"Miljon sensorit, üks planeet_ kuidas tehisintellekt asjades (AIoT) muudab teadust_",322,1,193.68,0.0385403920939662
2397264573,Kas oleme tehisaru nimel valmis ohverdama oma inimõigused_,-1,11,2131.518,0.4135402588664495
2397264573,Kas oleme tehisaru nimel valmis ohverdama oma inimõigused_,24,2,435.56,0.0845039052693295
2397264573,Kas oleme tehisaru nimel valmis ohverdama oma inimõigused_,25,1,188.92000000000007,0.0366527637604044
2397264573,Kas oleme tehisaru nimel valmis ohverdama oma inimõigused_,42,2,439.84000000000015,0.0853342770081318
2397264573,Kas oleme tehisaru nimel valmis ohverdama oma inimõigused_,59,4,916.0400000000002,0.1777228335543131
2397264573,Kas oleme tehisaru nimel valmis ohverdama oma inimõigused_,67,1,255.63999999999987,0.049597250305472
2397264573,Kas oleme tehisaru nimel valmis ohverdama oma inimõigused_,70,2,363.8000000000002,0.0705815977981956
2397264573,Kas oleme tehisaru nimel valmis ohverdama oma inimõigused_,126,1,207.4000000000001,0.0402381071559806
2397264573,Kas oleme tehisaru nimel valmis ohverdama oma inimõigused_,135,1,185.2800000000002,0.0359465597582454
2397264573,Kas oleme tehisaru nimel valmis ohverdama oma inimõigused_,308,1,209.96000000000004,0.040734778102554
2397264576,Kas linnud ja loomad keedavad meile uut superhaigust_,-1,12,2796.56,0.5053228060760308
2397264576,Kas linnud ja loomad keedavad meile uut superhaigust_,74,10,2571.6849999999995,0.4646891468602987
2397264576,Kas linnud ja loomad keedavad meile uut superhaigust_,320,1,240.72000000000023,0.0434967624076087
2397264579,Elu võimalikkusest pealinnast eemal,-1,11,1942.5199999999995,0.3470775212219861
2397264579,Elu võimalikkusest pealinnast eemal,12,11,1864.84,0.3331981367891237
2397264579,Elu võimalikkusest pealinnast eemal,83,1,181.48,0.0324257297486595
2397264579,Elu võimalikkusest pealinnast eemal,85,8,1401.8699999999997,0.2504775058560353
2397264579,Elu võimalikkusest pealinnast eemal,109,1,185.07999999999996,0.0330689555977622
2397264579,Elu võimalikkusest pealinnast eemal,173,1,182.4000000000001,0.0325901096878746
2397264582,Kes vastutab Eesti toidujulgeoleku eest_,-1,4,741.7999999999993,0.1397937730900943
2397264582,Kes vastutab Eesti toidujulgeoleku eest_,22,22,3845.4,0.7246737328668768
2397264582,Kes vastutab Eesti toidujulgeoleku eest_,164,1,140.98800000000028,0.0265694856840472
2397264582,Kes vastutab Eesti toidujulgeoleku eest_,211,1,184.4000000000001,0.0347505685600073
2397264582,Kes vastutab Eesti toidujulgeoleku eest_,293,2,376.4399999999998,0.0709409112187046
2397264582,Kes vastutab Eesti toidujulgeoleku eest_,318,1,183.07999999999996,0.0345018117785582
2397264585,Toiduraiskamine või toiduohutus – kas peame valima_,-1,13,2334.639999999999,0.4663866184133455
2397264585,Toiduraiskamine või toiduohutus – kas peame valima_,28,1,181.96000000000004,0.0363498051461863
2397264585,Toiduraiskamine või toiduohutus – kas peame valima_,217,8,1458.9200000000003,0.29144568984323
2397264585,Toiduraiskamine või toiduohutus – kas peame valima_,269,7,1275.444,0.2547930362435285
2397264588,Mille taha jääb majanduskasv_,-1,6,1059.96,0.2021451846246384
2397264588,Mille taha jääb majanduskasv_,12,9,1564.2400000000002,0.2983165247719201
2397264588,Mille taha jääb majanduskasv_,54,2,365.0400000000001,0.0696168517636307
2397264588,Mille taha jääb majanduskasv_,136,1,180.28000000000063,0.0343812350316332
2397264588,Mille taha jääb majanduskasv_,160,2,347.7579999999998,0.0663209980703941
2397264588,Mille taha jääb majanduskasv_,234,6,1045.92,0.1994676134029603
2397264588,Mille taha jääb majanduskasv_,305,5,899.3599999999997,0.171517126348178
2397829623,Noorte julm vägivald – kas sinu kodukant on järgmine_,-1,18,3308.24,0.6195902161291531
2397829623,Noorte julm vägivald – kas sinu kodukant on järgmine_,2,1,180.4000000000001,0.0337865677791512
2397829623,Noorte julm vägivald – kas sinu kodukant on järgmine_,10,1,188.04,0.0352174401618159
2397829623,Noorte julm vägivald – kas sinu kodukant on järgmine_,51,1,181.20000000000027,0.0339363973480166
2397829623,Noorte julm vägivald – kas sinu kodukant on järgmine_,61,1,202.52000000000044,0.03792935535828
2397829623,Noorte julm vägivald – kas sinu kodukant on järgmine_,79,2,365.67999999999984,0.0684870959283814
2397829623,Noorte julm vägivald – kas sinu kodukant on järgmine_,101,1,219.24,0.0410607933475671
2397829623,Noorte julm vägivald – kas sinu kodukant on järgmine_,107,1,183.92000000000007,0.034445817882159
2397829623,Noorte julm vägivald – kas sinu kodukant on järgmine_,173,2,349.6399999999994,0.0654830130726297
2397829623,Noorte julm vägivald – kas sinu kodukant on järgmine_,296,2,351.9200000000001,0.0659100273438963
2397829626,"Kui sensoreid saab rohkem kui inimesi, siis kes hoiab piirialade Eestit_",-1,12,2109.4,0.3841672954414781
2397829626,"Kui sensoreid saab rohkem kui inimesi, siis kes hoiab piirialade Eestit_",54,1,183.07999999999996,0.0333428218685056
2397829626,"Kui sensoreid saab rohkem kui inimesi, siis kes hoiab piirialade Eestit_",134,11,1942.556999999999,0.3537815819336831
2397829626,"Kui sensoreid saab rohkem kui inimesi, siis kes hoiab piirialade Eestit_",189,1,206.07999999999996,0.0375316185856545
2397829626,"Kui sensoreid saab rohkem kui inimesi, siis kes hoiab piirialade Eestit_",286,5,887.1600000000005,0.161570995460255
2397829626,"Kui sensoreid saab rohkem kui inimesi, siis kes hoiab piirialade Eestit_",287,1,186.0,0.0338746169299871
2397829626,"Kui sensoreid saab rohkem kui inimesi, siis kes hoiab piirialade Eestit_",316,1,183.0,0.0333282521407938
2397829629,Religioossete ühenduste roll ühiskonna toetaja ja tasakaalustajana,-1,2,398.7199999999998,0.0719132899446383
2397829629,Religioossete ühenduste roll ühiskonna toetaja ja tasakaalustajana,19,24,4657.775,0.8400780599716292
2397829629,Religioossete ühenduste roll ühiskonna toetaja ja tasakaalustajana,51,1,182.6000000000004,0.0329338050358421
2397829629,Religioossete ühenduste roll ühiskonna toetaja ja tasakaalustajana,191,2,389.2000000000001,0.0701962591453984
2397829632,Appi! Mind ei lasta muuseumisse! Kultuuriharidus kui regionaalpoliitika,-1,7,1267.000000000001,0.2260551485353608
2397829632,Appi! Mind ei lasta muuseumisse! Kultuuriharidus kui regionaalpoliitika,30,1,210.8800000000001,0.0376247116993977
2397829632,Appi! Mind ei lasta muuseumisse! Kultuuriharidus kui regionaalpoliitika,35,1,181.9600000000005,0.0324648735812899
2397829632,Appi! Mind ei lasta muuseumisse! Kultuuriharidus kui regionaalpoliitika,123,13,2365.76,0.4220933134956708
2397829632,Appi! Mind ei lasta muuseumisse! Kultuuriharidus kui regionaalpoliitika,129,6,1057.44,0.1886659481193621
2397829632,Appi! Mind ei lasta muuseumisse! Kultuuriharidus kui regionaalpoliitika,252,1,180.23999999999975,0.0321579952423152
2397829632,Appi! Mind ei lasta muuseumisse! Kultuuriharidus kui regionaalpoliitika,262,3,577.3069999999997,0.1030017518827967
2397829635,„Veibi-Vellod“ ja veipivad noored – miks salaturg võidab ja mida teha teisiti_,-1,10,1781.0800000000002,0.3411834568894509
2397829635,„Veibi-Vellod“ ja veipivad noored – miks salaturg võidab ja mida teha teisiti_,50,1,182.48,0.0349558454494952
2397829635,„Veibi-Vellod“ ja veipivad noored – miks salaturg võidab ja mida teha teisiti_,61,1,182.04,0.0348715591057985
2397829635,„Veibi-Vellod“ ja veipivad noored – miks salaturg võidab ja mida teha teisiti_,87,15,2675.0399999999995,0.5124303200965461
2397829635,„Veibi-Vellod“ ja veipivad noored – miks salaturg võidab ja mida teha teisiti_,124,2,354.4400000000005,0.0678964810451507
2397829635,„Veibi-Vellod“ ja veipivad noored – miks salaturg võidab ja mida teha teisiti_,236,1,67.38000000000011,0.0129073041779208
2397829635,„Veibi-Vellod“ ja veipivad noored – miks salaturg võidab ja mida teha teisiti_,264,1,184.64000000000036,0.0353696147730974
2397829638,Kus on noore kodu_ Kuidas elatakse tulevikus ja kas kodu peab tingimata omama_,-1,11,1938.2,0.4362433554591077
2397829638,Kus on noore kodu_ Kuidas elatakse tulevikus ja kas kodu peab tingimata omama_,157,8,1407.4,0.3167727264849594
2397829638,Kus on noore kodu_ Kuidas elatakse tulevikus ja kas kodu peab tingimata omama_,160,1,182.04,0.040972933870486
2397829638,Kus on noore kodu_ Kuidas elatakse tulevikus ja kas kodu peab tingimata omama_,218,1,183.12000000000037,0.0412160165368238
2397829638,Kus on noore kodu_ Kuidas elatakse tulevikus ja kas kodu peab tingimata omama_,303,5,905.933,0.2039042677438529
2397829641,"Kelle vastutus on NEET-olukorras noor – tema enda, spetsialistide või kogu ühiskonna_",-1,14,2523.6400000000003,0.5294327066157271
2397829641,"Kelle vastutus on NEET-olukorras noor – tema enda, spetsialistide või kogu ühiskonna_",51,1,180.1600000000003,0.0377956429696349
2397829641,"Kelle vastutus on NEET-olukorras noor – tema enda, spetsialistide või kogu ühiskonna_",79,8,1440.8000000000002,0.3022644448859344
2397829641,"Kelle vastutus on NEET-olukorras noor – tema enda, spetsialistide või kogu ühiskonna_",154,1,182.96000000000004,0.0383830530513121
2397829641,"Kelle vastutus on NEET-olukorras noor – tema enda, spetsialistide või kogu ühiskonna_",285,2,349.32000000000016,0.0732836034755376
2397829641,"Kelle vastutus on NEET-olukorras noor – tema enda, spetsialistide või kogu ühiskonna_",291,1,184.32000000000016,0.0386683665195554
2397829641,"Kelle vastutus on NEET-olukorras noor – tema enda, spetsialistide või kogu ühiskonna_",294,1,142.48700000000008,0.029892250109982
2400164898,Kas lapsevanem on partner või lihtsalt teenusetarbija_,-1,13,2397.120000000001,0.4864398242978836
2400164898,Kas lapsevanem on partner või lihtsalt teenusetarbija_,1,1,189.15999999999983,0.0383856282389649
2400164898,Kas lapsevanem on partner või lihtsalt teenusetarbija_,76,12,2123.486,0.4309121598998028
2400164898,Kas lapsevanem on partner või lihtsalt teenusetarbija_,150,1,211.1600000000003,0.042850017228483
2400164898,Kas lapsevanem on partner või lihtsalt teenusetarbija_,236,1,181.96000000000004,0.036924555478759
2400164901,Ühiskondlik ebavõrdsus algab enne kooli – kas me tunnistame seda_,-1,12,2140.9600000000005,0.3968613813851667
2400164901,Ühiskondlik ebavõrdsus algab enne kooli – kas me tunnistame seda_,1,12,2075.9700000000003,0.3848144392768498
2400164901,Ühiskondlik ebavõrdsus algab enne kooli – kas me tunnistame seda_,10,3,534.0800000000006,0.0990003206833336
2400164901,Ühiskondlik ebavõrdsus algab enne kooli – kas me tunnistame seda_,76,1,183.27999999999972,0.0339738967473811
2400164901,Ühiskondlik ebavõrdsus algab enne kooli – kas me tunnistame seda_,97,1,183.1199999999999,0.0339442381731801
2400164901,Ühiskondlik ebavõrdsus algab enne kooli – kas me tunnistame seda_,150,1,182.28,0.0337885306586242
2400164901,Ühiskondlik ebavõrdsus algab enne kooli – kas me tunnistame seda_,198,1,180.35999999999967,0.0334326277682107
2400164901,Ühiskondlik ebavõrdsus algab enne kooli – kas me tunnistame seda_,247,1,183.63999999999987,0.0340406285393337
2400164904,Kuidas toetada lapse keele ja kõne arengut liikumismängude kaudu_,-1,3,541.4399999999996,0.1359120407314408
2400164904,Kuidas toetada lapse keele ja kõne arengut liikumismängude kaudu_,1,2,271.8330000000003,0.068235405156896
2400164904,Kuidas toetada lapse keele ja kõne arengut liikumismängude kaudu_,198,1,180.64,0.0453441767097508
2400164904,Kuidas toetada lapse keele ja kõne arengut liikumismängude kaudu_,204,6,1053.2400000000002,0.264383861148018
2400164904,Kuidas toetada lapse keele ja kõne arengut liikumismängude kaudu_,219,7,1362.6800000000003,0.342059359603871
2400164904,Kuidas toetada lapse keele ja kõne arengut liikumismängude kaudu_,338,4,733.3199999999999,0.1840776775066124
2400164907,Iga lapse tulevik on Eesti arenguküsimus,-1,2,376.75999999999976,0.0656466199030041
2400164907,Iga lapse tulevik on Eesti arenguküsimus,1,12,2102.8,0.3663916348127113
2400164907,Iga lapse tulevik on Eesti arenguküsimus,10,1,181.72000000000023,0.031662872302723
2400164907,Iga lapse tulevik on Eesti arenguküsimus,50,3,547.4399999999998,0.0953858838509942
2400164907,Iga lapse tulevik on Eesti arenguküsimus,76,1,182.16000000000008,0.0317395378530927
2400164907,Iga lapse tulevik on Eesti arenguküsimus,97,2,352.1999999999998,0.0613672882732722
2400164907,Iga lapse tulevik on Eesti arenguküsimus,125,1,108.4940000000006,0.0189039823223181
2400164907,Iga lapse tulevik on Eesti arenguküsimus,126,1,198.48,0.0345831328122631
2400164907,Iga lapse tulevik on Eesti arenguküsimus,160,2,368.32,0.0641760352550018
2400164907,Iga lapse tulevik on Eesti arenguküsimus,198,4,703.7599999999998,0.1226230630187338
2400164907,Iga lapse tulevik on Eesti arenguküsimus,230,2,373.67999999999984,0.0651099610504155
2400164907,Iga lapse tulevik on Eesti arenguküsimus,287,2,352.6000000000004,0.0614369842281539
2400164907,Iga lapse tulevik on Eesti arenguküsimus,312,1,186.52000000000044,0.0324992237613025
2400164910,"Mida laps tegelikult tahab, et me märkaks_",-1,16,2692.5640000000003,0.5556072803149047
2400164910,"Mida laps tegelikult tahab, et me märkaks_",76,2,364.75999999999976,0.0752677788040189
2400164910,"Mida laps tegelikult tahab, et me märkaks_",183,2,355.2800000000002,0.0733115924265047
2400164910,"Mida laps tegelikult tahab, et me märkaks_",236,4,742.4799999999998,0.1532098377190701
2400164910,"Mida laps tegelikult tahab, et me märkaks_",312,3,547.1599999999999,0.1129057951815084
2400164910,"Mida laps tegelikult tahab, et me märkaks_",338,2,366.6399999999999,0.0756557144991378
2400164913,Alushariduse agenda 2027–2031_ mida Eesti peab nüüd otsustama_,-1,11,2061.471000000001,0.3807926694671286
2400164913,Alushariduse agenda 2027–2031_ mida Eesti peab nüüd otsustama_,1,10,1943.6400000000003,0.3590270559629941
2400164913,Alushariduse agenda 2027–2031_ mida Eesti peab nüüd otsustama_,50,2,363.4399999999996,0.0671342394780877
2400164913,Alushariduse agenda 2027–2031_ mida Eesti peab nüüd otsustama_,62,1,181.63999999999987,0.0335523422265019
2400164913,Alushariduse agenda 2027–2031_ mida Eesti peab nüüd otsustama_,160,1,181.67999999999984,0.0335597309827729
2400164913,Alushariduse agenda 2027–2031_ mida Eesti peab nüüd otsustama_,198,1,184.67999999999984,0.0341138877030961
2400164913,Alushariduse agenda 2027–2031_ mida Eesti peab nüüd otsustama_,287,3,568.2399999999996,0.1049646715854847
2400164913,Alushariduse agenda 2027–2031_ mida Eesti peab nüüd otsustama_,312,1,184.44000000000003,0.0340695551654702
2400164916,Aga kes hoiab õpetajat_,-1,9,1781.4399999999998,0.4950432868313216
2400164916,Aga kes hoiab õpetajat_,1,6,1243.1139999999996,0.3454481994712319
2400164916,Aga kes hoiab õpetajat_,51,1,240.88,0.0669379978735903
2400164916,Aga kes hoiab õpetajat_,76,1,239.19999999999985,0.0664711436871587
2400164916,Aga kes hoiab õpetajat_,198,1,213.07999999999996,0.0592126726457349
2400184974,"Väike rahvas, suur mudel_ kas tehisaru on Eesti jaoks loodud_",-1,5,904.4800000000004,0.1834338811188315
2400184974,"Väike rahvas, suur mudel_ kas tehisaru on Eesti jaoks loodud_",0,1,180.24000000000024,0.0365537355528682
2400184974,"Väike rahvas, suur mudel_ kas tehisaru on Eesti jaoks loodud_",24,20,3609.103000000001,0.7319473848483307
2400184974,"Väike rahvas, suur mudel_ kas tehisaru on Eesti jaoks loodud_",42,1,182.76,0.0370648064227817
2400184974,"Väike rahvas, suur mudel_ kas tehisaru on Eesti jaoks loodud_",297,1,193.92000000000007,0.0393281202752562
2400184977,"Post-it, pastakas ja AI-agent - Eesti.ai praktiline töötuba nutikama tööpäeva disainimiseks 2",-1,8,1453.6350000000002,0.3342584853184819
2400184977,"Post-it, pastakas ja AI-agent - Eesti.ai praktiline töötuba nutikama tööpäeva disainimiseks 2",28,11,1955.4,0.4496376615806302
2400184977,"Post-it, pastakas ja AI-agent - Eesti.ai praktiline töötuba nutikama tööpäeva disainimiseks 2",122,1,182.2800000000002,0.0419146736999679
2400184977,"Post-it, pastakas ja AI-agent - Eesti.ai praktiline töötuba nutikama tööpäeva disainimiseks 2",131,1,184.1199999999999,0.0423377755191907
2400184977,"Post-it, pastakas ja AI-agent - Eesti.ai praktiline töötuba nutikama tööpäeva disainimiseks 2",302,4,747.3599999999999,0.171852921529559
2400184980,"Eesti, Singapur, Dubai, Delaware. Kui konkurentsivõimelised me globaalselt oleme_",-1,7,1268.0800000000002,0.231134937651274
2400184980,"Eesti, Singapur, Dubai, Delaware. Kui konkurentsivõimelised me globaalselt oleme_",8,7,1242.36,0.2264469127661005
2400184980,"Eesti, Singapur, Dubai, Delaware. Kui konkurentsivõimelised me globaalselt oleme_",59,2,372.8790000000008,0.0679652422689969
2400184980,"Eesti, Singapur, Dubai, Delaware. Kui konkurentsivõimelised me globaalselt oleme_",110,1,183.0,0.0333556980554721
2400184980,"Eesti, Singapur, Dubai, Delaware. Kui konkurentsivõimelised me globaalselt oleme_",138,6,1066.4400000000005,0.1943816974550696
2400184980,"Eesti, Singapur, Dubai, Delaware. Kui konkurentsivõimelised me globaalselt oleme_",187,6,1046.7200000000005,0.1907873020143378
2400184980,"Eesti, Singapur, Dubai, Delaware. Kui konkurentsivõimelised me globaalselt oleme_",241,1,182.84000000000012,0.0333265346036204
2400184980,"Eesti, Singapur, Dubai, Delaware. Kui konkurentsivõimelised me globaalselt oleme_",278,2,365.44000000000005,0.0666093240294631
2400184983,"Post-it, pastakas ja AI-agent - Eesti.ai praktiline töötuba nutikama tööpäeva disainimiseks",-1,8,1499.9999999999998,0.4097571369449327
2400184983,"Post-it, pastakas ja AI-agent - Eesti.ai praktiline töötuba nutikama tööpäeva disainimiseks",28,11,1979.6800000000003,0.5407920059114297
2400184983,"Post-it, pastakas ja AI-agent - Eesti.ai praktiline töötuba nutikama tööpäeva disainimiseks",302,1,127.02499999999964,0.0346996002136199
2400184983,"Post-it, pastakas ja AI-agent - Eesti.ai praktiline töötuba nutikama tööpäeva disainimiseks",304,1,181.48,0.0495751501418442
2400184986,Eesti loob maailma esimese agentide riigi,-1,15,2668.51,0.4713424510422131
2400184986,Eesti loob maailma esimese agentide riigi,4,3,523.7600000000002,0.0925124215977716
2400184986,Eesti loob maailma esimese agentide riigi,59,1,181.28,0.0320197261861234
2400184986,Eesti loob maailma esimese agentide riigi,110,5,888.1599999999999,0.1568768756038583
2400184986,Eesti loob maailma esimese agentide riigi,135,1,184.2800000000001,0.0325496201543404
2400184986,Eesti loob maailma esimese agentide riigi,149,2,358.79999999999995,0.0633753185987483
2400184986,Eesti loob maailma esimese agentide riigi,180,3,526.08,0.092922206266526
2400184986,Eesti loob maailma esimese agentide riigi,246,1,180.96000000000004,0.031963204162847
2400184986,Eesti loob maailma esimese agentide riigi,322,2,348.96000000000004,0.0616372663829967
2400184989,Tiigri üleandmine. Kes kannab Eesti digilugu edasi_,-1,3,579.7369999999996,0.1198681183353847
2400184989,Tiigri üleandmine. Kes kannab Eesti digilugu edasi_,4,1,184.8800000000001,0.0382263297285595
2400184989,Tiigri üleandmine. Kes kannab Eesti digilugu edasi_,8,16,2793.56,0.5776046390984144
2400184989,Tiigri üleandmine. Kes kannab Eesti digilugu edasi_,59,2,355.04,0.0734091091888132
2400184989,Tiigri üleandmine. Kes kannab Eesti digilugu edasi_,241,1,182.32000000000016,0.0376970166384194
2400184989,Tiigri üleandmine. Kes kannab Eesti digilugu edasi_,246,3,557.1199999999999,0.1151917612417519
2400184989,Tiigri üleandmine. Kes kannab Eesti digilugu edasi_,268,1,182.15999999999983,0.0376639345702856
2400184989,Tiigri üleandmine. Kes kannab Eesti digilugu edasi_,278,1,183.16000000000008,0.0378706974961216
2400184992,"Usalda, aga kontrolli – mis saab valesti minna, kui AI-agent saab isikukoodi_",-1,20,3492.2670000000007,0.583219979869427
2400184992,"Usalda, aga kontrolli – mis saab valesti minna, kui AI-agent saab isikukoodi_",24,1,180.4799999999996,0.0301407486789623
2400184992,"Usalda, aga kontrolli – mis saab valesti minna, kui AI-agent saab isikukoodi_",110,5,910.6800000000004,0.1520865304020253
2400184992,"Usalda, aga kontrolli – mis saab valesti minna, kui AI-agent saab isikukoodi_",138,1,181.71999999999932,0.0303478327235208
2400184992,"Usalda, aga kontrolli – mis saab valesti minna, kui AI-agent saab isikukoodi_",155,1,184.92,0.0308822431610911
2400184992,"Usalda, aga kontrolli – mis saab valesti minna, kui AI-agent saab isikukoodi_",298,4,729.6000000000006,0.1218455797660185
2400184992,"Usalda, aga kontrolli – mis saab valesti minna, kui AI-agent saab isikukoodi_",339,3,551.1600000000001,0.092045517741007
2400184995,Kas annaksid AI-le õiguse enda nimel tegutseda_,-1,21,3724.719999999999,0.6921459959921267
2400184995,Kas annaksid AI-le õiguse enda nimel tegutseda_,110,3,574.8799999999995,0.106827060873288
2400184995,Kas annaksid AI-le õiguse enda nimel tegutseda_,155,3,535.4800000000002,0.0995055569100131
2400184995,Kas annaksid AI-le õiguse enda nimel tegutseda_,214,1,180.52000000000044,0.0335451242500104
2400184995,Kas annaksid AI-le õiguse enda nimel tegutseda_,339,3,539.7680000000009,0.1003023743971839
2400207741,"Kuidas rahastada terviseidusid nii, et uued lahendused jõuaksid ka Eestis kasutusele_",-1,7,1249.0800000000008,0.2292486375354176
2400207741,"Kuidas rahastada terviseidusid nii, et uued lahendused jõuaksid ka Eestis kasutusele_",69,9,1623.6799999999994,0.2980004705811529
2400207741,"Kuidas rahastada terviseidusid nii, et uued lahendused jõuaksid ka Eestis kasutusele_",138,2,355.6800000000003,0.0652793699351501
2400207741,"Kuidas rahastada terviseidusid nii, et uued lahendused jõuaksid ka Eestis kasutusele_",166,1,180.12000000000012,0.0330581424671593
2400207741,"Kuidas rahastada terviseidusid nii, et uued lahendused jõuaksid ka Eestis kasutusele_",202,6,1052.2220000000004,0.1931185031261345
2400207741,"Kuidas rahastada terviseidusid nii, et uued lahendused jõuaksid ka Eestis kasutusele_",241,1,182.20000000000027,0.0334398931685345
2400207741,"Kuidas rahastada terviseidusid nii, et uued lahendused jõuaksid ka Eestis kasutusele_",246,1,181.72000000000023,0.0333517968528325
2400207741,"Kuidas rahastada terviseidusid nii, et uued lahendused jõuaksid ka Eestis kasutusele_",264,1,186.04,0.0341446636941501
2400207741,"Kuidas rahastada terviseidusid nii, et uued lahendused jõuaksid ka Eestis kasutusele_",282,2,364.3199999999997,0.0668651036177852
2400207741,"Kuidas rahastada terviseidusid nii, et uued lahendused jõuaksid ka Eestis kasutusele_",314,1,183.1199999999999,0.0336087444402965
2400207741,"Kuidas rahastada terviseidusid nii, et uued lahendused jõuaksid ka Eestis kasutusele_",340,1,181.24000000000024,0.0332637005371306
2400207744,Konkurents tervishoius – kas oht või lahendus_,-1,7,1255.0400000000002,0.2348069761080759
2400207744,Konkurents tervishoius – kas oht või lahendus_,55,16,2797.6000000000004,0.5234064223928745
2400207744,Konkurents tervishoius – kas oht või lahendus_,153,1,218.44000000000003,0.0408682080738845
2400207744,Konkurents tervishoius – kas oht või lahendus_,166,1,190.07999999999996,0.0355623008180002
2400207744,Konkurents tervishoius – kas oht või lahendus_,187,1,181.8800000000001,0.0340281527397826
2400207744,Konkurents tervishoius – kas oht või lahendus_,208,2,368.72000000000025,0.0689842779756579
2400207744,Konkurents tervishoius – kas oht või lahendus_,239,2,363.6399999999999,0.0680338545320792
2400207744,Konkurents tervishoius – kas oht või lahendus_,260,1,180.9459999999999,0.033853409531849
2400207747,Kuidas tehnoloogia areng meie aju mõjutab_,-1,12,2115.24,0.4275624610007221
2400207747,Kuidas tehnoloogia areng meie aju mõjutab_,23,1,204.64,0.0413647538904274
2400207747,Kuidas tehnoloogia areng meie aju mõjutab_,52,1,182.27999999999972,0.0368450319543936
2400207747,Kuidas tehnoloogia areng meie aju mõjutab_,68,1,184.67999999999984,0.0373301541657747
2400207747,Kuidas tehnoloogia areng meie aju mõjutab_,86,1,77.6869999999999,0.015703203848151
2400207747,Kuidas tehnoloogia areng meie aju mõjutab_,114,1,248.08,0.0501454659164251
2400207747,Kuidas tehnoloogia areng meie aju mõjutab_,196,1,183.75999999999976,0.0371441906514119
2400207747,Kuidas tehnoloogia areng meie aju mõjutab_,207,5,886.3199999999999,0.1791556326630359
2400207747,Kuidas tehnoloogia areng meie aju mõjutab_,212,1,183.96000000000004,0.0371846175023604
2400207747,Kuidas tehnoloogia areng meie aju mõjutab_,308,5,924.8,0.1869337587855127
2400207750,Eesti terviseandmed_ kristallkuul või kompass_,-1,13,2322.16,0.4142693653570151
2400207750,Eesti terviseandmed_ kristallkuul või kompass_,21,7,1232.52,0.2198794562777019
2400207750,Eesti terviseandmed_ kristallkuul või kompass_,143,12,2019.9149999999995,0.3603493752046005
2400207750,Eesti terviseandmed_ kristallkuul või kompass_,264,1,180.32000000000016,0.032168779051046
2400207753,"Uued hambad Türgist – kes parandab, kui midagi läheb valesti_",-1,4,656.9390000000001,0.1251202990062392
2400207753,"Uued hambad Türgist – kes parandab, kui midagi läheb valesti_",17,27,4684.919999999999,0.892287702846551
2400207756,Kuhu kaovad töötajad_,-1,6,1059.2000000000005,0.1950803721187567
2400207756,Kuhu kaovad töötajad_,6,1,181.2800000000002,0.0333876225997811
2400207756,Kuhu kaovad töötajad_,7,20,3525.5600000000004,0.6493273760640141
2400207756,Kuhu kaovad töötajad_,21,1,105.5569999999998,0.0194411809287571
2400207756,Kuhu kaovad töötajad_,107,2,372.32000000000016,0.0685728135831339
2400207756,Kuhu kaovad töötajad_,228,1,183.55999999999997,0.0338075463615171
2400207756,Kuhu kaovad töötajad_,279,1,183.83999999999992,0.0338591159462917
2400207759,Tervishoid aastal 2050_ milliseid otsuseid peame tegema juba täna_,-1,13,2402.2849999999994,0.4427485488435441
2400207759,Tervishoid aastal 2050_ milliseid otsuseid peame tegema juba täna_,3,1,180.5999999999999,0.0332851380752675
2400207759,Tervishoid aastal 2050_ milliseid otsuseid peame tegema juba täna_,21,4,712.4400000000005,0.1313048935234973
2400207759,Tervishoid aastal 2050_ milliseid otsuseid peame tegema juba täna_,114,2,352.7600000000002,0.0650147580699412
2400207759,Tervishoid aastal 2050_ milliseid otsuseid peame tegema juba täna_,129,1,183.07999999999996,0.0337422097387595
2400207759,Tervishoid aastal 2050_ milliseid otsuseid peame tegema juba täna_,153,1,180.8800000000001,0.0333367429405005
2400207759,Tervishoid aastal 2050_ milliseid otsuseid peame tegema juba täna_,202,2,371.5200000000003,0.0684722840405504
2400207759,Tervishoid aastal 2050_ milliseid otsuseid peame tegema juba täna_,239,2,366.04,0.067462303106705
2400207759,Tervishoid aastal 2050_ milliseid otsuseid peame tegema juba täna_,245,2,368.3600000000004,0.0678898862757783
2400207759,Tervishoid aastal 2050_ milliseid otsuseid peame tegema juba täna_,260,1,181.5600000000004,0.0334620690417806
2400207759,Tervishoid aastal 2050_ milliseid otsuseid peame tegema juba täna_,264,1,184.1199999999999,0.033933884952482
2400207759,Tervishoid aastal 2050_ milliseid otsuseid peame tegema juba täna_,320,1,181.92,0.0335284181542229
2400207762,Kelle vastutus on ennetus tervishoius_,-1,17,2915.322,0.5421230503856551
2400207762,Kelle vastutus on ennetus tervishoius_,7,2,348.3600000000006,0.064779803339853
2400207762,Kelle vastutus on ennetus tervishoius_,23,5,899.7200000000003,0.1673087744314287
2400207762,Kelle vastutus on ennetus tervishoius_,95,1,185.36000000000013,0.034468895243642
2400207762,Kelle vastutus on ennetus tervishoius_,148,1,187.72000000000023,0.0349077525633173
2400207762,Kelle vastutus on ennetus tervishoius_,153,1,181.76000000000025,0.033799451874646
2400207762,Kelle vastutus on ennetus tervishoius_,260,1,197.64,0.0367524409578842
2400207762,Kelle vastutus on ennetus tervishoius_,282,1,184.19999999999985,0.0342531857136321
2400207762,Kelle vastutus on ennetus tervishoius_,288,2,349.5999999999999,0.0650103893891738
2400207762,Kelle vastutus on ennetus tervishoius_,314,1,184.0400000000002,0.0342234326750102
2400207765,Üksilduse rohi_ kes vastutab üksilduse eest_,-1,16,2933.5600000000013,0.5353434412964629
2400207765,Üksilduse rohi_ kes vastutab üksilduse eest_,9,1,184.0,0.0335780393782807
2400207765,Üksilduse rohi_ kes vastutab üksilduse eest_,27,2,353.24,0.064462536032521
2400207765,Üksilduse rohi_ kes vastutab üksilduse eest_,48,2,351.52,0.0641486543600719
2400207765,Üksilduse rohi_ kes vastutab üksilduse eest_,51,1,183.92000000000007,0.0335634402307249
2400207765,Üksilduse rohi_ kes vastutab üksilduse eest_,79,1,185.07999999999996,0.0337751278702836
2400207765,Üksilduse rohi_ kes vastutab üksilduse eest_,173,1,182.1600000000003,0.0332422589844979
2400207765,Üksilduse rohi_ kes vastutab üksilduse eest_,189,2,283.9719999999993,0.0518218641213538
2400207765,Üksilduse rohi_ kes vastutab üksilduse eest_,341,6,1099.7600000000002,0.2006944814492282
