episode_id,title,topic_id,passage_count,covered_seconds,fraction_of_analyzed_talk
2247188684,Kas kiirustades elad kauem?,-1,24,4112.84,0.791247115914228
2247188684,Kas kiirustades elad kauem?,7,5,826.2410000000007,0.1589560518522695
2247188684,Kas kiirustades elad kauem?,27,1,184.44000000000003,0.0354834173124216
2247188684,Kas kiirustades elad kauem?,173,1,180.0,0.0346292296477764
2247188687,Kes koristab?!,-1,12,2060.717000000001,0.381914344919536
2247188687,Kes koristab?!,5,1,184.0400000000002,0.0341082817480476
2247188687,Kes koristab?!,7,3,555.9200000000005,0.1030291023113161
2247188687,Kes koristab?!,34,1,187.15999999999983,0.0346865138663582
2247188687,Kes koristab?!,70,1,182.2400000000007,0.0337746862951761
2247188687,Kes koristab?!,71,4,730.7999999999995,0.1354397538658615
2247188687,Kes koristab?!,138,10,1787.64,0.3313047640951955
2247188690,Kas kõik on kiusamine?,-1,14,2471.894,0.4718963371866822
2247188690,Kas kõik on kiusamine?,7,2,389.2800000000004,0.0743154059761591
2247188690,Kas kõik on kiusamine?,18,6,1103.7199999999991,0.2107054045520094
2247188690,Kas kõik on kiusamine?,27,2,408.4,0.0779655050366403
2247188690,Kas kõik on kiusamine?,41,1,187.0,0.0356991906019876
2247188690,Kas kõik on kiusamine?,46,1,180.92000000000007,0.0345384896455166
2247188690,Kas kõik on kiusamine?,79,2,365.8,0.0698329621508399
2247188690,Kas kõik on kiusamine?,153,2,363.52,0.0693976992921633
2247188693,Töökius otse laval,-1,17,3041.6899999999987,0.5679616092018409
2247188693,Töökius otse laval,18,5,895.2000000000003,0.1671568215556116
2247188693,Töökius otse laval,79,6,1093.8399999999992,0.2042480090375223
2247188693,Töökius otse laval,97,1,184.0,0.0343575236441382
2247188693,Töökius otse laval,153,2,363.4000000000002,0.067856109197173
2247188696,Juhi võim versus töötaja julgus,-1,7,1269.2800000000002,0.2408166912710969
2247188696,Juhi võim versus töötaja julgus,12,1,127.89100000000052,0.024264376231684
2247188696,Juhi võim versus töötaja julgus,18,8,1439.2799999999993,0.2730702819020738
2247188696,Juhi võim versus töötaja julgus,79,1,185.15999999999983,0.0351298520072452
2247188696,Juhi võim versus töötaja julgus,116,13,2271.24,0.4309155599100009
2247188696,Juhi võim versus töötaja julgus,154,1,183.5999999999999,0.0348338778814551
2247188699,Õpiamps kui osa tööst,-1,24,4203.883,0.7685845310196662
2247188699,Õpiamps kui osa tööst,6,1,183.1199999999999,0.0334793331118685
2247188699,Õpiamps kui osa tööst,7,3,550.32,0.1006135135327845
2247188699,Õpiamps kui osa tööst,73,2,366.1199999999999,0.0669367269490897
2247188699,Õpiamps kui osa tööst,127,1,181.64000000000036,0.0332087487245511
2247188699,Õpiamps kui osa tööst,179,1,180.1199999999999,0.0329308512456845
2247188702,Kuidas juhtida riiki? Visiooni põhjal? Väärtuste põhjal?,-1,12,2176.935,0.4520500156259896
2247188702,Kuidas juhtida riiki? Visiooni põhjal? Väärtuste põhjal?,4,2,352.9200000000001,0.0732853721010155
2247188702,Kuidas juhtida riiki? Visiooni põhjal? Väärtuste põhjal?,18,1,181.75999999999976,0.0377432540889736
2247188702,Kuidas juhtida riiki? Visiooni põhjal? Väärtuste põhjal?,71,1,183.76000000000025,0.0381585627827344
2247188702,Kuidas juhtida riiki? Visiooni põhjal? Väärtuste põhjal?,141,5,902.3200000000004,0.1873706702770836
2247188702,Kuidas juhtida riiki? Visiooni põhjal? Väärtuste põhjal?,180,7,1207.88,0.2508215325098454
2247188705,Kas töötaja on alati nõrgem osapool?,-1,17,2966.6399999999994,0.5374844414973121
2247188705,Kas töötaja on alati nõrgem osapool?,7,6,1151.3699999999994,0.2086007946386349
2247188705,Kas töötaja on alati nõrgem osapool?,18,3,545.1199999999998,0.0987627480075151
2247188705,Kas töötaja on alati nõrgem osapool?,27,1,184.07999999999996,0.0333509074207943
2247188705,Kas töötaja on alati nõrgem osapool?,71,1,181.87999999999988,0.0329523198701329
2247188705,Kas töötaja on alati nõrgem osapool?,153,3,542.3999999999997,0.0982699488539701
2247188705,Kas töötaja on alati nõrgem osapool?,179,1,183.0,0.0331552371686514
2247188708,Disainime tööd,-1,13,2331.84,0.4509176668785403
2247188708,Disainime tööd,7,6,1058.9200000000003,0.2047677953080074
2247188708,Disainime tööd,8,1,171.5610000000006,0.03317546909194
2247188708,Disainime tööd,18,1,183.96000000000004,0.0355731156507205
2247188708,Disainime tööd,71,1,187.0,0.0361609731826742
2247188708,Disainime tööd,116,2,360.5600000000002,0.0697229972767113
2247188708,Disainime tööd,128,1,184.39999999999964,0.0356582002935032
2247188708,Disainime tööd,154,1,184.4,0.0356582002935033
2247188708,Disainime tööd,156,1,183.48,0.0354802960404121
2247188708,Disainime tööd,177,1,183.48,0.0354802960404121
2247188708,Disainime tööd,179,2,366.9200000000001,0.0709528571132985
2250797864,Kuidas luua hoolivamat ühiskonda_ Pihlakodu juhtumist edasi!,-1,15,2811.160000000001,0.4640728818738433
2250797864,Kuidas luua hoolivamat ühiskonda_ Pihlakodu juhtumist edasi!,16,1,180.52,0.0298006647205659
2250797864,Kuidas luua hoolivamat ühiskonda_ Pihlakodu juhtumist edasi!,17,4,703.2,0.1160859042294591
2250797864,Kuidas luua hoolivamat ühiskonda_ Pihlakodu juhtumist edasi!,36,1,200.223,0.033053282142399
2250797864,Kuidas luua hoolivamat ühiskonda_ Pihlakodu juhtumist edasi!,71,1,184.48,0.0304543908024041
2250797864,Kuidas luua hoolivamat ühiskonda_ Pihlakodu juhtumist edasi!,79,6,1089.5199999999998,0.1798605153243463
2250797864,Kuidas luua hoolivamat ühiskonda_ Pihlakodu juhtumist edasi!,80,1,180.12000000000037,0.0297346317830065
2250797864,Kuidas luua hoolivamat ühiskonda_ Pihlakodu juhtumist edasi!,81,1,180.51999999999956,0.0298006647205658
2250797864,Kuidas luua hoolivamat ühiskonda_ Pihlakodu juhtumist edasi!,154,1,181.52,0.0299657470644644
2250797864,Kuidas luua hoolivamat ühiskonda_ Pihlakodu juhtumist edasi!,166,2,377.5199999999995,0.0623218864685798
2250797864,Kuidas luua hoolivamat ühiskonda_ Pihlakodu juhtumist edasi!,170,1,215.2,0.0355257204069675
2250797867,"Loodus, majandus ja julgeolek. Kas valida tuleb ainult kaks_",-1,15,2720.24,0.515821719677526
2250797867,"Loodus, majandus ja julgeolek. Kas valida tuleb ainult kaks_",4,1,182.0,0.0345114964052104
2250797867,"Loodus, majandus ja julgeolek. Kas valida tuleb ainult kaks_",10,2,389.0,0.0737635829759718
2250797867,"Loodus, majandus ja julgeolek. Kas valida tuleb ainult kaks_",13,3,519.6800000000001,0.0985435958893394
2250797867,"Loodus, majandus ja julgeolek. Kas valida tuleb ainult kaks_",14,1,184.5999999999999,0.0350045177824277
2250797867,"Loodus, majandus ja julgeolek. Kas valida tuleb ainult kaks_",37,1,61.04500000000007,0.0115755730662421
2250797867,"Loodus, majandus ja julgeolek. Kas valida tuleb ainult kaks_",43,2,367.1600000000008,0.0696222034073467
2250797867,"Loodus, majandus ja julgeolek. Kas valida tuleb ainult kaks_",49,3,536.6800000000001,0.101767197201914
2250797867,"Loodus, majandus ja julgeolek. Kas valida tuleb ainult kaks_",104,1,185.6800000000003,0.0352093112775796
2250797867,"Loodus, majandus ja julgeolek. Kas valida tuleb ainult kaks_",129,1,182.87999999999988,0.0346783651790378
2250797867,"Loodus, majandus ja julgeolek. Kas valida tuleb ainult kaks_",172,1,181.92000000000007,0.0344963265166807
2250797870,Noored ja äärmuslus. Mida saame teha_,-1,13,2528.16,0.4943325466487039
2250797870,Noored ja äärmuslus. Mida saame teha_,6,2,380.3999999999997,0.0743798259386932
2250797870,Noored ja äärmuslus. Mida saame teha_,46,1,223.96000000000004,0.0437910247561245
2250797870,Noored ja äärmuslus. Mida saame teha_,54,8,1565.0900000000006,0.3060229279137477
2250797870,Noored ja äärmuslus. Mida saame teha_,66,1,232.44000000000003,0.0454491239253151
2250797870,Noored ja äärmuslus. Mida saame teha_,72,1,200.35999999999967,0.0391765034833769
2250797870,Noored ja äärmuslus. Mida saame teha_,171,1,180.19999999999985,0.035234607345301
2250797873,Vasakpoolsus Eestis. Kas turumõtlemine on piisav_,-1,3,553.9999999999998,0.0979877837179677
2250797873,Vasakpoolsus Eestis. Kas turumõtlemine on piisav_,33,30,5176.326,0.9155536327467392
2250797876,Kas öko-eluviis on ainult rikastele_,-1,12,2161.92,0.4457712230625245
2250797876,Kas öko-eluviis on ainult rikastele_,4,2,361.04,0.0744436622883797
2250797876,Kas öko-eluviis on ainult rikastele_,10,7,1382.522,0.2850653691398606
2250797876,Kas öko-eluviis on ainult rikastele_,34,1,183.67999999999984,0.0378733987622689
2250797876,Kas öko-eluviis on ainult rikastele_,42,1,183.0,0.0377331880090114
2250797876,Kas öko-eluviis on ainult rikastele_,110,1,213.23999999999975,0.0439684426832873
2250797876,Kas öko-eluviis on ainult rikastele_,115,2,382.6400000000003,0.0788974156271483
2250797876,Kas öko-eluviis on ainult rikastele_,177,1,203.23999999999975,0.0419065198412648
2250797879,Looduskaitse ja riigikaitse – teineteist võimendavad jõud_,-1,6,1068.3199999999997,0.2033289133326493
2250797879,Looduskaitse ja riigikaitse – teineteist võimendavad jõud_,10,21,3752.546999999999,0.7142067018680671
2250797879,Looduskaitse ja riigikaitse – teineteist võimendavad jõud_,12,1,182.64000000000036,0.0347611134595207
2250797879,Looduskaitse ja riigikaitse – teineteist võimendavad jõud_,26,1,180.12000000000037,0.034281492314547
2250797879,Looduskaitse ja riigikaitse – teineteist võimendavad jõud_,112,1,219.07999999999996,0.0416965874765209
2250797882,Meedia roll progressiivsete teemade kajastamisel,-1,11,1980.3209999999992,0.3994224641944539
2250797882,Meedia roll progressiivsete teemade kajastamisel,6,5,947.1600000000004,0.1910382110710431
2250797882,Meedia roll progressiivsete teemade kajastamisel,10,1,187.5999999999999,0.0378381354754504
2250797882,Meedia roll progressiivsete teemade kajastamisel,11,5,922.04,0.1859716121203857
2250797882,Meedia roll progressiivsete teemade kajastamisel,54,1,197.19999999999996,0.0397744153292048
2250797882,Meedia roll progressiivsete teemade kajastamisel,72,1,180.5200000000002,0.0364101290833066
2250797882,Meedia roll progressiivsete teemade kajastamisel,97,2,384.51999999999975,0.0775560759755874
2250797882,Meedia roll progressiivsete teemade kajastamisel,114,2,371.44000000000005,0.0749178946748471
2250797888,Rohkem kui kondoom ja video. Seksuaalhariduse tulevik Eestis,-1,4,688.7600000000002,0.1321857886267175
2250797888,Rohkem kui kondoom ja video. Seksuaalhariduse tulevik Eestis,16,26,4387.745,0.8420894551337719
2250797888,Rohkem kui kondoom ja video. Seksuaalhariduse tulevik Eestis,157,1,182.8800000000001,0.0350980559615165
2254333406,"Kuhu pöörad, rohepööre_",-1,13,2472.12,0.4312649842915167
2254333406,"Kuhu pöörad, rohepööre_",10,1,183.7199999999998,0.0320502252779142
2254333406,"Kuhu pöörad, rohepööre_",12,1,181.52000000000044,0.0316664320294307
2254333406,"Kuhu pöörad, rohepööre_",26,1,188.23999999999975,0.0328387459520715
2254333406,"Kuhu pöörad, rohepööre_",42,1,184.7199999999998,0.0322246767544977
2254333406,"Kuhu pöörad, rohepööre_",98,8,1525.0529999999997,0.2660477477180437
2254333406,"Kuhu pöörad, rohepööre_",111,1,198.96000000000004,0.0347088657810463
2254333406,"Kuhu pöörad, rohepööre_",129,1,185.44000000000003,0.0323502818176378
2254333406,"Kuhu pöörad, rohepööre_",151,1,185.48000000000025,0.0323572598767012
2254333406,"Kuhu pöörad, rohepööre_",152,1,191.20000000000027,0.0333551223227586
2254333406,"Kuhu pöörad, rohepööre_",178,2,367.9999999999996,0.0641981433827152
2254333406,"Kuhu pöörad, rohepööre_",181,1,184.3199999999997,0.0321548961638643
2254333409,Kust tuleb raha aastal 2040_,-1,16,2729.1600000000003,0.5179733228061918
2254333409,Kust tuleb raha aastal 2040_,4,2,359.1200000000008,0.0681581804240718
2254333409,Kust tuleb raha aastal 2040_,13,5,907.2399999999998,0.1721870895743339
2254333409,Kust tuleb raha aastal 2040_,14,1,225.24,0.0427487986152759
2254333409,Kust tuleb raha aastal 2040_,30,1,183.27999999999972,0.0347851172536306
2254333409,Kust tuleb raha aastal 2040_,34,1,181.76,0.0344966330860973
2254333409,Kust tuleb raha aastal 2040_,115,1,180.0,0.0341625987868481
2254333409,Kust tuleb raha aastal 2040_,131,2,376.4000000000001,0.0714377899076091
2254333409,Kust tuleb raha aastal 2040_,140,1,186.27999999999972,0.0353544939000781
2254333409,Kust tuleb raha aastal 2040_,178,1,185.20000000000076,0.0351495183073572
2254333412,Millist väliruumi ootame oma linnadesse_ LIFE Tartu ROHEringiga.alp,-1,29,5151.7880000000005,0.9123718606705502
2254333412,Millist väliruumi ootame oma linnadesse_ LIFE Tartu ROHEringiga.alp,55,1,183.92000000000007,0.0325718823473573
2254333412,Millist väliruumi ootame oma linnadesse_ LIFE Tartu ROHEringiga.alp,65,1,198.9599999999998,0.0352354377546227
2254333412,Millist väliruumi ootame oma linnadesse_ LIFE Tartu ROHEringiga.alp,126,1,184.1199999999999,0.0326073019671348
2254333415,Hakkab looma! Unistades loome Eesti tulevikku,-1,10,1701.7780000000002,0.3318950637918438
2254333415,Hakkab looma! Unistades loome Eesti tulevikku,10,3,547.9999999999998,0.1068755707018955
2254333415,Hakkab looma! Unistades loome Eesti tulevikku,41,2,356.7600000000002,0.0695783368678983
2254333415,Hakkab looma! Unistades loome Eesti tulevikku,64,1,181.84000000000012,0.0354639667453151
2254333415,Hakkab looma! Unistades loome Eesti tulevikku,128,14,2513.2400000000007,0.4901532104212263
2258666735,Milliseid lasteraamatuid tahame – lastega ja lastele,12,2,372.859,1.0
2258666738,Mitmekultuuriline maailm Eesti koolis,-1,4,740.2800000000007,0.1414241681959536
2258666738,Mitmekultuuriline maailm Eesti koolis,19,2,362.7999999999997,0.0693098398193817
2258666738,Mitmekultuuriline maailm Eesti koolis,35,19,3516.106,0.6717220056448928
2258666738,Mitmekultuuriline maailm Eesti koolis,100,4,768.9200000000001,0.1468955954628418
2258666741,Me paneme selle muuseumi kinni!,47,24,4204.613,1.0
2258666744,Rahvus: inimene,-1,7,1427.0400000000002,0.3446975671603972
2258666744,Rahvus: inimene,19,2,376.1600000000001,0.0908604081616878
2258666744,Rahvus: inimene,35,3,614.6,0.14845493102981
2258666744,Rahvus: inimene,41,1,108.17700000000012,0.0261298553107904
2258666744,Rahvus: inimene,46,6,1154.84,0.2789484096167683
2258666744,Rahvus: inimene,167,3,603.7999999999997,0.1458462208848019
2258666747,"Kaua säilib Eesti kultuur, kui meid saab olema nii vähe",-1,9,1663.9199999999998,0.3159831746061889
2258666747,"Kaua säilib Eesti kultuur, kui meid saab olema nii vähe",19,1,184.08000000000004,0.0349573193311621
2258666747,"Kaua säilib Eesti kultuur, kui meid saab olema nii vähe",29,1,185.7599999999993,0.0352763561438322
2258666747,"Kaua säilib Eesti kultuur, kui meid saab olema nii vähe",46,3,562.3600000000001,0.1067937749840956
2258666747,"Kaua säilib Eesti kultuur, kui meid saab olema nii vähe",53,1,180.55999999999997,0.0342888612474719
2258666747,"Kaua säilib Eesti kultuur, kui meid saab olema nii vähe",100,13,2357.53,0.4477017005801532
2258666747,"Kaua säilib Eesti kultuur, kui meid saab olema nii vähe",119,2,353.9200000000001,0.0672104218692139
2267420987,Kliimatark metsandus. Kuidas kohaneda ja tegutseda muutuvas keskkonnas_,-1,20,3583.9599999999987,0.6327140469558856
2267420987,Kliimatark metsandus. Kuidas kohaneda ja tegutseda muutuvas keskkonnas_,94,1,196.8800000000001,0.0347572912545549
2267420987,Kliimatark metsandus. Kuidas kohaneda ja tegutseda muutuvas keskkonnas_,105,1,180.35999999999967,0.0318408423947151
2267420987,Kliimatark metsandus. Kuidas kohaneda ja tegutseda muutuvas keskkonnas_,112,1,182.52,0.0322221698485441
2267420987,Kliimatark metsandus. Kuidas kohaneda ja tegutseda muutuvas keskkonnas_,175,10,1701.1430000000005,0.3003206151800457
2267420990,Püsimetsandus – kas kesktee metsakaitse ja metsamajanduse vahel_,-1,13,2239.797999999999,0.3928672034698913
2267420990,Püsimetsandus – kas kesktee metsakaitse ja metsamajanduse vahel_,101,18,3218.28,0.5644958445284274
2267420990,Püsimetsandus – kas kesktee metsakaitse ja metsamajanduse vahel_,112,2,408.0799999999999,0.0715784407308129
2267420993,"Mõõdame eurodes, mitte tihumeetrites",-1,6,1114.7199999999998,0.3009045871267407
2267420993,"Mõõdame eurodes, mitte tihumeetrites",4,1,180.24,0.0486535118987043
2267420993,"Mõõdame eurodes, mitte tihumeetrites",5,1,184.6400000000001,0.049841236334758
2267420993,"Mõõdame eurodes, mitte tihumeetrites",12,1,184.92000000000007,0.0499168187988705
2267420993,"Mõõdame eurodes, mitte tihumeetrites",13,7,1273.3200000000002,0.3437166542990361
2267420993,"Mõõdame eurodes, mitte tihumeetrites",115,1,190.84000000000012,0.0515148480401062
2267420993,"Mõõdame eurodes, mitte tihumeetrites",129,2,375.7600000000002,0.1014316668389767
2267420993,"Mõõdame eurodes, mitte tihumeetrites",151,1,183.4000000000001,0.0495065139936883
2267420993,"Mõõdame eurodes, mitte tihumeetrites",160,1,210.08300000000008,0.0567092528862378
2267420996,"Eesti inimesed soovivad, ökoloogid soovitavad ja prognoosid näitavad, et raiemahtu peaks vähendama. Mis seda takistab_",-1,12,2196.4400000000005,0.3770096286409501
2267420996,"Eesti inimesed soovivad, ökoloogid soovitavad ja prognoosid näitavad, et raiemahtu peaks vähendama. Mis seda takistab_",36,1,113.55199999999968,0.0194907201432486
2267420996,"Eesti inimesed soovivad, ökoloogid soovitavad ja prognoosid näitavad, et raiemahtu peaks vähendama. Mis seda takistab_",105,13,2445.28,0.4197219613206563
2267420996,"Eesti inimesed soovivad, ökoloogid soovitavad ja prognoosid näitavad, et raiemahtu peaks vähendama. Mis seda takistab_",112,6,1094.640000000001,0.1878903224743357
2267420996,"Eesti inimesed soovivad, ökoloogid soovitavad ja prognoosid näitavad, et raiemahtu peaks vähendama. Mis seda takistab_",129,1,182.07999999999996,0.0312532612695744
2267420999,Kas tulevikumetsad vajavad rangemat kaitset või paindlikumat majandamist_,-1,16,2932.195000000001,0.5885300472579077
2267420999,Kas tulevikumetsad vajavad rangemat kaitset või paindlikumat majandamist_,10,2,380.0399999999995,0.0762790193557709
2267420999,Kas tulevikumetsad vajavad rangemat kaitset või paindlikumat majandamist_,105,1,184.55999999999997,0.0370436159675326
2267420999,Kas tulevikumetsad vajavad rangemat kaitset või paindlikumat majandamist_,112,4,737.8,0.1480861500912743
2267420999,Kas tulevikumetsad vajavad rangemat kaitset või paindlikumat majandamist_,129,5,923.2399999999998,0.1853063936165194
2271676346,Ajateenistuse tulevikuvaade – kuhu liigume ja miks_,-1,3,613.96,0.1103938043104576
2271676346,Ajateenistuse tulevikuvaade – kuhu liigume ja miks_,22,1,189.48,0.0340696756152608
2271676346,Ajateenistuse tulevikuvaade – kuhu liigume ja miks_,24,20,3931.7439999999992,0.7069518824268943
2271676346,Ajateenistuse tulevikuvaade – kuhu liigume ja miks_,68,2,397.2400000000002,0.0714262082615907
2271676346,Ajateenistuse tulevikuvaade – kuhu liigume ja miks_,90,2,402.1999999999998,0.0723180469308522
2271676346,Ajateenistuse tulevikuvaade – kuhu liigume ja miks_,156,1,184.44000000000003,0.0331634524513336
2271676349,Millised on minu kui kodaniku võimalused toetada laiapõhjalist riigikaitset,-1,10,1724.3850000000002,0.2970176543083351
2271676349,Millised on minu kui kodaniku võimalused toetada laiapõhjalist riigikaitset,10,1,197.36,0.0339943830723956
2271676349,Millised on minu kui kodaniku võimalused toetada laiapõhjalist riigikaitset,24,1,181.44000000000003,0.0312522338095636
2271676349,Millised on minu kui kodaniku võimalused toetada laiapõhjalist riigikaitset,68,8,1452.2399999999998,0.2501418872773402
2271676349,Millised on minu kui kodaniku võimalused toetada laiapõhjalist riigikaitset,89,1,180.48,0.0310868780751214
2271676349,Millised on minu kui kodaniku võimalused toetada laiapõhjalist riigikaitset,90,1,188.1199999999999,0.03240283412839
2271676349,Millised on minu kui kodaniku võimalused toetada laiapõhjalist riigikaitset,106,9,1637.7999999999995,0.2821037727805514
2271676349,Millised on minu kui kodaniku võimalused toetada laiapõhjalist riigikaitset,113,1,182.92000000000007,0.0315071572334952
2271676349,Millised on minu kui kodaniku võimalused toetada laiapõhjalist riigikaitset,166,1,184.4400000000005,0.0317689704796953
2271676349,Millised on minu kui kodaniku võimalused toetada laiapõhjalist riigikaitset,185,1,186.44000000000003,0.0321134615931163
2271676352,Ajalugu oleviku teejuhina – kristallkuul või kõverpeegel_,-1,10,1828.28,0.3288687424675768
2271676352,Ajalugu oleviku teejuhina – kristallkuul või kõverpeegel_,12,1,226.28,0.0407029662007806
2271676352,Ajalugu oleviku teejuhina – kristallkuul või kõverpeegel_,48,2,385.4000000000001,0.0693252747648085
2271676352,Ajalugu oleviku teejuhina – kristallkuul või kõverpeegel_,54,1,122.78000000000064,0.0220855143633192
2271676352,Ajalugu oleviku teejuhina – kristallkuul või kõverpeegel_,74,1,182.76000000000025,0.0328746424909611
2271676352,Ajalugu oleviku teejuhina – kristallkuul või kõverpeegel_,90,2,368.84000000000015,0.0663464824708146
2271676352,Ajalugu oleviku teejuhina – kristallkuul või kõverpeegel_,125,15,2698.28,0.4853632651592826
2271676355,Valel on ohtlikud jalad ehk kuidas väärinfo ohustab meie julgeolekut.,-1,18,3275.4170000000013,0.5726837193371285
2271676355,Valel on ohtlikud jalad ehk kuidas väärinfo ohustab meie julgeolekut.,6,2,369.4000000000001,0.0645870024864422
2271676355,Valel on ohtlikud jalad ehk kuidas väärinfo ohustab meie julgeolekut.,29,1,192.07999999999996,0.033583842548987
2271676355,Valel on ohtlikud jalad ehk kuidas väärinfo ohustab meie julgeolekut.,54,2,363.0000000000002,0.0634680073161303
2271676355,Valel on ohtlikud jalad ehk kuidas väärinfo ohustab meie julgeolekut.,88,3,625.8399999999997,0.1094237402168786
2271676355,Valel on ohtlikud jalad ehk kuidas väärinfo ohustab meie julgeolekut.,90,2,403.6400000000003,0.0705736266476111
2271676355,Valel on ohtlikud jalad ehk kuidas väärinfo ohustab meie julgeolekut.,125,1,180.56,0.0315696512424255
2271676355,Valel on ohtlikud jalad ehk kuidas väärinfo ohustab meie julgeolekut.,146,1,196.6400000000001,0.0343811266078343
2271676355,Valel on ohtlikud jalad ehk kuidas väärinfo ohustab meie julgeolekut.,185,2,381.5599999999995,0.0667130933100348
2271676358,Kaitsekulud Eestis. Ühiskonna roll kaitsevõime tagajana,-1,14,2458.509,0.4591268423599313
2271676358,Kaitsekulud Eestis. Ühiskonna roll kaitsevõime tagajana,9,1,183.07999999999996,0.0341902113432394
2271676358,Kaitsekulud Eestis. Ühiskonna roll kaitsevõime tagajana,37,1,181.0,0.0338017711007556
2271676358,Kaitsekulud Eestis. Ühiskonna roll kaitsevõime tagajana,49,3,535.4800000000001,0.1000009524255945
2271676358,Kaitsekulud Eestis. Ühiskonna roll kaitsevõime tagajana,90,6,1113.239999999999,0.2078976997801389
2271676358,Kaitsekulud Eestis. Ühiskonna roll kaitsevõime tagajana,98,1,181.36000000000013,0.0338690011427239
2271676358,Kaitsekulud Eestis. Ühiskonna roll kaitsevõime tagajana,106,4,693.44,0.1295000008403755
2271676358,Kaitsekulud Eestis. Ühiskonna roll kaitsevõime tagajana,185,1,185.72000000000023,0.0346832316510074
2271676361,"“Kogu rahvas peab sõda. Sõjavägi peab lahinguid.” – Kindralleitnant Nikolai Reek, Sõjavägede staabi ülem 1937.",-1,12,2154.5599999999995,0.4072171729160964
2271676361,"“Kogu rahvas peab sõda. Sõjavägi peab lahinguid.” – Kindralleitnant Nikolai Reek, Sõjavägede staabi ülem 1937.",4,1,180.1760000000004,0.0340537099673858
2271676361,"“Kogu rahvas peab sõda. Sõjavägi peab lahinguid.” – Kindralleitnant Nikolai Reek, Sõjavägede staabi ülem 1937.",64,1,186.4000000000001,0.0352300613728837
2271676361,"“Kogu rahvas peab sõda. Sõjavägi peab lahinguid.” – Kindralleitnant Nikolai Reek, Sõjavägede staabi ülem 1937.",68,9,1612.4000000000003,0.3047475909744515
2271676361,"“Kogu rahvas peab sõda. Sõjavägi peab lahinguid.” – Kindralleitnant Nikolai Reek, Sõjavägede staabi ülem 1937.",89,1,183.72000000000023,0.034723534739411
2271676361,"“Kogu rahvas peab sõda. Sõjavägi peab lahinguid.” – Kindralleitnant Nikolai Reek, Sõjavägede staabi ülem 1937.",90,3,536.56,0.1014111680806571
2271676361,"“Kogu rahvas peab sõda. Sõjavägi peab lahinguid.” – Kindralleitnant Nikolai Reek, Sõjavägede staabi ülem 1937.",106,3,644.9200000000001,0.1218914762907735
2271676364,"Rahvaarv kahaneb, aga ohud kasvavad. Kas Eesti riigikaitse vajab uut lähenemist_",-1,11,1994.7200000000005,0.4039636523440269
2271676364,"Rahvaarv kahaneb, aga ohud kasvavad. Kas Eesti riigikaitse vajab uut lähenemist_",12,1,182.48,0.0369552053820776
2271676364,"Rahvaarv kahaneb, aga ohud kasvavad. Kas Eesti riigikaitse vajab uut lähenemist_",24,12,2065.7899999999995,0.4183564978421869
2271676364,"Rahvaarv kahaneb, aga ohud kasvavad. Kas Eesti riigikaitse vajab uut lähenemist_",36,1,182.0,0.0368579974766447
2271676364,"Rahvaarv kahaneb, aga ohud kasvavad. Kas Eesti riigikaitse vajab uut lähenemist_",68,1,183.48,0.0371577218517295
2271676364,"Rahvaarv kahaneb, aga ohud kasvavad. Kas Eesti riigikaitse vajab uut lähenemist_",106,1,181.0,0.0366554810069928
2271676364,"Rahvaarv kahaneb, aga ohud kasvavad. Kas Eesti riigikaitse vajab uut lähenemist_",114,1,183.55999999999997,0.0371739231693017
2271676364,"Rahvaarv kahaneb, aga ohud kasvavad. Kas Eesti riigikaitse vajab uut lähenemist_",173,1,181.5599999999995,0.0367688902299978
2271676367,"Kui sõda algab, kolin Hispaaniasse_",-1,20,3479.980000000001,0.6166700335626368
2271676367,"Kui sõda algab, kolin Hispaaniasse_",11,1,181.92000000000007,0.0322371428875208
2271676367,"Kui sõda algab, kolin Hispaaniasse_",36,1,183.5999999999999,0.0325348473732895
2271676367,"Kui sõda algab, kolin Hispaaniasse_",41,4,720.9600000000006,0.1277577536070089
2271676367,"Kui sõda algab, kolin Hispaaniasse_",68,3,536.2799999999993,0.0950315247785821
2271676367,"Kui sõda algab, kolin Hispaaniasse_",90,2,362.2000000000007,0.0641836694913153
2271676367,"Kui sõda algab, kolin Hispaaniasse_",173,1,181.04,0.0320812024425944
2271676367,"Kui sõda algab, kolin Hispaaniasse_",185,1,180.55999999999997,0.031996144018089
2277338243,Maailmahariduslik mälumäng ja mõtteharjutused koos Ivo Linnaga,-1,14,2848.56,0.5936035949301882
2277338243,Maailmahariduslik mälumäng ja mõtteharjutused koos Ivo Linnaga,11,1,216.32000000000016,0.0450783306847313
2277338243,Maailmahariduslik mälumäng ja mõtteharjutused koos Ivo Linnaga,26,1,241.92000000000007,0.0504130443752321
2277338243,Maailmahariduslik mälumäng ja mõtteharjutused koos Ivo Linnaga,36,3,613.6779999999995,0.1278826729749655
2277338243,Maailmahariduslik mälumäng ja mõtteharjutused koos Ivo Linnaga,48,1,255.48000000000047,0.0532387755331693
2277338243,Maailmahariduslik mälumäng ja mõtteharjutused koos Ivo Linnaga,71,1,185.1199999999999,0.0385766483744335
2277338243,Maailmahariduslik mälumäng ja mõtteharjutused koos Ivo Linnaga,86,2,444.56,0.092640637431602
2277338243,Maailmahariduslik mälumäng ja mõtteharjutused koos Ivo Linnaga,113,1,183.1200000000001,0.0381598738673632
2277338246,Ettevõtjad ja noored - kas parallelmaailmad või partnerid ettevõtliku tulevikupõlvkonna kujundamisel_,-1,17,2990.8400000000006,0.5445934058610563
2277338246,Ettevõtjad ja noored - kas parallelmaailmad või partnerid ettevõtliku tulevikupõlvkonna kujundamisel_,30,1,180.72000000000023,0.0329067821438827
2277338246,Ettevõtjad ja noored - kas parallelmaailmad või partnerid ettevõtliku tulevikupõlvkonna kujundamisel_,42,9,1656.1999999999998,0.3015726681424219
2277338246,Ettevõtjad ja noored - kas parallelmaailmad või partnerid ettevõtliku tulevikupõlvkonna kujundamisel_,82,2,361.4799999999998,0.0658208477720822
2277338246,Ettevõtjad ja noored - kas parallelmaailmad või partnerid ettevõtliku tulevikupõlvkonna kujundamisel_,127,1,184.7599999999993,0.0336424140598923
2277338246,Ettevõtjad ja noored - kas parallelmaailmad või partnerid ettevõtliku tulevikupõlvkonna kujundamisel_,141,1,165.4370000000008,0.0301239448734923
2277338246,Ettevõtjad ja noored - kas parallelmaailmad või partnerid ettevõtliku tulevikupõlvkonna kujundamisel_,174,1,183.12000000000037,0.0333437912028984
2277338249,Kas lapsi saab panna liikuma_,-1,6,1066.1999999999998,0.2032511801035738
2277338249,Kas lapsi saab panna liikuma_,41,1,182.39999999999984,0.0347711641820407
2277338249,Kas lapsi saab panna liikuma_,132,12,2045.8459999999995,0.3900024515195799
2277338249,Kas lapsi saab panna liikuma_,149,8,1403.92,0.2676312106274708
2277338249,Kas lapsi saab panna liikuma_,174,4,720.2399999999993,0.1373003469872424
2280202454,Oskusi kombineerides saame tõenäolisemalt olümpiavõitjaks,-1,7,1246.6000000000004,0.2334459988992495
2280202454,Oskusi kombineerides saame tõenäolisemalt olümpiavõitjaks,3,1,182.64000000000036,0.0342022920254765
2280202454,Oskusi kombineerides saame tõenäolisemalt olümpiavõitjaks,5,13,2268.719999999999,0.4248544895096303
2280202454,Oskusi kombineerides saame tõenäolisemalt olümpiavõitjaks,12,2,254.91299999999936,0.0477365794299729
2280202454,Oskusi kombineerides saame tõenäolisemalt olümpiavõitjaks,40,1,182.63999999999945,0.0342022920254763
2280202454,Oskusi kombineerides saame tõenäolisemalt olümpiavõitjaks,166,1,182.0,0.0340824416811033
2280202454,Oskusi kombineerides saame tõenäolisemalt olümpiavõitjaks,174,6,1053.6800000000003,0.19731861071728
2280202454,Oskusi kombineerides saame tõenäolisemalt olümpiavõitjaks,184,1,181.96000000000004,0.03407495103458
2280202457,Naised ettevõtluses sotsiodraama_ Kuidas tappa ettevõtjat_,-1,4,686.819,0.1508769756198075
2280202457,Naised ettevõtluses sotsiodraama_ Kuidas tappa ettevõtjat_,4,4,725.8799999999999,0.1594577014656057
2280202457,Naised ettevõtluses sotsiodraama_ Kuidas tappa ettevõtjat_,13,2,370.7999999999997,0.0814554963677833
2280202457,Naised ettevõtluses sotsiodraama_ Kuidas tappa ettevõtjat_,34,1,182.48,0.0400862971337462
2280202457,Naised ettevõtluses sotsiodraama_ Kuidas tappa ettevõtjat_,38,1,181.91999999999985,0.0399632791241293
2280202457,Naised ettevõtluses sotsiodraama_ Kuidas tappa ettevõtjat_,42,12,2213.76,0.4863077660171096
2280202457,Naised ettevõtluses sotsiodraama_ Kuidas tappa ettevõtjat_,56,1,187.76000000000005,0.0412461812244202
2280202457,Naised ettevõtluses sotsiodraama_ Kuidas tappa ettevõtjat_,59,1,195.04,0.0428454153494403
2280202460,Tööstusinvesteeringud ja energiajulgeolek. Kuidas tagada tööstuse edukas tulevik muutuvas geopoliitilises olukorras_,-1,9,1601.2400000000002,0.2921182936427
2280202460,Tööstusinvesteeringud ja energiajulgeolek. Kuidas tagada tööstuse edukas tulevik muutuvas geopoliitilises olukorras_,5,1,181.36000000000013,0.033085966960006
2280202460,Tööstusinvesteeringud ja energiajulgeolek. Kuidas tagada tööstuse edukas tulevik muutuvas geopoliitilises olukorras_,13,7,1115.1579999999994,0.2034411156990869
2280202460,Tööstusinvesteeringud ja energiajulgeolek. Kuidas tagada tööstuse edukas tulevik muutuvas geopoliitilises olukorras_,14,4,716.9999999999998,0.1308041371323573
2280202460,Tööstusinvesteeringud ja energiajulgeolek. Kuidas tagada tööstuse edukas tulevik muutuvas geopoliitilises olukorras_,58,1,181.27999999999972,0.0330713723561418
2280202460,Tööstusinvesteeringud ja energiajulgeolek. Kuidas tagada tööstuse edukas tulevik muutuvas geopoliitilises olukorras_,69,1,180.79999999999995,0.032983804732957
2280202460,Tööstusinvesteeringud ja energiajulgeolek. Kuidas tagada tööstuse edukas tulevik muutuvas geopoliitilises olukorras_,117,2,363.6000000000004,0.0663324745625176
2280202460,Tööstusinvesteeringud ja energiajulgeolek. Kuidas tagada tööstuse edukas tulevik muutuvas geopoliitilises olukorras_,131,3,534.8799999999997,0.0975795214356419
2280202460,Tööstusinvesteeringud ja energiajulgeolek. Kuidas tagada tööstuse edukas tulevik muutuvas geopoliitilises olukorras_,182,4,704.3199999999997,0.1284908924198911
2280202460,Tööstusinvesteeringud ja energiajulgeolek. Kuidas tagada tööstuse edukas tulevik muutuvas geopoliitilises olukorras_,183,1,180.76000000000025,0.032976507431025
2280202463,Kohalikud bioressursid majanduse hüvanguks. Miks on see päriselus nii raske_,-1,22,3823.705,0.7023156715355615
2280202463,Kohalikud bioressursid majanduse hüvanguks. Miks on see päriselus nii raske_,4,2,363.5999999999999,0.0667839119833591
2280202463,Kohalikud bioressursid majanduse hüvanguks. Miks on see päriselus nii raske_,13,1,184.6,0.0339062435427065
2280202463,Kohalikud bioressursid majanduse hüvanguks. Miks on see päriselus nii raske_,30,1,180.7199999999998,0.0331935879362834
2280202463,Kohalikud bioressursid majanduse hüvanguks. Miks on see päriselus nii raske_,37,1,180.1199999999999,0.0330833834610633
2280202463,Kohalikud bioressursid majanduse hüvanguks. Miks on see päriselus nii raske_,59,3,530.48,0.0974354500245664
2280202463,Kohalikud bioressursid majanduse hüvanguks. Miks on see päriselus nii raske_,126,1,183.55999999999997,0.033715222452325
2280202463,Kohalikud bioressursid majanduse hüvanguks. Miks on see päriselus nii raske_,181,1,183.27999999999972,0.0336637936972223
2280202466,Kas Eestist võiks saada uute keskkonnasõbralike kütuste tootja_,-1,4,749.8399999999992,0.14659041035501
2280202466,Kas Eestist võiks saada uute keskkonnasõbralike kütuste tootja_,87,12,2120.405,0.4145298184530238
2280202466,Kas Eestist võiks saada uute keskkonnasõbralike kütuste tootja_,98,1,215.15999999999983,0.0420628303264482
2280202466,Kas Eestist võiks saada uute keskkonnasõbralike kütuste tootja_,150,11,1945.2,0.3802780142731327
2280202466,Kas Eestist võiks saada uute keskkonnasõbralike kütuste tootja_,178,1,227.1600000000003,0.0444087773608291
2280202469,Eesti Looduskapital. Kas roheinvestori järgmine edulugu või riiklikult pidurdatud potentsiaal_,-1,6,1097.3200000000002,0.2088882391192779
2280202469,Eesti Looduskapital. Kas roheinvestori järgmine edulugu või riiklikult pidurdatud potentsiaal_,4,2,353.5999999999999,0.0673120706380788
2280202469,Eesti Looduskapital. Kas roheinvestori järgmine edulugu või riiklikult pidurdatud potentsiaal_,26,1,182.39999999999984,0.0347220635870632
2280202469,Eesti Looduskapital. Kas roheinvestori järgmine edulugu või riiklikult pidurdatud potentsiaal_,85,21,3743.424,0.7126063934283926
2280202472,Rändepööre - võimalus või identiteedikriis_,-1,7,1237.36,0.2168080941034317
2280202472,Rändepööre - võimalus või identiteedikriis_,35,1,182.19999999999985,0.0319247710816942
2280202472,Rändepööre - võimalus või identiteedikriis_,46,4,649.767,0.1138510578015327
2280202472,Rändepööre - võimalus või identiteedikriis_,75,16,2969.4800000000005,0.5203071856842459
2280202472,Rändepööre - võimalus või identiteedikriis_,152,3,540.9600000000003,0.0947860821314673
2280202472,Rändepööre - võimalus või identiteedikriis_,167,2,365.0,0.0639546731329221
2280202475,"Kes ütles, et tehnoloogiasektoris töötamine pole naistele_",-1,9,1621.6000000000004,0.3008298235593014
2280202475,"Kes ütles, et tehnoloogiasektoris töötamine pole naistele_",5,20,3428.223000000001,0.6359840405845701
2280202475,"Kes ütles, et tehnoloogiasektoris töötamine pole naistele_",81,1,180.03999999999996,0.0333999762170797
2280202475,"Kes ütles, et tehnoloogiasektoris töötamine pole naistele_",117,2,363.2400000000002,0.0673861773000004
2289585014,Küberkurjategija mõtteviis. Kuidas mõelda nagu häkker_,-1,6,1040.015,0.192001764913845
2289585014,Küberkurjategija mõtteviis. Kuidas mõelda nagu häkker_,29,25,4315.4400000000005,0.7966924480702717
2289585014,Küberkurjategija mõtteviis. Kuidas mõelda nagu häkker_,88,1,181.67999999999984,0.0335407476330123
2289585017,Vanematega kohtupinki – digilaste tulevik_,-1,6,1058.84,0.2004008622892303
2289585017,Vanematega kohtupinki – digilaste tulevik_,21,14,2429.21,0.4597633057701079
2289585017,Vanematega kohtupinki – digilaste tulevik_,176,11,1945.84,0.3682785065513919
2289585020,"Zoomer vs Boomer. Arija ja Marii Laser Techist võtavad ette sotsiaalmeedias levinud trendid ja vaidlevad selgeks, miks mingi asi trendib.",-1,11,1896.0879999999995,0.3490892433952286
2289585020,"Zoomer vs Boomer. Arija ja Marii Laser Techist võtavad ette sotsiaalmeedias levinud trendid ja vaidlevad selgeks, miks mingi asi trendib.",6,4,726.2000000000002,0.1337008664964997
2289585020,"Zoomer vs Boomer. Arija ja Marii Laser Techist võtavad ette sotsiaalmeedias levinud trendid ja vaidlevad selgeks, miks mingi asi trendib.",21,5,912.8000000000002,0.1680558399036146
2289585020,"Zoomer vs Boomer. Arija ja Marii Laser Techist võtavad ette sotsiaalmeedias levinud trendid ja vaidlevad selgeks, miks mingi asi trendib.",35,2,352.79999999999995,0.0649540976314583
2289585020,"Zoomer vs Boomer. Arija ja Marii Laser Techist võtavad ette sotsiaalmeedias levinud trendid ja vaidlevad selgeks, miks mingi asi trendib.",78,2,365.8399999999999,0.0673548953443671
2289585020,"Zoomer vs Boomer. Arija ja Marii Laser Techist võtavad ette sotsiaalmeedias levinud trendid ja vaidlevad selgeks, miks mingi asi trendib.",142,2,352.15999999999985,0.0648362670688616
2289585020,"Zoomer vs Boomer. Arija ja Marii Laser Techist võtavad ette sotsiaalmeedias levinud trendid ja vaidlevad selgeks, miks mingi asi trendib.",157,1,181.9599999999998,0.0335007018282884
2289585020,"Zoomer vs Boomer. Arija ja Marii Laser Techist võtavad ette sotsiaalmeedias levinud trendid ja vaidlevad selgeks, miks mingi asi trendib.",184,5,887.2400000000009,0.163349981809907
2289585023,TI-hüppe ootuses. Kas Eesti haridus on valmis tehisintellekti revolutsiooniks_,-1,9,1647.6,0.3072621166286879
2289585023,TI-hüppe ootuses. Kas Eesti haridus on valmis tehisintellekti revolutsiooniks_,5,2,386.2399999999998,0.0720301771829718
2289585023,TI-hüppe ootuses. Kas Eesti haridus on valmis tehisintellekti revolutsiooniks_,9,1,225.36,0.0420275495286726
2289585023,TI-hüppe ootuses. Kas Eesti haridus on valmis tehisintellekti revolutsiooniks_,12,1,140.317,0.026167818899604
2289585023,TI-hüppe ootuses. Kas Eesti haridus on valmis tehisintellekti revolutsiooniks_,25,2,357.3599999999997,0.0666443250779484
2289585023,TI-hüppe ootuses. Kas Eesti haridus on valmis tehisintellekti revolutsiooniks_,52,2,370.3200000000001,0.0690612448591501
2289585023,TI-hüppe ootuses. Kas Eesti haridus on valmis tehisintellekti revolutsiooniks_,73,1,181.0,0.0337548210183251
2289585023,TI-hüppe ootuses. Kas Eesti haridus on valmis tehisintellekti revolutsiooniks_,78,1,180.1199999999999,0.0335907091813299
2289585023,TI-hüppe ootuses. Kas Eesti haridus on valmis tehisintellekti revolutsiooniks_,103,3,564.7200000000003,0.1053150415771744
2289585023,TI-hüppe ootuses. Kas Eesti haridus on valmis tehisintellekti revolutsiooniks_,117,3,545.9999999999998,0.1018239352265498
2289585023,TI-hüppe ootuses. Kas Eesti haridus on valmis tehisintellekti revolutsiooniks_,118,3,524.0800000000002,0.0977360585595792
2289585023,TI-hüppe ootuses. Kas Eesti haridus on valmis tehisintellekti revolutsiooniks_,127,1,183.07999999999996,0.03414272172395
2289585023,TI-hüppe ootuses. Kas Eesti haridus on valmis tehisintellekti revolutsiooniks_,147,2,365.1200000000004,0.0680914930950877
2289585026,Kuidas kaitsta lapsi AI-ajastul internetis kurjade kavatsustega inimeste eest_,-1,15,2548.4330000000004,0.4907445475085371
2289585026,Kuidas kaitsta lapsi AI-ajastul internetis kurjade kavatsustega inimeste eest_,21,9,1595.3599999999994,0.3072139708256875
2289585026,Kuidas kaitsta lapsi AI-ajastul internetis kurjade kavatsustega inimeste eest_,52,2,367.8399999999999,0.0708339102324998
2289585026,Kuidas kaitsta lapsi AI-ajastul internetis kurjade kavatsustega inimeste eest_,118,2,368.72,0.0710033693478886
2289585026,Kuidas kaitsta lapsi AI-ajastul internetis kurjade kavatsustega inimeste eest_,136,2,353.5999999999999,0.0680917536380272
2289585026,Kuidas kaitsta lapsi AI-ajastul internetis kurjade kavatsustega inimeste eest_,157,1,180.6400000000001,0.0347853347770736
2289585029,Alati ühenduses. Suurem produktiivsus või läbipõlemise oht_,-1,16,2727.1939999999995,0.5105045642637781
2289585029,Alati ühenduses. Suurem produktiivsus või läbipõlemise oht_,7,1,181.07999999999996,0.0338964395260787
2289585029,Alati ühenduses. Suurem produktiivsus või läbipõlemise oht_,12,1,184.48,0.0345328869216424
2289585029,Alati ühenduses. Suurem produktiivsus või läbipõlemise oht_,18,1,181.32000000000005,0.0339413652245891
2289585029,Alati ühenduses. Suurem produktiivsus või läbipõlemise oht_,30,1,181.24000000000024,0.0339263899917524
2289585029,Alati ühenduses. Suurem produktiivsus või läbipõlemise oht_,50,1,181.96000000000004,0.0340611670872835
2289585029,Alati ühenduses. Suurem produktiivsus või läbipõlemise oht_,64,1,181.15999999999983,0.0339114147589155
2289585029,Alati ühenduses. Suurem produktiivsus või läbipõlemise oht_,108,1,181.48,0.0339713156902627
2289585029,Alati ühenduses. Suurem produktiivsus või läbipõlemise oht_,154,7,1246.1199999999997,0.2332617142822912
2289585029,Alati ühenduses. Suurem produktiivsus või läbipõlemise oht_,179,1,182.96000000000004,0.0342483574977434
2289585029,Alati ühenduses. Suurem produktiivsus või läbipõlemise oht_,184,1,184.1199999999999,0.0344654983738768
2289585032,Tehisaru koolipingis. Kas õpetaja parim abiline või oht kriitilisele mõtlemisele_,-1,8,1390.2390000000005,0.3051875823617854
2289585032,Tehisaru koolipingis. Kas õpetaja parim abiline või oht kriitilisele mõtlemisele_,25,10,1774.6799999999996,0.3895807114214268
2289585032,Tehisaru koolipingis. Kas õpetaja parim abiline või oht kriitilisele mõtlemisele_,52,2,352.6800000000003,0.0774209014042582
2289585032,Tehisaru koolipingis. Kas õpetaja parim abiline või oht kriitilisele mõtlemisele_,73,1,184.52,0.0405061379355611
2289585032,Tehisaru koolipingis. Kas õpetaja parim abiline või oht kriitilisele mõtlemisele_,82,1,184.27999999999972,0.0404534527355582
2289585032,Tehisaru koolipingis. Kas õpetaja parim abiline või oht kriitilisele mõtlemisele_,91,1,182.83999999999992,0.0401373415355408
2289585032,Tehisaru koolipingis. Kas õpetaja parim abiline või oht kriitilisele mõtlemisele_,118,1,184.0,0.0403919866688882
2289585032,Tehisaru koolipingis. Kas õpetaja parim abiline või oht kriitilisele mõtlemisele_,147,3,547.1599999999999,0.1201134751399395
2293106213,Ulmefilmidest igapäevaellu_ tervisetehnoloogiad tuleviku kodus,-1,15,2765.48,0.4984704210505823
2293106213,Ulmefilmidest igapäevaellu_ tervisetehnoloogiad tuleviku kodus,30,1,180.63999999999987,0.0325598799696895
2293106213,Ulmefilmidest igapäevaellu_ tervisetehnoloogiad tuleviku kodus,71,1,181.67999999999935,0.0327473372060074
2293106213,Ulmefilmidest igapäevaellu_ tervisetehnoloogiad tuleviku kodus,88,2,364.2800000000002,0.0656605019672195
2293106213,Ulmefilmidest igapäevaellu_ tervisetehnoloogiad tuleviku kodus,99,4,762.96,0.1375215125203409
2293106213,Ulmefilmidest igapäevaellu_ tervisetehnoloogiad tuleviku kodus,130,1,200.72000000000003,0.0361792466093672
2293106213,Ulmefilmidest igapäevaellu_ tervisetehnoloogiad tuleviku kodus,155,7,1334.5719999999988,0.2405530565262874
2293106216,"Kuidas KOOSTÖÖS kasutada ära Eesti tervishoiu ressurss, et päästa esmatasand_",-1,10,1784.1999999999998,0.345914028673136
2293106216,"Kuidas KOOSTÖÖS kasutada ära Eesti tervishoiu ressurss, et päästa esmatasand_",15,1,180.3199999999997,0.0349597677672569
2293106216,"Kuidas KOOSTÖÖS kasutada ära Eesti tervishoiu ressurss, et päästa esmatasand_",30,1,198.19999999999985,0.0384262753519871
2293106216,"Kuidas KOOSTÖÖS kasutada ära Eesti tervishoiu ressurss, et päästa esmatasand_",45,16,2845.4890000000005,0.5516727740920824
2293106216,"Kuidas KOOSTÖÖS kasutada ära Eesti tervishoiu ressurss, et päästa esmatasand_",155,1,181.4799999999996,0.0351846642324854
2293106216,"Kuidas KOOSTÖÖS kasutada ära Eesti tervishoiu ressurss, et päästa esmatasand_",168,1,181.96000000000004,0.035277724838787
2293106219,Ravivalikute loterii - miks mõni haigus saab kõik ja teine mitte midagi_,-1,8,1450.520000000001,0.2652117550906975
2293106219,Ravivalikute loterii - miks mõni haigus saab kõik ja teine mitte midagi_,15,2,366.44000000000005,0.0669995557010142
2293106219,Ravivalikute loterii - miks mõni haigus saab kõik ja teine mitte midagi_,39,1,183.04,0.0334668668145225
2293106219,Ravivalikute loterii - miks mõni haigus saab kõik ja teine mitte midagi_,44,1,184.04,0.0336497059033256
2293106219,Ravivalikute loterii - miks mõni haigus saab kõik ja teine mitte midagi_,55,1,181.0,0.0330938750733641
2293106219,Ravivalikute loterii - miks mõni haigus saab kõik ja teine mitte midagi_,63,1,147.05000000000018,0.0268864880084983
2293106219,Ravivalikute loterii - miks mõni haigus saab kõik ja teine mitte midagi_,84,1,186.36,0.0340738925893489
2293106219,Ravivalikute loterii - miks mõni haigus saab kõik ja teine mitte midagi_,130,6,1096.5999999999997,0.200501344781498
2293106219,Ravivalikute loterii - miks mõni haigus saab kõik ja teine mitte midagi_,168,2,365.8400000000006,0.0668898522477324
2293106219,Ravivalikute loterii - miks mõni haigus saab kõik ja teine mitte midagi_,187,9,1626.5600000000002,0.2973987482835981
2293106222,Süstime rahva saledaks_,-1,13,2292.6110000000003,0.43841047039883
2293106222,Süstime rahva saledaks_,25,1,180.76000000000025,0.0345662987001687
2293106222,Süstime rahva saledaks_,41,2,367.60000000000014,0.0702952611317881
2293106222,Süstime rahva saledaks_,84,14,2543.0799999999995,0.486307052989738
2293106225,"Kui keha haigestub, mis saab vaimust_",-1,6,1083.3039999999996,0.1981074798144346
2293106225,"Kui keha haigestub, mis saab vaimust_",15,1,182.4400000000005,0.0333634221025174
2293106225,"Kui keha haigestub, mis saab vaimust_",39,24,4161.48,0.7610239739705326
2293106225,"Kui keha haigestub, mis saab vaimust_",51,1,180.76000000000025,0.0330561947996659
2293106228,Kelle mure on laste suutervis_,-1,2,386.8399999999999,0.0764975648090635
2293106228,Kelle mure on laste suutervis_,15,1,182.96000000000004,0.0361803186264767
2293106228,Kelle mure on laste suutervis_,44,24,4315.24,0.853338205890455
2293106228,Kelle mure on laste suutervis_,55,1,105.85300000000008,0.0209324183841738
2293106228,Kelle mure on laste suutervis_,77,1,180.32000000000016,0.0356582589348835
2293106231,Haigekassa nõukogu kriisikoosolek - Copy (2),-1,17,3028.319999999999,0.524794982464203
2293106231,Haigekassa nõukogu kriisikoosolek - Copy (2),4,1,182.76,0.0316715310783397
2293106231,Haigekassa nõukogu kriisikoosolek - Copy (2),15,2,369.04,0.063953063192988
2293106231,Haigekassa nõukogu kriisikoosolek - Copy (2),27,1,188.5999999999999,0.0326835782522153
2293106231,Haigekassa nõukogu kriisikoosolek - Copy (2),31,6,1105.6799999999987,0.191609643700474
2293106231,Haigekassa nõukogu kriisikoosolek - Copy (2),55,1,101.04199999999946,0.0175101490655372
2293106231,Haigekassa nõukogu kriisikoosolek - Copy (2),130,4,708.7599999999998,0.1228250950267239
2293106231,Haigekassa nõukogu kriisikoosolek - Copy (2),155,1,182.92000000000007,0.0316992583981719
2293106231,Haigekassa nõukogu kriisikoosolek - Copy (2),168,1,181.48,0.031449712519682
2300040479,"Mida teha, kui hea nimi satub laimulõksu_",-1,9,1643.9999999999995,0.3005675681012246
2300040479,"Mida teha, kui hea nimi satub laimulõksu_",6,2,349.1199999999999,0.0638285580142941
2300040479,"Mida teha, kui hea nimi satub laimulõksu_",12,1,182.04,0.03328182487661
2300040479,"Mida teha, kui hea nimi satub laimulõksu_",17,6,1089.0119999999995,0.1991007837427316
2300040479,"Mida teha, kui hea nimi satub laimulõksu_",97,6,1065.3999999999996,0.1947838729045284
2300040479,"Mida teha, kui hea nimi satub laimulõksu_",170,7,1306.0800000000002,0.2387866723513671
2300040482,Kes ja kuidas peaks valvama valimisi_,-1,8,1438.6799999999998,0.2648833968440012
2300040482,Kes ja kuidas peaks valvama valimisi_,61,17,3007.0399999999995,0.5536429015804664
2300040482,Kes ja kuidas peaks valvama valimisi_,160,1,182.36,0.0335753164348375
2300040482,Kes ja kuidas peaks valvama valimisi_,170,1,186.0,0.0342454971313872
2300040482,Kes ja kuidas peaks valvama valimisi_,173,2,374.9200000000001,0.0690286117446221
2300040482,Kes ja kuidas peaks valvama valimisi_,180,1,104.09099999999944,0.0191647744188344
2300040482,Kes ja kuidas peaks valvama valimisi_,185,2,364.4400000000005,0.0670990805084021
2300040485,Mis on heategija palk_,-1,10,1791.5849999999994,0.3128998933763204
2300040485,Mis on heategija palk_,30,1,182.91999999999985,0.0319469344163947
2300040485,Mis on heategija palk_,42,1,182.24,0.0318281725784155
2300040485,Mis on heategija palk_,71,2,362.2400000000002,0.0632651296905468
2300040485,Mis on heategija palk_,89,1,193.0,0.033707404014674
2300040485,Mis on heategija palk_,109,4,744.0,0.1299394227301425
2300040485,Mis on heategija palk_,122,13,2328.68,0.4067034071548768
2300040485,Mis on heategija palk_,187,1,182.5999999999999,0.0318910464926398
2300040488,"Kas rahvuse kestmise hind saab olla liiga kõrge_ Sotsiaalkaitse võimalustest sündimus tõusule aidata, maksuteemat vältimata",-1,11,1938.9489999999992,0.3279024228719899
2300040488,"Kas rahvuse kestmise hind saab olla liiga kõrge_ Sotsiaalkaitse võimalustest sündimus tõusule aidata, maksuteemat vältimata",4,1,184.76000000000025,0.0312454075119195
2300040488,"Kas rahvuse kestmise hind saab olla liiga kõrge_ Sotsiaalkaitse võimalustest sündimus tõusule aidata, maksuteemat vältimata",12,1,240.48,0.0406684109031522
2300040488,"Kas rahvuse kestmise hind saab olla liiga kõrge_ Sotsiaalkaitse võimalustest sündimus tõusule aidata, maksuteemat vältimata",108,1,186.27999999999972,0.0315024600093113
2300040488,"Kas rahvuse kestmise hind saab olla liiga kõrge_ Sotsiaalkaitse võimalustest sündimus tõusule aidata, maksuteemat vältimata",113,11,2069.6399999999994,0.3500040333566201
2300040488,"Kas rahvuse kestmise hind saab olla liiga kõrge_ Sotsiaalkaitse võimalustest sündimus tõusule aidata, maksuteemat vältimata",119,3,531.7999999999993,0.0899345513901211
2300040488,"Kas rahvuse kestmise hind saab olla liiga kõrge_ Sotsiaalkaitse võimalustest sündimus tõusule aidata, maksuteemat vältimata",142,4,816.8799999999999,0.1381454237299027
2300040488,"Kas rahvuse kestmise hind saab olla liiga kõrge_ Sotsiaalkaitse võimalustest sündimus tõusule aidata, maksuteemat vältimata",178,1,182.72000000000023,0.0309004160022621
2300040491,Lastekaitsetöö nähtamatu vastutus ja avalik kriitika,-1,5,974.3200000000002,0.1982101440091334
2300040491,Lastekaitsetöö nähtamatu vastutus ja avalik kriitika,8,3,559.8399999999999,0.1138906796761569
2300040491,Lastekaitsetöö nähtamatu vastutus ja avalik kriitika,77,17,3354.5110000000004,0.6824227239410277
2300040491,Lastekaitsetöö nähtamatu vastutus ja avalik kriitika,156,1,183.36000000000013,0.0373017201797301
2300040494,Õigusmõistmine kriisi äärel. Kuidas kindlustada õiguse tulevik_,-1,3,537.44,0.0981026741302386
2300040494,Õigusmõistmine kriisi äärel. Kuidas kindlustada õiguse tulevik_,7,1,183.35999999999967,0.0334699805160027
2300040494,Õigusmõistmine kriisi äärel. Kuidas kindlustada õiguse tulevik_,17,27,4768.8,0.8704823466661993
2300040494,Õigusmõistmine kriisi äärel. Kuidas kindlustada õiguse tulevik_,41,1,68.74200000000019,0.0125479570278745
2300040497,Korteriühistud kui kogukonnad. Kuidas panna need ühes rütmis hingama_,-1,6,1128.2800000000009,0.202965985909957
2300040497,Korteriühistud kui kogukonnad. Kuidas panna need ühes rütmis hingama_,12,1,240.88,0.0433318384496671
2300040497,Korteriühistud kui kogukonnad. Kuidas panna need ühes rütmis hingama_,36,2,366.52,0.065933184276702
2300040497,Korteriühistud kui kogukonnad. Kuidas panna need ühes rütmis hingama_,37,1,184.64000000000036,0.0332148399673968
2300040497,Korteriühistud kui kogukonnad. Kuidas panna need ühes rütmis hingama_,41,1,185.2800000000001,0.03332996939536
2300040497,Korteriühistud kui kogukonnad. Kuidas panna need ühes rütmis hingama_,65,1,182.5600000000004,0.0328406693265163
2300040497,Korteriühistud kui kogukonnad. Kuidas panna need ühes rütmis hingama_,110,16,2816.84,0.506720590412489
2300040497,Korteriühistud kui kogukonnad. Kuidas panna need ühes rütmis hingama_,134,1,124.32099999999993,0.0223640712715919
2300040497,Korteriühistud kui kogukonnad. Kuidas panna need ühes rütmis hingama_,177,3,583.5599999999997,0.1049764515347381
2300040503,Annetuskultuur. Kuidas Eestist saab helde rahvas_,-1,9,1619.24,0.3018090012982014
2300040503,Annetuskultuur. Kuidas Eestist saab helde rahvas_,0,1,185.6800000000001,0.0346087642110187
2300040503,Annetuskultuur. Kuidas Eestist saab helde rahvas_,34,1,180.5600000000004,0.0336544510229511
2300040503,Annetuskultuur. Kuidas Eestist saab helde rahvas_,41,2,361.3200000000001,0.067346179904811
2300040503,Annetuskultuur. Kuidas Eestist saab helde rahvas_,109,13,2402.0800000000004,0.4477219966394011
2300040503,Annetuskultuur. Kuidas Eestist saab helde rahvas_,114,1,197.4000000000001,0.03679324674308
2300040503,Annetuskultuur. Kuidas Eestist saab helde rahvas_,122,3,473.5549999999994,0.0882655823780104
2300040503,Annetuskultuur. Kuidas Eestist saab helde rahvas_,148,1,184.24,0.0343403636268747
2300040506,"Pärisvabakond teeb asju riigi rahata, eks_",-1,10,1866.88,0.3492496916041113
2300040506,"Pärisvabakond teeb asju riigi rahata, eks_",107,17,3308.362,0.618917342418774
2300040506,"Pärisvabakond teeb asju riigi rahata, eks_",142,2,364.3600000000001,0.068163255074174
2302899422,Suur teadlaste debatt „Teadlaste roll energiapöördes“,-1,14,2431.759999999999,0.4445325147668092
2302899422,Suur teadlaste debatt „Teadlaste roll energiapöördes“,14,3,548.9200000000001,0.1003441079735652
2302899422,Suur teadlaste debatt „Teadlaste roll energiapöördes“,28,2,361.5200000000005,0.0660868649613848
2302899422,Suur teadlaste debatt „Teadlaste roll energiapöördes“,71,1,180.1600000000003,0.0329337508061603
2302899422,Suur teadlaste debatt „Teadlaste roll energiapöördes“,135,4,716.9199999999998,0.1310549768425424
2302899422,Suur teadlaste debatt „Teadlaste roll energiapöördes“,137,5,938.6800000000004,0.1715933237495924
2302899422,Suur teadlaste debatt „Teadlaste roll energiapöördes“,150,1,199.52,0.0364728128377281
2302899422,Suur teadlaste debatt „Teadlaste roll energiapöördes“,151,1,155.2560000000003,0.0283812301019162
2302899422,Suur teadlaste debatt „Teadlaste roll energiapöördes“,181,1,182.72000000000023,0.0334017259508304
2302899425,Energiapööre noorte pilgu läbi. Mida tahab uus põlvkond_,-1,13,2301.2,0.4213294654707393
2302899425,Energiapööre noorte pilgu läbi. Mida tahab uus põlvkond_,46,1,182.80000000000015,0.0334690710446946
2302899425,Energiapööre noorte pilgu läbi. Mida tahab uus põlvkond_,60,4,720.8800000000006,0.131986783012579
2302899425,Energiapööre noorte pilgu läbi. Mida tahab uus põlvkond_,135,3,547.1190000000001,0.1001726733090933
2302899425,Energiapööre noorte pilgu läbi. Mida tahab uus põlvkond_,137,10,1730.04,0.3167550966639136
2302899425,Energiapööre noorte pilgu läbi. Mida tahab uus põlvkond_,186,1,182.1600000000003,0.0333518926777985
2302899428,"Tere tulemast, uued juhitavad võimsused!",-1,12,2242.96,0.4165372895734196
2302899428,"Tere tulemast, uued juhitavad võimsused!",60,6,1067.68,0.1982775142364325
2302899428,"Tere tulemast, uued juhitavad võimsused!",87,1,180.4000000000001,0.0335018578302978
2302899428,"Tere tulemast, uued juhitavad võimsused!",121,6,1098.88,0.2040716271206081
2302899428,"Tere tulemast, uued juhitavad võimsused!",135,1,135.41600000000017,0.0251479355872928
2302899428,"Tere tulemast, uued juhitavad võimsused!",144,1,185.20000000000005,0.0343932598124787
2302899428,"Tere tulemast, uued juhitavad võimsused!",164,2,365.3600000000006,0.0678505475436676
2302899428,"Tere tulemast, uued juhitavad võimsused!",186,2,365.2400000000001,0.067828262494113
2302899431,Kas elekter lahendab tulevikus kõik meie energiaprobleemid_,-1,5,806.4210000000007,0.1576746796974306
2302899431,Kas elekter lahendab tulevikus kõik meie energiaprobleemid_,23,14,2468.28,0.4826080402216382
2302899431,Kas elekter lahendab tulevikus kõik meie energiaprobleemid_,140,8,1423.4,0.2783088970665726
2302899431,Kas elekter lahendab tulevikus kõik meie energiaprobleemid_,144,2,350.4000000000001,0.0685116183308466
2302899431,Kas elekter lahendab tulevikus kõik meie energiaprobleemid_,164,1,189.9599999999996,0.0371417437731951
2302899434,Infraheli ja tuulepargid – müüt või tegelik mõju tervisele_,-1,12,2186.778,0.3932079423481014
2302899434,Infraheli ja tuulepargid – müüt või tegelik mõju tervisele_,94,7,1274.8800000000006,0.22923814925006
2302899434,Infraheli ja tuulepargid – müüt või tegelik mõju tervisele_,143,13,2284.5200000000004,0.4107830828977999
2302899437,Kas väike saab olla suur_ Kuivõrd suudab Eesti oma kestlike lahenduste või innovatsiooniga maailmas mõju avaldada_,-1,17,3034.523,0.5146850777059178
2302899437,Kas väike saab olla suur_ Kuivõrd suudab Eesti oma kestlike lahenduste või innovatsiooniga maailmas mõju avaldada_,10,1,185.52000000000044,0.0314660246819688
2302899437,Kas väike saab olla suur_ Kuivõrd suudab Eesti oma kestlike lahenduste või innovatsiooniga maailmas mõju avaldada_,14,2,387.56,0.0657340045587743
2302899437,Kas väike saab olla suur_ Kuivõrd suudab Eesti oma kestlike lahenduste või innovatsiooniga maailmas mõju avaldada_,26,3,522.9200000000001,0.0886923977290594
2302899437,Kas väike saab olla suur_ Kuivõrd suudab Eesti oma kestlike lahenduste või innovatsiooniga maailmas mõju avaldada_,28,1,181.5999999999999,0.0308011539577701
2302899437,Kas väike saab olla suur_ Kuivõrd suudab Eesti oma kestlike lahenduste või innovatsiooniga maailmas mõju avaldada_,30,1,180.48000000000047,0.0306111908937135
2302899437,Kas väike saab olla suur_ Kuivõrd suudab Eesti oma kestlike lahenduste või innovatsiooniga maailmas mõju avaldada_,52,2,368.84000000000015,0.0625589076309689
2302899437,Kas väike saab olla suur_ Kuivõrd suudab Eesti oma kestlike lahenduste või innovatsiooniga maailmas mõju avaldada_,105,1,182.9599999999998,0.0310318233926961
2302899437,Kas väike saab olla suur_ Kuivõrd suudab Eesti oma kestlike lahenduste või innovatsiooniga maailmas mõju avaldada_,112,3,539.7600000000002,0.0915486280850553
2302899437,Kas väike saab olla suur_ Kuivõrd suudab Eesti oma kestlike lahenduste või innovatsiooniga maailmas mõju avaldada_,155,1,183.4000000000001,0.0311064517392899
2302899437,Kas väike saab olla suur_ Kuivõrd suudab Eesti oma kestlike lahenduste või innovatsiooniga maailmas mõju avaldada_,181,2,384.9200000000001,0.065286234479212
2302899440,Rohetehnoloogiad – puhta tööstuse ja julgeoleku alustala_,-1,13,2241.7,0.6587616444797084
2302899440,Rohetehnoloogiad – puhta tööstuse ja julgeoleku alustala_,1,1,181.6800000000001,0.0533897557965265
2302899440,Rohetehnoloogiad – puhta tööstuse ja julgeoleku alustala_,28,1,188.4000000000001,0.055364542008287
2302899440,Rohetehnoloogiad – puhta tööstuse ja julgeoleku alustala_,30,1,182.2800000000002,0.0535660759940051
2302899440,Rohetehnoloogiad – puhta tööstuse ja julgeoleku alustala_,37,1,180.52,0.0530488700814011
2302899440,Rohetehnoloogiad – puhta tööstuse ja julgeoleku alustala_,71,1,181.15999999999983,0.0532369449587116
2302899440,Rohetehnoloogiad – puhta tööstuse ja julgeoleku alustala_,181,2,363.2400000000002,0.1067442475535573
2302899443,Kohalik energiatootmine on kaitseinvesteering,-1,19,3324.890999999999,0.5919619436999919
2302899443,Kohalik energiatootmine on kaitseinvesteering,14,3,547.1200000000001,0.0974089732978132
2302899443,Kohalik energiatootmine on kaitseinvesteering,60,2,362.96,0.0646212182851555
2302899443,Kohalik energiatootmine on kaitseinvesteering,87,1,199.6800000000003,0.0355509281110311
2302899443,Kohalik energiatootmine on kaitseinvesteering,135,1,182.04,0.032410311264684
2302899443,Kohalik energiatootmine on kaitseinvesteering,150,1,184.72000000000023,0.032887457134764
2302899443,Kohalik energiatootmine on kaitseinvesteering,164,4,685.3200000000002,0.1220140327176074
2302899443,Kohalik energiatootmine on kaitseinvesteering,181,1,183.96000000000004,0.0327521471119054
2302899443,Kohalik energiatootmine on kaitseinvesteering,186,1,181.55999999999997,0.0323248523028786
2302899446,"Kuidas planeerida tuuleparke nii, et kogukonnad tunneksid end päriselt kaasatuna_",-1,11,2038.8189999999995,0.3469114398885564
2302899446,"Kuidas planeerida tuuleparke nii, et kogukonnad tunneksid end päriselt kaasatuna_",6,1,183.32000000000016,0.0311924722892862
2302899446,"Kuidas planeerida tuuleparke nii, et kogukonnad tunneksid end päriselt kaasatuna_",10,2,365.72000000000025,0.0622284036964747
2302899446,"Kuidas planeerida tuuleparke nii, et kogukonnad tunneksid end päriselt kaasatuna_",12,1,182.3199999999997,0.0310223191565712
2302899446,"Kuidas planeerida tuuleparke nii, et kogukonnad tunneksid end päriselt kaasatuna_",26,1,183.04,0.031144829412126
2302899446,"Kuidas planeerida tuuleparke nii, et kogukonnad tunneksid end päriselt kaasatuna_",36,3,548.5600000000006,0.0933392024820578
2302899446,"Kuidas planeerida tuuleparke nii, et kogukonnad tunneksid end päriselt kaasatuna_",43,2,356.6800000000003,0.0606902193767325
2302899446,"Kuidas planeerida tuuleparke nii, et kogukonnad tunneksid end päriselt kaasatuna_",60,1,185.83999999999992,0.0316212581837275
2302899446,"Kuidas planeerida tuuleparke nii, et kogukonnad tunneksid end päriselt kaasatuna_",94,7,1253.1199999999997,0.2132222936676319
2302899446,"Kuidas planeerida tuuleparke nii, et kogukonnad tunneksid end päriselt kaasatuna_",97,1,180.6800000000003,0.030743268018919
2302899446,"Kuidas planeerida tuuleparke nii, et kogukonnad tunneksid end päriselt kaasatuna_",114,1,181.07999999999996,0.0308113292720049
2302899446,"Kuidas planeerida tuuleparke nii, et kogukonnad tunneksid end päriselt kaasatuna_",135,1,180.92000000000007,0.0307841047707705
2302899446,"Kuidas planeerida tuuleparke nii, et kogukonnad tunneksid end päriselt kaasatuna_",144,1,180.76,0.0307568802695361
2302899446,"Kuidas planeerida tuuleparke nii, et kogukonnad tunneksid end päriselt kaasatuna_",151,1,184.16000000000008,0.0313354009207666
2310594914,Õpetaja ajamasinas. Õpetaja missioon ja rollid erinevates tulevikustsenaariumides aastaks 2035,-1,6,1198.4400000000005,0.4187223873087748
2310594914,Õpetaja ajamasinas. Õpetaja missioon ja rollid erinevates tulevikustsenaariumides aastaks 2035,25,2,427.1600000000001,0.1492452312696641
2310594914,Õpetaja ajamasinas. Õpetaja missioon ja rollid erinevates tulevikustsenaariumides aastaks 2035,73,1,183.84000000000012,0.0642317710380538
2310594914,Õpetaja ajamasinas. Õpetaja missioon ja rollid erinevates tulevikustsenaariumides aastaks 2035,82,3,597.1350000000001,0.2086327164861196
2310594914,Õpetaja ajamasinas. Õpetaja missioon ja rollid erinevates tulevikustsenaariumides aastaks 2035,147,1,196.76000000000025,0.0687458837546098
2310594914,Õpetaja ajamasinas. Õpetaja missioon ja rollid erinevates tulevikustsenaariumides aastaks 2035,188,2,409.64,0.1431239267190401
2310594917,"Milline koolivõrk suudab kasvatada korraga tarka last, tugevat kogukonda ja koostöist haridusvõrgustikku",-1,6,1092.52,0.2510913944452935
2310594917,"Milline koolivõrk suudab kasvatada korraga tarka last, tugevat kogukonda ja koostöist haridusvõrgustikku",0,1,187.12000000000037,0.0430053653284181
2310594917,"Milline koolivõrk suudab kasvatada korraga tarka last, tugevat kogukonda ja koostöist haridusvõrgustikku",20,17,2960.76,0.6804647576409102
2310594917,"Milline koolivõrk suudab kasvatada korraga tarka last, tugevat kogukonda ja koostöist haridusvõrgustikku",25,1,71.24499999999989,0.0163740768107264
2310594917,"Milline koolivõrk suudab kasvatada korraga tarka last, tugevat kogukonda ja koostöist haridusvõrgustikku",188,1,186.6,0.0428858549074541
2310594920,Mul jäi isegi Tiigrihüpe tegemata.alp,-1,13,2267.836,0.4155009933903449
2310594920,Mul jäi isegi Tiigrihüpe tegemata.alp,25,7,1254.2400000000002,0.2297952611872755
2310594920,Mul jäi isegi Tiigrihüpe tegemata.alp,73,2,352.15999999999985,0.064520904435922
2310594920,Mul jäi isegi Tiigrihüpe tegemata.alp,82,1,183.80000000000015,0.0336748700457817
2310594920,Mul jäi isegi Tiigrihüpe tegemata.alp,117,2,363.3199999999995,0.0665655809849477
2310594920,Mul jäi isegi Tiigrihüpe tegemata.alp,147,6,1057.7599999999998,0.1937972281807728
2310594920,Mul jäi isegi Tiigrihüpe tegemata.alp,188,1,186.2,0.0341145854326689
2310594923,Koolijuht on tippjuht,-1,6,1067.28,0.208142618492179
2310594923,Koolijuht on tippjuht,18,1,182.56000000000017,0.0356031373509596
2310594923,Koolijuht on tippjuht,20,4,694.3180000000002,0.1354069846584334
2310594923,Koolijuht on tippjuht,25,1,180.55999999999997,0.0352130942160893
2310594923,Koolijuht on tippjuht,82,1,183.7199999999998,0.0358293623691843
2310594923,Koolijuht on tippjuht,123,16,2802.7200000000003,0.5465908474818232
2310594923,Koolijuht on tippjuht,188,1,182.88,0.0356655442525388
2310594926,Mis on Eesti hariduse eesmärk.alp,-1,19,3327.7599999999998,0.6366439099795581
2310594926,Mis on Eesti hariduse eesmärk.alp,20,1,183.0800000000004,0.0350255929030512
2310594926,Mis on Eesti hariduse eesmärk.alp,25,1,84.79500000000007,0.0162223899399946
2310594926,Mis on Eesti hariduse eesmärk.alp,42,1,182.84000000000012,0.0349796777714325
2310594926,Mis on Eesti hariduse eesmärk.alp,58,2,357.04,0.0683064108045957
2310594926,Mis on Eesti hariduse eesmärk.alp,82,3,550.3599999999992,0.1052910493233734
2310594926,Mis on Eesti hariduse eesmärk.alp,117,1,180.12000000000012,0.0344593062797551
2310594926,Mis on Eesti hariduse eesmärk.alp,127,1,181.07999999999996,0.0346429668062295
2310594926,Mis on Eesti hariduse eesmärk.alp,188,2,358.72,0.0686278167259259
2314163810,Maailm täna - vaade julgeolekuolukorrale Euroopa pealinnadest,-1,5,953.7600000000008,0.1794041155954199
2314163810,Maailm täna - vaade julgeolekuolukorrale Euroopa pealinnadest,49,2,414.24,0.0779193516652477
2314163810,Maailm täna - vaade julgeolekuolukorrale Euroopa pealinnadest,74,18,3481.706,0.6549156870630627
2314163810,Maailm täna - vaade julgeolekuolukorrale Euroopa pealinnadest,111,1,201.7199999999998,0.0379439253039633
2314163810,Maailm täna - vaade julgeolekuolukorrale Euroopa pealinnadest,172,2,384.84000000000015,0.0723891543425404
2314163813,ÜRO – lootusetult rikkis või asendamatu_,-1,13,2293.14,0.3875655339559692
2314163813,ÜRO – lootusetult rikkis või asendamatu_,11,10,1761.1200000000003,0.2976483830732257
2314163813,ÜRO – lootusetult rikkis või asendamatu_,93,11,1991.7599999999995,0.3366290448520985
2314163816,Kuidas mõista USA-d_,-1,3,567.7599999999998,0.1032732730930159
2314163816,Kuidas mõista USA-d_,6,1,198.84000000000003,0.0361682006865846
2314163816,Kuidas mõista USA-d_,48,23,4174.32,0.7592921116979682
2314163816,Kuidas mõista USA-d_,172,4,686.7270000000003,0.1249128945528878
2314163819,Miks peaks Lähis-Idas toimuv meile korda minema_,-1,2,365.67999999999984,0.0656544991232122
2314163819,Miks peaks Lähis-Idas toimuv meile korda minema_,11,30,5249.403,0.9424822923345212
2314163822,"Marshall Plan 2.0_ Estonia, Ukraine and the Path Forward",-1,2,491.1200000000004,0.0883045709374539
2314163822,"Marshall Plan 2.0_ Estonia, Ukraine and the Path Forward",48,1,387.16,0.0696123099937788
2314163822,"Marshall Plan 2.0_ Estonia, Ukraine and the Path Forward",69,22,4699.78,0.8450318789713862
2314163825,"Kriise rohkem, raha vähem",-1,10,1875.5600000000004,0.3776379446844051
2314163825,"Kriise rohkem, raha vähem",9,3,567.7200000000003,0.114308587278589
2314163825,"Kriise rohkem, raha vähem",86,14,2517.5959999999995,0.5069098183932689
2314163825,"Kriise rohkem, raha vähem",142,1,180.6000000000004,0.0363632263483992
2314163828,"Tahaks jääda iseendaks, aga raha tahaks ka",-1,16,2813.6800000000003,0.5519653889719134
2314163828,"Tahaks jääda iseendaks, aga raha tahaks ka",4,1,184.72000000000003,0.0362369020822879
2314163828,"Tahaks jääda iseendaks, aga raha tahaks ka",13,4,689.2059999999998,0.1352029576468455
2314163828,"Tahaks jääda iseendaks, aga raha tahaks ka",69,1,180.92000000000007,0.0354914482715868
2314163828,"Tahaks jääda iseendaks, aga raha tahaks ka",74,1,184.15999999999983,0.0361270457312371
2314163828,"Tahaks jääda iseendaks, aga raha tahaks ka",152,2,356.24000000000024,0.069884333032667
2314163828,"Tahaks jääda iseendaks, aga raha tahaks ka",172,4,692.0,0.1357510623697662
2314163828,"Tahaks jääda iseendaks, aga raha tahaks ka",185,1,180.36000000000013,0.0353815919205362
2314163831,Kuidas reisides mitte lolliks jääda_,-1,8,1444.2399999999998,0.2668089904121753
2314163831,Kuidas reisides mitte lolliks jääda_,56,24,4141.851000000001,0.7651658199105822
2314163834,Kilud versus karud - Läänemeremaade koostöö tulevik,-1,7,1341.520000000001,0.248869067881899
2314163834,Kilud versus karud - Läänemeremaade koostöö tulevik,49,19,3764.945,0.6984453103767487
2314163834,Kilud versus karud - Läänemeremaade koostöö tulevik,74,1,215.4,0.0399594469122793
2314163834,Kilud versus karud - Läänemeremaade koostöö tulevik,111,1,181.52000000000004,0.0336742748538391
2318409173,Õpilaste tugevustel põhinev haridus – miks ja kuidas_,-1,15,2822.2400000000016,0.5292235177282305
2318409173,Õpilaste tugevustel põhinev haridus – miks ja kuidas_,25,1,181.92000000000007,0.0341134497226032
2318409173,Õpilaste tugevustel põhinev haridus – miks ja kuidas_,36,1,61.07400000000053,0.0114525331374136
2318409173,Õpilaste tugevustel põhinev haridus – miks ja kuidas_,73,10,1938.5199999999988,0.3635092598739045
2318409173,Õpilaste tugevustel põhinev haridus – miks ja kuidas_,82,2,381.8800000000001,0.0716097415351127
2318409173,Õpilaste tugevustel põhinev haridus – miks ja kuidas_,188,1,186.19999999999985,0.034916030883623
2318409176,Kaamera ei mõista hukka,-1,1,206.32000000000016,0.0529489962993189
2318409176,Kaamera ei mõista hukka,76,19,3523.1399999999994,0.904162111389988
2318409176,Kaamera ei mõista hukka,184,1,216.44000000000003,0.0555461455943417
2318409179,"Kas noortelt nõutakse rohkem, kui vastu pakutakse_",-1,20,3490.6,0.642120066849949
2318409179,"Kas noortelt nõutakse rohkem, kui vastu pakutakse_",6,2,473.56,0.0871146447193782
2318409179,"Kas noortelt nõutakse rohkem, kui vastu pakutakse_",36,1,204.48,0.0376155134559896
2318409179,"Kas noortelt nõutakse rohkem, kui vastu pakutakse_",41,1,185.59999999999943,0.0341424065797714
2318409179,"Kas noortelt nõutakse rohkem, kui vastu pakutakse_",82,1,181.48,0.0333845040199188
2318409179,"Kas noortelt nõutakse rohkem, kui vastu pakutakse_",141,2,353.6399999999994,0.0650545294335689
2318409179,"Kas noortelt nõutakse rohkem, kui vastu pakutakse_",152,1,183.12000000000037,0.0336861933884039
2318409179,"Kas noortelt nõutakse rohkem, kui vastu pakutakse_",156,2,357.33500000000095,0.0657342502973205
2318409179,"Kas noortelt nõutakse rohkem, kui vastu pakutakse_",166,1,182.83999999999992,0.033634685447443
2318409182,"Ma tahan õppida, andke mulle tagasisidet!",-1,9,1765.1559999999993,0.3285651849221079
2318409182,"Ma tahan õppida, andke mulle tagasisidet!",12,1,241.5999999999999,0.0449712935724555
2318409182,"Ma tahan õppida, andke mulle tagasisidet!",25,1,180.0,0.0335051028271605
2318409182,"Ma tahan õppida, andke mulle tagasisidet!",73,1,184.31999999999996,0.0343092252950124
2318409182,"Ma tahan õppida, andke mulle tagasisidet!",91,17,2956.68,0.5503548190389396
2318409182,"Ma tahan õppida, andke mulle tagasisidet!",165,1,185.64000000000036,0.0345549293824116
2318409185,Nutiseadmete kasutus koolikeskkonnas. Millal ja millal mitte_,-1,8,1399.9969999999987,0.2599636384365973
2318409185,Nutiseadmete kasutus koolikeskkonnas. Millal ja millal mitte_,6,1,181.80000000000015,0.0337582076731403
2318409185,Nutiseadmete kasutus koolikeskkonnas. Millal ja millal mitte_,25,1,181.04,0.0336170842527245
2318409185,Nutiseadmete kasutus koolikeskkonnas. Millal ja millal mitte_,78,19,3378.479999999999,0.6273455965871899
2318409185,Nutiseadmete kasutus koolikeskkonnas. Millal ja millal mitte_,184,2,396.9199999999999,0.0737035631992456
2318409188,Programmeerimine kui uus emakeel,-1,8,1432.5199999999995,0.2885616755963422
2318409188,Programmeerimine kui uus emakeel,3,3,530.2800000000002,0.1068176956239553
2318409188,Programmeerimine kui uus emakeel,5,9,1616.9059999999995,0.3257037281446537
2318409188,Programmeerimine kui uus emakeel,18,1,186.6800000000003,0.0376041476561062
2318409188,Programmeerimine kui uus emakeel,58,3,515.4399999999999,0.1038283794078817
2318409188,Programmeerimine kui uus emakeel,70,2,346.1999999999998,0.06973728261487
2318409188,Programmeerimine kui uus emakeel,179,3,529.48,0.106656546501795
2318409191,Tark pidu ei vaja tõukeainet,-1,4,733.6400000000003,0.134197005682209
2318409191,Tark pidu ei vaja tõukeainet,12,1,222.32799999999952,0.0406681095350772
2318409191,Tark pidu ei vaja tõukeainet,41,1,222.92,0.0407763978336486
2318409191,Tark pidu ei vaja tõukeainet,46,1,187.48000000000047,0.0342937334732302
2318409191,Tark pidu ei vaja tõukeainet,50,2,365.0,0.0667655894907669
2318409191,Tark pidu ei vaja tõukeainet,67,1,183.20000000000027,0.0335108383416671
2318409191,Tark pidu ei vaja tõukeainet,80,1,180.2800000000002,0.032976713625741
2318409191,Tark pidu ei vaja tõukeainet,102,16,2875.08,0.5259079754331898
2318409191,Tark pidu ei vaja tõukeainet,120,1,183.6,0.033584006110972
2318409191,Tark pidu ei vaja tõukeainet,124,2,369.4000000000001,0.0675704349531214
2318409191,Tark pidu ei vaja tõukeainet,170,1,180.8800000000001,0.0330864652796984
2323554785,Miks kaasamine pekki läheb_ + Demokraatiatrenn,-1,16,3078.328999999999,0.5851970475610934
2323554785,Miks kaasamine pekki läheb_ + Demokraatiatrenn,12,1,243.44000000000003,0.0462784742171069
2323554785,Miks kaasamine pekki läheb_ + Demokraatiatrenn,22,7,1239.6799999999998,0.2356658680474168
2323554785,Miks kaasamine pekki läheb_ + Demokraatiatrenn,36,2,501.9200000000001,0.0954160851916296
2323554785,Miks kaasamine pekki läheb_ + Demokraatiatrenn,126,1,184.67999999999984,0.0351080702366714
2323554785,Miks kaasamine pekki läheb_ + Demokraatiatrenn,151,1,180.72000000000023,0.0343552656117136
2323554788,Parlamendierakondade noorte debatt,-1,11,1949.6800000000003,0.3568717600564207
2323554788,Parlamendierakondade noorte debatt,3,1,183.44000000000003,0.0335770770920098
2323554788,Parlamendierakondade noorte debatt,4,2,352.3199999999997,0.0644890743624994
2323554788,Parlamendierakondade noorte debatt,12,1,115.491,0.0211396108287904
2323554788,Parlamendierakondade noorte debatt,52,3,532.9200000000001,0.0975463144563557
2323554788,Parlamendierakondade noorte debatt,61,1,184.4799999999996,0.033767439936404
2323554788,Parlamendierakondade noorte debatt,73,1,180.63999999999987,0.0330645617417175
2323554788,Parlamendierakondade noorte debatt,103,1,184.23999999999975,0.0337235100492362
2323554788,Parlamendierakondade noorte debatt,118,2,357.04,0.0653530288101352
2323554788,Parlamendierakondade noorte debatt,141,6,1097.68,0.2009206606103216
2323554788,Parlamendierakondade noorte debatt,142,2,367.40000000000055,0.0672493356062169
2323554788,Parlamendierakondade noorte debatt,148,1,180.9199999999996,0.0331158132767466
2323554791,Parlamendierakondade esimeeste debatt,-1,13,2309.4449999999997,0.4296350108318225
2323554791,Parlamendierakondade esimeeste debatt,0,1,180.5999999999999,0.0335977184805124
2323554791,Parlamendierakondade esimeeste debatt,4,10,1781.4,0.3314007513908357
2323554791,Parlamendierakondade esimeeste debatt,12,1,213.36,0.0396921883444194
2323554791,Parlamendierakondade esimeeste debatt,14,1,180.03999999999996,0.0334935395084798
2323554791,Parlamendierakondade esimeeste debatt,24,1,180.1199999999999,0.0335084222187702
2323554791,Parlamendierakondade esimeeste debatt,74,1,181.0,0.0336721320319643
2323554791,Parlamendierakondade esimeeste debatt,90,1,200.80000000000015,0.0373556028288311
2323554791,Parlamendierakondade esimeeste debatt,131,2,365.04,0.0679098070549627
2323554794,Kas me siin Järvamaal oleme tõesti kõige rumalamad,-1,12,2086.7599999999998,0.3671349832790982
2323554794,Kas me siin Järvamaal oleme tõesti kõige rumalamad,12,1,237.44,0.0417741045591199
2323554794,Kas me siin Järvamaal oleme tõesti kõige rumalamad,35,1,202.10400000000027,0.0355572507910056
2323554794,Kas me siin Järvamaal oleme tõesti kõige rumalamad,70,2,351.32000000000016,0.0618096294377949
2323554794,Kas me siin Järvamaal oleme tõesti kõige rumalamad,82,3,562.2800000000004,0.098924964249924
2323554794,Kas me siin Järvamaal oleme tõesti kõige rumalamad,117,4,715.2400000000007,0.1258360450845054
2323554794,Kas me siin Järvamaal oleme tõesti kõige rumalamad,127,9,1613.4800000000005,0.2838682708223081
2323554794,Kas me siin Järvamaal oleme tõesti kõige rumalamad,148,1,181.88,0.0319991329902827
2323554797,"Mida on vaja teha senisest teisiti, et Eesti majandus järjekindlalt ja kiiremini kasvaks_",-1,7,1266.0000000000002,0.2562426249283998
2323554797,"Mida on vaja teha senisest teisiti, et Eesti majandus järjekindlalt ja kiiremini kasvaks_",4,14,2432.440000000001,0.4923339736025569
2323554797,"Mida on vaja teha senisest teisiti, et Eesti majandus järjekindlalt ja kiiremini kasvaks_",13,2,354.7600000000002,0.0718046079143753
2323554797,"Mida on vaja teha senisest teisiti, et Eesti majandus järjekindlalt ja kiiremini kasvaks_",61,1,183.84000000000012,0.037209829515669
2323554797,"Mida on vaja teha senisest teisiti, et Eesti majandus järjekindlalt ja kiiremini kasvaks_",71,1,182.44000000000003,0.0369264648435523
2323554797,"Mida on vaja teha senisest teisiti, et Eesti majandus järjekindlalt ja kiiremini kasvaks_",115,1,170.59000000000017,0.0345279852974216
2323554797,"Mida on vaja teha senisest teisiti, et Eesti majandus järjekindlalt ja kiiremini kasvaks_",131,1,184.48,0.0373393676514938
2323554797,"Mida on vaja teha senisest teisiti, et Eesti majandus järjekindlalt ja kiiremini kasvaks_",183,2,356.1199999999999,0.0720798764530029
2323554800,Mis on fosforiidi kaevandamise hind_,1,27,4731.085999999999,0.8478578850425246
2323554800,Mis on fosforiidi kaevandamise hind_,114,1,181.6800000000003,0.0325588713784797
2323554800,Mis on fosforiidi kaevandamise hind_,115,4,742.6800000000003,0.1330956769890428
2323554803,Mis on fosforiidi kaevandamise hind + Demokraatiatrenn,-1,4,733.7369999999992,0.0972891545896697
2323554803,Mis on fosforiidi kaevandamise hind + Demokraatiatrenn,1,31,5816.320000000001,0.7712093783235526
2323554803,Mis on fosforiidi kaevandamise hind + Demokraatiatrenn,37,1,182.08000000000084,0.0241427231660488
2323554803,Mis on fosforiidi kaevandamise hind + Demokraatiatrenn,114,1,181.36000000000013,0.0240472554558139
2323554803,Mis on fosforiidi kaevandamise hind + Demokraatiatrenn,115,4,745.8399999999995,0.0988939402799086
2323554806,Eesti uued valikud ELi rahastuse kasutamisel,-1,3,498.5159999999994,0.0888481584693725
2323554806,Eesti uued valikud ELi rahastuse kasutamisel,9,22,3843.72,0.6850481101346741
2323554806,Eesti uued valikud ELi rahastuse kasutamisel,28,1,181.96000000000004,0.0324298736953017
2323554806,Eesti uued valikud ELi rahastuse kasutamisel,34,1,181.07999999999996,0.0322730354404552
2323554806,Eesti uued valikud ELi rahastuse kasutamisel,43,4,697.4399999999996,0.1243014459774194
2323554806,Eesti uued valikud ELi rahastuse kasutamisel,98,1,184.20000000000076,0.032829098344002
2323554806,Eesti uued valikud ELi rahastuse kasutamisel,131,1,184.6800000000003,0.0329146464830091
2323554809,Miks kaasamine pekki läheb_,-1,11,2024.0399999999995,0.5618729542635014
2323554809,Miks kaasamine pekki läheb_,22,7,1170.949,0.3250551243660663
2323554809,Miks kaasamine pekki läheb_,94,1,180.76,0.0501789269049379
2323554809,Miks kaasamine pekki läheb_,126,1,184.76000000000025,0.0512893258185236
2323554809,Miks kaasamine pekki läheb_,151,1,180.03999999999996,0.0499790551004924
2323554812,Kaasamine infosõja ajal. Mis tegelikult lõhestab Eesti ühiskonda,-1,17,2909.0910000000013,0.5394867266122946
2323554812,Kaasamine infosõja ajal. Mis tegelikult lõhestab Eesti ühiskonda,6,1,182.23999999999975,0.0337961449324976
2323554812,Kaasamine infosõja ajal. Mis tegelikult lõhestab Eesti ühiskonda,37,2,375.5999999999999,0.0696544778130274
2323554812,Kaasamine infosõja ajal. Mis tegelikult lõhestab Eesti ühiskonda,71,1,191.07999999999996,0.0354355101717605
2323554812,Kaasamine infosõja ajal. Mis tegelikult lõhestab Eesti ühiskonda,94,1,180.5600000000004,0.0334845913576151
2323554812,Kaasamine infosõja ajal. Mis tegelikult lõhestab Eesti ühiskonda,114,6,1073.9199999999996,0.1991569137725409
2323554812,Kaasamine infosõja ajal. Mis tegelikult lõhestab Eesti ühiskonda,151,2,361.6399999999997,0.0670656159645985
2323554812,Kaasamine infosõja ajal. Mis tegelikult lõhestab Eesti ühiskonda,173,2,356.4800000000005,0.0661087014131737
2323554815,Kuidas tõsta Euroopa Liidu konkurentsivõimet ja panna majandus kiiremini kasvama_,-1,1,181.1199999999999,0.0494945202690608
2323554815,Kuidas tõsta Euroopa Liidu konkurentsivõimet ja panna majandus kiiremini kasvama_,9,19,3332.675,0.9107174819881428
2323554815,Kuidas tõsta Euroopa Liidu konkurentsivõimet ja panna majandus kiiremini kasvama_,48,1,183.9199999999996,0.0502596740718068
2383011942,Kuidas hoida tervet mõistust kriiside ajastul_ teadveloleku ja kaastunde praktiline jõud,-1,9,1622.7600000000002,0.3054283951514212
2383011942,Kuidas hoida tervet mõistust kriiside ajastul_ teadveloleku ja kaastunde praktiline jõud,41,1,188.32000000000065,0.0354447209537552
2383011942,Kuidas hoida tervet mõistust kriiside ajastul_ teadveloleku ja kaastunde praktiline jõud,64,18,3247.022000000001,0.6111394898083253
2383011942,Kuidas hoida tervet mõistust kriiside ajastul_ teadveloleku ja kaastunde praktiline jõud,79,1,229.19999999999985,0.0431389658166985
2383011942,Kuidas hoida tervet mõistust kriiside ajastul_ teadveloleku ja kaastunde praktiline jõud,166,1,181.48,0.0341573277330473
2383011945,Koduseinte vahelt rahvusvahelise poliitikani_ naistevastane vägivald on meie kõigi lahendada,-1,13,2360.6400000000003,0.4189821281574435
2383011945,Koduseinte vahelt rahvusvahelise poliitikani_ naistevastane vägivald on meie kõigi lahendada,33,1,181.7199999999998,0.0322528773251196
2383011945,Koduseinte vahelt rahvusvahelise poliitikani_ naistevastane vägivald on meie kõigi lahendada,54,1,180.44000000000003,0.0320256943899659
2383011945,Koduseinte vahelt rahvusvahelise poliitikani_ naistevastane vägivald on meie kõigi lahendada,61,2,351.3199999999997,0.0623546162330016
2383011945,Koduseinte vahelt rahvusvahelise poliitikani_ naistevastane vägivald on meie kõigi lahendada,81,2,366.48,0.0650453141212298
2383011945,Koduseinte vahelt rahvusvahelise poliitikani_ naistevastane vägivald on meie kõigi lahendada,111,1,182.27999999999972,0.0323522698592494
2383011945,Koduseinte vahelt rahvusvahelise poliitikani_ naistevastane vägivald on meie kõigi lahendada,160,1,181.52,0.0322173799915019
2383011945,Koduseinte vahelt rahvusvahelise poliitikani_ naistevastane vägivald on meie kõigi lahendada,163,12,2145.9059999999995,0.3808697059720358
2383011948,Nõusolek – seksikuse summutaja või hoopis võimendaja_,-1,4,727.4399999999998,0.1324868772534871
2383011948,Nõusolek – seksikuse summutaja või hoopis võimendaja_,16,7,1287.5769999999989,0.2345032661847204
2383011948,Nõusolek – seksikuse summutaja või hoopis võimendaja_,64,1,186.1199999999999,0.033897582748294
2383011948,Nõusolek – seksikuse summutaja või hoopis võimendaja_,80,19,3361.6800000000003,0.6122545990397871
2383011948,Nõusolek – seksikuse summutaja või hoopis võimendaja_,170,1,185.67999999999935,0.0338174466188653
2383055898,"Kes õpetab tervena elama enne, kui tuleb õppida haigusega elama_ (1)",-1,11,1959.045,0.3700832620985071
2383055898,"Kes õpetab tervena elama enne, kui tuleb õppida haigusega elama_ (1)",26,1,182.0,0.0343816266098677
2383055898,"Kes õpetab tervena elama enne, kui tuleb õppida haigusega elama_ (1)",39,2,364.60000000000014,0.0688765992415262
2383055898,"Kes õpetab tervena elama enne, kui tuleb õppida haigusega elama_ (1)",44,2,362.3599999999997,0.0684534407601739
2383055898,"Kes õpetab tervena elama enne, kui tuleb õppida haigusega elama_ (1)",50,1,182.15999999999983,0.0344118522156785
2383055898,"Kes õpetab tervena elama enne, kui tuleb õppida haigusega elama_ (1)",51,1,182.40000000000003,0.0344571906243949
2383055898,"Kes õpetab tervena elama enne, kui tuleb õppida haigusega elama_ (1)",55,2,352.52000000000044,0.0665945660028054
2383055898,"Kes õpetab tervena elama enne, kui tuleb õppida haigusega elama_ (1)",132,3,543.52,0.1026763829395346
2383055898,"Kes õpetab tervena elama enne, kui tuleb õppida haigusega elama_ (1)",149,5,893.6800000000001,0.1688251212566295
2383055898,"Kes õpetab tervena elama enne, kui tuleb õppida haigusega elama_ (1)",157,3,549.6399999999992,0.1038325123618003
2387966361,Euroopa Liidu heitekaubandus_ rohepöörasus või nutikas poliitika_,-1,11,2118.5170000000003,0.5732729496083998
2387966361,Euroopa Liidu heitekaubandus_ rohepöörasus või nutikas poliitika_,14,4,771.04,0.2086442426782794
2387966361,Euroopa Liidu heitekaubandus_ rohepöörasus või nutikas poliitika_,23,2,369.0799999999999,0.0998734398834034
2387966361,Euroopa Liidu heitekaubandus_ rohepöörasus või nutikas poliitika_,98,1,193.76,0.0524316617313543
2387966361,Euroopa Liidu heitekaubandus_ rohepöörasus või nutikas poliitika_,182,2,369.96,0.1001115688177737
2387966364,Millised on kohaliku kaugkütte tulevikustsenaariumid_,-1,6,1087.9509999999989,0.2094537189431888
2387966364,Millised on kohaliku kaugkütte tulevikustsenaariumid_,14,1,185.59999999999943,0.0357319495417126
2387966364,Millised on kohaliku kaugkütte tulevikustsenaariumid_,23,16,2864.7999999999997,0.5515349625382466
2387966364,Millised on kohaliku kaugkütte tulevikustsenaariumid_,105,2,364.27999999999975,0.0701316518268055
2387966364,Millised on kohaliku kaugkütte tulevikustsenaariumid_,140,3,535.7199999999989,0.1031375000457236
2387966364,Millised on kohaliku kaugkütte tulevikustsenaariumid_,164,1,185.2800000000002,0.035670342732158
2387966364,Millised on kohaliku kaugkütte tulevikustsenaariumid_,175,1,181.8800000000001,0.0350157703806396
2387966370,Kuidas edasi_ Eesti energeetika järgmise kümne aasta vaade,-1,14,2556.683999999999,0.4489376930214131
2387966370,Kuidas edasi_ Eesti energeetika järgmise kümne aasta vaade,14,2,367.1200000000004,0.0644639720286204
2387966370,Kuidas edasi_ Eesti energeetika järgmise kümne aasta vaade,37,2,363.84,0.0638880245775039
2387966370,Kuidas edasi_ Eesti energeetika järgmise kümne aasta vaade,87,1,187.0800000000004,0.0328500759618498
2387966370,Kuidas edasi_ Eesti energeetika järgmise kümne aasta vaade,96,4,719.28,0.1263010617801973
2387966370,Kuidas edasi_ Eesti energeetika järgmise kümne aasta vaade,121,2,366.51999999999975,0.0643586157875624
2387966370,Kuidas edasi_ Eesti energeetika järgmise kümne aasta vaade,135,1,180.79999999999927,0.0317473473054437
2387966370,Kuidas edasi_ Eesti energeetika järgmise kümne aasta vaade,144,3,533.4000000000001,0.0936616983004633
2387966370,Kuidas edasi_ Eesti energeetika järgmise kümne aasta vaade,164,2,348.1999999999998,0.0611417385605949
2387966370,Kuidas edasi_ Eesti energeetika järgmise kümne aasta vaade,186,2,372.24000000000046,0.0653630119523144
2387966373,Miks peab elektriga kauplema börsil_ (1),-1,3,575.96,0.1532196857341767
2387966373,Miks peab elektriga kauplema börsil_ (1),9,1,180.19999999999985,0.0479376820773988
2387966373,Miks peab elektriga kauplema börsil_ (1),60,1,181.36000000000013,0.0482462709298394
2387966373,Miks peab elektriga kauplema börsil_ (1),95,17,2905.687,0.7729850145528906
2387966376,Milliseid riske toob kliima ettevõtete tegevusse ja kuidas neid maandada_ Ettevalmistused ja õppetunnid,-1,11,1957.72,0.3748159635469017
2387966376,Milliseid riske toob kliima ettevõtete tegevusse ja kuidas neid maandada_ Ettevalmistused ja õppetunnid,22,1,180.67999999999984,0.0345921522452925
2387966376,Milliseid riske toob kliima ettevõtete tegevusse ja kuidas neid maandada_ Ettevalmistused ja õppetunnid,26,15,2662.2,0.5096924269837166
2387966376,Milliseid riske toob kliima ettevõtete tegevusse ja kuidas neid maandada_ Ettevalmistused ja õppetunnid,41,1,84.27000000000044,0.0161339421613395
2387966376,Milliseid riske toob kliima ettevõtete tegevusse ja kuidas neid maandada_ Ettevalmistused ja õppetunnid,96,1,186.04,0.0356183529096426
2387966376,Milliseid riske toob kliima ettevõtete tegevusse ja kuidas neid maandada_ Ettevalmistused ja õppetunnid,98,1,183.96000000000004,0.0352201257861635
2387966376,Milliseid riske toob kliima ettevõtete tegevusse ja kuidas neid maandada_ Ettevalmistused ja õppetunnid,140,1,183.04,0.0350439868661631
2387966379,Elektridefitsiit Eestis_ kui suur on tegelik majandus- ja julgeolekurisk_,-1,6,1138.8799999999992,0.205497594757184
2387966379,Elektridefitsiit Eestis_ kui suur on tegelik majandus- ja julgeolekurisk_,14,6,1110.2400000000002,0.2003298412503654
2387966379,Elektridefitsiit Eestis_ kui suur on tegelik majandus- ja julgeolekurisk_,23,1,181.15999999999983,0.0326882061904778
2387966379,Elektridefitsiit Eestis_ kui suur on tegelik majandus- ja julgeolekurisk_,60,7,1237.9,0.2233645972797118
2387966379,Elektridefitsiit Eestis_ kui suur on tegelik majandus- ja julgeolekurisk_,96,3,588.44,0.1061771254731995
2387966379,Elektridefitsiit Eestis_ kui suur on tegelik majandus- ja julgeolekurisk_,121,2,368.48,0.0664879124368917
2387966379,Elektridefitsiit Eestis_ kui suur on tegelik majandus- ja julgeolekurisk_,135,1,185.6000000000004,0.0334893523346915
2387966379,Elektridefitsiit Eestis_ kui suur on tegelik majandus- ja julgeolekurisk_,144,3,570.5599999999996,0.102950888297853
2387966379,Elektridefitsiit Eestis_ kui suur on tegelik majandus- ja julgeolekurisk_,164,1,214.64000000000036,0.0387292811698177
2387966379,Elektridefitsiit Eestis_ kui suur on tegelik majandus- ja julgeolekurisk_,186,1,185.0,0.0333810893422301
2387966382,Miks me pelgame energiat kui majandusarengu mootorit,-1,13,2279.32,0.4067181330493546
2387966382,Miks me pelgame energiat kui majandusarengu mootorit,14,6,1096.2399999999998,0.1956112727366163
2387966382,Miks me pelgame energiat kui majandusarengu mootorit,23,1,200.4400000000005,0.0357661857871702
2387966382,Miks me pelgame energiat kui majandusarengu mootorit,60,2,352.8800000000001,0.0629673300767142
2387966382,Miks me pelgame energiat kui majandusarengu mootorit,72,1,62.13599999999951,0.0110874462186768
2387966382,Miks me pelgame energiat kui majandusarengu mootorit,87,2,422.67999999999984,0.0754223279211787
2387966382,Miks me pelgame energiat kui majandusarengu mootorit,95,2,361.96,0.0645875504266818
2387966382,Miks me pelgame energiat kui majandusarengu mootorit,96,2,366.6399999999999,0.0654226419727003
2387966382,Miks me pelgame energiat kui majandusarengu mootorit,111,1,180.0,0.0321189056160977
2387966382,Miks me pelgame energiat kui majandusarengu mootorit,135,1,183.48,0.0327398711246756
2387966382,Miks me pelgame energiat kui majandusarengu mootorit,144,1,184.5600000000001,0.0329325845583722
2387966382,Miks me pelgame energiat kui majandusarengu mootorit,164,1,182.12000000000037,0.0324971949489095
2393585466,Matemaatikatund ja -ring kui mõtlemise laborid,-1,5,939.4400000000004,0.2365515207872697
2393585466,Matemaatikatund ja -ring kui mõtlemise laborid,58,17,3138.197000000001,0.7901997710125683
2393585469,Mida Eesti tegelikult kõrghariduselt ootab_,-1,10,1816.6,0.3318823755952635
2393585469,Mida Eesti tegelikult kõrghariduselt ootab_,103,12,2150.9600000000005,0.3929680252176529
2393585469,Mida Eesti tegelikult kõrghariduselt ootab_,148,10,1718.1459999999995,0.3138953958491134
2393585472,Kas lapsel on päriselt koht Eestis_ Elu asendushooldusel täna ja homme,-1,7,1234.9600000000005,0.2208686302374835
2393585472,Kas lapsel on päriselt koht Eestis_ Elu asendushooldusel täna ja homme,8,2,380.72000000000014,0.0680905494137581
2393585472,Kas lapsel on päriselt koht Eestis_ Elu asendushooldusel täna ja homme,67,15,2652.7380000000003,0.4744336727010765
2393585472,Kas lapsel on päriselt koht Eestis_ Elu asendushooldusel täna ja homme,77,1,182.52,0.0326431158830613
2393585472,Kas lapsel on päriselt koht Eestis_ Elu asendushooldusel täna ja homme,108,1,184.55999999999997,0.0330079633321159
2393585472,Kas lapsel on päriselt koht Eestis_ Elu asendushooldusel täna ja homme,113,2,369.8800000000001,0.0661518502236837
2393585472,Kas lapsel on päriselt koht Eestis_ Elu asendushooldusel täna ja homme,156,2,388.2800000000002,0.0694426311367251
2393585472,Kas lapsel on päriselt koht Eestis_ Elu asendushooldusel täna ja homme,160,2,354.6399999999999,0.0634262251630993
2393585475,Kas internet vajab korrakaitsjat_,-1,16,2813.52,0.5235109350395184
2393585475,Kas internet vajab korrakaitsjat_,6,10,1771.3200000000002,0.3295890519542068
2393585475,Kas internet vajab korrakaitsjat_,12,1,74.72900000000027,0.0139048056045694
2393585475,Kas internet vajab korrakaitsjat_,97,3,519.4799999999996,0.0966595085637666
2393585475,Kas internet vajab korrakaitsjat_,114,1,180.80000000000015,0.0336414090019424
2393585475,Kas internet vajab korrakaitsjat_,160,1,185.4400000000005,0.0345047725957976
2393585478,Tehisintellekt kõrghariduses_ reeglid alles kujunemas,-1,6,1055.44,0.2478724151285217
2393585478,Tehisintellekt kõrghariduses_ reeglid alles kujunemas,3,1,181.0,0.0425082497709603
2393585478,Tehisintellekt kõrghariduses_ reeglid alles kujunemas,25,1,180.88,0.0424800675059188
2393585478,Tehisintellekt kõrghariduses_ reeglid alles kujunemas,52,4,719.2799999999996,0.1689244966588749
2393585478,Tehisintellekt kõrghariduses_ reeglid alles kujunemas,72,3,531.7600000000002,0.1248850104873254
2393585478,Tehisintellekt kõrghariduses_ reeglid alles kujunemas,103,2,388.67700000000025,0.0912816519128595
2393585478,Tehisintellekt kõrghariduses_ reeglid alles kujunemas,118,7,1228.5600000000004,0.2885300294950889
2393585478,Tehisintellekt kõrghariduses_ reeglid alles kujunemas,147,1,180.6800000000001,0.042433097064183
2393585481,"Ekspert ekraanil, märklaud seljal_ mis on ekspertarvamuse hind_",-1,11,1925.8300000000004,0.3656498071909883
2393585481,"Ekspert ekraanil, märklaud seljal_ mis on ekspertarvamuse hind_",72,17,2976.519999999999,0.5651402066122762
2393585481,"Ekspert ekraanil, märklaud seljal_ mis on ekspertarvamuse hind_",97,2,363.9999999999995,0.0691112558312621
2393585481,"Ekspert ekraanil, märklaud seljal_ mis on ekspertarvamuse hind_",173,1,184.92,0.0351100368909807
2393585484,Hinded ja heaolu – kas kool hindab õigesti_,-1,5,866.7299999999998,0.1938711373066555
2393585484,Hinded ja heaolu – kas kool hindab õigesti_,25,3,544.2800000000004,0.1217451600997618
2393585484,Hinded ja heaolu – kas kool hindab õigesti_,73,4,713.0400000000001,0.1594935859438784
2393585484,Hinded ja heaolu – kas kool hindab õigesti_,82,1,217.76000000000025,0.0487088007336741
2393585484,Hinded ja heaolu – kas kool hindab õigesti_,91,2,364.4000000000001,0.0815094001990762
2393585484,Hinded ja heaolu – kas kool hindab õigesti_,165,11,1954.1600000000003,0.4371086978403588
2394248493,"Kuidas rääkida vähist ja tervisest nii, et kasvaks teadlikkus, mitte ärevus_",-1,8,1583.1999999999996,0.2803643319618525
2394248493,"Kuidas rääkida vähist ja tervisest nii, et kasvaks teadlikkus, mitte ärevus_",15,1,215.72000000000003,0.0382012340139027
2394248493,"Kuidas rääkida vähist ja tervisest nii, et kasvaks teadlikkus, mitte ärevus_",39,1,187.72000000000023,0.0332427945906259
2394248493,"Kuidas rääkida vähist ja tervisest nii, et kasvaks teadlikkus, mitte ärevus_",51,10,1917.5199999999995,0.3395680986757778
2394248493,"Kuidas rääkida vähist ja tervisest nii, et kasvaks teadlikkus, mitte ärevus_",55,9,1747.8979999999997,0.3095302268238113
2394248493,"Kuidas rääkida vähist ja tervisest nii, et kasvaks teadlikkus, mitte ärevus_",63,1,183.5999999999999,0.0325131956469151
2394248496,Surm ei küsi diagnoosi – kas sina oled valmis_,-1,15,2724.0000000000005,0.4972958170740057
2394248496,Surm ei küsi diagnoosi – kas sina oled valmis_,12,2,392.9200000000002,0.0717318180780904
2394248496,Surm ei küsi diagnoosi – kas sina oled valmis_,15,4,818.7599999999994,0.1494735400835214
2394248496,Surm ei küsi diagnoosi – kas sina oled valmis_,16,1,182.7199999999998,0.0333575226489582
2394248496,Surm ei küsi diagnoosi – kas sina oled valmis_,29,1,206.44000000000003,0.0376878665480021
2394248496,Surm ei küsi diagnoosi – kas sina oled valmis_,41,1,182.80000000000015,0.0333721275187695
2394248496,Surm ei küsi diagnoosi – kas sina oled valmis_,51,5,843.9850000000009,0.1540786380958902
2394248496,Surm ei küsi diagnoosi – kas sina oled valmis_,53,1,183.15999999999983,0.0334378494329202
2394248496,Surm ei küsi diagnoosi – kas sina oled valmis_,124,1,182.2800000000002,0.0332771958649962
2394248499,Vähipatsiendi infoauk_ kelle vastutus on seda täita_,-1,15,2641.28,0.4501895333933294
2394248499,Vähipatsiendi infoauk_ kelle vastutus on seda täita_,12,1,216.12,0.0368362922359486
2394248499,Vähipatsiendi infoauk_ kelle vastutus on seda täita_,15,1,180.1199999999999,0.0307003190706045
2394248499,Vähipatsiendi infoauk_ kelle vastutus on seda täita_,37,1,205.92,0.0350977665057678
2394248499,Vähipatsiendi infoauk_ kelle vastutus on seda täita_,51,3,583.3599999999999,0.0994300362704191
2394248499,Vähipatsiendi infoauk_ kelle vastutus on seda täita_,52,1,182.2800000000002,0.0310684774605252
2394248499,Vähipatsiendi infoauk_ kelle vastutus on seda täita_,63,12,2139.92,0.3647358804439717
2394248502,Vähitõrje järgmised viis aastat – mida peab Eesti teisiti tegema_,-1,18,3124.9079999999994,0.5426253909622516
2394248502,Vähitõrje järgmised viis aastat – mida peab Eesti teisiti tegema_,9,1,182.23999999999975,0.0316451080316478
2394248502,Vähitõrje järgmised viis aastat – mida peab Eesti teisiti tegema_,15,5,883.7200000000003,0.153453769039332
2394248502,Vähitõrje järgmised viis aastat – mida peab Eesti teisiti tegema_,51,1,182.5999999999999,0.0317076203170484
2394248502,Vähitõrje järgmised viis aastat – mida peab Eesti teisiti tegema_,84,1,183.92000000000007,0.0319368320301837
2394248502,Vähitõrje järgmised viis aastat – mida peab Eesti teisiti tegema_,99,1,186.8800000000001,0.0324508219323659
2394248502,Vähitõrje järgmised viis aastat – mida peab Eesti teisiti tegema_,130,1,182.19999999999985,0.0316381622221589
2394248502,Vähitõrje järgmised viis aastat – mida peab Eesti teisiti tegema_,168,5,875.9200000000005,0.1520993361889872
2394248502,Vähitõrje järgmised viis aastat – mida peab Eesti teisiti tegema_,178,1,183.12,0.0317979158404047
2394248505,Tehisintellekti tulevik vähiravis,-1,18,3059.524,0.5498622973729747
2394248505,Tehisintellekti tulevik vähiravis,31,1,180.8800000000001,0.0325080281602052
2394248505,Tehisintellekti tulevik vähiravis,51,3,539.1199999999999,0.0968914647375598
2394248505,Tehisintellekti tulevik vähiravis,55,1,185.19999999999985,0.0332844251175917
2394248505,Tehisintellekti tulevik vähiravis,63,8,1380.6799999999998,0.2481379053528975
2394248505,Tehisintellekti tulevik vähiravis,99,2,366.3999999999997,0.0658499641635292
2395857120,Muutuv rändemaastik_ milleks peab Eesti Euroopa piiririigina valmis olema_,-1,12,2208.8730000000005,0.4043486546167867
2395857120,Muutuv rändemaastik_ milleks peab Eesti Euroopa piiririigina valmis olema_,19,1,180.48,0.0330380448243233
2395857120,Muutuv rändemaastik_ milleks peab Eesti Euroopa piiririigina valmis olema_,74,1,208.6,0.0381855948047088
2395857120,Muutuv rändemaastik_ milleks peab Eesti Euroopa piiririigina valmis olema_,75,6,1116.3599999999994,0.2043570019951331
2395857120,Muutuv rändemaastik_ milleks peab Eesti Euroopa piiririigina valmis olema_,111,7,1227.5999999999997,0.224720211803742
2395857120,Muutuv rändemaastik_ milleks peab Eesti Euroopa piiririigina valmis olema_,167,4,720.5999999999999,0.1319105446609454
2395857123,"Uus elu, uued rollid_ pagulaste identiteet ja kuuluvus Eestis",-1,9,1806.3090000000004,0.3743343800883205
2395857123,"Uus elu, uued rollid_ pagulaste identiteet ja kuuluvus Eestis",19,6,1275.44,0.2643185865429709
2395857123,"Uus elu, uued rollid_ pagulaste identiteet ja kuuluvus Eestis",35,1,184.87999999999963,0.0383140095026535
2395857123,"Uus elu, uued rollid_ pagulaste identiteet ja kuuluvus Eestis",46,7,1325.5599999999995,0.2747053139135518
2395857123,"Uus elu, uued rollid_ pagulaste identiteet ja kuuluvus Eestis",152,1,197.07999999999996,0.040842303076498
2395857123,"Uus elu, uued rollid_ pagulaste identiteet ja kuuluvus Eestis",156,1,222.35999999999967,0.0460812589409889
2395857126,Kuuluvustunne või äärmuslus_ Kuidas ennetada radikaliseerumist,-1,9,1574.6529999999998,0.2963074960864678
2395857126,Kuuluvustunne või äärmuslus_ Kuidas ennetada radikaliseerumist,6,1,184.4799999999996,0.0347141921922045
2395857126,Kuuluvustunne või äärmuslus_ Kuidas ennetada radikaliseerumist,19,2,379.3999999999999,0.0713929126069082
2395857126,Kuuluvustunne või äärmuslus_ Kuidas ennetada radikaliseerumist,20,1,228.15999999999983,0.042933597628867
2395857126,Kuuluvustunne või äärmuslus_ Kuidas ennetada radikaliseerumist,46,2,364.0400000000002,0.0685025722335764
2395857126,Kuuluvustunne või äärmuslus_ Kuidas ennetada radikaliseerumist,54,13,2411.2,0.4537232231886587
2395857126,Kuuluvustunne või äärmuslus_ Kuidas ennetada radikaliseerumist,114,1,182.27999999999972,0.0343002111491492
2395857126,Kuuluvustunne või äärmuslus_ Kuidas ennetada radikaliseerumist,167,1,200.04,0.0376421672058142
2395857129,Pagulus ja rahvus,-1,2,350.2399999999998,0.069945222490073
2395857129,Pagulus ja rahvus,19,21,4008.707,0.8005650497159474
2395857129,Pagulus ja rahvus,35,3,553.9599999999998,0.1106294410992487
2395857129,Pagulus ja rahvus,53,1,183.75999999999976,0.0366980758473498
2395857132,"Kes vastutab, kui välistöötajad elavad kümnekesi kitsas köögis ega saa palka_",-1,23,3994.08,0.7421216189224215
2395857132,"Kes vastutab, kui välistöötajad elavad kümnekesi kitsas köögis ega saa palka_",4,1,85.93499999999949,0.0159671867669395
2395857132,"Kes vastutab, kui välistöötajad elavad kümnekesi kitsas köögis ega saa palka_",7,1,183.76000000000025,0.0341435997008533
2395857132,"Kes vastutab, kui välistöötajad elavad kümnekesi kitsas köögis ega saa palka_",19,1,181.76000000000025,0.0337719889074178
2395857132,"Kes vastutab, kui välistöötajad elavad kümnekesi kitsas köögis ega saa palka_",70,1,186.76000000000025,0.0347010158910065
2395857132,"Kes vastutab, kui välistöötajad elavad kümnekesi kitsas köögis ega saa palka_",71,3,548.4799999999999,0.1019105439917502
2395857132,"Kes vastutab, kui välistöötajad elavad kümnekesi kitsas köögis ega saa palka_",97,1,184.04000000000087,0.0341956252119344
2395857132,"Kes vastutab, kui välistöötajad elavad kümnekesi kitsas köögis ega saa palka_",152,1,184.0800000000004,0.034203057427803
2395857135,"Kellel lubame otsustada, kes Eestisse elama tuleb_",-1,9,1606.88,0.2883196866177736
2395857135,"Kellel lubame otsustada, kes Eestisse elama tuleb_",4,1,183.23999999999975,0.0328784348400881
2395857135,"Kellel lubame otsustada, kes Eestisse elama tuleb_",32,20,3455.2580000000003,0.6199709397985882
2395857135,"Kellel lubame otsustada, kes Eestisse elama tuleb_",57,2,349.32000000000016,0.0626778806938419
2395857135,"Kellel lubame otsustada, kes Eestisse elama tuleb_",118,1,181.4000000000001,0.0325482868368914
2395857138,"Do They Belong Here, Or Do They Just Live Here_",-1,1,241.44000000000003,0.050815609046458
2395857138,"Do They Belong Here, Or Do They Just Live Here_",10,1,181.6000000000004,0.0382211506081709
2395857138,"Do They Belong Here, Or Do They Just Live Here_",83,21,4131.336000000001,0.8695177063268634
2395857138,"Do They Belong Here, Or Do They Just Live Here_",167,1,249.0,0.052406753862525
2395857141,"Kes ütleb meile, et nemad pole meie_",-1,17,3217.3600000000006,0.6154571299913498
2395857141,"Kes ütleb meile, et nemad pole meie_",6,8,1424.7600000000002,0.2725460316925913
2395857141,"Kes ütleb meile, et nemad pole meie_",29,1,182.63999999999987,0.0349376787868376
2395857141,"Kes ütleb meile, et nemad pole meie_",36,1,205.76,0.0393603634865293
2395857141,"Kes ütleb meile, et nemad pole meie_",46,1,184.39999999999964,0.0352743537466757
2395857141,"Kes ütleb meile, et nemad pole meie_",100,1,117.35400000000028,0.0224489507027516
2395857144,Vabatahtlikkus_ lõimumise mootor või lõhede peegel_,-1,7,1268.0399999999995,0.2767805068852436
2395857144,Vabatahtlikkus_ lõimumise mootor või lõhede peegel_,89,15,2673.28,0.5835082437826756
2395857144,Vabatahtlikkus_ lõimumise mootor või lõhede peegel_,152,1,182.6800000000003,0.0398743438675407
2395857144,Vabatahtlikkus_ lõimumise mootor või lõhede peegel_,177,2,354.1199999999999,0.0772952849265026
2395857144,Vabatahtlikkus_ lõimumise mootor või lõhede peegel_,185,1,83.03199999999924,0.0181237492884257
2395857144,Vabatahtlikkus_ lõimumise mootor või lõhede peegel_,188,1,181.39999999999964,0.0395949528003715
2395991448,Töö ei küsi vanust_,-1,19,3407.809999999999,0.6518369322170385
2395991448,Töö ei küsi vanust_,5,4,723.2399999999998,0.1383394446452856
2395991448,Töö ei küsi vanust_,7,1,184.0,0.0351950359697093
2395991448,Töö ei küsi vanust_,18,2,352.52,0.0674290982610974
2395991448,Töö ei küsi vanust_,27,1,193.3199999999997,0.0369777410525228
2395991448,Töö ei küsi vanust_,127,1,183.27999999999972,0.0350573162637408
2395991448,Töö ei küsi vanust_,166,1,182.6,0.0349272476525484
2395991448,Töö ei küsi vanust_,179,1,185.16000000000008,0.035416917718214
2395991451,Kas lapsed maksavad karjääris kätte_,-1,19,3431.839999999999,0.6185989954147274
2395991451,Kas lapsed maksavad karjääris kätte_,0,1,181.92000000000007,0.0327916013700659
2395991451,Kas lapsed maksavad karjääris kätte_,12,1,242.4,0.0436932947015391
2395991451,Kas lapsed maksavad karjääris kätte_,108,4,719.1199999999999,0.1296234409478993
2395991451,Kas lapsed maksavad karjääris kätte_,119,6,1102.4819999999995,0.1987255401367253
2395991454,Kas süsteem hoiab naisi tagasi_,-1,8,1451.6000000000008,0.2912140270630838
2395991454,Kas süsteem hoiab naisi tagasi_,41,2,361.3600000000001,0.0724945582939625
2395991454,Kas süsteem hoiab naisi tagasi_,81,14,2433.8,0.4882589549918248
2395991454,Kas süsteem hoiab naisi tagasi_,97,1,182.24000000000007,0.0365602399366053
2395991454,Kas süsteem hoiab naisi tagasi_,108,1,184.0,0.0369133239043864
2395991454,Kas süsteem hoiab naisi tagasi_,160,3,411.0099999999993,0.0824551372714231
2395991454,Kas süsteem hoiab naisi tagasi_,179,1,181.76,0.0364639443090287
2395991457,Paindlikkus või kontroll_,-1,13,2299.84,0.4300751131690494
2395991457,Paindlikkus või kontroll_,7,12,2162.1309999999994,0.4043232287947464
2395991457,Paindlikkus või kontroll_,12,1,182.96000000000004,0.0342139204055105
2395991457,Paindlikkus või kontroll_,18,2,353.7199999999998,0.0661464141114843
2395991457,Paindlikkus või kontroll_,79,2,376.48,0.0704025839214396
2395991457,Paindlikkus või kontroll_,166,1,181.23999999999975,0.0338922766413134
2395991460,Kriis ei vabasta juhtimisest,-1,13,2293.5600000000004,0.4423344775035361
2395991460,Kriis ei vabasta juhtimisest,18,1,184.27999999999972,0.0355401199507976
2395991460,Kriis ei vabasta juhtimisest,36,1,180.52,0.0348149688165726
2395991460,Kriis ei vabasta juhtimisest,41,1,216.72600000000057,0.0417976342329965
2395991460,Kriis ei vabasta juhtimisest,79,1,188.3199999999997,0.0363192717014012
2395991460,Kriis ei vabasta juhtimisest,126,1,187.24000000000004,0.0361109836096557
2395991460,Kriis ei vabasta juhtimisest,161,12,2134.6399999999994,0.4116852705218734
2395991463,"Mees, kus su lapsed on_",-1,14,2338.4120000000003,0.4241069388211106
2395991463,"Mees, kus su lapsed on_",41,3,553.7600000000002,0.1004328828459562
2395991463,"Mees, kus su lapsed on_",81,4,725.4399999999997,0.131569688189415
2395991463,"Mees, kus su lapsed on_",108,7,1242.7200000000007,0.2253863626306104
2395991463,"Mees, kus su lapsed on_",116,1,182.8399999999997,0.0331608427830731
2395991463,"Mees, kus su lapsed on_",156,1,183.92000000000007,0.0333567173740036
2395991463,"Mees, kus su lapsed on_",166,3,540.7600000000002,0.0980751331403122
2395991466,Miks noored mehed surevad_,-1,20,3481.3199999999997,0.6360482906471675
2395991466,Miks noored mehed surevad_,6,1,181.6800000000003,0.0331935166674645
2395991466,Miks noored mehed surevad_,7,4,723.3200000000002,0.1321528758031176
2395991466,Miks noored mehed surevad_,27,5,885.5200000000001,0.1617873342105523
2395991466,Miks noored mehed surevad_,117,1,183.52,0.0335296905482886
2395991466,Miks noored mehed surevad_,138,1,195.79799999999975,0.0357729203900055
2395991469,Kes võidab AI-ajastul_,-1,12,2020.310000000001,0.3793304155659325
2395991469,Kes võidab AI-ajastul_,3,2,349.2800000000001,0.0655802958698758
2395991469,Kes võidab AI-ajastul_,5,1,181.76000000000025,0.0341269885974251
2395991469,Kes võidab AI-ajastul_,32,2,351.4800000000005,0.0659933646139028
2395991469,Kes võidab AI-ajastul_,40,10,1777.1999999999998,0.3336844417657562
2395991469,Kes võidab AI-ajastul_,63,1,182.92000000000007,0.0343447884806392
2395991469,Kes võidab AI-ajastul_,71,2,365.2400000000002,0.0685769218492712
2395991469,Kes võidab AI-ajastul_,117,1,180.55999999999997,0.0339016783734103
2395991469,Kes võidab AI-ajastul_,156,1,182.8800000000001,0.0343372781398388
2395991472,Kas iga ebamugavus on kiusamine_,-1,14,2481.84,0.4695522468255881
2395991472,Kas iga ebamugavus on kiusamine_,7,2,360.9060000000002,0.068281687454806
2395991472,Kas iga ebamugavus on kiusamine_,18,4,717.2000000000005,0.1356908065883828
2395991472,Kas iga ebamugavus on kiusamine_,40,2,365.04,0.069063820464338
2395991472,Kas iga ebamugavus on kiusamine_,79,3,547.0400000000001,0.103497349185874
2395991472,Kas iga ebamugavus on kiusamine_,90,1,180.64000000000036,0.0341762232321883
2395991472,Kas iga ebamugavus on kiusamine_,153,5,899.5599999999998,0.1701924455865107
2396670915,Pedofiilia uus nägu_ kuidas avatus loob uusi riske,-1,7,1283.774,0.2293119395024341
2396670915,Pedofiilia uus nägu_ kuidas avatus loob uusi riske,3,1,184.23999999999975,0.0329095555245147
2396670915,Pedofiilia uus nägu_ kuidas avatus loob uusi riske,6,1,183.24000000000024,0.0327309322313943
2396670915,Pedofiilia uus nägu_ kuidas avatus loob uusi riske,16,3,580.6800000000001,0.1037229738491926
2396670915,Pedofiilia uus nägu_ kuidas avatus loob uusi riske,21,6,1062.9600000000005,0.1898694156553314
2396670915,Pedofiilia uus nägu_ kuidas avatus loob uusi riske,67,1,180.84000000000012,0.0323022363279052
2396670915,Pedofiilia uus nägu_ kuidas avatus loob uusi riske,136,13,2340.76,0.4181142596046638
2396670918,Kas töötamine päästab Eestis vaesusest_ Räägime miinimumpalgast,-1,12,2045.342,0.3942340051602288
2396670918,Kas töötamine päästab Eestis vaesusest_ Räägime miinimumpalgast,7,1,182.32000000000065,0.0351416749965595
2396670918,Kas töötamine päästab Eestis vaesusest_ Räägime miinimumpalgast,70,17,2947.920000000001,0.5682034146328301
2396670918,Kas töötamine päästab Eestis vaesusest_ Räägime miinimumpalgast,138,1,181.72000000000003,0.0350260266584839
2396670921,Kas Eesti tulevik on parkla või meeldiv elukeskkond_,-1,10,1869.4,0.3137203042687542
2396670921,Kas Eesti tulevik on parkla või meeldiv elukeskkond_,34,1,183.15999999999983,0.0307376756873141
2396670921,Kas Eesti tulevik on parkla või meeldiv elukeskkond_,43,2,367.2399999999993,0.0616297445916642
2396670921,Kas Eesti tulevik on parkla või meeldiv elukeskkond_,65,1,181.48,0.0304557402475091
2396670921,Kas Eesti tulevik on parkla või meeldiv elukeskkond_,71,1,193.79999999999973,0.0325232668060792
2396670921,Kas Eesti tulevik on parkla või meeldiv elukeskkond_,104,12,2170.56,0.3642605882280877
2396670921,Kas Eesti tulevik on parkla või meeldiv elukeskkond_,113,1,185.4399999999996,0.0311203023556208
2396670921,Kas Eesti tulevik on parkla või meeldiv elukeskkond_,119,1,213.9310000000005,0.0359016253410286
2396670921,Kas Eesti tulevik on parkla või meeldiv elukeskkond_,126,1,183.52,0.0307980904244152
2396670921,Kas Eesti tulevik on parkla või meeldiv elukeskkond_,134,3,547.4000000000001,0.0918639641364695
2396670921,Kas Eesti tulevik on parkla või meeldiv elukeskkond_,138,1,181.80000000000015,0.0305094422360434
2396670924,Loodusrahvas või ressursirahvas_ miks keskkond valimiskasti juures kaotab_,-1,11,1957.0030000000008,0.3476271772627662
2396670924,Loodusrahvas või ressursirahvas_ miks keskkond valimiskasti juures kaotab_,9,1,180.15999999999983,0.0320022566422534
2396670924,Loodusrahvas või ressursirahvas_ miks keskkond valimiskasti juures kaotab_,10,5,891.8000000000001,0.1584125914385082
2396670924,Loodusrahvas või ressursirahvas_ miks keskkond valimiskasti juures kaotab_,26,6,1067.319999999999,0.1895906336556945
2396670924,Loodusrahvas või ressursirahvas_ miks keskkond valimiskasti juures kaotab_,98,6,1069.52,0.1899814249779247
2396670924,Loodusrahvas või ressursirahvas_ miks keskkond valimiskasti juures kaotab_,111,1,186.04,0.0330467352671227
2396670924,Loodusrahvas või ressursirahvas_ miks keskkond valimiskasti juures kaotab_,129,1,180.5599999999995,0.0320733096099315
2396670924,Loodusrahvas või ressursirahvas_ miks keskkond valimiskasti juures kaotab_,178,2,367.2800000000002,0.0652408349221073
2396670927,Kodude kättesaadavus_ kas Eestil on plaan_,-1,11,1972.76,0.3809519395670678
2396670927,Kodude kättesaadavus_ kas Eestil on plaan_,34,1,182.5200000000002,0.0352457207211122
2396670927,Kodude kättesaadavus_ kas Eestil on plaan_,37,8,1495.821,0.2888521214923006
2396670927,Kodude kättesaadavus_ kas Eestil on plaan_,65,4,768.0400000000004,0.14831318947317
2396670927,Kodude kättesaadavus_ kas Eestil on plaan_,104,1,223.35999999999967,0.0431321728044466
2396670927,Kodude kättesaadavus_ kas Eestil on plaan_,134,3,570.44,0.1101554291483192
2396670927,Kodude kättesaadavus_ kas Eestil on plaan_,178,1,182.24,0.0351916510202469
2396670930,ÜRO kõnnib Rahvasteliidu teed,-1,13,2384.36,0.4405358131656348
2396670930,ÜRO kõnnib Rahvasteliidu teed,86,4,805.64,0.1488505395656536
2396670930,ÜRO kõnnib Rahvasteliidu teed,93,9,1639.7290000000005,0.30295733378612
2396670930,ÜRO kõnnib Rahvasteliidu teed,111,4,719.1999999999998,0.132879832252145
2396670933,"Kui pole mugav, siis ei kaasa_!",-1,17,3034.8,0.6303094348275248
2396670933,"Kui pole mugav, siis ei kaasa_!",20,6,1073.7199999999998,0.2230050897466092
2396670933,"Kui pole mugav, siis ei kaasa_!",41,1,142.4980000000005,0.0295959647568383
2396670933,"Kui pole mugav, siis ei kaasa_!",82,3,520.9200000000001,0.1081919041750211
2396670933,"Kui pole mugav, siis ei kaasa_!",124,1,194.48,0.0403923088458076
2396670936,"Kas Eesti on valmis järgmiseks kriisiks, mis ei tule tankiga_ Keemilised, bioloogilised, radioloogilised ja tuumariskid",-1,1,196.36000000000013,0.0439756042446446
2396670936,"Kas Eesti on valmis järgmiseks kriisiks, mis ei tule tankiga_ Keemilised, bioloogilised, radioloogilised ja tuumariskid",22,1,204.44000000000003,0.0457851524331592
2396670936,"Kas Eesti on valmis järgmiseks kriisiks, mis ei tule tankiga_ Keemilised, bioloogilised, radioloogilised ja tuumariskid",55,1,202.3199999999997,0.0453103699876578
2396670936,"Kas Eesti on valmis järgmiseks kriisiks, mis ei tule tankiga_ Keemilised, bioloogilised, radioloogilised ja tuumariskid",92,20,3919.723,0.8778375809565658
2396692734,Kas rohereform vajab ebapopulaarseid otsuseid_,-1,18,3153.119999999999,0.5987955040202089
2396692734,Kas rohereform vajab ebapopulaarseid otsuseid_,14,1,180.7599999999993,0.0343273568106169
2396692734,Kas rohereform vajab ebapopulaarseid otsuseid_,22,1,182.75999999999976,0.0347071682380414
2396692734,Kas rohereform vajab ebapopulaarseid otsuseid_,26,1,186.36000000000013,0.0353908288074054
2396692734,Kas rohereform vajab ebapopulaarseid otsuseid_,36,1,181.7600000000001,0.0345172625243293
2396692734,Kas rohereform vajab ebapopulaarseid otsuseid_,46,1,94.41100000000006,0.0179291883372824
2396692734,Kas rohereform vajab ebapopulaarseid otsuseid_,60,1,207.76,0.0394548110808464
2396692734,Kas rohereform vajab ebapopulaarseid otsuseid_,94,2,384.1199999999999,0.0729465827511298
2396692734,Kas rohereform vajab ebapopulaarseid otsuseid_,114,1,182.39999999999964,0.034638802181105
2396692734,Kas rohereform vajab ebapopulaarseid otsuseid_,135,1,180.63999999999987,0.0343045681249716
2396692734,Kas rohereform vajab ebapopulaarseid otsuseid_,151,1,180.8800000000001,0.0343501454962625
2396692734,Kas rohereform vajab ebapopulaarseid otsuseid_,159,1,180.96,0.0343653379533595
2396692734,Kas rohereform vajab ebapopulaarseid otsuseid_,178,1,182.92000000000007,0.0347375531522354
2396692737,Keskkonnahoid vastutuules_ kas keskkonnaprojektid on vaid kulu või ka väärtus inimestele ja ettevõtetele_,-1,20,3536.0800000000004,0.6269177424876619
2396692737,Keskkonnahoid vastutuules_ kas keskkonnaprojektid on vaid kulu või ka väärtus inimestele ja ettevõtetele_,4,1,183.8800000000001,0.0326004034096036
2396692737,Keskkonnahoid vastutuules_ kas keskkonnaprojektid on vaid kulu või ka väärtus inimestele ja ettevõtetele_,10,1,199.0,0.0352810543751964
2396692737,Keskkonnahoid vastutuules_ kas keskkonnaprojektid on vaid kulu või ka väärtus inimestele ja ettevõtetele_,34,1,180.52,0.0320047031950274
2396692737,Keskkonnahoid vastutuules_ kas keskkonnaprojektid on vaid kulu või ka väärtus inimestele ja ettevõtetele_,36,1,125.78099999999996,0.022299931157621
2396692737,Keskkonnahoid vastutuules_ kas keskkonnaprojektid on vaid kulu või ka väärtus inimestele ja ettevõtetele_,37,2,362.4400000000005,0.064257614812795
2396692737,Keskkonnahoid vastutuules_ kas keskkonnaprojektid on vaid kulu või ka väärtus inimestele ja ettevõtetele_,87,1,180.55999999999997,0.0320117948642486
2396692737,Keskkonnahoid vastutuules_ kas keskkonnaprojektid on vaid kulu või ka väärtus inimestele ja ettevõtetele_,126,1,180.9199999999996,0.0320756198872388
2396692737,Keskkonnahoid vastutuules_ kas keskkonnaprojektid on vaid kulu või ka väärtus inimestele ja ettevõtetele_,129,4,706.04,0.1251750534224306
2396692737,Keskkonnahoid vastutuules_ kas keskkonnaprojektid on vaid kulu või ka väärtus inimestele ja ettevõtetele_,131,1,181.48,0.0321749032563349
2396692740,Kas tööstus julgeb investeerida_ Energiamajanduslikud otsused ebakindla poliitika ja turu tingimustes,-1,10,1813.36,0.355031508909365
2396692740,Kas tööstus julgeb investeerida_ Energiamajanduslikud otsused ebakindla poliitika ja turu tingimustes,13,5,774.723,0.1516803479048782
2396692740,Kas tööstus julgeb investeerida_ Energiamajanduslikud otsused ebakindla poliitika ja turu tingimustes,14,2,365.2000000000001,0.0715012501950523
2396692740,Kas tööstus julgeb investeerida_ Energiamajanduslikud otsused ebakindla poliitika ja turu tingimustes,87,2,359.1199999999999,0.0703108679355071
2396692740,Kas tööstus julgeb investeerida_ Energiamajanduslikud otsused ebakindla poliitika ja turu tingimustes,96,1,183.15999999999983,0.0358602655688
2396692740,Kas tööstus julgeb investeerida_ Energiamajanduslikud otsused ebakindla poliitika ja turu tingimustes,121,1,187.2800000000002,0.0366669061788866
2396692740,Kas tööstus julgeb investeerida_ Energiamajanduslikud otsused ebakindla poliitika ja turu tingimustes,131,3,548.3200000000002,0.1073536843016186
2396692740,Kas tööstus julgeb investeerida_ Energiamajanduslikud otsused ebakindla poliitika ja turu tingimustes,144,1,183.55999999999997,0.0359385801911385
2396692740,Kas tööstus julgeb investeerida_ Energiamajanduslikud otsused ebakindla poliitika ja turu tingimustes,182,4,750.6800000000001,0.1469730517426667
2396692740,Kas tööstus julgeb investeerida_ Energiamajanduslikud otsused ebakindla poliitika ja turu tingimustes,186,1,185.8800000000001,0.0363928050007019
2396692743,Järgmise põlvkonna õpilasmalev,-1,12,2188.5200000000004,0.4130301566820347
2396692743,Järgmise põlvkonna õpilasmalev,7,3,587.96,0.1109632130036595
2396692743,Järgmise põlvkonna õpilasmalev,12,1,122.21299999999974,0.0230647444567933
2396692743,Järgmise põlvkonna õpilasmalev,58,1,181.72000000000023,0.0342952497908446
2396692743,Järgmise põlvkonna õpilasmalev,124,1,185.04,0.0349218193996141
2396692743,Järgmise põlvkonna õpilasmalev,162,12,2265.72,0.4275997873437845
2396692746,Kuidas hoida kokkuleppeid ruumis_,-1,13,2373.717000000001,0.3851662797507058
2396692746,Kuidas hoida kokkuleppeid ruumis_,20,1,182.84000000000012,0.0296681544554886
2396692746,Kuidas hoida kokkuleppeid ruumis_,37,5,917.6,0.1488924662456592
2396692746,Kuidas hoida kokkuleppeid ruumis_,61,1,181.96000000000004,0.0295253630754796
2396692746,Kuidas hoida kokkuleppeid ruumis_,104,4,700.4800000000002,0.1136619384870961
2396692746,Kuidas hoida kokkuleppeid ruumis_,126,8,1410.1999999999998,0.2288231864642858
2396692746,Kuidas hoida kokkuleppeid ruumis_,134,1,182.52,0.0296162303173035
2396692746,Kuidas hoida kokkuleppeid ruumis_,151,1,182.0,0.0295318535927528
2396692746,Kuidas hoida kokkuleppeid ruumis_,173,2,363.7600000000002,0.0590247640818668
2396692749,"Kas elekter saab olla korraga odav, roheline ja kindel ning hoida Eesti majanduse konkurentsivõimelisena_",-1,11,1943.5600000000004,0.3436664676227025
2396692749,"Kas elekter saab olla korraga odav, roheline ja kindel ning hoida Eesti majanduse konkurentsivõimelisena_",14,4,732.4399999999998,0.1295123729370701
2396692749,"Kas elekter saab olla korraga odav, roheline ja kindel ning hoida Eesti majanduse konkurentsivõimelisena_",60,1,182.43999999999983,0.0322596217009435
2396692749,"Kas elekter saab olla korraga odav, roheline ja kindel ning hoida Eesti majanduse konkurentsivõimelisena_",94,1,180.35999999999967,0.0318918294780868
2396692749,"Kas elekter saab olla korraga odav, roheline ja kindel ning hoida Eesti majanduse konkurentsivõimelisena_",96,8,1399.2800000000002,0.2474251449994315
2396692749,"Kas elekter saab olla korraga odav, roheline ja kindel ning hoida Eesti majanduse konkurentsivõimelisena_",121,4,710.9200000000002,0.1257071380159767
2396692749,"Kas elekter saab olla korraga odav, roheline ja kindel ning hoida Eesti majanduse konkurentsivõimelisena_",126,1,182.23999999999975,0.0322242570641303
2396692749,"Kas elekter saab olla korraga odav, roheline ja kindel ning hoida Eesti majanduse konkurentsivõimelisena_",135,1,213.8070000000007,0.037806034515532
2396692749,"Kas elekter saab olla korraga odav, roheline ja kindel ning hoida Eesti majanduse konkurentsivõimelisena_",151,1,182.6,0.032287913410394
2396692749,"Kas elekter saab olla korraga odav, roheline ja kindel ning hoida Eesti majanduse konkurentsivõimelisena_",186,1,183.5600000000001,0.0324576636670971
2396692752,Tuleviku Eesti edulugu_ majanduskasv või tasaareng_,-1,12,2541.2800000000007,0.4976671363400919
2396692752,Tuleviku Eesti edulugu_ majanduskasv või tasaareng_,4,5,923.5849999999998,0.180868657572823
2396692752,Tuleviku Eesti edulugu_ majanduskasv või tasaareng_,5,2,363.56,0.071197138484466
2396692752,Tuleviku Eesti edulugu_ majanduskasv või tasaareng_,13,3,571.96,0.112008788996521
2396692752,Tuleviku Eesti edulugu_ majanduskasv või tasaareng_,131,1,216.88,0.0424723165213747
2396692752,Tuleviku Eesti edulugu_ majanduskasv või tasaareng_,138,1,227.07999999999996,0.0444698157306979
2396692752,Tuleviku Eesti edulugu_ majanduskasv või tasaareng_,152,1,216.92000000000007,0.0424801498516073
2396692752,Tuleviku Eesti edulugu_ majanduskasv või tasaareng_,181,1,225.83999999999992,0.044226982493486
2396692755,Tehisintellekti nähtamatu jalajälg_ kas digiareng tuleb keskkonna arvelt_,-1,9,1595.6000000000008,0.3031849622082872
2396692755,Tehisintellekti nähtamatu jalajälg_ kas digiareng tuleb keskkonna arvelt_,3,1,185.20000000000005,0.0351904330665422
2396692755,Tehisintellekti nähtamatu jalajälg_ kas digiareng tuleb keskkonna arvelt_,32,1,181.9599999999996,0.0345747905010151
2396692755,Tehisintellekti nähtamatu jalajälg_ kas digiareng tuleb keskkonna arvelt_,37,1,180.48000000000047,0.034293571057503
2396692755,Tehisintellekti nähtamatu jalajälg_ kas digiareng tuleb keskkonna arvelt_,57,1,183.96000000000004,0.0349548167760319
2396692755,Tehisintellekti nähtamatu jalajälg_ kas digiareng tuleb keskkonna arvelt_,115,2,366.6399999999999,0.0696664167360531
2396692755,Tehisintellekti nähtamatu jalajälg_ kas digiareng tuleb keskkonna arvelt_,121,1,184.52,0.0350612241330365
2396692755,Tehisintellekti nähtamatu jalajälg_ kas digiareng tuleb keskkonna arvelt_,144,1,183.0,0.0347724041640239
2396692755,Tehisintellekti nähtamatu jalajälg_ kas digiareng tuleb keskkonna arvelt_,146,3,533.7599999999998,0.1014214122764447
2396692755,Tehisintellekti nähtamatu jalajälg_ kas digiareng tuleb keskkonna arvelt_,151,1,184.64000000000036,0.0350840257095376
2396692755,Tehisintellekti nähtamatu jalajälg_ kas digiareng tuleb keskkonna arvelt_,181,1,182.79999999999995,0.0347344015365222
2396692755,Tehisintellekti nähtamatu jalajälg_ kas digiareng tuleb keskkonna arvelt_,186,1,184.7199999999998,0.0350992267605381
2396692755,Tehisintellekti nähtamatu jalajälg_ kas digiareng tuleb keskkonna arvelt_,189,8,1393.634,0.2648087688782802
2397177237,Kas sotsiaalmeediasse mahub sisukas poliitiline diskussioon_,-1,5,899.4800000000005,0.1687331227952356
2397177237,Kas sotsiaalmeediasse mahub sisukas poliitiline diskussioon_,6,12,2137.4400000000005,0.4009615844570734
2397177237,Kas sotsiaalmeediasse mahub sisukas poliitiline diskussioon_,12,3,558.9850000000008,0.1048597908188007
2397177237,Kas sotsiaalmeediasse mahub sisukas poliitiline diskussioon_,169,11,1974.16,0.3703319492344935
2397177240,Kultuur on majandusharu,-1,3,549.9200000000001,0.0984993324356052
2397177240,Kultuur on majandusharu,4,3,531.2800000000002,0.0951606148828708
2397177240,Kultuur on majandusharu,13,1,182.63999999999987,0.0327137003128435
2397177240,Kultuur on majandusharu,76,2,398.5600000000002,0.0713883727370068
2397177240,Kultuur on majandusharu,131,1,202.96000000000004,0.0363533323231205
2397177240,Kultuur on majandusharu,145,12,2297.88,0.4115864962487789
2397177240,Kultuur on majandusharu,171,9,1627.1419999999994,0.2914467573063999
2397177243,Kultuuriretsept – ravi positiivsete kõrvaltoimetega,-1,22,3875.149000000001,0.7455207469003402
2397177243,Kultuuriretsept – ravi positiivsete kõrvaltoimetega,47,1,185.8800000000001,0.0357605337069194
2397177243,Kultuuriretsept – ravi positiivsete kõrvaltoimetega,157,6,1076.5199999999995,0.2071063575757096
2397177243,Kultuuriretsept – ravi positiivsete kõrvaltoimetega,160,1,184.6000000000001,0.0355142808386988
2397177246,Reklaamide vastutamatusest ja vastutusest,-1,3,515.5179999999998,0.1046686474846494
2397177246,Reklaamide vastutamatusest ja vastutusest,26,2,351.88,0.0714442632010879
2397177246,Reklaamide vastutamatusest ja vastutusest,41,1,180.9199999999996,0.0367332502510537
2397177246,Reklaamide vastutamatusest ja vastutusest,50,22,3813.04,0.774183907457873
2397177246,Reklaamide vastutamatusest ja vastutusest,80,1,180.07999999999993,0.0365627001172328
2397177249,AI ajastu ettevõtlus – kas miljon mikroettevõtjat või paar suurt võitjat_,-1,9,1657.612000000001,0.2920566659125684
2397177249,AI ajastu ettevõtlus – kas miljon mikroettevõtjat või paar suurt võitjat_,3,7,1262.9200000000003,0.2225154043975917
2397177249,AI ajastu ettevõtlus – kas miljon mikroettevõtjat või paar suurt võitjat_,40,13,2317.84,0.4083830368740014
2397177249,AI ajastu ettevõtlus – kas miljon mikroettevõtjat või paar suurt võitjat_,88,2,364.72,0.0642604585341032
2397177249,AI ajastu ettevõtlus – kas miljon mikroettevõtjat või paar suurt võitjat_,189,2,366.5199999999995,0.0645776027141902
2397177252,Tehisintellekt kultuuris – kas loovisik on järgmine väljasureja_,-1,17,3007.562,0.5137476550870987
2397177252,Tehisintellekt kultuuris – kas loovisik on järgmine väljasureja_,3,4,776.04,0.1325620985548401
2397177252,Tehisintellekt kultuuris – kas loovisik on järgmine väljasureja_,76,1,185.07999999999996,0.0316151141700554
2397177252,Tehisintellekt kultuuris – kas loovisik on järgmine väljasureja_,139,5,918.3200000000002,0.1568661748684099
2397177252,Tehisintellekt kultuuris – kas loovisik on järgmine väljasureja_,146,5,972.84,0.1661792072033538
2397177252,Tehisintellekt kultuuris – kas loovisik on järgmine väljasureja_,171,1,240.0,0.040996473961602
2397177255,Vabakutseliste loovisikute toimetulek,-1,21,3806.56,0.6888670238861985
2397177255,Vabakutseliste loovisikute toimetulek,61,3,617.4000000000001,0.1117298822420607
2397177255,Vabakutseliste loovisikute toimetulek,145,1,184.79999999999973,0.0334429579500045
2397177255,Vabakutseliste loovisikute toimetulek,158,5,921.3869999999996,0.1667419193543337
2397177255,Vabakutseliste loovisikute toimetulek,173,1,180.64000000000036,0.0326901294593551
2397177258,Kas tänavakunst peaks olema legaalne_,-1,4,760.2400000000002,0.1506859795678818
2397177258,Kas tänavakunst peaks olema legaalne_,50,1,184.19999999999985,0.0365099934710141
2397177258,Kas tänavakunst peaks olema legaalne_,66,23,4108.56,0.8143512419938658
2397177258,Kas tänavakunst peaks olema legaalne_,142,1,99.11399999999958,0.0196452306888495
2397264564,Küberturvalisus vs ettevõtlusvõime_ kus on tasakaal_,-1,5,1300.2400000000002,0.2423703320401224
2397264564,Küberturvalisus vs ettevõtlusvõime_ kus on tasakaal_,29,3,755.04,0.1407427055801806
2397264564,Küberturvalisus vs ettevõtlusvõime_ kus on tasakaal_,34,1,243.27999999999972,0.0453484390410392
2397264564,Küberturvalisus vs ettevõtlusvõime_ kus on tasakaal_,36,1,248.79999999999973,0.0463773907983006
2397264564,Küberturvalisus vs ettevõtlusvõime_ kus on tasakaal_,45,8,1722.88,0.321152247020001
2397264564,Küberturvalisus vs ettevõtlusvõime_ kus on tasakaal_,88,1,273.6399999999999,0.0510076737059766
2397264564,Küberturvalisus vs ettevõtlusvõime_ kus on tasakaal_,99,3,683.203,0.1273519796043866
2397264564,Küberturvalisus vs ettevõtlusvõime_ kus on tasakaal_,156,1,261.9200000000001,0.0488230152648348
2397264567,Teadmussiirdedoktorantuur – Eesti majanduse kasutamata potentsiaal_,13,1,182.64000000000036,0.0340058854908036
2397264567,Teadmussiirdedoktorantuur – Eesti majanduse kasutamata potentsiaal_,28,28,4866.155000000001,0.9060332331937214
2397264567,Teadmussiirdedoktorantuur – Eesti majanduse kasutamata potentsiaal_,152,2,355.3199999999997,0.0661573107347367
2397264570,"Miljon sensorit, üks planeet_ kuidas tehisintellekt asjades (AIoT) muudab teadust_",-1,14,2872.137,0.5715266735212104
2397264570,"Miljon sensorit, üks planeet_ kuidas tehisintellekt asjades (AIoT) muudab teadust_",5,1,245.84000000000012,0.0489197128892021
2397264570,"Miljon sensorit, üks planeet_ kuidas tehisintellekt asjades (AIoT) muudab teadust_",32,1,206.0,0.0409919494597121
2397264570,"Miljon sensorit, üks planeet_ kuidas tehisintellekt asjades (AIoT) muudab teadust_",52,9,1632.6,0.324871148970515
2397264570,"Miljon sensorit, üks planeet_ kuidas tehisintellekt asjades (AIoT) muudab teadust_",88,1,220.48,0.0438733253246472
2397264573,Kas oleme tehisaru nimel valmis ohverdama oma inimõigused_,-1,12,2350.677999999999,0.4560599481832512
2397264573,Kas oleme tehisaru nimel valmis ohverdama oma inimõigused_,32,2,363.8000000000002,0.0705815977981956
2397264573,Kas oleme tehisaru nimel valmis ohverdama oma inimõigused_,52,1,185.2800000000002,0.0359465597582454
2397264573,Kas oleme tehisaru nimel valmis ohverdama oma inimõigused_,57,2,435.56,0.0845039052693295
2397264573,Kas oleme tehisaru nimel valmis ohverdama oma inimõigused_,71,1,188.92000000000007,0.0366527637604044
2397264573,Kas oleme tehisaru nimel valmis ohverdama oma inimõigused_,88,5,1086.72,0.2108368168203824
2397264573,Kas oleme tehisaru nimel valmis ohverdama oma inimõigused_,97,1,245.28000000000063,0.0475872850685581
2397264573,Kas oleme tehisaru nimel valmis ohverdama oma inimõigused_,153,1,255.63999999999987,0.049597250305472
2397264573,Kas oleme tehisaru nimel valmis ohverdama oma inimõigused_,185,1,207.4000000000001,0.0402381071559806
2397264576,Kas linnud ja loomad keedavad meile uut superhaigust_,-1,5,1192.4400000000005,0.2154672622354972
2397264576,Kas linnud ja loomad keedavad meile uut superhaigust_,22,17,4125.525,0.7454593749237695
2397264576,Kas linnud ja loomad keedavad meile uut superhaigust_,36,1,253.67999999999984,0.0458385621783074
2397264579,Elu võimalikkusest pealinnast eemal,-1,8,1424.04,0.2544387050434267
2397264579,Elu võimalikkusest pealinnast eemal,20,1,181.20000000000005,0.032375701071507
2397264579,Elu võimalikkusest pealinnast eemal,36,2,365.44000000000005,0.065294570637812
2397264579,Elu võimalikkusest pealinnast eemal,42,2,353.84000000000015,0.0632219540129253
2397264579,Elu võimalikkusest pealinnast eemal,43,11,1864.84,0.3331981367891237
2397264579,Elu võimalikkusest pealinnast eemal,127,1,181.48,0.0324257297486595
2397264579,Elu võimalikkusest pealinnast eemal,134,7,1218.7899999999995,0.2177658979522189
2397264579,Elu võimalikkusest pealinnast eemal,177,1,182.4000000000001,0.0325901096878746
2397264582,Kes vastutab Eesti toidujulgeoleku eest_,-1,5,904.6680000000002,0.1704865908787673
2397264582,Kes vastutab Eesti toidujulgeoleku eest_,13,1,184.72000000000023,0.034810873234298
2397264582,Kes vastutab Eesti toidujulgeoleku eest_,14,1,184.4000000000001,0.0347505685600073
2397264582,Kes vastutab Eesti toidujulgeoleku eest_,38,1,181.9199999999992,0.0342832073342543
2397264582,Kes vastutab Eesti toidujulgeoleku eest_,59,21,3653.480000000001,0.6885060044610384
2397264582,Kes vastutab Eesti toidujulgeoleku eest_,68,1,191.43999999999983,0.0360772713944023
2397264582,Kes vastutab Eesti toidujulgeoleku eest_,140,1,183.07999999999996,0.0345018117785582
2397264585,Toiduraiskamine või toiduohutus – kas peame valima_,3,1,181.96000000000004,0.0363498051461863
2397264585,Toiduraiskamine või toiduohutus – kas peame valima_,38,28,4846.924,0.968260842813662
2397264588,Mille taha jääb majanduskasv_,-1,6,1056.6000000000013,0.2015043983493653
2397264588,Mille taha jääb majanduskasv_,4,1,181.12,0.0345414316004514
2397264588,Mille taha jääb majanduskasv_,34,16,2750.638,0.5245747257873375
2397264588,Mille taha jääb majanduskasv_,43,8,1384.2400000000002,0.2639886885965599
2397829623,Noorte julm vägivald – kas sinu kodukant on järgmine_,-1,20,3698.92,0.6927594860845788
2397829623,Noorte julm vägivald – kas sinu kodukant on järgmine_,17,1,180.4000000000001,0.0337865677791512
2397829623,Noorte julm vägivald – kas sinu kodukant on järgmine_,20,1,188.04,0.0352174401618159
2397829623,Noorte julm vägivald – kas sinu kodukant on järgmine_,67,2,373.1200000000002,0.0698805109188298
2397829623,Noorte julm vägivald – kas sinu kodukant on järgmine_,102,1,202.52000000000044,0.03792935535828
2397829623,Noorte julm vägivald – kas sinu kodukant on järgmine_,124,2,365.67999999999984,0.0684870959283814
2397829623,Noorte julm vägivald – kas sinu kodukant on järgmine_,154,1,183.92000000000007,0.034445817882159
2397829623,Noorte julm vägivald – kas sinu kodukant on järgmine_,177,2,349.6399999999994,0.0654830130726297
2397829626,"Kui sensoreid saab rohkem kui inimesi, siis kes hoiab piirialade Eestit_",-1,15,2617.96,0.4767870545055334
2397829626,"Kui sensoreid saab rohkem kui inimesi, siis kes hoiab piirialade Eestit_",0,1,186.0,0.0338746169299871
2397829626,"Kui sensoreid saab rohkem kui inimesi, siis kes hoiab piirialade Eestit_",36,1,206.07999999999996,0.0375316185856545
2397829626,"Kui sensoreid saab rohkem kui inimesi, siis kes hoiab piirialade Eestit_",37,1,181.7199999999998,0.0330951364974046
2397829626,"Kui sensoreid saab rohkem kui inimesi, siis kes hoiab piirialade Eestit_",42,2,362.6400000000003,0.0660445757176911
2397829626,"Kui sensoreid saab rohkem kui inimesi, siis kes hoiab piirialade Eestit_",142,1,183.0,0.0333282521407938
2397829626,"Kui sensoreid saab rohkem kui inimesi, siis kes hoiab piirialade Eestit_",159,11,1961.316999999999,0.3571981830821055
2397829629,Religioossete ühenduste roll ühiskonna toetaja ja tasakaalustajana,-1,3,570.3200000000002,0.1028631308216948
2397829629,Religioossete ühenduste roll ühiskonna toetaja ja tasakaalustajana,53,24,4657.775,0.8400780599716292
2397829629,Religioossete ühenduste roll ühiskonna toetaja ja tasakaalustajana,180,2,389.2000000000001,0.0701962591453984
2397829632,Appi! Mind ei lasta muuseumisse! Kultuuriharidus kui regionaalpoliitika,-1,5,899.3600000000004,0.160461687755929
2397829632,Appi! Mind ei lasta muuseumisse! Kultuuriharidus kui regionaalpoliitika,10,1,182.64000000000036,0.0325861975757682
2397829632,Appi! Mind ei lasta muuseumisse! Kultuuriharidus kui regionaalpoliitika,12,1,186.04,0.0331928175481598
2397829632,Appi! Mind ei lasta muuseumisse! Kultuuriharidus kui regionaalpoliitika,47,3,571.427,0.101952656165837
2397829632,Appi! Mind ei lasta muuseumisse! Kultuuriharidus kui regionaalpoliitika,58,1,210.8800000000001,0.0376247116993977
2397829632,Appi! Mind ei lasta muuseumisse! Kultuuriharidus kui regionaalpoliitika,133,15,2723.96,0.486002511763521
2397829632,Appi! Mind ei lasta muuseumisse! Kultuuriharidus kui regionaalpoliitika,158,6,1057.44,0.1886659481193621
2397829635,„Veibi-Vellod“ ja veipivad noored – miks salaturg võidab ja mida teha teisiti_,-1,9,1603.4800000000005,0.3071624236155011
2397829635,„Veibi-Vellod“ ja veipivad noored – miks salaturg võidab ja mida teha teisiti_,8,1,67.38000000000011,0.0129073041779208
2397829635,„Veibi-Vellod“ ja veipivad noored – miks salaturg võidab ja mida teha teisiti_,12,1,181.15999999999983,0.034702986418405
2397829635,„Veibi-Vellod“ ja veipivad noored – miks salaturg võidab ja mida teha teisiti_,16,1,181.84000000000003,0.0348332471313909
2397829635,„Veibi-Vellod“ ja veipivad noored – miks salaturg võidab ja mida teha teisiti_,44,1,183.12000000000037,0.0350784437675996
2397829635,„Veibi-Vellod“ ja veipivad noored – miks salaturg võidab ja mida teha teisiti_,102,1,182.04,0.0348715591057985
2397829635,„Veibi-Vellod“ ja veipivad noored – miks salaturg võidab ja mida teha teisiti_,120,15,2675.0399999999995,0.5124303200965461
2397829635,„Veibi-Vellod“ ja veipivad noored – miks salaturg võidab ja mida teha teisiti_,160,2,354.4400000000005,0.0678964810451507
2397829638,Kus on noore kodu_ Kuidas elatakse tulevikus ja kas kodu peab tingimata omama_,-1,6,1080.2,0.2431276816463358
2397829638,Kus on noore kodu_ Kuidas elatakse tulevikus ja kas kodu peab tingimata omama_,34,2,350.24,0.0788308083871622
2397829638,Kus on noore kodu_ Kuidas elatakse tulevikus ja kas kodu peab tingimata omama_,37,1,183.12000000000037,0.0412160165368238
2397829638,Kus on noore kodu_ Kuidas elatakse tulevikus ja kas kodu peab tingimata omama_,65,17,2993.693,0.6738100709598818
2397829641,"Kelle vastutus on NEET-olukorras noor – tema enda, spetsialistide või kogu ühiskonna_",-1,14,2523.6400000000003,0.5294327066157271
2397829641,"Kelle vastutus on NEET-olukorras noor – tema enda, spetsialistide või kogu ühiskonna_",12,1,142.48700000000008,0.029892250109982
2397829641,"Kelle vastutus on NEET-olukorras noor – tema enda, spetsialistide või kogu ühiskonna_",39,2,349.32000000000016,0.0732836034755376
2397829641,"Kelle vastutus on NEET-olukorras noor – tema enda, spetsialistide või kogu ühiskonna_",108,1,180.1600000000003,0.0377956429696349
2397829641,"Kelle vastutus on NEET-olukorras noor – tema enda, spetsialistide või kogu ühiskonna_",124,8,1440.8000000000002,0.3022644448859344
2397829641,"Kelle vastutus on NEET-olukorras noor – tema enda, spetsialistide või kogu ühiskonna_",142,1,184.32000000000016,0.0386683665195554
2397829641,"Kelle vastutus on NEET-olukorras noor – tema enda, spetsialistide või kogu ühiskonna_",156,1,182.96000000000004,0.0383830530513121
2400164898,Kas lapsevanem on partner või lihtsalt teenusetarbija_,-1,6,1143.2400000000002,0.2319940031080264
2400164898,Kas lapsevanem on partner või lihtsalt teenusetarbija_,0,1,189.15999999999983,0.0383856282389649
2400164898,Kas lapsevanem on partner või lihtsalt teenusetarbija_,8,19,3305.9659999999994,0.6708690095509513
2400164898,Kas lapsevanem on partner või lihtsalt teenusetarbija_,108,1,224.8,0.0456179384019841
2400164898,Kas lapsevanem on partner või lihtsalt teenusetarbija_,188,1,211.1600000000003,0.042850017228483
2400164901,Ühiskondlik ebavõrdsus algab enne kooli – kas me tunnistame seda_,-1,8,1436.52,0.2662820938211921
2400164901,Ühiskondlik ebavõrdsus algab enne kooli – kas me tunnistame seda_,0,17,2910.65,0.5395358062405348
2400164901,Ühiskondlik ebavõrdsus algab enne kooli – kas me tunnistame seda_,8,4,717.6399999999994,0.1330261199355666
2400164901,Ühiskondlik ebavõrdsus algab enne kooli – kas me tunnistame seda_,20,3,534.0800000000006,0.0990003206833336
2400164904,Kuidas toetada lapse keele ja kõne arengut liikumismängude kaudu_,-1,20,3568.6800000000003,0.895808550379504
2400164904,Kuidas toetada lapse keele ja kõne arengut liikumismängude kaudu_,0,3,437.63300000000027,0.1098544513176394
2400164907,Iga lapse tulevik on Eesti arenguküsimus,-1,6,1110.88,0.1935596058972535
2400164907,Iga lapse tulevik on Eesti arenguküsimus,0,19,3328.5600000000004,0.5799679189519681
2400164907,Iga lapse tulevik on Eesti arenguküsimus,8,1,182.16000000000008,0.0317395378530927
2400164907,Iga lapse tulevik on Eesti arenguküsimus,12,1,108.4940000000006,0.0189039823223181
2400164907,Iga lapse tulevik on Eesti arenguküsimus,20,1,181.72000000000023,0.031662872302723
2400164907,Iga lapse tulevik on Eesti arenguküsimus,34,2,368.32,0.0641760352550018
2400164907,Iga lapse tulevik on Eesti arenguküsimus,77,2,352.1999999999998,0.0613672882732722
2400164907,Iga lapse tulevik on Eesti arenguküsimus,119,2,364.4399999999998,0.06349998449265
2400164910,"Mida laps tegelikult tahab, et me märkaks_",-1,9,1509.2439999999997,0.3114306490659415
2400164910,"Mida laps tegelikult tahab, et me märkaks_",8,14,2470.0,0.5096814717785035
2400164910,"Mida laps tegelikult tahab, et me märkaks_",67,5,884.3200000000006,0.1824783478231443
2400164910,"Mida laps tegelikult tahab, et me märkaks_",77,1,181.72000000000023,0.0374976992111699
2400164913,Alushariduse agenda 2027–2031_ mida Eesti peab nüüd otsustama_,-1,7,1266.2400000000002,0.2338984685140158
2400164913,Alushariduse agenda 2027–2031_ mida Eesti peab nüüd otsustama_,0,16,3019.8,0.5578141546773321
2400164913,Alushariduse agenda 2027–2031_ mida Eesti peab nüüd otsustama_,8,3,585.0710000000004,0.1080736755054048
2400164913,Alushariduse agenda 2027–2031_ mida Eesti peab nüüd otsustama_,34,1,181.67999999999984,0.0335597309827729
2400164913,Alushariduse agenda 2027–2031_ mida Eesti peab nüüd otsustama_,119,2,363.4399999999996,0.0671342394780877
2400164913,Alushariduse agenda 2027–2031_ mida Eesti peab nüüd otsustama_,151,1,181.63999999999987,0.0335523422265019
2400164916,Aga kes hoiab õpetajat_,-1,7,1398.4399999999998,0.3886116479007956
2400164916,Aga kes hoiab õpetajat_,0,10,2028.874,0.5638025718107884
2400164916,Aga kes hoiab õpetajat_,8,1,239.19999999999985,0.0664711436871587
2400184974,"Väike rahvas, suur mudel_ kas tehisaru on Eesti jaoks loodud_",-1,4,734.0000000000005,0.1488595311573748
2400184974,"Väike rahvas, suur mudel_ kas tehisaru on Eesti jaoks loodud_",5,1,180.24000000000024,0.0365537355528682
2400184974,"Väike rahvas, suur mudel_ kas tehisaru on Eesti jaoks loodud_",35,1,181.08000000000004,0.036724092509506
2400184974,"Väike rahvas, suur mudel_ kas tehisaru on Eesti jaoks loodud_",54,1,184.19999999999985,0.0373568469198752
2400184974,"Väike rahvas, suur mudel_ kas tehisaru on Eesti jaoks loodud_",57,20,3609.103000000001,0.7319473848483307
2400184974,"Väike rahvas, suur mudel_ kas tehisaru on Eesti jaoks loodud_",97,1,182.76,0.0370648064227817
2400184977,"Post-it, pastakas ja AI-agent - Eesti.ai praktiline töötuba nutikama tööpäeva disainimiseks 2",-1,3,592.6799999999998,0.1362847751179338
2400184977,"Post-it, pastakas ja AI-agent - Eesti.ai praktiline töötuba nutikama tööpäeva disainimiseks 2",3,18,3194.6800000000003,0.7346059346928546
2400184977,"Post-it, pastakas ja AI-agent - Eesti.ai praktiline töötuba nutikama tööpäeva disainimiseks 2",12,1,201.23999999999975,0.0462744620110902
2400184977,"Post-it, pastakas ja AI-agent - Eesti.ai praktiline töötuba nutikama tööpäeva disainimiseks 2",18,1,184.1199999999999,0.0423377755191907
2400184977,"Post-it, pastakas ja AI-agent - Eesti.ai praktiline töötuba nutikama tööpäeva disainimiseks 2",37,1,182.2800000000002,0.0419146736999679
2400184977,"Post-it, pastakas ja AI-agent - Eesti.ai praktiline töötuba nutikama tööpäeva disainimiseks 2",146,1,130.15500000000063,0.0299287050439946
2400184980,"Eesti, Singapur, Dubai, Delaware. Kui konkurentsivõimelised me globaalselt oleme_",-1,10,1778.0800000000004,0.3240934404288194
2400184980,"Eesti, Singapur, Dubai, Delaware. Kui konkurentsivõimelised me globaalselt oleme_",2,1,183.0,0.0333556980554721
2400184980,"Eesti, Singapur, Dubai, Delaware. Kui konkurentsivõimelised me globaalselt oleme_",30,7,1242.36,0.2264469127661005
2400184980,"Eesti, Singapur, Dubai, Delaware. Kui konkurentsivõimelised me globaalselt oleme_",88,2,372.8790000000008,0.0679652422689969
2400184980,"Eesti, Singapur, Dubai, Delaware. Kui konkurentsivõimelised me globaalselt oleme_",139,6,1066.4400000000005,0.1943816974550696
2400184980,"Eesti, Singapur, Dubai, Delaware. Kui konkurentsivõimelised me globaalselt oleme_",183,6,1046.7200000000005,0.1907873020143378
2400184983,"Post-it, pastakas ja AI-agent - Eesti.ai praktiline töötuba nutikama tööpäeva disainimiseks",-1,2,371.9200000000001,0.1015979162483729
2400184983,"Post-it, pastakas ja AI-agent - Eesti.ai praktiline töötuba nutikama tööpäeva disainimiseks",3,18,3130.345,0.8551208032332569
2400184983,"Post-it, pastakas ja AI-agent - Eesti.ai praktiline töötuba nutikama tööpäeva disainimiseks",12,1,215.63999999999987,0.0589066860072034
2400184986,Eesti loob maailma esimese agentide riigi,-1,9,1618.8300000000004,0.2859360841895537
2400184986,Eesti loob maailma esimese agentide riigi,2,15,2592.560000000001,0.4579273020801872
2400184986,Eesti loob maailma esimese agentide riigi,32,1,183.24,0.0323659235786919
2400184986,Eesti loob maailma esimese agentide riigi,40,3,523.7600000000002,0.0925124215977716
2400184986,Eesti loob maailma esimese agentide riigi,52,1,184.2800000000001,0.0325496201543404
2400184986,Eesti loob maailma esimese agentide riigi,88,1,181.28,0.0320197261861234
2400184986,Eesti loob maailma esimese agentide riigi,146,3,526.08,0.092922206266526
2400184989,Tiigri üleandmine. Kes kannab Eesti digilugu edasi_,-1,9,1663.8969999999993,0.3440322120097417
2400184989,Tiigri üleandmine. Kes kannab Eesti digilugu edasi_,30,16,2793.56,0.5776046390984144
2400184989,Tiigri üleandmine. Kes kannab Eesti digilugu edasi_,40,1,184.8800000000001,0.0382263297285595
2400184989,Tiigri üleandmine. Kes kannab Eesti digilugu edasi_,88,2,355.04,0.0734091091888132
2400184992,"Usalda, aga kontrolli – mis saab valesti minna, kui AI-agent saab isikukoodi_",-1,14,2494.507,0.4165908054350208
2400184992,"Usalda, aga kontrolli – mis saab valesti minna, kui AI-agent saab isikukoodi_",2,18,3143.6800000000003,0.5250048138690198
2400184992,"Usalda, aga kontrolli – mis saab valesti minna, kui AI-agent saab isikukoodi_",32,1,184.92,0.0308822431610911
2400184992,"Usalda, aga kontrolli – mis saab valesti minna, kui AI-agent saab isikukoodi_",36,1,181.80000000000015,0.0303611929844602
2400184992,"Usalda, aga kontrolli – mis saab valesti minna, kui AI-agent saab isikukoodi_",139,1,181.71999999999932,0.0303478327235208
2400184995,Kas annaksid AI-le õiguse enda nimel tegutseda_,-1,1,181.55999999999997,0.033738382222645
2400184995,Kas annaksid AI-le õiguse enda nimel tegutseda_,2,25,4393.447999999999,0.8164123589960098
2400184995,Kas annaksid AI-le õiguse enda nimel tegutseda_,25,1,180.52000000000044,0.0335451242500104
2400184995,Kas annaksid AI-le õiguse enda nimel tegutseda_,32,4,723.6400000000001,0.1344703839589936
2400207741,"Kuidas rahastada terviseidusid nii, et uued lahendused jõuaksid ka Eestis kasutusele_",-1,19,3302.462000000001,0.6061140311369088
2400207741,"Kuidas rahastada terviseidusid nii, et uued lahendused jõuaksid ka Eestis kasutusele_",99,9,1623.6799999999994,0.2980004705811529
2400207741,"Kuidas rahastada terviseidusid nii, et uued lahendused jõuaksid ka Eestis kasutusele_",130,1,183.1199999999999,0.0336087444402965
2400207741,"Kuidas rahastada terviseidusid nii, et uued lahendused jõuaksid ka Eestis kasutusele_",139,2,355.6800000000003,0.0652793699351501
2400207741,"Kuidas rahastada terviseidusid nii, et uued lahendused jõuaksid ka Eestis kasutusele_",168,1,180.12000000000012,0.0330581424671593
2400207744,Konkurents tervishoius – kas oht või lahendus_,-1,8,1429.4800000000002,0.2674431701037197
2400207744,Konkurents tervishoius – kas oht või lahendus_,31,18,3134.84,0.5865010684780092
2400207744,Konkurents tervishoius – kas oht või lahendus_,55,2,399.386,0.0747216176057336
2400207744,Konkurents tervishoius – kas oht või lahendus_,130,1,183.84000000000012,0.0343948515487225
2400207744,Konkurents tervishoius – kas oht või lahendus_,168,1,190.07999999999996,0.0355623008180002
2400207744,Konkurents tervishoius – kas oht või lahendus_,183,1,181.8800000000001,0.0340281527397826
2400207747,Kuidas tehnoloogia areng meie aju mõjutab_,-1,23,3987.24,0.8059577858779711
2400207747,Kuidas tehnoloogia areng meie aju mõjutab_,21,1,184.67999999999984,0.0373301541657747
2400207747,Kuidas tehnoloogia areng meie aju mõjutab_,36,1,180.32000000000016,0.0364488488150991
2400207747,Kuidas tehnoloogia areng meie aju mõjutab_,84,1,204.64,0.0413647538904274
2400207747,Kuidas tehnoloogia areng meie aju mõjutab_,100,1,182.27999999999972,0.0368450319543936
2400207747,Kuidas tehnoloogia areng meie aju mõjutab_,115,1,77.6869999999999,0.015703203848151
2400207747,Kuidas tehnoloogia areng meie aju mõjutab_,155,1,248.08,0.0501454659164251
2400207750,Eesti terviseandmed_ kristallkuul või kompass_,-1,14,2477.32,0.4419496435156237
2400207750,Eesti terviseandmed_ kristallkuul või kompass_,15,17,2903.275,0.5179392857111
2400207750,Eesti terviseandmed_ kristallkuul või kompass_,31,2,397.2400000000001,0.0708669353939525
2400207753,"Uued hambad Türgist – kes parandab, kui midagi läheb valesti_",-1,6,982.6990000000004,0.1871643983887885
2400207753,"Uued hambad Türgist – kes parandab, kui midagi läheb valesti_",62,25,4334.879999999999,0.825619245860219
2400207756,Kuhu kaovad töötajad_,-1,4,707.4400000000005,0.1302942394747859
2400207756,Kuhu kaovad töötajad_,7,2,364.84000000000015,0.0671951689612983
2400207756,Kuhu kaovad töötajad_,15,1,105.5569999999998,0.0194411809287571
2400207756,Kuhu kaovad töötajad_,27,20,3525.5600000000004,0.6493273760640141
2400207756,Kuhu kaovad töötajad_,51,3,522.4399999999998,0.0962214781058564
2400207756,Kuhu kaovad töötajad_,154,2,372.32000000000016,0.0685728135831339
2400207759,Tervishoid aastal 2050_ milliseid otsuseid peame tegema juba täna_,-1,15,2669.56,0.4920081572547686
2400207759,Tervishoid aastal 2050_ milliseid otsuseid peame tegema juba täna_,12,1,208.52,0.0384308803513554
2400207759,Tervishoid aastal 2050_ milliseid otsuseid peame tegema juba täna_,15,4,712.4400000000005,0.1313048935234973
2400207759,Tervishoid aastal 2050_ milliseid otsuseid peame tegema juba täna_,31,5,955.2849999999996,0.1760619774431447
2400207759,Tervishoid aastal 2050_ milliseid otsuseid peame tegema juba täna_,55,2,349.4400000000005,0.0644028718107503
2400207759,Tervishoid aastal 2050_ milliseid otsuseid peame tegema juba täna_,63,1,180.5999999999999,0.0332851380752675
2400207759,Tervishoid aastal 2050_ milliseid otsuseid peame tegema juba täna_,155,2,352.7600000000002,0.0650147580699412
2400207759,Tervishoid aastal 2050_ milliseid otsuseid peame tegema juba täna_,158,1,183.07999999999996,0.0337422097387595
2400207762,Kelle vastutus on ennetus tervishoius_,-1,14,2463.64,0.4581298504426322
2400207762,Kelle vastutus on ennetus tervishoius_,12,1,77.28199999999924,0.0143710895674315
2400207762,Kelle vastutus on ennetus tervishoius_,27,2,348.3600000000006,0.064779803339853
2400207762,Kelle vastutus on ennetus tervishoius_,45,4,712.2400000000002,0.1324456514260445
2400207762,Kelle vastutus on ennetus tervishoius_,55,5,918.6400000000002,0.1708270712484859
2400207762,Kelle vastutus on ennetus tervishoius_,84,4,729.2000000000003,0.1355994735199816
2400207762,Kelle vastutus on ennetus tervishoius_,130,1,184.0400000000002,0.0342234326750102
2400207762,Kelle vastutus on ennetus tervishoius_,167,1,187.72000000000023,0.0349077525633173
2400207765,Üksilduse rohi_ kes vastutab üksilduse eest_,-1,19,3386.360000000001,0.617974616462145
2400207765,Üksilduse rohi_ kes vastutab üksilduse eest_,12,3,585.3200000000004,0.1068146630918221
2400207765,Üksilduse rohi_ kes vastutab üksilduse eest_,36,3,472.6119999999996,0.0862466540578694
2400207765,Üksilduse rohi_ kes vastutab üksilduse eest_,41,1,184.0,0.0335780393782807
2400207765,Üksilduse rohi_ kes vastutab üksilduse eest_,64,2,353.24,0.064462536032521
2400207765,Üksilduse rohi_ kes vastutab üksilduse eest_,89,2,351.52,0.0641486543600719
2400207765,Üksilduse rohi_ kes vastutab üksilduse eest_,124,1,185.07999999999996,0.0337751278702836
2400207765,Üksilduse rohi_ kes vastutab üksilduse eest_,166,1,183.92000000000007,0.0335634402307249
