topic_a,topic_b,shared_talks,a_talks,b_talks,eligible_talks,expected_shared,lift,jaccard,npmi,positive_npmi,smoothed_npmi,discounted_npmi,topic_name
ai,adven eesti as,0,20,1,105,0.19047619047619047,0.0,0.0,-1.0,0.0,0.04510121456769261,-0.0,Tehisintellekt ja digitehnoloogia
ai,apotheka,0,20,1,105,0.19047619047619047,0.0,0.0,-1.0,0.0,0.04510121456769261,-0.0,Tehisintellekt ja digitehnoloogia
ai,bonava eesti,0,20,1,105,0.19047619047619047,0.0,0.0,-1.0,0.0,0.04510121456769261,-0.0,Tehisintellekt ja digitehnoloogia
ai,confido,0,20,1,105,0.19047619047619047,0.0,0.0,-1.0,0.0,0.04510121456769261,-0.0,Tehisintellekt ja digitehnoloogia
ai,eesti ametiühingute keskliit,1,20,1,105,0.19047619047619047,5.25,0.05,0.35630472798235296,0.35630472798235296,0.3141575010368759,0.05938412133039216,Tehisintellekt ja digitehnoloogia
ai,eesti arhitektide liit / maa- ja ruumiamet,0,20,1,105,0.19047619047619047,0.0,0.0,-1.0,0.0,0.04510121456769261,-0.0,Tehisintellekt ja digitehnoloogia
ai,eesti arhitektide liit mtü,0,20,1,105,0.19047619047619047,0.0,0.0,-1.0,0.0,0.04510121456769261,-0.0,Tehisintellekt ja digitehnoloogia
ai,eesti e-residentsuse programm,8,20,8,105,1.5238095238095237,5.25,0.4,0.6440924304546225,0.6440924304546225,0.6203297296305784,0.39636457258746,Tehisintellekt ja digitehnoloogia
ai,eesti hambaarstide liit,0,20,1,105,0.19047619047619047,0.0,0.0,-1.0,0.0,0.04510121456769261,-0.0,Tehisintellekt ja digitehnoloogia
ai,eesti interneti sa,1,20,2,105,0.38095238095238093,2.625,0.047619047619047616,0.20736766612352464,0.20736766612352464,0.219142139303318,0.03456127768725411,Tehisintellekt ja digitehnoloogia
ai,eesti kaubandus-tööstuskoda,0,20,1,105,0.19047619047619047,0.0,0.0,-1.0,0.0,0.04510121456769261,-0.0,Tehisintellekt ja digitehnoloogia
ai,eesti kunstikoolide liit (noored),0,20,1,105,0.19047619047619047,0.0,0.0,-1.0,0.0,0.04510121456769261,-0.0,Tehisintellekt ja digitehnoloogia
ai,eesti lastehoidude liit,0,20,2,105,0.38095238095238093,0.0,0.0,-1.0,0.0,-0.03046101436756166,-0.0,Tehisintellekt ja digitehnoloogia
ai,eesti loomaarstide koda (elk),0,20,1,105,0.19047619047619047,0.0,0.0,-1.0,0.0,0.04510121456769261,-0.0,Tehisintellekt ja digitehnoloogia
ai,"eesti maaülikool, veterinaarmeditsiini ja loomakasvatuse instituut",0,20,1,105,0.19047619047619047,0.0,0.0,-1.0,0.0,0.04510121456769261,-0.0,Tehisintellekt ja digitehnoloogia
ai,eesti matemaatika selts,0,20,1,105,0.19047619047619047,0.0,0.0,-1.0,0.0,0.04510121456769261,-0.0,Tehisintellekt ja digitehnoloogia
ai,eesti montessori ühing,0,20,1,105,0.19047619047619047,0.0,0.0,-1.0,0.0,0.04510121456769261,-0.0,Tehisintellekt ja digitehnoloogia
ai,eesti muuseumiühing koostöös eesti muuseumide liiduga,0,20,1,105,0.19047619047619047,0.0,0.0,-1.0,0.0,0.04510121456769261,-0.0,Tehisintellekt ja digitehnoloogia
ai,eesti personalijuhtimise ühing pare ja tööinspektsioon,2,20,9,105,1.7142857142857142,1.1666666666666667,0.07407407407407407,0.03891894750565077,0.03891894750565077,0.06442421958980761,0.011119699287328791,Tehisintellekt ja digitehnoloogia
ai,eesti seksuaaltervise liit,0,20,2,105,0.38095238095238093,0.0,0.0,-1.0,0.0,-0.03046101436756166,-0.0,Tehisintellekt ja digitehnoloogia
ai,eesti tervisemajanduse koda (health founders estonia),1,20,1,105,0.19047619047619047,5.25,0.05,0.35630472798235296,0.35630472798235296,0.3141575010368759,0.05938412133039216,Tehisintellekt ja digitehnoloogia
ai,eesti tuuleenergia assotsiatsioon,0,20,1,105,0.19047619047619047,0.0,0.0,-1.0,0.0,0.04510121456769261,-0.0,Tehisintellekt ja digitehnoloogia
ai,eesti urantia assotsiatsioon mtü,0,20,1,105,0.19047619047619047,0.0,0.0,-1.0,0.0,0.04510121456769261,-0.0,Tehisintellekt ja digitehnoloogia
ai,eesti vaimse tervise ja heaolu koalitsioon vatek,0,20,1,105,0.19047619047619047,0.0,0.0,-1.0,0.0,0.04510121456769261,-0.0,Tehisintellekt ja digitehnoloogia
ai,eesti vähitõrje võrgustik (estcan),0,20,5,105,0.9523809523809523,0.0,0.0,-1.0,0.0,-0.1596354979320624,-0.0,Tehisintellekt ja digitehnoloogia
ai,eesti väitlusselts,0,20,1,105,0.19047619047619047,0.0,0.0,-1.0,0.0,0.04510121456769261,-0.0,Tehisintellekt ja digitehnoloogia
ai,eesti õigusteaduse üliõpilaste liit,0,20,1,105,0.19047619047619047,0.0,0.0,-1.0,0.0,0.04510121456769261,-0.0,Tehisintellekt ja digitehnoloogia
ai,"eesti õigusteaduse üliõpilaste liit, rahvusvaheliste suhete ring, feministeerium",0,20,1,105,0.19047619047619047,0.0,0.0,-1.0,0.0,0.04510121456769261,-0.0,Tehisintellekt ja digitehnoloogia
ai,eesti õpilasesinduste liit,0,20,1,105,0.19047619047619047,0.0,0.0,-1.0,0.0,0.04510121456769261,-0.0,Tehisintellekt ja digitehnoloogia
ai,eesti üliõpilaskondade liit,1,20,2,105,0.38095238095238093,2.625,0.047619047619047616,0.20736766612352464,0.20736766612352464,0.219142139303318,0.03456127768725411,Tehisintellekt ja digitehnoloogia
ai,eesti üro ühing,0,20,1,105,0.19047619047619047,0.0,0.0,-1.0,0.0,0.04510121456769261,-0.0,Tehisintellekt ja digitehnoloogia
ai,eestimaa looduse fond,0,20,1,105,0.19047619047619047,0.0,0.0,-1.0,0.0,0.04510121456769261,-0.0,Tehisintellekt ja digitehnoloogia
ai,elisabeth luisk,0,20,1,105,0.19047619047619047,0.0,0.0,-1.0,0.0,0.04510121456769261,-0.0,Tehisintellekt ja digitehnoloogia
ai,emn eesti,0,20,1,105,0.19047619047619047,0.0,0.0,-1.0,0.0,0.04510121456769261,-0.0,Tehisintellekt ja digitehnoloogia
ai,fenno-ugria asutus,0,20,1,105,0.19047619047619047,0.0,0.0,-1.0,0.0,0.04510121456769261,-0.0,Tehisintellekt ja digitehnoloogia
ai,geoteaduste üliõpilaste selts,1,20,1,105,0.19047619047619047,5.25,0.05,0.35630472798235296,0.35630472798235296,0.3141575010368759,0.05938412133039216,Tehisintellekt ja digitehnoloogia
ai,integratsiooni sihtasutus,0,20,1,105,0.19047619047619047,0.0,0.0,-1.0,0.0,0.04510121456769261,-0.0,Tehisintellekt ja digitehnoloogia
ai,justiits- ja digiministeerium,0,20,2,105,0.38095238095238093,0.0,0.0,-1.0,0.0,-0.03046101436756166,-0.0,Tehisintellekt ja digitehnoloogia
ai,kaja pae,0,20,1,105,0.19047619047619047,0.0,0.0,-1.0,0.0,0.04510121456769261,-0.0,Tehisintellekt ja digitehnoloogia
ai,keskkonnainvesteeringute keskus,0,20,1,105,0.19047619047619047,0.0,0.0,-1.0,0.0,0.04510121456769261,-0.0,Tehisintellekt ja digitehnoloogia
ai,kogu ala ühispaneel,0,20,1,105,0.19047619047619047,0.0,0.0,-1.0,0.0,0.04510121456769261,-0.0,Tehisintellekt ja digitehnoloogia
ai,korruptsioonivaba eesti mtü,0,20,1,105,0.19047619047619047,0.0,0.0,-1.0,0.0,0.04510121456769261,-0.0,Tehisintellekt ja digitehnoloogia
ai,kultuuriministeerium,1,20,1,105,0.19047619047619047,5.25,0.05,0.35630472798235296,0.35630472798235296,0.3141575010368759,0.05938412133039216,Tehisintellekt ja digitehnoloogia
ai,lasteklubi väike päike,0,20,3,105,0.5714285714285714,0.0,0.0,-1.0,0.0,-0.08407326899680813,-0.0,Tehisintellekt ja digitehnoloogia
ai,loomus mtü,0,20,1,105,0.19047619047619047,0.0,0.0,-1.0,0.0,0.04510121456769261,-0.0,Tehisintellekt ja digitehnoloogia
ai,magnum as,0,20,1,105,0.19047619047619047,0.0,0.0,-1.0,0.0,0.04510121456769261,-0.0,Tehisintellekt ja digitehnoloogia
ai,maililii oü,0,20,1,105,0.19047619047619047,0.0,0.0,-1.0,0.0,0.04510121456769261,-0.0,Tehisintellekt ja digitehnoloogia
ai,mtü eesti jõujaamade ja kaugkütte ühing,0,20,1,105,0.19047619047619047,0.0,0.0,-1.0,0.0,0.04510121456769261,-0.0,Tehisintellekt ja digitehnoloogia
ai,mtü eesti taastuvenergia koda,0,20,4,105,0.7619047619047619,0.0,0.0,-1.0,0.0,-0.1256581643987868,-0.0,Tehisintellekt ja digitehnoloogia
ai,mtü teadveloleku kompetentsikeskus toko,0,20,1,105,0.19047619047619047,0.0,0.0,-1.0,0.0,0.04510121456769261,-0.0,Tehisintellekt ja digitehnoloogia
ai,novartis,0,20,1,105,0.19047619047619047,0.0,0.0,-1.0,0.0,0.04510121456769261,-0.0,Tehisintellekt ja digitehnoloogia
ai,pullivara group,0,20,1,105,0.19047619047619047,0.0,0.0,-1.0,0.0,0.04510121456769261,-0.0,Tehisintellekt ja digitehnoloogia
ai,põllumajandus- ja toiduamet,0,20,1,105,0.19047619047619047,0.0,0.0,-1.0,0.0,0.04510121456769261,-0.0,Tehisintellekt ja digitehnoloogia
ai,rail baltic estonia,0,20,2,105,0.38095238095238093,0.0,0.0,-1.0,0.0,-0.03046101436756166,-0.0,Tehisintellekt ja digitehnoloogia
ai,regionaal- ja põllumajandusministeerium,0,20,1,105,0.19047619047619047,0.0,0.0,-1.0,0.0,0.04510121456769261,-0.0,Tehisintellekt ja digitehnoloogia
ai,roche,0,20,1,105,0.19047619047619047,0.0,0.0,-1.0,0.0,0.04510121456769261,-0.0,Tehisintellekt ja digitehnoloogia
ai,sa õpilasmalev,0,20,1,105,0.19047619047619047,0.0,0.0,-1.0,0.0,0.04510121456769261,-0.0,Tehisintellekt ja digitehnoloogia
ai,sihtasutus eesti teadusagentuur (etag),1,20,2,105,0.38095238095238093,2.625,0.047619047619047616,0.20736766612352464,0.20736766612352464,0.219142139303318,0.03456127768725411,Tehisintellekt ja digitehnoloogia
ai,siseministeerium,0,20,1,105,0.19047619047619047,0.0,0.0,-1.0,0.0,0.04510121456769261,-0.0,Tehisintellekt ja digitehnoloogia
ai,synlab,0,20,1,105,0.19047619047619047,0.0,0.0,-1.0,0.0,0.04510121456769261,-0.0,Tehisintellekt ja digitehnoloogia
ai,taastuvenergia koda,0,20,1,105,0.19047619047619047,0.0,0.0,-1.0,0.0,0.04510121456769261,-0.0,Tehisintellekt ja digitehnoloogia
ai,tallinna ettevõtlusinkubaator,1,20,1,105,0.19047619047619047,5.25,0.05,0.35630472798235296,0.35630472798235296,0.3141575010368759,0.05938412133039216,Tehisintellekt ja digitehnoloogia
ai,tallinna lastekodu,0,20,1,105,0.19047619047619047,0.0,0.0,-1.0,0.0,0.04510121456769261,-0.0,Tehisintellekt ja digitehnoloogia
ai,"tallinna tehnikaülikool, vastutustundliku majanduse ja esg fookustippkeskus",1,20,1,105,0.19047619047619047,5.25,0.05,0.35630472798235296,0.35630472798235296,0.3141575010368759,0.05938412133039216,Tehisintellekt ja digitehnoloogia
ai,tallinna vesi,0,20,1,105,0.19047619047619047,0.0,0.0,-1.0,0.0,0.04510121456769261,-0.0,Tehisintellekt ja digitehnoloogia
ai,"tallinna ülikool, tartu ülikool, eesti maaülikool",0,20,1,105,0.19047619047619047,0.0,0.0,-1.0,0.0,0.04510121456769261,-0.0,Tehisintellekt ja digitehnoloogia
ai,tartu kristjan jaak petersoni gümnaasium / kultuuriministeerium,0,20,1,105,0.19047619047619047,0.0,0.0,-1.0,0.0,0.04510121456769261,-0.0,Tehisintellekt ja digitehnoloogia
ai,tartu ülikool,0,20,1,105,0.19047619047619047,0.0,0.0,-1.0,0.0,0.04510121456769261,-0.0,Tehisintellekt ja digitehnoloogia
ai,tartumaa omavalitsuste liit,0,20,1,105,0.19047619047619047,0.0,0.0,-1.0,0.0,0.04510121456769261,-0.0,Tehisintellekt ja digitehnoloogia
ai,vindr baltic oü ja vkg,0,20,1,105,0.19047619047619047,0.0,0.0,-1.0,0.0,0.04510121456769261,-0.0,Tehisintellekt ja digitehnoloogia
ai,ühendus kultuuritahe,1,20,3,105,0.5714285714285714,1.75,0.045454545454545456,0.1202450699685229,0.1202450699685229,0.15172766730151574,0.020040844994753816,Tehisintellekt ja digitehnoloogia
ai,üro pagulasamet,0,20,1,105,0.19047619047619047,0.0,0.0,-1.0,0.0,0.04510121456769261,-0.0,Tehisintellekt ja digitehnoloogia
children,adven eesti as,0,13,1,105,0.12380952380952381,0.0,0.0,-1.0,0.0,0.12066344350294685,-0.0,Laste ja noorte kaitse ning toetamine
children,apotheka,0,13,1,105,0.12380952380952381,0.0,0.0,-1.0,0.0,0.12066344350294685,-0.0,Laste ja noorte kaitse ning toetamine
children,bonava eesti,0,13,1,105,0.12380952380952381,0.0,0.0,-1.0,0.0,0.12066344350294685,-0.0,Laste ja noorte kaitse ning toetamine
children,confido,0,13,1,105,0.12380952380952381,0.0,0.0,-1.0,0.0,0.12066344350294685,-0.0,Laste ja noorte kaitse ning toetamine
children,eesti ametiühingute keskliit,0,13,1,105,0.12380952380952381,0.0,0.0,-1.0,0.0,0.12066344350294685,-0.0,Laste ja noorte kaitse ning toetamine
children,eesti arhitektide liit / maa- ja ruumiamet,0,13,1,105,0.12380952380952381,0.0,0.0,-1.0,0.0,0.12066344350294685,-0.0,Laste ja noorte kaitse ning toetamine
children,eesti arhitektide liit mtü,0,13,1,105,0.12380952380952381,0.0,0.0,-1.0,0.0,0.12066344350294685,-0.0,Laste ja noorte kaitse ning toetamine
children,eesti e-residentsuse programm,0,13,8,105,0.9904761904761905,0.0,0.0,-1.0,0.0,-0.1596354979320624,-0.0,Laste ja noorte kaitse ning toetamine
children,eesti hambaarstide liit,0,13,1,105,0.12380952380952381,0.0,0.0,-1.0,0.0,0.12066344350294685,-0.0,Laste ja noorte kaitse ning toetamine
children,eesti interneti sa,1,13,2,105,0.24761904761904763,4.038461538461538,0.07142857142857142,0.2999303189355267,0.2999303189355267,0.3141575010368759,0.049988386489254445,Laste ja noorte kaitse ning toetamine
children,eesti kaubandus-tööstuskoda,0,13,1,105,0.12380952380952381,0.0,0.0,-1.0,0.0,0.12066344350294685,-0.0,Laste ja noorte kaitse ning toetamine
children,eesti kunstikoolide liit (noored),0,13,1,105,0.12380952380952381,0.0,0.0,-1.0,0.0,0.12066344350294685,-0.0,Laste ja noorte kaitse ning toetamine
children,eesti lastehoidude liit,1,13,2,105,0.24761904761904763,4.038461538461538,0.07142857142857142,0.2999303189355267,0.2999303189355267,0.3141575010368759,0.049988386489254445,Laste ja noorte kaitse ning toetamine
children,eesti loomaarstide koda (elk),0,13,1,105,0.12380952380952381,0.0,0.0,-1.0,0.0,0.12066344350294685,-0.0,Laste ja noorte kaitse ning toetamine
children,"eesti maaülikool, veterinaarmeditsiini ja loomakasvatuse instituut",0,13,1,105,0.12380952380952381,0.0,0.0,-1.0,0.0,0.12066344350294685,-0.0,Laste ja noorte kaitse ning toetamine
children,eesti matemaatika selts,0,13,1,105,0.12380952380952381,0.0,0.0,-1.0,0.0,0.12066344350294685,-0.0,Laste ja noorte kaitse ning toetamine
children,eesti montessori ühing,0,13,1,105,0.12380952380952381,0.0,0.0,-1.0,0.0,0.12066344350294685,-0.0,Laste ja noorte kaitse ning toetamine
children,eesti muuseumiühing koostöös eesti muuseumide liiduga,0,13,1,105,0.12380952380952381,0.0,0.0,-1.0,0.0,0.12066344350294685,-0.0,Laste ja noorte kaitse ning toetamine
children,eesti personalijuhtimise ühing pare ja tööinspektsioon,1,13,9,105,1.1142857142857143,0.8974358974358974,0.047619047619047616,-0.023251935233305113,0.0,0.03202246837241796,-0.0038753225388841856,Laste ja noorte kaitse ning toetamine
children,eesti seksuaaltervise liit,1,13,2,105,0.24761904761904763,4.038461538461538,0.07142857142857142,0.2999303189355267,0.2999303189355267,0.3141575010368759,0.049988386489254445,Laste ja noorte kaitse ning toetamine
children,eesti tervisemajanduse koda (health founders estonia),0,13,1,105,0.12380952380952381,0.0,0.0,-1.0,0.0,0.12066344350294685,-0.0,Laste ja noorte kaitse ning toetamine
children,eesti tuuleenergia assotsiatsioon,0,13,1,105,0.12380952380952381,0.0,0.0,-1.0,0.0,0.12066344350294685,-0.0,Laste ja noorte kaitse ning toetamine
children,eesti urantia assotsiatsioon mtü,0,13,1,105,0.12380952380952381,0.0,0.0,-1.0,0.0,0.12066344350294685,-0.0,Laste ja noorte kaitse ning toetamine
children,eesti vaimse tervise ja heaolu koalitsioon vatek,0,13,1,105,0.12380952380952381,0.0,0.0,-1.0,0.0,0.12066344350294685,-0.0,Laste ja noorte kaitse ning toetamine
children,eesti vähitõrje võrgustik (estcan),0,13,5,105,0.6190476190476191,0.0,0.0,-1.0,0.0,-0.08407326899680813,-0.0,Laste ja noorte kaitse ning toetamine
children,eesti väitlusselts,0,13,1,105,0.12380952380952381,0.0,0.0,-1.0,0.0,0.12066344350294685,-0.0,Laste ja noorte kaitse ning toetamine
children,eesti õigusteaduse üliõpilaste liit,1,13,1,105,0.12380952380952381,8.076923076923077,0.07692307692307693,0.448867380794355,0.448867380794355,0.4091728627704338,0.0748112301323925,Laste ja noorte kaitse ning toetamine
children,"eesti õigusteaduse üliõpilaste liit, rahvusvaheliste suhete ring, feministeerium",1,13,1,105,0.12380952380952381,8.076923076923077,0.07692307692307693,0.448867380794355,0.448867380794355,0.4091728627704338,0.0748112301323925,Laste ja noorte kaitse ning toetamine
children,eesti õpilasesinduste liit,0,13,1,105,0.12380952380952381,0.0,0.0,-1.0,0.0,0.12066344350294685,-0.0,Laste ja noorte kaitse ning toetamine
children,eesti üliõpilaskondade liit,0,13,2,105,0.24761904761904763,0.0,0.0,-1.0,0.0,0.04510121456769261,-0.0,Laste ja noorte kaitse ning toetamine
children,eesti üro ühing,0,13,1,105,0.12380952380952381,0.0,0.0,-1.0,0.0,0.12066344350294685,-0.0,Laste ja noorte kaitse ning toetamine
children,eestimaa looduse fond,0,13,1,105,0.12380952380952381,0.0,0.0,-1.0,0.0,0.12066344350294685,-0.0,Laste ja noorte kaitse ning toetamine
children,elisabeth luisk,0,13,1,105,0.12380952380952381,0.0,0.0,-1.0,0.0,0.12066344350294685,-0.0,Laste ja noorte kaitse ning toetamine
children,emn eesti,1,13,1,105,0.12380952380952381,8.076923076923077,0.07692307692307693,0.448867380794355,0.448867380794355,0.4091728627704338,0.0748112301323925,Laste ja noorte kaitse ning toetamine
children,fenno-ugria asutus,0,13,1,105,0.12380952380952381,0.0,0.0,-1.0,0.0,0.12066344350294685,-0.0,Laste ja noorte kaitse ning toetamine
children,geoteaduste üliõpilaste selts,0,13,1,105,0.12380952380952381,0.0,0.0,-1.0,0.0,0.12066344350294685,-0.0,Laste ja noorte kaitse ning toetamine
children,integratsiooni sihtasutus,1,13,1,105,0.12380952380952381,8.076923076923077,0.07692307692307693,0.448867380794355,0.448867380794355,0.4091728627704338,0.0748112301323925,Laste ja noorte kaitse ning toetamine
children,justiits- ja digiministeerium,1,13,2,105,0.24761904761904763,4.038461538461538,0.07142857142857142,0.2999303189355267,0.2999303189355267,0.3141575010368759,0.049988386489254445,Laste ja noorte kaitse ning toetamine
children,kaja pae,0,13,1,105,0.12380952380952381,0.0,0.0,-1.0,0.0,0.12066344350294685,-0.0,Laste ja noorte kaitse ning toetamine
children,keskkonnainvesteeringute keskus,0,13,1,105,0.12380952380952381,0.0,0.0,-1.0,0.0,0.12066344350294685,-0.0,Laste ja noorte kaitse ning toetamine
children,kogu ala ühispaneel,0,13,1,105,0.12380952380952381,0.0,0.0,-1.0,0.0,0.12066344350294685,-0.0,Laste ja noorte kaitse ning toetamine
children,korruptsioonivaba eesti mtü,0,13,1,105,0.12380952380952381,0.0,0.0,-1.0,0.0,0.12066344350294685,-0.0,Laste ja noorte kaitse ning toetamine
children,kultuuriministeerium,0,13,1,105,0.12380952380952381,0.0,0.0,-1.0,0.0,0.12066344350294685,-0.0,Laste ja noorte kaitse ning toetamine
children,lasteklubi väike päike,1,13,3,105,0.37142857142857144,2.692307692307692,0.06666666666666667,0.21280772278052495,0.21280772278052495,0.24674302903507364,0.03546795379675416,Laste ja noorte kaitse ning toetamine
children,loomus mtü,0,13,1,105,0.12380952380952381,0.0,0.0,-1.0,0.0,0.12066344350294685,-0.0,Laste ja noorte kaitse ning toetamine
children,magnum as,0,13,1,105,0.12380952380952381,0.0,0.0,-1.0,0.0,0.12066344350294685,-0.0,Laste ja noorte kaitse ning toetamine
children,maililii oü,0,13,1,105,0.12380952380952381,0.0,0.0,-1.0,0.0,0.12066344350294685,-0.0,Laste ja noorte kaitse ning toetamine
children,mtü eesti jõujaamade ja kaugkütte ühing,0,13,1,105,0.12380952380952381,0.0,0.0,-1.0,0.0,0.12066344350294685,-0.0,Laste ja noorte kaitse ning toetamine
children,mtü eesti taastuvenergia koda,0,13,4,105,0.49523809523809526,0.0,0.0,-1.0,0.0,-0.05009593546353251,-0.0,Laste ja noorte kaitse ning toetamine
children,mtü teadveloleku kompetentsikeskus toko,0,13,1,105,0.12380952380952381,0.0,0.0,-1.0,0.0,0.12066344350294685,-0.0,Laste ja noorte kaitse ning toetamine
children,novartis,0,13,1,105,0.12380952380952381,0.0,0.0,-1.0,0.0,0.12066344350294685,-0.0,Laste ja noorte kaitse ning toetamine
children,pullivara group,0,13,1,105,0.12380952380952381,0.0,0.0,-1.0,0.0,0.12066344350294685,-0.0,Laste ja noorte kaitse ning toetamine
children,põllumajandus- ja toiduamet,0,13,1,105,0.12380952380952381,0.0,0.0,-1.0,0.0,0.12066344350294685,-0.0,Laste ja noorte kaitse ning toetamine
children,rail baltic estonia,0,13,2,105,0.24761904761904763,0.0,0.0,-1.0,0.0,0.04510121456769261,-0.0,Laste ja noorte kaitse ning toetamine
children,regionaal- ja põllumajandusministeerium,0,13,1,105,0.12380952380952381,0.0,0.0,-1.0,0.0,0.12066344350294685,-0.0,Laste ja noorte kaitse ning toetamine
children,roche,0,13,1,105,0.12380952380952381,0.0,0.0,-1.0,0.0,0.12066344350294685,-0.0,Laste ja noorte kaitse ning toetamine
children,sa õpilasmalev,1,13,1,105,0.12380952380952381,8.076923076923077,0.07692307692307693,0.448867380794355,0.448867380794355,0.4091728627704338,0.0748112301323925,Laste ja noorte kaitse ning toetamine
children,sihtasutus eesti teadusagentuur (etag),0,13,2,105,0.24761904761904763,0.0,0.0,-1.0,0.0,0.04510121456769261,-0.0,Laste ja noorte kaitse ning toetamine
children,siseministeerium,0,13,1,105,0.12380952380952381,0.0,0.0,-1.0,0.0,0.12066344350294685,-0.0,Laste ja noorte kaitse ning toetamine
children,synlab,0,13,1,105,0.12380952380952381,0.0,0.0,-1.0,0.0,0.12066344350294685,-0.0,Laste ja noorte kaitse ning toetamine
children,taastuvenergia koda,0,13,1,105,0.12380952380952381,0.0,0.0,-1.0,0.0,0.12066344350294685,-0.0,Laste ja noorte kaitse ning toetamine
children,tallinna ettevõtlusinkubaator,0,13,1,105,0.12380952380952381,0.0,0.0,-1.0,0.0,0.12066344350294685,-0.0,Laste ja noorte kaitse ning toetamine
children,tallinna lastekodu,1,13,1,105,0.12380952380952381,8.076923076923077,0.07692307692307693,0.448867380794355,0.448867380794355,0.4091728627704338,0.0748112301323925,Laste ja noorte kaitse ning toetamine
children,"tallinna tehnikaülikool, vastutustundliku majanduse ja esg fookustippkeskus",0,13,1,105,0.12380952380952381,0.0,0.0,-1.0,0.0,0.12066344350294685,-0.0,Laste ja noorte kaitse ning toetamine
children,tallinna vesi,0,13,1,105,0.12380952380952381,0.0,0.0,-1.0,0.0,0.12066344350294685,-0.0,Laste ja noorte kaitse ning toetamine
children,"tallinna ülikool, tartu ülikool, eesti maaülikool",0,13,1,105,0.12380952380952381,0.0,0.0,-1.0,0.0,0.12066344350294685,-0.0,Laste ja noorte kaitse ning toetamine
children,tartu kristjan jaak petersoni gümnaasium / kultuuriministeerium,0,13,1,105,0.12380952380952381,0.0,0.0,-1.0,0.0,0.12066344350294685,-0.0,Laste ja noorte kaitse ning toetamine
children,tartu ülikool,0,13,1,105,0.12380952380952381,0.0,0.0,-1.0,0.0,0.12066344350294685,-0.0,Laste ja noorte kaitse ning toetamine
children,tartumaa omavalitsuste liit,1,13,1,105,0.12380952380952381,8.076923076923077,0.07692307692307693,0.448867380794355,0.448867380794355,0.4091728627704338,0.0748112301323925,Laste ja noorte kaitse ning toetamine
children,vindr baltic oü ja vkg,0,13,1,105,0.12380952380952381,0.0,0.0,-1.0,0.0,0.12066344350294685,-0.0,Laste ja noorte kaitse ning toetamine
children,ühendus kultuuritahe,0,13,3,105,0.37142857142857144,0.0,0.0,-1.0,0.0,-0.008511040061553898,-0.0,Laste ja noorte kaitse ning toetamine
children,üro pagulasamet,0,13,1,105,0.12380952380952381,0.0,0.0,-1.0,0.0,0.12066344350294685,-0.0,Laste ja noorte kaitse ning toetamine
climate,adven eesti as,1,14,1,105,0.13333333333333333,7.5,0.07142857142857142,0.4329437444549922,0.4329437444549922,0.3930052998648217,0.0721572907424987,"Kliima, rohepööre ja kestlik tarbimine"
climate,apotheka,0,14,1,105,0.13333333333333333,0.0,0.0,-1.0,0.0,0.10780597427576274,-0.0,"Kliima, rohepööre ja kestlik tarbimine"
climate,bonava eesti,0,14,1,105,0.13333333333333333,0.0,0.0,-1.0,0.0,0.10780597427576274,-0.0,"Kliima, rohepööre ja kestlik tarbimine"
climate,confido,0,14,1,105,0.13333333333333333,0.0,0.0,-1.0,0.0,0.10780597427576274,-0.0,"Kliima, rohepööre ja kestlik tarbimine"
climate,eesti ametiühingute keskliit,0,14,1,105,0.13333333333333333,0.0,0.0,-1.0,0.0,0.10780597427576274,-0.0,"Kliima, rohepööre ja kestlik tarbimine"
climate,eesti arhitektide liit / maa- ja ruumiamet,0,14,1,105,0.13333333333333333,0.0,0.0,-1.0,0.0,0.10780597427576274,-0.0,"Kliima, rohepööre ja kestlik tarbimine"
climate,eesti arhitektide liit mtü,0,14,1,105,0.13333333333333333,0.0,0.0,-1.0,0.0,0.10780597427576274,-0.0,"Kliima, rohepööre ja kestlik tarbimine"
climate,eesti e-residentsuse programm,0,14,8,105,1.0666666666666667,0.0,0.0,-1.0,0.0,-0.17249296715924645,-0.0,"Kliima, rohepööre ja kestlik tarbimine"
climate,eesti hambaarstide liit,0,14,1,105,0.13333333333333333,0.0,0.0,-1.0,0.0,0.10780597427576274,-0.0,"Kliima, rohepööre ja kestlik tarbimine"
climate,eesti interneti sa,0,14,2,105,0.26666666666666666,0.0,0.0,-1.0,0.0,0.03224374534050848,-0.0,"Kliima, rohepööre ja kestlik tarbimine"
climate,eesti kaubandus-tööstuskoda,0,14,1,105,0.13333333333333333,0.0,0.0,-1.0,0.0,0.10780597427576274,-0.0,"Kliima, rohepööre ja kestlik tarbimine"
climate,eesti kunstikoolide liit (noored),0,14,1,105,0.13333333333333333,0.0,0.0,-1.0,0.0,0.10780597427576274,-0.0,"Kliima, rohepööre ja kestlik tarbimine"
climate,eesti lastehoidude liit,0,14,2,105,0.26666666666666666,0.0,0.0,-1.0,0.0,0.03224374534050848,-0.0,"Kliima, rohepööre ja kestlik tarbimine"
climate,eesti loomaarstide koda (elk),0,14,1,105,0.13333333333333333,0.0,0.0,-1.0,0.0,0.10780597427576274,-0.0,"Kliima, rohepööre ja kestlik tarbimine"
climate,"eesti maaülikool, veterinaarmeditsiini ja loomakasvatuse instituut",0,14,1,105,0.13333333333333333,0.0,0.0,-1.0,0.0,0.10780597427576274,-0.0,"Kliima, rohepööre ja kestlik tarbimine"
climate,eesti matemaatika selts,0,14,1,105,0.13333333333333333,0.0,0.0,-1.0,0.0,0.10780597427576274,-0.0,"Kliima, rohepööre ja kestlik tarbimine"
climate,eesti montessori ühing,0,14,1,105,0.13333333333333333,0.0,0.0,-1.0,0.0,0.10780597427576274,-0.0,"Kliima, rohepööre ja kestlik tarbimine"
climate,eesti muuseumiühing koostöös eesti muuseumide liiduga,0,14,1,105,0.13333333333333333,0.0,0.0,-1.0,0.0,0.10780597427576274,-0.0,"Kliima, rohepööre ja kestlik tarbimine"
climate,eesti personalijuhtimise ühing pare ja tööinspektsioon,1,14,9,105,1.2,0.8333333333333334,0.045454545454545456,-0.0391755715726679,0.0,0.015854905466805836,-0.006529261928777983,"Kliima, rohepööre ja kestlik tarbimine"
climate,eesti seksuaaltervise liit,0,14,2,105,0.26666666666666666,0.0,0.0,-1.0,0.0,0.03224374534050848,-0.0,"Kliima, rohepööre ja kestlik tarbimine"
climate,eesti tervisemajanduse koda (health founders estonia),0,14,1,105,0.13333333333333333,0.0,0.0,-1.0,0.0,0.10780597427576274,-0.0,"Kliima, rohepööre ja kestlik tarbimine"
climate,eesti tuuleenergia assotsiatsioon,0,14,1,105,0.13333333333333333,0.0,0.0,-1.0,0.0,0.10780597427576274,-0.0,"Kliima, rohepööre ja kestlik tarbimine"
climate,eesti urantia assotsiatsioon mtü,0,14,1,105,0.13333333333333333,0.0,0.0,-1.0,0.0,0.10780597427576274,-0.0,"Kliima, rohepööre ja kestlik tarbimine"
climate,eesti vaimse tervise ja heaolu koalitsioon vatek,0,14,1,105,0.13333333333333333,0.0,0.0,-1.0,0.0,0.10780597427576274,-0.0,"Kliima, rohepööre ja kestlik tarbimine"
climate,eesti vähitõrje võrgustik (estcan),0,14,5,105,0.6666666666666666,0.0,0.0,-1.0,0.0,-0.09693073822399226,-0.0,"Kliima, rohepööre ja kestlik tarbimine"
climate,eesti väitlusselts,0,14,1,105,0.13333333333333333,0.0,0.0,-1.0,0.0,0.10780597427576274,-0.0,"Kliima, rohepööre ja kestlik tarbimine"
climate,eesti õigusteaduse üliõpilaste liit,0,14,1,105,0.13333333333333333,0.0,0.0,-1.0,0.0,0.10780597427576274,-0.0,"Kliima, rohepööre ja kestlik tarbimine"
climate,"eesti õigusteaduse üliõpilaste liit, rahvusvaheliste suhete ring, feministeerium",0,14,1,105,0.13333333333333333,0.0,0.0,-1.0,0.0,0.10780597427576274,-0.0,"Kliima, rohepööre ja kestlik tarbimine"
climate,eesti õpilasesinduste liit,0,14,1,105,0.13333333333333333,0.0,0.0,-1.0,0.0,0.10780597427576274,-0.0,"Kliima, rohepööre ja kestlik tarbimine"
climate,eesti üliõpilaskondade liit,0,14,2,105,0.26666666666666666,0.0,0.0,-1.0,0.0,0.03224374534050848,-0.0,"Kliima, rohepööre ja kestlik tarbimine"
climate,eesti üro ühing,0,14,1,105,0.13333333333333333,0.0,0.0,-1.0,0.0,0.10780597427576274,-0.0,"Kliima, rohepööre ja kestlik tarbimine"
climate,eestimaa looduse fond,1,14,1,105,0.13333333333333333,7.5,0.07142857142857142,0.4329437444549922,0.4329437444549922,0.3930052998648217,0.0721572907424987,"Kliima, rohepööre ja kestlik tarbimine"
climate,elisabeth luisk,0,14,1,105,0.13333333333333333,0.0,0.0,-1.0,0.0,0.10780597427576274,-0.0,"Kliima, rohepööre ja kestlik tarbimine"
climate,emn eesti,0,14,1,105,0.13333333333333333,0.0,0.0,-1.0,0.0,0.10780597427576274,-0.0,"Kliima, rohepööre ja kestlik tarbimine"
climate,fenno-ugria asutus,0,14,1,105,0.13333333333333333,0.0,0.0,-1.0,0.0,0.10780597427576274,-0.0,"Kliima, rohepööre ja kestlik tarbimine"
climate,geoteaduste üliõpilaste selts,1,14,1,105,0.13333333333333333,7.5,0.07142857142857142,0.4329437444549922,0.4329437444549922,0.3930052998648217,0.0721572907424987,"Kliima, rohepööre ja kestlik tarbimine"
climate,integratsiooni sihtasutus,0,14,1,105,0.13333333333333333,0.0,0.0,-1.0,0.0,0.10780597427576274,-0.0,"Kliima, rohepööre ja kestlik tarbimine"
climate,justiits- ja digiministeerium,0,14,2,105,0.26666666666666666,0.0,0.0,-1.0,0.0,0.03224374534050848,-0.0,"Kliima, rohepööre ja kestlik tarbimine"
climate,kaja pae,0,14,1,105,0.13333333333333333,0.0,0.0,-1.0,0.0,0.10780597427576274,-0.0,"Kliima, rohepööre ja kestlik tarbimine"
climate,keskkonnainvesteeringute keskus,1,14,1,105,0.13333333333333333,7.5,0.07142857142857142,0.4329437444549922,0.4329437444549922,0.3930052998648217,0.0721572907424987,"Kliima, rohepööre ja kestlik tarbimine"
climate,kogu ala ühispaneel,0,14,1,105,0.13333333333333333,0.0,0.0,-1.0,0.0,0.10780597427576274,-0.0,"Kliima, rohepööre ja kestlik tarbimine"
climate,korruptsioonivaba eesti mtü,0,14,1,105,0.13333333333333333,0.0,0.0,-1.0,0.0,0.10780597427576274,-0.0,"Kliima, rohepööre ja kestlik tarbimine"
climate,kultuuriministeerium,0,14,1,105,0.13333333333333333,0.0,0.0,-1.0,0.0,0.10780597427576274,-0.0,"Kliima, rohepööre ja kestlik tarbimine"
climate,lasteklubi väike päike,0,14,3,105,0.4,0.0,0.0,-1.0,0.0,-0.021368509288738003,-0.0,"Kliima, rohepööre ja kestlik tarbimine"
climate,loomus mtü,0,14,1,105,0.13333333333333333,0.0,0.0,-1.0,0.0,0.10780597427576274,-0.0,"Kliima, rohepööre ja kestlik tarbimine"
climate,magnum as,0,14,1,105,0.13333333333333333,0.0,0.0,-1.0,0.0,0.10780597427576274,-0.0,"Kliima, rohepööre ja kestlik tarbimine"
climate,maililii oü,0,14,1,105,0.13333333333333333,0.0,0.0,-1.0,0.0,0.10780597427576274,-0.0,"Kliima, rohepööre ja kestlik tarbimine"
climate,mtü eesti jõujaamade ja kaugkütte ühing,1,14,1,105,0.13333333333333333,7.5,0.07142857142857142,0.4329437444549922,0.4329437444549922,0.3930052998648217,0.0721572907424987,"Kliima, rohepööre ja kestlik tarbimine"
climate,mtü eesti taastuvenergia koda,3,14,4,105,0.5333333333333333,5.625,0.2,0.4858092423634363,0.4858092423634363,0.4701967015967105,0.1821784658862886,"Kliima, rohepööre ja kestlik tarbimine"
climate,mtü teadveloleku kompetentsikeskus toko,0,14,1,105,0.13333333333333333,0.0,0.0,-1.0,0.0,0.10780597427576274,-0.0,"Kliima, rohepööre ja kestlik tarbimine"
climate,novartis,0,14,1,105,0.13333333333333333,0.0,0.0,-1.0,0.0,0.10780597427576274,-0.0,"Kliima, rohepööre ja kestlik tarbimine"
climate,pullivara group,1,14,1,105,0.13333333333333333,7.5,0.07142857142857142,0.4329437444549922,0.4329437444549922,0.3930052998648217,0.0721572907424987,"Kliima, rohepööre ja kestlik tarbimine"
climate,põllumajandus- ja toiduamet,0,14,1,105,0.13333333333333333,0.0,0.0,-1.0,0.0,0.10780597427576274,-0.0,"Kliima, rohepööre ja kestlik tarbimine"
climate,rail baltic estonia,0,14,2,105,0.26666666666666666,0.0,0.0,-1.0,0.0,0.03224374534050848,-0.0,"Kliima, rohepööre ja kestlik tarbimine"
climate,regionaal- ja põllumajandusministeerium,0,14,1,105,0.13333333333333333,0.0,0.0,-1.0,0.0,0.10780597427576274,-0.0,"Kliima, rohepööre ja kestlik tarbimine"
climate,roche,0,14,1,105,0.13333333333333333,0.0,0.0,-1.0,0.0,0.10780597427576274,-0.0,"Kliima, rohepööre ja kestlik tarbimine"
climate,sa õpilasmalev,0,14,1,105,0.13333333333333333,0.0,0.0,-1.0,0.0,0.10780597427576274,-0.0,"Kliima, rohepööre ja kestlik tarbimine"
climate,sihtasutus eesti teadusagentuur (etag),1,14,2,105,0.26666666666666666,3.75,0.06666666666666667,0.2840066825961639,0.2840066825961639,0.29798993813126373,0.04733444709936065,"Kliima, rohepööre ja kestlik tarbimine"
climate,siseministeerium,0,14,1,105,0.13333333333333333,0.0,0.0,-1.0,0.0,0.10780597427576274,-0.0,"Kliima, rohepööre ja kestlik tarbimine"
climate,synlab,0,14,1,105,0.13333333333333333,0.0,0.0,-1.0,0.0,0.10780597427576274,-0.0,"Kliima, rohepööre ja kestlik tarbimine"
climate,taastuvenergia koda,1,14,1,105,0.13333333333333333,7.5,0.07142857142857142,0.4329437444549922,0.4329437444549922,0.3930052998648217,0.0721572907424987,"Kliima, rohepööre ja kestlik tarbimine"
climate,tallinna ettevõtlusinkubaator,0,14,1,105,0.13333333333333333,0.0,0.0,-1.0,0.0,0.10780597427576274,-0.0,"Kliima, rohepööre ja kestlik tarbimine"
climate,tallinna lastekodu,0,14,1,105,0.13333333333333333,0.0,0.0,-1.0,0.0,0.10780597427576274,-0.0,"Kliima, rohepööre ja kestlik tarbimine"
climate,"tallinna tehnikaülikool, vastutustundliku majanduse ja esg fookustippkeskus",1,14,1,105,0.13333333333333333,7.5,0.07142857142857142,0.4329437444549922,0.4329437444549922,0.3930052998648217,0.0721572907424987,"Kliima, rohepööre ja kestlik tarbimine"
climate,tallinna vesi,1,14,1,105,0.13333333333333333,7.5,0.07142857142857142,0.4329437444549922,0.4329437444549922,0.3930052998648217,0.0721572907424987,"Kliima, rohepööre ja kestlik tarbimine"
climate,"tallinna ülikool, tartu ülikool, eesti maaülikool",0,14,1,105,0.13333333333333333,0.0,0.0,-1.0,0.0,0.10780597427576274,-0.0,"Kliima, rohepööre ja kestlik tarbimine"
climate,tartu kristjan jaak petersoni gümnaasium / kultuuriministeerium,0,14,1,105,0.13333333333333333,0.0,0.0,-1.0,0.0,0.10780597427576274,-0.0,"Kliima, rohepööre ja kestlik tarbimine"
climate,tartu ülikool,0,14,1,105,0.13333333333333333,0.0,0.0,-1.0,0.0,0.10780597427576274,-0.0,"Kliima, rohepööre ja kestlik tarbimine"
climate,tartumaa omavalitsuste liit,0,14,1,105,0.13333333333333333,0.0,0.0,-1.0,0.0,0.10780597427576274,-0.0,"Kliima, rohepööre ja kestlik tarbimine"
climate,vindr baltic oü ja vkg,0,14,1,105,0.13333333333333333,0.0,0.0,-1.0,0.0,0.10780597427576274,-0.0,"Kliima, rohepööre ja kestlik tarbimine"
climate,ühendus kultuuritahe,0,14,3,105,0.4,0.0,0.0,-1.0,0.0,-0.021368509288738003,-0.0,"Kliima, rohepööre ja kestlik tarbimine"
climate,üro pagulasamet,0,14,1,105,0.13333333333333333,0.0,0.0,-1.0,0.0,0.10780597427576274,-0.0,"Kliima, rohepööre ja kestlik tarbimine"
culture,adven eesti as,0,5,1,105,0.047619047619047616,0.0,0.0,-1.0,0.0,0.2785653532422421,-0.0,"Kultuur, loome ja pärand"
culture,apotheka,0,5,1,105,0.047619047619047616,0.0,0.0,-1.0,0.0,0.2785653532422421,-0.0,"Kultuur, loome ja pärand"
culture,bonava eesti,0,5,1,105,0.047619047619047616,0.0,0.0,-1.0,0.0,0.2785653532422421,-0.0,"Kultuur, loome ja pärand"
culture,confido,0,5,1,105,0.047619047619047616,0.0,0.0,-1.0,0.0,0.2785653532422421,-0.0,"Kultuur, loome ja pärand"
culture,eesti ametiühingute keskliit,0,5,1,105,0.047619047619047616,0.0,0.0,-1.0,0.0,0.2785653532422421,-0.0,"Kultuur, loome ja pärand"
culture,eesti arhitektide liit / maa- ja ruumiamet,0,5,1,105,0.047619047619047616,0.0,0.0,-1.0,0.0,0.2785653532422421,-0.0,"Kultuur, loome ja pärand"
culture,eesti arhitektide liit mtü,0,5,1,105,0.047619047619047616,0.0,0.0,-1.0,0.0,0.2785653532422421,-0.0,"Kultuur, loome ja pärand"
culture,eesti e-residentsuse programm,0,5,8,105,0.38095238095238093,0.0,0.0,-1.0,0.0,-0.001733588192767121,-0.0,"Kultuur, loome ja pärand"
culture,eesti hambaarstide liit,0,5,1,105,0.047619047619047616,0.0,0.0,-1.0,0.0,0.2785653532422421,-0.0,"Kultuur, loome ja pärand"
culture,eesti interneti sa,0,5,2,105,0.09523809523809523,0.0,0.0,-1.0,0.0,0.2030031243069879,-0.0,"Kultuur, loome ja pärand"
culture,eesti kaubandus-tööstuskoda,0,5,1,105,0.047619047619047616,0.0,0.0,-1.0,0.0,0.2785653532422421,-0.0,"Kultuur, loome ja pärand"
culture,eesti kunstikoolide liit (noored),1,5,1,105,0.047619047619047616,21.0,0.2,0.6541788517000096,0.6541788517000096,0.6077258605274773,0.10902980861666826,"Kultuur, loome ja pärand"
culture,eesti lastehoidude liit,0,5,2,105,0.09523809523809523,0.0,0.0,-1.0,0.0,0.2030031243069879,-0.0,"Kultuur, loome ja pärand"
culture,eesti loomaarstide koda (elk),0,5,1,105,0.047619047619047616,0.0,0.0,-1.0,0.0,0.2785653532422421,-0.0,"Kultuur, loome ja pärand"
culture,"eesti maaülikool, veterinaarmeditsiini ja loomakasvatuse instituut",0,5,1,105,0.047619047619047616,0.0,0.0,-1.0,0.0,0.2785653532422421,-0.0,"Kultuur, loome ja pärand"
culture,eesti matemaatika selts,0,5,1,105,0.047619047619047616,0.0,0.0,-1.0,0.0,0.2785653532422421,-0.0,"Kultuur, loome ja pärand"
culture,eesti montessori ühing,0,5,1,105,0.047619047619047616,0.0,0.0,-1.0,0.0,0.2785653532422421,-0.0,"Kultuur, loome ja pärand"
culture,eesti muuseumiühing koostöös eesti muuseumide liiduga,1,5,1,105,0.047619047619047616,21.0,0.2,0.6541788517000096,0.6541788517000096,0.6077258605274773,0.10902980861666826,"Kultuur, loome ja pärand"
culture,eesti personalijuhtimise ühing pare ja tööinspektsioon,0,5,9,105,0.42857142857142855,0.0,0.0,-1.0,0.0,-0.021368509288738003,-0.0,"Kultuur, loome ja pärand"
culture,eesti seksuaaltervise liit,0,5,2,105,0.09523809523809523,0.0,0.0,-1.0,0.0,0.2030031243069879,-0.0,"Kultuur, loome ja pärand"
culture,eesti tervisemajanduse koda (health founders estonia),0,5,1,105,0.047619047619047616,0.0,0.0,-1.0,0.0,0.2785653532422421,-0.0,"Kultuur, loome ja pärand"
culture,eesti tuuleenergia assotsiatsioon,0,5,1,105,0.047619047619047616,0.0,0.0,-1.0,0.0,0.2785653532422421,-0.0,"Kultuur, loome ja pärand"
culture,eesti urantia assotsiatsioon mtü,1,5,1,105,0.047619047619047616,21.0,0.2,0.6541788517000096,0.6541788517000096,0.6077258605274773,0.10902980861666826,"Kultuur, loome ja pärand"
culture,eesti vaimse tervise ja heaolu koalitsioon vatek,0,5,1,105,0.047619047619047616,0.0,0.0,-1.0,0.0,0.2785653532422421,-0.0,"Kultuur, loome ja pärand"
culture,eesti vähitõrje võrgustik (estcan),0,5,5,105,0.23809523809523808,0.0,0.0,-1.0,0.0,0.07382864074248711,-0.0,"Kultuur, loome ja pärand"
culture,eesti väitlusselts,0,5,1,105,0.047619047619047616,0.0,0.0,-1.0,0.0,0.2785653532422421,-0.0,"Kultuur, loome ja pärand"
culture,eesti õigusteaduse üliõpilaste liit,0,5,1,105,0.047619047619047616,0.0,0.0,-1.0,0.0,0.2785653532422421,-0.0,"Kultuur, loome ja pärand"
culture,"eesti õigusteaduse üliõpilaste liit, rahvusvaheliste suhete ring, feministeerium",0,5,1,105,0.047619047619047616,0.0,0.0,-1.0,0.0,0.2785653532422421,-0.0,"Kultuur, loome ja pärand"
culture,eesti õpilasesinduste liit,0,5,1,105,0.047619047619047616,0.0,0.0,-1.0,0.0,0.2785653532422421,-0.0,"Kultuur, loome ja pärand"
culture,eesti üliõpilaskondade liit,0,5,2,105,0.09523809523809523,0.0,0.0,-1.0,0.0,0.2030031243069879,-0.0,"Kultuur, loome ja pärand"
culture,eesti üro ühing,0,5,1,105,0.047619047619047616,0.0,0.0,-1.0,0.0,0.2785653532422421,-0.0,"Kultuur, loome ja pärand"
culture,eestimaa looduse fond,0,5,1,105,0.047619047619047616,0.0,0.0,-1.0,0.0,0.2785653532422421,-0.0,"Kultuur, loome ja pärand"
culture,elisabeth luisk,0,5,1,105,0.047619047619047616,0.0,0.0,-1.0,0.0,0.2785653532422421,-0.0,"Kultuur, loome ja pärand"
culture,emn eesti,0,5,1,105,0.047619047619047616,0.0,0.0,-1.0,0.0,0.2785653532422421,-0.0,"Kultuur, loome ja pärand"
culture,fenno-ugria asutus,0,5,1,105,0.047619047619047616,0.0,0.0,-1.0,0.0,0.2785653532422421,-0.0,"Kultuur, loome ja pärand"
culture,geoteaduste üliõpilaste selts,0,5,1,105,0.047619047619047616,0.0,0.0,-1.0,0.0,0.2785653532422421,-0.0,"Kultuur, loome ja pärand"
culture,integratsiooni sihtasutus,0,5,1,105,0.047619047619047616,0.0,0.0,-1.0,0.0,0.2785653532422421,-0.0,"Kultuur, loome ja pärand"
culture,justiits- ja digiministeerium,0,5,2,105,0.09523809523809523,0.0,0.0,-1.0,0.0,0.2030031243069879,-0.0,"Kultuur, loome ja pärand"
culture,kaja pae,0,5,1,105,0.047619047619047616,0.0,0.0,-1.0,0.0,0.2785653532422421,-0.0,"Kultuur, loome ja pärand"
culture,keskkonnainvesteeringute keskus,0,5,1,105,0.047619047619047616,0.0,0.0,-1.0,0.0,0.2785653532422421,-0.0,"Kultuur, loome ja pärand"
culture,kogu ala ühispaneel,0,5,1,105,0.047619047619047616,0.0,0.0,-1.0,0.0,0.2785653532422421,-0.0,"Kultuur, loome ja pärand"
culture,korruptsioonivaba eesti mtü,0,5,1,105,0.047619047619047616,0.0,0.0,-1.0,0.0,0.2785653532422421,-0.0,"Kultuur, loome ja pärand"
culture,kultuuriministeerium,0,5,1,105,0.047619047619047616,0.0,0.0,-1.0,0.0,0.2785653532422421,-0.0,"Kultuur, loome ja pärand"
culture,lasteklubi väike päike,0,5,3,105,0.14285714285714285,0.0,0.0,-1.0,0.0,0.14939086967774134,-0.0,"Kultuur, loome ja pärand"
culture,loomus mtü,0,5,1,105,0.047619047619047616,0.0,0.0,-1.0,0.0,0.2785653532422421,-0.0,"Kultuur, loome ja pärand"
culture,magnum as,0,5,1,105,0.047619047619047616,0.0,0.0,-1.0,0.0,0.2785653532422421,-0.0,"Kultuur, loome ja pärand"
culture,maililii oü,0,5,1,105,0.047619047619047616,0.0,0.0,-1.0,0.0,0.2785653532422421,-0.0,"Kultuur, loome ja pärand"
culture,mtü eesti jõujaamade ja kaugkütte ühing,0,5,1,105,0.047619047619047616,0.0,0.0,-1.0,0.0,0.2785653532422421,-0.0,"Kultuur, loome ja pärand"
culture,mtü eesti taastuvenergia koda,0,5,4,105,0.19047619047619047,0.0,0.0,-1.0,0.0,0.10780597427576274,-0.0,"Kultuur, loome ja pärand"
culture,mtü teadveloleku kompetentsikeskus toko,0,5,1,105,0.047619047619047616,0.0,0.0,-1.0,0.0,0.2785653532422421,-0.0,"Kultuur, loome ja pärand"
culture,novartis,0,5,1,105,0.047619047619047616,0.0,0.0,-1.0,0.0,0.2785653532422421,-0.0,"Kultuur, loome ja pärand"
culture,pullivara group,0,5,1,105,0.047619047619047616,0.0,0.0,-1.0,0.0,0.2785653532422421,-0.0,"Kultuur, loome ja pärand"
culture,põllumajandus- ja toiduamet,0,5,1,105,0.047619047619047616,0.0,0.0,-1.0,0.0,0.2785653532422421,-0.0,"Kultuur, loome ja pärand"
culture,rail baltic estonia,0,5,2,105,0.09523809523809523,0.0,0.0,-1.0,0.0,0.2030031243069879,-0.0,"Kultuur, loome ja pärand"
culture,regionaal- ja põllumajandusministeerium,0,5,1,105,0.047619047619047616,0.0,0.0,-1.0,0.0,0.2785653532422421,-0.0,"Kultuur, loome ja pärand"
culture,roche,0,5,1,105,0.047619047619047616,0.0,0.0,-1.0,0.0,0.2785653532422421,-0.0,"Kultuur, loome ja pärand"
culture,sa õpilasmalev,0,5,1,105,0.047619047619047616,0.0,0.0,-1.0,0.0,0.2785653532422421,-0.0,"Kultuur, loome ja pärand"
culture,sihtasutus eesti teadusagentuur (etag),0,5,2,105,0.09523809523809523,0.0,0.0,-1.0,0.0,0.2030031243069879,-0.0,"Kultuur, loome ja pärand"
culture,siseministeerium,0,5,1,105,0.047619047619047616,0.0,0.0,-1.0,0.0,0.2785653532422421,-0.0,"Kultuur, loome ja pärand"
culture,synlab,0,5,1,105,0.047619047619047616,0.0,0.0,-1.0,0.0,0.2785653532422421,-0.0,"Kultuur, loome ja pärand"
culture,taastuvenergia koda,0,5,1,105,0.047619047619047616,0.0,0.0,-1.0,0.0,0.2785653532422421,-0.0,"Kultuur, loome ja pärand"
culture,tallinna ettevõtlusinkubaator,0,5,1,105,0.047619047619047616,0.0,0.0,-1.0,0.0,0.2785653532422421,-0.0,"Kultuur, loome ja pärand"
culture,tallinna lastekodu,0,5,1,105,0.047619047619047616,0.0,0.0,-1.0,0.0,0.2785653532422421,-0.0,"Kultuur, loome ja pärand"
culture,"tallinna tehnikaülikool, vastutustundliku majanduse ja esg fookustippkeskus",0,5,1,105,0.047619047619047616,0.0,0.0,-1.0,0.0,0.2785653532422421,-0.0,"Kultuur, loome ja pärand"
culture,tallinna vesi,0,5,1,105,0.047619047619047616,0.0,0.0,-1.0,0.0,0.2785653532422421,-0.0,"Kultuur, loome ja pärand"
culture,"tallinna ülikool, tartu ülikool, eesti maaülikool",0,5,1,105,0.047619047619047616,0.0,0.0,-1.0,0.0,0.2785653532422421,-0.0,"Kultuur, loome ja pärand"
culture,tartu kristjan jaak petersoni gümnaasium / kultuuriministeerium,0,5,1,105,0.047619047619047616,0.0,0.0,-1.0,0.0,0.2785653532422421,-0.0,"Kultuur, loome ja pärand"
culture,tartu ülikool,0,5,1,105,0.047619047619047616,0.0,0.0,-1.0,0.0,0.2785653532422421,-0.0,"Kultuur, loome ja pärand"
culture,tartumaa omavalitsuste liit,0,5,1,105,0.047619047619047616,0.0,0.0,-1.0,0.0,0.2785653532422421,-0.0,"Kultuur, loome ja pärand"
culture,vindr baltic oü ja vkg,0,5,1,105,0.047619047619047616,0.0,0.0,-1.0,0.0,0.2785653532422421,-0.0,"Kultuur, loome ja pärand"
culture,ühendus kultuuritahe,2,5,3,105,0.14285714285714285,14.0,0.3333333333333333,0.6662917983287227,0.6662917983287227,0.641831832965361,0.1903690852367779,"Kultuur, loome ja pärand"
culture,üro pagulasamet,0,5,1,105,0.047619047619047616,0.0,0.0,-1.0,0.0,0.2785653532422421,-0.0,"Kultuur, loome ja pärand"
cyber,adven eesti as,0,11,1,105,0.10476190476190476,0.0,0.0,-1.0,0.0,0.14939086967774134,-0.0,"Küberturvalisus, privaatsus ja digiohud"
cyber,apotheka,0,11,1,105,0.10476190476190476,0.0,0.0,-1.0,0.0,0.14939086967774134,-0.0,"Küberturvalisus, privaatsus ja digiohud"
cyber,bonava eesti,0,11,1,105,0.10476190476190476,0.0,0.0,-1.0,0.0,0.14939086967774134,-0.0,"Küberturvalisus, privaatsus ja digiohud"
cyber,confido,0,11,1,105,0.10476190476190476,0.0,0.0,-1.0,0.0,0.14939086967774134,-0.0,"Küberturvalisus, privaatsus ja digiohud"
cyber,eesti ametiühingute keskliit,0,11,1,105,0.10476190476190476,0.0,0.0,-1.0,0.0,0.14939086967774134,-0.0,"Küberturvalisus, privaatsus ja digiohud"
cyber,eesti arhitektide liit / maa- ja ruumiamet,0,11,1,105,0.10476190476190476,0.0,0.0,-1.0,0.0,0.14939086967774134,-0.0,"Küberturvalisus, privaatsus ja digiohud"
cyber,eesti arhitektide liit mtü,0,11,1,105,0.10476190476190476,0.0,0.0,-1.0,0.0,0.14939086967774134,-0.0,"Küberturvalisus, privaatsus ja digiohud"
cyber,eesti e-residentsuse programm,3,11,8,105,0.8380952380952381,3.5795454545454546,0.1875,0.35868100739852804,0.35868100739852804,0.36357796152608374,0.13450537777444802,"Küberturvalisus, privaatsus ja digiohud"
cyber,eesti hambaarstide liit,0,11,1,105,0.10476190476190476,0.0,0.0,-1.0,0.0,0.14939086967774134,-0.0,"Küberturvalisus, privaatsus ja digiohud"
cyber,eesti interneti sa,2,11,2,105,0.20952380952380953,9.545454545454545,0.18181818181818182,0.5695964391040366,0.5695964391040366,0.5338959896342756,0.16274183974401044,"Küberturvalisus, privaatsus ja digiohud"
cyber,eesti kaubandus-tööstuskoda,0,11,1,105,0.10476190476190476,0.0,0.0,-1.0,0.0,0.14939086967774134,-0.0,"Küberturvalisus, privaatsus ja digiohud"
cyber,eesti kunstikoolide liit (noored),0,11,1,105,0.10476190476190476,0.0,0.0,-1.0,0.0,0.14939086967774134,-0.0,"Küberturvalisus, privaatsus ja digiohud"
cyber,eesti lastehoidude liit,0,11,2,105,0.20952380952380953,0.0,0.0,-1.0,0.0,0.07382864074248711,-0.0,"Küberturvalisus, privaatsus ja digiohud"
cyber,eesti loomaarstide koda (elk),0,11,1,105,0.10476190476190476,0.0,0.0,-1.0,0.0,0.14939086967774134,-0.0,"Küberturvalisus, privaatsus ja digiohud"
cyber,"eesti maaülikool, veterinaarmeditsiini ja loomakasvatuse instituut",0,11,1,105,0.10476190476190476,0.0,0.0,-1.0,0.0,0.14939086967774134,-0.0,"Küberturvalisus, privaatsus ja digiohud"
cyber,eesti matemaatika selts,0,11,1,105,0.10476190476190476,0.0,0.0,-1.0,0.0,0.14939086967774134,-0.0,"Küberturvalisus, privaatsus ja digiohud"
cyber,eesti montessori ühing,0,11,1,105,0.10476190476190476,0.0,0.0,-1.0,0.0,0.14939086967774134,-0.0,"Küberturvalisus, privaatsus ja digiohud"
cyber,eesti muuseumiühing koostöös eesti muuseumide liiduga,0,11,1,105,0.10476190476190476,0.0,0.0,-1.0,0.0,0.14939086967774134,-0.0,"Küberturvalisus, privaatsus ja digiohud"
cyber,eesti personalijuhtimise ühing pare ja tööinspektsioon,0,11,9,105,0.9428571428571428,0.0,0.0,-1.0,0.0,-0.15054299285323874,-0.0,"Küberturvalisus, privaatsus ja digiohud"
cyber,eesti seksuaaltervise liit,0,11,2,105,0.20952380952380953,0.0,0.0,-1.0,0.0,0.07382864074248711,-0.0,"Küberturvalisus, privaatsus ja digiohud"
cyber,eesti tervisemajanduse koda (health founders estonia),0,11,1,105,0.10476190476190476,0.0,0.0,-1.0,0.0,0.14939086967774134,-0.0,"Küberturvalisus, privaatsus ja digiohud"
cyber,eesti tuuleenergia assotsiatsioon,0,11,1,105,0.10476190476190476,0.0,0.0,-1.0,0.0,0.14939086967774134,-0.0,"Küberturvalisus, privaatsus ja digiohud"
cyber,eesti urantia assotsiatsioon mtü,0,11,1,105,0.10476190476190476,0.0,0.0,-1.0,0.0,0.14939086967774134,-0.0,"Küberturvalisus, privaatsus ja digiohud"
cyber,eesti vaimse tervise ja heaolu koalitsioon vatek,0,11,1,105,0.10476190476190476,0.0,0.0,-1.0,0.0,0.14939086967774134,-0.0,"Küberturvalisus, privaatsus ja digiohud"
cyber,eesti vähitõrje võrgustik (estcan),0,11,5,105,0.5238095238095238,0.0,0.0,-1.0,0.0,-0.05534584282201363,-0.0,"Küberturvalisus, privaatsus ja digiohud"
cyber,eesti väitlusselts,0,11,1,105,0.10476190476190476,0.0,0.0,-1.0,0.0,0.14939086967774134,-0.0,"Küberturvalisus, privaatsus ja digiohud"
cyber,eesti õigusteaduse üliõpilaste liit,1,11,1,105,0.10476190476190476,9.545454545454545,0.09090909090909091,0.4847624190186304,0.4847624190186304,0.44529602679211716,0.08079373650310506,"Küberturvalisus, privaatsus ja digiohud"
cyber,"eesti õigusteaduse üliõpilaste liit, rahvusvaheliste suhete ring, feministeerium",0,11,1,105,0.10476190476190476,0.0,0.0,-1.0,0.0,0.14939086967774134,-0.0,"Küberturvalisus, privaatsus ja digiohud"
cyber,eesti õpilasesinduste liit,0,11,1,105,0.10476190476190476,0.0,0.0,-1.0,0.0,0.14939086967774134,-0.0,"Küberturvalisus, privaatsus ja digiohud"
cyber,eesti üliõpilaskondade liit,2,11,2,105,0.20952380952380953,9.545454545454545,0.18181818181818182,0.5695964391040366,0.5695964391040366,0.5338959896342756,0.16274183974401044,"Küberturvalisus, privaatsus ja digiohud"
cyber,eesti üro ühing,0,11,1,105,0.10476190476190476,0.0,0.0,-1.0,0.0,0.14939086967774134,-0.0,"Küberturvalisus, privaatsus ja digiohud"
cyber,eestimaa looduse fond,0,11,1,105,0.10476190476190476,0.0,0.0,-1.0,0.0,0.14939086967774134,-0.0,"Küberturvalisus, privaatsus ja digiohud"
cyber,elisabeth luisk,0,11,1,105,0.10476190476190476,0.0,0.0,-1.0,0.0,0.14939086967774134,-0.0,"Küberturvalisus, privaatsus ja digiohud"
cyber,emn eesti,0,11,1,105,0.10476190476190476,0.0,0.0,-1.0,0.0,0.14939086967774134,-0.0,"Küberturvalisus, privaatsus ja digiohud"
cyber,fenno-ugria asutus,0,11,1,105,0.10476190476190476,0.0,0.0,-1.0,0.0,0.14939086967774134,-0.0,"Küberturvalisus, privaatsus ja digiohud"
cyber,geoteaduste üliõpilaste selts,0,11,1,105,0.10476190476190476,0.0,0.0,-1.0,0.0,0.14939086967774134,-0.0,"Küberturvalisus, privaatsus ja digiohud"
cyber,integratsiooni sihtasutus,0,11,1,105,0.10476190476190476,0.0,0.0,-1.0,0.0,0.14939086967774134,-0.0,"Küberturvalisus, privaatsus ja digiohud"
cyber,justiits- ja digiministeerium,0,11,2,105,0.20952380952380953,0.0,0.0,-1.0,0.0,0.07382864074248711,-0.0,"Küberturvalisus, privaatsus ja digiohud"
cyber,kaja pae,0,11,1,105,0.10476190476190476,0.0,0.0,-1.0,0.0,0.14939086967774134,-0.0,"Küberturvalisus, privaatsus ja digiohud"
cyber,keskkonnainvesteeringute keskus,0,11,1,105,0.10476190476190476,0.0,0.0,-1.0,0.0,0.14939086967774134,-0.0,"Küberturvalisus, privaatsus ja digiohud"
cyber,kogu ala ühispaneel,0,11,1,105,0.10476190476190476,0.0,0.0,-1.0,0.0,0.14939086967774134,-0.0,"Küberturvalisus, privaatsus ja digiohud"
cyber,korruptsioonivaba eesti mtü,0,11,1,105,0.10476190476190476,0.0,0.0,-1.0,0.0,0.14939086967774134,-0.0,"Küberturvalisus, privaatsus ja digiohud"
cyber,kultuuriministeerium,1,11,1,105,0.10476190476190476,9.545454545454545,0.09090909090909091,0.4847624190186304,0.4847624190186304,0.44529602679211716,0.08079373650310506,"Küberturvalisus, privaatsus ja digiohud"
cyber,lasteklubi väike päike,0,11,3,105,0.3142857142857143,0.0,0.0,-1.0,0.0,0.020216386113240597,-0.0,"Küberturvalisus, privaatsus ja digiohud"
cyber,loomus mtü,0,11,1,105,0.10476190476190476,0.0,0.0,-1.0,0.0,0.14939086967774134,-0.0,"Küberturvalisus, privaatsus ja digiohud"
cyber,magnum as,0,11,1,105,0.10476190476190476,0.0,0.0,-1.0,0.0,0.14939086967774134,-0.0,"Küberturvalisus, privaatsus ja digiohud"
cyber,maililii oü,0,11,1,105,0.10476190476190476,0.0,0.0,-1.0,0.0,0.14939086967774134,-0.0,"Küberturvalisus, privaatsus ja digiohud"
cyber,mtü eesti jõujaamade ja kaugkütte ühing,0,11,1,105,0.10476190476190476,0.0,0.0,-1.0,0.0,0.14939086967774134,-0.0,"Küberturvalisus, privaatsus ja digiohud"
cyber,mtü eesti taastuvenergia koda,0,11,4,105,0.41904761904761906,0.0,0.0,-1.0,0.0,-0.021368509288738003,-0.0,"Küberturvalisus, privaatsus ja digiohud"
cyber,mtü teadveloleku kompetentsikeskus toko,0,11,1,105,0.10476190476190476,0.0,0.0,-1.0,0.0,0.14939086967774134,-0.0,"Küberturvalisus, privaatsus ja digiohud"
cyber,novartis,0,11,1,105,0.10476190476190476,0.0,0.0,-1.0,0.0,0.14939086967774134,-0.0,"Küberturvalisus, privaatsus ja digiohud"
cyber,pullivara group,0,11,1,105,0.10476190476190476,0.0,0.0,-1.0,0.0,0.14939086967774134,-0.0,"Küberturvalisus, privaatsus ja digiohud"
cyber,põllumajandus- ja toiduamet,0,11,1,105,0.10476190476190476,0.0,0.0,-1.0,0.0,0.14939086967774134,-0.0,"Küberturvalisus, privaatsus ja digiohud"
cyber,rail baltic estonia,0,11,2,105,0.20952380952380953,0.0,0.0,-1.0,0.0,0.07382864074248711,-0.0,"Küberturvalisus, privaatsus ja digiohud"
cyber,regionaal- ja põllumajandusministeerium,0,11,1,105,0.10476190476190476,0.0,0.0,-1.0,0.0,0.14939086967774134,-0.0,"Küberturvalisus, privaatsus ja digiohud"
cyber,roche,0,11,1,105,0.10476190476190476,0.0,0.0,-1.0,0.0,0.14939086967774134,-0.0,"Küberturvalisus, privaatsus ja digiohud"
cyber,sa õpilasmalev,0,11,1,105,0.10476190476190476,0.0,0.0,-1.0,0.0,0.14939086967774134,-0.0,"Küberturvalisus, privaatsus ja digiohud"
cyber,sihtasutus eesti teadusagentuur (etag),1,11,2,105,0.20952380952380953,4.7727272727272725,0.08333333333333333,0.335825357159802,0.335825357159802,0.3502806650585593,0.055970892859967,"Küberturvalisus, privaatsus ja digiohud"
cyber,siseministeerium,0,11,1,105,0.10476190476190476,0.0,0.0,-1.0,0.0,0.14939086967774134,-0.0,"Küberturvalisus, privaatsus ja digiohud"
cyber,synlab,0,11,1,105,0.10476190476190476,0.0,0.0,-1.0,0.0,0.14939086967774134,-0.0,"Küberturvalisus, privaatsus ja digiohud"
cyber,taastuvenergia koda,0,11,1,105,0.10476190476190476,0.0,0.0,-1.0,0.0,0.14939086967774134,-0.0,"Küberturvalisus, privaatsus ja digiohud"
cyber,tallinna ettevõtlusinkubaator,1,11,1,105,0.10476190476190476,9.545454545454545,0.09090909090909091,0.4847624190186304,0.4847624190186304,0.44529602679211716,0.08079373650310506,"Küberturvalisus, privaatsus ja digiohud"
cyber,tallinna lastekodu,0,11,1,105,0.10476190476190476,0.0,0.0,-1.0,0.0,0.14939086967774134,-0.0,"Küberturvalisus, privaatsus ja digiohud"
cyber,"tallinna tehnikaülikool, vastutustundliku majanduse ja esg fookustippkeskus",0,11,1,105,0.10476190476190476,0.0,0.0,-1.0,0.0,0.14939086967774134,-0.0,"Küberturvalisus, privaatsus ja digiohud"
cyber,tallinna vesi,0,11,1,105,0.10476190476190476,0.0,0.0,-1.0,0.0,0.14939086967774134,-0.0,"Küberturvalisus, privaatsus ja digiohud"
cyber,"tallinna ülikool, tartu ülikool, eesti maaülikool",0,11,1,105,0.10476190476190476,0.0,0.0,-1.0,0.0,0.14939086967774134,-0.0,"Küberturvalisus, privaatsus ja digiohud"
cyber,tartu kristjan jaak petersoni gümnaasium / kultuuriministeerium,0,11,1,105,0.10476190476190476,0.0,0.0,-1.0,0.0,0.14939086967774134,-0.0,"Küberturvalisus, privaatsus ja digiohud"
cyber,tartu ülikool,0,11,1,105,0.10476190476190476,0.0,0.0,-1.0,0.0,0.14939086967774134,-0.0,"Küberturvalisus, privaatsus ja digiohud"
cyber,tartumaa omavalitsuste liit,0,11,1,105,0.10476190476190476,0.0,0.0,-1.0,0.0,0.14939086967774134,-0.0,"Küberturvalisus, privaatsus ja digiohud"
cyber,vindr baltic oü ja vkg,0,11,1,105,0.10476190476190476,0.0,0.0,-1.0,0.0,0.14939086967774134,-0.0,"Küberturvalisus, privaatsus ja digiohud"
cyber,ühendus kultuuritahe,0,11,3,105,0.3142857142857143,0.0,0.0,-1.0,0.0,0.020216386113240597,-0.0,"Küberturvalisus, privaatsus ja digiohud"
cyber,üro pagulasamet,0,11,1,105,0.10476190476190476,0.0,0.0,-1.0,0.0,0.14939086967774134,-0.0,"Küberturvalisus, privaatsus ja digiohud"
defence,adven eesti as,0,5,1,105,0.047619047619047616,0.0,0.0,-1.0,0.0,0.2785653532422421,-0.0,"Riigikaitse, julgeolek ja kriisivalmidus"
defence,apotheka,0,5,1,105,0.047619047619047616,0.0,0.0,-1.0,0.0,0.2785653532422421,-0.0,"Riigikaitse, julgeolek ja kriisivalmidus"
defence,bonava eesti,0,5,1,105,0.047619047619047616,0.0,0.0,-1.0,0.0,0.2785653532422421,-0.0,"Riigikaitse, julgeolek ja kriisivalmidus"
defence,confido,0,5,1,105,0.047619047619047616,0.0,0.0,-1.0,0.0,0.2785653532422421,-0.0,"Riigikaitse, julgeolek ja kriisivalmidus"
defence,eesti ametiühingute keskliit,0,5,1,105,0.047619047619047616,0.0,0.0,-1.0,0.0,0.2785653532422421,-0.0,"Riigikaitse, julgeolek ja kriisivalmidus"
defence,eesti arhitektide liit / maa- ja ruumiamet,0,5,1,105,0.047619047619047616,0.0,0.0,-1.0,0.0,0.2785653532422421,-0.0,"Riigikaitse, julgeolek ja kriisivalmidus"
defence,eesti arhitektide liit mtü,0,5,1,105,0.047619047619047616,0.0,0.0,-1.0,0.0,0.2785653532422421,-0.0,"Riigikaitse, julgeolek ja kriisivalmidus"
defence,eesti e-residentsuse programm,1,5,8,105,0.38095238095238093,2.625,0.08333333333333333,0.20736766612352464,0.20736766612352464,0.2552653033250014,0.03456127768725411,"Riigikaitse, julgeolek ja kriisivalmidus"
defence,eesti hambaarstide liit,0,5,1,105,0.047619047619047616,0.0,0.0,-1.0,0.0,0.2785653532422421,-0.0,"Riigikaitse, julgeolek ja kriisivalmidus"
defence,eesti interneti sa,0,5,2,105,0.09523809523809523,0.0,0.0,-1.0,0.0,0.2030031243069879,-0.0,"Riigikaitse, julgeolek ja kriisivalmidus"
defence,eesti kaubandus-tööstuskoda,0,5,1,105,0.047619047619047616,0.0,0.0,-1.0,0.0,0.2785653532422421,-0.0,"Riigikaitse, julgeolek ja kriisivalmidus"
defence,eesti kunstikoolide liit (noored),0,5,1,105,0.047619047619047616,0.0,0.0,-1.0,0.0,0.2785653532422421,-0.0,"Riigikaitse, julgeolek ja kriisivalmidus"
defence,eesti lastehoidude liit,0,5,2,105,0.09523809523809523,0.0,0.0,-1.0,0.0,0.2030031243069879,-0.0,"Riigikaitse, julgeolek ja kriisivalmidus"
defence,eesti loomaarstide koda (elk),0,5,1,105,0.047619047619047616,0.0,0.0,-1.0,0.0,0.2785653532422421,-0.0,"Riigikaitse, julgeolek ja kriisivalmidus"
defence,"eesti maaülikool, veterinaarmeditsiini ja loomakasvatuse instituut",1,5,1,105,0.047619047619047616,21.0,0.2,0.6541788517000096,0.6541788517000096,0.6077258605274773,0.10902980861666826,"Riigikaitse, julgeolek ja kriisivalmidus"
defence,eesti matemaatika selts,0,5,1,105,0.047619047619047616,0.0,0.0,-1.0,0.0,0.2785653532422421,-0.0,"Riigikaitse, julgeolek ja kriisivalmidus"
defence,eesti montessori ühing,0,5,1,105,0.047619047619047616,0.0,0.0,-1.0,0.0,0.2785653532422421,-0.0,"Riigikaitse, julgeolek ja kriisivalmidus"
defence,eesti muuseumiühing koostöös eesti muuseumide liiduga,0,5,1,105,0.047619047619047616,0.0,0.0,-1.0,0.0,0.2785653532422421,-0.0,"Riigikaitse, julgeolek ja kriisivalmidus"
defence,eesti personalijuhtimise ühing pare ja tööinspektsioon,0,5,9,105,0.42857142857142855,0.0,0.0,-1.0,0.0,-0.021368509288738003,-0.0,"Riigikaitse, julgeolek ja kriisivalmidus"
defence,eesti seksuaaltervise liit,0,5,2,105,0.09523809523809523,0.0,0.0,-1.0,0.0,0.2030031243069879,-0.0,"Riigikaitse, julgeolek ja kriisivalmidus"
defence,eesti tervisemajanduse koda (health founders estonia),0,5,1,105,0.047619047619047616,0.0,0.0,-1.0,0.0,0.2785653532422421,-0.0,"Riigikaitse, julgeolek ja kriisivalmidus"
defence,eesti tuuleenergia assotsiatsioon,0,5,1,105,0.047619047619047616,0.0,0.0,-1.0,0.0,0.2785653532422421,-0.0,"Riigikaitse, julgeolek ja kriisivalmidus"
defence,eesti urantia assotsiatsioon mtü,0,5,1,105,0.047619047619047616,0.0,0.0,-1.0,0.0,0.2785653532422421,-0.0,"Riigikaitse, julgeolek ja kriisivalmidus"
defence,eesti vaimse tervise ja heaolu koalitsioon vatek,0,5,1,105,0.047619047619047616,0.0,0.0,-1.0,0.0,0.2785653532422421,-0.0,"Riigikaitse, julgeolek ja kriisivalmidus"
defence,eesti vähitõrje võrgustik (estcan),0,5,5,105,0.23809523809523808,0.0,0.0,-1.0,0.0,0.07382864074248711,-0.0,"Riigikaitse, julgeolek ja kriisivalmidus"
defence,eesti väitlusselts,0,5,1,105,0.047619047619047616,0.0,0.0,-1.0,0.0,0.2785653532422421,-0.0,"Riigikaitse, julgeolek ja kriisivalmidus"
defence,eesti õigusteaduse üliõpilaste liit,0,5,1,105,0.047619047619047616,0.0,0.0,-1.0,0.0,0.2785653532422421,-0.0,"Riigikaitse, julgeolek ja kriisivalmidus"
defence,"eesti õigusteaduse üliõpilaste liit, rahvusvaheliste suhete ring, feministeerium",0,5,1,105,0.047619047619047616,0.0,0.0,-1.0,0.0,0.2785653532422421,-0.0,"Riigikaitse, julgeolek ja kriisivalmidus"
defence,eesti õpilasesinduste liit,0,5,1,105,0.047619047619047616,0.0,0.0,-1.0,0.0,0.2785653532422421,-0.0,"Riigikaitse, julgeolek ja kriisivalmidus"
defence,eesti üliõpilaskondade liit,0,5,2,105,0.09523809523809523,0.0,0.0,-1.0,0.0,0.2030031243069879,-0.0,"Riigikaitse, julgeolek ja kriisivalmidus"
defence,eesti üro ühing,0,5,1,105,0.047619047619047616,0.0,0.0,-1.0,0.0,0.2785653532422421,-0.0,"Riigikaitse, julgeolek ja kriisivalmidus"
defence,eestimaa looduse fond,0,5,1,105,0.047619047619047616,0.0,0.0,-1.0,0.0,0.2785653532422421,-0.0,"Riigikaitse, julgeolek ja kriisivalmidus"
defence,elisabeth luisk,0,5,1,105,0.047619047619047616,0.0,0.0,-1.0,0.0,0.2785653532422421,-0.0,"Riigikaitse, julgeolek ja kriisivalmidus"
defence,emn eesti,1,5,1,105,0.047619047619047616,21.0,0.2,0.6541788517000096,0.6541788517000096,0.6077258605274773,0.10902980861666826,"Riigikaitse, julgeolek ja kriisivalmidus"
defence,fenno-ugria asutus,0,5,1,105,0.047619047619047616,0.0,0.0,-1.0,0.0,0.2785653532422421,-0.0,"Riigikaitse, julgeolek ja kriisivalmidus"
defence,geoteaduste üliõpilaste selts,0,5,1,105,0.047619047619047616,0.0,0.0,-1.0,0.0,0.2785653532422421,-0.0,"Riigikaitse, julgeolek ja kriisivalmidus"
defence,integratsiooni sihtasutus,0,5,1,105,0.047619047619047616,0.0,0.0,-1.0,0.0,0.2785653532422421,-0.0,"Riigikaitse, julgeolek ja kriisivalmidus"
defence,justiits- ja digiministeerium,0,5,2,105,0.09523809523809523,0.0,0.0,-1.0,0.0,0.2030031243069879,-0.0,"Riigikaitse, julgeolek ja kriisivalmidus"
defence,kaja pae,0,5,1,105,0.047619047619047616,0.0,0.0,-1.0,0.0,0.2785653532422421,-0.0,"Riigikaitse, julgeolek ja kriisivalmidus"
defence,keskkonnainvesteeringute keskus,0,5,1,105,0.047619047619047616,0.0,0.0,-1.0,0.0,0.2785653532422421,-0.0,"Riigikaitse, julgeolek ja kriisivalmidus"
defence,kogu ala ühispaneel,1,5,1,105,0.047619047619047616,21.0,0.2,0.6541788517000096,0.6541788517000096,0.6077258605274773,0.10902980861666826,"Riigikaitse, julgeolek ja kriisivalmidus"
defence,korruptsioonivaba eesti mtü,0,5,1,105,0.047619047619047616,0.0,0.0,-1.0,0.0,0.2785653532422421,-0.0,"Riigikaitse, julgeolek ja kriisivalmidus"
defence,kultuuriministeerium,0,5,1,105,0.047619047619047616,0.0,0.0,-1.0,0.0,0.2785653532422421,-0.0,"Riigikaitse, julgeolek ja kriisivalmidus"
defence,lasteklubi väike päike,0,5,3,105,0.14285714285714285,0.0,0.0,-1.0,0.0,0.14939086967774134,-0.0,"Riigikaitse, julgeolek ja kriisivalmidus"
defence,loomus mtü,0,5,1,105,0.047619047619047616,0.0,0.0,-1.0,0.0,0.2785653532422421,-0.0,"Riigikaitse, julgeolek ja kriisivalmidus"
defence,magnum as,0,5,1,105,0.047619047619047616,0.0,0.0,-1.0,0.0,0.2785653532422421,-0.0,"Riigikaitse, julgeolek ja kriisivalmidus"
defence,maililii oü,0,5,1,105,0.047619047619047616,0.0,0.0,-1.0,0.0,0.2785653532422421,-0.0,"Riigikaitse, julgeolek ja kriisivalmidus"
defence,mtü eesti jõujaamade ja kaugkütte ühing,0,5,1,105,0.047619047619047616,0.0,0.0,-1.0,0.0,0.2785653532422421,-0.0,"Riigikaitse, julgeolek ja kriisivalmidus"
defence,mtü eesti taastuvenergia koda,0,5,4,105,0.19047619047619047,0.0,0.0,-1.0,0.0,0.10780597427576274,-0.0,"Riigikaitse, julgeolek ja kriisivalmidus"
defence,mtü teadveloleku kompetentsikeskus toko,0,5,1,105,0.047619047619047616,0.0,0.0,-1.0,0.0,0.2785653532422421,-0.0,"Riigikaitse, julgeolek ja kriisivalmidus"
defence,novartis,0,5,1,105,0.047619047619047616,0.0,0.0,-1.0,0.0,0.2785653532422421,-0.0,"Riigikaitse, julgeolek ja kriisivalmidus"
defence,pullivara group,0,5,1,105,0.047619047619047616,0.0,0.0,-1.0,0.0,0.2785653532422421,-0.0,"Riigikaitse, julgeolek ja kriisivalmidus"
defence,põllumajandus- ja toiduamet,0,5,1,105,0.047619047619047616,0.0,0.0,-1.0,0.0,0.2785653532422421,-0.0,"Riigikaitse, julgeolek ja kriisivalmidus"
defence,rail baltic estonia,0,5,2,105,0.09523809523809523,0.0,0.0,-1.0,0.0,0.2030031243069879,-0.0,"Riigikaitse, julgeolek ja kriisivalmidus"
defence,regionaal- ja põllumajandusministeerium,0,5,1,105,0.047619047619047616,0.0,0.0,-1.0,0.0,0.2785653532422421,-0.0,"Riigikaitse, julgeolek ja kriisivalmidus"
defence,roche,0,5,1,105,0.047619047619047616,0.0,0.0,-1.0,0.0,0.2785653532422421,-0.0,"Riigikaitse, julgeolek ja kriisivalmidus"
defence,sa õpilasmalev,0,5,1,105,0.047619047619047616,0.0,0.0,-1.0,0.0,0.2785653532422421,-0.0,"Riigikaitse, julgeolek ja kriisivalmidus"
defence,sihtasutus eesti teadusagentuur (etag),0,5,2,105,0.09523809523809523,0.0,0.0,-1.0,0.0,0.2030031243069879,-0.0,"Riigikaitse, julgeolek ja kriisivalmidus"
defence,siseministeerium,0,5,1,105,0.047619047619047616,0.0,0.0,-1.0,0.0,0.2785653532422421,-0.0,"Riigikaitse, julgeolek ja kriisivalmidus"
defence,synlab,0,5,1,105,0.047619047619047616,0.0,0.0,-1.0,0.0,0.2785653532422421,-0.0,"Riigikaitse, julgeolek ja kriisivalmidus"
defence,taastuvenergia koda,0,5,1,105,0.047619047619047616,0.0,0.0,-1.0,0.0,0.2785653532422421,-0.0,"Riigikaitse, julgeolek ja kriisivalmidus"
defence,tallinna ettevõtlusinkubaator,0,5,1,105,0.047619047619047616,0.0,0.0,-1.0,0.0,0.2785653532422421,-0.0,"Riigikaitse, julgeolek ja kriisivalmidus"
defence,tallinna lastekodu,0,5,1,105,0.047619047619047616,0.0,0.0,-1.0,0.0,0.2785653532422421,-0.0,"Riigikaitse, julgeolek ja kriisivalmidus"
defence,"tallinna tehnikaülikool, vastutustundliku majanduse ja esg fookustippkeskus",0,5,1,105,0.047619047619047616,0.0,0.0,-1.0,0.0,0.2785653532422421,-0.0,"Riigikaitse, julgeolek ja kriisivalmidus"
defence,tallinna vesi,1,5,1,105,0.047619047619047616,21.0,0.2,0.6541788517000096,0.6541788517000096,0.6077258605274773,0.10902980861666826,"Riigikaitse, julgeolek ja kriisivalmidus"
defence,"tallinna ülikool, tartu ülikool, eesti maaülikool",0,5,1,105,0.047619047619047616,0.0,0.0,-1.0,0.0,0.2785653532422421,-0.0,"Riigikaitse, julgeolek ja kriisivalmidus"
defence,tartu kristjan jaak petersoni gümnaasium / kultuuriministeerium,0,5,1,105,0.047619047619047616,0.0,0.0,-1.0,0.0,0.2785653532422421,-0.0,"Riigikaitse, julgeolek ja kriisivalmidus"
defence,tartu ülikool,0,5,1,105,0.047619047619047616,0.0,0.0,-1.0,0.0,0.2785653532422421,-0.0,"Riigikaitse, julgeolek ja kriisivalmidus"
defence,tartumaa omavalitsuste liit,0,5,1,105,0.047619047619047616,0.0,0.0,-1.0,0.0,0.2785653532422421,-0.0,"Riigikaitse, julgeolek ja kriisivalmidus"
defence,vindr baltic oü ja vkg,0,5,1,105,0.047619047619047616,0.0,0.0,-1.0,0.0,0.2785653532422421,-0.0,"Riigikaitse, julgeolek ja kriisivalmidus"
defence,ühendus kultuuritahe,0,5,3,105,0.14285714285714285,0.0,0.0,-1.0,0.0,0.14939086967774134,-0.0,"Riigikaitse, julgeolek ja kriisivalmidus"
defence,üro pagulasamet,0,5,1,105,0.047619047619047616,0.0,0.0,-1.0,0.0,0.2785653532422421,-0.0,"Riigikaitse, julgeolek ja kriisivalmidus"
economy,adven eesti as,1,13,1,105,0.12380952380952381,8.076923076923077,0.07692307692307693,0.448867380794355,0.448867380794355,0.4091728627704338,0.0748112301323925,"Majandus, ettevõtlus ja innovatsioon"
economy,apotheka,0,13,1,105,0.12380952380952381,0.0,0.0,-1.0,0.0,0.12066344350294685,-0.0,"Majandus, ettevõtlus ja innovatsioon"
economy,bonava eesti,0,13,1,105,0.12380952380952381,0.0,0.0,-1.0,0.0,0.12066344350294685,-0.0,"Majandus, ettevõtlus ja innovatsioon"
economy,confido,0,13,1,105,0.12380952380952381,0.0,0.0,-1.0,0.0,0.12066344350294685,-0.0,"Majandus, ettevõtlus ja innovatsioon"
economy,eesti ametiühingute keskliit,0,13,1,105,0.12380952380952381,0.0,0.0,-1.0,0.0,0.12066344350294685,-0.0,"Majandus, ettevõtlus ja innovatsioon"
economy,eesti arhitektide liit / maa- ja ruumiamet,0,13,1,105,0.12380952380952381,0.0,0.0,-1.0,0.0,0.12066344350294685,-0.0,"Majandus, ettevõtlus ja innovatsioon"
economy,eesti arhitektide liit mtü,1,13,1,105,0.12380952380952381,8.076923076923077,0.07692307692307693,0.448867380794355,0.448867380794355,0.4091728627704338,0.0748112301323925,"Majandus, ettevõtlus ja innovatsioon"
economy,eesti e-residentsuse programm,3,13,8,105,0.9904761904761905,3.0288461538461537,0.16666666666666666,0.31169430405078785,0.31169430405078785,0.31850553138336957,0.11688536401904545,"Majandus, ettevõtlus ja innovatsioon"
economy,eesti hambaarstide liit,0,13,1,105,0.12380952380952381,0.0,0.0,-1.0,0.0,0.12066344350294685,-0.0,"Majandus, ettevõtlus ja innovatsioon"
economy,eesti interneti sa,0,13,2,105,0.24761904761904763,0.0,0.0,-1.0,0.0,0.04510121456769261,-0.0,"Majandus, ettevõtlus ja innovatsioon"
economy,eesti kaubandus-tööstuskoda,0,13,1,105,0.12380952380952381,0.0,0.0,-1.0,0.0,0.12066344350294685,-0.0,"Majandus, ettevõtlus ja innovatsioon"
economy,eesti kunstikoolide liit (noored),0,13,1,105,0.12380952380952381,0.0,0.0,-1.0,0.0,0.12066344350294685,-0.0,"Majandus, ettevõtlus ja innovatsioon"
economy,eesti lastehoidude liit,0,13,2,105,0.24761904761904763,0.0,0.0,-1.0,0.0,0.04510121456769261,-0.0,"Majandus, ettevõtlus ja innovatsioon"
economy,eesti loomaarstide koda (elk),0,13,1,105,0.12380952380952381,0.0,0.0,-1.0,0.0,0.12066344350294685,-0.0,"Majandus, ettevõtlus ja innovatsioon"
economy,"eesti maaülikool, veterinaarmeditsiini ja loomakasvatuse instituut",0,13,1,105,0.12380952380952381,0.0,0.0,-1.0,0.0,0.12066344350294685,-0.0,"Majandus, ettevõtlus ja innovatsioon"
economy,eesti matemaatika selts,0,13,1,105,0.12380952380952381,0.0,0.0,-1.0,0.0,0.12066344350294685,-0.0,"Majandus, ettevõtlus ja innovatsioon"
economy,eesti montessori ühing,0,13,1,105,0.12380952380952381,0.0,0.0,-1.0,0.0,0.12066344350294685,-0.0,"Majandus, ettevõtlus ja innovatsioon"
economy,eesti muuseumiühing koostöös eesti muuseumide liiduga,0,13,1,105,0.12380952380952381,0.0,0.0,-1.0,0.0,0.12066344350294685,-0.0,"Majandus, ettevõtlus ja innovatsioon"
economy,eesti personalijuhtimise ühing pare ja tööinspektsioon,0,13,9,105,1.1142857142857143,0.0,0.0,-1.0,0.0,-0.17927041902803326,-0.0,"Majandus, ettevõtlus ja innovatsioon"
economy,eesti seksuaaltervise liit,0,13,2,105,0.24761904761904763,0.0,0.0,-1.0,0.0,0.04510121456769261,-0.0,"Majandus, ettevõtlus ja innovatsioon"
economy,eesti tervisemajanduse koda (health founders estonia),0,13,1,105,0.12380952380952381,0.0,0.0,-1.0,0.0,0.12066344350294685,-0.0,"Majandus, ettevõtlus ja innovatsioon"
economy,eesti tuuleenergia assotsiatsioon,0,13,1,105,0.12380952380952381,0.0,0.0,-1.0,0.0,0.12066344350294685,-0.0,"Majandus, ettevõtlus ja innovatsioon"
economy,eesti urantia assotsiatsioon mtü,0,13,1,105,0.12380952380952381,0.0,0.0,-1.0,0.0,0.12066344350294685,-0.0,"Majandus, ettevõtlus ja innovatsioon"
economy,eesti vaimse tervise ja heaolu koalitsioon vatek,0,13,1,105,0.12380952380952381,0.0,0.0,-1.0,0.0,0.12066344350294685,-0.0,"Majandus, ettevõtlus ja innovatsioon"
economy,eesti vähitõrje võrgustik (estcan),0,13,5,105,0.6190476190476191,0.0,0.0,-1.0,0.0,-0.08407326899680813,-0.0,"Majandus, ettevõtlus ja innovatsioon"
economy,eesti väitlusselts,0,13,1,105,0.12380952380952381,0.0,0.0,-1.0,0.0,0.12066344350294685,-0.0,"Majandus, ettevõtlus ja innovatsioon"
economy,eesti õigusteaduse üliõpilaste liit,0,13,1,105,0.12380952380952381,0.0,0.0,-1.0,0.0,0.12066344350294685,-0.0,"Majandus, ettevõtlus ja innovatsioon"
economy,"eesti õigusteaduse üliõpilaste liit, rahvusvaheliste suhete ring, feministeerium",0,13,1,105,0.12380952380952381,0.0,0.0,-1.0,0.0,0.12066344350294685,-0.0,"Majandus, ettevõtlus ja innovatsioon"
economy,eesti õpilasesinduste liit,0,13,1,105,0.12380952380952381,0.0,0.0,-1.0,0.0,0.12066344350294685,-0.0,"Majandus, ettevõtlus ja innovatsioon"
economy,eesti üliõpilaskondade liit,1,13,2,105,0.24761904761904763,4.038461538461538,0.07142857142857142,0.2999303189355267,0.2999303189355267,0.3141575010368759,0.049988386489254445,"Majandus, ettevõtlus ja innovatsioon"
economy,eesti üro ühing,0,13,1,105,0.12380952380952381,0.0,0.0,-1.0,0.0,0.12066344350294685,-0.0,"Majandus, ettevõtlus ja innovatsioon"
economy,eestimaa looduse fond,0,13,1,105,0.12380952380952381,0.0,0.0,-1.0,0.0,0.12066344350294685,-0.0,"Majandus, ettevõtlus ja innovatsioon"
economy,elisabeth luisk,0,13,1,105,0.12380952380952381,0.0,0.0,-1.0,0.0,0.12066344350294685,-0.0,"Majandus, ettevõtlus ja innovatsioon"
economy,emn eesti,0,13,1,105,0.12380952380952381,0.0,0.0,-1.0,0.0,0.12066344350294685,-0.0,"Majandus, ettevõtlus ja innovatsioon"
economy,fenno-ugria asutus,0,13,1,105,0.12380952380952381,0.0,0.0,-1.0,0.0,0.12066344350294685,-0.0,"Majandus, ettevõtlus ja innovatsioon"
economy,geoteaduste üliõpilaste selts,0,13,1,105,0.12380952380952381,0.0,0.0,-1.0,0.0,0.12066344350294685,-0.0,"Majandus, ettevõtlus ja innovatsioon"
economy,integratsiooni sihtasutus,0,13,1,105,0.12380952380952381,0.0,0.0,-1.0,0.0,0.12066344350294685,-0.0,"Majandus, ettevõtlus ja innovatsioon"
economy,justiits- ja digiministeerium,0,13,2,105,0.24761904761904763,0.0,0.0,-1.0,0.0,0.04510121456769261,-0.0,"Majandus, ettevõtlus ja innovatsioon"
economy,kaja pae,0,13,1,105,0.12380952380952381,0.0,0.0,-1.0,0.0,0.12066344350294685,-0.0,"Majandus, ettevõtlus ja innovatsioon"
economy,keskkonnainvesteeringute keskus,1,13,1,105,0.12380952380952381,8.076923076923077,0.07692307692307693,0.448867380794355,0.448867380794355,0.4091728627704338,0.0748112301323925,"Majandus, ettevõtlus ja innovatsioon"
economy,kogu ala ühispaneel,0,13,1,105,0.12380952380952381,0.0,0.0,-1.0,0.0,0.12066344350294685,-0.0,"Majandus, ettevõtlus ja innovatsioon"
economy,korruptsioonivaba eesti mtü,0,13,1,105,0.12380952380952381,0.0,0.0,-1.0,0.0,0.12066344350294685,-0.0,"Majandus, ettevõtlus ja innovatsioon"
economy,kultuuriministeerium,0,13,1,105,0.12380952380952381,0.0,0.0,-1.0,0.0,0.12066344350294685,-0.0,"Majandus, ettevõtlus ja innovatsioon"
economy,lasteklubi väike päike,0,13,3,105,0.37142857142857144,0.0,0.0,-1.0,0.0,-0.008511040061553898,-0.0,"Majandus, ettevõtlus ja innovatsioon"
economy,loomus mtü,0,13,1,105,0.12380952380952381,0.0,0.0,-1.0,0.0,0.12066344350294685,-0.0,"Majandus, ettevõtlus ja innovatsioon"
economy,magnum as,0,13,1,105,0.12380952380952381,0.0,0.0,-1.0,0.0,0.12066344350294685,-0.0,"Majandus, ettevõtlus ja innovatsioon"
economy,maililii oü,0,13,1,105,0.12380952380952381,0.0,0.0,-1.0,0.0,0.12066344350294685,-0.0,"Majandus, ettevõtlus ja innovatsioon"
economy,mtü eesti jõujaamade ja kaugkütte ühing,0,13,1,105,0.12380952380952381,0.0,0.0,-1.0,0.0,0.12066344350294685,-0.0,"Majandus, ettevõtlus ja innovatsioon"
economy,mtü eesti taastuvenergia koda,1,13,4,105,0.49523809523809526,2.019230769230769,0.0625,0.15099325707669836,0.15099325707669836,0.19445230210777814,0.025165542846116395,"Majandus, ettevõtlus ja innovatsioon"
economy,mtü teadveloleku kompetentsikeskus toko,0,13,1,105,0.12380952380952381,0.0,0.0,-1.0,0.0,0.12066344350294685,-0.0,"Majandus, ettevõtlus ja innovatsioon"
economy,novartis,0,13,1,105,0.12380952380952381,0.0,0.0,-1.0,0.0,0.12066344350294685,-0.0,"Majandus, ettevõtlus ja innovatsioon"
economy,pullivara group,0,13,1,105,0.12380952380952381,0.0,0.0,-1.0,0.0,0.12066344350294685,-0.0,"Majandus, ettevõtlus ja innovatsioon"
economy,põllumajandus- ja toiduamet,1,13,1,105,0.12380952380952381,8.076923076923077,0.07692307692307693,0.448867380794355,0.448867380794355,0.4091728627704338,0.0748112301323925,"Majandus, ettevõtlus ja innovatsioon"
economy,rail baltic estonia,1,13,2,105,0.24761904761904763,4.038461538461538,0.07142857142857142,0.2999303189355267,0.2999303189355267,0.3141575010368759,0.049988386489254445,"Majandus, ettevõtlus ja innovatsioon"
economy,regionaal- ja põllumajandusministeerium,0,13,1,105,0.12380952380952381,0.0,0.0,-1.0,0.0,0.12066344350294685,-0.0,"Majandus, ettevõtlus ja innovatsioon"
economy,roche,0,13,1,105,0.12380952380952381,0.0,0.0,-1.0,0.0,0.12066344350294685,-0.0,"Majandus, ettevõtlus ja innovatsioon"
economy,sa õpilasmalev,0,13,1,105,0.12380952380952381,0.0,0.0,-1.0,0.0,0.12066344350294685,-0.0,"Majandus, ettevõtlus ja innovatsioon"
economy,sihtasutus eesti teadusagentuur (etag),0,13,2,105,0.24761904761904763,0.0,0.0,-1.0,0.0,0.04510121456769261,-0.0,"Majandus, ettevõtlus ja innovatsioon"
economy,siseministeerium,0,13,1,105,0.12380952380952381,0.0,0.0,-1.0,0.0,0.12066344350294685,-0.0,"Majandus, ettevõtlus ja innovatsioon"
economy,synlab,0,13,1,105,0.12380952380952381,0.0,0.0,-1.0,0.0,0.12066344350294685,-0.0,"Majandus, ettevõtlus ja innovatsioon"
economy,taastuvenergia koda,0,13,1,105,0.12380952380952381,0.0,0.0,-1.0,0.0,0.12066344350294685,-0.0,"Majandus, ettevõtlus ja innovatsioon"
economy,tallinna ettevõtlusinkubaator,1,13,1,105,0.12380952380952381,8.076923076923077,0.07692307692307693,0.448867380794355,0.448867380794355,0.4091728627704338,0.0748112301323925,"Majandus, ettevõtlus ja innovatsioon"
economy,tallinna lastekodu,0,13,1,105,0.12380952380952381,0.0,0.0,-1.0,0.0,0.12066344350294685,-0.0,"Majandus, ettevõtlus ja innovatsioon"
economy,"tallinna tehnikaülikool, vastutustundliku majanduse ja esg fookustippkeskus",1,13,1,105,0.12380952380952381,8.076923076923077,0.07692307692307693,0.448867380794355,0.448867380794355,0.4091728627704338,0.0748112301323925,"Majandus, ettevõtlus ja innovatsioon"
economy,tallinna vesi,0,13,1,105,0.12380952380952381,0.0,0.0,-1.0,0.0,0.12066344350294685,-0.0,"Majandus, ettevõtlus ja innovatsioon"
economy,"tallinna ülikool, tartu ülikool, eesti maaülikool",0,13,1,105,0.12380952380952381,0.0,0.0,-1.0,0.0,0.12066344350294685,-0.0,"Majandus, ettevõtlus ja innovatsioon"
economy,tartu kristjan jaak petersoni gümnaasium / kultuuriministeerium,0,13,1,105,0.12380952380952381,0.0,0.0,-1.0,0.0,0.12066344350294685,-0.0,"Majandus, ettevõtlus ja innovatsioon"
economy,tartu ülikool,0,13,1,105,0.12380952380952381,0.0,0.0,-1.0,0.0,0.12066344350294685,-0.0,"Majandus, ettevõtlus ja innovatsioon"
economy,tartumaa omavalitsuste liit,0,13,1,105,0.12380952380952381,0.0,0.0,-1.0,0.0,0.12066344350294685,-0.0,"Majandus, ettevõtlus ja innovatsioon"
economy,vindr baltic oü ja vkg,0,13,1,105,0.12380952380952381,0.0,0.0,-1.0,0.0,0.12066344350294685,-0.0,"Majandus, ettevõtlus ja innovatsioon"
economy,ühendus kultuuritahe,1,13,3,105,0.37142857142857144,2.692307692307692,0.06666666666666667,0.21280772278052495,0.21280772278052495,0.24674302903507364,0.03546795379675416,"Majandus, ettevõtlus ja innovatsioon"
economy,üro pagulasamet,0,13,1,105,0.12380952380952381,0.0,0.0,-1.0,0.0,0.12066344350294685,-0.0,"Majandus, ettevõtlus ja innovatsioon"
education,adven eesti as,1,29,1,105,0.2761904761904762,3.6206896551724137,0.034482758620689655,0.2764665840196725,0.2764665840196725,0.23057546612946153,0.04607776400327875,"Haridus, õppimine ja oskused"
education,apotheka,0,29,1,105,0.2761904761904762,0.0,0.0,-1.0,0.0,-0.021368509288738003,-0.0,"Haridus, õppimine ja oskused"
education,bonava eesti,0,29,1,105,0.2761904761904762,0.0,0.0,-1.0,0.0,-0.021368509288738003,-0.0,"Haridus, õppimine ja oskused"
education,confido,1,29,1,105,0.2761904761904762,3.6206896551724137,0.034482758620689655,0.2764665840196725,0.2764665840196725,0.23057546612946153,0.04607776400327875,"Haridus, õppimine ja oskused"
education,eesti ametiühingute keskliit,0,29,1,105,0.2761904761904762,0.0,0.0,-1.0,0.0,-0.021368509288738003,-0.0,"Haridus, õppimine ja oskused"
education,eesti arhitektide liit / maa- ja ruumiamet,1,29,1,105,0.2761904761904762,3.6206896551724137,0.034482758620689655,0.2764665840196725,0.2764665840196725,0.23057546612946153,0.04607776400327875,"Haridus, õppimine ja oskused"
education,eesti arhitektide liit mtü,0,29,1,105,0.2761904761904762,0.0,0.0,-1.0,0.0,-0.021368509288738003,-0.0,"Haridus, õppimine ja oskused"
education,eesti e-residentsuse programm,2,29,8,105,2.2095238095238097,0.9051724137931034,0.05714285714285714,-0.025153885498457824,0.0,-0.0024763205931294125,-0.007186824428130807,"Haridus, õppimine ja oskused"
education,eesti hambaarstide liit,0,29,1,105,0.2761904761904762,0.0,0.0,-1.0,0.0,-0.021368509288738003,-0.0,"Haridus, õppimine ja oskused"
education,eesti interneti sa,0,29,2,105,0.5523809523809524,0.0,0.0,-1.0,0.0,-0.09693073822399226,-0.0,"Haridus, õppimine ja oskused"
education,eesti kaubandus-tööstuskoda,0,29,1,105,0.2761904761904762,0.0,0.0,-1.0,0.0,-0.021368509288738003,-0.0,"Haridus, õppimine ja oskused"
education,eesti kunstikoolide liit (noored),0,29,1,105,0.2761904761904762,0.0,0.0,-1.0,0.0,-0.021368509288738003,-0.0,"Haridus, õppimine ja oskused"
education,eesti lastehoidude liit,2,29,2,105,0.5523809523809524,3.6206896551724137,0.06896551724137931,0.3248485765618113,0.3248485765618113,0.2899770656539881,0.09281387901766038,"Haridus, õppimine ja oskused"
education,eesti loomaarstide koda (elk),1,29,1,105,0.2761904761904762,3.6206896551724137,0.034482758620689655,0.2764665840196725,0.2764665840196725,0.23057546612946153,0.04607776400327875,"Haridus, õppimine ja oskused"
education,"eesti maaülikool, veterinaarmeditsiini ja loomakasvatuse instituut",0,29,1,105,0.2761904761904762,0.0,0.0,-1.0,0.0,-0.021368509288738003,-0.0,"Haridus, õppimine ja oskused"
education,eesti matemaatika selts,1,29,1,105,0.2761904761904762,3.6206896551724137,0.034482758620689655,0.2764665840196725,0.2764665840196725,0.23057546612946153,0.04607776400327875,"Haridus, õppimine ja oskused"
education,eesti montessori ühing,1,29,1,105,0.2761904761904762,3.6206896551724137,0.034482758620689655,0.2764665840196725,0.2764665840196725,0.23057546612946153,0.04607776400327875,"Haridus, õppimine ja oskused"
education,eesti muuseumiühing koostöös eesti muuseumide liiduga,1,29,1,105,0.2761904761904762,3.6206896551724137,0.034482758620689655,0.2764665840196725,0.2764665840196725,0.23057546612946153,0.04607776400327875,"Haridus, õppimine ja oskused"
education,eesti personalijuhtimise ühing pare ja tööinspektsioon,3,29,9,105,2.4857142857142858,1.206896551724138,0.08571428571428572,0.05289277681132586,0.05289277681132586,0.06485527969163482,0.019834791304247198,"Haridus, õppimine ja oskused"
education,eesti seksuaaltervise liit,0,29,2,105,0.5523809523809524,0.0,0.0,-1.0,0.0,-0.09693073822399226,-0.0,"Haridus, õppimine ja oskused"
education,eesti tervisemajanduse koda (health founders estonia),0,29,1,105,0.2761904761904762,0.0,0.0,-1.0,0.0,-0.021368509288738003,-0.0,"Haridus, õppimine ja oskused"
education,eesti tuuleenergia assotsiatsioon,0,29,1,105,0.2761904761904762,0.0,0.0,-1.0,0.0,-0.021368509288738003,-0.0,"Haridus, õppimine ja oskused"
education,eesti urantia assotsiatsioon mtü,0,29,1,105,0.2761904761904762,0.0,0.0,-1.0,0.0,-0.021368509288738003,-0.0,"Haridus, õppimine ja oskused"
education,eesti vaimse tervise ja heaolu koalitsioon vatek,0,29,1,105,0.2761904761904762,0.0,0.0,-1.0,0.0,-0.021368509288738003,-0.0,"Haridus, õppimine ja oskused"
education,eesti vähitõrje võrgustik (estcan),0,29,5,105,1.380952380952381,0.0,0.0,-1.0,0.0,-0.22610522178849302,-0.0,"Haridus, õppimine ja oskused"
education,eesti väitlusselts,0,29,1,105,0.2761904761904762,0.0,0.0,-1.0,0.0,-0.021368509288738003,-0.0,"Haridus, õppimine ja oskused"
education,eesti õigusteaduse üliõpilaste liit,0,29,1,105,0.2761904761904762,0.0,0.0,-1.0,0.0,-0.021368509288738003,-0.0,"Haridus, õppimine ja oskused"
education,"eesti õigusteaduse üliõpilaste liit, rahvusvaheliste suhete ring, feministeerium",0,29,1,105,0.2761904761904762,0.0,0.0,-1.0,0.0,-0.021368509288738003,-0.0,"Haridus, õppimine ja oskused"
education,eesti õpilasesinduste liit,1,29,1,105,0.2761904761904762,3.6206896551724137,0.034482758620689655,0.2764665840196725,0.2764665840196725,0.23057546612946153,0.04607776400327875,"Haridus, õppimine ja oskused"
education,eesti üliõpilaskondade liit,2,29,2,105,0.5523809523809524,3.6206896551724137,0.06896551724137931,0.3248485765618113,0.3248485765618113,0.2899770656539881,0.09281387901766038,"Haridus, õppimine ja oskused"
education,eesti üro ühing,0,29,1,105,0.2761904761904762,0.0,0.0,-1.0,0.0,-0.021368509288738003,-0.0,"Haridus, õppimine ja oskused"
education,eestimaa looduse fond,0,29,1,105,0.2761904761904762,0.0,0.0,-1.0,0.0,-0.021368509288738003,-0.0,"Haridus, õppimine ja oskused"
education,elisabeth luisk,1,29,1,105,0.2761904761904762,3.6206896551724137,0.034482758620689655,0.2764665840196725,0.2764665840196725,0.23057546612946153,0.04607776400327875,"Haridus, õppimine ja oskused"
education,emn eesti,0,29,1,105,0.2761904761904762,0.0,0.0,-1.0,0.0,-0.021368509288738003,-0.0,"Haridus, õppimine ja oskused"
education,fenno-ugria asutus,0,29,1,105,0.2761904761904762,0.0,0.0,-1.0,0.0,-0.021368509288738003,-0.0,"Haridus, õppimine ja oskused"
education,geoteaduste üliõpilaste selts,0,29,1,105,0.2761904761904762,0.0,0.0,-1.0,0.0,-0.021368509288738003,-0.0,"Haridus, õppimine ja oskused"
education,integratsiooni sihtasutus,0,29,1,105,0.2761904761904762,0.0,0.0,-1.0,0.0,-0.021368509288738003,-0.0,"Haridus, õppimine ja oskused"
education,justiits- ja digiministeerium,0,29,2,105,0.5523809523809524,0.0,0.0,-1.0,0.0,-0.09693073822399226,-0.0,"Haridus, õppimine ja oskused"
education,kaja pae,0,29,1,105,0.2761904761904762,0.0,0.0,-1.0,0.0,-0.021368509288738003,-0.0,"Haridus, õppimine ja oskused"
education,keskkonnainvesteeringute keskus,0,29,1,105,0.2761904761904762,0.0,0.0,-1.0,0.0,-0.021368509288738003,-0.0,"Haridus, õppimine ja oskused"
education,kogu ala ühispaneel,0,29,1,105,0.2761904761904762,0.0,0.0,-1.0,0.0,-0.021368509288738003,-0.0,"Haridus, õppimine ja oskused"
education,korruptsioonivaba eesti mtü,1,29,1,105,0.2761904761904762,3.6206896551724137,0.034482758620689655,0.2764665840196725,0.2764665840196725,0.23057546612946153,0.04607776400327875,"Haridus, õppimine ja oskused"
education,kultuuriministeerium,0,29,1,105,0.2761904761904762,0.0,0.0,-1.0,0.0,-0.021368509288738003,-0.0,"Haridus, õppimine ja oskused"
education,lasteklubi väike päike,3,29,3,105,0.8285714285714286,3.6206896551724137,0.10344827586206896,0.3618955156902521,0.3618955156902521,0.3327713865105905,0.13571081838384452,"Haridus, õppimine ja oskused"
education,loomus mtü,0,29,1,105,0.2761904761904762,0.0,0.0,-1.0,0.0,-0.021368509288738003,-0.0,"Haridus, õppimine ja oskused"
education,magnum as,0,29,1,105,0.2761904761904762,0.0,0.0,-1.0,0.0,-0.021368509288738003,-0.0,"Haridus, õppimine ja oskused"
education,maililii oü,1,29,1,105,0.2761904761904762,3.6206896551724137,0.034482758620689655,0.2764665840196725,0.2764665840196725,0.23057546612946153,0.04607776400327875,"Haridus, õppimine ja oskused"
education,mtü eesti jõujaamade ja kaugkütte ühing,0,29,1,105,0.2761904761904762,0.0,0.0,-1.0,0.0,-0.021368509288738003,-0.0,"Haridus, õppimine ja oskused"
education,mtü eesti taastuvenergia koda,0,29,4,105,1.1047619047619048,0.0,0.0,-1.0,0.0,-0.1921278882552174,-0.0,"Haridus, õppimine ja oskused"
education,mtü teadveloleku kompetentsikeskus toko,0,29,1,105,0.2761904761904762,0.0,0.0,-1.0,0.0,-0.021368509288738003,-0.0,"Haridus, õppimine ja oskused"
education,novartis,0,29,1,105,0.2761904761904762,0.0,0.0,-1.0,0.0,-0.021368509288738003,-0.0,"Haridus, õppimine ja oskused"
education,pullivara group,0,29,1,105,0.2761904761904762,0.0,0.0,-1.0,0.0,-0.021368509288738003,-0.0,"Haridus, õppimine ja oskused"
education,põllumajandus- ja toiduamet,0,29,1,105,0.2761904761904762,0.0,0.0,-1.0,0.0,-0.021368509288738003,-0.0,"Haridus, õppimine ja oskused"
education,rail baltic estonia,0,29,2,105,0.5523809523809524,0.0,0.0,-1.0,0.0,-0.09693073822399226,-0.0,"Haridus, õppimine ja oskused"
education,regionaal- ja põllumajandusministeerium,0,29,1,105,0.2761904761904762,0.0,0.0,-1.0,0.0,-0.021368509288738003,-0.0,"Haridus, õppimine ja oskused"
education,roche,0,29,1,105,0.2761904761904762,0.0,0.0,-1.0,0.0,-0.021368509288738003,-0.0,"Haridus, õppimine ja oskused"
education,sa õpilasmalev,1,29,1,105,0.2761904761904762,3.6206896551724137,0.034482758620689655,0.2764665840196725,0.2764665840196725,0.23057546612946153,0.04607776400327875,"Haridus, õppimine ja oskused"
education,sihtasutus eesti teadusagentuur (etag),2,29,2,105,0.5523809523809524,3.6206896551724137,0.06896551724137931,0.3248485765618113,0.3248485765618113,0.2899770656539881,0.09281387901766038,"Haridus, õppimine ja oskused"
education,siseministeerium,1,29,1,105,0.2761904761904762,3.6206896551724137,0.034482758620689655,0.2764665840196725,0.2764665840196725,0.23057546612946153,0.04607776400327875,"Haridus, õppimine ja oskused"
education,synlab,0,29,1,105,0.2761904761904762,0.0,0.0,-1.0,0.0,-0.021368509288738003,-0.0,"Haridus, õppimine ja oskused"
education,taastuvenergia koda,0,29,1,105,0.2761904761904762,0.0,0.0,-1.0,0.0,-0.021368509288738003,-0.0,"Haridus, õppimine ja oskused"
education,tallinna ettevõtlusinkubaator,0,29,1,105,0.2761904761904762,0.0,0.0,-1.0,0.0,-0.021368509288738003,-0.0,"Haridus, õppimine ja oskused"
education,tallinna lastekodu,0,29,1,105,0.2761904761904762,0.0,0.0,-1.0,0.0,-0.021368509288738003,-0.0,"Haridus, õppimine ja oskused"
education,"tallinna tehnikaülikool, vastutustundliku majanduse ja esg fookustippkeskus",1,29,1,105,0.2761904761904762,3.6206896551724137,0.034482758620689655,0.2764665840196725,0.2764665840196725,0.23057546612946153,0.04607776400327875,"Haridus, õppimine ja oskused"
education,tallinna vesi,0,29,1,105,0.2761904761904762,0.0,0.0,-1.0,0.0,-0.021368509288738003,-0.0,"Haridus, õppimine ja oskused"
education,"tallinna ülikool, tartu ülikool, eesti maaülikool",1,29,1,105,0.2761904761904762,3.6206896551724137,0.034482758620689655,0.2764665840196725,0.2764665840196725,0.23057546612946153,0.04607776400327875,"Haridus, õppimine ja oskused"
education,tartu kristjan jaak petersoni gümnaasium / kultuuriministeerium,0,29,1,105,0.2761904761904762,0.0,0.0,-1.0,0.0,-0.021368509288738003,-0.0,"Haridus, õppimine ja oskused"
education,tartu ülikool,0,29,1,105,0.2761904761904762,0.0,0.0,-1.0,0.0,-0.021368509288738003,-0.0,"Haridus, õppimine ja oskused"
education,tartumaa omavalitsuste liit,0,29,1,105,0.2761904761904762,0.0,0.0,-1.0,0.0,-0.021368509288738003,-0.0,"Haridus, õppimine ja oskused"
education,vindr baltic oü ja vkg,0,29,1,105,0.2761904761904762,0.0,0.0,-1.0,0.0,-0.021368509288738003,-0.0,"Haridus, õppimine ja oskused"
education,ühendus kultuuritahe,0,29,3,105,0.8285714285714286,0.0,0.0,-1.0,0.0,-0.15054299285323874,-0.0,"Haridus, õppimine ja oskused"
education,üro pagulasamet,0,29,1,105,0.2761904761904762,0.0,0.0,-1.0,0.0,-0.021368509288738003,-0.0,"Haridus, õppimine ja oskused"
energy,adven eesti as,1,12,1,105,0.11428571428571428,8.75,0.08333333333333333,0.4660662182685134,0.4660662182685134,0.42653908156637493,0.07767770304475223,Energeetika ja energiaturud
energy,apotheka,0,12,1,105,0.11428571428571428,0.0,0.0,-1.0,0.0,0.13447415975405552,-0.0,Energeetika ja energiaturud
energy,bonava eesti,0,12,1,105,0.11428571428571428,0.0,0.0,-1.0,0.0,0.13447415975405552,-0.0,Energeetika ja energiaturud
energy,confido,0,12,1,105,0.11428571428571428,0.0,0.0,-1.0,0.0,0.13447415975405552,-0.0,Energeetika ja energiaturud
energy,eesti ametiühingute keskliit,0,12,1,105,0.11428571428571428,0.0,0.0,-1.0,0.0,0.13447415975405552,-0.0,Energeetika ja energiaturud
energy,eesti arhitektide liit / maa- ja ruumiamet,1,12,1,105,0.11428571428571428,8.75,0.08333333333333333,0.4660662182685134,0.4660662182685134,0.42653908156637493,0.07767770304475223,Energeetika ja energiaturud
energy,eesti arhitektide liit mtü,0,12,1,105,0.11428571428571428,0.0,0.0,-1.0,0.0,0.13447415975405552,-0.0,Energeetika ja energiaturud
energy,eesti e-residentsuse programm,0,12,8,105,0.9142857142857143,0.0,0.0,-1.0,0.0,-0.14582478168095367,-0.0,Energeetika ja energiaturud
energy,eesti hambaarstide liit,0,12,1,105,0.11428571428571428,0.0,0.0,-1.0,0.0,0.13447415975405552,-0.0,Energeetika ja energiaturud
energy,eesti interneti sa,0,12,2,105,0.22857142857142856,0.0,0.0,-1.0,0.0,0.05891193081880132,-0.0,Energeetika ja energiaturud
energy,eesti kaubandus-tööstuskoda,0,12,1,105,0.11428571428571428,0.0,0.0,-1.0,0.0,0.13447415975405552,-0.0,Energeetika ja energiaturud
energy,eesti kunstikoolide liit (noored),0,12,1,105,0.11428571428571428,0.0,0.0,-1.0,0.0,0.13447415975405552,-0.0,Energeetika ja energiaturud
energy,eesti lastehoidude liit,0,12,2,105,0.22857142857142856,0.0,0.0,-1.0,0.0,0.05891193081880132,-0.0,Energeetika ja energiaturud
energy,eesti loomaarstide koda (elk),0,12,1,105,0.11428571428571428,0.0,0.0,-1.0,0.0,0.13447415975405552,-0.0,Energeetika ja energiaturud
energy,"eesti maaülikool, veterinaarmeditsiini ja loomakasvatuse instituut",0,12,1,105,0.11428571428571428,0.0,0.0,-1.0,0.0,0.13447415975405552,-0.0,Energeetika ja energiaturud
energy,eesti matemaatika selts,0,12,1,105,0.11428571428571428,0.0,0.0,-1.0,0.0,0.13447415975405552,-0.0,Energeetika ja energiaturud
energy,eesti montessori ühing,0,12,1,105,0.11428571428571428,0.0,0.0,-1.0,0.0,0.13447415975405552,-0.0,Energeetika ja energiaturud
energy,eesti muuseumiühing koostöös eesti muuseumide liiduga,0,12,1,105,0.11428571428571428,0.0,0.0,-1.0,0.0,0.13447415975405552,-0.0,Energeetika ja energiaturud
energy,eesti personalijuhtimise ühing pare ja tööinspektsioon,0,12,9,105,1.0285714285714285,0.0,0.0,-1.0,0.0,-0.16545970277692457,-0.0,Energeetika ja energiaturud
energy,eesti seksuaaltervise liit,0,12,2,105,0.22857142857142856,0.0,0.0,-1.0,0.0,0.05891193081880132,-0.0,Energeetika ja energiaturud
energy,eesti tervisemajanduse koda (health founders estonia),0,12,1,105,0.11428571428571428,0.0,0.0,-1.0,0.0,0.13447415975405552,-0.0,Energeetika ja energiaturud
energy,eesti tuuleenergia assotsiatsioon,1,12,1,105,0.11428571428571428,8.75,0.08333333333333333,0.4660662182685134,0.4660662182685134,0.42653908156637493,0.07767770304475223,Energeetika ja energiaturud
energy,eesti urantia assotsiatsioon mtü,0,12,1,105,0.11428571428571428,0.0,0.0,-1.0,0.0,0.13447415975405552,-0.0,Energeetika ja energiaturud
energy,eesti vaimse tervise ja heaolu koalitsioon vatek,0,12,1,105,0.11428571428571428,0.0,0.0,-1.0,0.0,0.13447415975405552,-0.0,Energeetika ja energiaturud
energy,eesti vähitõrje võrgustik (estcan),0,12,5,105,0.5714285714285714,0.0,0.0,-1.0,0.0,-0.07026255274569944,-0.0,Energeetika ja energiaturud
energy,eesti väitlusselts,0,12,1,105,0.11428571428571428,0.0,0.0,-1.0,0.0,0.13447415975405552,-0.0,Energeetika ja energiaturud
energy,eesti õigusteaduse üliõpilaste liit,0,12,1,105,0.11428571428571428,0.0,0.0,-1.0,0.0,0.13447415975405552,-0.0,Energeetika ja energiaturud
energy,"eesti õigusteaduse üliõpilaste liit, rahvusvaheliste suhete ring, feministeerium",0,12,1,105,0.11428571428571428,0.0,0.0,-1.0,0.0,0.13447415975405552,-0.0,Energeetika ja energiaturud
energy,eesti õpilasesinduste liit,0,12,1,105,0.11428571428571428,0.0,0.0,-1.0,0.0,0.13447415975405552,-0.0,Energeetika ja energiaturud
energy,eesti üliõpilaskondade liit,0,12,2,105,0.22857142857142856,0.0,0.0,-1.0,0.0,0.05891193081880132,-0.0,Energeetika ja energiaturud
energy,eesti üro ühing,0,12,1,105,0.11428571428571428,0.0,0.0,-1.0,0.0,0.13447415975405552,-0.0,Energeetika ja energiaturud
energy,eestimaa looduse fond,1,12,1,105,0.11428571428571428,8.75,0.08333333333333333,0.4660662182685134,0.4660662182685134,0.42653908156637493,0.07767770304475223,Energeetika ja energiaturud
energy,elisabeth luisk,0,12,1,105,0.11428571428571428,0.0,0.0,-1.0,0.0,0.13447415975405552,-0.0,Energeetika ja energiaturud
energy,emn eesti,0,12,1,105,0.11428571428571428,0.0,0.0,-1.0,0.0,0.13447415975405552,-0.0,Energeetika ja energiaturud
energy,fenno-ugria asutus,0,12,1,105,0.11428571428571428,0.0,0.0,-1.0,0.0,0.13447415975405552,-0.0,Energeetika ja energiaturud
energy,geoteaduste üliõpilaste selts,1,12,1,105,0.11428571428571428,8.75,0.08333333333333333,0.4660662182685134,0.4660662182685134,0.42653908156637493,0.07767770304475223,Energeetika ja energiaturud
energy,integratsiooni sihtasutus,0,12,1,105,0.11428571428571428,0.0,0.0,-1.0,0.0,0.13447415975405552,-0.0,Energeetika ja energiaturud
energy,justiits- ja digiministeerium,0,12,2,105,0.22857142857142856,0.0,0.0,-1.0,0.0,0.05891193081880132,-0.0,Energeetika ja energiaturud
energy,kaja pae,0,12,1,105,0.11428571428571428,0.0,0.0,-1.0,0.0,0.13447415975405552,-0.0,Energeetika ja energiaturud
energy,keskkonnainvesteeringute keskus,1,12,1,105,0.11428571428571428,8.75,0.08333333333333333,0.4660662182685134,0.4660662182685134,0.42653908156637493,0.07767770304475223,Energeetika ja energiaturud
energy,kogu ala ühispaneel,0,12,1,105,0.11428571428571428,0.0,0.0,-1.0,0.0,0.13447415975405552,-0.0,Energeetika ja energiaturud
energy,korruptsioonivaba eesti mtü,0,12,1,105,0.11428571428571428,0.0,0.0,-1.0,0.0,0.13447415975405552,-0.0,Energeetika ja energiaturud
energy,kultuuriministeerium,0,12,1,105,0.11428571428571428,0.0,0.0,-1.0,0.0,0.13447415975405552,-0.0,Energeetika ja energiaturud
energy,lasteklubi väike päike,0,12,3,105,0.34285714285714286,0.0,0.0,-1.0,0.0,0.005299676189554792,-0.0,Energeetika ja energiaturud
energy,loomus mtü,0,12,1,105,0.11428571428571428,0.0,0.0,-1.0,0.0,0.13447415975405552,-0.0,Energeetika ja energiaturud
energy,magnum as,0,12,1,105,0.11428571428571428,0.0,0.0,-1.0,0.0,0.13447415975405552,-0.0,Energeetika ja energiaturud
energy,maililii oü,0,12,1,105,0.11428571428571428,0.0,0.0,-1.0,0.0,0.13447415975405552,-0.0,Energeetika ja energiaturud
energy,mtü eesti jõujaamade ja kaugkütte ühing,1,12,1,105,0.11428571428571428,8.75,0.08333333333333333,0.4660662182685134,0.4660662182685134,0.42653908156637493,0.07767770304475223,Energeetika ja energiaturud
energy,mtü eesti taastuvenergia koda,3,12,4,105,0.45714285714285713,6.5625,0.23076923076923078,0.5291666513037809,0.5291666513037809,0.512038247709809,0.19843749423891785,Energeetika ja energiaturud
energy,mtü teadveloleku kompetentsikeskus toko,0,12,1,105,0.11428571428571428,0.0,0.0,-1.0,0.0,0.13447415975405552,-0.0,Energeetika ja energiaturud
energy,novartis,0,12,1,105,0.11428571428571428,0.0,0.0,-1.0,0.0,0.13447415975405552,-0.0,Energeetika ja energiaturud
energy,pullivara group,0,12,1,105,0.11428571428571428,0.0,0.0,-1.0,0.0,0.13447415975405552,-0.0,Energeetika ja energiaturud
energy,põllumajandus- ja toiduamet,0,12,1,105,0.11428571428571428,0.0,0.0,-1.0,0.0,0.13447415975405552,-0.0,Energeetika ja energiaturud
energy,rail baltic estonia,0,12,2,105,0.22857142857142856,0.0,0.0,-1.0,0.0,0.05891193081880132,-0.0,Energeetika ja energiaturud
energy,regionaal- ja põllumajandusministeerium,0,12,1,105,0.11428571428571428,0.0,0.0,-1.0,0.0,0.13447415975405552,-0.0,Energeetika ja energiaturud
energy,roche,0,12,1,105,0.11428571428571428,0.0,0.0,-1.0,0.0,0.13447415975405552,-0.0,Energeetika ja energiaturud
energy,sa õpilasmalev,0,12,1,105,0.11428571428571428,0.0,0.0,-1.0,0.0,0.13447415975405552,-0.0,Energeetika ja energiaturud
energy,sihtasutus eesti teadusagentuur (etag),0,12,2,105,0.22857142857142856,0.0,0.0,-1.0,0.0,0.05891193081880132,-0.0,Energeetika ja energiaturud
energy,siseministeerium,0,12,1,105,0.11428571428571428,0.0,0.0,-1.0,0.0,0.13447415975405552,-0.0,Energeetika ja energiaturud
energy,synlab,0,12,1,105,0.11428571428571428,0.0,0.0,-1.0,0.0,0.13447415975405552,-0.0,Energeetika ja energiaturud
energy,taastuvenergia koda,1,12,1,105,0.11428571428571428,8.75,0.08333333333333333,0.4660662182685134,0.4660662182685134,0.42653908156637493,0.07767770304475223,Energeetika ja energiaturud
energy,tallinna ettevõtlusinkubaator,0,12,1,105,0.11428571428571428,0.0,0.0,-1.0,0.0,0.13447415975405552,-0.0,Energeetika ja energiaturud
energy,tallinna lastekodu,0,12,1,105,0.11428571428571428,0.0,0.0,-1.0,0.0,0.13447415975405552,-0.0,Energeetika ja energiaturud
energy,"tallinna tehnikaülikool, vastutustundliku majanduse ja esg fookustippkeskus",0,12,1,105,0.11428571428571428,0.0,0.0,-1.0,0.0,0.13447415975405552,-0.0,Energeetika ja energiaturud
energy,tallinna vesi,0,12,1,105,0.11428571428571428,0.0,0.0,-1.0,0.0,0.13447415975405552,-0.0,Energeetika ja energiaturud
energy,"tallinna ülikool, tartu ülikool, eesti maaülikool",0,12,1,105,0.11428571428571428,0.0,0.0,-1.0,0.0,0.13447415975405552,-0.0,Energeetika ja energiaturud
energy,tartu kristjan jaak petersoni gümnaasium / kultuuriministeerium,0,12,1,105,0.11428571428571428,0.0,0.0,-1.0,0.0,0.13447415975405552,-0.0,Energeetika ja energiaturud
energy,tartu ülikool,0,12,1,105,0.11428571428571428,0.0,0.0,-1.0,0.0,0.13447415975405552,-0.0,Energeetika ja energiaturud
energy,tartumaa omavalitsuste liit,0,12,1,105,0.11428571428571428,0.0,0.0,-1.0,0.0,0.13447415975405552,-0.0,Energeetika ja energiaturud
energy,vindr baltic oü ja vkg,1,12,1,105,0.11428571428571428,8.75,0.08333333333333333,0.4660662182685134,0.4660662182685134,0.42653908156637493,0.07767770304475223,Energeetika ja energiaturud
energy,ühendus kultuuritahe,0,12,3,105,0.34285714285714286,0.0,0.0,-1.0,0.0,0.005299676189554792,-0.0,Energeetika ja energiaturud
energy,üro pagulasamet,0,12,1,105,0.11428571428571428,0.0,0.0,-1.0,0.0,0.13447415975405552,-0.0,Energeetika ja energiaturud
family,adven eesti as,0,6,1,105,0.05714285714285714,0.0,0.0,-1.0,0.0,0.24983792706744756,-0.0,"Pere, suhted ja sooline võrdsus"
family,apotheka,0,6,1,105,0.05714285714285714,0.0,0.0,-1.0,0.0,0.24983792706744756,-0.0,"Pere, suhted ja sooline võrdsus"
family,bonava eesti,0,6,1,105,0.05714285714285714,0.0,0.0,-1.0,0.0,0.24983792706744756,-0.0,"Pere, suhted ja sooline võrdsus"
family,confido,0,6,1,105,0.05714285714285714,0.0,0.0,-1.0,0.0,0.24983792706744756,-0.0,"Pere, suhted ja sooline võrdsus"
family,eesti ametiühingute keskliit,0,6,1,105,0.05714285714285714,0.0,0.0,-1.0,0.0,0.24983792706744756,-0.0,"Pere, suhted ja sooline võrdsus"
family,eesti arhitektide liit / maa- ja ruumiamet,0,6,1,105,0.05714285714285714,0.0,0.0,-1.0,0.0,0.24983792706744756,-0.0,"Pere, suhted ja sooline võrdsus"
family,eesti arhitektide liit mtü,0,6,1,105,0.05714285714285714,0.0,0.0,-1.0,0.0,0.24983792706744756,-0.0,"Pere, suhted ja sooline võrdsus"
family,eesti e-residentsuse programm,0,6,8,105,0.45714285714285713,0.0,0.0,-1.0,0.0,-0.030461014367561632,-0.0,"Pere, suhted ja sooline võrdsus"
family,eesti hambaarstide liit,0,6,1,105,0.05714285714285714,0.0,0.0,-1.0,0.0,0.24983792706744756,-0.0,"Pere, suhted ja sooline võrdsus"
family,eesti interneti sa,0,6,2,105,0.11428571428571428,0.0,0.0,-1.0,0.0,0.17427569813219335,-0.0,"Pere, suhted ja sooline võrdsus"
family,eesti kaubandus-tööstuskoda,0,6,1,105,0.05714285714285714,0.0,0.0,-1.0,0.0,0.24983792706744756,-0.0,"Pere, suhted ja sooline võrdsus"
family,eesti kunstikoolide liit (noored),0,6,1,105,0.05714285714285714,0.0,0.0,-1.0,0.0,0.24983792706744756,-0.0,"Pere, suhted ja sooline võrdsus"
family,eesti lastehoidude liit,0,6,2,105,0.11428571428571428,0.0,0.0,-1.0,0.0,0.17427569813219335,-0.0,"Pere, suhted ja sooline võrdsus"
family,eesti loomaarstide koda (elk),0,6,1,105,0.05714285714285714,0.0,0.0,-1.0,0.0,0.24983792706744756,-0.0,"Pere, suhted ja sooline võrdsus"
family,"eesti maaülikool, veterinaarmeditsiini ja loomakasvatuse instituut",0,6,1,105,0.05714285714285714,0.0,0.0,-1.0,0.0,0.24983792706744756,-0.0,"Pere, suhted ja sooline võrdsus"
family,eesti matemaatika selts,0,6,1,105,0.05714285714285714,0.0,0.0,-1.0,0.0,0.24983792706744756,-0.0,"Pere, suhted ja sooline võrdsus"
family,eesti montessori ühing,0,6,1,105,0.05714285714285714,0.0,0.0,-1.0,0.0,0.24983792706744756,-0.0,"Pere, suhted ja sooline võrdsus"
family,eesti muuseumiühing koostöös eesti muuseumide liiduga,0,6,1,105,0.05714285714285714,0.0,0.0,-1.0,0.0,0.24983792706744756,-0.0,"Pere, suhted ja sooline võrdsus"
family,eesti personalijuhtimise ühing pare ja tööinspektsioon,3,6,9,105,0.5142857142857142,5.833333333333334,0.25,0.4960382392272875,0.4960382392272875,0.49036966732041415,0.18601433971023282,"Pere, suhted ja sooline võrdsus"
family,eesti seksuaaltervise liit,1,6,2,105,0.11428571428571428,8.75,0.14285714285714285,0.4660662182685134,0.4660662182685134,0.4765873347722361,0.07767770304475223,"Pere, suhted ja sooline võrdsus"
family,eesti tervisemajanduse koda (health founders estonia),0,6,1,105,0.05714285714285714,0.0,0.0,-1.0,0.0,0.24983792706744756,-0.0,"Pere, suhted ja sooline võrdsus"
family,eesti tuuleenergia assotsiatsioon,0,6,1,105,0.05714285714285714,0.0,0.0,-1.0,0.0,0.24983792706744756,-0.0,"Pere, suhted ja sooline võrdsus"
family,eesti urantia assotsiatsioon mtü,0,6,1,105,0.05714285714285714,0.0,0.0,-1.0,0.0,0.24983792706744756,-0.0,"Pere, suhted ja sooline võrdsus"
family,eesti vaimse tervise ja heaolu koalitsioon vatek,0,6,1,105,0.05714285714285714,0.0,0.0,-1.0,0.0,0.24983792706744756,-0.0,"Pere, suhted ja sooline võrdsus"
family,eesti vähitõrje võrgustik (estcan),0,6,5,105,0.2857142857142857,0.0,0.0,-1.0,0.0,0.04510121456769261,-0.0,"Pere, suhted ja sooline võrdsus"
family,eesti väitlusselts,0,6,1,105,0.05714285714285714,0.0,0.0,-1.0,0.0,0.24983792706744756,-0.0,"Pere, suhted ja sooline võrdsus"
family,eesti õigusteaduse üliõpilaste liit,0,6,1,105,0.05714285714285714,0.0,0.0,-1.0,0.0,0.24983792706744756,-0.0,"Pere, suhted ja sooline võrdsus"
family,"eesti õigusteaduse üliõpilaste liit, rahvusvaheliste suhete ring, feministeerium",1,6,1,105,0.05714285714285714,17.5,0.16666666666666666,0.6150032801273417,0.6150032801273417,0.571602696505794,0.10250054668789028,"Pere, suhted ja sooline võrdsus"
family,eesti õpilasesinduste liit,0,6,1,105,0.05714285714285714,0.0,0.0,-1.0,0.0,0.24983792706744756,-0.0,"Pere, suhted ja sooline võrdsus"
family,eesti üliõpilaskondade liit,0,6,2,105,0.11428571428571428,0.0,0.0,-1.0,0.0,0.17427569813219335,-0.0,"Pere, suhted ja sooline võrdsus"
family,eesti üro ühing,0,6,1,105,0.05714285714285714,0.0,0.0,-1.0,0.0,0.24983792706744756,-0.0,"Pere, suhted ja sooline võrdsus"
family,eestimaa looduse fond,0,6,1,105,0.05714285714285714,0.0,0.0,-1.0,0.0,0.24983792706744756,-0.0,"Pere, suhted ja sooline võrdsus"
family,elisabeth luisk,0,6,1,105,0.05714285714285714,0.0,0.0,-1.0,0.0,0.24983792706744756,-0.0,"Pere, suhted ja sooline võrdsus"
family,emn eesti,0,6,1,105,0.05714285714285714,0.0,0.0,-1.0,0.0,0.24983792706744756,-0.0,"Pere, suhted ja sooline võrdsus"
family,fenno-ugria asutus,0,6,1,105,0.05714285714285714,0.0,0.0,-1.0,0.0,0.24983792706744756,-0.0,"Pere, suhted ja sooline võrdsus"
family,geoteaduste üliõpilaste selts,0,6,1,105,0.05714285714285714,0.0,0.0,-1.0,0.0,0.24983792706744756,-0.0,"Pere, suhted ja sooline võrdsus"
family,integratsiooni sihtasutus,0,6,1,105,0.05714285714285714,0.0,0.0,-1.0,0.0,0.24983792706744756,-0.0,"Pere, suhted ja sooline võrdsus"
family,justiits- ja digiministeerium,0,6,2,105,0.11428571428571428,0.0,0.0,-1.0,0.0,0.17427569813219335,-0.0,"Pere, suhted ja sooline võrdsus"
family,kaja pae,1,6,1,105,0.05714285714285714,17.5,0.16666666666666666,0.6150032801273417,0.6150032801273417,0.571602696505794,0.10250054668789028,"Pere, suhted ja sooline võrdsus"
family,keskkonnainvesteeringute keskus,0,6,1,105,0.05714285714285714,0.0,0.0,-1.0,0.0,0.24983792706744756,-0.0,"Pere, suhted ja sooline võrdsus"
family,kogu ala ühispaneel,0,6,1,105,0.05714285714285714,0.0,0.0,-1.0,0.0,0.24983792706744756,-0.0,"Pere, suhted ja sooline võrdsus"
family,korruptsioonivaba eesti mtü,0,6,1,105,0.05714285714285714,0.0,0.0,-1.0,0.0,0.24983792706744756,-0.0,"Pere, suhted ja sooline võrdsus"
family,kultuuriministeerium,0,6,1,105,0.05714285714285714,0.0,0.0,-1.0,0.0,0.24983792706744756,-0.0,"Pere, suhted ja sooline võrdsus"
family,lasteklubi väike päike,0,6,3,105,0.17142857142857143,0.0,0.0,-1.0,0.0,0.12066344350294685,-0.0,"Pere, suhted ja sooline võrdsus"
family,loomus mtü,0,6,1,105,0.05714285714285714,0.0,0.0,-1.0,0.0,0.24983792706744756,-0.0,"Pere, suhted ja sooline võrdsus"
family,magnum as,0,6,1,105,0.05714285714285714,0.0,0.0,-1.0,0.0,0.24983792706744756,-0.0,"Pere, suhted ja sooline võrdsus"
family,maililii oü,0,6,1,105,0.05714285714285714,0.0,0.0,-1.0,0.0,0.24983792706744756,-0.0,"Pere, suhted ja sooline võrdsus"
family,mtü eesti jõujaamade ja kaugkütte ühing,0,6,1,105,0.05714285714285714,0.0,0.0,-1.0,0.0,0.24983792706744756,-0.0,"Pere, suhted ja sooline võrdsus"
family,mtü eesti taastuvenergia koda,0,6,4,105,0.22857142857142856,0.0,0.0,-1.0,0.0,0.07907854810096823,-0.0,"Pere, suhted ja sooline võrdsus"
family,mtü teadveloleku kompetentsikeskus toko,0,6,1,105,0.05714285714285714,0.0,0.0,-1.0,0.0,0.24983792706744756,-0.0,"Pere, suhted ja sooline võrdsus"
family,novartis,0,6,1,105,0.05714285714285714,0.0,0.0,-1.0,0.0,0.24983792706744756,-0.0,"Pere, suhted ja sooline võrdsus"
family,pullivara group,0,6,1,105,0.05714285714285714,0.0,0.0,-1.0,0.0,0.24983792706744756,-0.0,"Pere, suhted ja sooline võrdsus"
family,põllumajandus- ja toiduamet,0,6,1,105,0.05714285714285714,0.0,0.0,-1.0,0.0,0.24983792706744756,-0.0,"Pere, suhted ja sooline võrdsus"
family,rail baltic estonia,0,6,2,105,0.11428571428571428,0.0,0.0,-1.0,0.0,0.17427569813219335,-0.0,"Pere, suhted ja sooline võrdsus"
family,regionaal- ja põllumajandusministeerium,0,6,1,105,0.05714285714285714,0.0,0.0,-1.0,0.0,0.24983792706744756,-0.0,"Pere, suhted ja sooline võrdsus"
family,roche,0,6,1,105,0.05714285714285714,0.0,0.0,-1.0,0.0,0.24983792706744756,-0.0,"Pere, suhted ja sooline võrdsus"
family,sa õpilasmalev,0,6,1,105,0.05714285714285714,0.0,0.0,-1.0,0.0,0.24983792706744756,-0.0,"Pere, suhted ja sooline võrdsus"
family,sihtasutus eesti teadusagentuur (etag),0,6,2,105,0.11428571428571428,0.0,0.0,-1.0,0.0,0.17427569813219335,-0.0,"Pere, suhted ja sooline võrdsus"
family,siseministeerium,0,6,1,105,0.05714285714285714,0.0,0.0,-1.0,0.0,0.24983792706744756,-0.0,"Pere, suhted ja sooline võrdsus"
family,synlab,0,6,1,105,0.05714285714285714,0.0,0.0,-1.0,0.0,0.24983792706744756,-0.0,"Pere, suhted ja sooline võrdsus"
family,taastuvenergia koda,0,6,1,105,0.05714285714285714,0.0,0.0,-1.0,0.0,0.24983792706744756,-0.0,"Pere, suhted ja sooline võrdsus"
family,tallinna ettevõtlusinkubaator,0,6,1,105,0.05714285714285714,0.0,0.0,-1.0,0.0,0.24983792706744756,-0.0,"Pere, suhted ja sooline võrdsus"
family,tallinna lastekodu,0,6,1,105,0.05714285714285714,0.0,0.0,-1.0,0.0,0.24983792706744756,-0.0,"Pere, suhted ja sooline võrdsus"
family,"tallinna tehnikaülikool, vastutustundliku majanduse ja esg fookustippkeskus",0,6,1,105,0.05714285714285714,0.0,0.0,-1.0,0.0,0.24983792706744756,-0.0,"Pere, suhted ja sooline võrdsus"
family,tallinna vesi,0,6,1,105,0.05714285714285714,0.0,0.0,-1.0,0.0,0.24983792706744756,-0.0,"Pere, suhted ja sooline võrdsus"
family,"tallinna ülikool, tartu ülikool, eesti maaülikool",0,6,1,105,0.05714285714285714,0.0,0.0,-1.0,0.0,0.24983792706744756,-0.0,"Pere, suhted ja sooline võrdsus"
family,tartu kristjan jaak petersoni gümnaasium / kultuuriministeerium,0,6,1,105,0.05714285714285714,0.0,0.0,-1.0,0.0,0.24983792706744756,-0.0,"Pere, suhted ja sooline võrdsus"
family,tartu ülikool,0,6,1,105,0.05714285714285714,0.0,0.0,-1.0,0.0,0.24983792706744756,-0.0,"Pere, suhted ja sooline võrdsus"
family,tartumaa omavalitsuste liit,0,6,1,105,0.05714285714285714,0.0,0.0,-1.0,0.0,0.24983792706744756,-0.0,"Pere, suhted ja sooline võrdsus"
family,vindr baltic oü ja vkg,0,6,1,105,0.05714285714285714,0.0,0.0,-1.0,0.0,0.24983792706744756,-0.0,"Pere, suhted ja sooline võrdsus"
family,ühendus kultuuritahe,0,6,3,105,0.17142857142857143,0.0,0.0,-1.0,0.0,0.12066344350294685,-0.0,"Pere, suhted ja sooline võrdsus"
family,üro pagulasamet,0,6,1,105,0.05714285714285714,0.0,0.0,-1.0,0.0,0.24983792706744756,-0.0,"Pere, suhted ja sooline võrdsus"
food,adven eesti as,1,5,1,105,0.047619047619047616,21.0,0.2,0.6541788517000096,0.6541788517000096,0.6077258605274773,0.10902980861666826,"Toit, põllumajandus ja toidujulgeolek"
food,apotheka,0,5,1,105,0.047619047619047616,0.0,0.0,-1.0,0.0,0.2785653532422421,-0.0,"Toit, põllumajandus ja toidujulgeolek"
food,bonava eesti,0,5,1,105,0.047619047619047616,0.0,0.0,-1.0,0.0,0.2785653532422421,-0.0,"Toit, põllumajandus ja toidujulgeolek"
food,confido,0,5,1,105,0.047619047619047616,0.0,0.0,-1.0,0.0,0.2785653532422421,-0.0,"Toit, põllumajandus ja toidujulgeolek"
food,eesti ametiühingute keskliit,0,5,1,105,0.047619047619047616,0.0,0.0,-1.0,0.0,0.2785653532422421,-0.0,"Toit, põllumajandus ja toidujulgeolek"
food,eesti arhitektide liit / maa- ja ruumiamet,0,5,1,105,0.047619047619047616,0.0,0.0,-1.0,0.0,0.2785653532422421,-0.0,"Toit, põllumajandus ja toidujulgeolek"
food,eesti arhitektide liit mtü,0,5,1,105,0.047619047619047616,0.0,0.0,-1.0,0.0,0.2785653532422421,-0.0,"Toit, põllumajandus ja toidujulgeolek"
food,eesti e-residentsuse programm,0,5,8,105,0.38095238095238093,0.0,0.0,-1.0,0.0,-0.001733588192767121,-0.0,"Toit, põllumajandus ja toidujulgeolek"
food,eesti hambaarstide liit,0,5,1,105,0.047619047619047616,0.0,0.0,-1.0,0.0,0.2785653532422421,-0.0,"Toit, põllumajandus ja toidujulgeolek"
food,eesti interneti sa,0,5,2,105,0.09523809523809523,0.0,0.0,-1.0,0.0,0.2030031243069879,-0.0,"Toit, põllumajandus ja toidujulgeolek"
food,eesti kaubandus-tööstuskoda,0,5,1,105,0.047619047619047616,0.0,0.0,-1.0,0.0,0.2785653532422421,-0.0,"Toit, põllumajandus ja toidujulgeolek"
food,eesti kunstikoolide liit (noored),0,5,1,105,0.047619047619047616,0.0,0.0,-1.0,0.0,0.2785653532422421,-0.0,"Toit, põllumajandus ja toidujulgeolek"
food,eesti lastehoidude liit,0,5,2,105,0.09523809523809523,0.0,0.0,-1.0,0.0,0.2030031243069879,-0.0,"Toit, põllumajandus ja toidujulgeolek"
food,eesti loomaarstide koda (elk),0,5,1,105,0.047619047619047616,0.0,0.0,-1.0,0.0,0.2785653532422421,-0.0,"Toit, põllumajandus ja toidujulgeolek"
food,"eesti maaülikool, veterinaarmeditsiini ja loomakasvatuse instituut",0,5,1,105,0.047619047619047616,0.0,0.0,-1.0,0.0,0.2785653532422421,-0.0,"Toit, põllumajandus ja toidujulgeolek"
food,eesti matemaatika selts,0,5,1,105,0.047619047619047616,0.0,0.0,-1.0,0.0,0.2785653532422421,-0.0,"Toit, põllumajandus ja toidujulgeolek"
food,eesti montessori ühing,0,5,1,105,0.047619047619047616,0.0,0.0,-1.0,0.0,0.2785653532422421,-0.0,"Toit, põllumajandus ja toidujulgeolek"
food,eesti muuseumiühing koostöös eesti muuseumide liiduga,0,5,1,105,0.047619047619047616,0.0,0.0,-1.0,0.0,0.2785653532422421,-0.0,"Toit, põllumajandus ja toidujulgeolek"
food,eesti personalijuhtimise ühing pare ja tööinspektsioon,0,5,9,105,0.42857142857142855,0.0,0.0,-1.0,0.0,-0.021368509288738003,-0.0,"Toit, põllumajandus ja toidujulgeolek"
food,eesti seksuaaltervise liit,0,5,2,105,0.09523809523809523,0.0,0.0,-1.0,0.0,0.2030031243069879,-0.0,"Toit, põllumajandus ja toidujulgeolek"
food,eesti tervisemajanduse koda (health founders estonia),0,5,1,105,0.047619047619047616,0.0,0.0,-1.0,0.0,0.2785653532422421,-0.0,"Toit, põllumajandus ja toidujulgeolek"
food,eesti tuuleenergia assotsiatsioon,0,5,1,105,0.047619047619047616,0.0,0.0,-1.0,0.0,0.2785653532422421,-0.0,"Toit, põllumajandus ja toidujulgeolek"
food,eesti urantia assotsiatsioon mtü,0,5,1,105,0.047619047619047616,0.0,0.0,-1.0,0.0,0.2785653532422421,-0.0,"Toit, põllumajandus ja toidujulgeolek"
food,eesti vaimse tervise ja heaolu koalitsioon vatek,0,5,1,105,0.047619047619047616,0.0,0.0,-1.0,0.0,0.2785653532422421,-0.0,"Toit, põllumajandus ja toidujulgeolek"
food,eesti vähitõrje võrgustik (estcan),0,5,5,105,0.23809523809523808,0.0,0.0,-1.0,0.0,0.07382864074248711,-0.0,"Toit, põllumajandus ja toidujulgeolek"
food,eesti väitlusselts,0,5,1,105,0.047619047619047616,0.0,0.0,-1.0,0.0,0.2785653532422421,-0.0,"Toit, põllumajandus ja toidujulgeolek"
food,eesti õigusteaduse üliõpilaste liit,0,5,1,105,0.047619047619047616,0.0,0.0,-1.0,0.0,0.2785653532422421,-0.0,"Toit, põllumajandus ja toidujulgeolek"
food,"eesti õigusteaduse üliõpilaste liit, rahvusvaheliste suhete ring, feministeerium",0,5,1,105,0.047619047619047616,0.0,0.0,-1.0,0.0,0.2785653532422421,-0.0,"Toit, põllumajandus ja toidujulgeolek"
food,eesti õpilasesinduste liit,0,5,1,105,0.047619047619047616,0.0,0.0,-1.0,0.0,0.2785653532422421,-0.0,"Toit, põllumajandus ja toidujulgeolek"
food,eesti üliõpilaskondade liit,0,5,2,105,0.09523809523809523,0.0,0.0,-1.0,0.0,0.2030031243069879,-0.0,"Toit, põllumajandus ja toidujulgeolek"
food,eesti üro ühing,0,5,1,105,0.047619047619047616,0.0,0.0,-1.0,0.0,0.2785653532422421,-0.0,"Toit, põllumajandus ja toidujulgeolek"
food,eestimaa looduse fond,1,5,1,105,0.047619047619047616,21.0,0.2,0.6541788517000096,0.6541788517000096,0.6077258605274773,0.10902980861666826,"Toit, põllumajandus ja toidujulgeolek"
food,elisabeth luisk,0,5,1,105,0.047619047619047616,0.0,0.0,-1.0,0.0,0.2785653532422421,-0.0,"Toit, põllumajandus ja toidujulgeolek"
food,emn eesti,0,5,1,105,0.047619047619047616,0.0,0.0,-1.0,0.0,0.2785653532422421,-0.0,"Toit, põllumajandus ja toidujulgeolek"
food,fenno-ugria asutus,0,5,1,105,0.047619047619047616,0.0,0.0,-1.0,0.0,0.2785653532422421,-0.0,"Toit, põllumajandus ja toidujulgeolek"
food,geoteaduste üliõpilaste selts,0,5,1,105,0.047619047619047616,0.0,0.0,-1.0,0.0,0.2785653532422421,-0.0,"Toit, põllumajandus ja toidujulgeolek"
food,integratsiooni sihtasutus,0,5,1,105,0.047619047619047616,0.0,0.0,-1.0,0.0,0.2785653532422421,-0.0,"Toit, põllumajandus ja toidujulgeolek"
food,justiits- ja digiministeerium,0,5,2,105,0.09523809523809523,0.0,0.0,-1.0,0.0,0.2030031243069879,-0.0,"Toit, põllumajandus ja toidujulgeolek"
food,kaja pae,0,5,1,105,0.047619047619047616,0.0,0.0,-1.0,0.0,0.2785653532422421,-0.0,"Toit, põllumajandus ja toidujulgeolek"
food,keskkonnainvesteeringute keskus,0,5,1,105,0.047619047619047616,0.0,0.0,-1.0,0.0,0.2785653532422421,-0.0,"Toit, põllumajandus ja toidujulgeolek"
food,kogu ala ühispaneel,0,5,1,105,0.047619047619047616,0.0,0.0,-1.0,0.0,0.2785653532422421,-0.0,"Toit, põllumajandus ja toidujulgeolek"
food,korruptsioonivaba eesti mtü,0,5,1,105,0.047619047619047616,0.0,0.0,-1.0,0.0,0.2785653532422421,-0.0,"Toit, põllumajandus ja toidujulgeolek"
food,kultuuriministeerium,0,5,1,105,0.047619047619047616,0.0,0.0,-1.0,0.0,0.2785653532422421,-0.0,"Toit, põllumajandus ja toidujulgeolek"
food,lasteklubi väike päike,0,5,3,105,0.14285714285714285,0.0,0.0,-1.0,0.0,0.14939086967774134,-0.0,"Toit, põllumajandus ja toidujulgeolek"
food,loomus mtü,0,5,1,105,0.047619047619047616,0.0,0.0,-1.0,0.0,0.2785653532422421,-0.0,"Toit, põllumajandus ja toidujulgeolek"
food,magnum as,0,5,1,105,0.047619047619047616,0.0,0.0,-1.0,0.0,0.2785653532422421,-0.0,"Toit, põllumajandus ja toidujulgeolek"
food,maililii oü,0,5,1,105,0.047619047619047616,0.0,0.0,-1.0,0.0,0.2785653532422421,-0.0,"Toit, põllumajandus ja toidujulgeolek"
food,mtü eesti jõujaamade ja kaugkütte ühing,0,5,1,105,0.047619047619047616,0.0,0.0,-1.0,0.0,0.2785653532422421,-0.0,"Toit, põllumajandus ja toidujulgeolek"
food,mtü eesti taastuvenergia koda,0,5,4,105,0.19047619047619047,0.0,0.0,-1.0,0.0,0.10780597427576274,-0.0,"Toit, põllumajandus ja toidujulgeolek"
food,mtü teadveloleku kompetentsikeskus toko,0,5,1,105,0.047619047619047616,0.0,0.0,-1.0,0.0,0.2785653532422421,-0.0,"Toit, põllumajandus ja toidujulgeolek"
food,novartis,0,5,1,105,0.047619047619047616,0.0,0.0,-1.0,0.0,0.2785653532422421,-0.0,"Toit, põllumajandus ja toidujulgeolek"
food,pullivara group,0,5,1,105,0.047619047619047616,0.0,0.0,-1.0,0.0,0.2785653532422421,-0.0,"Toit, põllumajandus ja toidujulgeolek"
food,põllumajandus- ja toiduamet,1,5,1,105,0.047619047619047616,21.0,0.2,0.6541788517000096,0.6541788517000096,0.6077258605274773,0.10902980861666826,"Toit, põllumajandus ja toidujulgeolek"
food,rail baltic estonia,0,5,2,105,0.09523809523809523,0.0,0.0,-1.0,0.0,0.2030031243069879,-0.0,"Toit, põllumajandus ja toidujulgeolek"
food,regionaal- ja põllumajandusministeerium,1,5,1,105,0.047619047619047616,21.0,0.2,0.6541788517000096,0.6541788517000096,0.6077258605274773,0.10902980861666826,"Toit, põllumajandus ja toidujulgeolek"
food,roche,0,5,1,105,0.047619047619047616,0.0,0.0,-1.0,0.0,0.2785653532422421,-0.0,"Toit, põllumajandus ja toidujulgeolek"
food,sa õpilasmalev,0,5,1,105,0.047619047619047616,0.0,0.0,-1.0,0.0,0.2785653532422421,-0.0,"Toit, põllumajandus ja toidujulgeolek"
food,sihtasutus eesti teadusagentuur (etag),0,5,2,105,0.09523809523809523,0.0,0.0,-1.0,0.0,0.2030031243069879,-0.0,"Toit, põllumajandus ja toidujulgeolek"
food,siseministeerium,0,5,1,105,0.047619047619047616,0.0,0.0,-1.0,0.0,0.2785653532422421,-0.0,"Toit, põllumajandus ja toidujulgeolek"
food,synlab,0,5,1,105,0.047619047619047616,0.0,0.0,-1.0,0.0,0.2785653532422421,-0.0,"Toit, põllumajandus ja toidujulgeolek"
food,taastuvenergia koda,0,5,1,105,0.047619047619047616,0.0,0.0,-1.0,0.0,0.2785653532422421,-0.0,"Toit, põllumajandus ja toidujulgeolek"
food,tallinna ettevõtlusinkubaator,0,5,1,105,0.047619047619047616,0.0,0.0,-1.0,0.0,0.2785653532422421,-0.0,"Toit, põllumajandus ja toidujulgeolek"
food,tallinna lastekodu,0,5,1,105,0.047619047619047616,0.0,0.0,-1.0,0.0,0.2785653532422421,-0.0,"Toit, põllumajandus ja toidujulgeolek"
food,"tallinna tehnikaülikool, vastutustundliku majanduse ja esg fookustippkeskus",0,5,1,105,0.047619047619047616,0.0,0.0,-1.0,0.0,0.2785653532422421,-0.0,"Toit, põllumajandus ja toidujulgeolek"
food,tallinna vesi,1,5,1,105,0.047619047619047616,21.0,0.2,0.6541788517000096,0.6541788517000096,0.6077258605274773,0.10902980861666826,"Toit, põllumajandus ja toidujulgeolek"
food,"tallinna ülikool, tartu ülikool, eesti maaülikool",0,5,1,105,0.047619047619047616,0.0,0.0,-1.0,0.0,0.2785653532422421,-0.0,"Toit, põllumajandus ja toidujulgeolek"
food,tartu kristjan jaak petersoni gümnaasium / kultuuriministeerium,0,5,1,105,0.047619047619047616,0.0,0.0,-1.0,0.0,0.2785653532422421,-0.0,"Toit, põllumajandus ja toidujulgeolek"
food,tartu ülikool,0,5,1,105,0.047619047619047616,0.0,0.0,-1.0,0.0,0.2785653532422421,-0.0,"Toit, põllumajandus ja toidujulgeolek"
food,tartumaa omavalitsuste liit,0,5,1,105,0.047619047619047616,0.0,0.0,-1.0,0.0,0.2785653532422421,-0.0,"Toit, põllumajandus ja toidujulgeolek"
food,vindr baltic oü ja vkg,0,5,1,105,0.047619047619047616,0.0,0.0,-1.0,0.0,0.2785653532422421,-0.0,"Toit, põllumajandus ja toidujulgeolek"
food,ühendus kultuuritahe,0,5,3,105,0.14285714285714285,0.0,0.0,-1.0,0.0,0.14939086967774134,-0.0,"Toit, põllumajandus ja toidujulgeolek"
food,üro pagulasamet,0,5,1,105,0.047619047619047616,0.0,0.0,-1.0,0.0,0.2785653532422421,-0.0,"Toit, põllumajandus ja toidujulgeolek"
governance,adven eesti as,0,14,1,105,0.13333333333333333,0.0,0.0,-1.0,0.0,0.10780597427576274,-0.0,"Riigijuhtimine, kodanikuühiskond ja õigus"
governance,apotheka,0,14,1,105,0.13333333333333333,0.0,0.0,-1.0,0.0,0.10780597427576274,-0.0,"Riigijuhtimine, kodanikuühiskond ja õigus"
governance,bonava eesti,0,14,1,105,0.13333333333333333,0.0,0.0,-1.0,0.0,0.10780597427576274,-0.0,"Riigijuhtimine, kodanikuühiskond ja õigus"
governance,confido,0,14,1,105,0.13333333333333333,0.0,0.0,-1.0,0.0,0.10780597427576274,-0.0,"Riigijuhtimine, kodanikuühiskond ja õigus"
governance,eesti ametiühingute keskliit,0,14,1,105,0.13333333333333333,0.0,0.0,-1.0,0.0,0.10780597427576274,-0.0,"Riigijuhtimine, kodanikuühiskond ja õigus"
governance,eesti arhitektide liit / maa- ja ruumiamet,1,14,1,105,0.13333333333333333,7.5,0.07142857142857142,0.4329437444549922,0.4329437444549922,0.3930052998648217,0.0721572907424987,"Riigijuhtimine, kodanikuühiskond ja õigus"
governance,eesti arhitektide liit mtü,0,14,1,105,0.13333333333333333,0.0,0.0,-1.0,0.0,0.10780597427576274,-0.0,"Riigijuhtimine, kodanikuühiskond ja õigus"
governance,eesti e-residentsuse programm,1,14,8,105,1.0666666666666667,0.9375,0.047619047619047616,-0.013867441121492739,0.0,0.04054474266234575,-0.0023112401869154566,"Riigijuhtimine, kodanikuühiskond ja õigus"
governance,eesti hambaarstide liit,0,14,1,105,0.13333333333333333,0.0,0.0,-1.0,0.0,0.10780597427576274,-0.0,"Riigijuhtimine, kodanikuühiskond ja õigus"
governance,eesti interneti sa,0,14,2,105,0.26666666666666666,0.0,0.0,-1.0,0.0,0.03224374534050848,-0.0,"Riigijuhtimine, kodanikuühiskond ja õigus"
governance,eesti kaubandus-tööstuskoda,0,14,1,105,0.13333333333333333,0.0,0.0,-1.0,0.0,0.10780597427576274,-0.0,"Riigijuhtimine, kodanikuühiskond ja õigus"
governance,eesti kunstikoolide liit (noored),0,14,1,105,0.13333333333333333,0.0,0.0,-1.0,0.0,0.10780597427576274,-0.0,"Riigijuhtimine, kodanikuühiskond ja õigus"
governance,eesti lastehoidude liit,0,14,2,105,0.26666666666666666,0.0,0.0,-1.0,0.0,0.03224374534050848,-0.0,"Riigijuhtimine, kodanikuühiskond ja õigus"
governance,eesti loomaarstide koda (elk),0,14,1,105,0.13333333333333333,0.0,0.0,-1.0,0.0,0.10780597427576274,-0.0,"Riigijuhtimine, kodanikuühiskond ja õigus"
governance,"eesti maaülikool, veterinaarmeditsiini ja loomakasvatuse instituut",0,14,1,105,0.13333333333333333,0.0,0.0,-1.0,0.0,0.10780597427576274,-0.0,"Riigijuhtimine, kodanikuühiskond ja õigus"
governance,eesti matemaatika selts,0,14,1,105,0.13333333333333333,0.0,0.0,-1.0,0.0,0.10780597427576274,-0.0,"Riigijuhtimine, kodanikuühiskond ja õigus"
governance,eesti montessori ühing,0,14,1,105,0.13333333333333333,0.0,0.0,-1.0,0.0,0.10780597427576274,-0.0,"Riigijuhtimine, kodanikuühiskond ja õigus"
governance,eesti muuseumiühing koostöös eesti muuseumide liiduga,0,14,1,105,0.13333333333333333,0.0,0.0,-1.0,0.0,0.10780597427576274,-0.0,"Riigijuhtimine, kodanikuühiskond ja õigus"
governance,eesti personalijuhtimise ühing pare ja tööinspektsioon,0,14,9,105,1.2,0.0,0.0,-1.0,0.0,-0.1921278882552174,-0.0,"Riigijuhtimine, kodanikuühiskond ja õigus"
governance,eesti seksuaaltervise liit,0,14,2,105,0.26666666666666666,0.0,0.0,-1.0,0.0,0.03224374534050848,-0.0,"Riigijuhtimine, kodanikuühiskond ja õigus"
governance,eesti tervisemajanduse koda (health founders estonia),0,14,1,105,0.13333333333333333,0.0,0.0,-1.0,0.0,0.10780597427576274,-0.0,"Riigijuhtimine, kodanikuühiskond ja õigus"
governance,eesti tuuleenergia assotsiatsioon,0,14,1,105,0.13333333333333333,0.0,0.0,-1.0,0.0,0.10780597427576274,-0.0,"Riigijuhtimine, kodanikuühiskond ja õigus"
governance,eesti urantia assotsiatsioon mtü,1,14,1,105,0.13333333333333333,7.5,0.07142857142857142,0.4329437444549922,0.4329437444549922,0.3930052998648217,0.0721572907424987,"Riigijuhtimine, kodanikuühiskond ja õigus"
governance,eesti vaimse tervise ja heaolu koalitsioon vatek,0,14,1,105,0.13333333333333333,0.0,0.0,-1.0,0.0,0.10780597427576274,-0.0,"Riigijuhtimine, kodanikuühiskond ja õigus"
governance,eesti vähitõrje võrgustik (estcan),0,14,5,105,0.6666666666666666,0.0,0.0,-1.0,0.0,-0.09693073822399226,-0.0,"Riigijuhtimine, kodanikuühiskond ja õigus"
governance,eesti väitlusselts,0,14,1,105,0.13333333333333333,0.0,0.0,-1.0,0.0,0.10780597427576274,-0.0,"Riigijuhtimine, kodanikuühiskond ja õigus"
governance,eesti õigusteaduse üliõpilaste liit,1,14,1,105,0.13333333333333333,7.5,0.07142857142857142,0.4329437444549922,0.4329437444549922,0.3930052998648217,0.0721572907424987,"Riigijuhtimine, kodanikuühiskond ja õigus"
governance,"eesti õigusteaduse üliõpilaste liit, rahvusvaheliste suhete ring, feministeerium",0,14,1,105,0.13333333333333333,0.0,0.0,-1.0,0.0,0.10780597427576274,-0.0,"Riigijuhtimine, kodanikuühiskond ja õigus"
governance,eesti õpilasesinduste liit,0,14,1,105,0.13333333333333333,0.0,0.0,-1.0,0.0,0.10780597427576274,-0.0,"Riigijuhtimine, kodanikuühiskond ja õigus"
governance,eesti üliõpilaskondade liit,0,14,2,105,0.26666666666666666,0.0,0.0,-1.0,0.0,0.03224374534050848,-0.0,"Riigijuhtimine, kodanikuühiskond ja õigus"
governance,eesti üro ühing,0,14,1,105,0.13333333333333333,0.0,0.0,-1.0,0.0,0.10780597427576274,-0.0,"Riigijuhtimine, kodanikuühiskond ja õigus"
governance,eestimaa looduse fond,1,14,1,105,0.13333333333333333,7.5,0.07142857142857142,0.4329437444549922,0.4329437444549922,0.3930052998648217,0.0721572907424987,"Riigijuhtimine, kodanikuühiskond ja õigus"
governance,elisabeth luisk,0,14,1,105,0.13333333333333333,0.0,0.0,-1.0,0.0,0.10780597427576274,-0.0,"Riigijuhtimine, kodanikuühiskond ja õigus"
governance,emn eesti,0,14,1,105,0.13333333333333333,0.0,0.0,-1.0,0.0,0.10780597427576274,-0.0,"Riigijuhtimine, kodanikuühiskond ja õigus"
governance,fenno-ugria asutus,0,14,1,105,0.13333333333333333,0.0,0.0,-1.0,0.0,0.10780597427576274,-0.0,"Riigijuhtimine, kodanikuühiskond ja õigus"
governance,geoteaduste üliõpilaste selts,1,14,1,105,0.13333333333333333,7.5,0.07142857142857142,0.4329437444549922,0.4329437444549922,0.3930052998648217,0.0721572907424987,"Riigijuhtimine, kodanikuühiskond ja õigus"
governance,integratsiooni sihtasutus,0,14,1,105,0.13333333333333333,0.0,0.0,-1.0,0.0,0.10780597427576274,-0.0,"Riigijuhtimine, kodanikuühiskond ja õigus"
governance,justiits- ja digiministeerium,1,14,2,105,0.26666666666666666,3.75,0.06666666666666667,0.2840066825961639,0.2840066825961639,0.29798993813126373,0.04733444709936065,"Riigijuhtimine, kodanikuühiskond ja õigus"
governance,kaja pae,0,14,1,105,0.13333333333333333,0.0,0.0,-1.0,0.0,0.10780597427576274,-0.0,"Riigijuhtimine, kodanikuühiskond ja õigus"
governance,keskkonnainvesteeringute keskus,1,14,1,105,0.13333333333333333,7.5,0.07142857142857142,0.4329437444549922,0.4329437444549922,0.3930052998648217,0.0721572907424987,"Riigijuhtimine, kodanikuühiskond ja õigus"
governance,kogu ala ühispaneel,0,14,1,105,0.13333333333333333,0.0,0.0,-1.0,0.0,0.10780597427576274,-0.0,"Riigijuhtimine, kodanikuühiskond ja õigus"
governance,korruptsioonivaba eesti mtü,0,14,1,105,0.13333333333333333,0.0,0.0,-1.0,0.0,0.10780597427576274,-0.0,"Riigijuhtimine, kodanikuühiskond ja õigus"
governance,kultuuriministeerium,0,14,1,105,0.13333333333333333,0.0,0.0,-1.0,0.0,0.10780597427576274,-0.0,"Riigijuhtimine, kodanikuühiskond ja õigus"
governance,lasteklubi väike päike,0,14,3,105,0.4,0.0,0.0,-1.0,0.0,-0.021368509288738003,-0.0,"Riigijuhtimine, kodanikuühiskond ja õigus"
governance,loomus mtü,0,14,1,105,0.13333333333333333,0.0,0.0,-1.0,0.0,0.10780597427576274,-0.0,"Riigijuhtimine, kodanikuühiskond ja õigus"
governance,magnum as,0,14,1,105,0.13333333333333333,0.0,0.0,-1.0,0.0,0.10780597427576274,-0.0,"Riigijuhtimine, kodanikuühiskond ja õigus"
governance,maililii oü,0,14,1,105,0.13333333333333333,0.0,0.0,-1.0,0.0,0.10780597427576274,-0.0,"Riigijuhtimine, kodanikuühiskond ja õigus"
governance,mtü eesti jõujaamade ja kaugkütte ühing,0,14,1,105,0.13333333333333333,0.0,0.0,-1.0,0.0,0.10780597427576274,-0.0,"Riigijuhtimine, kodanikuühiskond ja õigus"
governance,mtü eesti taastuvenergia koda,0,14,4,105,0.5333333333333333,0.0,0.0,-1.0,0.0,-0.06295340469071663,-0.0,"Riigijuhtimine, kodanikuühiskond ja õigus"
governance,mtü teadveloleku kompetentsikeskus toko,0,14,1,105,0.13333333333333333,0.0,0.0,-1.0,0.0,0.10780597427576274,-0.0,"Riigijuhtimine, kodanikuühiskond ja õigus"
governance,novartis,0,14,1,105,0.13333333333333333,0.0,0.0,-1.0,0.0,0.10780597427576274,-0.0,"Riigijuhtimine, kodanikuühiskond ja õigus"
governance,pullivara group,0,14,1,105,0.13333333333333333,0.0,0.0,-1.0,0.0,0.10780597427576274,-0.0,"Riigijuhtimine, kodanikuühiskond ja õigus"
governance,põllumajandus- ja toiduamet,1,14,1,105,0.13333333333333333,7.5,0.07142857142857142,0.4329437444549922,0.4329437444549922,0.3930052998648217,0.0721572907424987,"Riigijuhtimine, kodanikuühiskond ja õigus"
governance,rail baltic estonia,1,14,2,105,0.26666666666666666,3.75,0.06666666666666667,0.2840066825961639,0.2840066825961639,0.29798993813126373,0.04733444709936065,"Riigijuhtimine, kodanikuühiskond ja õigus"
governance,regionaal- ja põllumajandusministeerium,0,14,1,105,0.13333333333333333,0.0,0.0,-1.0,0.0,0.10780597427576274,-0.0,"Riigijuhtimine, kodanikuühiskond ja õigus"
governance,roche,0,14,1,105,0.13333333333333333,0.0,0.0,-1.0,0.0,0.10780597427576274,-0.0,"Riigijuhtimine, kodanikuühiskond ja õigus"
governance,sa õpilasmalev,0,14,1,105,0.13333333333333333,0.0,0.0,-1.0,0.0,0.10780597427576274,-0.0,"Riigijuhtimine, kodanikuühiskond ja õigus"
governance,sihtasutus eesti teadusagentuur (etag),0,14,2,105,0.26666666666666666,0.0,0.0,-1.0,0.0,0.03224374534050848,-0.0,"Riigijuhtimine, kodanikuühiskond ja õigus"
governance,siseministeerium,1,14,1,105,0.13333333333333333,7.5,0.07142857142857142,0.4329437444549922,0.4329437444549922,0.3930052998648217,0.0721572907424987,"Riigijuhtimine, kodanikuühiskond ja õigus"
governance,synlab,0,14,1,105,0.13333333333333333,0.0,0.0,-1.0,0.0,0.10780597427576274,-0.0,"Riigijuhtimine, kodanikuühiskond ja õigus"
governance,taastuvenergia koda,1,14,1,105,0.13333333333333333,7.5,0.07142857142857142,0.4329437444549922,0.4329437444549922,0.3930052998648217,0.0721572907424987,"Riigijuhtimine, kodanikuühiskond ja õigus"
governance,tallinna ettevõtlusinkubaator,0,14,1,105,0.13333333333333333,0.0,0.0,-1.0,0.0,0.10780597427576274,-0.0,"Riigijuhtimine, kodanikuühiskond ja õigus"
governance,tallinna lastekodu,0,14,1,105,0.13333333333333333,0.0,0.0,-1.0,0.0,0.10780597427576274,-0.0,"Riigijuhtimine, kodanikuühiskond ja õigus"
governance,"tallinna tehnikaülikool, vastutustundliku majanduse ja esg fookustippkeskus",0,14,1,105,0.13333333333333333,0.0,0.0,-1.0,0.0,0.10780597427576274,-0.0,"Riigijuhtimine, kodanikuühiskond ja õigus"
governance,tallinna vesi,0,14,1,105,0.13333333333333333,0.0,0.0,-1.0,0.0,0.10780597427576274,-0.0,"Riigijuhtimine, kodanikuühiskond ja õigus"
governance,"tallinna ülikool, tartu ülikool, eesti maaülikool",0,14,1,105,0.13333333333333333,0.0,0.0,-1.0,0.0,0.10780597427576274,-0.0,"Riigijuhtimine, kodanikuühiskond ja õigus"
governance,tartu kristjan jaak petersoni gümnaasium / kultuuriministeerium,0,14,1,105,0.13333333333333333,0.0,0.0,-1.0,0.0,0.10780597427576274,-0.0,"Riigijuhtimine, kodanikuühiskond ja õigus"
governance,tartu ülikool,1,14,1,105,0.13333333333333333,7.5,0.07142857142857142,0.4329437444549922,0.4329437444549922,0.3930052998648217,0.0721572907424987,"Riigijuhtimine, kodanikuühiskond ja õigus"
governance,tartumaa omavalitsuste liit,0,14,1,105,0.13333333333333333,0.0,0.0,-1.0,0.0,0.10780597427576274,-0.0,"Riigijuhtimine, kodanikuühiskond ja õigus"
governance,vindr baltic oü ja vkg,0,14,1,105,0.13333333333333333,0.0,0.0,-1.0,0.0,0.10780597427576274,-0.0,"Riigijuhtimine, kodanikuühiskond ja õigus"
governance,ühendus kultuuritahe,1,14,3,105,0.4,2.5,0.0625,0.19688408644116218,0.19688408644116218,0.23057546612946153,0.03281401440686036,"Riigijuhtimine, kodanikuühiskond ja õigus"
governance,üro pagulasamet,0,14,1,105,0.13333333333333333,0.0,0.0,-1.0,0.0,0.10780597427576274,-0.0,"Riigijuhtimine, kodanikuühiskond ja õigus"
healthcare,adven eesti as,0,17,1,105,0.1619047619047619,0.0,0.0,-1.0,0.0,0.07382864074248714,-0.0,"Tervishoid, ravi ja terviseandmed"
healthcare,apotheka,0,17,1,105,0.1619047619047619,0.0,0.0,-1.0,0.0,0.07382864074248714,-0.0,"Tervishoid, ravi ja terviseandmed"
healthcare,bonava eesti,0,17,1,105,0.1619047619047619,0.0,0.0,-1.0,0.0,0.07382864074248714,-0.0,"Tervishoid, ravi ja terviseandmed"
healthcare,confido,0,17,1,105,0.1619047619047619,0.0,0.0,-1.0,0.0,0.07382864074248714,-0.0,"Tervishoid, ravi ja terviseandmed"
healthcare,eesti ametiühingute keskliit,0,17,1,105,0.1619047619047619,0.0,0.0,-1.0,0.0,0.07382864074248714,-0.0,"Tervishoid, ravi ja terviseandmed"
healthcare,eesti arhitektide liit / maa- ja ruumiamet,0,17,1,105,0.1619047619047619,0.0,0.0,-1.0,0.0,0.07382864074248714,-0.0,"Tervishoid, ravi ja terviseandmed"
healthcare,eesti arhitektide liit mtü,0,17,1,105,0.1619047619047619,0.0,0.0,-1.0,0.0,0.07382864074248714,-0.0,"Tervishoid, ravi ja terviseandmed"
healthcare,eesti e-residentsuse programm,0,17,8,105,1.2952380952380953,0.0,0.0,-1.0,0.0,-0.2064703006925221,-0.0,"Tervishoid, ravi ja terviseandmed"
healthcare,eesti hambaarstide liit,1,17,1,105,0.1619047619047619,6.1764705882352935,0.058823529411764705,0.39122529396703615,0.39122529396703615,0.3502806650585593,0.0652042156611727,"Tervishoid, ravi ja terviseandmed"
healthcare,eesti interneti sa,1,17,2,105,0.3238095238095238,3.0882352941176467,0.05555555555555555,0.2422882321082078,0.2422882321082078,0.2552653033250014,0.040381372018034635,"Tervishoid, ravi ja terviseandmed"
healthcare,eesti kaubandus-tööstuskoda,0,17,1,105,0.1619047619047619,0.0,0.0,-1.0,0.0,0.07382864074248714,-0.0,"Tervishoid, ravi ja terviseandmed"
healthcare,eesti kunstikoolide liit (noored),0,17,1,105,0.1619047619047619,0.0,0.0,-1.0,0.0,0.07382864074248714,-0.0,"Tervishoid, ravi ja terviseandmed"
healthcare,eesti lastehoidude liit,0,17,2,105,0.3238095238095238,0.0,0.0,-1.0,0.0,-0.001733588192767121,-0.0,"Tervishoid, ravi ja terviseandmed"
healthcare,eesti loomaarstide koda (elk),1,17,1,105,0.1619047619047619,6.1764705882352935,0.058823529411764705,0.39122529396703615,0.39122529396703615,0.3502806650585593,0.0652042156611727,"Tervishoid, ravi ja terviseandmed"
healthcare,"eesti maaülikool, veterinaarmeditsiini ja loomakasvatuse instituut",0,17,1,105,0.1619047619047619,0.0,0.0,-1.0,0.0,0.07382864074248714,-0.0,"Tervishoid, ravi ja terviseandmed"
healthcare,eesti matemaatika selts,0,17,1,105,0.1619047619047619,0.0,0.0,-1.0,0.0,0.07382864074248714,-0.0,"Tervishoid, ravi ja terviseandmed"
healthcare,eesti montessori ühing,0,17,1,105,0.1619047619047619,0.0,0.0,-1.0,0.0,0.07382864074248714,-0.0,"Tervishoid, ravi ja terviseandmed"
healthcare,eesti muuseumiühing koostöös eesti muuseumide liiduga,0,17,1,105,0.1619047619047619,0.0,0.0,-1.0,0.0,0.07382864074248714,-0.0,"Tervishoid, ravi ja terviseandmed"
healthcare,eesti personalijuhtimise ühing pare ja tööinspektsioon,1,17,9,105,1.457142857142857,0.6862745098039216,0.04,-0.080894022060624,0.0,-0.026869729339456548,-0.013482337010104,"Tervishoid, ravi ja terviseandmed"
healthcare,eesti seksuaaltervise liit,0,17,2,105,0.3238095238095238,0.0,0.0,-1.0,0.0,-0.001733588192767121,-0.0,"Tervishoid, ravi ja terviseandmed"
healthcare,eesti tervisemajanduse koda (health founders estonia),1,17,1,105,0.1619047619047619,6.1764705882352935,0.058823529411764705,0.39122529396703615,0.39122529396703615,0.3502806650585593,0.0652042156611727,"Tervishoid, ravi ja terviseandmed"
healthcare,eesti tuuleenergia assotsiatsioon,0,17,1,105,0.1619047619047619,0.0,0.0,-1.0,0.0,0.07382864074248714,-0.0,"Tervishoid, ravi ja terviseandmed"
healthcare,eesti urantia assotsiatsioon mtü,1,17,1,105,0.1619047619047619,6.1764705882352935,0.058823529411764705,0.39122529396703615,0.39122529396703615,0.3502806650585593,0.0652042156611727,"Tervishoid, ravi ja terviseandmed"
healthcare,eesti vaimse tervise ja heaolu koalitsioon vatek,0,17,1,105,0.1619047619047619,0.0,0.0,-1.0,0.0,0.07382864074248714,-0.0,"Tervishoid, ravi ja terviseandmed"
healthcare,eesti vähitõrje võrgustik (estcan),5,17,5,105,0.8095238095238095,6.176470588235294,0.29411764705882354,0.5980402652124291,0.5980402652124291,0.5712262727414892,0.2990201326062146,"Tervishoid, ravi ja terviseandmed"
healthcare,eesti väitlusselts,0,17,1,105,0.1619047619047619,0.0,0.0,-1.0,0.0,0.07382864074248714,-0.0,"Tervishoid, ravi ja terviseandmed"
healthcare,eesti õigusteaduse üliõpilaste liit,0,17,1,105,0.1619047619047619,0.0,0.0,-1.0,0.0,0.07382864074248714,-0.0,"Tervishoid, ravi ja terviseandmed"
healthcare,"eesti õigusteaduse üliõpilaste liit, rahvusvaheliste suhete ring, feministeerium",0,17,1,105,0.1619047619047619,0.0,0.0,-1.0,0.0,0.07382864074248714,-0.0,"Tervishoid, ravi ja terviseandmed"
healthcare,eesti õpilasesinduste liit,0,17,1,105,0.1619047619047619,0.0,0.0,-1.0,0.0,0.07382864074248714,-0.0,"Tervishoid, ravi ja terviseandmed"
healthcare,eesti üliõpilaskondade liit,0,17,2,105,0.3238095238095238,0.0,0.0,-1.0,0.0,-0.001733588192767121,-0.0,"Tervishoid, ravi ja terviseandmed"
healthcare,eesti üro ühing,0,17,1,105,0.1619047619047619,0.0,0.0,-1.0,0.0,0.07382864074248714,-0.0,"Tervishoid, ravi ja terviseandmed"
healthcare,eestimaa looduse fond,0,17,1,105,0.1619047619047619,0.0,0.0,-1.0,0.0,0.07382864074248714,-0.0,"Tervishoid, ravi ja terviseandmed"
healthcare,elisabeth luisk,1,17,1,105,0.1619047619047619,6.1764705882352935,0.058823529411764705,0.39122529396703615,0.39122529396703615,0.3502806650585593,0.0652042156611727,"Tervishoid, ravi ja terviseandmed"
healthcare,emn eesti,0,17,1,105,0.1619047619047619,0.0,0.0,-1.0,0.0,0.07382864074248714,-0.0,"Tervishoid, ravi ja terviseandmed"
healthcare,fenno-ugria asutus,0,17,1,105,0.1619047619047619,0.0,0.0,-1.0,0.0,0.07382864074248714,-0.0,"Tervishoid, ravi ja terviseandmed"
healthcare,geoteaduste üliõpilaste selts,0,17,1,105,0.1619047619047619,0.0,0.0,-1.0,0.0,0.07382864074248714,-0.0,"Tervishoid, ravi ja terviseandmed"
healthcare,integratsiooni sihtasutus,0,17,1,105,0.1619047619047619,0.0,0.0,-1.0,0.0,0.07382864074248714,-0.0,"Tervishoid, ravi ja terviseandmed"
healthcare,justiits- ja digiministeerium,0,17,2,105,0.3238095238095238,0.0,0.0,-1.0,0.0,-0.001733588192767121,-0.0,"Tervishoid, ravi ja terviseandmed"
healthcare,kaja pae,0,17,1,105,0.1619047619047619,0.0,0.0,-1.0,0.0,0.07382864074248714,-0.0,"Tervishoid, ravi ja terviseandmed"
healthcare,keskkonnainvesteeringute keskus,0,17,1,105,0.1619047619047619,0.0,0.0,-1.0,0.0,0.07382864074248714,-0.0,"Tervishoid, ravi ja terviseandmed"
healthcare,kogu ala ühispaneel,1,17,1,105,0.1619047619047619,6.1764705882352935,0.058823529411764705,0.39122529396703615,0.39122529396703615,0.3502806650585593,0.0652042156611727,"Tervishoid, ravi ja terviseandmed"
healthcare,korruptsioonivaba eesti mtü,0,17,1,105,0.1619047619047619,0.0,0.0,-1.0,0.0,0.07382864074248714,-0.0,"Tervishoid, ravi ja terviseandmed"
healthcare,kultuuriministeerium,0,17,1,105,0.1619047619047619,0.0,0.0,-1.0,0.0,0.07382864074248714,-0.0,"Tervishoid, ravi ja terviseandmed"
healthcare,lasteklubi väike päike,0,17,3,105,0.4857142857142857,0.0,0.0,-1.0,0.0,-0.0553458428220136,-0.0,"Tervishoid, ravi ja terviseandmed"
healthcare,loomus mtü,0,17,1,105,0.1619047619047619,0.0,0.0,-1.0,0.0,0.07382864074248714,-0.0,"Tervishoid, ravi ja terviseandmed"
healthcare,magnum as,1,17,1,105,0.1619047619047619,6.1764705882352935,0.058823529411764705,0.39122529396703615,0.39122529396703615,0.3502806650585593,0.0652042156611727,"Tervishoid, ravi ja terviseandmed"
healthcare,maililii oü,0,17,1,105,0.1619047619047619,0.0,0.0,-1.0,0.0,0.07382864074248714,-0.0,"Tervishoid, ravi ja terviseandmed"
healthcare,mtü eesti jõujaamade ja kaugkütte ühing,0,17,1,105,0.1619047619047619,0.0,0.0,-1.0,0.0,0.07382864074248714,-0.0,"Tervishoid, ravi ja terviseandmed"
healthcare,mtü eesti taastuvenergia koda,0,17,4,105,0.6476190476190476,0.0,0.0,-1.0,0.0,-0.09693073822399226,-0.0,"Tervishoid, ravi ja terviseandmed"
healthcare,mtü teadveloleku kompetentsikeskus toko,0,17,1,105,0.1619047619047619,0.0,0.0,-1.0,0.0,0.07382864074248714,-0.0,"Tervishoid, ravi ja terviseandmed"
healthcare,novartis,1,17,1,105,0.1619047619047619,6.1764705882352935,0.058823529411764705,0.39122529396703615,0.39122529396703615,0.3502806650585593,0.0652042156611727,"Tervishoid, ravi ja terviseandmed"
healthcare,pullivara group,0,17,1,105,0.1619047619047619,0.0,0.0,-1.0,0.0,0.07382864074248714,-0.0,"Tervishoid, ravi ja terviseandmed"
healthcare,põllumajandus- ja toiduamet,0,17,1,105,0.1619047619047619,0.0,0.0,-1.0,0.0,0.07382864074248714,-0.0,"Tervishoid, ravi ja terviseandmed"
healthcare,rail baltic estonia,0,17,2,105,0.3238095238095238,0.0,0.0,-1.0,0.0,-0.001733588192767121,-0.0,"Tervishoid, ravi ja terviseandmed"
healthcare,regionaal- ja põllumajandusministeerium,0,17,1,105,0.1619047619047619,0.0,0.0,-1.0,0.0,0.07382864074248714,-0.0,"Tervishoid, ravi ja terviseandmed"
healthcare,roche,1,17,1,105,0.1619047619047619,6.1764705882352935,0.058823529411764705,0.39122529396703615,0.39122529396703615,0.3502806650585593,0.0652042156611727,"Tervishoid, ravi ja terviseandmed"
healthcare,sa õpilasmalev,0,17,1,105,0.1619047619047619,0.0,0.0,-1.0,0.0,0.07382864074248714,-0.0,"Tervishoid, ravi ja terviseandmed"
healthcare,sihtasutus eesti teadusagentuur (etag),0,17,2,105,0.3238095238095238,0.0,0.0,-1.0,0.0,-0.001733588192767121,-0.0,"Tervishoid, ravi ja terviseandmed"
healthcare,siseministeerium,0,17,1,105,0.1619047619047619,0.0,0.0,-1.0,0.0,0.07382864074248714,-0.0,"Tervishoid, ravi ja terviseandmed"
healthcare,synlab,1,17,1,105,0.1619047619047619,6.1764705882352935,0.058823529411764705,0.39122529396703615,0.39122529396703615,0.3502806650585593,0.0652042156611727,"Tervishoid, ravi ja terviseandmed"
healthcare,taastuvenergia koda,0,17,1,105,0.1619047619047619,0.0,0.0,-1.0,0.0,0.07382864074248714,-0.0,"Tervishoid, ravi ja terviseandmed"
healthcare,tallinna ettevõtlusinkubaator,0,17,1,105,0.1619047619047619,0.0,0.0,-1.0,0.0,0.07382864074248714,-0.0,"Tervishoid, ravi ja terviseandmed"
healthcare,tallinna lastekodu,0,17,1,105,0.1619047619047619,0.0,0.0,-1.0,0.0,0.07382864074248714,-0.0,"Tervishoid, ravi ja terviseandmed"
healthcare,"tallinna tehnikaülikool, vastutustundliku majanduse ja esg fookustippkeskus",0,17,1,105,0.1619047619047619,0.0,0.0,-1.0,0.0,0.07382864074248714,-0.0,"Tervishoid, ravi ja terviseandmed"
healthcare,tallinna vesi,0,17,1,105,0.1619047619047619,0.0,0.0,-1.0,0.0,0.07382864074248714,-0.0,"Tervishoid, ravi ja terviseandmed"
healthcare,"tallinna ülikool, tartu ülikool, eesti maaülikool",0,17,1,105,0.1619047619047619,0.0,0.0,-1.0,0.0,0.07382864074248714,-0.0,"Tervishoid, ravi ja terviseandmed"
healthcare,tartu kristjan jaak petersoni gümnaasium / kultuuriministeerium,0,17,1,105,0.1619047619047619,0.0,0.0,-1.0,0.0,0.07382864074248714,-0.0,"Tervishoid, ravi ja terviseandmed"
healthcare,tartu ülikool,0,17,1,105,0.1619047619047619,0.0,0.0,-1.0,0.0,0.07382864074248714,-0.0,"Tervishoid, ravi ja terviseandmed"
healthcare,tartumaa omavalitsuste liit,0,17,1,105,0.1619047619047619,0.0,0.0,-1.0,0.0,0.07382864074248714,-0.0,"Tervishoid, ravi ja terviseandmed"
healthcare,vindr baltic oü ja vkg,0,17,1,105,0.1619047619047619,0.0,0.0,-1.0,0.0,0.07382864074248714,-0.0,"Tervishoid, ravi ja terviseandmed"
healthcare,ühendus kultuuritahe,0,17,3,105,0.4857142857142857,0.0,0.0,-1.0,0.0,-0.0553458428220136,-0.0,"Tervishoid, ravi ja terviseandmed"
healthcare,üro pagulasamet,0,17,1,105,0.1619047619047619,0.0,0.0,-1.0,0.0,0.07382864074248714,-0.0,"Tervishoid, ravi ja terviseandmed"
international,adven eesti as,0,2,1,105,0.01904761904761905,0.0,0.0,-1.0,0.0,0.40773983680674286,-0.0,"Rahvusvahelised suhted, Euroopa Liit ja humanitaarabi"
international,apotheka,0,2,1,105,0.01904761904761905,0.0,0.0,-1.0,0.0,0.40773983680674286,-0.0,"Rahvusvahelised suhted, Euroopa Liit ja humanitaarabi"
international,bonava eesti,0,2,1,105,0.01904761904761905,0.0,0.0,-1.0,0.0,0.40773983680674286,-0.0,"Rahvusvahelised suhted, Euroopa Liit ja humanitaarabi"
international,confido,0,2,1,105,0.01904761904761905,0.0,0.0,-1.0,0.0,0.40773983680674286,-0.0,"Rahvusvahelised suhted, Euroopa Liit ja humanitaarabi"
international,eesti ametiühingute keskliit,0,2,1,105,0.01904761904761905,0.0,0.0,-1.0,0.0,0.40773983680674286,-0.0,"Rahvusvahelised suhted, Euroopa Liit ja humanitaarabi"
international,eesti arhitektide liit / maa- ja ruumiamet,0,2,1,105,0.01904761904761905,0.0,0.0,-1.0,0.0,0.40773983680674286,-0.0,"Rahvusvahelised suhted, Euroopa Liit ja humanitaarabi"
international,eesti arhitektide liit mtü,0,2,1,105,0.01904761904761905,0.0,0.0,-1.0,0.0,0.40773983680674286,-0.0,"Rahvusvahelised suhted, Euroopa Liit ja humanitaarabi"
international,eesti e-residentsuse programm,0,2,8,105,0.1523809523809524,0.0,0.0,-1.0,0.0,0.12744089537173361,-0.0,"Rahvusvahelised suhted, Euroopa Liit ja humanitaarabi"
international,eesti hambaarstide liit,0,2,1,105,0.01904761904761905,0.0,0.0,-1.0,0.0,0.40773983680674286,-0.0,"Rahvusvahelised suhted, Euroopa Liit ja humanitaarabi"
international,eesti interneti sa,0,2,2,105,0.0380952380952381,0.0,0.0,-1.0,0.0,0.3321776078714886,-0.0,"Rahvusvahelised suhted, Euroopa Liit ja humanitaarabi"
international,eesti kaubandus-tööstuskoda,0,2,1,105,0.01904761904761905,0.0,0.0,-1.0,0.0,0.40773983680674286,-0.0,"Rahvusvahelised suhted, Euroopa Liit ja humanitaarabi"
international,eesti kunstikoolide liit (noored),0,2,1,105,0.01904761904761905,0.0,0.0,-1.0,0.0,0.40773983680674286,-0.0,"Rahvusvahelised suhted, Euroopa Liit ja humanitaarabi"
international,eesti lastehoidude liit,0,2,2,105,0.0380952380952381,0.0,0.0,-1.0,0.0,0.3321776078714886,-0.0,"Rahvusvahelised suhted, Euroopa Liit ja humanitaarabi"
international,eesti loomaarstide koda (elk),0,2,1,105,0.01904761904761905,0.0,0.0,-1.0,0.0,0.40773983680674286,-0.0,"Rahvusvahelised suhted, Euroopa Liit ja humanitaarabi"
international,"eesti maaülikool, veterinaarmeditsiini ja loomakasvatuse instituut",0,2,1,105,0.01904761904761905,0.0,0.0,-1.0,0.0,0.40773983680674286,-0.0,"Rahvusvahelised suhted, Euroopa Liit ja humanitaarabi"
international,eesti matemaatika selts,0,2,1,105,0.01904761904761905,0.0,0.0,-1.0,0.0,0.40773983680674286,-0.0,"Rahvusvahelised suhted, Euroopa Liit ja humanitaarabi"
international,eesti montessori ühing,0,2,1,105,0.01904761904761905,0.0,0.0,-1.0,0.0,0.40773983680674286,-0.0,"Rahvusvahelised suhted, Euroopa Liit ja humanitaarabi"
international,eesti muuseumiühing koostöös eesti muuseumide liiduga,0,2,1,105,0.01904761904761905,0.0,0.0,-1.0,0.0,0.40773983680674286,-0.0,"Rahvusvahelised suhted, Euroopa Liit ja humanitaarabi"
international,eesti personalijuhtimise ühing pare ja tööinspektsioon,0,2,9,105,0.17142857142857143,0.0,0.0,-1.0,0.0,0.10780597427576274,-0.0,"Rahvusvahelised suhted, Euroopa Liit ja humanitaarabi"
international,eesti seksuaaltervise liit,0,2,2,105,0.0380952380952381,0.0,0.0,-1.0,0.0,0.3321776078714886,-0.0,"Rahvusvahelised suhted, Euroopa Liit ja humanitaarabi"
international,eesti tervisemajanduse koda (health founders estonia),0,2,1,105,0.01904761904761905,0.0,0.0,-1.0,0.0,0.40773983680674286,-0.0,"Rahvusvahelised suhted, Euroopa Liit ja humanitaarabi"
international,eesti tuuleenergia assotsiatsioon,0,2,1,105,0.01904761904761905,0.0,0.0,-1.0,0.0,0.40773983680674286,-0.0,"Rahvusvahelised suhted, Euroopa Liit ja humanitaarabi"
international,eesti urantia assotsiatsioon mtü,0,2,1,105,0.01904761904761905,0.0,0.0,-1.0,0.0,0.40773983680674286,-0.0,"Rahvusvahelised suhted, Euroopa Liit ja humanitaarabi"
international,eesti vaimse tervise ja heaolu koalitsioon vatek,0,2,1,105,0.01904761904761905,0.0,0.0,-1.0,0.0,0.40773983680674286,-0.0,"Rahvusvahelised suhted, Euroopa Liit ja humanitaarabi"
international,eesti vähitõrje võrgustik (estcan),0,2,5,105,0.09523809523809523,0.0,0.0,-1.0,0.0,0.2030031243069879,-0.0,"Rahvusvahelised suhted, Euroopa Liit ja humanitaarabi"
international,eesti väitlusselts,0,2,1,105,0.01904761904761905,0.0,0.0,-1.0,0.0,0.40773983680674286,-0.0,"Rahvusvahelised suhted, Euroopa Liit ja humanitaarabi"
international,eesti õigusteaduse üliõpilaste liit,0,2,1,105,0.01904761904761905,0.0,0.0,-1.0,0.0,0.40773983680674286,-0.0,"Rahvusvahelised suhted, Euroopa Liit ja humanitaarabi"
international,"eesti õigusteaduse üliõpilaste liit, rahvusvaheliste suhete ring, feministeerium",0,2,1,105,0.01904761904761905,0.0,0.0,-1.0,0.0,0.40773983680674286,-0.0,"Rahvusvahelised suhted, Euroopa Liit ja humanitaarabi"
international,eesti õpilasesinduste liit,0,2,1,105,0.01904761904761905,0.0,0.0,-1.0,0.0,0.40773983680674286,-0.0,"Rahvusvahelised suhted, Euroopa Liit ja humanitaarabi"
international,eesti üliõpilaskondade liit,0,2,2,105,0.0380952380952381,0.0,0.0,-1.0,0.0,0.3321776078714886,-0.0,"Rahvusvahelised suhted, Euroopa Liit ja humanitaarabi"
international,eesti üro ühing,1,2,1,105,0.01904761904761905,52.49999999999999,0.5,0.8510629381411717,0.8510629381411717,0.7701556942628375,0.14184382302352863,"Rahvusvahelised suhted, Euroopa Liit ja humanitaarabi"
international,eestimaa looduse fond,0,2,1,105,0.01904761904761905,0.0,0.0,-1.0,0.0,0.40773983680674286,-0.0,"Rahvusvahelised suhted, Euroopa Liit ja humanitaarabi"
international,elisabeth luisk,0,2,1,105,0.01904761904761905,0.0,0.0,-1.0,0.0,0.40773983680674286,-0.0,"Rahvusvahelised suhted, Euroopa Liit ja humanitaarabi"
international,emn eesti,0,2,1,105,0.01904761904761905,0.0,0.0,-1.0,0.0,0.40773983680674286,-0.0,"Rahvusvahelised suhted, Euroopa Liit ja humanitaarabi"
international,fenno-ugria asutus,0,2,1,105,0.01904761904761905,0.0,0.0,-1.0,0.0,0.40773983680674286,-0.0,"Rahvusvahelised suhted, Euroopa Liit ja humanitaarabi"
international,geoteaduste üliõpilaste selts,0,2,1,105,0.01904761904761905,0.0,0.0,-1.0,0.0,0.40773983680674286,-0.0,"Rahvusvahelised suhted, Euroopa Liit ja humanitaarabi"
international,integratsiooni sihtasutus,0,2,1,105,0.01904761904761905,0.0,0.0,-1.0,0.0,0.40773983680674286,-0.0,"Rahvusvahelised suhted, Euroopa Liit ja humanitaarabi"
international,justiits- ja digiministeerium,0,2,2,105,0.0380952380952381,0.0,0.0,-1.0,0.0,0.3321776078714886,-0.0,"Rahvusvahelised suhted, Euroopa Liit ja humanitaarabi"
international,kaja pae,0,2,1,105,0.01904761904761905,0.0,0.0,-1.0,0.0,0.40773983680674286,-0.0,"Rahvusvahelised suhted, Euroopa Liit ja humanitaarabi"
international,keskkonnainvesteeringute keskus,0,2,1,105,0.01904761904761905,0.0,0.0,-1.0,0.0,0.40773983680674286,-0.0,"Rahvusvahelised suhted, Euroopa Liit ja humanitaarabi"
international,kogu ala ühispaneel,0,2,1,105,0.01904761904761905,0.0,0.0,-1.0,0.0,0.40773983680674286,-0.0,"Rahvusvahelised suhted, Euroopa Liit ja humanitaarabi"
international,korruptsioonivaba eesti mtü,0,2,1,105,0.01904761904761905,0.0,0.0,-1.0,0.0,0.40773983680674286,-0.0,"Rahvusvahelised suhted, Euroopa Liit ja humanitaarabi"
international,kultuuriministeerium,0,2,1,105,0.01904761904761905,0.0,0.0,-1.0,0.0,0.40773983680674286,-0.0,"Rahvusvahelised suhted, Euroopa Liit ja humanitaarabi"
international,lasteklubi väike päike,0,2,3,105,0.05714285714285714,0.0,0.0,-1.0,0.0,0.2785653532422421,-0.0,"Rahvusvahelised suhted, Euroopa Liit ja humanitaarabi"
international,loomus mtü,0,2,1,105,0.01904761904761905,0.0,0.0,-1.0,0.0,0.40773983680674286,-0.0,"Rahvusvahelised suhted, Euroopa Liit ja humanitaarabi"
international,magnum as,0,2,1,105,0.01904761904761905,0.0,0.0,-1.0,0.0,0.40773983680674286,-0.0,"Rahvusvahelised suhted, Euroopa Liit ja humanitaarabi"
international,maililii oü,0,2,1,105,0.01904761904761905,0.0,0.0,-1.0,0.0,0.40773983680674286,-0.0,"Rahvusvahelised suhted, Euroopa Liit ja humanitaarabi"
international,mtü eesti jõujaamade ja kaugkütte ühing,0,2,1,105,0.01904761904761905,0.0,0.0,-1.0,0.0,0.40773983680674286,-0.0,"Rahvusvahelised suhted, Euroopa Liit ja humanitaarabi"
international,mtü eesti taastuvenergia koda,1,2,4,105,0.0761904761904762,13.124999999999998,0.2,0.5531888144235151,0.5531888144235151,0.5554351336001819,0.09219813573725251,"Rahvusvahelised suhted, Euroopa Liit ja humanitaarabi"
international,mtü teadveloleku kompetentsikeskus toko,0,2,1,105,0.01904761904761905,0.0,0.0,-1.0,0.0,0.40773983680674286,-0.0,"Rahvusvahelised suhted, Euroopa Liit ja humanitaarabi"
international,novartis,0,2,1,105,0.01904761904761905,0.0,0.0,-1.0,0.0,0.40773983680674286,-0.0,"Rahvusvahelised suhted, Euroopa Liit ja humanitaarabi"
international,pullivara group,0,2,1,105,0.01904761904761905,0.0,0.0,-1.0,0.0,0.40773983680674286,-0.0,"Rahvusvahelised suhted, Euroopa Liit ja humanitaarabi"
international,põllumajandus- ja toiduamet,0,2,1,105,0.01904761904761905,0.0,0.0,-1.0,0.0,0.40773983680674286,-0.0,"Rahvusvahelised suhted, Euroopa Liit ja humanitaarabi"
international,rail baltic estonia,0,2,2,105,0.0380952380952381,0.0,0.0,-1.0,0.0,0.3321776078714886,-0.0,"Rahvusvahelised suhted, Euroopa Liit ja humanitaarabi"
international,regionaal- ja põllumajandusministeerium,0,2,1,105,0.01904761904761905,0.0,0.0,-1.0,0.0,0.40773983680674286,-0.0,"Rahvusvahelised suhted, Euroopa Liit ja humanitaarabi"
international,roche,0,2,1,105,0.01904761904761905,0.0,0.0,-1.0,0.0,0.40773983680674286,-0.0,"Rahvusvahelised suhted, Euroopa Liit ja humanitaarabi"
international,sa õpilasmalev,0,2,1,105,0.01904761904761905,0.0,0.0,-1.0,0.0,0.40773983680674286,-0.0,"Rahvusvahelised suhted, Euroopa Liit ja humanitaarabi"
international,sihtasutus eesti teadusagentuur (etag),0,2,2,105,0.0380952380952381,0.0,0.0,-1.0,0.0,0.3321776078714886,-0.0,"Rahvusvahelised suhted, Euroopa Liit ja humanitaarabi"
international,siseministeerium,0,2,1,105,0.01904761904761905,0.0,0.0,-1.0,0.0,0.40773983680674286,-0.0,"Rahvusvahelised suhted, Euroopa Liit ja humanitaarabi"
international,synlab,0,2,1,105,0.01904761904761905,0.0,0.0,-1.0,0.0,0.40773983680674286,-0.0,"Rahvusvahelised suhted, Euroopa Liit ja humanitaarabi"
international,taastuvenergia koda,0,2,1,105,0.01904761904761905,0.0,0.0,-1.0,0.0,0.40773983680674286,-0.0,"Rahvusvahelised suhted, Euroopa Liit ja humanitaarabi"
international,tallinna ettevõtlusinkubaator,0,2,1,105,0.01904761904761905,0.0,0.0,-1.0,0.0,0.40773983680674286,-0.0,"Rahvusvahelised suhted, Euroopa Liit ja humanitaarabi"
international,tallinna lastekodu,0,2,1,105,0.01904761904761905,0.0,0.0,-1.0,0.0,0.40773983680674286,-0.0,"Rahvusvahelised suhted, Euroopa Liit ja humanitaarabi"
international,"tallinna tehnikaülikool, vastutustundliku majanduse ja esg fookustippkeskus",0,2,1,105,0.01904761904761905,0.0,0.0,-1.0,0.0,0.40773983680674286,-0.0,"Rahvusvahelised suhted, Euroopa Liit ja humanitaarabi"
international,tallinna vesi,0,2,1,105,0.01904761904761905,0.0,0.0,-1.0,0.0,0.40773983680674286,-0.0,"Rahvusvahelised suhted, Euroopa Liit ja humanitaarabi"
international,"tallinna ülikool, tartu ülikool, eesti maaülikool",0,2,1,105,0.01904761904761905,0.0,0.0,-1.0,0.0,0.40773983680674286,-0.0,"Rahvusvahelised suhted, Euroopa Liit ja humanitaarabi"
international,tartu kristjan jaak petersoni gümnaasium / kultuuriministeerium,0,2,1,105,0.01904761904761905,0.0,0.0,-1.0,0.0,0.40773983680674286,-0.0,"Rahvusvahelised suhted, Euroopa Liit ja humanitaarabi"
international,tartu ülikool,0,2,1,105,0.01904761904761905,0.0,0.0,-1.0,0.0,0.40773983680674286,-0.0,"Rahvusvahelised suhted, Euroopa Liit ja humanitaarabi"
international,tartumaa omavalitsuste liit,0,2,1,105,0.01904761904761905,0.0,0.0,-1.0,0.0,0.40773983680674286,-0.0,"Rahvusvahelised suhted, Euroopa Liit ja humanitaarabi"
international,vindr baltic oü ja vkg,0,2,1,105,0.01904761904761905,0.0,0.0,-1.0,0.0,0.40773983680674286,-0.0,"Rahvusvahelised suhted, Euroopa Liit ja humanitaarabi"
international,ühendus kultuuritahe,0,2,3,105,0.05714285714285714,0.0,0.0,-1.0,0.0,0.2785653532422421,-0.0,"Rahvusvahelised suhted, Euroopa Liit ja humanitaarabi"
international,üro pagulasamet,0,2,1,105,0.01904761904761905,0.0,0.0,-1.0,0.0,0.40773983680674286,-0.0,"Rahvusvahelised suhted, Euroopa Liit ja humanitaarabi"
media,adven eesti as,0,8,1,105,0.0761904761904762,0.0,0.0,-1.0,0.0,0.2030031243069879,-0.0,"Meedia, avalik arutelu ja infokvaliteet"
media,apotheka,0,8,1,105,0.0761904761904762,0.0,0.0,-1.0,0.0,0.2030031243069879,-0.0,"Meedia, avalik arutelu ja infokvaliteet"
media,bonava eesti,0,8,1,105,0.0761904761904762,0.0,0.0,-1.0,0.0,0.2030031243069879,-0.0,"Meedia, avalik arutelu ja infokvaliteet"
media,confido,0,8,1,105,0.0761904761904762,0.0,0.0,-1.0,0.0,0.2030031243069879,-0.0,"Meedia, avalik arutelu ja infokvaliteet"
media,eesti ametiühingute keskliit,0,8,1,105,0.0761904761904762,0.0,0.0,-1.0,0.0,0.2030031243069879,-0.0,"Meedia, avalik arutelu ja infokvaliteet"
media,eesti arhitektide liit / maa- ja ruumiamet,0,8,1,105,0.0761904761904762,0.0,0.0,-1.0,0.0,0.2030031243069879,-0.0,"Meedia, avalik arutelu ja infokvaliteet"
media,eesti arhitektide liit mtü,0,8,1,105,0.0761904761904762,0.0,0.0,-1.0,0.0,0.2030031243069879,-0.0,"Meedia, avalik arutelu ja infokvaliteet"
media,eesti e-residentsuse programm,1,8,8,105,0.6095238095238096,1.6406249999999998,0.06666666666666667,0.10637762884703016,0.10637762884703016,0.1602499415914435,0.017729604807838358,"Meedia, avalik arutelu ja infokvaliteet"
media,eesti hambaarstide liit,0,8,1,105,0.0761904761904762,0.0,0.0,-1.0,0.0,0.2030031243069879,-0.0,"Meedia, avalik arutelu ja infokvaliteet"
media,eesti interneti sa,0,8,2,105,0.1523809523809524,0.0,0.0,-1.0,0.0,0.12744089537173361,-0.0,"Meedia, avalik arutelu ja infokvaliteet"
media,eesti kaubandus-tööstuskoda,0,8,1,105,0.0761904761904762,0.0,0.0,-1.0,0.0,0.2030031243069879,-0.0,"Meedia, avalik arutelu ja infokvaliteet"
media,eesti kunstikoolide liit (noored),0,8,1,105,0.0761904761904762,0.0,0.0,-1.0,0.0,0.2030031243069879,-0.0,"Meedia, avalik arutelu ja infokvaliteet"
media,eesti lastehoidude liit,0,8,2,105,0.1523809523809524,0.0,0.0,-1.0,0.0,0.12744089537173361,-0.0,"Meedia, avalik arutelu ja infokvaliteet"
media,eesti loomaarstide koda (elk),0,8,1,105,0.0761904761904762,0.0,0.0,-1.0,0.0,0.2030031243069879,-0.0,"Meedia, avalik arutelu ja infokvaliteet"
media,"eesti maaülikool, veterinaarmeditsiini ja loomakasvatuse instituut",0,8,1,105,0.0761904761904762,0.0,0.0,-1.0,0.0,0.2030031243069879,-0.0,"Meedia, avalik arutelu ja infokvaliteet"
media,eesti matemaatika selts,0,8,1,105,0.0761904761904762,0.0,0.0,-1.0,0.0,0.2030031243069879,-0.0,"Meedia, avalik arutelu ja infokvaliteet"
media,eesti montessori ühing,0,8,1,105,0.0761904761904762,0.0,0.0,-1.0,0.0,0.2030031243069879,-0.0,"Meedia, avalik arutelu ja infokvaliteet"
media,eesti muuseumiühing koostöös eesti muuseumide liiduga,0,8,1,105,0.0761904761904762,0.0,0.0,-1.0,0.0,0.2030031243069879,-0.0,"Meedia, avalik arutelu ja infokvaliteet"
media,eesti personalijuhtimise ühing pare ja tööinspektsioon,0,8,9,105,0.6857142857142857,0.0,0.0,-1.0,0.0,-0.09693073822399226,-0.0,"Meedia, avalik arutelu ja infokvaliteet"
media,eesti seksuaaltervise liit,0,8,2,105,0.1523809523809524,0.0,0.0,-1.0,0.0,0.12744089537173361,-0.0,"Meedia, avalik arutelu ja infokvaliteet"
media,eesti tervisemajanduse koda (health founders estonia),0,8,1,105,0.0761904761904762,0.0,0.0,-1.0,0.0,0.2030031243069879,-0.0,"Meedia, avalik arutelu ja infokvaliteet"
media,eesti tuuleenergia assotsiatsioon,0,8,1,105,0.0761904761904762,0.0,0.0,-1.0,0.0,0.2030031243069879,-0.0,"Meedia, avalik arutelu ja infokvaliteet"
media,eesti urantia assotsiatsioon mtü,0,8,1,105,0.0761904761904762,0.0,0.0,-1.0,0.0,0.2030031243069879,-0.0,"Meedia, avalik arutelu ja infokvaliteet"
media,eesti vaimse tervise ja heaolu koalitsioon vatek,0,8,1,105,0.0761904761904762,0.0,0.0,-1.0,0.0,0.2030031243069879,-0.0,"Meedia, avalik arutelu ja infokvaliteet"
media,eesti vähitõrje võrgustik (estcan),0,8,5,105,0.38095238095238093,0.0,0.0,-1.0,0.0,-0.001733588192767121,-0.0,"Meedia, avalik arutelu ja infokvaliteet"
media,eesti väitlusselts,1,8,1,105,0.0761904761904762,13.124999999999998,0.125,0.5531888144235151,0.5531888144235151,0.5127104987939195,0.09219813573725251,"Meedia, avalik arutelu ja infokvaliteet"
media,eesti õigusteaduse üliõpilaste liit,1,8,1,105,0.0761904761904762,13.124999999999998,0.125,0.5531888144235151,0.5531888144235151,0.5127104987939195,0.09219813573725251,"Meedia, avalik arutelu ja infokvaliteet"
media,"eesti õigusteaduse üliõpilaste liit, rahvusvaheliste suhete ring, feministeerium",0,8,1,105,0.0761904761904762,0.0,0.0,-1.0,0.0,0.2030031243069879,-0.0,"Meedia, avalik arutelu ja infokvaliteet"
media,eesti õpilasesinduste liit,0,8,1,105,0.0761904761904762,0.0,0.0,-1.0,0.0,0.2030031243069879,-0.0,"Meedia, avalik arutelu ja infokvaliteet"
media,eesti üliõpilaskondade liit,0,8,2,105,0.1523809523809524,0.0,0.0,-1.0,0.0,0.12744089537173361,-0.0,"Meedia, avalik arutelu ja infokvaliteet"
media,eesti üro ühing,0,8,1,105,0.0761904761904762,0.0,0.0,-1.0,0.0,0.2030031243069879,-0.0,"Meedia, avalik arutelu ja infokvaliteet"
media,eestimaa looduse fond,0,8,1,105,0.0761904761904762,0.0,0.0,-1.0,0.0,0.2030031243069879,-0.0,"Meedia, avalik arutelu ja infokvaliteet"
media,elisabeth luisk,0,8,1,105,0.0761904761904762,0.0,0.0,-1.0,0.0,0.2030031243069879,-0.0,"Meedia, avalik arutelu ja infokvaliteet"
media,emn eesti,0,8,1,105,0.0761904761904762,0.0,0.0,-1.0,0.0,0.2030031243069879,-0.0,"Meedia, avalik arutelu ja infokvaliteet"
media,fenno-ugria asutus,0,8,1,105,0.0761904761904762,0.0,0.0,-1.0,0.0,0.2030031243069879,-0.0,"Meedia, avalik arutelu ja infokvaliteet"
media,geoteaduste üliõpilaste selts,0,8,1,105,0.0761904761904762,0.0,0.0,-1.0,0.0,0.2030031243069879,-0.0,"Meedia, avalik arutelu ja infokvaliteet"
media,integratsiooni sihtasutus,1,8,1,105,0.0761904761904762,13.124999999999998,0.125,0.5531888144235151,0.5531888144235151,0.5127104987939195,0.09219813573725251,"Meedia, avalik arutelu ja infokvaliteet"
media,justiits- ja digiministeerium,0,8,2,105,0.1523809523809524,0.0,0.0,-1.0,0.0,0.12744089537173361,-0.0,"Meedia, avalik arutelu ja infokvaliteet"
media,kaja pae,0,8,1,105,0.0761904761904762,0.0,0.0,-1.0,0.0,0.2030031243069879,-0.0,"Meedia, avalik arutelu ja infokvaliteet"
media,keskkonnainvesteeringute keskus,0,8,1,105,0.0761904761904762,0.0,0.0,-1.0,0.0,0.2030031243069879,-0.0,"Meedia, avalik arutelu ja infokvaliteet"
media,kogu ala ühispaneel,0,8,1,105,0.0761904761904762,0.0,0.0,-1.0,0.0,0.2030031243069879,-0.0,"Meedia, avalik arutelu ja infokvaliteet"
media,korruptsioonivaba eesti mtü,0,8,1,105,0.0761904761904762,0.0,0.0,-1.0,0.0,0.2030031243069879,-0.0,"Meedia, avalik arutelu ja infokvaliteet"
media,kultuuriministeerium,0,8,1,105,0.0761904761904762,0.0,0.0,-1.0,0.0,0.2030031243069879,-0.0,"Meedia, avalik arutelu ja infokvaliteet"
media,lasteklubi väike päike,0,8,3,105,0.22857142857142856,0.0,0.0,-1.0,0.0,0.07382864074248714,-0.0,"Meedia, avalik arutelu ja infokvaliteet"
media,loomus mtü,1,8,1,105,0.0761904761904762,13.124999999999998,0.125,0.5531888144235151,0.5531888144235151,0.5127104987939195,0.09219813573725251,"Meedia, avalik arutelu ja infokvaliteet"
media,magnum as,0,8,1,105,0.0761904761904762,0.0,0.0,-1.0,0.0,0.2030031243069879,-0.0,"Meedia, avalik arutelu ja infokvaliteet"
media,maililii oü,0,8,1,105,0.0761904761904762,0.0,0.0,-1.0,0.0,0.2030031243069879,-0.0,"Meedia, avalik arutelu ja infokvaliteet"
media,mtü eesti jõujaamade ja kaugkütte ühing,0,8,1,105,0.0761904761904762,0.0,0.0,-1.0,0.0,0.2030031243069879,-0.0,"Meedia, avalik arutelu ja infokvaliteet"
media,mtü eesti taastuvenergia koda,0,8,4,105,0.3047619047619048,0.0,0.0,-1.0,0.0,0.03224374534050848,-0.0,"Meedia, avalik arutelu ja infokvaliteet"
media,mtü teadveloleku kompetentsikeskus toko,0,8,1,105,0.0761904761904762,0.0,0.0,-1.0,0.0,0.2030031243069879,-0.0,"Meedia, avalik arutelu ja infokvaliteet"
media,novartis,0,8,1,105,0.0761904761904762,0.0,0.0,-1.0,0.0,0.2030031243069879,-0.0,"Meedia, avalik arutelu ja infokvaliteet"
media,pullivara group,0,8,1,105,0.0761904761904762,0.0,0.0,-1.0,0.0,0.2030031243069879,-0.0,"Meedia, avalik arutelu ja infokvaliteet"
media,põllumajandus- ja toiduamet,0,8,1,105,0.0761904761904762,0.0,0.0,-1.0,0.0,0.2030031243069879,-0.0,"Meedia, avalik arutelu ja infokvaliteet"
media,rail baltic estonia,0,8,2,105,0.1523809523809524,0.0,0.0,-1.0,0.0,0.12744089537173361,-0.0,"Meedia, avalik arutelu ja infokvaliteet"
media,regionaal- ja põllumajandusministeerium,0,8,1,105,0.0761904761904762,0.0,0.0,-1.0,0.0,0.2030031243069879,-0.0,"Meedia, avalik arutelu ja infokvaliteet"
media,roche,0,8,1,105,0.0761904761904762,0.0,0.0,-1.0,0.0,0.2030031243069879,-0.0,"Meedia, avalik arutelu ja infokvaliteet"
media,sa õpilasmalev,0,8,1,105,0.0761904761904762,0.0,0.0,-1.0,0.0,0.2030031243069879,-0.0,"Meedia, avalik arutelu ja infokvaliteet"
media,sihtasutus eesti teadusagentuur (etag),0,8,2,105,0.1523809523809524,0.0,0.0,-1.0,0.0,0.12744089537173361,-0.0,"Meedia, avalik arutelu ja infokvaliteet"
media,siseministeerium,0,8,1,105,0.0761904761904762,0.0,0.0,-1.0,0.0,0.2030031243069879,-0.0,"Meedia, avalik arutelu ja infokvaliteet"
media,synlab,0,8,1,105,0.0761904761904762,0.0,0.0,-1.0,0.0,0.2030031243069879,-0.0,"Meedia, avalik arutelu ja infokvaliteet"
media,taastuvenergia koda,1,8,1,105,0.0761904761904762,13.124999999999998,0.125,0.5531888144235151,0.5531888144235151,0.5127104987939195,0.09219813573725251,"Meedia, avalik arutelu ja infokvaliteet"
media,tallinna ettevõtlusinkubaator,0,8,1,105,0.0761904761904762,0.0,0.0,-1.0,0.0,0.2030031243069879,-0.0,"Meedia, avalik arutelu ja infokvaliteet"
media,tallinna lastekodu,0,8,1,105,0.0761904761904762,0.0,0.0,-1.0,0.0,0.2030031243069879,-0.0,"Meedia, avalik arutelu ja infokvaliteet"
media,"tallinna tehnikaülikool, vastutustundliku majanduse ja esg fookustippkeskus",0,8,1,105,0.0761904761904762,0.0,0.0,-1.0,0.0,0.2030031243069879,-0.0,"Meedia, avalik arutelu ja infokvaliteet"
media,tallinna vesi,0,8,1,105,0.0761904761904762,0.0,0.0,-1.0,0.0,0.2030031243069879,-0.0,"Meedia, avalik arutelu ja infokvaliteet"
media,"tallinna ülikool, tartu ülikool, eesti maaülikool",1,8,1,105,0.0761904761904762,13.124999999999998,0.125,0.5531888144235151,0.5531888144235151,0.5127104987939195,0.09219813573725251,"Meedia, avalik arutelu ja infokvaliteet"
media,tartu kristjan jaak petersoni gümnaasium / kultuuriministeerium,1,8,1,105,0.0761904761904762,13.124999999999998,0.125,0.5531888144235151,0.5531888144235151,0.5127104987939195,0.09219813573725251,"Meedia, avalik arutelu ja infokvaliteet"
media,tartu ülikool,0,8,1,105,0.0761904761904762,0.0,0.0,-1.0,0.0,0.2030031243069879,-0.0,"Meedia, avalik arutelu ja infokvaliteet"
media,tartumaa omavalitsuste liit,0,8,1,105,0.0761904761904762,0.0,0.0,-1.0,0.0,0.2030031243069879,-0.0,"Meedia, avalik arutelu ja infokvaliteet"
media,vindr baltic oü ja vkg,0,8,1,105,0.0761904761904762,0.0,0.0,-1.0,0.0,0.2030031243069879,-0.0,"Meedia, avalik arutelu ja infokvaliteet"
media,ühendus kultuuritahe,0,8,3,105,0.22857142857142856,0.0,0.0,-1.0,0.0,0.07382864074248714,-0.0,"Meedia, avalik arutelu ja infokvaliteet"
media,üro pagulasamet,0,8,1,105,0.0761904761904762,0.0,0.0,-1.0,0.0,0.2030031243069879,-0.0,"Meedia, avalik arutelu ja infokvaliteet"
migration,adven eesti as,0,12,1,105,0.11428571428571428,0.0,0.0,-1.0,0.0,0.13447415975405552,-0.0,"Ränne, lõimumine ja kuuluvus"
migration,apotheka,0,12,1,105,0.11428571428571428,0.0,0.0,-1.0,0.0,0.13447415975405552,-0.0,"Ränne, lõimumine ja kuuluvus"
migration,bonava eesti,0,12,1,105,0.11428571428571428,0.0,0.0,-1.0,0.0,0.13447415975405552,-0.0,"Ränne, lõimumine ja kuuluvus"
migration,confido,0,12,1,105,0.11428571428571428,0.0,0.0,-1.0,0.0,0.13447415975405552,-0.0,"Ränne, lõimumine ja kuuluvus"
migration,eesti ametiühingute keskliit,0,12,1,105,0.11428571428571428,0.0,0.0,-1.0,0.0,0.13447415975405552,-0.0,"Ränne, lõimumine ja kuuluvus"
migration,eesti arhitektide liit / maa- ja ruumiamet,0,12,1,105,0.11428571428571428,0.0,0.0,-1.0,0.0,0.13447415975405552,-0.0,"Ränne, lõimumine ja kuuluvus"
migration,eesti arhitektide liit mtü,0,12,1,105,0.11428571428571428,0.0,0.0,-1.0,0.0,0.13447415975405552,-0.0,"Ränne, lõimumine ja kuuluvus"
migration,eesti e-residentsuse programm,0,12,8,105,0.9142857142857143,0.0,0.0,-1.0,0.0,-0.14582478168095367,-0.0,"Ränne, lõimumine ja kuuluvus"
migration,eesti hambaarstide liit,0,12,1,105,0.11428571428571428,0.0,0.0,-1.0,0.0,0.13447415975405552,-0.0,"Ränne, lõimumine ja kuuluvus"
migration,eesti interneti sa,0,12,2,105,0.22857142857142856,0.0,0.0,-1.0,0.0,0.05891193081880132,-0.0,"Ränne, lõimumine ja kuuluvus"
migration,eesti kaubandus-tööstuskoda,0,12,1,105,0.11428571428571428,0.0,0.0,-1.0,0.0,0.13447415975405552,-0.0,"Ränne, lõimumine ja kuuluvus"
migration,eesti kunstikoolide liit (noored),0,12,1,105,0.11428571428571428,0.0,0.0,-1.0,0.0,0.13447415975405552,-0.0,"Ränne, lõimumine ja kuuluvus"
migration,eesti lastehoidude liit,0,12,2,105,0.22857142857142856,0.0,0.0,-1.0,0.0,0.05891193081880132,-0.0,"Ränne, lõimumine ja kuuluvus"
migration,eesti loomaarstide koda (elk),0,12,1,105,0.11428571428571428,0.0,0.0,-1.0,0.0,0.13447415975405552,-0.0,"Ränne, lõimumine ja kuuluvus"
migration,"eesti maaülikool, veterinaarmeditsiini ja loomakasvatuse instituut",0,12,1,105,0.11428571428571428,0.0,0.0,-1.0,0.0,0.13447415975405552,-0.0,"Ränne, lõimumine ja kuuluvus"
migration,eesti matemaatika selts,0,12,1,105,0.11428571428571428,0.0,0.0,-1.0,0.0,0.13447415975405552,-0.0,"Ränne, lõimumine ja kuuluvus"
migration,eesti montessori ühing,0,12,1,105,0.11428571428571428,0.0,0.0,-1.0,0.0,0.13447415975405552,-0.0,"Ränne, lõimumine ja kuuluvus"
migration,eesti muuseumiühing koostöös eesti muuseumide liiduga,1,12,1,105,0.11428571428571428,8.75,0.08333333333333333,0.4660662182685134,0.4660662182685134,0.42653908156637493,0.07767770304475223,"Ränne, lõimumine ja kuuluvus"
migration,eesti personalijuhtimise ühing pare ja tööinspektsioon,0,12,9,105,1.0285714285714285,0.0,0.0,-1.0,0.0,-0.16545970277692457,-0.0,"Ränne, lõimumine ja kuuluvus"
migration,eesti seksuaaltervise liit,0,12,2,105,0.22857142857142856,0.0,0.0,-1.0,0.0,0.05891193081880132,-0.0,"Ränne, lõimumine ja kuuluvus"
migration,eesti tervisemajanduse koda (health founders estonia),0,12,1,105,0.11428571428571428,0.0,0.0,-1.0,0.0,0.13447415975405552,-0.0,"Ränne, lõimumine ja kuuluvus"
migration,eesti tuuleenergia assotsiatsioon,0,12,1,105,0.11428571428571428,0.0,0.0,-1.0,0.0,0.13447415975405552,-0.0,"Ränne, lõimumine ja kuuluvus"
migration,eesti urantia assotsiatsioon mtü,0,12,1,105,0.11428571428571428,0.0,0.0,-1.0,0.0,0.13447415975405552,-0.0,"Ränne, lõimumine ja kuuluvus"
migration,eesti vaimse tervise ja heaolu koalitsioon vatek,0,12,1,105,0.11428571428571428,0.0,0.0,-1.0,0.0,0.13447415975405552,-0.0,"Ränne, lõimumine ja kuuluvus"
migration,eesti vähitõrje võrgustik (estcan),0,12,5,105,0.5714285714285714,0.0,0.0,-1.0,0.0,-0.07026255274569944,-0.0,"Ränne, lõimumine ja kuuluvus"
migration,eesti väitlusselts,0,12,1,105,0.11428571428571428,0.0,0.0,-1.0,0.0,0.13447415975405552,-0.0,"Ränne, lõimumine ja kuuluvus"
migration,eesti õigusteaduse üliõpilaste liit,0,12,1,105,0.11428571428571428,0.0,0.0,-1.0,0.0,0.13447415975405552,-0.0,"Ränne, lõimumine ja kuuluvus"
migration,"eesti õigusteaduse üliõpilaste liit, rahvusvaheliste suhete ring, feministeerium",0,12,1,105,0.11428571428571428,0.0,0.0,-1.0,0.0,0.13447415975405552,-0.0,"Ränne, lõimumine ja kuuluvus"
migration,eesti õpilasesinduste liit,0,12,1,105,0.11428571428571428,0.0,0.0,-1.0,0.0,0.13447415975405552,-0.0,"Ränne, lõimumine ja kuuluvus"
migration,eesti üliõpilaskondade liit,0,12,2,105,0.22857142857142856,0.0,0.0,-1.0,0.0,0.05891193081880132,-0.0,"Ränne, lõimumine ja kuuluvus"
migration,eesti üro ühing,0,12,1,105,0.11428571428571428,0.0,0.0,-1.0,0.0,0.13447415975405552,-0.0,"Ränne, lõimumine ja kuuluvus"
migration,eestimaa looduse fond,0,12,1,105,0.11428571428571428,0.0,0.0,-1.0,0.0,0.13447415975405552,-0.0,"Ränne, lõimumine ja kuuluvus"
migration,elisabeth luisk,0,12,1,105,0.11428571428571428,0.0,0.0,-1.0,0.0,0.13447415975405552,-0.0,"Ränne, lõimumine ja kuuluvus"
migration,emn eesti,1,12,1,105,0.11428571428571428,8.75,0.08333333333333333,0.4660662182685134,0.4660662182685134,0.42653908156637493,0.07767770304475223,"Ränne, lõimumine ja kuuluvus"
migration,fenno-ugria asutus,1,12,1,105,0.11428571428571428,8.75,0.08333333333333333,0.4660662182685134,0.4660662182685134,0.42653908156637493,0.07767770304475223,"Ränne, lõimumine ja kuuluvus"
migration,geoteaduste üliõpilaste selts,0,12,1,105,0.11428571428571428,0.0,0.0,-1.0,0.0,0.13447415975405552,-0.0,"Ränne, lõimumine ja kuuluvus"
migration,integratsiooni sihtasutus,1,12,1,105,0.11428571428571428,8.75,0.08333333333333333,0.4660662182685134,0.4660662182685134,0.42653908156637493,0.07767770304475223,"Ränne, lõimumine ja kuuluvus"
migration,justiits- ja digiministeerium,1,12,2,105,0.22857142857142856,4.375,0.07692307692307693,0.31712915640968503,0.31712915640968503,0.3315237198328171,0.05285485940161417,"Ränne, lõimumine ja kuuluvus"
migration,kaja pae,0,12,1,105,0.11428571428571428,0.0,0.0,-1.0,0.0,0.13447415975405552,-0.0,"Ränne, lõimumine ja kuuluvus"
migration,keskkonnainvesteeringute keskus,0,12,1,105,0.11428571428571428,0.0,0.0,-1.0,0.0,0.13447415975405552,-0.0,"Ränne, lõimumine ja kuuluvus"
migration,kogu ala ühispaneel,0,12,1,105,0.11428571428571428,0.0,0.0,-1.0,0.0,0.13447415975405552,-0.0,"Ränne, lõimumine ja kuuluvus"
migration,korruptsioonivaba eesti mtü,1,12,1,105,0.11428571428571428,8.75,0.08333333333333333,0.4660662182685134,0.4660662182685134,0.42653908156637493,0.07767770304475223,"Ränne, lõimumine ja kuuluvus"
migration,kultuuriministeerium,1,12,1,105,0.11428571428571428,8.75,0.08333333333333333,0.4660662182685134,0.4660662182685134,0.42653908156637493,0.07767770304475223,"Ränne, lõimumine ja kuuluvus"
migration,lasteklubi väike päike,0,12,3,105,0.34285714285714286,0.0,0.0,-1.0,0.0,0.005299676189554792,-0.0,"Ränne, lõimumine ja kuuluvus"
migration,loomus mtü,0,12,1,105,0.11428571428571428,0.0,0.0,-1.0,0.0,0.13447415975405552,-0.0,"Ränne, lõimumine ja kuuluvus"
migration,magnum as,0,12,1,105,0.11428571428571428,0.0,0.0,-1.0,0.0,0.13447415975405552,-0.0,"Ränne, lõimumine ja kuuluvus"
migration,maililii oü,0,12,1,105,0.11428571428571428,0.0,0.0,-1.0,0.0,0.13447415975405552,-0.0,"Ränne, lõimumine ja kuuluvus"
migration,mtü eesti jõujaamade ja kaugkütte ühing,0,12,1,105,0.11428571428571428,0.0,0.0,-1.0,0.0,0.13447415975405552,-0.0,"Ränne, lõimumine ja kuuluvus"
migration,mtü eesti taastuvenergia koda,0,12,4,105,0.45714285714285713,0.0,0.0,-1.0,0.0,-0.03628521921242382,-0.0,"Ränne, lõimumine ja kuuluvus"
migration,mtü teadveloleku kompetentsikeskus toko,0,12,1,105,0.11428571428571428,0.0,0.0,-1.0,0.0,0.13447415975405552,-0.0,"Ränne, lõimumine ja kuuluvus"
migration,novartis,0,12,1,105,0.11428571428571428,0.0,0.0,-1.0,0.0,0.13447415975405552,-0.0,"Ränne, lõimumine ja kuuluvus"
migration,pullivara group,1,12,1,105,0.11428571428571428,8.75,0.08333333333333333,0.4660662182685134,0.4660662182685134,0.42653908156637493,0.07767770304475223,"Ränne, lõimumine ja kuuluvus"
migration,põllumajandus- ja toiduamet,0,12,1,105,0.11428571428571428,0.0,0.0,-1.0,0.0,0.13447415975405552,-0.0,"Ränne, lõimumine ja kuuluvus"
migration,rail baltic estonia,0,12,2,105,0.22857142857142856,0.0,0.0,-1.0,0.0,0.05891193081880132,-0.0,"Ränne, lõimumine ja kuuluvus"
migration,regionaal- ja põllumajandusministeerium,0,12,1,105,0.11428571428571428,0.0,0.0,-1.0,0.0,0.13447415975405552,-0.0,"Ränne, lõimumine ja kuuluvus"
migration,roche,0,12,1,105,0.11428571428571428,0.0,0.0,-1.0,0.0,0.13447415975405552,-0.0,"Ränne, lõimumine ja kuuluvus"
migration,sa õpilasmalev,0,12,1,105,0.11428571428571428,0.0,0.0,-1.0,0.0,0.13447415975405552,-0.0,"Ränne, lõimumine ja kuuluvus"
migration,sihtasutus eesti teadusagentuur (etag),0,12,2,105,0.22857142857142856,0.0,0.0,-1.0,0.0,0.05891193081880132,-0.0,"Ränne, lõimumine ja kuuluvus"
migration,siseministeerium,1,12,1,105,0.11428571428571428,8.75,0.08333333333333333,0.4660662182685134,0.4660662182685134,0.42653908156637493,0.07767770304475223,"Ränne, lõimumine ja kuuluvus"
migration,synlab,0,12,1,105,0.11428571428571428,0.0,0.0,-1.0,0.0,0.13447415975405552,-0.0,"Ränne, lõimumine ja kuuluvus"
migration,taastuvenergia koda,0,12,1,105,0.11428571428571428,0.0,0.0,-1.0,0.0,0.13447415975405552,-0.0,"Ränne, lõimumine ja kuuluvus"
migration,tallinna ettevõtlusinkubaator,0,12,1,105,0.11428571428571428,0.0,0.0,-1.0,0.0,0.13447415975405552,-0.0,"Ränne, lõimumine ja kuuluvus"
migration,tallinna lastekodu,0,12,1,105,0.11428571428571428,0.0,0.0,-1.0,0.0,0.13447415975405552,-0.0,"Ränne, lõimumine ja kuuluvus"
migration,"tallinna tehnikaülikool, vastutustundliku majanduse ja esg fookustippkeskus",0,12,1,105,0.11428571428571428,0.0,0.0,-1.0,0.0,0.13447415975405552,-0.0,"Ränne, lõimumine ja kuuluvus"
migration,tallinna vesi,0,12,1,105,0.11428571428571428,0.0,0.0,-1.0,0.0,0.13447415975405552,-0.0,"Ränne, lõimumine ja kuuluvus"
migration,"tallinna ülikool, tartu ülikool, eesti maaülikool",0,12,1,105,0.11428571428571428,0.0,0.0,-1.0,0.0,0.13447415975405552,-0.0,"Ränne, lõimumine ja kuuluvus"
migration,tartu kristjan jaak petersoni gümnaasium / kultuuriministeerium,1,12,1,105,0.11428571428571428,8.75,0.08333333333333333,0.4660662182685134,0.4660662182685134,0.42653908156637493,0.07767770304475223,"Ränne, lõimumine ja kuuluvus"
migration,tartu ülikool,0,12,1,105,0.11428571428571428,0.0,0.0,-1.0,0.0,0.13447415975405552,-0.0,"Ränne, lõimumine ja kuuluvus"
migration,tartumaa omavalitsuste liit,1,12,1,105,0.11428571428571428,8.75,0.08333333333333333,0.4660662182685134,0.4660662182685134,0.42653908156637493,0.07767770304475223,"Ränne, lõimumine ja kuuluvus"
migration,vindr baltic oü ja vkg,0,12,1,105,0.11428571428571428,0.0,0.0,-1.0,0.0,0.13447415975405552,-0.0,"Ränne, lõimumine ja kuuluvus"
migration,ühendus kultuuritahe,0,12,3,105,0.34285714285714286,0.0,0.0,-1.0,0.0,0.005299676189554792,-0.0,"Ränne, lõimumine ja kuuluvus"
migration,üro pagulasamet,1,12,1,105,0.11428571428571428,8.75,0.08333333333333333,0.4660662182685134,0.4660662182685134,0.42653908156637493,0.07767770304475223,"Ränne, lõimumine ja kuuluvus"
nature,adven eesti as,1,4,1,105,0.0380952380952381,26.249999999999996,0.25,0.7021258762823435,0.7021258762823435,0.6504504953337398,0.11702097938039058,"Loodus, metsandus ja maavarad"
nature,apotheka,0,4,1,105,0.0380952380952381,0.0,0.0,-1.0,0.0,0.3125426867755178,-0.0,"Loodus, metsandus ja maavarad"
nature,bonava eesti,0,4,1,105,0.0380952380952381,0.0,0.0,-1.0,0.0,0.3125426867755178,-0.0,"Loodus, metsandus ja maavarad"
nature,confido,0,4,1,105,0.0380952380952381,0.0,0.0,-1.0,0.0,0.3125426867755178,-0.0,"Loodus, metsandus ja maavarad"
nature,eesti ametiühingute keskliit,0,4,1,105,0.0380952380952381,0.0,0.0,-1.0,0.0,0.3125426867755178,-0.0,"Loodus, metsandus ja maavarad"
nature,eesti arhitektide liit / maa- ja ruumiamet,0,4,1,105,0.0380952380952381,0.0,0.0,-1.0,0.0,0.3125426867755178,-0.0,"Loodus, metsandus ja maavarad"
nature,eesti arhitektide liit mtü,0,4,1,105,0.0380952380952381,0.0,0.0,-1.0,0.0,0.3125426867755178,-0.0,"Loodus, metsandus ja maavarad"
nature,eesti e-residentsuse programm,0,4,8,105,0.3047619047619048,0.0,0.0,-1.0,0.0,0.03224374534050848,-0.0,"Loodus, metsandus ja maavarad"
nature,eesti hambaarstide liit,0,4,1,105,0.0380952380952381,0.0,0.0,-1.0,0.0,0.3125426867755178,-0.0,"Loodus, metsandus ja maavarad"
nature,eesti interneti sa,0,4,2,105,0.0761904761904762,0.0,0.0,-1.0,0.0,0.23698045784026348,-0.0,"Loodus, metsandus ja maavarad"
nature,eesti kaubandus-tööstuskoda,0,4,1,105,0.0380952380952381,0.0,0.0,-1.0,0.0,0.3125426867755178,-0.0,"Loodus, metsandus ja maavarad"
nature,eesti kunstikoolide liit (noored),0,4,1,105,0.0380952380952381,0.0,0.0,-1.0,0.0,0.3125426867755178,-0.0,"Loodus, metsandus ja maavarad"
nature,eesti lastehoidude liit,0,4,2,105,0.0761904761904762,0.0,0.0,-1.0,0.0,0.23698045784026348,-0.0,"Loodus, metsandus ja maavarad"
nature,eesti loomaarstide koda (elk),0,4,1,105,0.0380952380952381,0.0,0.0,-1.0,0.0,0.3125426867755178,-0.0,"Loodus, metsandus ja maavarad"
nature,"eesti maaülikool, veterinaarmeditsiini ja loomakasvatuse instituut",0,4,1,105,0.0380952380952381,0.0,0.0,-1.0,0.0,0.3125426867755178,-0.0,"Loodus, metsandus ja maavarad"
nature,eesti matemaatika selts,0,4,1,105,0.0380952380952381,0.0,0.0,-1.0,0.0,0.3125426867755178,-0.0,"Loodus, metsandus ja maavarad"
nature,eesti montessori ühing,0,4,1,105,0.0380952380952381,0.0,0.0,-1.0,0.0,0.3125426867755178,-0.0,"Loodus, metsandus ja maavarad"
nature,eesti muuseumiühing koostöös eesti muuseumide liiduga,0,4,1,105,0.0380952380952381,0.0,0.0,-1.0,0.0,0.3125426867755178,-0.0,"Loodus, metsandus ja maavarad"
nature,eesti personalijuhtimise ühing pare ja tööinspektsioon,0,4,9,105,0.34285714285714286,0.0,0.0,-1.0,0.0,0.012608824244537617,-0.0,"Loodus, metsandus ja maavarad"
nature,eesti seksuaaltervise liit,0,4,2,105,0.0761904761904762,0.0,0.0,-1.0,0.0,0.23698045784026348,-0.0,"Loodus, metsandus ja maavarad"
nature,eesti tervisemajanduse koda (health founders estonia),0,4,1,105,0.0380952380952381,0.0,0.0,-1.0,0.0,0.3125426867755178,-0.0,"Loodus, metsandus ja maavarad"
nature,eesti tuuleenergia assotsiatsioon,0,4,1,105,0.0380952380952381,0.0,0.0,-1.0,0.0,0.3125426867755178,-0.0,"Loodus, metsandus ja maavarad"
nature,eesti urantia assotsiatsioon mtü,0,4,1,105,0.0380952380952381,0.0,0.0,-1.0,0.0,0.3125426867755178,-0.0,"Loodus, metsandus ja maavarad"
nature,eesti vaimse tervise ja heaolu koalitsioon vatek,0,4,1,105,0.0380952380952381,0.0,0.0,-1.0,0.0,0.3125426867755178,-0.0,"Loodus, metsandus ja maavarad"
nature,eesti vähitõrje võrgustik (estcan),0,4,5,105,0.19047619047619047,0.0,0.0,-1.0,0.0,0.10780597427576274,-0.0,"Loodus, metsandus ja maavarad"
nature,eesti väitlusselts,0,4,1,105,0.0380952380952381,0.0,0.0,-1.0,0.0,0.3125426867755178,-0.0,"Loodus, metsandus ja maavarad"
nature,eesti õigusteaduse üliõpilaste liit,0,4,1,105,0.0380952380952381,0.0,0.0,-1.0,0.0,0.3125426867755178,-0.0,"Loodus, metsandus ja maavarad"
nature,"eesti õigusteaduse üliõpilaste liit, rahvusvaheliste suhete ring, feministeerium",0,4,1,105,0.0380952380952381,0.0,0.0,-1.0,0.0,0.3125426867755178,-0.0,"Loodus, metsandus ja maavarad"
nature,eesti õpilasesinduste liit,0,4,1,105,0.0380952380952381,0.0,0.0,-1.0,0.0,0.3125426867755178,-0.0,"Loodus, metsandus ja maavarad"
nature,eesti üliõpilaskondade liit,0,4,2,105,0.0761904761904762,0.0,0.0,-1.0,0.0,0.23698045784026348,-0.0,"Loodus, metsandus ja maavarad"
nature,eesti üro ühing,0,4,1,105,0.0380952380952381,0.0,0.0,-1.0,0.0,0.3125426867755178,-0.0,"Loodus, metsandus ja maavarad"
nature,eestimaa looduse fond,0,4,1,105,0.0380952380952381,0.0,0.0,-1.0,0.0,0.3125426867755178,-0.0,"Loodus, metsandus ja maavarad"
nature,elisabeth luisk,0,4,1,105,0.0380952380952381,0.0,0.0,-1.0,0.0,0.3125426867755178,-0.0,"Loodus, metsandus ja maavarad"
nature,emn eesti,0,4,1,105,0.0380952380952381,0.0,0.0,-1.0,0.0,0.3125426867755178,-0.0,"Loodus, metsandus ja maavarad"
nature,fenno-ugria asutus,0,4,1,105,0.0380952380952381,0.0,0.0,-1.0,0.0,0.3125426867755178,-0.0,"Loodus, metsandus ja maavarad"
nature,geoteaduste üliõpilaste selts,0,4,1,105,0.0380952380952381,0.0,0.0,-1.0,0.0,0.3125426867755178,-0.0,"Loodus, metsandus ja maavarad"
nature,integratsiooni sihtasutus,0,4,1,105,0.0380952380952381,0.0,0.0,-1.0,0.0,0.3125426867755178,-0.0,"Loodus, metsandus ja maavarad"
nature,justiits- ja digiministeerium,0,4,2,105,0.0761904761904762,0.0,0.0,-1.0,0.0,0.23698045784026348,-0.0,"Loodus, metsandus ja maavarad"
nature,kaja pae,0,4,1,105,0.0380952380952381,0.0,0.0,-1.0,0.0,0.3125426867755178,-0.0,"Loodus, metsandus ja maavarad"
nature,keskkonnainvesteeringute keskus,1,4,1,105,0.0380952380952381,26.249999999999996,0.25,0.7021258762823435,0.7021258762823435,0.6504504953337398,0.11702097938039058,"Loodus, metsandus ja maavarad"
nature,kogu ala ühispaneel,0,4,1,105,0.0380952380952381,0.0,0.0,-1.0,0.0,0.3125426867755178,-0.0,"Loodus, metsandus ja maavarad"
nature,korruptsioonivaba eesti mtü,0,4,1,105,0.0380952380952381,0.0,0.0,-1.0,0.0,0.3125426867755178,-0.0,"Loodus, metsandus ja maavarad"
nature,kultuuriministeerium,0,4,1,105,0.0380952380952381,0.0,0.0,-1.0,0.0,0.3125426867755178,-0.0,"Loodus, metsandus ja maavarad"
nature,lasteklubi väike päike,0,4,3,105,0.11428571428571428,0.0,0.0,-1.0,0.0,0.183368203211017,-0.0,"Loodus, metsandus ja maavarad"
nature,loomus mtü,0,4,1,105,0.0380952380952381,0.0,0.0,-1.0,0.0,0.3125426867755178,-0.0,"Loodus, metsandus ja maavarad"
nature,magnum as,0,4,1,105,0.0380952380952381,0.0,0.0,-1.0,0.0,0.3125426867755178,-0.0,"Loodus, metsandus ja maavarad"
nature,maililii oü,0,4,1,105,0.0380952380952381,0.0,0.0,-1.0,0.0,0.3125426867755178,-0.0,"Loodus, metsandus ja maavarad"
nature,mtü eesti jõujaamade ja kaugkütte ühing,1,4,1,105,0.0380952380952381,26.249999999999996,0.25,0.7021258762823435,0.7021258762823435,0.6504504953337398,0.11702097938039058,"Loodus, metsandus ja maavarad"
nature,mtü eesti taastuvenergia koda,0,4,4,105,0.1523809523809524,0.0,0.0,-1.0,0.0,0.14178330780903836,-0.0,"Loodus, metsandus ja maavarad"
nature,mtü teadveloleku kompetentsikeskus toko,0,4,1,105,0.0380952380952381,0.0,0.0,-1.0,0.0,0.3125426867755178,-0.0,"Loodus, metsandus ja maavarad"
nature,novartis,0,4,1,105,0.0380952380952381,0.0,0.0,-1.0,0.0,0.3125426867755178,-0.0,"Loodus, metsandus ja maavarad"
nature,pullivara group,0,4,1,105,0.0380952380952381,0.0,0.0,-1.0,0.0,0.3125426867755178,-0.0,"Loodus, metsandus ja maavarad"
nature,põllumajandus- ja toiduamet,0,4,1,105,0.0380952380952381,0.0,0.0,-1.0,0.0,0.3125426867755178,-0.0,"Loodus, metsandus ja maavarad"
nature,rail baltic estonia,0,4,2,105,0.0761904761904762,0.0,0.0,-1.0,0.0,0.23698045784026348,-0.0,"Loodus, metsandus ja maavarad"
nature,regionaal- ja põllumajandusministeerium,0,4,1,105,0.0380952380952381,0.0,0.0,-1.0,0.0,0.3125426867755178,-0.0,"Loodus, metsandus ja maavarad"
nature,roche,0,4,1,105,0.0380952380952381,0.0,0.0,-1.0,0.0,0.3125426867755178,-0.0,"Loodus, metsandus ja maavarad"
nature,sa õpilasmalev,0,4,1,105,0.0380952380952381,0.0,0.0,-1.0,0.0,0.3125426867755178,-0.0,"Loodus, metsandus ja maavarad"
nature,sihtasutus eesti teadusagentuur (etag),0,4,2,105,0.0761904761904762,0.0,0.0,-1.0,0.0,0.23698045784026348,-0.0,"Loodus, metsandus ja maavarad"
nature,siseministeerium,0,4,1,105,0.0380952380952381,0.0,0.0,-1.0,0.0,0.3125426867755178,-0.0,"Loodus, metsandus ja maavarad"
nature,synlab,0,4,1,105,0.0380952380952381,0.0,0.0,-1.0,0.0,0.3125426867755178,-0.0,"Loodus, metsandus ja maavarad"
nature,taastuvenergia koda,0,4,1,105,0.0380952380952381,0.0,0.0,-1.0,0.0,0.3125426867755178,-0.0,"Loodus, metsandus ja maavarad"
nature,tallinna ettevõtlusinkubaator,0,4,1,105,0.0380952380952381,0.0,0.0,-1.0,0.0,0.3125426867755178,-0.0,"Loodus, metsandus ja maavarad"
nature,tallinna lastekodu,0,4,1,105,0.0380952380952381,0.0,0.0,-1.0,0.0,0.3125426867755178,-0.0,"Loodus, metsandus ja maavarad"
nature,"tallinna tehnikaülikool, vastutustundliku majanduse ja esg fookustippkeskus",0,4,1,105,0.0380952380952381,0.0,0.0,-1.0,0.0,0.3125426867755178,-0.0,"Loodus, metsandus ja maavarad"
nature,tallinna vesi,0,4,1,105,0.0380952380952381,0.0,0.0,-1.0,0.0,0.3125426867755178,-0.0,"Loodus, metsandus ja maavarad"
nature,"tallinna ülikool, tartu ülikool, eesti maaülikool",0,4,1,105,0.0380952380952381,0.0,0.0,-1.0,0.0,0.3125426867755178,-0.0,"Loodus, metsandus ja maavarad"
nature,tartu kristjan jaak petersoni gümnaasium / kultuuriministeerium,0,4,1,105,0.0380952380952381,0.0,0.0,-1.0,0.0,0.3125426867755178,-0.0,"Loodus, metsandus ja maavarad"
nature,tartu ülikool,1,4,1,105,0.0380952380952381,26.249999999999996,0.25,0.7021258762823435,0.7021258762823435,0.6504504953337398,0.11702097938039058,"Loodus, metsandus ja maavarad"
nature,tartumaa omavalitsuste liit,0,4,1,105,0.0380952380952381,0.0,0.0,-1.0,0.0,0.3125426867755178,-0.0,"Loodus, metsandus ja maavarad"
nature,vindr baltic oü ja vkg,0,4,1,105,0.0380952380952381,0.0,0.0,-1.0,0.0,0.3125426867755178,-0.0,"Loodus, metsandus ja maavarad"
nature,ühendus kultuuritahe,0,4,3,105,0.11428571428571428,0.0,0.0,-1.0,0.0,0.183368203211017,-0.0,"Loodus, metsandus ja maavarad"
nature,üro pagulasamet,0,4,1,105,0.0380952380952381,0.0,0.0,-1.0,0.0,0.3125426867755178,-0.0,"Loodus, metsandus ja maavarad"
place,adven eesti as,0,11,1,105,0.10476190476190476,0.0,0.0,-1.0,0.0,0.14939086967774134,-0.0,"Eluase, ruum ja ühendused"
place,apotheka,0,11,1,105,0.10476190476190476,0.0,0.0,-1.0,0.0,0.14939086967774134,-0.0,"Eluase, ruum ja ühendused"
place,bonava eesti,1,11,1,105,0.10476190476190476,9.545454545454545,0.09090909090909091,0.4847624190186304,0.4847624190186304,0.44529602679211716,0.08079373650310506,"Eluase, ruum ja ühendused"
place,confido,0,11,1,105,0.10476190476190476,0.0,0.0,-1.0,0.0,0.14939086967774134,-0.0,"Eluase, ruum ja ühendused"
place,eesti ametiühingute keskliit,0,11,1,105,0.10476190476190476,0.0,0.0,-1.0,0.0,0.14939086967774134,-0.0,"Eluase, ruum ja ühendused"
place,eesti arhitektide liit / maa- ja ruumiamet,1,11,1,105,0.10476190476190476,9.545454545454545,0.09090909090909091,0.4847624190186304,0.4847624190186304,0.44529602679211716,0.08079373650310506,"Eluase, ruum ja ühendused"
place,eesti arhitektide liit mtü,1,11,1,105,0.10476190476190476,9.545454545454545,0.09090909090909091,0.4847624190186304,0.4847624190186304,0.44529602679211716,0.08079373650310506,"Eluase, ruum ja ühendused"
place,eesti e-residentsuse programm,0,11,8,105,0.8380952380952381,0.0,0.0,-1.0,0.0,-0.13090807175726787,-0.0,"Eluase, ruum ja ühendused"
place,eesti hambaarstide liit,0,11,1,105,0.10476190476190476,0.0,0.0,-1.0,0.0,0.14939086967774134,-0.0,"Eluase, ruum ja ühendused"
place,eesti interneti sa,0,11,2,105,0.20952380952380953,0.0,0.0,-1.0,0.0,0.07382864074248711,-0.0,"Eluase, ruum ja ühendused"
place,eesti kaubandus-tööstuskoda,0,11,1,105,0.10476190476190476,0.0,0.0,-1.0,0.0,0.14939086967774134,-0.0,"Eluase, ruum ja ühendused"
place,eesti kunstikoolide liit (noored),0,11,1,105,0.10476190476190476,0.0,0.0,-1.0,0.0,0.14939086967774134,-0.0,"Eluase, ruum ja ühendused"
place,eesti lastehoidude liit,0,11,2,105,0.20952380952380953,0.0,0.0,-1.0,0.0,0.07382864074248711,-0.0,"Eluase, ruum ja ühendused"
place,eesti loomaarstide koda (elk),0,11,1,105,0.10476190476190476,0.0,0.0,-1.0,0.0,0.14939086967774134,-0.0,"Eluase, ruum ja ühendused"
place,"eesti maaülikool, veterinaarmeditsiini ja loomakasvatuse instituut",0,11,1,105,0.10476190476190476,0.0,0.0,-1.0,0.0,0.14939086967774134,-0.0,"Eluase, ruum ja ühendused"
place,eesti matemaatika selts,0,11,1,105,0.10476190476190476,0.0,0.0,-1.0,0.0,0.14939086967774134,-0.0,"Eluase, ruum ja ühendused"
place,eesti montessori ühing,0,11,1,105,0.10476190476190476,0.0,0.0,-1.0,0.0,0.14939086967774134,-0.0,"Eluase, ruum ja ühendused"
place,eesti muuseumiühing koostöös eesti muuseumide liiduga,0,11,1,105,0.10476190476190476,0.0,0.0,-1.0,0.0,0.14939086967774134,-0.0,"Eluase, ruum ja ühendused"
place,eesti personalijuhtimise ühing pare ja tööinspektsioon,1,11,9,105,0.9428571428571428,1.0606060606060606,0.05263157894736842,0.01264310299097022,0.01264310299097022,0.06814563239410136,0.00210718383182837,"Eluase, ruum ja ühendused"
place,eesti seksuaaltervise liit,0,11,2,105,0.20952380952380953,0.0,0.0,-1.0,0.0,0.07382864074248711,-0.0,"Eluase, ruum ja ühendused"
place,eesti tervisemajanduse koda (health founders estonia),0,11,1,105,0.10476190476190476,0.0,0.0,-1.0,0.0,0.14939086967774134,-0.0,"Eluase, ruum ja ühendused"
place,eesti tuuleenergia assotsiatsioon,0,11,1,105,0.10476190476190476,0.0,0.0,-1.0,0.0,0.14939086967774134,-0.0,"Eluase, ruum ja ühendused"
place,eesti urantia assotsiatsioon mtü,0,11,1,105,0.10476190476190476,0.0,0.0,-1.0,0.0,0.14939086967774134,-0.0,"Eluase, ruum ja ühendused"
place,eesti vaimse tervise ja heaolu koalitsioon vatek,1,11,1,105,0.10476190476190476,9.545454545454545,0.09090909090909091,0.4847624190186304,0.4847624190186304,0.44529602679211716,0.08079373650310506,"Eluase, ruum ja ühendused"
place,eesti vähitõrje võrgustik (estcan),0,11,5,105,0.5238095238095238,0.0,0.0,-1.0,0.0,-0.05534584282201363,-0.0,"Eluase, ruum ja ühendused"
place,eesti väitlusselts,0,11,1,105,0.10476190476190476,0.0,0.0,-1.0,0.0,0.14939086967774134,-0.0,"Eluase, ruum ja ühendused"
place,eesti õigusteaduse üliõpilaste liit,0,11,1,105,0.10476190476190476,0.0,0.0,-1.0,0.0,0.14939086967774134,-0.0,"Eluase, ruum ja ühendused"
place,"eesti õigusteaduse üliõpilaste liit, rahvusvaheliste suhete ring, feministeerium",0,11,1,105,0.10476190476190476,0.0,0.0,-1.0,0.0,0.14939086967774134,-0.0,"Eluase, ruum ja ühendused"
place,eesti õpilasesinduste liit,0,11,1,105,0.10476190476190476,0.0,0.0,-1.0,0.0,0.14939086967774134,-0.0,"Eluase, ruum ja ühendused"
place,eesti üliõpilaskondade liit,0,11,2,105,0.20952380952380953,0.0,0.0,-1.0,0.0,0.07382864074248711,-0.0,"Eluase, ruum ja ühendused"
place,eesti üro ühing,0,11,1,105,0.10476190476190476,0.0,0.0,-1.0,0.0,0.14939086967774134,-0.0,"Eluase, ruum ja ühendused"
place,eestimaa looduse fond,0,11,1,105,0.10476190476190476,0.0,0.0,-1.0,0.0,0.14939086967774134,-0.0,"Eluase, ruum ja ühendused"
place,elisabeth luisk,0,11,1,105,0.10476190476190476,0.0,0.0,-1.0,0.0,0.14939086967774134,-0.0,"Eluase, ruum ja ühendused"
place,emn eesti,0,11,1,105,0.10476190476190476,0.0,0.0,-1.0,0.0,0.14939086967774134,-0.0,"Eluase, ruum ja ühendused"
place,fenno-ugria asutus,0,11,1,105,0.10476190476190476,0.0,0.0,-1.0,0.0,0.14939086967774134,-0.0,"Eluase, ruum ja ühendused"
place,geoteaduste üliõpilaste selts,0,11,1,105,0.10476190476190476,0.0,0.0,-1.0,0.0,0.14939086967774134,-0.0,"Eluase, ruum ja ühendused"
place,integratsiooni sihtasutus,0,11,1,105,0.10476190476190476,0.0,0.0,-1.0,0.0,0.14939086967774134,-0.0,"Eluase, ruum ja ühendused"
place,justiits- ja digiministeerium,0,11,2,105,0.20952380952380953,0.0,0.0,-1.0,0.0,0.07382864074248711,-0.0,"Eluase, ruum ja ühendused"
place,kaja pae,1,11,1,105,0.10476190476190476,9.545454545454545,0.09090909090909091,0.4847624190186304,0.4847624190186304,0.44529602679211716,0.08079373650310506,"Eluase, ruum ja ühendused"
place,keskkonnainvesteeringute keskus,1,11,1,105,0.10476190476190476,9.545454545454545,0.09090909090909091,0.4847624190186304,0.4847624190186304,0.44529602679211716,0.08079373650310506,"Eluase, ruum ja ühendused"
place,kogu ala ühispaneel,0,11,1,105,0.10476190476190476,0.0,0.0,-1.0,0.0,0.14939086967774134,-0.0,"Eluase, ruum ja ühendused"
place,korruptsioonivaba eesti mtü,0,11,1,105,0.10476190476190476,0.0,0.0,-1.0,0.0,0.14939086967774134,-0.0,"Eluase, ruum ja ühendused"
place,kultuuriministeerium,0,11,1,105,0.10476190476190476,0.0,0.0,-1.0,0.0,0.14939086967774134,-0.0,"Eluase, ruum ja ühendused"
place,lasteklubi väike päike,0,11,3,105,0.3142857142857143,0.0,0.0,-1.0,0.0,0.020216386113240597,-0.0,"Eluase, ruum ja ühendused"
place,loomus mtü,0,11,1,105,0.10476190476190476,0.0,0.0,-1.0,0.0,0.14939086967774134,-0.0,"Eluase, ruum ja ühendused"
place,magnum as,0,11,1,105,0.10476190476190476,0.0,0.0,-1.0,0.0,0.14939086967774134,-0.0,"Eluase, ruum ja ühendused"
place,maililii oü,0,11,1,105,0.10476190476190476,0.0,0.0,-1.0,0.0,0.14939086967774134,-0.0,"Eluase, ruum ja ühendused"
place,mtü eesti jõujaamade ja kaugkütte ühing,0,11,1,105,0.10476190476190476,0.0,0.0,-1.0,0.0,0.14939086967774134,-0.0,"Eluase, ruum ja ühendused"
place,mtü eesti taastuvenergia koda,1,11,4,105,0.41904761904761906,2.3863636363636362,0.07142857142857142,0.1868882953009737,0.1868882953009737,0.23057546612946153,0.03114804921682895,"Eluase, ruum ja ühendused"
place,mtü teadveloleku kompetentsikeskus toko,0,11,1,105,0.10476190476190476,0.0,0.0,-1.0,0.0,0.14939086967774134,-0.0,"Eluase, ruum ja ühendused"
place,novartis,0,11,1,105,0.10476190476190476,0.0,0.0,-1.0,0.0,0.14939086967774134,-0.0,"Eluase, ruum ja ühendused"
place,pullivara group,0,11,1,105,0.10476190476190476,0.0,0.0,-1.0,0.0,0.14939086967774134,-0.0,"Eluase, ruum ja ühendused"
place,põllumajandus- ja toiduamet,0,11,1,105,0.10476190476190476,0.0,0.0,-1.0,0.0,0.14939086967774134,-0.0,"Eluase, ruum ja ühendused"
place,rail baltic estonia,2,11,2,105,0.20952380952380953,9.545454545454545,0.18181818181818182,0.5695964391040366,0.5695964391040366,0.5338959896342756,0.16274183974401044,"Eluase, ruum ja ühendused"
place,regionaal- ja põllumajandusministeerium,0,11,1,105,0.10476190476190476,0.0,0.0,-1.0,0.0,0.14939086967774134,-0.0,"Eluase, ruum ja ühendused"
place,roche,0,11,1,105,0.10476190476190476,0.0,0.0,-1.0,0.0,0.14939086967774134,-0.0,"Eluase, ruum ja ühendused"
place,sa õpilasmalev,0,11,1,105,0.10476190476190476,0.0,0.0,-1.0,0.0,0.14939086967774134,-0.0,"Eluase, ruum ja ühendused"
place,sihtasutus eesti teadusagentuur (etag),0,11,2,105,0.20952380952380953,0.0,0.0,-1.0,0.0,0.07382864074248711,-0.0,"Eluase, ruum ja ühendused"
place,siseministeerium,0,11,1,105,0.10476190476190476,0.0,0.0,-1.0,0.0,0.14939086967774134,-0.0,"Eluase, ruum ja ühendused"
place,synlab,0,11,1,105,0.10476190476190476,0.0,0.0,-1.0,0.0,0.14939086967774134,-0.0,"Eluase, ruum ja ühendused"
place,taastuvenergia koda,0,11,1,105,0.10476190476190476,0.0,0.0,-1.0,0.0,0.14939086967774134,-0.0,"Eluase, ruum ja ühendused"
place,tallinna ettevõtlusinkubaator,0,11,1,105,0.10476190476190476,0.0,0.0,-1.0,0.0,0.14939086967774134,-0.0,"Eluase, ruum ja ühendused"
place,tallinna lastekodu,0,11,1,105,0.10476190476190476,0.0,0.0,-1.0,0.0,0.14939086967774134,-0.0,"Eluase, ruum ja ühendused"
place,"tallinna tehnikaülikool, vastutustundliku majanduse ja esg fookustippkeskus",0,11,1,105,0.10476190476190476,0.0,0.0,-1.0,0.0,0.14939086967774134,-0.0,"Eluase, ruum ja ühendused"
place,tallinna vesi,0,11,1,105,0.10476190476190476,0.0,0.0,-1.0,0.0,0.14939086967774134,-0.0,"Eluase, ruum ja ühendused"
place,"tallinna ülikool, tartu ülikool, eesti maaülikool",0,11,1,105,0.10476190476190476,0.0,0.0,-1.0,0.0,0.14939086967774134,-0.0,"Eluase, ruum ja ühendused"
place,tartu kristjan jaak petersoni gümnaasium / kultuuriministeerium,0,11,1,105,0.10476190476190476,0.0,0.0,-1.0,0.0,0.14939086967774134,-0.0,"Eluase, ruum ja ühendused"
place,tartu ülikool,1,11,1,105,0.10476190476190476,9.545454545454545,0.09090909090909091,0.4847624190186304,0.4847624190186304,0.44529602679211716,0.08079373650310506,"Eluase, ruum ja ühendused"
place,tartumaa omavalitsuste liit,0,11,1,105,0.10476190476190476,0.0,0.0,-1.0,0.0,0.14939086967774134,-0.0,"Eluase, ruum ja ühendused"
place,vindr baltic oü ja vkg,0,11,1,105,0.10476190476190476,0.0,0.0,-1.0,0.0,0.14939086967774134,-0.0,"Eluase, ruum ja ühendused"
place,ühendus kultuuritahe,0,11,3,105,0.3142857142857143,0.0,0.0,-1.0,0.0,0.020216386113240597,-0.0,"Eluase, ruum ja ühendused"
place,üro pagulasamet,0,11,1,105,0.10476190476190476,0.0,0.0,-1.0,0.0,0.14939086967774134,-0.0,"Eluase, ruum ja ühendused"
wellbeing,adven eesti as,0,16,1,105,0.1523809523809524,0.0,0.0,-1.0,0.0,0.08448064769889833,-0.0,"Vaimne tervis, tervisekäitumine ja ennetus"
wellbeing,apotheka,1,16,1,105,0.1523809523809524,6.562499999999999,0.0625,0.4042517525646868,0.4042517525646868,0.3636749800280001,0.06737529209411447,"Vaimne tervis, tervisekäitumine ja ennetus"
wellbeing,bonava eesti,0,16,1,105,0.1523809523809524,0.0,0.0,-1.0,0.0,0.08448064769889833,-0.0,"Vaimne tervis, tervisekäitumine ja ennetus"
wellbeing,confido,1,16,1,105,0.1523809523809524,6.562499999999999,0.0625,0.4042517525646868,0.4042517525646868,0.3636749800280001,0.06737529209411447,"Vaimne tervis, tervisekäitumine ja ennetus"
wellbeing,eesti ametiühingute keskliit,1,16,1,105,0.1523809523809524,6.562499999999999,0.0625,0.4042517525646868,0.4042517525646868,0.3636749800280001,0.06737529209411447,"Vaimne tervis, tervisekäitumine ja ennetus"
wellbeing,eesti arhitektide liit / maa- ja ruumiamet,0,16,1,105,0.1523809523809524,0.0,0.0,-1.0,0.0,0.08448064769889833,-0.0,"Vaimne tervis, tervisekäitumine ja ennetus"
wellbeing,eesti arhitektide liit mtü,0,16,1,105,0.1523809523809524,0.0,0.0,-1.0,0.0,0.08448064769889833,-0.0,"Vaimne tervis, tervisekäitumine ja ennetus"
wellbeing,eesti e-residentsuse programm,0,16,8,105,1.2190476190476192,0.0,0.0,-1.0,0.0,-0.19581829373611087,-0.0,"Vaimne tervis, tervisekäitumine ja ennetus"
wellbeing,eesti hambaarstide liit,0,16,1,105,0.1523809523809524,0.0,0.0,-1.0,0.0,0.08448064769889833,-0.0,"Vaimne tervis, tervisekäitumine ja ennetus"
wellbeing,eesti interneti sa,0,16,2,105,0.3047619047619048,0.0,0.0,-1.0,0.0,0.008918418763644112,-0.0,"Vaimne tervis, tervisekäitumine ja ennetus"
wellbeing,eesti kaubandus-tööstuskoda,1,16,1,105,0.1523809523809524,6.562499999999999,0.0625,0.4042517525646868,0.4042517525646868,0.3636749800280001,0.06737529209411447,"Vaimne tervis, tervisekäitumine ja ennetus"
wellbeing,eesti kunstikoolide liit (noored),0,16,1,105,0.1523809523809524,0.0,0.0,-1.0,0.0,0.08448064769889833,-0.0,"Vaimne tervis, tervisekäitumine ja ennetus"
wellbeing,eesti lastehoidude liit,0,16,2,105,0.3047619047619048,0.0,0.0,-1.0,0.0,0.008918418763644112,-0.0,"Vaimne tervis, tervisekäitumine ja ennetus"
wellbeing,eesti loomaarstide koda (elk),0,16,1,105,0.1523809523809524,0.0,0.0,-1.0,0.0,0.08448064769889833,-0.0,"Vaimne tervis, tervisekäitumine ja ennetus"
wellbeing,"eesti maaülikool, veterinaarmeditsiini ja loomakasvatuse instituut",0,16,1,105,0.1523809523809524,0.0,0.0,-1.0,0.0,0.08448064769889833,-0.0,"Vaimne tervis, tervisekäitumine ja ennetus"
wellbeing,eesti matemaatika selts,0,16,1,105,0.1523809523809524,0.0,0.0,-1.0,0.0,0.08448064769889833,-0.0,"Vaimne tervis, tervisekäitumine ja ennetus"
wellbeing,eesti montessori ühing,0,16,1,105,0.1523809523809524,0.0,0.0,-1.0,0.0,0.08448064769889833,-0.0,"Vaimne tervis, tervisekäitumine ja ennetus"
wellbeing,eesti muuseumiühing koostöös eesti muuseumide liiduga,0,16,1,105,0.1523809523809524,0.0,0.0,-1.0,0.0,0.08448064769889833,-0.0,"Vaimne tervis, tervisekäitumine ja ennetus"
wellbeing,eesti personalijuhtimise ühing pare ja tööinspektsioon,3,16,9,105,1.3714285714285714,2.1875,0.13636363636363635,0.22016391242485478,0.22016391242485478,0.23092928524164855,0.08256146715932054,"Vaimne tervis, tervisekäitumine ja ennetus"
wellbeing,eesti seksuaaltervise liit,0,16,2,105,0.3047619047619048,0.0,0.0,-1.0,0.0,0.008918418763644112,-0.0,"Vaimne tervis, tervisekäitumine ja ennetus"
wellbeing,eesti tervisemajanduse koda (health founders estonia),0,16,1,105,0.1523809523809524,0.0,0.0,-1.0,0.0,0.08448064769889833,-0.0,"Vaimne tervis, tervisekäitumine ja ennetus"
wellbeing,eesti tuuleenergia assotsiatsioon,0,16,1,105,0.1523809523809524,0.0,0.0,-1.0,0.0,0.08448064769889833,-0.0,"Vaimne tervis, tervisekäitumine ja ennetus"
wellbeing,eesti urantia assotsiatsioon mtü,0,16,1,105,0.1523809523809524,0.0,0.0,-1.0,0.0,0.08448064769889833,-0.0,"Vaimne tervis, tervisekäitumine ja ennetus"
wellbeing,eesti vaimse tervise ja heaolu koalitsioon vatek,1,16,1,105,0.1523809523809524,6.562499999999999,0.0625,0.4042517525646868,0.4042517525646868,0.3636749800280001,0.06737529209411447,"Vaimne tervis, tervisekäitumine ja ennetus"
wellbeing,eesti vähitõrje võrgustik (estcan),1,16,5,105,0.7619047619047619,1.3125,0.05,0.058430604264696324,0.058430604264696324,0.10622978455908205,0.009738434044116053,"Vaimne tervis, tervisekäitumine ja ennetus"
wellbeing,eesti väitlusselts,0,16,1,105,0.1523809523809524,0.0,0.0,-1.0,0.0,0.08448064769889833,-0.0,"Vaimne tervis, tervisekäitumine ja ennetus"
wellbeing,eesti õigusteaduse üliõpilaste liit,1,16,1,105,0.1523809523809524,6.562499999999999,0.0625,0.4042517525646868,0.4042517525646868,0.3636749800280001,0.06737529209411447,"Vaimne tervis, tervisekäitumine ja ennetus"
wellbeing,"eesti õigusteaduse üliõpilaste liit, rahvusvaheliste suhete ring, feministeerium",0,16,1,105,0.1523809523809524,0.0,0.0,-1.0,0.0,0.08448064769889833,-0.0,"Vaimne tervis, tervisekäitumine ja ennetus"
wellbeing,eesti õpilasesinduste liit,0,16,1,105,0.1523809523809524,0.0,0.0,-1.0,0.0,0.08448064769889833,-0.0,"Vaimne tervis, tervisekäitumine ja ennetus"
wellbeing,eesti üliõpilaskondade liit,0,16,2,105,0.3047619047619048,0.0,0.0,-1.0,0.0,0.008918418763644112,-0.0,"Vaimne tervis, tervisekäitumine ja ennetus"
wellbeing,eesti üro ühing,0,16,1,105,0.1523809523809524,0.0,0.0,-1.0,0.0,0.08448064769889833,-0.0,"Vaimne tervis, tervisekäitumine ja ennetus"
wellbeing,eestimaa looduse fond,0,16,1,105,0.1523809523809524,0.0,0.0,-1.0,0.0,0.08448064769889833,-0.0,"Vaimne tervis, tervisekäitumine ja ennetus"
wellbeing,elisabeth luisk,1,16,1,105,0.1523809523809524,6.562499999999999,0.0625,0.4042517525646868,0.4042517525646868,0.3636749800280001,0.06737529209411447,"Vaimne tervis, tervisekäitumine ja ennetus"
wellbeing,emn eesti,0,16,1,105,0.1523809523809524,0.0,0.0,-1.0,0.0,0.08448064769889833,-0.0,"Vaimne tervis, tervisekäitumine ja ennetus"
wellbeing,fenno-ugria asutus,0,16,1,105,0.1523809523809524,0.0,0.0,-1.0,0.0,0.08448064769889833,-0.0,"Vaimne tervis, tervisekäitumine ja ennetus"
wellbeing,geoteaduste üliõpilaste selts,0,16,1,105,0.1523809523809524,0.0,0.0,-1.0,0.0,0.08448064769889833,-0.0,"Vaimne tervis, tervisekäitumine ja ennetus"
wellbeing,integratsiooni sihtasutus,0,16,1,105,0.1523809523809524,0.0,0.0,-1.0,0.0,0.08448064769889833,-0.0,"Vaimne tervis, tervisekäitumine ja ennetus"
wellbeing,justiits- ja digiministeerium,0,16,2,105,0.3047619047619048,0.0,0.0,-1.0,0.0,0.008918418763644112,-0.0,"Vaimne tervis, tervisekäitumine ja ennetus"
wellbeing,kaja pae,0,16,1,105,0.1523809523809524,0.0,0.0,-1.0,0.0,0.08448064769889833,-0.0,"Vaimne tervis, tervisekäitumine ja ennetus"
wellbeing,keskkonnainvesteeringute keskus,0,16,1,105,0.1523809523809524,0.0,0.0,-1.0,0.0,0.08448064769889833,-0.0,"Vaimne tervis, tervisekäitumine ja ennetus"
wellbeing,kogu ala ühispaneel,1,16,1,105,0.1523809523809524,6.562499999999999,0.0625,0.4042517525646868,0.4042517525646868,0.3636749800280001,0.06737529209411447,"Vaimne tervis, tervisekäitumine ja ennetus"
wellbeing,korruptsioonivaba eesti mtü,0,16,1,105,0.1523809523809524,0.0,0.0,-1.0,0.0,0.08448064769889833,-0.0,"Vaimne tervis, tervisekäitumine ja ennetus"
wellbeing,kultuuriministeerium,0,16,1,105,0.1523809523809524,0.0,0.0,-1.0,0.0,0.08448064769889833,-0.0,"Vaimne tervis, tervisekäitumine ja ennetus"
wellbeing,lasteklubi väike päike,0,16,3,105,0.45714285714285713,0.0,0.0,-1.0,0.0,-0.0446938358656024,-0.0,"Vaimne tervis, tervisekäitumine ja ennetus"
wellbeing,loomus mtü,0,16,1,105,0.1523809523809524,0.0,0.0,-1.0,0.0,0.08448064769889833,-0.0,"Vaimne tervis, tervisekäitumine ja ennetus"
wellbeing,magnum as,0,16,1,105,0.1523809523809524,0.0,0.0,-1.0,0.0,0.08448064769889833,-0.0,"Vaimne tervis, tervisekäitumine ja ennetus"
wellbeing,maililii oü,0,16,1,105,0.1523809523809524,0.0,0.0,-1.0,0.0,0.08448064769889833,-0.0,"Vaimne tervis, tervisekäitumine ja ennetus"
wellbeing,mtü eesti jõujaamade ja kaugkütte ühing,0,16,1,105,0.1523809523809524,0.0,0.0,-1.0,0.0,0.08448064769889833,-0.0,"Vaimne tervis, tervisekäitumine ja ennetus"
wellbeing,mtü eesti taastuvenergia koda,0,16,4,105,0.6095238095238096,0.0,0.0,-1.0,0.0,-0.08627873126758102,-0.0,"Vaimne tervis, tervisekäitumine ja ennetus"
wellbeing,mtü teadveloleku kompetentsikeskus toko,1,16,1,105,0.1523809523809524,6.562499999999999,0.0625,0.4042517525646868,0.4042517525646868,0.3636749800280001,0.06737529209411447,"Vaimne tervis, tervisekäitumine ja ennetus"
wellbeing,novartis,0,16,1,105,0.1523809523809524,0.0,0.0,-1.0,0.0,0.08448064769889833,-0.0,"Vaimne tervis, tervisekäitumine ja ennetus"
wellbeing,pullivara group,0,16,1,105,0.1523809523809524,0.0,0.0,-1.0,0.0,0.08448064769889833,-0.0,"Vaimne tervis, tervisekäitumine ja ennetus"
wellbeing,põllumajandus- ja toiduamet,0,16,1,105,0.1523809523809524,0.0,0.0,-1.0,0.0,0.08448064769889833,-0.0,"Vaimne tervis, tervisekäitumine ja ennetus"
wellbeing,rail baltic estonia,0,16,2,105,0.3047619047619048,0.0,0.0,-1.0,0.0,0.008918418763644112,-0.0,"Vaimne tervis, tervisekäitumine ja ennetus"
wellbeing,regionaal- ja põllumajandusministeerium,0,16,1,105,0.1523809523809524,0.0,0.0,-1.0,0.0,0.08448064769889833,-0.0,"Vaimne tervis, tervisekäitumine ja ennetus"
wellbeing,roche,0,16,1,105,0.1523809523809524,0.0,0.0,-1.0,0.0,0.08448064769889833,-0.0,"Vaimne tervis, tervisekäitumine ja ennetus"
wellbeing,sa õpilasmalev,0,16,1,105,0.1523809523809524,0.0,0.0,-1.0,0.0,0.08448064769889833,-0.0,"Vaimne tervis, tervisekäitumine ja ennetus"
wellbeing,sihtasutus eesti teadusagentuur (etag),0,16,2,105,0.3047619047619048,0.0,0.0,-1.0,0.0,0.008918418763644112,-0.0,"Vaimne tervis, tervisekäitumine ja ennetus"
wellbeing,siseministeerium,0,16,1,105,0.1523809523809524,0.0,0.0,-1.0,0.0,0.08448064769889833,-0.0,"Vaimne tervis, tervisekäitumine ja ennetus"
wellbeing,synlab,1,16,1,105,0.1523809523809524,6.562499999999999,0.0625,0.4042517525646868,0.4042517525646868,0.3636749800280001,0.06737529209411447,"Vaimne tervis, tervisekäitumine ja ennetus"
wellbeing,taastuvenergia koda,0,16,1,105,0.1523809523809524,0.0,0.0,-1.0,0.0,0.08448064769889833,-0.0,"Vaimne tervis, tervisekäitumine ja ennetus"
wellbeing,tallinna ettevõtlusinkubaator,0,16,1,105,0.1523809523809524,0.0,0.0,-1.0,0.0,0.08448064769889833,-0.0,"Vaimne tervis, tervisekäitumine ja ennetus"
wellbeing,tallinna lastekodu,0,16,1,105,0.1523809523809524,0.0,0.0,-1.0,0.0,0.08448064769889833,-0.0,"Vaimne tervis, tervisekäitumine ja ennetus"
wellbeing,"tallinna tehnikaülikool, vastutustundliku majanduse ja esg fookustippkeskus",0,16,1,105,0.1523809523809524,0.0,0.0,-1.0,0.0,0.08448064769889833,-0.0,"Vaimne tervis, tervisekäitumine ja ennetus"
wellbeing,tallinna vesi,0,16,1,105,0.1523809523809524,0.0,0.0,-1.0,0.0,0.08448064769889833,-0.0,"Vaimne tervis, tervisekäitumine ja ennetus"
wellbeing,"tallinna ülikool, tartu ülikool, eesti maaülikool",0,16,1,105,0.1523809523809524,0.0,0.0,-1.0,0.0,0.08448064769889833,-0.0,"Vaimne tervis, tervisekäitumine ja ennetus"
wellbeing,tartu kristjan jaak petersoni gümnaasium / kultuuriministeerium,1,16,1,105,0.1523809523809524,6.562499999999999,0.0625,0.4042517525646868,0.4042517525646868,0.3636749800280001,0.06737529209411447,"Vaimne tervis, tervisekäitumine ja ennetus"
wellbeing,tartu ülikool,0,16,1,105,0.1523809523809524,0.0,0.0,-1.0,0.0,0.08448064769889833,-0.0,"Vaimne tervis, tervisekäitumine ja ennetus"
wellbeing,tartumaa omavalitsuste liit,0,16,1,105,0.1523809523809524,0.0,0.0,-1.0,0.0,0.08448064769889833,-0.0,"Vaimne tervis, tervisekäitumine ja ennetus"
wellbeing,vindr baltic oü ja vkg,0,16,1,105,0.1523809523809524,0.0,0.0,-1.0,0.0,0.08448064769889833,-0.0,"Vaimne tervis, tervisekäitumine ja ennetus"
wellbeing,ühendus kultuuritahe,1,16,3,105,0.45714285714285713,2.1875,0.05555555555555555,0.16819209455085674,0.16819209455085674,0.20124514629263993,0.028032015758476123,"Vaimne tervis, tervisekäitumine ja ennetus"
wellbeing,üro pagulasamet,0,16,1,105,0.1523809523809524,0.0,0.0,-1.0,0.0,0.08448064769889833,-0.0,"Vaimne tervis, tervisekäitumine ja ennetus"
work,adven eesti as,0,14,1,105,0.13333333333333333,0.0,0.0,-1.0,0.0,0.10780597427576274,-0.0,"Tööelu, juhtimine ja töötajate õigused"
work,apotheka,0,14,1,105,0.13333333333333333,0.0,0.0,-1.0,0.0,0.10780597427576274,-0.0,"Tööelu, juhtimine ja töötajate õigused"
work,bonava eesti,0,14,1,105,0.13333333333333333,0.0,0.0,-1.0,0.0,0.10780597427576274,-0.0,"Tööelu, juhtimine ja töötajate õigused"
work,confido,0,14,1,105,0.13333333333333333,0.0,0.0,-1.0,0.0,0.10780597427576274,-0.0,"Tööelu, juhtimine ja töötajate õigused"
work,eesti ametiühingute keskliit,1,14,1,105,0.13333333333333333,7.5,0.07142857142857142,0.4329437444549922,0.4329437444549922,0.3930052998648217,0.0721572907424987,"Tööelu, juhtimine ja töötajate õigused"
work,eesti arhitektide liit / maa- ja ruumiamet,0,14,1,105,0.13333333333333333,0.0,0.0,-1.0,0.0,0.10780597427576274,-0.0,"Tööelu, juhtimine ja töötajate õigused"
work,eesti arhitektide liit mtü,0,14,1,105,0.13333333333333333,0.0,0.0,-1.0,0.0,0.10780597427576274,-0.0,"Tööelu, juhtimine ja töötajate õigused"
work,eesti e-residentsuse programm,0,14,8,105,1.0666666666666667,0.0,0.0,-1.0,0.0,-0.17249296715924645,-0.0,"Tööelu, juhtimine ja töötajate õigused"
work,eesti hambaarstide liit,0,14,1,105,0.13333333333333333,0.0,0.0,-1.0,0.0,0.10780597427576274,-0.0,"Tööelu, juhtimine ja töötajate õigused"
work,eesti interneti sa,1,14,2,105,0.26666666666666666,3.75,0.06666666666666667,0.2840066825961639,0.2840066825961639,0.29798993813126373,0.04733444709936065,"Tööelu, juhtimine ja töötajate õigused"
work,eesti kaubandus-tööstuskoda,0,14,1,105,0.13333333333333333,0.0,0.0,-1.0,0.0,0.10780597427576274,-0.0,"Tööelu, juhtimine ja töötajate õigused"
work,eesti kunstikoolide liit (noored),0,14,1,105,0.13333333333333333,0.0,0.0,-1.0,0.0,0.10780597427576274,-0.0,"Tööelu, juhtimine ja töötajate õigused"
work,eesti lastehoidude liit,0,14,2,105,0.26666666666666666,0.0,0.0,-1.0,0.0,0.03224374534050848,-0.0,"Tööelu, juhtimine ja töötajate õigused"
work,eesti loomaarstide koda (elk),0,14,1,105,0.13333333333333333,0.0,0.0,-1.0,0.0,0.10780597427576274,-0.0,"Tööelu, juhtimine ja töötajate õigused"
work,"eesti maaülikool, veterinaarmeditsiini ja loomakasvatuse instituut",0,14,1,105,0.13333333333333333,0.0,0.0,-1.0,0.0,0.10780597427576274,-0.0,"Tööelu, juhtimine ja töötajate õigused"
work,eesti matemaatika selts,0,14,1,105,0.13333333333333333,0.0,0.0,-1.0,0.0,0.10780597427576274,-0.0,"Tööelu, juhtimine ja töötajate õigused"
work,eesti montessori ühing,0,14,1,105,0.13333333333333333,0.0,0.0,-1.0,0.0,0.10780597427576274,-0.0,"Tööelu, juhtimine ja töötajate õigused"
work,eesti muuseumiühing koostöös eesti muuseumide liiduga,0,14,1,105,0.13333333333333333,0.0,0.0,-1.0,0.0,0.10780597427576274,-0.0,"Tööelu, juhtimine ja töötajate õigused"
work,eesti personalijuhtimise ühing pare ja tööinspektsioon,7,14,9,105,1.2,5.833333333333334,0.4375,0.6512392538157366,0.6512392538157366,0.6309794472535342,0.3798895647258463,"Tööelu, juhtimine ja töötajate õigused"
work,eesti seksuaaltervise liit,0,14,2,105,0.26666666666666666,0.0,0.0,-1.0,0.0,0.03224374534050848,-0.0,"Tööelu, juhtimine ja töötajate õigused"
work,eesti tervisemajanduse koda (health founders estonia),0,14,1,105,0.13333333333333333,0.0,0.0,-1.0,0.0,0.10780597427576274,-0.0,"Tööelu, juhtimine ja töötajate õigused"
work,eesti tuuleenergia assotsiatsioon,0,14,1,105,0.13333333333333333,0.0,0.0,-1.0,0.0,0.10780597427576274,-0.0,"Tööelu, juhtimine ja töötajate õigused"
work,eesti urantia assotsiatsioon mtü,0,14,1,105,0.13333333333333333,0.0,0.0,-1.0,0.0,0.10780597427576274,-0.0,"Tööelu, juhtimine ja töötajate õigused"
work,eesti vaimse tervise ja heaolu koalitsioon vatek,0,14,1,105,0.13333333333333333,0.0,0.0,-1.0,0.0,0.10780597427576274,-0.0,"Tööelu, juhtimine ja töötajate õigused"
work,eesti vähitõrje võrgustik (estcan),0,14,5,105,0.6666666666666666,0.0,0.0,-1.0,0.0,-0.09693073822399226,-0.0,"Tööelu, juhtimine ja töötajate õigused"
work,eesti väitlusselts,0,14,1,105,0.13333333333333333,0.0,0.0,-1.0,0.0,0.10780597427576274,-0.0,"Tööelu, juhtimine ja töötajate õigused"
work,eesti õigusteaduse üliõpilaste liit,0,14,1,105,0.13333333333333333,0.0,0.0,-1.0,0.0,0.10780597427576274,-0.0,"Tööelu, juhtimine ja töötajate õigused"
work,"eesti õigusteaduse üliõpilaste liit, rahvusvaheliste suhete ring, feministeerium",0,14,1,105,0.13333333333333333,0.0,0.0,-1.0,0.0,0.10780597427576274,-0.0,"Tööelu, juhtimine ja töötajate õigused"
work,eesti õpilasesinduste liit,0,14,1,105,0.13333333333333333,0.0,0.0,-1.0,0.0,0.10780597427576274,-0.0,"Tööelu, juhtimine ja töötajate õigused"
work,eesti üliõpilaskondade liit,0,14,2,105,0.26666666666666666,0.0,0.0,-1.0,0.0,0.03224374534050848,-0.0,"Tööelu, juhtimine ja töötajate õigused"
work,eesti üro ühing,0,14,1,105,0.13333333333333333,0.0,0.0,-1.0,0.0,0.10780597427576274,-0.0,"Tööelu, juhtimine ja töötajate õigused"
work,eestimaa looduse fond,0,14,1,105,0.13333333333333333,0.0,0.0,-1.0,0.0,0.10780597427576274,-0.0,"Tööelu, juhtimine ja töötajate õigused"
work,elisabeth luisk,0,14,1,105,0.13333333333333333,0.0,0.0,-1.0,0.0,0.10780597427576274,-0.0,"Tööelu, juhtimine ja töötajate õigused"
work,emn eesti,0,14,1,105,0.13333333333333333,0.0,0.0,-1.0,0.0,0.10780597427576274,-0.0,"Tööelu, juhtimine ja töötajate õigused"
work,fenno-ugria asutus,0,14,1,105,0.13333333333333333,0.0,0.0,-1.0,0.0,0.10780597427576274,-0.0,"Tööelu, juhtimine ja töötajate õigused"
work,geoteaduste üliõpilaste selts,0,14,1,105,0.13333333333333333,0.0,0.0,-1.0,0.0,0.10780597427576274,-0.0,"Tööelu, juhtimine ja töötajate õigused"
work,integratsiooni sihtasutus,0,14,1,105,0.13333333333333333,0.0,0.0,-1.0,0.0,0.10780597427576274,-0.0,"Tööelu, juhtimine ja töötajate õigused"
work,justiits- ja digiministeerium,1,14,2,105,0.26666666666666666,3.75,0.06666666666666667,0.2840066825961639,0.2840066825961639,0.29798993813126373,0.04733444709936065,"Tööelu, juhtimine ja töötajate õigused"
work,kaja pae,0,14,1,105,0.13333333333333333,0.0,0.0,-1.0,0.0,0.10780597427576274,-0.0,"Tööelu, juhtimine ja töötajate õigused"
work,keskkonnainvesteeringute keskus,0,14,1,105,0.13333333333333333,0.0,0.0,-1.0,0.0,0.10780597427576274,-0.0,"Tööelu, juhtimine ja töötajate õigused"
work,kogu ala ühispaneel,0,14,1,105,0.13333333333333333,0.0,0.0,-1.0,0.0,0.10780597427576274,-0.0,"Tööelu, juhtimine ja töötajate õigused"
work,korruptsioonivaba eesti mtü,0,14,1,105,0.13333333333333333,0.0,0.0,-1.0,0.0,0.10780597427576274,-0.0,"Tööelu, juhtimine ja töötajate õigused"
work,kultuuriministeerium,0,14,1,105,0.13333333333333333,0.0,0.0,-1.0,0.0,0.10780597427576274,-0.0,"Tööelu, juhtimine ja töötajate õigused"
work,lasteklubi väike päike,1,14,3,105,0.4,2.5,0.0625,0.19688408644116218,0.19688408644116218,0.23057546612946153,0.03281401440686036,"Tööelu, juhtimine ja töötajate õigused"
work,loomus mtü,0,14,1,105,0.13333333333333333,0.0,0.0,-1.0,0.0,0.10780597427576274,-0.0,"Tööelu, juhtimine ja töötajate õigused"
work,magnum as,0,14,1,105,0.13333333333333333,0.0,0.0,-1.0,0.0,0.10780597427576274,-0.0,"Tööelu, juhtimine ja töötajate õigused"
work,maililii oü,0,14,1,105,0.13333333333333333,0.0,0.0,-1.0,0.0,0.10780597427576274,-0.0,"Tööelu, juhtimine ja töötajate õigused"
work,mtü eesti jõujaamade ja kaugkütte ühing,0,14,1,105,0.13333333333333333,0.0,0.0,-1.0,0.0,0.10780597427576274,-0.0,"Tööelu, juhtimine ja töötajate õigused"
work,mtü eesti taastuvenergia koda,1,14,4,105,0.5333333333333333,1.875,0.058823529411764705,0.13506962073733558,0.13506962073733558,0.178284739202166,0.022511603456222596,"Tööelu, juhtimine ja töötajate õigused"
work,mtü teadveloleku kompetentsikeskus toko,1,14,1,105,0.13333333333333333,7.5,0.07142857142857142,0.4329437444549922,0.4329437444549922,0.3930052998648217,0.0721572907424987,"Tööelu, juhtimine ja töötajate õigused"
work,novartis,0,14,1,105,0.13333333333333333,0.0,0.0,-1.0,0.0,0.10780597427576274,-0.0,"Tööelu, juhtimine ja töötajate õigused"
work,pullivara group,0,14,1,105,0.13333333333333333,0.0,0.0,-1.0,0.0,0.10780597427576274,-0.0,"Tööelu, juhtimine ja töötajate õigused"
work,põllumajandus- ja toiduamet,0,14,1,105,0.13333333333333333,0.0,0.0,-1.0,0.0,0.10780597427576274,-0.0,"Tööelu, juhtimine ja töötajate õigused"
work,rail baltic estonia,0,14,2,105,0.26666666666666666,0.0,0.0,-1.0,0.0,0.03224374534050848,-0.0,"Tööelu, juhtimine ja töötajate õigused"
work,regionaal- ja põllumajandusministeerium,0,14,1,105,0.13333333333333333,0.0,0.0,-1.0,0.0,0.10780597427576274,-0.0,"Tööelu, juhtimine ja töötajate õigused"
work,roche,1,14,1,105,0.13333333333333333,7.5,0.07142857142857142,0.4329437444549922,0.4329437444549922,0.3930052998648217,0.0721572907424987,"Tööelu, juhtimine ja töötajate õigused"
work,sa õpilasmalev,0,14,1,105,0.13333333333333333,0.0,0.0,-1.0,0.0,0.10780597427576274,-0.0,"Tööelu, juhtimine ja töötajate õigused"
work,sihtasutus eesti teadusagentuur (etag),0,14,2,105,0.26666666666666666,0.0,0.0,-1.0,0.0,0.03224374534050848,-0.0,"Tööelu, juhtimine ja töötajate õigused"
work,siseministeerium,0,14,1,105,0.13333333333333333,0.0,0.0,-1.0,0.0,0.10780597427576274,-0.0,"Tööelu, juhtimine ja töötajate õigused"
work,synlab,0,14,1,105,0.13333333333333333,0.0,0.0,-1.0,0.0,0.10780597427576274,-0.0,"Tööelu, juhtimine ja töötajate õigused"
work,taastuvenergia koda,0,14,1,105,0.13333333333333333,0.0,0.0,-1.0,0.0,0.10780597427576274,-0.0,"Tööelu, juhtimine ja töötajate õigused"
work,tallinna ettevõtlusinkubaator,0,14,1,105,0.13333333333333333,0.0,0.0,-1.0,0.0,0.10780597427576274,-0.0,"Tööelu, juhtimine ja töötajate õigused"
work,tallinna lastekodu,0,14,1,105,0.13333333333333333,0.0,0.0,-1.0,0.0,0.10780597427576274,-0.0,"Tööelu, juhtimine ja töötajate õigused"
work,"tallinna tehnikaülikool, vastutustundliku majanduse ja esg fookustippkeskus",0,14,1,105,0.13333333333333333,0.0,0.0,-1.0,0.0,0.10780597427576274,-0.0,"Tööelu, juhtimine ja töötajate õigused"
work,tallinna vesi,0,14,1,105,0.13333333333333333,0.0,0.0,-1.0,0.0,0.10780597427576274,-0.0,"Tööelu, juhtimine ja töötajate õigused"
work,"tallinna ülikool, tartu ülikool, eesti maaülikool",0,14,1,105,0.13333333333333333,0.0,0.0,-1.0,0.0,0.10780597427576274,-0.0,"Tööelu, juhtimine ja töötajate õigused"
work,tartu kristjan jaak petersoni gümnaasium / kultuuriministeerium,0,14,1,105,0.13333333333333333,0.0,0.0,-1.0,0.0,0.10780597427576274,-0.0,"Tööelu, juhtimine ja töötajate õigused"
work,tartu ülikool,0,14,1,105,0.13333333333333333,0.0,0.0,-1.0,0.0,0.10780597427576274,-0.0,"Tööelu, juhtimine ja töötajate õigused"
work,tartumaa omavalitsuste liit,0,14,1,105,0.13333333333333333,0.0,0.0,-1.0,0.0,0.10780597427576274,-0.0,"Tööelu, juhtimine ja töötajate õigused"
work,vindr baltic oü ja vkg,0,14,1,105,0.13333333333333333,0.0,0.0,-1.0,0.0,0.10780597427576274,-0.0,"Tööelu, juhtimine ja töötajate õigused"
work,ühendus kultuuritahe,0,14,3,105,0.4,0.0,0.0,-1.0,0.0,-0.021368509288738003,-0.0,"Tööelu, juhtimine ja töötajate õigused"
work,üro pagulasamet,0,14,1,105,0.13333333333333333,0.0,0.0,-1.0,0.0,0.10780597427576274,-0.0,"Tööelu, juhtimine ja töötajate õigused"
