segment_key,jev_topic_id,jev_topic_key,jev_topic_name,jev_probability,jev_confidence,jev_probabilities,jev_model,jev_request_sha256
semantic-short:bge-boundaries:60-180:q70:v1:2271676346:000000011080-000000074560,106,semantic:bge:leaf-local-6-2:42:106,Sooneutraalne ajateenistus ja reservi täitmine,0.66,0.65,"{""193"": 0.0, ""86"": 0.0, ""154"": 0.0, ""46"": 0.0, ""156"": 0.0, ""208"": 0.0, ""111"": 0.0, ""191"": 0.0, ""93"": 0.0, ""166"": 0.0, ""158"": 0.0, ""94"": 0.0, ""53"": 0.0, ""180"": 0.0, ""83"": 0.0, ""15"": 0.0, ""163"": 0.0, ""116"": 0.0, ""226"": 0.0, ""75"": 0.0, ""155"": 0.0, ""187"": 0.0, ""122"": 0.0, ""36"": 0.0, ""44"": 0.0, ""1"": 0.0, ""21"": 0.0, ""92"": 0.0, ""144"": 0.0, ""103"": 0.0, ""174"": 0.0, ""13"": 0.0, ""130"": 0.0, ""203"": 0.0, ""222"": 0.0, ""69"": 0.0, ""215"": 0.0, ""71"": 0.0, ""120"": 0.0, ""231"": 0.0, ""65"": 0.0, ""102"": 0.0, ""190"": 0.0, ""34"": 0.0, ""31"": 0.0, ""224"": 0.0, ""59"": 0.0, ""142"": 0.0, ""205"": 0.0, ""233"": 0.0, ""64"": 0.0, ""128"": 0.0, ""214"": 0.0, ""137"": 0.0, ""8"": 0.0, ""43"": 0.0, ""229"": 0.0, ""125"": 0.0, ""121"": 0.0, ""56"": 0.0, ""164"": 0.0, ""84"": 0.0, ""91"": 0.0, ""19"": 0.0, ""170"": 0.0, ""27"": 0.0, ""110"": 0.0, ""119"": 0.0, ""118"": 0.0, ""123"": 0.0, ""22"": 0.0, ""199"": 0.0, ""168"": 0.0, ""198"": 0.0, ""230"": 0.0, ""77"": 0.0, ""109"": 0.0, ""61"": 0.0, ""24"": 0.0, ""28"": 0.0, ""165"": 0.0, ""185"": 0.0, ""209"": 0.0, ""148"": 0.0, ""85"": 0.0, ""6"": 0.0, ""9"": 0.0, ""153"": 0.0, ""223"": 0.0, ""127"": 0.0, ""55"": 0.0, ""66"": 0.0, ""10"": 0.0, ""225"": 0.0, ""151"": 0.0, ""107"": 0.0, ""219"": 0.0, ""159"": 0.0, ""78"": 0.0, ""228"": 0.0, ""20"": 0.0, ""160"": 0.0, ""206"": 0.0, ""99"": 0.01, ""88"": 0.0, ""32"": 0.0, ""17"": 0.0, ""51"": 0.0, ""115"": 0.0, ""23"": 0.0, ""211"": 0.0, ""62"": 0.0, ""11"": 0.0, ""179"": 0.0, ""12"": 0.0, ""67"": 0.0, ""47"": 0.0, ""2"": 0.0, ""74"": 0.0, ""68"": 0.0, ""30"": 0.0, ""218"": 0.0, ""90"": 0.0, ""136"": 0.0, ""210"": 0.0, ""101"": 0.0, ""33"": 0.0, ""157"": 0.0, ""202"": 0.0, ""234"": 0.0, ""54"": 0.0, ""26"": 0.0, ""143"": 0.0, ""212"": 0.0, ""117"": 0.0, ""-1"": 0.27, ""79"": 0.0, ""213"": 0.0, ""63"": 0.0, ""200"": 0.0, ""50"": 0.0, ""220"": 0.0, ""141"": 0.0, ""184"": 0.0, ""232"": 0.0, ""70"": 0.0, ""37"": 0.0, ""40"": 0.0, ""216"": 0.0, ""146"": 0.0, ""217"": 0.0, ""25"": 0.0, ""207"": 0.0, ""76"": 0.0, ""52"": 0.0, ""89"": 0.0, ""195"": 0.0, ""173"": 0.0, ""57"": 0.0, ""4"": 0.0, ""221"": 0.0, ""49"": 0.0, ""98"": 0.0, ""178"": 0.0, ""16"": 0.0, ""7"": 0.0, ""124"": 0.0, ""96"": 0.0, ""29"": 0.0, ""204"": 0.0, ""176"": 0.0, ""129"": 0.0, ""227"": 0.0, ""48"": 0.0, ""0"": 0.0, ""126"": 0.0, ""201"": 0.0, ""138"": 0.0, ""3"": 0.0, ""114"": 0.0, ""183"": 0.0, ""133"": 0.0, ""182"": 0.0, ""87"": 0.0, ""147"": 0.0, ""197"": 0.0, ""95"": 0.0, ""145"": 0.0, ""235"": 0.0, ""171"": 0.0, ""152"": 0.0, ""192"": 0.0, ""175"": 0.0, ""106"": 0.66, ""132"": 0.0, ""41"": 0.0, ""18"": 0.0, ""58"": 0.0, ""35"": 0.0, ""104"": 0.0, ""135"": 0.0, ""150"": 0.0, ""162"": 0.0, ""73"": 0.0, ""97"": 0.0, ""81"": 0.0, ""131"": 0.0, ""140"": 0.0, ""177"": 0.0, ""134"": 0.0, ""181"": 0.0, ""14"": 0.0, ""196"": 0.0, ""169"": 0.0, ""172"": 0.0, ""112"": 0.0, ""139"": 0.0, ""105"": 0.0, ""80"": 0.0, ""189"": 0.0, ""82"": 0.0, ""108"": 0.0, ""45"": 0.0, ""161"": 0.0, ""100"": 0.05, ""60"": 0.0, ""39"": 0.0, ""167"": 0.0, ""194"": 0.0, ""113"": 0.0, ""5"": 0.0, ""42"": 0.0, ""38"": 0.0, ""149"": 0.0, ""188"": 0.0, ""186"": 0.0, ""72"": 0.0}",jev-1.13.0,9b2ed1f465ab0a386b1bd161bf2bbb1dd93c5d633f8566758a336c3b0a550fc9
semantic-short:bge-boundaries:60-180:q70:v1:2271676346:000000074560-000000198360,-1,semantic:bge:leaf-local-6-2:42:-1,Unassigned,0.5700000000000001,0.56,"{""198"": 0.0, ""104"": 0.0, ""14"": 0.0, ""172"": 0.0, ""77"": 0.0, ""70"": 0.0, ""116"": 0.0, ""194"": 0.0, ""119"": 0.0, ""43"": 0.0, ""235"": 0.0, ""58"": 0.0, ""157"": 0.0, ""173"": 0.0, ""139"": 0.0, ""34"": 0.0, ""171"": 0.0, ""76"": 0.0, ""158"": 0.0, ""162"": 0.0, ""217"": 0.0, ""5"": 0.0, ""152"": 0.0, ""151"": 0.0, ""42"": 0.0, ""140"": 0.0, ""100"": 0.05, ""8"": 0.0, ""6"": 0.0, ""113"": 0.0, ""63"": 0.0, ""97"": 0.0, ""222"": 0.0, ""21"": 0.0, ""110"": 0.0, ""53"": 0.0, ""176"": 0.0, ""209"": 0.0, ""185"": 0.0, ""168"": 0.0, ""-1"": 0.5700000000000001, ""105"": 0.0, ""83"": 0.0, ""125"": 0.0, ""66"": 0.0, ""50"": 0.0, ""225"": 0.0, ""132"": 0.0, ""0"": 0.0, ""57"": 0.0, ""59"": 0.0, ""189"": 0.0, ""190"": 0.0, ""80"": 0.0, ""109"": 0.0, ""186"": 0.0, ""26"": 0.0, ""126"": 0.0, ""103"": 0.0, ""197"": 0.0, ""227"": 0.0, ""107"": 0.0, ""160"": 0.0, ""41"": 0.0, ""38"": 0.0, ""128"": 0.0, ""199"": 0.0, ""193"": 0.0, ""200"": 0.0, ""19"": 0.0, ""166"": 0.0, ""33"": 0.0, ""148"": 0.01, ""11"": 0.0, ""188"": 0.0, ""203"": 0.0, ""32"": 0.0, ""65"": 0.0, ""154"": 0.0, ""102"": 0.0, ""44"": 0.0, ""204"": 0.0, ""202"": 0.0, ""36"": 0.0, ""167"": 0.0, ""216"": 0.0, ""67"": 0.0, ""164"": 0.0, ""112"": 0.0, ""17"": 0.0, ""206"": 0.0, ""81"": 0.0, ""183"": 0.0, ""62"": 0.0, ""224"": 0.0, ""75"": 0.0, ""73"": 0.0, ""47"": 0.0, ""86"": 0.0, ""7"": 0.0, ""108"": 0.0, ""230"": 0.0, ""127"": 0.0, ""135"": 0.0, ""30"": 0.0, ""226"": 0.0, ""122"": 0.0, ""13"": 0.0, ""52"": 0.0, ""161"": 0.0, ""220"": 0.0, ""131"": 0.0, ""115"": 0.0, ""25"": 0.0, ""195"": 0.0, ""201"": 0.0, ""117"": 0.0, ""9"": 0.0, ""156"": 0.0, ""99"": 0.0, ""234"": 0.0, ""165"": 0.0, ""82"": 0.0, ""141"": 0.0, ""180"": 0.0, ""27"": 0.0, ""64"": 0.0, ""18"": 0.0, ""219"": 0.0, ""232"": 0.0, ""147"": 0.0, ""85"": 0.0, ""39"": 0.0, ""22"": 0.0, ""87"": 0.0, ""182"": 0.0, ""48"": 0.0, ""233"": 0.0, ""28"": 0.0, ""120"": 0.0, ""205"": 0.0, ""184"": 0.0, ""94"": 0.0, ""92"": 0.0, ""72"": 0.0, ""29"": 0.0, ""3"": 0.0, ""134"": 0.0, ""149"": 0.0, ""23"": 0.0, ""169"": 0.0, ""208"": 0.0, ""178"": 0.0, ""130"": 0.0, ""24"": 0.0, ""114"": 0.0, ""74"": 0.0, ""129"": 0.0, ""49"": 0.0, ""106"": 0.32, ""61"": 0.0, ""54"": 0.0, ""138"": 0.0, ""31"": 0.0, ""71"": 0.0, ""69"": 0.0, ""121"": 0.0, ""218"": 0.0, ""136"": 0.0, ""212"": 0.0, ""35"": 0.0, ""55"": 0.0, ""84"": 0.0, ""231"": 0.0, ""51"": 0.0, ""90"": 0.0, ""150"": 0.0, ""229"": 0.0, ""118"": 0.0, ""146"": 0.0, ""228"": 0.0, ""192"": 0.0, ""211"": 0.0, ""95"": 0.0, ""223"": 0.0, ""124"": 0.0, ""15"": 0.0, ""93"": 0.0, ""45"": 0.04, ""221"": 0.0, ""153"": 0.0, ""175"": 0.0, ""143"": 0.0, ""111"": 0.0, ""56"": 0.0, ""12"": 0.0, ""170"": 0.0, ""187"": 0.0, ""60"": 0.0, ""214"": 0.0, ""213"": 0.0, ""4"": 0.0, ""191"": 0.0, ""163"": 0.0, ""96"": 0.0, ""78"": 0.0, ""196"": 0.0, ""37"": 0.0, ""1"": 0.0, ""68"": 0.0, ""159"": 0.0, ""101"": 0.0, ""210"": 0.0, ""91"": 0.0, ""133"": 0.0, ""16"": 0.0, ""46"": 0.0, ""40"": 0.0, ""145"": 0.0, ""137"": 0.0, ""10"": 0.0, ""20"": 0.0, ""179"": 0.0, ""2"": 0.0, ""215"": 0.0, ""142"": 0.0, ""207"": 0.0, ""181"": 0.0, ""155"": 0.0, ""144"": 0.0, ""88"": 0.0, ""98"": 0.0, ""89"": 0.0, ""79"": 0.0, ""123"": 0.0, ""174"": 0.0, ""177"": 0.0}",jev-1.13.0,5c0b1fb79e2786cb21fac6b9f5eb7d06e5e5145e30d8301b736b2b8a3aa0618b
semantic-short:bge-boundaries:60-180:q70:v1:2271676346:000000198360-000000360520,-1,semantic:bge:leaf-local-6-2:42:-1,Unassigned,0.76,0.75,"{""151"": 0.0, ""189"": 0.0, ""177"": 0.0, ""37"": 0.0, ""148"": 0.0, ""196"": 0.0, ""217"": 0.0, ""42"": 0.0, ""87"": 0.0, ""74"": 0.0, ""39"": 0.0, ""149"": 0.0, ""120"": 0.0, ""0"": 0.0, ""166"": 0.0, ""160"": 0.0, ""145"": 0.0, ""195"": 0.0, ""227"": 0.0, ""67"": 0.0, ""78"": 0.0, ""111"": 0.0, ""88"": 0.0, ""193"": 0.0, ""207"": 0.0, ""92"": 0.0, ""222"": 0.0, ""14"": 0.0, ""119"": 0.0, ""194"": 0.0, ""117"": 0.0, ""-1"": 0.76, ""84"": 0.0, ""57"": 0.0, ""6"": 0.0, ""51"": 0.0, ""30"": 0.0, ""26"": 0.0, ""215"": 0.0, ""114"": 0.0, ""27"": 0.0, ""83"": 0.0, ""179"": 0.0, ""210"": 0.0, ""176"": 0.0, ""101"": 0.0, ""109"": 0.0, ""169"": 0.0, ""31"": 0.0, ""234"": 0.0, ""186"": 0.0, ""230"": 0.0, ""116"": 0.0, ""29"": 0.0, ""3"": 0.0, ""28"": 0.0, ""125"": 0.0, ""59"": 0.0, ""140"": 0.0, ""219"": 0.0, ""126"": 0.0, ""127"": 0.0, ""9"": 0.0, ""40"": 0.0, ""136"": 0.0, ""7"": 0.0, ""64"": 0.0, ""89"": 0.0, ""221"": 0.0, ""102"": 0.0, ""79"": 0.0, ""99"": 0.0, ""146"": 0.0, ""94"": 0.0, ""5"": 0.0, ""1"": 0.0, ""12"": 0.0, ""105"": 0.0, ""225"": 0.0, ""8"": 0.0, ""49"": 0.0, ""164"": 0.0, ""86"": 0.0, ""108"": 0.01, ""224"": 0.0, ""34"": 0.0, ""85"": 0.0, ""152"": 0.0, ""107"": 0.0, ""167"": 0.0, ""63"": 0.0, ""200"": 0.0, ""48"": 0.0, ""75"": 0.0, ""95"": 0.0, ""56"": 0.0, ""204"": 0.0, ""129"": 0.0, ""10"": 0.0, ""68"": 0.0, ""216"": 0.0, ""15"": 0.0, ""44"": 0.0, ""183"": 0.0, ""171"": 0.0, ""135"": 0.0, ""223"": 0.0, ""163"": 0.0, ""208"": 0.0, ""70"": 0.01, ""69"": 0.0, ""35"": 0.0, ""235"": 0.0, ""73"": 0.0, ""55"": 0.0, ""159"": 0.0, ""21"": 0.0, ""203"": 0.0, ""76"": 0.0, ""161"": 0.0, ""17"": 0.0, ""229"": 0.0, ""206"": 0.0, ""184"": 0.0, ""154"": 0.0, ""77"": 0.0, ""52"": 0.0, ""91"": 0.0, ""138"": 0.0, ""60"": 0.0, ""20"": 0.0, ""24"": 0.0, ""232"": 0.0, ""110"": 0.0, ""180"": 0.0, ""113"": 0.0, ""71"": 0.0, ""16"": 0.0, ""36"": 0.0, ""172"": 0.0, ""181"": 0.0, ""81"": 0.0, ""173"": 0.0, ""188"": 0.0, ""139"": 0.0, ""62"": 0.0, ""11"": 0.04, ""2"": 0.0, ""157"": 0.0, ""96"": 0.0, ""122"": 0.0, ""112"": 0.0, ""45"": 0.04, ""182"": 0.0, ""153"": 0.0, ""66"": 0.0, ""174"": 0.0, ""46"": 0.0, ""170"": 0.0, ""97"": 0.0, ""53"": 0.0, ""141"": 0.0, ""50"": 0.0, ""131"": 0.0, ""128"": 0.0, ""132"": 0.0, ""165"": 0.0, ""185"": 0.0, ""168"": 0.0, ""218"": 0.0, ""90"": 0.0, ""214"": 0.0, ""231"": 0.0, ""209"": 0.0, ""4"": 0.0, ""106"": 0.09999999999999999, ""142"": 0.0, ""13"": 0.0, ""147"": 0.0, ""103"": 0.0, ""143"": 0.0, ""213"": 0.0, ""156"": 0.0, ""80"": 0.0, ""190"": 0.0, ""191"": 0.0, ""212"": 0.0, ""233"": 0.0, ""228"": 0.0, ""82"": 0.0, ""199"": 0.0, ""123"": 0.0, ""175"": 0.0, ""150"": 0.0, ""192"": 0.0, ""93"": 0.0, ""65"": 0.0, ""104"": 0.0, ""41"": 0.0, ""54"": 0.0, ""155"": 0.0, ""130"": 0.0, ""19"": 0.0, ""133"": 0.0, ""198"": 0.0, ""118"": 0.0, ""202"": 0.0, ""137"": 0.0, ""121"": 0.0, ""22"": 0.0, ""23"": 0.01, ""47"": 0.0, ""144"": 0.0, ""100"": 0.03, ""226"": 0.0, ""187"": 0.0, ""115"": 0.0, ""25"": 0.0, ""72"": 0.0, ""98"": 0.0, ""32"": 0.0, ""158"": 0.0, ""197"": 0.0, ""178"": 0.0, ""43"": 0.0, ""38"": 0.0, ""61"": 0.0, ""58"": 0.0, ""18"": 0.0, ""205"": 0.0, ""124"": 0.0, ""201"": 0.0, ""220"": 0.0, ""33"": 0.0, ""162"": 0.0, ""211"": 0.0, ""134"": 0.0}",jev-1.13.0,fb66aa0cf90002702857c0a88abd0af1fa76449c470af5021c5b1281a13422c2
semantic-short:bge-boundaries:60-180:q70:v1:2271676346:000000360520-000000492520,106,semantic:bge:leaf-local-6-2:42:106,Sooneutraalne ajateenistus ja reservi täitmine,0.42,0.4,"{""232"": 0.0, ""231"": 0.0, ""139"": 0.0, ""157"": 0.0, ""26"": 0.0, ""104"": 0.0, ""163"": 0.0, ""93"": 0.0, ""202"": 0.0, ""182"": 0.0, ""23"": 0.0, ""99"": 0.01, ""195"": 0.0, ""107"": 0.0, ""201"": 0.0, ""171"": 0.0, ""223"": 0.0, ""187"": 0.0, ""211"": 0.0, ""207"": 0.0, ""121"": 0.0, ""19"": 0.0, ""173"": 0.0, ""100"": 0.08, ""134"": 0.0, ""141"": 0.0, ""68"": 0.0, ""22"": 0.0, ""40"": 0.0, ""59"": 0.0, ""69"": 0.0, ""10"": 0.0, ""13"": 0.0, ""90"": 0.0, ""184"": 0.0, ""196"": 0.0, ""178"": 0.0, ""18"": 0.0, ""72"": 0.0, ""154"": 0.0, ""175"": 0.0, ""222"": 0.0, ""168"": 0.0, ""140"": 0.0, ""153"": 0.0, ""36"": 0.0, ""112"": 0.0, ""65"": 0.0, ""146"": 0.0, ""21"": 0.0, ""15"": 0.0, ""147"": 0.0, ""35"": 0.0, ""174"": 0.0, ""160"": 0.0, ""66"": 0.0, ""166"": 0.0, ""205"": 0.0, ""103"": 0.0, ""33"": 0.0, ""144"": 0.0, ""16"": 0.0, ""94"": 0.0, ""212"": 0.0, ""32"": 0.0, ""109"": 0.0, ""185"": 0.0, ""30"": 0.0, ""108"": 0.0, ""46"": 0.0, ""5"": 0.0, ""206"": 0.0, ""53"": 0.0, ""113"": 0.0, ""56"": 0.0, ""79"": 0.0, ""110"": 0.0, ""145"": 0.0, ""0"": 0.0, ""55"": 0.0, ""229"": 0.0, ""63"": 0.0, ""47"": 0.0, ""191"": 0.0, ""151"": 0.0, ""62"": 0.0, ""2"": 0.0, ""181"": 0.0, ""213"": 0.0, ""1"": 0.0, ""204"": 0.0, ""8"": 0.0, ""43"": 0.0, ""4"": 0.0, ""149"": 0.0, ""57"": 0.0, ""233"": 0.0, ""49"": 0.0, ""218"": 0.0, ""89"": 0.0, ""177"": 0.0, ""86"": 0.0, ""17"": 0.0, ""235"": 0.0, ""186"": 0.0, ""138"": 0.0, ""28"": 0.0, ""214"": 0.0, ""188"": 0.0, ""220"": 0.0, ""136"": 0.0, ""73"": 0.0, ""169"": 0.0, ""193"": 0.0, ""91"": 0.0, ""14"": 0.0, ""85"": 0.0, ""48"": 0.0, ""228"": 0.0, ""164"": 0.0, ""197"": 0.0, ""119"": 0.0, ""88"": 0.0, ""25"": 0.0, ""92"": 0.0, ""199"": 0.0, ""155"": 0.0, ""39"": 0.0, ""167"": 0.0, ""158"": 0.0, ""76"": 0.0, ""102"": 0.0, ""120"": 0.0, ""61"": 0.0, ""74"": 0.0, ""-1"": 0.26, ""54"": 0.0, ""129"": 0.0, ""133"": 0.0, ""150"": 0.0, ""156"": 0.0, ""131"": 0.0, ""37"": 0.0, ""38"": 0.0, ""44"": 0.0, ""132"": 0.0, ""114"": 0.0, ""31"": 0.0, ""80"": 0.0, ""111"": 0.0, ""12"": 0.0, ""87"": 0.0, ""224"": 0.0, ""183"": 0.0, ""27"": 0.0, ""123"": 0.0, ""98"": 0.01, ""52"": 0.0, ""161"": 0.0, ""70"": 0.0, ""179"": 0.0, ""11"": 0.0, ""219"": 0.0, ""95"": 0.0, ""7"": 0.0, ""215"": 0.0, ""143"": 0.0, ""34"": 0.0, ""142"": 0.0, ""200"": 0.0, ""159"": 0.0, ""116"": 0.0, ""84"": 0.0, ""209"": 0.0, ""6"": 0.0, ""203"": 0.0, ""29"": 0.0, ""234"": 0.0, ""20"": 0.0, ""125"": 0.0, ""71"": 0.0, ""82"": 0.0, ""75"": 0.0, ""81"": 0.0, ""51"": 0.0, ""227"": 0.0, ""152"": 0.0, ""124"": 0.0, ""118"": 0.0, ""101"": 0.0, ""221"": 0.0, ""128"": 0.0, ""230"": 0.0, ""60"": 0.0, ""126"": 0.0, ""180"": 0.0, ""135"": 0.0, ""190"": 0.0, ""45"": 0.17, ""208"": 0.0, ""216"": 0.0, ""106"": 0.42, ""105"": 0.0, ""67"": 0.0, ""176"": 0.0, ""217"": 0.0, ""192"": 0.0, ""189"": 0.0, ""170"": 0.0, ""165"": 0.0, ""117"": 0.0, ""50"": 0.0, ""137"": 0.0, ""198"": 0.0, ""172"": 0.0, ""148"": 0.0, ""97"": 0.01, ""77"": 0.0, ""115"": 0.0, ""64"": 0.0, ""96"": 0.01, ""210"": 0.0, ""83"": 0.02, ""194"": 0.0, ""41"": 0.0, ""225"": 0.0, ""127"": 0.0, ""162"": 0.0, ""78"": 0.0, ""58"": 0.0, ""24"": 0.0, ""122"": 0.0, ""9"": 0.0, ""226"": 0.0, ""3"": 0.0, ""130"": 0.0, ""42"": 0.0}",jev-1.13.0,0c9f46bd344c3d382492a9f08e5581e3e539652d49cfc6c0d83ecdc03a4c6364
semantic-short:bge-boundaries:60-180:q70:v1:2271676346:000000492520-000000561160,106,semantic:bge:leaf-local-6-2:42:106,Sooneutraalne ajateenistus ja reservi täitmine,0.36,0.35,"{""235"": 0.0, ""64"": 0.0, ""217"": 0.0, ""13"": 0.0, ""190"": 0.0, ""53"": 0.0, ""230"": 0.0, ""156"": 0.0, ""112"": 0.0, ""166"": 0.0, ""212"": 0.0, ""50"": 0.0, ""195"": 0.0, ""68"": 0.0, ""139"": 0.0, ""213"": 0.0, ""17"": 0.0, ""28"": 0.0, ""96"": 0.0, ""38"": 0.0, ""133"": 0.0, ""185"": 0.0, ""5"": 0.0, ""24"": 0.0, ""194"": 0.0, ""65"": 0.0, ""-1"": 0.09999999999999999, ""91"": 0.0, ""124"": 0.0, ""228"": 0.0, ""57"": 0.0, ""227"": 0.0, ""108"": 0.0, ""74"": 0.0, ""63"": 0.0, ""123"": 0.0, ""134"": 0.0, ""116"": 0.0, ""32"": 0.0, ""234"": 0.0, ""216"": 0.0, ""72"": 0.0, ""62"": 0.0, ""127"": 0.0, ""193"": 0.0, ""225"": 0.0, ""203"": 0.0, ""121"": 0.0, ""208"": 0.0, ""145"": 0.0, ""106"": 0.36, ""181"": 0.0, ""204"": 0.0, ""44"": 0.0, ""128"": 0.0, ""141"": 0.0, ""135"": 0.0, ""170"": 0.0, ""47"": 0.0, ""191"": 0.0, ""7"": 0.0, ""129"": 0.0, ""115"": 0.0, ""107"": 0.0, ""214"": 0.0, ""25"": 0.0, ""58"": 0.0, ""78"": 0.0, ""76"": 0.0, ""70"": 0.0, ""83"": 0.26, ""182"": 0.0, ""98"": 0.0, ""51"": 0.0, ""14"": 0.0, ""157"": 0.0, ""110"": 0.0, ""88"": 0.0, ""137"": 0.0, ""26"": 0.0, ""73"": 0.0, ""169"": 0.0, ""18"": 0.0, ""3"": 0.0, ""142"": 0.0, ""12"": 0.0, ""111"": 0.0, ""81"": 0.0, ""48"": 0.0, ""132"": 0.0, ""49"": 0.0, ""224"": 0.0, ""60"": 0.0, ""10"": 0.0, ""207"": 0.0, ""46"": 0.0, ""90"": 0.0, ""41"": 0.0, ""153"": 0.0, ""188"": 0.0, ""136"": 0.0, ""161"": 0.0, ""85"": 0.0, ""102"": 0.0, ""138"": 0.0, ""221"": 0.0, ""6"": 0.0, ""59"": 0.0, ""163"": 0.0, ""211"": 0.0, ""79"": 0.0, ""131"": 0.0, ""197"": 0.0, ""1"": 0.0, ""120"": 0.0, ""8"": 0.0, ""171"": 0.0, ""150"": 0.0, ""220"": 0.0, ""2"": 0.0, ""232"": 0.0, ""118"": 0.0, ""67"": 0.0, ""39"": 0.0, ""130"": 0.0, ""80"": 0.02, ""103"": 0.0, ""93"": 0.0, ""77"": 0.0, ""140"": 0.0, ""71"": 0.0, ""183"": 0.0, ""162"": 0.0, ""196"": 0.0, ""114"": 0.0, ""95"": 0.0, ""186"": 0.0, ""179"": 0.0, ""55"": 0.0, ""35"": 0.0, ""152"": 0.0, ""4"": 0.0, ""176"": 0.0, ""22"": 0.0, ""201"": 0.0, ""23"": 0.0, ""177"": 0.0, ""40"": 0.0, ""144"": 0.0, ""75"": 0.0, ""226"": 0.0, ""61"": 0.0, ""126"": 0.0, ""43"": 0.0, ""33"": 0.0, ""113"": 0.0, ""148"": 0.0, ""174"": 0.0, ""16"": 0.0, ""167"": 0.0, ""109"": 0.0, ""42"": 0.0, ""180"": 0.0, ""147"": 0.0, ""29"": 0.05, ""149"": 0.0, ""200"": 0.0, ""199"": 0.0, ""209"": 0.0, ""56"": 0.0, ""233"": 0.0, ""229"": 0.0, ""210"": 0.0, ""215"": 0.0, ""87"": 0.0, ""154"": 0.0, ""175"": 0.0, ""125"": 0.0, ""92"": 0.0, ""105"": 0.0, ""117"": 0.0, ""146"": 0.0, ""160"": 0.0, ""27"": 0.0, ""172"": 0.0, ""187"": 0.0, ""173"": 0.0, ""159"": 0.0, ""86"": 0.0, ""15"": 0.0, ""206"": 0.0, ""178"": 0.0, ""19"": 0.0, ""158"": 0.0, ""202"": 0.0, ""99"": 0.0, ""97"": 0.0, ""219"": 0.0, ""231"": 0.0, ""52"": 0.02, ""54"": 0.0, ""31"": 0.0, ""9"": 0.0, ""94"": 0.0, ""218"": 0.0, ""222"": 0.0, ""155"": 0.0, ""66"": 0.0, ""122"": 0.0, ""168"": 0.0, ""21"": 0.0, ""104"": 0.0, ""184"": 0.0, ""11"": 0.0, ""0"": 0.0, ""101"": 0.0, ""37"": 0.0, ""100"": 0.09, ""164"": 0.0, ""119"": 0.0, ""205"": 0.0, ""151"": 0.0, ""223"": 0.0, ""30"": 0.0, ""198"": 0.0, ""165"": 0.0, ""143"": 0.0, ""189"": 0.0, ""20"": 0.0, ""45"": 0.09, ""89"": 0.0, ""69"": 0.0, ""192"": 0.0, ""84"": 0.0, ""34"": 0.0, ""36"": 0.0, ""82"": 0.0}",jev-1.13.0,67c3aeae1ffc64a267a2014f769258de282afea524e162de1bc6b0e8ee026bd1
semantic-short:bge-boundaries:60-180:q70:v1:2271676346:000000561160-000000692840,83,semantic:bge:leaf-local-6-2:42:83,Kaitsekulude tõus ja hanked,0.95,0.94,"{""221"": 0.0, ""82"": 0.0, ""43"": 0.0, ""163"": 0.0, ""41"": 0.0, ""76"": 0.0, ""230"": 0.0, ""225"": 0.0, ""47"": 0.0, ""220"": 0.0, ""109"": 0.0, ""143"": 0.0, ""49"": 0.0, ""32"": 0.0, ""179"": 0.0, ""46"": 0.0, ""185"": 0.0, ""103"": 0.0, ""34"": 0.0, ""12"": 0.0, ""169"": 0.0, ""142"": 0.0, ""77"": 0.0, ""182"": 0.0, ""56"": 0.0, ""231"": 0.0, ""223"": 0.0, ""196"": 0.0, ""176"": 0.0, ""135"": 0.0, ""207"": 0.0, ""-1"": 0.0, ""200"": 0.0, ""219"": 0.0, ""93"": 0.0, ""68"": 0.0, ""218"": 0.0, ""216"": 0.0, ""79"": 0.0, ""170"": 0.0, ""78"": 0.0, ""23"": 0.0, ""172"": 0.0, ""27"": 0.0, ""7"": 0.0, ""29"": 0.01, ""211"": 0.0, ""114"": 0.0, ""188"": 0.0, ""202"": 0.0, ""206"": 0.0, ""74"": 0.0, ""167"": 0.0, ""151"": 0.0, ""118"": 0.0, ""8"": 0.0, ""154"": 0.0, ""190"": 0.0, ""157"": 0.0, ""121"": 0.0, ""192"": 0.0, ""73"": 0.0, ""52"": 0.0, ""106"": 0.0, ""36"": 0.0, ""13"": 0.0, ""104"": 0.0, ""119"": 0.0, ""110"": 0.0, ""19"": 0.0, ""217"": 0.0, ""94"": 0.0, ""31"": 0.0, ""30"": 0.0, ""53"": 0.0, ""16"": 0.0, ""235"": 0.0, ""22"": 0.0, ""48"": 0.0, ""160"": 0.0, ""161"": 0.0, ""147"": 0.0, ""159"": 0.0, ""215"": 0.0, ""62"": 0.0, ""54"": 0.0, ""203"": 0.0, ""180"": 0.0, ""99"": 0.0, ""55"": 0.0, ""18"": 0.0, ""214"": 0.0, ""226"": 0.0, ""15"": 0.0, ""204"": 0.0, ""0"": 0.0, ""184"": 0.0, ""10"": 0.0, ""209"": 0.0, ""71"": 0.0, ""61"": 0.0, ""37"": 0.0, ""69"": 0.0, ""212"": 0.0, ""183"": 0.0, ""65"": 0.0, ""150"": 0.0, ""178"": 0.0, ""45"": 0.02, ""63"": 0.0, ""131"": 0.0, ""134"": 0.0, ""129"": 0.0, ""25"": 0.0, ""33"": 0.0, ""44"": 0.0, ""128"": 0.0, ""193"": 0.0, ""2"": 0.0, ""153"": 0.0, ""149"": 0.0, ""42"": 0.0, ""191"": 0.0, ""201"": 0.0, ""222"": 0.0, ""133"": 0.0, ""107"": 0.0, ""175"": 0.0, ""83"": 0.95, ""155"": 0.0, ""117"": 0.0, ""100"": 0.01, ""125"": 0.0, ""108"": 0.0, ""40"": 0.0, ""91"": 0.0, ""58"": 0.0, ""92"": 0.0, ""228"": 0.0, ""234"": 0.0, ""95"": 0.0, ""208"": 0.0, ""162"": 0.0, ""39"": 0.0, ""232"": 0.0, ""85"": 0.0, ""86"": 0.0, ""57"": 0.0, ""70"": 0.0, ""72"": 0.0, ""102"": 0.0, ""81"": 0.0, ""66"": 0.0, ""124"": 0.0, ""224"": 0.0, ""112"": 0.0, ""24"": 0.0, ""229"": 0.0, ""199"": 0.0, ""141"": 0.0, ""197"": 0.0, ""171"": 0.0, ""138"": 0.0, ""140"": 0.0, ""186"": 0.0, ""187"": 0.0, ""198"": 0.0, ""28"": 0.0, ""156"": 0.0, ""166"": 0.0, ""164"": 0.0, ""17"": 0.0, ""111"": 0.0, ""123"": 0.0, ""165"": 0.0, ""116"": 0.0, ""210"": 0.0, ""144"": 0.0, ""35"": 0.0, ""101"": 0.0, ""59"": 0.0, ""189"": 0.01, ""67"": 0.0, ""14"": 0.0, ""213"": 0.0, ""84"": 0.0, ""89"": 0.0, ""90"": 0.0, ""181"": 0.0, ""168"": 0.0, ""158"": 0.0, ""38"": 0.0, ""80"": 0.0, ""21"": 0.0, ""145"": 0.0, ""4"": 0.0, ""26"": 0.0, ""233"": 0.0, ""152"": 0.0, ""75"": 0.0, ""6"": 0.0, ""60"": 0.0, ""174"": 0.0, ""122"": 0.0, ""195"": 0.0, ""1"": 0.0, ""130"": 0.0, ""120"": 0.0, ""127"": 0.0, ""51"": 0.0, ""126"": 0.0, ""105"": 0.0, ""132"": 0.0, ""136"": 0.0, ""97"": 0.0, ""148"": 0.0, ""113"": 0.0, ""194"": 0.0, ""20"": 0.0, ""9"": 0.0, ""11"": 0.0, ""50"": 0.0, ""137"": 0.0, ""177"": 0.0, ""88"": 0.0, ""205"": 0.0, ""146"": 0.0, ""173"": 0.0, ""139"": 0.0, ""5"": 0.0, ""227"": 0.0, ""87"": 0.0, ""64"": 0.0, ""98"": 0.0, ""3"": 0.0, ""115"": 0.0, ""96"": 0.0}",jev-1.13.0,61338e33fb7967843580c6de5acad81148570c25e476050c577f1386d9fb0392
semantic-short:bge-boundaries:60-180:q70:v1:2271676346:000000692840-000000789320,189,semantic:bge:leaf-local-6-2:42:189,kihiline õhukaitse ja mehitamata võimed,1.0,1.0,"{""184"": 0.0, ""71"": 0.0, ""139"": 0.0, ""207"": 0.0, ""231"": 0.0, ""161"": 0.0, ""218"": 0.0, ""211"": 0.0, ""29"": 0.0, ""126"": 0.0, ""20"": 0.0, ""45"": 0.0, ""151"": 0.0, ""33"": 0.0, ""170"": 0.0, ""6"": 0.0, ""158"": 0.0, ""0"": 0.0, ""193"": 0.0, ""62"": 0.0, ""81"": 0.0, ""157"": 0.0, ""176"": 0.0, ""172"": 0.0, ""205"": 0.0, ""210"": 0.0, ""87"": 0.0, ""24"": 0.0, ""235"": 0.0, ""198"": 0.0, ""213"": 0.0, ""28"": 0.0, ""64"": 0.0, ""18"": 0.0, ""75"": 0.0, ""164"": 0.0, ""121"": 0.0, ""147"": 0.0, ""181"": 0.0, ""17"": 0.0, ""117"": 0.0, ""93"": 0.0, ""2"": 0.0, ""155"": 0.0, ""85"": 0.0, ""133"": 0.0, ""68"": 0.0, ""25"": 0.0, ""234"": 0.0, ""115"": 0.0, ""122"": 0.0, ""37"": 0.0, ""188"": 0.0, ""196"": 0.0, ""114"": 0.0, ""123"": 0.0, ""203"": 0.0, ""212"": 0.0, ""130"": 0.0, ""118"": 0.0, ""154"": 0.0, ""206"": 0.0, ""67"": 0.0, ""144"": 0.0, ""51"": 0.0, ""15"": 0.0, ""95"": 0.0, ""128"": 0.0, ""180"": 0.0, ""229"": 0.0, ""162"": 0.0, ""135"": 0.0, ""80"": 0.0, ""55"": 0.0, ""194"": 0.0, ""160"": 0.0, ""8"": 0.0, ""177"": 0.0, ""220"": 0.0, ""119"": 0.0, ""175"": 0.0, ""19"": 0.0, ""127"": 0.0, ""171"": 0.0, ""156"": 0.0, ""187"": 0.0, ""136"": 0.0, ""73"": 0.0, ""99"": 0.0, ""227"": 0.0, ""192"": 0.0, ""102"": 0.0, ""53"": 0.0, ""35"": 0.0, ""-1"": 0.0, ""65"": 0.0, ""13"": 0.0, ""226"": 0.0, ""104"": 0.0, ""14"": 0.0, ""174"": 0.0, ""132"": 0.0, ""167"": 0.0, ""141"": 0.0, ""56"": 0.0, ""215"": 0.0, ""26"": 0.0, ""195"": 0.0, ""16"": 0.0, ""101"": 0.0, ""233"": 0.0, ""183"": 0.0, ""12"": 0.0, ""116"": 0.0, ""165"": 0.0, ""138"": 0.0, ""230"": 0.0, ""216"": 0.0, ""50"": 0.0, ""204"": 0.0, ""36"": 0.0, ""109"": 0.0, ""82"": 0.0, ""52"": 0.0, ""159"": 0.0, ""88"": 0.0, ""228"": 0.0, ""72"": 0.0, ""137"": 0.0, ""54"": 0.0, ""10"": 0.0, ""61"": 0.0, ""1"": 0.0, ""111"": 0.0, ""11"": 0.0, ""96"": 0.0, ""225"": 0.0, ""30"": 0.0, ""89"": 0.0, ""125"": 0.0, ""178"": 0.0, ""47"": 0.0, ""163"": 0.0, ""185"": 0.0, ""7"": 0.0, ""145"": 0.0, ""201"": 0.0, ""182"": 0.0, ""69"": 0.0, ""49"": 0.0, ""23"": 0.0, ""92"": 0.0, ""5"": 0.0, ""150"": 0.0, ""3"": 0.0, ""90"": 0.0, ""108"": 0.0, ""140"": 0.0, ""32"": 0.0, ""129"": 0.0, ""202"": 0.0, ""38"": 0.0, ""191"": 0.0, ""44"": 0.0, ""59"": 0.0, ""208"": 0.0, ""83"": 0.0, ""224"": 0.0, ""39"": 0.0, ""27"": 0.0, ""112"": 0.0, ""77"": 0.0, ""58"": 0.0, ""9"": 0.0, ""186"": 0.0, ""60"": 0.0, ""217"": 0.0, ""134"": 0.0, ""152"": 0.0, ""131"": 0.0, ""97"": 0.0, ""84"": 0.0, ""189"": 1.0, ""22"": 0.0, ""146"": 0.0, ""48"": 0.0, ""98"": 0.0, ""142"": 0.0, ""173"": 0.0, ""219"": 0.0, ""46"": 0.0, ""166"": 0.0, ""105"": 0.0, ""57"": 0.0, ""168"": 0.0, ""148"": 0.0, ""113"": 0.0, ""124"": 0.0, ""100"": 0.0, ""153"": 0.0, ""190"": 0.0, ""70"": 0.0, ""221"": 0.0, ""120"": 0.0, ""94"": 0.0, ""31"": 0.0, ""63"": 0.0, ""42"": 0.0, ""4"": 0.0, ""41"": 0.0, ""110"": 0.0, ""103"": 0.0, ""91"": 0.0, ""169"": 0.0, ""232"": 0.0, ""78"": 0.0, ""223"": 0.0, ""222"": 0.0, ""79"": 0.0, ""74"": 0.0, ""209"": 0.0, ""66"": 0.0, ""107"": 0.0, ""179"": 0.0, ""143"": 0.0, ""86"": 0.0, ""43"": 0.0, ""214"": 0.0, ""199"": 0.0, ""106"": 0.0, ""197"": 0.0, ""149"": 0.0, ""200"": 0.0, ""40"": 0.0, ""34"": 0.0, ""21"": 0.0, ""76"": 0.0}",jev-1.13.0,7c2e7c31d45cbdfeb65ae98a3128a8eb686f0389ea188174b3a07693a4a47a40
semantic-short:bge-boundaries:60-180:q70:v1:2271676346:000000789320-000000889120,106,semantic:bge:leaf-local-6-2:42:106,Sooneutraalne ajateenistus ja reservi täitmine,0.46,0.45,"{""125"": 0.0, ""54"": 0.0, ""165"": 0.0, ""27"": 0.0, ""199"": 0.0, ""23"": 0.0, ""198"": 0.0, ""202"": 0.0, ""136"": 0.0, ""178"": 0.0, ""2"": 0.0, ""0"": 0.0, ""30"": 0.0, ""152"": 0.0, ""191"": 0.0, ""143"": 0.0, ""214"": 0.0, ""74"": 0.0, ""208"": 0.0, ""204"": 0.0, ""160"": 0.0, ""232"": 0.0, ""44"": 0.0, ""82"": 0.0, ""126"": 0.0, ""115"": 0.0, ""51"": 0.0, ""32"": 0.0, ""170"": 0.0, ""1"": 0.0, ""67"": 0.0, ""221"": 0.0, ""9"": 0.0, ""78"": 0.0, ""4"": 0.0, ""5"": 0.0, ""228"": 0.0, ""161"": 0.0, ""209"": 0.0, ""22"": 0.0, ""151"": 0.0, ""153"": 0.0, ""89"": 0.0, ""69"": 0.0, ""102"": 0.0, ""229"": 0.0, ""189"": 0.06999999999999999, ""61"": 0.0, ""123"": 0.0, ""53"": 0.0, ""171"": 0.0, ""50"": 0.0, ""218"": 0.0, ""17"": 0.0, ""175"": 0.0, ""77"": 0.0, ""195"": 0.0, ""21"": 0.0, ""206"": 0.0, ""40"": 0.0, ""116"": 0.0, ""215"": 0.0, ""11"": 0.0, ""163"": 0.0, ""48"": 0.0, ""72"": 0.0, ""231"": 0.0, ""24"": 0.0, ""205"": 0.0, ""117"": 0.0, ""184"": 0.0, ""225"": 0.0, ""190"": 0.0, ""15"": 0.0, ""234"": 0.0, ""164"": 0.0, ""168"": 0.0, ""92"": 0.0, ""211"": 0.0, ""38"": 0.0, ""121"": 0.0, ""177"": 0.0, ""224"": 0.0, ""112"": 0.0, ""34"": 0.0, ""100"": 0.21000000000000002, ""187"": 0.0, ""8"": 0.0, ""33"": 0.0, ""113"": 0.0, ""149"": 0.0, ""130"": 0.0, ""90"": 0.0, ""98"": 0.0, ""213"": 0.0, ""173"": 0.0, ""119"": 0.0, ""106"": 0.46, ""91"": 0.0, ""108"": 0.0, ""146"": 0.0, ""55"": 0.0, ""111"": 0.0, ""219"": 0.0, ""172"": 0.0, ""66"": 0.0, ""122"": 0.0, ""84"": 0.0, ""43"": 0.0, ""35"": 0.0, ""220"": 0.0, ""230"": 0.0, ""180"": 0.0, ""145"": 0.0, ""93"": 0.0, ""162"": 0.0, ""57"": 0.0, ""135"": 0.0, ""132"": 0.0, ""81"": 0.0, ""36"": 0.0, ""235"": 0.0, ""45"": 0.06999999999999999, ""71"": 0.0, ""25"": 0.0, ""182"": 0.0, ""203"": 0.0, ""103"": 0.0, ""109"": 0.0, ""158"": 0.0, ""207"": 0.0, ""166"": 0.0, ""131"": 0.0, ""148"": 0.0, ""60"": 0.0, ""99"": 0.0, ""217"": 0.0, ""47"": 0.0, ""124"": 0.0, ""156"": 0.0, ""46"": 0.0, ""87"": 0.0, ""7"": 0.0, ""233"": 0.0, ""169"": 0.0, ""134"": 0.0, ""14"": 0.0, ""197"": 0.0, ""196"": 0.0, ""201"": 0.0, ""3"": 0.0, ""176"": 0.0, ""73"": 0.0, ""79"": 0.0, ""97"": 0.0, ""85"": 0.0, ""155"": 0.0, ""154"": 0.0, ""18"": 0.0, ""142"": 0.0, ""52"": 0.0, ""179"": 0.0, ""39"": 0.0, ""194"": 0.0, ""200"": 0.0, ""70"": 0.0, ""20"": 0.0, ""186"": 0.0, ""114"": 0.0, ""49"": 0.0, ""65"": 0.0, ""105"": 0.0, ""63"": 0.0, ""13"": 0.0, ""216"": 0.0, ""128"": 0.0, ""192"": 0.0, ""95"": 0.0, ""129"": 0.0, ""101"": 0.0, ""10"": 0.0, ""193"": 0.0, ""210"": 0.0, ""227"": 0.0, ""137"": 0.0, ""59"": 0.0, ""86"": 0.0, ""212"": 0.0, ""96"": 0.0, ""222"": 0.0, ""56"": 0.0, ""159"": 0.0, ""174"": 0.0, ""41"": 0.0, ""31"": 0.0, ""181"": 0.0, ""133"": 0.0, ""147"": 0.0, ""-1"": 0.08, ""28"": 0.0, ""19"": 0.0, ""226"": 0.0, ""140"": 0.0, ""223"": 0.0, ""42"": 0.0, ""139"": 0.0, ""144"": 0.0, ""6"": 0.0, ""16"": 0.0, ""127"": 0.0, ""75"": 0.0, ""88"": 0.0, ""58"": 0.0, ""62"": 0.0, ""141"": 0.0, ""64"": 0.0, ""138"": 0.0, ""188"": 0.0, ""118"": 0.0, ""104"": 0.0, ""12"": 0.0, ""76"": 0.0, ""68"": 0.0, ""157"": 0.0, ""107"": 0.0, ""150"": 0.0, ""80"": 0.02, ""37"": 0.0, ""110"": 0.0, ""83"": 0.060000000000000005, ""183"": 0.0, ""185"": 0.0, ""120"": 0.0, ""94"": 0.0, ""26"": 0.0, ""29"": 0.02, ""167"": 0.0}",jev-1.13.0,74f2624b547de577ac98423e9a9c7b57561aa35b95e86cef1c7f5f3d5b1d091e
semantic-short:bge-boundaries:60-180:q70:v1:2271676346:000000889120-000000984360,106,semantic:bge:leaf-local-6-2:42:106,Sooneutraalne ajateenistus ja reservi täitmine,0.54,0.53,"{""171"": 0.0, ""89"": 0.0, ""61"": 0.0, ""114"": 0.0, ""210"": 0.0, ""224"": 0.0, ""107"": 0.0, ""162"": 0.0, ""187"": 0.0, ""65"": 0.0, ""28"": 0.0, ""77"": 0.0, ""79"": 0.0, ""104"": 0.0, ""91"": 0.0, ""72"": 0.0, ""-1"": 0.28, ""76"": 0.0, ""206"": 0.0, ""115"": 0.0, ""219"": 0.0, ""84"": 0.0, ""151"": 0.0, ""181"": 0.0, ""176"": 0.0, ""50"": 0.0, ""101"": 0.0, ""14"": 0.0, ""184"": 0.0, ""113"": 0.0, ""234"": 0.0, ""54"": 0.0, ""150"": 0.0, ""37"": 0.0, ""118"": 0.0, ""64"": 0.0, ""4"": 0.0, ""155"": 0.0, ""25"": 0.0, ""217"": 0.0, ""47"": 0.0, ""78"": 0.0, ""2"": 0.0, ""17"": 0.0, ""40"": 0.0, ""182"": 0.0, ""136"": 0.0, ""230"": 0.0, ""15"": 0.0, ""130"": 0.0, ""110"": 0.0, ""51"": 0.0, ""42"": 0.0, ""183"": 0.0, ""196"": 0.0, ""111"": 0.0, ""179"": 0.0, ""103"": 0.0, ""125"": 0.0, ""52"": 0.0, ""99"": 0.01, ""95"": 0.0, ""32"": 0.0, ""213"": 0.0, ""133"": 0.0, ""3"": 0.0, ""75"": 0.0, ""195"": 0.0, ""123"": 0.0, ""12"": 0.0, ""180"": 0.0, ""92"": 0.0, ""228"": 0.0, ""18"": 0.0, ""186"": 0.0, ""94"": 0.0, ""232"": 0.0, ""58"": 0.0, ""167"": 0.0, ""120"": 0.0, ""144"": 0.0, ""161"": 0.0, ""202"": 0.0, ""149"": 0.0, ""222"": 0.0, ""116"": 0.0, ""165"": 0.0, ""205"": 0.0, ""215"": 0.0, ""96"": 0.0, ""169"": 0.0, ""158"": 0.0, ""121"": 0.0, ""33"": 0.0, ""170"": 0.0, ""220"": 0.0, ""86"": 0.0, ""109"": 0.0, ""188"": 0.0, ""214"": 0.0, ""128"": 0.0, ""168"": 0.0, ""10"": 0.0, ""29"": 0.0, ""139"": 0.0, ""20"": 0.0, ""164"": 0.0, ""35"": 0.0, ""34"": 0.0, ""98"": 0.01, ""124"": 0.0, ""134"": 0.0, ""153"": 0.0, ""82"": 0.0, ""93"": 0.0, ""24"": 0.0, ""154"": 0.0, ""172"": 0.0, ""218"": 0.0, ""43"": 0.0, ""177"": 0.0, ""85"": 0.0, ""178"": 0.0, ""80"": 0.0, ""68"": 0.0, ""67"": 0.0, ""45"": 0.04, ""137"": 0.0, ""204"": 0.0, ""227"": 0.0, ""30"": 0.0, ""166"": 0.0, ""63"": 0.0, ""88"": 0.0, ""156"": 0.0, ""108"": 0.0, ""140"": 0.0, ""216"": 0.0, ""145"": 0.0, ""194"": 0.0, ""5"": 0.0, ""21"": 0.0, ""157"": 0.0, ""8"": 0.0, ""192"": 0.0, ""87"": 0.0, ""142"": 0.0, ""141"": 0.0, ""0"": 0.0, ""146"": 0.0, ""26"": 0.0, ""60"": 0.0, ""7"": 0.0, ""126"": 0.0, ""81"": 0.0, ""209"": 0.0, ""57"": 0.0, ""13"": 0.0, ""38"": 0.0, ""233"": 0.0, ""226"": 0.0, ""159"": 0.0, ""147"": 0.0, ""152"": 0.0, ""173"": 0.0, ""174"": 0.0, ""112"": 0.0, ""66"": 0.0, ""6"": 0.0, ""201"": 0.0, ""90"": 0.0, ""223"": 0.0, ""175"": 0.0, ""73"": 0.0, ""221"": 0.0, ""46"": 0.0, ""44"": 0.0, ""49"": 0.0, ""163"": 0.0, ""23"": 0.0, ""1"": 0.0, ""62"": 0.0, ""36"": 0.0, ""100"": 0.08, ""48"": 0.0, ""71"": 0.0, ""197"": 0.0, ""122"": 0.0, ""160"": 0.0, ""97"": 0.0, ""41"": 0.0, ""39"": 0.0, ""135"": 0.0, ""83"": 0.03, ""193"": 0.0, ""119"": 0.0, ""212"": 0.0, ""19"": 0.0, ""138"": 0.0, ""191"": 0.0, ""199"": 0.0, ""27"": 0.0, ""9"": 0.0, ""203"": 0.0, ""31"": 0.0, ""74"": 0.0, ""143"": 0.0, ""106"": 0.54, ""117"": 0.0, ""102"": 0.0, ""131"": 0.0, ""200"": 0.0, ""207"": 0.0, ""69"": 0.0, ""55"": 0.0, ""198"": 0.0, ""185"": 0.0, ""235"": 0.0, ""208"": 0.0, ""70"": 0.0, ""225"": 0.0, ""56"": 0.0, ""59"": 0.0, ""190"": 0.0, ""132"": 0.0, ""229"": 0.0, ""22"": 0.0, ""231"": 0.0, ""129"": 0.0, ""148"": 0.0, ""11"": 0.0, ""16"": 0.0, ""105"": 0.0, ""127"": 0.0, ""189"": 0.0, ""211"": 0.0, ""53"": 0.0}",jev-1.13.0,673afaae78dfe3be08a658607d4a78f029ba79c4d0da4d0324d1b8a9fe121a26
semantic-short:bge-boundaries:60-180:q70:v1:2271676346:000000984360-000001090560,106,semantic:bge:leaf-local-6-2:42:106,Sooneutraalne ajateenistus ja reservi täitmine,0.59,0.58,"{""175"": 0.0, ""47"": 0.0, ""87"": 0.0, ""120"": 0.0, ""86"": 0.0, ""3"": 0.0, ""29"": 0.02, ""216"": 0.0, ""129"": 0.0, ""115"": 0.0, ""95"": 0.0, ""201"": 0.0, ""192"": 0.0, ""37"": 0.0, ""128"": 0.0, ""7"": 0.0, ""227"": 0.0, ""85"": 0.0, ""82"": 0.0, ""30"": 0.0, ""131"": 0.0, ""156"": 0.0, ""38"": 0.0, ""139"": 0.0, ""111"": 0.0, ""176"": 0.0, ""228"": 0.0, ""134"": 0.0, ""158"": 0.0, ""19"": 0.0, ""94"": 0.0, ""137"": 0.0, ""211"": 0.0, ""209"": 0.0, ""33"": 0.0, ""154"": 0.0, ""202"": 0.0, ""133"": 0.0, ""54"": 0.0, ""45"": 0.060000000000000005, ""69"": 0.0, ""112"": 0.0, ""166"": 0.0, ""215"": 0.0, ""138"": 0.0, ""161"": 0.0, ""41"": 0.0, ""232"": 0.0, ""123"": 0.0, ""143"": 0.0, ""48"": 0.0, ""11"": 0.0, ""55"": 0.0, ""106"": 0.59, ""186"": 0.0, ""196"": 0.0, ""225"": 0.0, ""219"": 0.0, ""148"": 0.0, ""83"": 0.02, ""8"": 0.0, ""99"": 0.01, ""113"": 0.0, ""204"": 0.0, ""146"": 0.0, ""108"": 0.0, ""24"": 0.0, ""230"": 0.0, ""93"": 0.0, ""31"": 0.0, ""200"": 0.0, ""210"": 0.0, ""109"": 0.0, ""107"": 0.0, ""58"": 0.0, ""98"": 0.0, ""145"": 0.0, ""149"": 0.0, ""159"": 0.0, ""59"": 0.0, ""75"": 0.0, ""46"": 0.0, ""218"": 0.0, ""65"": 0.0, ""114"": 0.0, ""62"": 0.0, ""208"": 0.0, ""235"": 0.0, ""214"": 0.0, ""79"": 0.0, ""84"": 0.0, ""16"": 0.0, ""152"": 0.0, ""125"": 0.0, ""27"": 0.0, ""165"": 0.0, ""35"": 0.0, ""64"": 0.0, ""57"": 0.0, ""14"": 0.0, ""150"": 0.0, ""66"": 0.0, ""185"": 0.0, ""21"": 0.0, ""15"": 0.0, ""117"": 0.0, ""127"": 0.0, ""157"": 0.0, ""103"": 0.0, ""180"": 0.0, ""71"": 0.0, ""197"": 0.0, ""4"": 0.0, ""144"": 0.0, ""17"": 0.0, ""78"": 0.0, ""198"": 0.0, ""184"": 0.0, ""233"": 0.0, ""74"": 0.0, ""140"": 0.0, ""92"": 0.0, ""49"": 0.0, ""190"": 0.0, ""72"": 0.0, ""34"": 0.0, ""121"": 0.0, ""28"": 0.0, ""52"": 0.0, ""171"": 0.0, ""160"": 0.0, ""0"": 0.0, ""151"": 0.0, ""70"": 0.0, ""207"": 0.0, ""183"": 0.0, ""50"": 0.0, ""199"": 0.0, ""13"": 0.0, ""179"": 0.0, ""-1"": 0.21000000000000002, ""60"": 0.0, ""56"": 0.0, ""178"": 0.0, ""39"": 0.0, ""217"": 0.0, ""42"": 0.0, ""63"": 0.0, ""136"": 0.0, ""43"": 0.0, ""126"": 0.0, ""67"": 0.0, ""155"": 0.0, ""169"": 0.0, ""81"": 0.0, ""163"": 0.0, ""193"": 0.0, ""102"": 0.0, ""51"": 0.0, ""97"": 0.0, ""73"": 0.0, ""226"": 0.0, ""164"": 0.0, ""177"": 0.0, ""170"": 0.0, ""135"": 0.0, ""124"": 0.0, ""12"": 0.0, ""40"": 0.0, ""172"": 0.0, ""6"": 0.0, ""223"": 0.0, ""100"": 0.060000000000000005, ""61"": 0.0, ""9"": 0.0, ""188"": 0.0, ""101"": 0.0, ""110"": 0.0, ""68"": 0.0, ""25"": 0.0, ""88"": 0.0, ""222"": 0.0, ""91"": 0.0, ""147"": 0.0, ""104"": 0.0, ""167"": 0.0, ""189"": 0.0, ""22"": 0.0, ""205"": 0.0, ""118"": 0.0, ""162"": 0.0, ""191"": 0.0, ""229"": 0.0, ""26"": 0.0, ""89"": 0.0, ""234"": 0.0, ""174"": 0.0, ""231"": 0.0, ""141"": 0.0, ""2"": 0.0, ""153"": 0.0, ""203"": 0.0, ""173"": 0.0, ""130"": 0.0, ""187"": 0.0, ""105"": 0.0, ""77"": 0.0, ""212"": 0.0, ""194"": 0.0, ""220"": 0.0, ""116"": 0.0, ""36"": 0.0, ""119"": 0.0, ""213"": 0.0, ""1"": 0.0, ""221"": 0.0, ""224"": 0.0, ""122"": 0.0, ""181"": 0.0, ""44"": 0.0, ""132"": 0.0, ""80"": 0.02, ""20"": 0.0, ""23"": 0.0, ""142"": 0.0, ""76"": 0.0, ""32"": 0.0, ""206"": 0.0, ""53"": 0.0, ""168"": 0.0, ""5"": 0.0, ""90"": 0.0, ""96"": 0.0, ""182"": 0.0, ""195"": 0.0, ""18"": 0.0, ""10"": 0.0}",jev-1.13.0,b68e7fe926603fd8ed91e5d18553f41b671b1671abf009fe47c1a2989ffc7194
semantic-short:bge-boundaries:60-180:q70:v1:2271676346:000001090560-000001189560,106,semantic:bge:leaf-local-6-2:42:106,Sooneutraalne ajateenistus ja reservi täitmine,0.56,0.55,"{""220"": 0.0, ""138"": 0.0, ""107"": 0.0, ""57"": 0.0, ""82"": 0.0, ""171"": 0.0, ""122"": 0.0, ""116"": 0.0, ""129"": 0.0, ""162"": 0.0, ""188"": 0.0, ""146"": 0.0, ""154"": 0.0, ""3"": 0.0, ""36"": 0.0, ""71"": 0.0, ""219"": 0.0, ""77"": 0.0, ""170"": 0.0, ""52"": 0.0, ""155"": 0.0, ""180"": 0.0, ""131"": 0.0, ""70"": 0.0, ""133"": 0.0, ""110"": 0.0, ""27"": 0.0, ""83"": 0.04, ""73"": 0.0, ""32"": 0.0, ""130"": 0.0, ""12"": 0.0, ""67"": 0.0, ""134"": 0.0, ""137"": 0.0, ""135"": 0.0, ""234"": 0.0, ""182"": 0.0, ""4"": 0.0, ""209"": 0.0, ""14"": 0.0, ""185"": 0.0, ""75"": 0.0, ""176"": 0.0, ""-1"": 0.2, ""51"": 0.0, ""39"": 0.0, ""186"": 0.0, ""225"": 0.0, ""207"": 0.0, ""210"": 0.0, ""87"": 0.0, ""8"": 0.0, ""23"": 0.0, ""151"": 0.0, ""215"": 0.0, ""99"": 0.0, ""192"": 0.0, ""193"": 0.0, ""84"": 0.0, ""235"": 0.0, ""25"": 0.0, ""227"": 0.0, ""5"": 0.0, ""111"": 0.0, ""90"": 0.0, ""204"": 0.0, ""88"": 0.0, ""167"": 0.0, ""156"": 0.0, ""34"": 0.0, ""164"": 0.0, ""231"": 0.0, ""94"": 0.0, ""97"": 0.0, ""228"": 0.0, ""233"": 0.0, ""89"": 0.0, ""74"": 0.0, ""38"": 0.0, ""22"": 0.0, ""213"": 0.0, ""91"": 0.0, ""184"": 0.0, ""150"": 0.0, ""59"": 0.0, ""41"": 0.0, ""169"": 0.0, ""93"": 0.0, ""15"": 0.0, ""139"": 0.0, ""222"": 0.0, ""53"": 0.0, ""68"": 0.0, ""197"": 0.0, ""102"": 0.0, ""183"": 0.0, ""48"": 0.0, ""60"": 0.0, ""26"": 0.0, ""199"": 0.0, ""153"": 0.0, ""44"": 0.0, ""92"": 0.0, ""163"": 0.0, ""119"": 0.0, ""221"": 0.0, ""2"": 0.0, ""1"": 0.0, ""108"": 0.0, ""189"": 0.09, ""30"": 0.0, ""40"": 0.0, ""115"": 0.0, ""230"": 0.0, ""63"": 0.0, ""96"": 0.0, ""178"": 0.0, ""100"": 0.05, ""177"": 0.0, ""202"": 0.0, ""28"": 0.0, ""124"": 0.0, ""229"": 0.0, ""181"": 0.0, ""157"": 0.0, ""120"": 0.0, ""37"": 0.0, ""65"": 0.0, ""104"": 0.0, ""17"": 0.0, ""101"": 0.0, ""127"": 0.0, ""13"": 0.0, ""118"": 0.0, ""10"": 0.0, ""148"": 0.0, ""29"": 0.0, ""201"": 0.0, ""20"": 0.0, ""72"": 0.0, ""64"": 0.0, ""11"": 0.0, ""173"": 0.0, ""81"": 0.0, ""98"": 0.0, ""218"": 0.0, ""190"": 0.0, ""126"": 0.0, ""147"": 0.0, ""69"": 0.0, ""152"": 0.0, ""174"": 0.0, ""224"": 0.0, ""172"": 0.0, ""160"": 0.0, ""205"": 0.0, ""217"": 0.0, ""42"": 0.0, ""198"": 0.0, ""49"": 0.0, ""45"": 0.04, ""149"": 0.0, ""158"": 0.0, ""109"": 0.0, ""212"": 0.0, ""86"": 0.0, ""214"": 0.0, ""203"": 0.0, ""211"": 0.0, ""95"": 0.0, ""33"": 0.0, ""132"": 0.0, ""117"": 0.0, ""50"": 0.0, ""165"": 0.0, ""141"": 0.0, ""175"": 0.0, ""78"": 0.0, ""21"": 0.0, ""136"": 0.0, ""31"": 0.0, ""66"": 0.0, ""196"": 0.0, ""7"": 0.0, ""105"": 0.0, ""128"": 0.0, ""35"": 0.0, ""206"": 0.0, ""9"": 0.0, ""143"": 0.0, ""54"": 0.0, ""55"": 0.0, ""47"": 0.0, ""6"": 0.0, ""195"": 0.0, ""114"": 0.0, ""106"": 0.56, ""80"": 0.01, ""232"": 0.0, ""125"": 0.0, ""223"": 0.0, ""166"": 0.0, ""62"": 0.0, ""216"": 0.0, ""142"": 0.0, ""103"": 0.0, ""43"": 0.0, ""140"": 0.0, ""0"": 0.0, ""112"": 0.0, ""56"": 0.0, ""191"": 0.0, ""16"": 0.0, ""79"": 0.0, ""145"": 0.0, ""46"": 0.0, ""187"": 0.0, ""113"": 0.0, ""226"": 0.0, ""24"": 0.0, ""85"": 0.0, ""123"": 0.0, ""18"": 0.0, ""200"": 0.0, ""76"": 0.0, ""58"": 0.0, ""159"": 0.0, ""19"": 0.0, ""61"": 0.0, ""194"": 0.0, ""179"": 0.0, ""208"": 0.0, ""161"": 0.0, ""168"": 0.0, ""121"": 0.0, ""144"": 0.0}",jev-1.13.0,1e324fd5295ba7426dc550b9225731babfde515e34ca9258d532779e3d379bd0
semantic-short:bge-boundaries:60-180:q70:v1:2271676346:000001189560-000001327920,106,semantic:bge:leaf-local-6-2:42:106,Sooneutraalne ajateenistus ja reservi täitmine,0.51,0.5,"{""64"": 0.0, ""63"": 0.0, ""104"": 0.0, ""175"": 0.0, ""22"": 0.0, ""231"": 0.0, ""4"": 0.0, ""26"": 0.0, ""85"": 0.0, ""36"": 0.0, ""147"": 0.0, ""173"": 0.0, ""185"": 0.0, ""23"": 0.0, ""203"": 0.0, ""92"": 0.0, ""94"": 0.0, ""212"": 0.0, ""86"": 0.0, ""159"": 0.0, ""189"": 0.0, ""65"": 0.0, ""53"": 0.0, ""168"": 0.0, ""113"": 0.0, ""166"": 0.0, ""119"": 0.0, ""68"": 0.0, ""135"": 0.0, ""41"": 0.0, ""100"": 0.04, ""108"": 0.0, ""144"": 0.0, ""198"": 0.0, ""54"": 0.0, ""127"": 0.0, ""163"": 0.0, ""172"": 0.0, ""121"": 0.0, ""109"": 0.0, ""45"": 0.05, ""136"": 0.0, ""190"": 0.0, ""178"": 0.0, ""151"": 0.0, ""52"": 0.0, ""225"": 0.0, ""165"": 0.0, ""47"": 0.0, ""148"": 0.0, ""42"": 0.0, ""34"": 0.0, ""182"": 0.0, ""131"": 0.0, ""125"": 0.0, ""143"": 0.0, ""90"": 0.0, ""75"": 0.0, ""24"": 0.0, ""230"": 0.0, ""102"": 0.0, ""171"": 0.0, ""60"": 0.0, ""124"": 0.0, ""177"": 0.0, ""2"": 0.0, ""58"": 0.0, ""67"": 0.0, ""134"": 0.0, ""110"": 0.0, ""161"": 0.0, ""140"": 0.0, ""154"": 0.0, ""28"": 0.0, ""39"": 0.0, ""207"": 0.0, ""194"": 0.0, ""186"": 0.0, ""218"": 0.0, ""228"": 0.0, ""133"": 0.0, ""195"": 0.0, ""56"": 0.0, ""155"": 0.0, ""83"": 0.24000000000000002, ""84"": 0.0, ""111"": 0.0, ""226"": 0.0, ""96"": 0.0, ""69"": 0.0, ""132"": 0.0, ""15"": 0.0, ""162"": 0.0, ""1"": 0.0, ""12"": 0.0, ""44"": 0.0, ""5"": 0.0, ""72"": 0.0, ""152"": 0.0, ""13"": 0.0, ""101"": 0.0, ""179"": 0.0, ""196"": 0.0, ""20"": 0.0, ""27"": 0.0, ""220"": 0.0, ""191"": 0.0, ""112"": 0.0, ""97"": 0.0, ""117"": 0.0, ""206"": 0.0, ""139"": 0.0, ""216"": 0.0, ""205"": 0.0, ""116"": 0.0, ""199"": 0.0, ""211"": 0.0, ""149"": 0.0, ""192"": 0.0, ""105"": 0.0, ""181"": 0.0, ""202"": 0.0, ""170"": 0.0, ""38"": 0.0, ""71"": 0.0, ""88"": 0.0, ""19"": 0.0, ""210"": 0.0, ""16"": 0.0, ""157"": 0.0, ""156"": 0.0, ""197"": 0.0, ""106"": 0.51, ""164"": 0.0, ""146"": 0.0, ""91"": 0.0, ""48"": 0.0, ""59"": 0.0, ""153"": 0.0, ""128"": 0.0, ""76"": 0.0, ""93"": 0.0, ""118"": 0.0, ""158"": 0.0, ""115"": 0.0, ""209"": 0.0, ""37"": 0.0, ""25"": 0.0, ""138"": 0.0, ""30"": 0.0, ""130"": 0.0, ""142"": 0.0, ""232"": 0.0, ""141"": 0.0, ""74"": 0.0, ""10"": 0.0, ""114"": 0.0, ""213"": 0.0, ""7"": 0.0, ""187"": 0.0, ""217"": 0.0, ""35"": 0.0, ""78"": 0.0, ""169"": 0.0, ""183"": 0.0, ""180"": 0.0, ""70"": 0.0, ""50"": 0.0, ""219"": 0.0, ""223"": 0.0, ""208"": 0.0, ""120"": 0.0, ""87"": 0.0, ""31"": 0.0, ""123"": 0.0, ""79"": 0.0, ""80"": 0.02, ""43"": 0.0, ""33"": 0.0, ""227"": 0.0, ""66"": 0.0, ""188"": 0.0, ""204"": 0.0, ""229"": 0.0, ""40"": 0.0, ""107"": 0.0, ""51"": 0.0, ""81"": 0.0, ""200"": 0.0, ""176"": 0.0, ""224"": 0.0, ""201"": 0.0, ""150"": 0.0, ""73"": 0.0, ""145"": 0.0, ""129"": 0.0, ""77"": 0.0, ""57"": 0.0, ""17"": 0.0, ""174"": 0.0, ""184"": 0.0, ""0"": 0.0, ""214"": 0.0, ""98"": 0.0, ""-1"": 0.13, ""46"": 0.0, ""122"": 0.0, ""62"": 0.0, ""103"": 0.0, ""235"": 0.0, ""193"": 0.0, ""99"": 0.0, ""89"": 0.0, ""11"": 0.0, ""82"": 0.0, ""18"": 0.0, ""9"": 0.0, ""21"": 0.0, ""29"": 0.0, ""215"": 0.0, ""6"": 0.0, ""61"": 0.0, ""95"": 0.0, ""222"": 0.0, ""55"": 0.0, ""8"": 0.0, ""137"": 0.0, ""14"": 0.0, ""167"": 0.0, ""160"": 0.0, ""32"": 0.0, ""233"": 0.0, ""3"": 0.0, ""49"": 0.0, ""126"": 0.0, ""234"": 0.0, ""221"": 0.0}",jev-1.13.0,a29565845e21eb095103a2f8c052f9e1610ffd383ca4e1e9d077c5e89fa8b1a1
semantic-short:bge-boundaries:60-180:q70:v1:2271676346:000001327920-000001398600,106,semantic:bge:leaf-local-6-2:42:106,Sooneutraalne ajateenistus ja reservi täitmine,0.68,0.67,"{""133"": 0.0, ""28"": 0.0, ""45"": 0.11, ""94"": 0.0, ""230"": 0.0, ""152"": 0.0, ""141"": 0.0, ""96"": 0.0, ""145"": 0.0, ""67"": 0.0, ""79"": 0.0, ""84"": 0.0, ""115"": 0.0, ""55"": 0.0, ""235"": 0.0, ""32"": 0.0, ""192"": 0.0, ""183"": 0.0, ""71"": 0.0, ""156"": 0.0, ""181"": 0.0, ""147"": 0.0, ""114"": 0.0, ""205"": 0.0, ""119"": 0.0, ""68"": 0.0, ""18"": 0.0, ""102"": 0.0, ""172"": 0.0, ""93"": 0.0, ""50"": 0.0, ""78"": 0.0, ""0"": 0.0, ""35"": 0.0, ""121"": 0.0, ""146"": 0.0, ""2"": 0.0, ""170"": 0.0, ""139"": 0.0, ""161"": 0.0, ""200"": 0.0, ""185"": 0.0, ""201"": 0.0, ""17"": 0.0, ""177"": 0.0, ""52"": 0.0, ""87"": 0.0, ""224"": 0.0, ""40"": 0.0, ""34"": 0.0, ""85"": 0.0, ""168"": 0.0, ""142"": 0.0, ""207"": 0.0, ""206"": 0.0, ""42"": 0.0, ""25"": 0.0, ""213"": 0.0, ""176"": 0.0, ""31"": 0.0, ""90"": 0.0, ""164"": 0.0, ""100"": 0.05, ""166"": 0.0, ""127"": 0.0, ""74"": 0.0, ""10"": 0.0, ""24"": 0.0, ""14"": 0.0, ""221"": 0.0, ""173"": 0.0, ""20"": 0.0, ""143"": 0.0, ""38"": 0.0, ""215"": 0.0, ""15"": 0.0, ""191"": 0.0, ""99"": 0.0, ""120"": 0.0, ""202"": 0.0, ""218"": 0.0, ""180"": 0.0, ""51"": 0.0, ""169"": 0.0, ""82"": 0.0, ""7"": 0.0, ""214"": 0.0, ""57"": 0.0, ""135"": 0.0, ""12"": 0.0, ""231"": 0.0, ""144"": 0.0, ""73"": 0.0, ""39"": 0.0, ""138"": 0.0, ""234"": 0.0, ""184"": 0.0, ""44"": 0.0, ""225"": 0.0, ""69"": 0.0, ""106"": 0.68, ""199"": 0.0, ""179"": 0.0, ""148"": 0.0, ""30"": 0.0, ""136"": 0.0, ""23"": 0.0, ""65"": 0.0, ""107"": 0.0, ""122"": 0.0, ""118"": 0.0, ""158"": 0.0, ""104"": 0.0, ""53"": 0.0, ""81"": 0.0, ""110"": 0.0, ""6"": 0.0, ""175"": 0.0, ""211"": 0.0, ""116"": 0.0, ""111"": 0.0, ""123"": 0.0, ""131"": 0.0, ""130"": 0.0, ""59"": 0.0, ""3"": 0.0, ""64"": 0.0, ""66"": 0.0, ""80"": 0.0, ""97"": 0.0, ""149"": 0.0, ""124"": 0.0, ""58"": 0.0, ""154"": 0.0, ""193"": 0.0, ""186"": 0.0, ""21"": 0.0, ""54"": 0.0, ""216"": 0.0, ""204"": 0.0, ""203"": 0.0, ""29"": 0.0, ""95"": 0.0, ""46"": 0.0, ""77"": 0.0, ""91"": 0.0, ""140"": 0.0, ""63"": 0.0, ""56"": 0.0, ""220"": 0.0, ""113"": 0.0, ""189"": 0.03, ""153"": 0.0, ""92"": 0.0, ""196"": 0.0, ""194"": 0.0, ""197"": 0.0, ""210"": 0.0, ""162"": 0.0, ""62"": 0.0, ""208"": 0.0, ""43"": 0.0, ""222"": 0.0, ""26"": 0.0, ""36"": 0.0, ""47"": 0.0, ""103"": 0.0, ""60"": 0.0, ""165"": 0.0, ""75"": 0.0, ""8"": 0.0, ""16"": 0.0, ""4"": 0.0, ""227"": 0.0, ""233"": 0.0, ""198"": 0.0, ""217"": 0.0, ""157"": 0.0, ""209"": 0.0, ""155"": 0.0, ""187"": 0.0, ""37"": 0.0, ""89"": 0.0, ""229"": 0.0, ""108"": 0.0, ""72"": 0.0, ""126"": 0.0, ""1"": 0.0, ""134"": 0.0, ""88"": 0.0, ""212"": 0.0, ""-1"": 0.05, ""174"": 0.0, ""129"": 0.0, ""132"": 0.0, ""13"": 0.0, ""160"": 0.0, ""112"": 0.0, ""41"": 0.0, ""167"": 0.0, ""195"": 0.0, ""70"": 0.0, ""105"": 0.0, ""190"": 0.06999999999999999, ""19"": 0.0, ""171"": 0.0, ""86"": 0.0, ""228"": 0.0, ""98"": 0.0, ""188"": 0.0, ""137"": 0.0, ""9"": 0.0, ""178"": 0.0, ""150"": 0.0, ""163"": 0.0, ""49"": 0.0, ""33"": 0.0, ""5"": 0.0, ""223"": 0.0, ""61"": 0.0, ""182"": 0.0, ""83"": 0.0, ""27"": 0.0, ""101"": 0.0, ""76"": 0.0, ""48"": 0.0, ""11"": 0.0, ""128"": 0.0, ""109"": 0.0, ""159"": 0.0, ""117"": 0.0, ""219"": 0.0, ""125"": 0.0, ""151"": 0.0, ""226"": 0.0, ""232"": 0.0, ""22"": 0.0}",jev-1.13.0,23681246361606da83ae679e5e186a3f3301bf3bc2dacaa009d7eba27b45c031
semantic-short:bge-boundaries:60-180:q70:v1:2271676346:000001398600-000001528520,45,semantic:bge:leaf-local-6-2:42:45,Lai riigikaitse kodune ja kogukondlik valmisolek,0.56,0.55,"{""114"": 0.0, ""113"": 0.0, ""213"": 0.0, ""191"": 0.0, ""81"": 0.0, ""49"": 0.0, ""24"": 0.0, ""139"": 0.0, ""5"": 0.0, ""132"": 0.0, ""227"": 0.0, ""87"": 0.0, ""145"": 0.0, ""209"": 0.0, ""98"": 0.0, ""103"": 0.0, ""3"": 0.0, ""212"": 0.0, ""164"": 0.0, ""138"": 0.0, ""194"": 0.0, ""44"": 0.0, ""231"": 0.0, ""11"": 0.0, ""165"": 0.0, ""104"": 0.0, ""177"": 0.0, ""82"": 0.0, ""67"": 0.0, ""217"": 0.0, ""226"": 0.0, ""142"": 0.0, ""134"": 0.0, ""218"": 0.0, ""74"": 0.0, ""161"": 0.0, ""65"": 0.0, ""129"": 0.0, ""176"": 0.0, ""18"": 0.0, ""190"": 0.0, ""70"": 0.0, ""153"": 0.0, ""101"": 0.0, ""204"": 0.0, ""122"": 0.0, ""216"": 0.0, ""53"": 0.0, ""162"": 0.0, ""21"": 0.0, ""93"": 0.0, ""42"": 0.0, ""36"": 0.0, ""224"": 0.0, ""75"": 0.0, ""229"": 0.0, ""149"": 0.0, ""32"": 0.0, ""97"": 0.0, ""84"": 0.0, ""35"": 0.0, ""73"": 0.0, ""158"": 0.0, ""159"": 0.0, ""96"": 0.0, ""41"": 0.0, ""225"": 0.0, ""124"": 0.0, ""0"": 0.0, ""88"": 0.0, ""207"": 0.0, ""173"": 0.0, ""230"": 0.0, ""80"": 0.0, ""141"": 0.0, ""182"": 0.0, ""16"": 0.0, ""128"": 0.02, ""137"": 0.0, ""232"": 0.0, ""116"": 0.0, ""48"": 0.0, ""205"": 0.0, ""193"": 0.0, ""76"": 0.0, ""144"": 0.0, ""22"": 0.0, ""223"": 0.0, ""117"": 0.0, ""30"": 0.0, ""40"": 0.0, ""39"": 0.0, ""187"": 0.0, ""140"": 0.0, ""119"": 0.0, ""34"": 0.0, ""146"": 0.0, ""147"": 0.0, ""163"": 0.0, ""143"": 0.0, ""77"": 0.0, ""188"": 0.0, ""133"": 0.0, ""72"": 0.0, ""198"": 0.0, ""109"": 0.0, ""61"": 0.0, ""59"": 0.0, ""51"": 0.0, ""102"": 0.0, ""156"": 0.0, ""192"": 0.0, ""10"": 0.0, ""186"": 0.0, ""154"": 0.0, ""123"": 0.0, ""4"": 0.0, ""8"": 0.0, ""69"": 0.0, ""1"": 0.0, ""201"": 0.0, ""152"": 0.0, ""108"": 0.0, ""86"": 0.0, ""174"": 0.0, ""171"": 0.0, ""126"": 0.0, ""94"": 0.0, ""111"": 0.0, ""23"": 0.0, ""148"": 0.0, ""233"": 0.0, ""110"": 0.0, ""195"": 0.0, ""64"": 0.0, ""172"": 0.0, ""185"": 0.0, ""202"": 0.0, ""211"": 0.0, ""55"": 0.0, ""115"": 0.0, ""120"": 0.0, ""79"": 0.0, ""58"": 0.0, ""181"": 0.0, ""62"": 0.0, ""20"": 0.0, ""27"": 0.0, ""168"": 0.0, ""43"": 0.0, ""71"": 0.0, ""199"": 0.0, ""234"": 0.0, ""50"": 0.0, ""9"": 0.0, ""222"": 0.0, ""155"": 0.0, ""179"": 0.0, ""15"": 0.0, ""60"": 0.0, ""63"": 0.0, ""78"": 0.0, ""12"": 0.0, ""25"": 0.0, ""219"": 0.0, ""68"": 0.0, ""221"": 0.0, ""19"": 0.0, ""178"": 0.0, ""151"": 0.0, ""206"": 0.0, ""31"": 0.0, ""45"": 0.56, ""92"": 0.0, ""105"": 0.0, ""89"": 0.0, ""14"": 0.0, ""112"": 0.0, ""106"": 0.29000000000000004, ""150"": 0.0, ""118"": 0.0, ""125"": 0.0, ""99"": 0.0, ""160"": 0.0, ""47"": 0.0, ""170"": 0.0, ""157"": 0.0, ""37"": 0.0, ""208"": 0.0, ""127"": 0.0, ""210"": 0.0, ""183"": 0.0, ""200"": 0.0, ""121"": 0.0, ""167"": 0.0, ""220"": 0.0, ""57"": 0.0, ""7"": 0.0, ""91"": 0.0, ""13"": 0.0, ""54"": 0.0, ""189"": 0.0, ""215"": 0.0, ""26"": 0.0, ""46"": 0.0, ""100"": 0.05, ""107"": 0.0, ""214"": 0.0, ""130"": 0.0, ""56"": 0.0, ""169"": 0.0, ""166"": 0.0, ""29"": 0.0, ""184"": 0.0, ""90"": 0.0, ""52"": 0.0, ""131"": 0.0, ""197"": 0.0, ""66"": 0.02, ""17"": 0.0, ""-1"": 0.05, ""85"": 0.0, ""95"": 0.0, ""235"": 0.0, ""83"": 0.0, ""180"": 0.0, ""33"": 0.0, ""38"": 0.0, ""28"": 0.0, ""136"": 0.0, ""135"": 0.0, ""203"": 0.0, ""228"": 0.0, ""175"": 0.0, ""6"": 0.0, ""2"": 0.0, ""196"": 0.0}",jev-1.13.0,62f86c6a7d99f2ed853d26875b0db2603018e8ff5a4c70bba5fcd6da574b1c15
semantic-short:bge-boundaries:60-180:q70:v1:2271676346:000001528520-000001598080,106,semantic:bge:leaf-local-6-2:42:106,Sooneutraalne ajateenistus ja reservi täitmine,0.35000000000000003,0.33,"{""221"": 0.0, ""82"": 0.0, ""91"": 0.0, ""141"": 0.0, ""167"": 0.0, ""104"": 0.0, ""70"": 0.0, ""75"": 0.0, ""36"": 0.0, ""186"": 0.0, ""122"": 0.0, ""22"": 0.0, ""151"": 0.0, ""37"": 0.0, ""216"": 0.0, ""46"": 0.0, ""162"": 0.0, ""86"": 0.0, ""214"": 0.0, ""125"": 0.0, ""129"": 0.0, ""173"": 0.0, ""52"": 0.0, ""42"": 0.0, ""135"": 0.0, ""164"": 0.0, ""69"": 0.0, ""235"": 0.0, ""6"": 0.0, ""76"": 0.0, ""32"": 0.0, ""98"": 0.0, ""179"": 0.0, ""137"": 0.0, ""78"": 0.0, ""189"": 0.01, ""202"": 0.0, ""170"": 0.0, ""116"": 0.0, ""68"": 0.02, ""212"": 0.0, ""123"": 0.0, ""223"": 0.0, ""183"": 0.0, ""66"": 0.0, ""215"": 0.0, ""-1"": 0.2, ""74"": 0.0, ""138"": 0.0, ""139"": 0.0, ""208"": 0.0, ""73"": 0.0, ""175"": 0.0, ""27"": 0.0, ""81"": 0.0, ""158"": 0.0, ""17"": 0.0, ""43"": 0.0, ""219"": 0.0, ""34"": 0.0, ""50"": 0.0, ""2"": 0.0, ""4"": 0.0, ""71"": 0.0, ""51"": 0.0, ""11"": 0.0, ""198"": 0.0, ""93"": 0.0, ""143"": 0.0, ""192"": 0.0, ""200"": 0.0, ""99"": 0.0, ""16"": 0.0, ""121"": 0.0, ""204"": 0.0, ""218"": 0.0, ""94"": 0.0, ""10"": 0.0, ""132"": 0.0, ""9"": 0.0, ""8"": 0.0, ""211"": 0.0, ""160"": 0.0, ""40"": 0.0, ""60"": 0.0, ""77"": 0.0, ""35"": 0.0, ""234"": 0.0, ""199"": 0.0, ""148"": 0.0, ""153"": 0.0, ""83"": 0.02, ""227"": 0.0, ""79"": 0.0, ""19"": 0.0, ""206"": 0.0, ""224"": 0.0, ""159"": 0.0, ""96"": 0.0, ""124"": 0.0, ""25"": 0.0, ""131"": 0.0, ""134"": 0.0, ""41"": 0.0, ""14"": 0.0, ""84"": 0.0, ""62"": 0.0, ""130"": 0.0, ""57"": 0.0, ""95"": 0.0, ""193"": 0.0, ""232"": 0.0, ""161"": 0.0, ""133"": 0.0, ""171"": 0.0, ""157"": 0.0, ""0"": 0.0, ""226"": 0.0, ""88"": 0.0, ""3"": 0.0, ""178"": 0.0, ""54"": 0.0, ""114"": 0.0, ""65"": 0.0, ""102"": 0.0, ""58"": 0.0, ""29"": 0.0, ""172"": 0.0, ""145"": 0.0, ""87"": 0.0, ""233"": 0.0, ""80"": 0.02, ""127"": 0.0, ""220"": 0.0, ""188"": 0.0, ""154"": 0.0, ""140"": 0.0, ""13"": 0.0, ""108"": 0.0, ""44"": 0.0, ""63"": 0.0, ""56"": 0.0, ""119"": 0.0, ""26"": 0.0, ""210"": 0.0, ""228"": 0.0, ""117"": 0.0, ""45"": 0.21000000000000002, ""97"": 0.0, ""174"": 0.0, ""103"": 0.0, ""110"": 0.0, ""176"": 0.0, ""12"": 0.0, ""195"": 0.0, ""136"": 0.0, ""142"": 0.0, ""149"": 0.0, ""39"": 0.0, ""209"": 0.0, ""150"": 0.0, ""28"": 0.0, ""5"": 0.0, ""229"": 0.0, ""112"": 0.0, ""120"": 0.0, ""126"": 0.0, ""89"": 0.0, ""21"": 0.0, ""113"": 0.0, ""180"": 0.0, ""31"": 0.0, ""156"": 0.0, ""181"": 0.0, ""18"": 0.0, ""15"": 0.0, ""72"": 0.0, ""115"": 0.0, ""105"": 0.0, ""194"": 0.0, ""155"": 0.0, ""196"": 0.0, ""61"": 0.0, ""152"": 0.0, ""213"": 0.0, ""191"": 0.0, ""24"": 0.0, ""203"": 0.0, ""106"": 0.35000000000000003, ""85"": 0.0, ""1"": 0.0, ""59"": 0.0, ""230"": 0.0, ""147"": 0.0, ""92"": 0.0, ""101"": 0.03, ""222"": 0.0, ""169"": 0.0, ""205"": 0.0, ""177"": 0.0, ""55"": 0.0, ""7"": 0.0, ""48"": 0.0, ""38"": 0.0, ""184"": 0.0, ""163"": 0.0, ""146"": 0.0, ""107"": 0.0, ""49"": 0.0, ""144"": 0.0, ""47"": 0.0, ""109"": 0.0, ""182"": 0.0, ""168"": 0.0, ""225"": 0.0, ""23"": 0.0, ""30"": 0.0, ""33"": 0.0, ""187"": 0.0, ""100"": 0.04, ""217"": 0.0, ""166"": 0.0, ""165"": 0.0, ""231"": 0.0, ""90"": 0.0, ""64"": 0.0, ""207"": 0.0, ""201"": 0.0, ""20"": 0.0, ""67"": 0.0, ""53"": 0.0, ""118"": 0.0, ""197"": 0.0, ""128"": 0.0, ""111"": 0.0, ""185"": 0.0, ""190"": 0.09}",jev-1.13.0,d778cf1a6d16a1989cc033ab9ba4d4cf441f441b5f0ef580be662b52050c874d
semantic-short:bge-boundaries:60-180:q70:v1:2271676346:000001598080-000001668120,106,semantic:bge:leaf-local-6-2:42:106,Sooneutraalne ajateenistus ja reservi täitmine,0.54,0.53,"{""125"": 0.0, ""54"": 0.0, ""165"": 0.0, ""27"": 0.0, ""199"": 0.0, ""23"": 0.0, ""198"": 0.0, ""202"": 0.0, ""136"": 0.0, ""178"": 0.0, ""2"": 0.0, ""0"": 0.0, ""30"": 0.0, ""143"": 0.0, ""191"": 0.0, ""152"": 0.0, ""214"": 0.0, ""74"": 0.0, ""208"": 0.0, ""204"": 0.0, ""160"": 0.0, ""232"": 0.0, ""44"": 0.0, ""82"": 0.0, ""126"": 0.0, ""115"": 0.0, ""51"": 0.0, ""170"": 0.0, ""32"": 0.0, ""67"": 0.0, ""1"": 0.0, ""221"": 0.0, ""9"": 0.0, ""78"": 0.0, ""4"": 0.0, ""5"": 0.0, ""228"": 0.0, ""161"": 0.0, ""209"": 0.0, ""151"": 0.0, ""22"": 0.0, ""153"": 0.0, ""89"": 0.0, ""69"": 0.0, ""102"": 0.0, ""229"": 0.0, ""189"": 0.03, ""61"": 0.0, ""123"": 0.0, ""53"": 0.0, ""171"": 0.0, ""50"": 0.0, ""218"": 0.0, ""17"": 0.0, ""175"": 0.0, ""77"": 0.0, ""195"": 0.0, ""215"": 0.0, ""206"": 0.0, ""205"": 0.0, ""40"": 0.0, ""116"": 0.0, ""48"": 0.0, ""163"": 0.0, ""11"": 0.0, ""72"": 0.0, ""231"": 0.0, ""24"": 0.0, ""21"": 0.0, ""117"": 0.0, ""184"": 0.0, ""225"": 0.0, ""190"": 0.0, ""15"": 0.0, ""234"": 0.0, ""164"": 0.0, ""211"": 0.0, ""92"": 0.0, ""168"": 0.0, ""38"": 0.0, ""121"": 0.0, ""177"": 0.0, ""224"": 0.0, ""112"": 0.0, ""33"": 0.0, ""187"": 0.0, ""100"": 0.05, ""8"": 0.0, ""34"": 0.0, ""113"": 0.0, ""130"": 0.0, ""149"": 0.0, ""90"": 0.0, ""98"": 0.0, ""213"": 0.0, ""173"": 0.0, ""119"": 0.0, ""106"": 0.54, ""91"": 0.0, ""108"": 0.0, ""146"": 0.0, ""55"": 0.0, ""111"": 0.0, ""219"": 0.0, ""172"": 0.0, ""66"": 0.0, ""84"": 0.0, ""122"": 0.0, ""43"": 0.0, ""35"": 0.0, ""220"": 0.0, ""230"": 0.0, ""180"": 0.0, ""145"": 0.0, ""93"": 0.0, ""162"": 0.0, ""57"": 0.0, ""135"": 0.0, ""132"": 0.0, ""81"": 0.0, ""36"": 0.0, ""235"": 0.0, ""45"": 0.060000000000000005, ""71"": 0.0, ""203"": 0.0, ""25"": 0.0, ""182"": 0.0, ""103"": 0.0, ""109"": 0.0, ""158"": 0.0, ""207"": 0.0, ""166"": 0.0, ""131"": 0.0, ""148"": 0.0, ""217"": 0.0, ""124"": 0.0, ""99"": 0.01, ""47"": 0.0, ""60"": 0.0, ""156"": 0.0, ""46"": 0.0, ""87"": 0.0, ""7"": 0.0, ""233"": 0.0, ""169"": 0.0, ""134"": 0.0, ""14"": 0.0, ""197"": 0.0, ""196"": 0.0, ""201"": 0.0, ""3"": 0.0, ""176"": 0.0, ""73"": 0.0, ""79"": 0.0, ""97"": 0.0, ""85"": 0.0, ""155"": 0.0, ""52"": 0.0, ""18"": 0.0, ""142"": 0.0, ""154"": 0.0, ""179"": 0.0, ""39"": 0.0, ""200"": 0.0, ""194"": 0.0, ""70"": 0.0, ""20"": 0.0, ""186"": 0.0, ""49"": 0.0, ""114"": 0.0, ""65"": 0.0, ""13"": 0.0, ""63"": 0.0, ""105"": 0.0, ""216"": 0.0, ""128"": 0.0, ""192"": 0.0, ""95"": 0.0, ""129"": 0.0, ""101"": 0.0, ""10"": 0.0, ""193"": 0.0, ""210"": 0.0, ""227"": 0.0, ""137"": 0.0, ""59"": 0.0, ""86"": 0.0, ""96"": 0.0, ""212"": 0.0, ""222"": 0.0, ""56"": 0.0, ""159"": 0.0, ""174"": 0.0, ""41"": 0.0, ""31"": 0.0, ""181"": 0.0, ""133"": 0.0, ""147"": 0.0, ""-1"": 0.27, ""28"": 0.0, ""19"": 0.0, ""226"": 0.0, ""140"": 0.0, ""223"": 0.0, ""42"": 0.0, ""139"": 0.0, ""144"": 0.0, ""6"": 0.0, ""127"": 0.0, ""16"": 0.0, ""75"": 0.0, ""88"": 0.0, ""58"": 0.0, ""62"": 0.0, ""141"": 0.0, ""64"": 0.0, ""138"": 0.0, ""188"": 0.0, ""118"": 0.0, ""104"": 0.0, ""12"": 0.0, ""68"": 0.0, ""76"": 0.0, ""157"": 0.0, ""107"": 0.0, ""150"": 0.0, ""80"": 0.0, ""37"": 0.0, ""183"": 0.0, ""83"": 0.03, ""110"": 0.0, ""185"": 0.0, ""120"": 0.0, ""94"": 0.0, ""26"": 0.0, ""167"": 0.0, ""29"": 0.0}",jev-1.13.0,95d2a9332d2dda1fa2bb8389f4a565cc06f28f2768216e896d680b2391657b74
semantic-short:bge-boundaries:60-180:q70:v1:2271676346:000001668120-000001767720,-1,semantic:bge:leaf-local-6-2:42:-1,Unassigned,0.38,0.36,"{""184"": 0.0, ""71"": 0.0, ""139"": 0.0, ""207"": 0.0, ""231"": 0.0, ""161"": 0.0, ""218"": 0.0, ""211"": 0.0, ""29"": 0.0, ""126"": 0.0, ""20"": 0.0, ""45"": 0.06999999999999999, ""151"": 0.0, ""33"": 0.0, ""170"": 0.0, ""6"": 0.0, ""158"": 0.0, ""193"": 0.0, ""0"": 0.0, ""62"": 0.0, ""81"": 0.0, ""157"": 0.02, ""176"": 0.0, ""172"": 0.02, ""205"": 0.0, ""210"": 0.0, ""87"": 0.0, ""24"": 0.0, ""235"": 0.0, ""28"": 0.0, ""213"": 0.0, ""198"": 0.0, ""64"": 0.0, ""18"": 0.0, ""75"": 0.0, ""164"": 0.0, ""121"": 0.0, ""147"": 0.0, ""181"": 0.0, ""117"": 0.0, ""17"": 0.0, ""93"": 0.0, ""155"": 0.0, ""2"": 0.0, ""85"": 0.02, ""133"": 0.0, ""68"": 0.0, ""25"": 0.0, ""234"": 0.0, ""122"": 0.0, ""115"": 0.0, ""37"": 0.0, ""188"": 0.0, ""196"": 0.0, ""114"": 0.0, ""123"": 0.0, ""154"": 0.0, ""212"": 0.0, ""130"": 0.0, ""135"": 0.0, ""118"": 0.0, ""206"": 0.0, ""67"": 0.0, ""144"": 0.0, ""51"": 0.0, ""15"": 0.0, ""128"": 0.0, ""95"": 0.01, ""180"": 0.03, ""229"": 0.0, ""162"": 0.0, ""203"": 0.0, ""80"": 0.0, ""55"": 0.0, ""194"": 0.0, ""160"": 0.0, ""8"": 0.0, ""177"": 0.0, ""220"": 0.0, ""119"": 0.0, ""175"": 0.0, ""19"": 0.0, ""127"": 0.0, ""156"": 0.0, ""171"": 0.0, ""73"": 0.0, ""136"": 0.0, ""187"": 0.0, ""99"": 0.01, ""192"": 0.0, ""227"": 0.0, ""102"": 0.0, ""53"": 0.0, ""35"": 0.0, ""14"": 0.0, ""65"": 0.0, ""13"": 0.0, ""226"": 0.0, ""-1"": 0.38, ""104"": 0.0, ""174"": 0.0, ""132"": 0.0, ""167"": 0.0, ""141"": 0.0, ""56"": 0.0, ""215"": 0.0, ""26"": 0.0, ""195"": 0.0, ""16"": 0.0, ""101"": 0.0, ""233"": 0.0, ""183"": 0.0, ""12"": 0.0, ""116"": 0.0, ""138"": 0.02, ""165"": 0.0, ""230"": 0.0, ""216"": 0.0, ""50"": 0.0, ""204"": 0.0, ""36"": 0.0, ""88"": 0.0, ""82"": 0.0, ""52"": 0.0, ""159"": 0.0, ""228"": 0.0, ""109"": 0.0, ""72"": 0.0, ""137"": 0.0, ""54"": 0.0, ""10"": 0.0, ""61"": 0.0, ""1"": 0.0, ""11"": 0.0, ""111"": 0.0, ""96"": 0.01, ""225"": 0.0, ""30"": 0.0, ""89"": 0.0, ""125"": 0.0, ""163"": 0.0, ""47"": 0.0, ""178"": 0.0, ""185"": 0.0, ""7"": 0.02, ""201"": 0.0, ""145"": 0.0, ""49"": 0.0, ""69"": 0.0, ""182"": 0.0, ""5"": 0.02, ""92"": 0.0, ""23"": 0.0, ""150"": 0.0, ""3"": 0.09999999999999999, ""90"": 0.0, ""108"": 0.0, ""140"": 0.0, ""32"": 0.0, ""129"": 0.0, ""202"": 0.0, ""38"": 0.0, ""191"": 0.0, ""44"": 0.0, ""83"": 0.0, ""208"": 0.0, ""59"": 0.0, ""224"": 0.0, ""39"": 0.0, ""27"": 0.0, ""112"": 0.0, ""77"": 0.0, ""58"": 0.0, ""9"": 0.0, ""186"": 0.0, ""60"": 0.0, ""217"": 0.0, ""134"": 0.0, ""152"": 0.0, ""131"": 0.0, ""97"": 0.01, ""84"": 0.0, ""189"": 0.0, ""22"": 0.0, ""146"": 0.0, ""48"": 0.0, ""98"": 0.01, ""142"": 0.0, ""173"": 0.0, ""219"": 0.0, ""46"": 0.0, ""166"": 0.0, ""105"": 0.0, ""57"": 0.0, ""168"": 0.0, ""148"": 0.0, ""113"": 0.0, ""124"": 0.0, ""100"": 0.03, ""190"": 0.02, ""153"": 0.0, ""70"": 0.0, ""221"": 0.0, ""120"": 0.0, ""94"": 0.0, ""31"": 0.0, ""63"": 0.0, ""42"": 0.0, ""110"": 0.0, ""41"": 0.0, ""4"": 0.03, ""79"": 0.0, ""91"": 0.0, ""169"": 0.0, ""232"": 0.0, ""78"": 0.0, ""223"": 0.0, ""103"": 0.0, ""222"": 0.0, ""74"": 0.0, ""209"": 0.0, ""66"": 0.0, ""107"": 0.0, ""179"": 0.0, ""143"": 0.0, ""86"": 0.0, ""43"": 0.0, ""214"": 0.0, ""199"": 0.0, ""106"": 0.17, ""197"": 0.0, ""149"": 0.0, ""200"": 0.0, ""40"": 0.0, ""34"": 0.0, ""21"": 0.0, ""76"": 0.0}",jev-1.13.0,ab0758d10fe0b4103846a434f6d4f1ac9fb26b4866bfe9f723cecbfa85743baa
semantic-short:bge-boundaries:60-180:q70:v1:2271676346:000001767720-000001833400,106,semantic:bge:leaf-local-6-2:42:106,Sooneutraalne ajateenistus ja reservi täitmine,0.56,0.55,"{""89"": 0.0, ""172"": 0.0, ""133"": 0.0, ""72"": 0.0, ""123"": 0.0, ""69"": 0.0, ""191"": 0.0, ""174"": 0.0, ""91"": 0.0, ""98"": 0.0, ""143"": 0.0, ""35"": 0.0, ""179"": 0.0, ""1"": 0.0, ""165"": 0.0, ""215"": 0.0, ""156"": 0.0, ""186"": 0.0, ""102"": 0.0, ""119"": 0.0, ""80"": 0.0, ""121"": 0.0, ""183"": 0.0, ""124"": 0.0, ""153"": 0.0, ""83"": 0.0, ""96"": 0.0, ""193"": 0.0, ""231"": 0.0, ""196"": 0.0, ""131"": 0.0, ""67"": 0.0, ""62"": 0.0, ""15"": 0.0, ""29"": 0.0, ""115"": 0.0, ""163"": 0.0, ""203"": 0.0, ""208"": 0.0, ""140"": 0.0, ""117"": 0.0, ""52"": 0.0, ""225"": 0.0, ""24"": 0.0, ""59"": 0.0, ""34"": 0.0, ""164"": 0.0, ""178"": 0.0, ""40"": 0.0, ""78"": 0.0, ""177"": 0.0, ""162"": 0.0, ""127"": 0.0, ""10"": 0.0, ""142"": 0.0, ""146"": 0.0, ""49"": 0.0, ""176"": 0.0, ""20"": 0.0, ""194"": 0.0, ""139"": 0.0, ""188"": 0.0, ""168"": 0.0, ""175"": 0.0, ""182"": 0.0, ""32"": 0.0, ""211"": 0.0, ""51"": 0.0, ""189"": 0.0, ""31"": 0.0, ""173"": 0.0, ""118"": 0.0, ""90"": 0.0, ""130"": 0.0, ""128"": 0.0, ""205"": 0.0, ""159"": 0.0, ""92"": 0.0, ""132"": 0.0, ""167"": 0.0, ""38"": 0.0, ""198"": 0.0, ""5"": 0.0, ""84"": 0.0, ""75"": 0.0, ""36"": 0.0, ""206"": 0.0, ""44"": 0.0, ""154"": 0.0, ""68"": 0.0, ""54"": 0.0, ""170"": 0.0, ""87"": 0.0, ""218"": 0.0, ""70"": 0.0, ""12"": 0.0, ""129"": 0.0, ""197"": 0.0, ""171"": 0.0, ""220"": 0.0, ""226"": 0.0, ""57"": 0.0, ""61"": 0.0, ""217"": 0.0, ""180"": 0.0, ""113"": 0.0, ""137"": 0.0, ""149"": 0.0, ""114"": 0.0, ""141"": 0.0, ""50"": 0.0, ""2"": 0.0, ""228"": 0.0, ""41"": 0.0, ""229"": 0.0, ""-1"": 0.31, ""107"": 0.0, ""65"": 0.0, ""76"": 0.0, ""214"": 0.0, ""7"": 0.03, ""28"": 0.0, ""26"": 0.0, ""106"": 0.56, ""190"": 0.0, ""85"": 0.0, ""101"": 0.0, ""169"": 0.0, ""56"": 0.0, ""147"": 0.0, ""17"": 0.0, ""213"": 0.0, ""19"": 0.0, ""232"": 0.0, ""181"": 0.0, ""151"": 0.0, ""116"": 0.0, ""219"": 0.0, ""202"": 0.0, ""166"": 0.0, ""97"": 0.0, ""126"": 0.0, ""37"": 0.0, ""103"": 0.0, ""48"": 0.0, ""27"": 0.0, ""144"": 0.0, ""53"": 0.0, ""158"": 0.0, ""18"": 0.0, ""77"": 0.0, ""120"": 0.0, ""161"": 0.0, ""46"": 0.0, ""221"": 0.0, ""60"": 0.0, ""222"": 0.0, ""234"": 0.0, ""199"": 0.0, ""99"": 0.01, ""212"": 0.0, ""148"": 0.0, ""39"": 0.0, ""138"": 0.0, ""82"": 0.0, ""93"": 0.0, ""47"": 0.0, ""64"": 0.0, ""201"": 0.0, ""187"": 0.0, ""136"": 0.0, ""9"": 0.0, ""105"": 0.0, ""111"": 0.0, ""192"": 0.0, ""230"": 0.0, ""21"": 0.0, ""95"": 0.0, ""195"": 0.0, ""209"": 0.0, ""22"": 0.0, ""23"": 0.0, ""235"": 0.0, ""125"": 0.0, ""233"": 0.0, ""8"": 0.0, ""155"": 0.0, ""4"": 0.0, ""157"": 0.0, ""135"": 0.0, ""108"": 0.0, ""55"": 0.0, ""184"": 0.0, ""63"": 0.0, ""42"": 0.0, ""3"": 0.0, ""207"": 0.0, ""25"": 0.0, ""152"": 0.0, ""185"": 0.0, ""94"": 0.0, ""110"": 0.0, ""150"": 0.0, ""88"": 0.0, ""81"": 0.0, ""160"": 0.0, ""6"": 0.0, ""16"": 0.0, ""74"": 0.0, ""43"": 0.0, ""71"": 0.0, ""122"": 0.0, ""227"": 0.0, ""112"": 0.0, ""14"": 0.0, ""73"": 0.0, ""109"": 0.0, ""100"": 0.060000000000000005, ""204"": 0.0, ""11"": 0.0, ""13"": 0.0, ""86"": 0.0, ""210"": 0.0, ""30"": 0.0, ""200"": 0.0, ""33"": 0.0, ""145"": 0.0, ""45"": 0.02, ""58"": 0.0, ""79"": 0.0, ""104"": 0.0, ""66"": 0.0, ""216"": 0.0, ""224"": 0.0, ""223"": 0.0, ""0"": 0.0, ""134"": 0.0}",jev-1.13.0,6e0b2284c7ae7eaa92fa438fa48e242677d1839549fbb5cc14c0b7d935f433c1
semantic-short:bge-boundaries:60-180:q70:v1:2271676346:000001833400-000001898480,106,semantic:bge:leaf-local-6-2:42:106,Sooneutraalne ajateenistus ja reservi täitmine,0.73,0.71,"{""175"": 0.0, ""47"": 0.0, ""87"": 0.0, ""3"": 0.0, ""86"": 0.0, ""120"": 0.0, ""29"": 0.0, ""216"": 0.0, ""129"": 0.0, ""115"": 0.0, ""95"": 0.0, ""201"": 0.0, ""192"": 0.0, ""37"": 0.0, ""128"": 0.0, ""7"": 0.0, ""227"": 0.0, ""85"": 0.0, ""82"": 0.0, ""30"": 0.0, ""38"": 0.0, ""139"": 0.0, ""111"": 0.0, ""131"": 0.0, ""156"": 0.0, ""176"": 0.0, ""228"": 0.0, ""134"": 0.0, ""94"": 0.0, ""19"": 0.0, ""158"": 0.0, ""137"": 0.0, ""211"": 0.0, ""33"": 0.0, ""209"": 0.0, ""154"": 0.0, ""202"": 0.0, ""54"": 0.0, ""133"": 0.0, ""45"": 0.03, ""69"": 0.0, ""112"": 0.0, ""166"": 0.0, ""215"": 0.0, ""138"": 0.0, ""161"": 0.0, ""41"": 0.0, ""232"": 0.0, ""123"": 0.0, ""143"": 0.0, ""106"": 0.73, ""11"": 0.0, ""55"": 0.0, ""48"": 0.0, ""186"": 0.0, ""196"": 0.0, ""225"": 0.0, ""219"": 0.0, ""148"": 0.0, ""83"": 0.0, ""8"": 0.0, ""99"": 0.01, ""113"": 0.0, ""204"": 0.0, ""146"": 0.0, ""108"": 0.0, ""24"": 0.0, ""230"": 0.0, ""93"": 0.0, ""31"": 0.0, ""200"": 0.0, ""210"": 0.0, ""109"": 0.0, ""107"": 0.0, ""58"": 0.0, ""159"": 0.0, ""149"": 0.0, ""145"": 0.0, ""98"": 0.0, ""59"": 0.0, ""75"": 0.0, ""46"": 0.0, ""218"": 0.0, ""65"": 0.0, ""114"": 0.0, ""84"": 0.0, ""208"": 0.0, ""16"": 0.0, ""214"": 0.0, ""79"": 0.0, ""152"": 0.0, ""62"": 0.0, ""235"": 0.0, ""125"": 0.0, ""27"": 0.0, ""165"": 0.0, ""35"": 0.0, ""64"": 0.0, ""57"": 0.0, ""150"": 0.0, ""14"": 0.0, ""66"": 0.0, ""185"": 0.0, ""21"": 0.0, ""15"": 0.0, ""157"": 0.0, ""127"": 0.0, ""117"": 0.0, ""103"": 0.0, ""180"": 0.0, ""71"": 0.0, ""197"": 0.0, ""4"": 0.0, ""144"": 0.0, ""49"": 0.0, ""78"": 0.0, ""72"": 0.0, ""198"": 0.0, ""233"": 0.02, ""74"": 0.0, ""140"": 0.0, ""92"": 0.0, ""17"": 0.0, ""190"": 0.0, ""184"": 0.0, ""34"": 0.0, ""121"": 0.0, ""28"": 0.0, ""52"": 0.0, ""171"": 0.0, ""160"": 0.0, ""0"": 0.0, ""151"": 0.0, ""70"": 0.0, ""207"": 0.0, ""183"": 0.0, ""50"": 0.0, ""199"": 0.0, ""13"": 0.0, ""179"": 0.0, ""-1"": 0.15000000000000002, ""56"": 0.0, ""60"": 0.0, ""178"": 0.0, ""39"": 0.0, ""217"": 0.0, ""42"": 0.0, ""63"": 0.0, ""136"": 0.0, ""43"": 0.0, ""126"": 0.0, ""67"": 0.0, ""155"": 0.0, ""169"": 0.0, ""81"": 0.0, ""163"": 0.0, ""193"": 0.0, ""102"": 0.0, ""51"": 0.0, ""97"": 0.0, ""73"": 0.0, ""226"": 0.0, ""164"": 0.0, ""177"": 0.0, ""170"": 0.0, ""124"": 0.0, ""135"": 0.0, ""40"": 0.0, ""12"": 0.0, ""172"": 0.0, ""6"": 0.0, ""223"": 0.0, ""100"": 0.060000000000000005, ""61"": 0.0, ""9"": 0.0, ""188"": 0.0, ""101"": 0.0, ""110"": 0.0, ""68"": 0.0, ""25"": 0.0, ""88"": 0.0, ""222"": 0.0, ""91"": 0.0, ""104"": 0.0, ""147"": 0.0, ""167"": 0.0, ""189"": 0.0, ""22"": 0.0, ""205"": 0.0, ""191"": 0.0, ""162"": 0.0, ""118"": 0.0, ""229"": 0.0, ""26"": 0.0, ""89"": 0.0, ""234"": 0.0, ""174"": 0.0, ""231"": 0.0, ""141"": 0.0, ""2"": 0.0, ""153"": 0.0, ""203"": 0.0, ""173"": 0.0, ""187"": 0.0, ""130"": 0.0, ""105"": 0.0, ""77"": 0.0, ""212"": 0.0, ""119"": 0.0, ""213"": 0.0, ""116"": 0.0, ""36"": 0.0, ""194"": 0.0, ""220"": 0.0, ""1"": 0.0, ""221"": 0.0, ""224"": 0.0, ""122"": 0.0, ""181"": 0.0, ""20"": 0.0, ""80"": 0.0, ""132"": 0.0, ""44"": 0.0, ""23"": 0.0, ""142"": 0.0, ""76"": 0.0, ""32"": 0.0, ""206"": 0.0, ""53"": 0.0, ""168"": 0.0, ""5"": 0.0, ""90"": 0.0, ""96"": 0.0, ""182"": 0.0, ""195"": 0.0, ""18"": 0.0, ""10"": 0.0}",jev-1.13.0,c55f3ffa3038374a6fe207c7b5f6ee8fe874a01b67c66295435a484eabd517a0
semantic-short:bge-boundaries:60-180:q70:v1:2271676346:000001898480-000001997560,-1,semantic:bge:leaf-local-6-2:42:-1,Unassigned,0.38,0.36,"{""221"": 0.0, ""82"": 0.0, ""167"": 0.0, ""104"": 0.0, ""91"": 0.0, ""141"": 0.0, ""70"": 0.0, ""75"": 0.0, ""36"": 0.0, ""186"": 0.0, ""122"": 0.02, ""22"": 0.0, ""151"": 0.0, ""37"": 0.0, ""216"": 0.0, ""46"": 0.0, ""162"": 0.0, ""86"": 0.0, ""214"": 0.0, ""125"": 0.0, ""129"": 0.0, ""173"": 0.0, ""52"": 0.0, ""42"": 0.0, ""135"": 0.0, ""164"": 0.0, ""69"": 0.0, ""235"": 0.0, ""6"": 0.0, ""76"": 0.0, ""32"": 0.0, ""137"": 0.0, ""179"": 0.0, ""98"": 0.01, ""78"": 0.0, ""189"": 0.03, ""202"": 0.0, ""123"": 0.0, ""116"": 0.0, ""68"": 0.0, ""212"": 0.0, ""170"": 0.0, ""223"": 0.0, ""183"": 0.0, ""66"": 0.0, ""215"": 0.0, ""-1"": 0.38, ""74"": 0.0, ""138"": 0.0, ""139"": 0.0, ""158"": 0.0, ""73"": 0.0, ""175"": 0.0, ""27"": 0.0, ""81"": 0.0, ""208"": 0.0, ""219"": 0.0, ""43"": 0.0, ""17"": 0.0, ""34"": 0.0, ""50"": 0.0, ""2"": 0.0, ""4"": 0.0, ""71"": 0.0, ""51"": 0.0, ""11"": 0.0, ""198"": 0.0, ""93"": 0.0, ""143"": 0.0, ""192"": 0.0, ""200"": 0.0, ""99"": 0.01, ""16"": 0.0, ""121"": 0.0, ""204"": 0.0, ""218"": 0.0, ""132"": 0.0, ""10"": 0.0, ""94"": 0.0, ""9"": 0.0, ""8"": 0.0, ""211"": 0.0, ""160"": 0.0, ""40"": 0.0, ""60"": 0.0, ""77"": 0.0, ""35"": 0.0, ""234"": 0.0, ""199"": 0.0, ""148"": 0.0, ""153"": 0.0, ""83"": 0.06999999999999999, ""227"": 0.0, ""79"": 0.0, ""19"": 0.0, ""206"": 0.0, ""224"": 0.0, ""159"": 0.0, ""96"": 0.0, ""124"": 0.0, ""25"": 0.0, ""131"": 0.0, ""134"": 0.0, ""41"": 0.0, ""14"": 0.0, ""84"": 0.0, ""62"": 0.0, ""130"": 0.0, ""57"": 0.0, ""232"": 0.0, ""193"": 0.0, ""95"": 0.0, ""161"": 0.0, ""133"": 0.0, ""171"": 0.0, ""157"": 0.0, ""226"": 0.0, ""0"": 0.0, ""88"": 0.0, ""3"": 0.0, ""178"": 0.0, ""54"": 0.0, ""114"": 0.0, ""65"": 0.0, ""102"": 0.0, ""58"": 0.0, ""29"": 0.02, ""172"": 0.0, ""145"": 0.0, ""87"": 0.0, ""233"": 0.0, ""80"": 0.02, ""127"": 0.0, ""220"": 0.0, ""188"": 0.0, ""154"": 0.0, ""140"": 0.0, ""13"": 0.0, ""108"": 0.0, ""44"": 0.0, ""63"": 0.0, ""56"": 0.0, ""119"": 0.0, ""26"": 0.0, ""210"": 0.0, ""228"": 0.0, ""117"": 0.0, ""45"": 0.12, ""97"": 0.0, ""174"": 0.0, ""103"": 0.0, ""110"": 0.0, ""176"": 0.0, ""12"": 0.0, ""195"": 0.0, ""136"": 0.0, ""142"": 0.0, ""150"": 0.0, ""39"": 0.0, ""209"": 0.0, ""149"": 0.0, ""28"": 0.02, ""229"": 0.0, ""126"": 0.0, ""112"": 0.0, ""120"": 0.0, ""113"": 0.0, ""89"": 0.0, ""21"": 0.0, ""5"": 0.0, ""181"": 0.0, ""180"": 0.0, ""156"": 0.0, ""31"": 0.0, ""18"": 0.0, ""15"": 0.0, ""72"": 0.0, ""105"": 0.0, ""115"": 0.0, ""194"": 0.0, ""155"": 0.0, ""152"": 0.0, ""61"": 0.0, ""191"": 0.0, ""213"": 0.0, ""196"": 0.0, ""24"": 0.0, ""203"": 0.0, ""106"": 0.23, ""85"": 0.0, ""1"": 0.0, ""59"": 0.0, ""230"": 0.0, ""101"": 0.0, ""92"": 0.0, ""147"": 0.0, ""222"": 0.0, ""169"": 0.0, ""205"": 0.0, ""177"": 0.0, ""7"": 0.0, ""55"": 0.0, ""48"": 0.0, ""38"": 0.0, ""184"": 0.0, ""163"": 0.0, ""146"": 0.0, ""49"": 0.0, ""47"": 0.0, ""144"": 0.0, ""107"": 0.0, ""109"": 0.0, ""168"": 0.0, ""182"": 0.0, ""225"": 0.0, ""23"": 0.0, ""30"": 0.0, ""33"": 0.0, ""187"": 0.0, ""100"": 0.06999999999999999, ""217"": 0.0, ""166"": 0.0, ""165"": 0.0, ""231"": 0.0, ""90"": 0.0, ""207"": 0.0, ""64"": 0.0, ""201"": 0.0, ""20"": 0.0, ""67"": 0.0, ""53"": 0.0, ""118"": 0.0, ""197"": 0.0, ""111"": 0.0, ""128"": 0.0, ""185"": 0.0, ""190"": 0.0}",jev-1.13.0,23ddbac639ea693f44abb89ab6c555195aca131878c39f6c943240dd74a50887
semantic-short:bge-boundaries:60-180:q70:v1:2271676346:000001997560-000002094080,106,semantic:bge:leaf-local-6-2:42:106,Sooneutraalne ajateenistus ja reservi täitmine,0.61,0.6,"{""125"": 0.0, ""54"": 0.0, ""165"": 0.0, ""27"": 0.0, ""199"": 0.0, ""23"": 0.0, ""198"": 0.0, ""202"": 0.0, ""136"": 0.0, ""178"": 0.0, ""2"": 0.0, ""0"": 0.0, ""30"": 0.0, ""143"": 0.0, ""191"": 0.0, ""152"": 0.0, ""214"": 0.0, ""74"": 0.0, ""208"": 0.0, ""204"": 0.0, ""160"": 0.0, ""232"": 0.0, ""126"": 0.0, ""82"": 0.0, ""44"": 0.0, ""115"": 0.0, ""51"": 0.0, ""170"": 0.0, ""32"": 0.0, ""1"": 0.0, ""67"": 0.0, ""221"": 0.0, ""9"": 0.0, ""4"": 0.0, ""78"": 0.0, ""5"": 0.0, ""228"": 0.0, ""161"": 0.0, ""209"": 0.0, ""151"": 0.0, ""22"": 0.0, ""153"": 0.0, ""89"": 0.0, ""69"": 0.0, ""102"": 0.0, ""229"": 0.0, ""189"": 0.0, ""61"": 0.0, ""123"": 0.0, ""53"": 0.0, ""171"": 0.0, ""50"": 0.0, ""218"": 0.0, ""17"": 0.0, ""175"": 0.0, ""77"": 0.0, ""195"": 0.0, ""21"": 0.0, ""116"": 0.0, ""40"": 0.0, ""205"": 0.0, ""206"": 0.0, ""48"": 0.0, ""163"": 0.0, ""215"": 0.0, ""72"": 0.0, ""231"": 0.0, ""24"": 0.0, ""11"": 0.0, ""117"": 0.0, ""184"": 0.0, ""225"": 0.0, ""190"": 0.0, ""15"": 0.0, ""234"": 0.0, ""164"": 0.0, ""211"": 0.0, ""92"": 0.0, ""38"": 0.0, ""168"": 0.0, ""121"": 0.0, ""177"": 0.0, ""224"": 0.0, ""34"": 0.0, ""112"": 0.0, ""187"": 0.0, ""100"": 0.18000000000000002, ""8"": 0.0, ""33"": 0.0, ""113"": 0.0, ""130"": 0.0, ""149"": 0.0, ""90"": 0.0, ""98"": 0.0, ""213"": 0.0, ""173"": 0.0, ""119"": 0.0, ""106"": 0.61, ""91"": 0.0, ""108"": 0.0, ""55"": 0.0, ""146"": 0.0, ""111"": 0.0, ""219"": 0.0, ""172"": 0.0, ""66"": 0.0, ""122"": 0.0, ""84"": 0.0, ""43"": 0.0, ""35"": 0.0, ""230"": 0.0, ""220"": 0.0, ""180"": 0.0, ""145"": 0.0, ""93"": 0.0, ""162"": 0.0, ""57"": 0.0, ""135"": 0.0, ""132"": 0.0, ""81"": 0.0, ""36"": 0.0, ""182"": 0.0, ""45"": 0.03, ""235"": 0.0, ""25"": 0.0, ""71"": 0.0, ""203"": 0.0, ""103"": 0.0, ""109"": 0.0, ""158"": 0.0, ""207"": 0.0, ""166"": 0.0, ""131"": 0.0, ""217"": 0.0, ""60"": 0.0, ""124"": 0.0, ""148"": 0.0, ""47"": 0.0, ""99"": 0.0, ""156"": 0.0, ""46"": 0.0, ""87"": 0.0, ""7"": 0.0, ""233"": 0.0, ""134"": 0.0, ""169"": 0.0, ""197"": 0.0, ""14"": 0.0, ""196"": 0.0, ""201"": 0.0, ""3"": 0.0, ""176"": 0.0, ""73"": 0.0, ""79"": 0.0, ""97"": 0.0, ""85"": 0.0, ""155"": 0.0, ""52"": 0.0, ""18"": 0.0, ""142"": 0.0, ""154"": 0.0, ""179"": 0.0, ""39"": 0.0, ""194"": 0.0, ""200"": 0.0, ""70"": 0.0, ""20"": 0.0, ""186"": 0.0, ""49"": 0.0, ""114"": 0.0, ""65"": 0.0, ""13"": 0.0, ""63"": 0.0, ""105"": 0.0, ""216"": 0.0, ""128"": 0.0, ""192"": 0.0, ""95"": 0.0, ""129"": 0.0, ""101"": 0.0, ""10"": 0.0, ""193"": 0.0, ""210"": 0.0, ""227"": 0.0, ""137"": 0.0, ""59"": 0.0, ""86"": 0.0, ""96"": 0.0, ""212"": 0.0, ""222"": 0.0, ""56"": 0.0, ""159"": 0.0, ""174"": 0.0, ""41"": 0.0, ""31"": 0.0, ""181"": 0.0, ""133"": 0.0, ""28"": 0.0, ""-1"": 0.14, ""147"": 0.0, ""19"": 0.0, ""226"": 0.0, ""140"": 0.0, ""223"": 0.0, ""42"": 0.0, ""139"": 0.0, ""144"": 0.0, ""6"": 0.0, ""16"": 0.0, ""127"": 0.0, ""75"": 0.0, ""88"": 0.0, ""58"": 0.0, ""62"": 0.0, ""141"": 0.0, ""138"": 0.02, ""64"": 0.0, ""188"": 0.0, ""118"": 0.0, ""104"": 0.0, ""12"": 0.0, ""68"": 0.0, ""76"": 0.0, ""157"": 0.0, ""107"": 0.0, ""150"": 0.0, ""80"": 0.0, ""37"": 0.0, ""183"": 0.0, ""83"": 0.02, ""110"": 0.0, ""185"": 0.0, ""120"": 0.0, ""94"": 0.0, ""26"": 0.0, ""29"": 0.0, ""167"": 0.0}",jev-1.13.0,cc1ae194d6c71e2cbbf3b03feedaeaae95619f238b875221e5ee3a2a3d205222
semantic-short:bge-boundaries:60-180:q70:v1:2271676346:000002094080-000002193560,-1,semantic:bge:leaf-local-6-2:42:-1,Unassigned,0.33,0.32,"{""151"": 0.0, ""189"": 0.01, ""177"": 0.0, ""37"": 0.0, ""148"": 0.0, ""196"": 0.0, ""217"": 0.0, ""42"": 0.0, ""87"": 0.0, ""74"": 0.0, ""39"": 0.0, ""149"": 0.01, ""120"": 0.0, ""0"": 0.0, ""166"": 0.0, ""160"": 0.0, ""145"": 0.0, ""195"": 0.0, ""227"": 0.0, ""67"": 0.0, ""78"": 0.0, ""111"": 0.0, ""88"": 0.0, ""193"": 0.0, ""207"": 0.0, ""92"": 0.0, ""14"": 0.0, ""222"": 0.0, ""114"": 0.0, ""194"": 0.0, ""57"": 0.0, ""51"": 0.0, ""84"": 0.0, ""119"": 0.0, ""6"": 0.0, ""117"": 0.0, ""26"": 0.0, ""30"": 0.0, ""215"": 0.0, ""-1"": 0.33, ""27"": 0.0, ""83"": 0.060000000000000005, ""179"": 0.0, ""210"": 0.0, ""176"": 0.0, ""101"": 0.0, ""109"": 0.0, ""31"": 0.0, ""169"": 0.0, ""234"": 0.0, ""186"": 0.0, ""230"": 0.0, ""116"": 0.0, ""29"": 0.02, ""3"": 0.0, ""28"": 0.0, ""125"": 0.0, ""59"": 0.0, ""140"": 0.0, ""219"": 0.0, ""126"": 0.0, ""127"": 0.0, ""9"": 0.0, ""40"": 0.0, ""136"": 0.0, ""7"": 0.0, ""89"": 0.0, ""64"": 0.0, ""12"": 0.0, ""105"": 0.0, ""94"": 0.0, ""99"": 0.0, ""146"": 0.0, ""221"": 0.0, ""5"": 0.0, ""1"": 0.0, ""79"": 0.0, ""102"": 0.0, ""225"": 0.0, ""8"": 0.0, ""49"": 0.0, ""164"": 0.0, ""86"": 0.0, ""108"": 0.0, ""224"": 0.0, ""34"": 0.0, ""85"": 0.0, ""152"": 0.0, ""107"": 0.0, ""167"": 0.0, ""63"": 0.0, ""200"": 0.0, ""48"": 0.0, ""75"": 0.0, ""95"": 0.0, ""56"": 0.0, ""204"": 0.0, ""129"": 0.0, ""10"": 0.0, ""68"": 0.0, ""216"": 0.0, ""15"": 0.0, ""44"": 0.0, ""183"": 0.0, ""171"": 0.0, ""135"": 0.0, ""223"": 0.0, ""163"": 0.0, ""159"": 0.0, ""21"": 0.0, ""208"": 0.0, ""35"": 0.0, ""235"": 0.0, ""203"": 0.0, ""73"": 0.0, ""55"": 0.0, ""70"": 0.0, ""69"": 0.0, ""76"": 0.0, ""161"": 0.0, ""17"": 0.0, ""229"": 0.0, ""184"": 0.0, ""206"": 0.0, ""154"": 0.0, ""77"": 0.0, ""52"": 0.0, ""91"": 0.0, ""138"": 0.03, ""60"": 0.0, ""20"": 0.0, ""24"": 0.0, ""232"": 0.0, ""110"": 0.0, ""180"": 0.0, ""113"": 0.0, ""71"": 0.0, ""16"": 0.0, ""36"": 0.0, ""181"": 0.0, ""172"": 0.0, ""81"": 0.0, ""173"": 0.0, ""188"": 0.0, ""139"": 0.0, ""96"": 0.0, ""157"": 0.0, ""2"": 0.0, ""11"": 0.0, ""62"": 0.0, ""122"": 0.0, ""153"": 0.0, ""45"": 0.26, ""182"": 0.0, ""112"": 0.0, ""66"": 0.0, ""170"": 0.0, ""46"": 0.0, ""174"": 0.0, ""97"": 0.0, ""53"": 0.0, ""141"": 0.0, ""50"": 0.0, ""131"": 0.0, ""185"": 0.0, ""132"": 0.0, ""165"": 0.0, ""128"": 0.0, ""168"": 0.0, ""218"": 0.0, ""90"": 0.0, ""214"": 0.0, ""231"": 0.0, ""209"": 0.0, ""4"": 0.0, ""106"": 0.14, ""142"": 0.0, ""13"": 0.0, ""147"": 0.0, ""103"": 0.0, ""143"": 0.0, ""213"": 0.0, ""156"": 0.0, ""80"": 0.09, ""190"": 0.0, ""191"": 0.0, ""82"": 0.0, ""228"": 0.0, ""233"": 0.0, ""199"": 0.0, ""212"": 0.0, ""175"": 0.0, ""123"": 0.0, ""150"": 0.0, ""192"": 0.0, ""93"": 0.0, ""65"": 0.0, ""104"": 0.0, ""41"": 0.0, ""155"": 0.0, ""130"": 0.0, ""54"": 0.0, ""19"": 0.0, ""133"": 0.0, ""198"": 0.0, ""118"": 0.0, ""202"": 0.0, ""137"": 0.0, ""121"": 0.0, ""22"": 0.0, ""23"": 0.0, ""47"": 0.0, ""144"": 0.0, ""100"": 0.04, ""226"": 0.0, ""187"": 0.0, ""115"": 0.0, ""25"": 0.0, ""72"": 0.0, ""98"": 0.0, ""32"": 0.0, ""158"": 0.0, ""197"": 0.0, ""43"": 0.0, ""58"": 0.0, ""38"": 0.0, ""61"": 0.0, ""178"": 0.0, ""18"": 0.0, ""205"": 0.0, ""33"": 0.0, ""201"": 0.0, ""220"": 0.0, ""124"": 0.0, ""162"": 0.0, ""211"": 0.0, ""134"": 0.0}",jev-1.13.0,94c711eb51df35470777ce62dfb89211b99d4362d2edefdc9ce80054e4def24d
semantic-short:bge-boundaries:60-180:q70:v1:2271676346:000002193560-000002302120,106,semantic:bge:leaf-local-6-2:42:106,Sooneutraalne ajateenistus ja reservi täitmine,0.74,0.73,"{""132"": 0.0, ""96"": 0.0, ""195"": 0.0, ""59"": 0.0, ""65"": 0.0, ""52"": 0.0, ""121"": 0.0, ""4"": 0.0, ""209"": 0.0, ""189"": 0.0, ""147"": 0.0, ""1"": 0.0, ""131"": 0.0, ""51"": 0.0, ""45"": 0.02, ""102"": 0.0, ""42"": 0.0, ""207"": 0.0, ""75"": 0.0, ""138"": 0.0, ""39"": 0.0, ""151"": 0.0, ""192"": 0.0, ""176"": 0.0, ""41"": 0.0, ""19"": 0.0, ""56"": 0.0, ""2"": 0.0, ""92"": 0.0, ""101"": 0.0, ""159"": 0.0, ""91"": 0.0, ""61"": 0.0, ""141"": 0.0, ""228"": 0.0, ""24"": 0.0, ""165"": 0.0, ""50"": 0.0, ""22"": 0.0, ""37"": 0.0, ""216"": 0.0, ""217"": 0.0, ""34"": 0.0, ""197"": 0.0, ""201"": 0.0, ""230"": 0.0, ""222"": 0.0, ""232"": 0.0, ""231"": 0.0, ""97"": 0.0, ""158"": 0.0, ""32"": 0.0, ""29"": 0.0, ""149"": 0.0, ""210"": 0.0, ""157"": 0.0, ""40"": 0.0, ""105"": 0.0, ""113"": 0.0, ""215"": 0.0, ""190"": 0.0, ""49"": 0.0, ""182"": 0.0, ""162"": 0.0, ""143"": 0.0, ""155"": 0.0, ""94"": 0.0, ""153"": 0.0, ""66"": 0.02, ""194"": 0.0, ""8"": 0.0, ""115"": 0.0, ""206"": 0.0, ""35"": 0.0, ""7"": 0.0, ""145"": 0.0, ""140"": 0.0, ""199"": 0.0, ""25"": 0.0, ""170"": 0.0, ""234"": 0.0, ""225"": 0.0, ""173"": 0.0, ""110"": 0.0, ""191"": 0.0, ""193"": 0.0, ""186"": 0.0, ""67"": 0.0, ""202"": 0.0, ""196"": 0.0, ""109"": 0.0, ""70"": 0.0, ""38"": 0.0, ""183"": 0.0, ""126"": 0.0, ""122"": 0.0, ""181"": 0.0, ""48"": 0.0, ""163"": 0.0, ""184"": 0.0, ""135"": 0.0, ""12"": 0.0, ""72"": 0.0, ""74"": 0.0, ""90"": 0.0, ""169"": 0.0, ""55"": 0.0, ""83"": 0.0, ""120"": 0.0, ""187"": 0.0, ""137"": 0.0, ""77"": 0.0, ""198"": 0.0, ""203"": 0.0, ""33"": 0.0, ""117"": 0.0, ""223"": 0.0, ""130"": 0.0, ""82"": 0.0, ""204"": 0.0, ""57"": 0.0, ""-1"": 0.15000000000000002, ""124"": 0.0, ""21"": 0.0, ""86"": 0.0, ""171"": 0.0, ""5"": 0.0, ""185"": 0.0, ""26"": 0.0, ""123"": 0.0, ""79"": 0.0, ""118"": 0.0, ""188"": 0.0, ""58"": 0.0, ""62"": 0.0, ""81"": 0.0, ""14"": 0.0, ""76"": 0.0, ""218"": 0.0, ""156"": 0.0, ""211"": 0.0, ""87"": 0.0, ""235"": 0.0, ""36"": 0.0, ""233"": 0.0, ""128"": 0.0, ""178"": 0.0, ""85"": 0.0, ""16"": 0.0, ""107"": 0.0, ""0"": 0.0, ""108"": 0.0, ""69"": 0.0, ""47"": 0.0, ""177"": 0.0, ""64"": 0.0, ""104"": 0.0, ""119"": 0.0, ""208"": 0.0, ""99"": 0.01, ""224"": 0.0, ""106"": 0.74, ""152"": 0.0, ""112"": 0.0, ""220"": 0.0, ""17"": 0.0, ""168"": 0.0, ""114"": 0.0, ""60"": 0.0, ""213"": 0.0, ""116"": 0.0, ""9"": 0.0, ""179"": 0.0, ""78"": 0.0, ""31"": 0.0, ""95"": 0.0, ""71"": 0.0, ""227"": 0.0, ""3"": 0.0, ""23"": 0.0, ""200"": 0.0, ""13"": 0.0, ""98"": 0.0, ""226"": 0.0, ""133"": 0.0, ""164"": 0.0, ""229"": 0.0, ""63"": 0.0, ""11"": 0.0, ""139"": 0.0, ""125"": 0.0, ""129"": 0.0, ""142"": 0.0, ""43"": 0.0, ""27"": 0.0, ""175"": 0.0, ""136"": 0.0, ""167"": 0.0, ""20"": 0.0, ""84"": 0.0, ""93"": 0.0, ""219"": 0.0, ""172"": 0.0, ""212"": 0.0, ""100"": 0.060000000000000005, ""46"": 0.0, ""28"": 0.0, ""166"": 0.0, ""88"": 0.0, ""30"": 0.0, ""144"": 0.0, ""148"": 0.0, ""103"": 0.0, ""127"": 0.0, ""80"": 0.0, ""180"": 0.0, ""53"": 0.0, ""6"": 0.0, ""73"": 0.0, ""146"": 0.0, ""160"": 0.0, ""44"": 0.0, ""150"": 0.0, ""10"": 0.0, ""89"": 0.0, ""68"": 0.0, ""214"": 0.0, ""221"": 0.0, ""18"": 0.0, ""15"": 0.0, ""134"": 0.0, ""154"": 0.0, ""174"": 0.0, ""111"": 0.0, ""205"": 0.0, ""54"": 0.0, ""161"": 0.0}",jev-1.13.0,02cae7b1c768d784314df109dcbe1083c45faaaa259157331401c5ef73c06df0
semantic-short:bge-boundaries:60-180:q70:v1:2271676346:000002302120-000002472840,106,semantic:bge:leaf-local-6-2:42:106,Sooneutraalne ajateenistus ja reservi täitmine,0.65,0.64,"{""96"": 0.0, ""205"": 0.0, ""130"": 0.0, ""109"": 0.0, ""6"": 0.0, ""108"": 0.0, ""72"": 0.0, ""226"": 0.0, ""47"": 0.0, ""90"": 0.0, ""111"": 0.0, ""74"": 0.0, ""188"": 0.0, ""190"": 0.02, ""138"": 0.0, ""107"": 0.0, ""168"": 0.0, ""173"": 0.0, ""176"": 0.0, ""36"": 0.0, ""22"": 0.0, ""7"": 0.0, ""196"": 0.0, ""171"": 0.0, ""157"": 0.0, ""31"": 0.0, ""101"": 0.0, ""99"": 0.0, ""221"": 0.0, ""42"": 0.0, ""18"": 0.0, ""191"": 0.0, ""120"": 0.0, ""89"": 0.0, ""86"": 0.0, ""198"": 0.0, ""147"": 0.0, ""209"": 0.0, ""4"": 0.0, ""140"": 0.0, ""219"": 0.0, ""87"": 0.0, ""231"": 0.0, ""155"": 0.0, ""218"": 0.0, ""37"": 0.0, ""60"": 0.0, ""159"": 0.0, ""110"": 0.0, ""1"": 0.0, ""119"": 0.0, ""100"": 0.05, ""116"": 0.0, ""164"": 0.0, ""13"": 0.0, ""234"": 0.0, ""94"": 0.0, ""186"": 0.0, ""51"": 0.0, ""167"": 0.0, ""192"": 0.0, ""30"": 0.0, ""200"": 0.0, ""178"": 0.0, ""136"": 0.0, ""91"": 0.0, ""29"": 0.0, ""54"": 0.0, ""58"": 0.0, ""224"": 0.0, ""84"": 0.0, ""103"": 0.0, ""163"": 0.0, ""81"": 0.0, ""210"": 0.0, ""21"": 0.0, ""137"": 0.0, ""67"": 0.0, ""139"": 0.0, ""134"": 0.0, ""102"": 0.0, ""154"": 0.0, ""9"": 0.0, ""204"": 0.0, ""95"": 0.0, ""24"": 0.0, ""66"": 0.0, ""82"": 0.0, ""148"": 0.0, ""32"": 0.0, ""232"": 0.0, ""79"": 0.0, ""17"": 0.0, ""-1"": 0.05, ""235"": 0.0, ""85"": 0.0, ""214"": 0.0, ""202"": 0.0, ""88"": 0.0, ""77"": 0.0, ""129"": 0.0, ""169"": 0.0, ""43"": 0.0, ""165"": 0.0, ""233"": 0.0, ""5"": 0.0, ""182"": 0.0, ""8"": 0.0, ""93"": 0.0, ""223"": 0.0, ""121"": 0.0, ""28"": 0.0, ""141"": 0.0, ""39"": 0.0, ""61"": 0.0, ""212"": 0.0, ""225"": 0.0, ""215"": 0.0, ""143"": 0.0, ""230"": 0.0, ""68"": 0.0, ""53"": 0.0, ""62"": 0.0, ""124"": 0.0, ""170"": 0.0, ""48"": 0.0, ""73"": 0.0, ""203"": 0.0, ""76"": 0.0, ""195"": 0.0, ""35"": 0.0, ""10"": 0.0, ""222"": 0.0, ""19"": 0.0, ""83"": 0.0, ""11"": 0.0, ""26"": 0.0, ""156"": 0.0, ""44"": 0.0, ""38"": 0.0, ""193"": 0.0, ""25"": 0.0, ""208"": 0.0, ""220"": 0.0, ""34"": 0.0, ""98"": 0.0, ""2"": 0.0, ""105"": 0.0, ""160"": 0.0, ""55"": 0.0, ""104"": 0.0, ""52"": 0.0, ""123"": 0.0, ""78"": 0.0, ""59"": 0.0, ""69"": 0.0, ""199"": 0.0, ""166"": 0.0, ""153"": 0.0, ""49"": 0.0, ""126"": 0.0, ""64"": 0.0, ""145"": 0.0, ""142"": 0.0, ""106"": 0.65, ""175"": 0.0, ""194"": 0.0, ""180"": 0.0, ""184"": 0.0, ""75"": 0.0, ""201"": 0.0, ""161"": 0.0, ""197"": 0.0, ""114"": 0.0, ""152"": 0.0, ""117"": 0.0, ""151"": 0.0, ""206"": 0.0, ""115"": 0.0, ""33"": 0.0, ""149"": 0.0, ""125"": 0.0, ""70"": 0.0, ""131"": 0.0, ""158"": 0.0, ""50"": 0.0, ""187"": 0.0, ""185"": 0.0, ""213"": 0.0, ""128"": 0.0, ""118"": 0.0, ""172"": 0.0, ""227"": 0.0, ""181"": 0.0, ""122"": 0.0, ""228"": 0.0, ""92"": 0.0, ""3"": 0.0, ""57"": 0.0, ""146"": 0.0, ""211"": 0.0, ""63"": 0.0, ""179"": 0.0, ""135"": 0.0, ""65"": 0.0, ""46"": 0.0, ""217"": 0.0, ""20"": 0.0, ""71"": 0.0, ""132"": 0.0, ""0"": 0.0, ""133"": 0.0, ""112"": 0.0, ""80"": 0.0, ""97"": 0.0, ""45"": 0.02, ""15"": 0.0, ""150"": 0.0, ""127"": 0.0, ""113"": 0.0, ""14"": 0.0, ""41"": 0.0, ""174"": 0.0, ""16"": 0.0, ""144"": 0.0, ""189"": 0.0, ""207"": 0.0, ""216"": 0.0, ""229"": 0.2, ""183"": 0.0, ""56"": 0.0, ""40"": 0.0, ""162"": 0.0, ""177"": 0.0, ""27"": 0.0, ""12"": 0.0, ""23"": 0.0}",jev-1.13.0,8fd87f8f788587893e0b4e469721302aef5a57421abd40736133d0b0389452c2
semantic-short:bge-boundaries:60-180:q70:v1:2271676346:000002472840-000002538680,106,semantic:bge:leaf-local-6-2:42:106,Sooneutraalne ajateenistus ja reservi täitmine,0.42,0.41,"{""22"": 0.0, ""12"": 0.0, ""136"": 0.0, ""53"": 0.0, ""48"": 0.02, ""9"": 0.0, ""172"": 0.0, ""44"": 0.0, ""70"": 0.0, ""219"": 0.0, ""192"": 0.0, ""63"": 0.0, ""7"": 0.0, ""96"": 0.01, ""126"": 0.0, ""16"": 0.0, ""177"": 0.0, ""137"": 0.0, ""83"": 0.03, ""182"": 0.0, ""227"": 0.0, ""211"": 0.0, ""132"": 0.0, ""159"": 0.0, ""181"": 0.0, ""102"": 0.0, ""45"": 0.05, ""79"": 0.0, ""121"": 0.0, ""28"": 0.0, ""78"": 0.0, ""119"": 0.0, ""2"": 0.0, ""140"": 0.0, ""88"": 0.0, ""212"": 0.0, ""141"": 0.0, ""125"": 0.0, ""47"": 0.0, ""57"": 0.0, ""149"": 0.0, ""184"": 0.0, ""153"": 0.0, ""154"": 0.0, ""20"": 0.0, ""148"": 0.0, ""146"": 0.0, ""206"": 0.0, ""0"": 0.0, ""208"": 0.0, ""221"": 0.0, ""204"": 0.0, ""145"": 0.0, ""128"": 0.0, ""94"": 0.0, ""67"": 0.0, ""222"": 0.0, ""122"": 0.0, ""183"": 0.0, ""139"": 0.0, ""218"": 0.0, ""61"": 0.0, ""151"": 0.0, ""129"": 0.0, ""40"": 0.0, ""205"": 0.0, ""65"": 0.0, ""131"": 0.0, ""1"": 0.0, ""15"": 0.0, ""133"": 0.0, ""50"": 0.0, ""112"": 0.0, ""197"": 0.0, ""117"": 0.0, ""59"": 0.0, ""71"": 0.0, ""210"": 0.0, ""163"": 0.0, ""194"": 0.0, ""180"": 0.0, ""82"": 0.08, ""201"": 0.0, ""51"": 0.0, ""60"": 0.0, ""155"": 0.0, ""11"": 0.0, ""55"": 0.0, ""36"": 0.0, ""169"": 0.0, ""73"": 0.0, ""8"": 0.0, ""110"": 0.0, ""214"": 0.0, ""49"": 0.0, ""18"": 0.0, ""226"": 0.0, ""224"": 0.0, ""52"": 0.0, ""34"": 0.0, ""33"": 0.0, ""216"": 0.0, ""111"": 0.0, ""174"": 0.0, ""199"": 0.0, ""17"": 0.0, ""37"": 0.0, ""200"": 0.0, ""32"": 0.0, ""77"": 0.0, ""95"": 0.0, ""202"": 0.02, ""75"": 0.0, ""171"": 0.0, ""173"": 0.0, ""21"": 0.0, ""193"": 0.0, ""168"": 0.0, ""90"": 0.0, ""31"": 0.0, ""118"": 0.0, ""195"": 0.0, ""39"": 0.0, ""165"": 0.0, ""3"": 0.0, ""19"": 0.0, ""144"": 0.0, ""38"": 0.0, ""189"": 0.0, ""41"": 0.0, ""225"": 0.0, ""123"": 0.0, ""158"": 0.0, ""176"": 0.0, ""81"": 0.0, ""35"": 0.0, ""178"": 0.0, ""207"": 0.0, ""113"": 0.0, ""167"": 0.0, ""142"": 0.0, ""234"": 0.0, ""166"": 0.0, ""162"": 0.0, ""30"": 0.0, ""160"": 0.0, ""130"": 0.0, ""230"": 0.0, ""54"": 0.0, ""56"": 0.0, ""80"": 0.0, ""93"": 0.0, ""14"": 0.0, ""120"": 0.0, ""164"": 0.0, ""127"": 0.0, ""233"": 0.0, ""46"": 0.0, ""185"": 0.0, ""213"": 0.0, ""170"": 0.0, ""203"": 0.0, ""85"": 0.0, ""217"": 0.0, ""150"": 0.0, ""228"": 0.0, ""190"": 0.0, ""98"": 0.01, ""108"": 0.0, ""135"": 0.0, ""74"": 0.0, ""215"": 0.0, ""27"": 0.0, ""42"": 0.0, ""10"": 0.0, ""87"": 0.0, ""223"": 0.0, ""101"": 0.0, ""62"": 0.0, ""26"": 0.0, ""198"": 0.0, ""138"": 0.0, ""116"": 0.0, ""124"": 0.0, ""231"": 0.0, ""143"": 0.0, ""106"": 0.42, ""66"": 0.02, ""188"": 0.0, ""69"": 0.0, ""114"": 0.0, ""100"": 0.05, ""235"": 0.0, ""97"": 0.01, ""187"": 0.0, ""103"": 0.0, ""4"": 0.0, ""84"": 0.0, ""109"": 0.0, ""104"": 0.0, ""89"": 0.0, ""147"": 0.0, ""175"": 0.0, ""105"": 0.0, ""196"": 0.0, ""220"": 0.0, ""161"": 0.0, ""191"": 0.0, ""152"": 0.0, ""-1"": 0.22, ""5"": 0.0, ""6"": 0.0, ""186"": 0.0, ""13"": 0.0, ""232"": 0.0, ""23"": 0.02, ""99"": 0.01, ""58"": 0.0, ""29"": 0.0, ""72"": 0.0, ""92"": 0.0, ""24"": 0.0, ""64"": 0.0, ""229"": 0.0, ""25"": 0.0, ""209"": 0.0, ""76"": 0.0, ""86"": 0.0, ""68"": 0.03, ""134"": 0.0, ""179"": 0.0, ""157"": 0.0, ""91"": 0.0, ""156"": 0.0, ""115"": 0.0, ""43"": 0.0, ""107"": 0.0}",jev-1.13.0,d7da2791c193b95dc6d006932671234c9971c7526dacb17cc9a633d5122ec4d4
semantic-short:bge-boundaries:60-180:q70:v1:2271676346:000002538680-000002639440,-1,semantic:bge:leaf-local-6-2:42:-1,Unassigned,0.39,0.38,"{""73"": 0.0, ""226"": 0.0, ""228"": 0.0, ""180"": 0.0, ""229"": 0.0, ""16"": 0.0, ""143"": 0.0, ""159"": 0.0, ""100"": 0.03, ""149"": 0.0, ""164"": 0.0, ""183"": 0.0, ""194"": 0.0, ""210"": 0.0, ""1"": 0.0, ""157"": 0.0, ""34"": 0.0, ""114"": 0.0, ""213"": 0.0, ""132"": 0.0, ""90"": 0.0, ""193"": 0.0, ""101"": 0.0, ""224"": 0.0, ""58"": 0.0, ""155"": 0.0, ""154"": 0.0, ""129"": 0.0, ""86"": 0.0, ""175"": 0.0, ""188"": 0.0, ""215"": 0.0, ""95"": 0.0, ""220"": 0.0, ""49"": 0.0, ""47"": 0.0, ""116"": 0.0, ""22"": 0.0, ""177"": 0.0, ""82"": 0.0, ""169"": 0.0, ""214"": 0.0, ""96"": 0.0, ""225"": 0.0, ""139"": 0.0, ""201"": 0.0, ""217"": 0.0, ""15"": 0.0, ""172"": 0.0, ""89"": 0.0, ""148"": 0.0, ""68"": 0.0, ""31"": 0.0, ""81"": 0.0, ""37"": 0.0, ""138"": 0.0, ""218"": 0.0, ""13"": 0.0, ""91"": 0.0, ""38"": 0.0, ""209"": 0.0, ""2"": 0.0, ""151"": 0.0, ""7"": 0.0, ""59"": 0.0, ""66"": 0.0, ""195"": 0.0, ""74"": 0.0, ""12"": 0.0, ""20"": 0.0, ""235"": 0.0, ""43"": 0.0, ""174"": 0.0, ""140"": 0.0, ""27"": 0.0, ""99"": 0.01, ""134"": 0.0, ""176"": 0.0, ""234"": 0.0, ""231"": 0.0, ""46"": 0.0, ""92"": 0.0, ""126"": 0.0, ""54"": 0.0, ""125"": 0.0, ""79"": 0.0, ""146"": 0.0, ""163"": 0.0, ""135"": 0.0, ""133"": 0.0, ""120"": 0.0, ""206"": 0.0, ""4"": 0.0, ""198"": 0.0, ""70"": 0.0, ""216"": 0.0, ""170"": 0.0, ""130"": 0.0, ""124"": 0.0, ""204"": 0.0, ""111"": 0.0, ""29"": 0.03, ""108"": 0.0, ""167"": 0.0, ""152"": 0.0, ""153"": 0.0, ""64"": 0.0, ""77"": 0.0, ""51"": 0.0, ""6"": 0.0, ""197"": 0.0, ""84"": 0.0, ""219"": 0.0, ""10"": 0.0, ""18"": 0.0, ""24"": 0.0, ""41"": 0.0, ""128"": 0.0, ""190"": 0.0, ""203"": 0.0, ""57"": 0.0, ""67"": 0.0, ""40"": 0.0, ""0"": 0.0, ""186"": 0.0, ""144"": 0.0, ""141"": 0.0, ""42"": 0.0, ""184"": 0.0, ""232"": 0.0, ""119"": 0.0, ""147"": 0.0, ""205"": 0.0, ""88"": 0.0, ""33"": 0.0, ""55"": 0.0, ""28"": 0.0, ""17"": 0.0, ""123"": 0.0, ""23"": 0.0, ""223"": 0.0, ""104"": 0.0, ""60"": 0.0, ""233"": 0.0, ""112"": 0.0, ""150"": 0.0, ""80"": 0.0, ""14"": 0.0, ""36"": 0.0, ""222"": 0.0, ""227"": 0.0, ""181"": 0.0, ""191"": 0.0, ""185"": 0.0, ""8"": 0.0, ""87"": 0.0, ""9"": 0.0, ""85"": 0.0, ""39"": 0.0, ""115"": 0.0, ""118"": 0.0, ""127"": 0.0, ""196"": 0.0, ""35"": 0.0, ""53"": 0.0, ""21"": 0.0, ""136"": 0.0, ""212"": 0.0, ""65"": 0.0, ""61"": 0.0, ""93"": 0.0, ""11"": 0.0, ""208"": 0.0, ""25"": 0.0, ""102"": 0.0, ""48"": 0.0, ""137"": 0.0, ""26"": 0.0, ""166"": 0.0, ""171"": 0.0, ""156"": 0.0, ""200"": 0.0, ""98"": 0.01, ""165"": 0.0, ""187"": 0.0, ""192"": 0.0, ""117"": 0.0, ""75"": 0.0, ""72"": 0.0, ""160"": 0.0, ""202"": 0.0, ""110"": 0.0, ""106"": 0.34, ""189"": 0.02, ""32"": 0.0, ""63"": 0.0, ""94"": 0.0, ""97"": 0.01, ""83"": 0.02, ""131"": 0.0, ""162"": 0.0, ""62"": 0.0, ""161"": 0.0, ""122"": 0.0, ""211"": 0.0, ""178"": 0.0, ""78"": 0.0, ""179"": 0.0, ""52"": 0.0, ""5"": 0.0, ""109"": 0.0, ""182"": 0.0, ""199"": 0.0, ""44"": 0.0, ""145"": 0.0, ""121"": 0.0, ""30"": 0.0, ""69"": 0.0, ""173"": 0.0, ""168"": 0.0, ""142"": 0.0, ""103"": 0.0, ""76"": 0.0, ""45"": 0.13, ""71"": 0.0, ""107"": 0.0, ""3"": 0.0, ""113"": 0.0, ""207"": 0.0, ""19"": 0.0, ""50"": 0.0, ""158"": 0.0, ""105"": 0.0, ""230"": 0.0, ""-1"": 0.39, ""221"": 0.0, ""56"": 0.0}",jev-1.13.0,450b913dd559c815746e4624d2c4e10ba5fa72314b55df69036bf7cf3eacec03
semantic-short:bge-boundaries:60-180:q70:v1:2271676346:000002639440-000002739640,106,semantic:bge:leaf-local-6-2:42:106,Sooneutraalne ajateenistus ja reservi täitmine,0.45,0.44,"{""31"": 0.0, ""62"": 0.0, ""37"": 0.0, ""155"": 0.0, ""219"": 0.0, ""41"": 0.0, ""74"": 0.0, ""89"": 0.0, ""102"": 0.0, ""40"": 0.0, ""110"": 0.0, ""164"": 0.0, ""140"": 0.0, ""174"": 0.0, ""208"": 0.0, ""176"": 0.0, ""80"": 0.02, ""223"": 0.0, ""36"": 0.0, ""32"": 0.0, ""9"": 0.0, ""197"": 0.0, ""29"": 0.14, ""47"": 0.0, ""86"": 0.0, ""148"": 0.0, ""124"": 0.0, ""213"": 0.0, ""188"": 0.0, ""5"": 0.0, ""2"": 0.0, ""77"": 0.0, ""182"": 0.0, ""128"": 0.0, ""115"": 0.0, ""190"": 0.0, ""226"": 0.0, ""175"": 0.0, ""136"": 0.0, ""209"": 0.0, ""118"": 0.0, ""199"": 0.0, ""39"": 0.0, ""14"": 0.0, ""138"": 0.0, ""104"": 0.0, ""46"": 0.0, ""159"": 0.0, ""35"": 0.0, ""-1"": 0.08, ""26"": 0.0, ""96"": 0.01, ""229"": 0.0, ""156"": 0.0, ""150"": 0.0, ""177"": 0.0, ""42"": 0.0, ""34"": 0.0, ""154"": 0.0, ""22"": 0.0, ""147"": 0.0, ""71"": 0.0, ""179"": 0.0, ""126"": 0.0, ""13"": 0.0, ""4"": 0.0, ""21"": 0.0, ""85"": 0.0, ""67"": 0.0, ""228"": 0.0, ""54"": 0.0, ""131"": 0.0, ""225"": 0.0, ""33"": 0.0, ""99"": 0.01, ""19"": 0.0, ""18"": 0.0, ""93"": 0.0, ""3"": 0.0, ""50"": 0.0, ""28"": 0.0, ""203"": 0.0, ""202"": 0.0, ""7"": 0.0, ""227"": 0.0, ""194"": 0.0, ""45"": 0.15000000000000002, ""125"": 0.0, ""38"": 0.0, ""58"": 0.0, ""144"": 0.0, ""206"": 0.0, ""120"": 0.0, ""15"": 0.0, ""69"": 0.0, ""180"": 0.0, ""53"": 0.0, ""8"": 0.0, ""162"": 0.0, ""129"": 0.0, ""198"": 0.0, ""116"": 0.0, ""82"": 0.0, ""49"": 0.0, ""51"": 0.0, ""217"": 0.0, ""76"": 0.0, ""189"": 0.02, ""216"": 0.0, ""173"": 0.0, ""122"": 0.0, ""90"": 0.0, ""218"": 0.0, ""210"": 0.0, ""153"": 0.0, ""192"": 0.0, ""105"": 0.0, ""73"": 0.0, ""167"": 0.0, ""98"": 0.01, ""23"": 0.0, ""59"": 0.0, ""214"": 0.0, ""27"": 0.0, ""100"": 0.05, ""87"": 0.0, ""142"": 0.0, ""224"": 0.0, ""168"": 0.0, ""66"": 0.0, ""171"": 0.0, ""107"": 0.0, ""211"": 0.0, ""111"": 0.0, ""114"": 0.0, ""200"": 0.0, ""187"": 0.0, ""166"": 0.0, ""78"": 0.0, ""68"": 0.0, ""161"": 0.0, ""165"": 0.0, ""137"": 0.0, ""191"": 0.0, ""160"": 0.0, ""57"": 0.0, ""172"": 0.0, ""133"": 0.0, ""0"": 0.0, ""157"": 0.0, ""109"": 0.0, ""135"": 0.0, ""195"": 0.0, ""207"": 0.0, ""151"": 0.0, ""204"": 0.0, ""158"": 0.0, ""185"": 0.0, ""186"": 0.0, ""181"": 0.0, ""183"": 0.0, ""94"": 0.0, ""139"": 0.0, ""81"": 0.0, ""196"": 0.0, ""143"": 0.0, ""230"": 0.0, ""149"": 0.0, ""48"": 0.0, ""70"": 0.0, ""108"": 0.0, ""95"": 0.0, ""17"": 0.0, ""10"": 0.0, ""60"": 0.0, ""112"": 0.0, ""163"": 0.0, ""91"": 0.0, ""30"": 0.0, ""113"": 0.0, ""25"": 0.0, ""215"": 0.0, ""20"": 0.0, ""92"": 0.0, ""222"": 0.0, ""106"": 0.45, ""1"": 0.0, ""121"": 0.0, ""65"": 0.0, ""83"": 0.05, ""103"": 0.0, ""132"": 0.0, ""56"": 0.0, ""88"": 0.0, ""61"": 0.0, ""234"": 0.0, ""232"": 0.0, ""75"": 0.0, ""233"": 0.0, ""119"": 0.0, ""152"": 0.0, ""184"": 0.0, ""235"": 0.0, ""141"": 0.0, ""178"": 0.0, ""134"": 0.0, ""84"": 0.0, ""52"": 0.0, ""44"": 0.0, ""170"": 0.0, ""212"": 0.0, ""97"": 0.01, ""145"": 0.0, ""12"": 0.0, ""146"": 0.0, ""16"": 0.0, ""123"": 0.0, ""205"": 0.0, ""64"": 0.0, ""231"": 0.0, ""193"": 0.0, ""169"": 0.0, ""55"": 0.0, ""11"": 0.0, ""117"": 0.0, ""101"": 0.0, ""24"": 0.0, ""130"": 0.0, ""127"": 0.0, ""72"": 0.0, ""6"": 0.0, ""79"": 0.0, ""220"": 0.0, ""221"": 0.0, ""43"": 0.0, ""63"": 0.0, ""201"": 0.0}",jev-1.13.0,7b8a0b1303b8414e1ebdb0f8fc156faf4097c55388c67f4988ebb6fa890d1f28
semantic-short:bge-boundaries:60-180:q70:v1:2271676346:000002739640-000002836600,106,semantic:bge:leaf-local-6-2:42:106,Sooneutraalne ajateenistus ja reservi täitmine,0.55,0.54,"{""184"": 0.0, ""71"": 0.0, ""139"": 0.0, ""207"": 0.0, ""231"": 0.0, ""161"": 0.0, ""218"": 0.0, ""211"": 0.0, ""29"": 0.04, ""126"": 0.0, ""20"": 0.0, ""45"": 0.09999999999999999, ""151"": 0.0, ""33"": 0.0, ""170"": 0.0, ""6"": 0.0, ""158"": 0.0, ""193"": 0.0, ""0"": 0.0, ""62"": 0.0, ""81"": 0.0, ""176"": 0.0, ""157"": 0.0, ""172"": 0.0, ""205"": 0.0, ""210"": 0.0, ""87"": 0.0, ""235"": 0.0, ""24"": 0.0, ""198"": 0.0, ""213"": 0.0, ""28"": 0.0, ""64"": 0.0, ""18"": 0.0, ""75"": 0.0, ""164"": 0.0, ""121"": 0.0, ""147"": 0.0, ""181"": 0.0, ""117"": 0.0, ""17"": 0.0, ""93"": 0.0, ""2"": 0.0, ""155"": 0.0, ""85"": 0.0, ""133"": 0.0, ""68"": 0.0, ""25"": 0.0, ""234"": 0.0, ""122"": 0.0, ""115"": 0.0, ""37"": 0.0, ""188"": 0.0, ""196"": 0.0, ""114"": 0.0, ""123"": 0.0, ""118"": 0.0, ""212"": 0.0, ""130"": 0.0, ""203"": 0.0, ""154"": 0.0, ""206"": 0.0, ""51"": 0.0, ""144"": 0.0, ""135"": 0.0, ""15"": 0.0, ""95"": 0.0, ""128"": 0.0, ""180"": 0.0, ""229"": 0.0, ""162"": 0.0, ""67"": 0.0, ""80"": 0.03, ""55"": 0.0, ""194"": 0.0, ""160"": 0.0, ""8"": 0.0, ""177"": 0.0, ""220"": 0.0, ""119"": 0.0, ""175"": 0.0, ""19"": 0.0, ""127"": 0.0, ""171"": 0.0, ""156"": 0.0, ""187"": 0.0, ""136"": 0.0, ""73"": 0.0, ""99"": 0.01, ""192"": 0.0, ""227"": 0.0, ""102"": 0.0, ""53"": 0.0, ""35"": 0.0, ""65"": 0.0, ""104"": 0.0, ""13"": 0.0, ""226"": 0.0, ""-1"": 0.12, ""14"": 0.0, ""174"": 0.0, ""132"": 0.0, ""167"": 0.0, ""141"": 0.0, ""56"": 0.0, ""215"": 0.0, ""26"": 0.0, ""195"": 0.0, ""16"": 0.0, ""101"": 0.0, ""233"": 0.0, ""183"": 0.0, ""12"": 0.0, ""116"": 0.0, ""138"": 0.0, ""165"": 0.0, ""230"": 0.0, ""216"": 0.0, ""50"": 0.0, ""204"": 0.0, ""36"": 0.0, ""88"": 0.0, ""82"": 0.0, ""52"": 0.0, ""228"": 0.0, ""159"": 0.0, ""109"": 0.0, ""72"": 0.0, ""137"": 0.0, ""54"": 0.0, ""10"": 0.0, ""61"": 0.0, ""111"": 0.0, ""1"": 0.0, ""11"": 0.0, ""96"": 0.0, ""225"": 0.0, ""30"": 0.0, ""89"": 0.0, ""125"": 0.0, ""178"": 0.0, ""47"": 0.0, ""163"": 0.0, ""185"": 0.0, ""7"": 0.0, ""145"": 0.0, ""201"": 0.0, ""49"": 0.0, ""69"": 0.0, ""182"": 0.0, ""23"": 0.0, ""92"": 0.0, ""5"": 0.0, ""150"": 0.0, ""3"": 0.0, ""90"": 0.0, ""108"": 0.0, ""140"": 0.0, ""32"": 0.0, ""129"": 0.0, ""202"": 0.0, ""38"": 0.0, ""191"": 0.0, ""44"": 0.0, ""59"": 0.0, ""208"": 0.0, ""224"": 0.0, ""83"": 0.05, ""39"": 0.0, ""27"": 0.0, ""112"": 0.0, ""77"": 0.0, ""58"": 0.0, ""9"": 0.0, ""186"": 0.0, ""60"": 0.0, ""217"": 0.0, ""134"": 0.0, ""152"": 0.0, ""131"": 0.0, ""84"": 0.0, ""97"": 0.0, ""189"": 0.0, ""22"": 0.0, ""146"": 0.0, ""48"": 0.0, ""98"": 0.01, ""142"": 0.0, ""173"": 0.0, ""219"": 0.0, ""46"": 0.0, ""166"": 0.0, ""105"": 0.0, ""57"": 0.0, ""168"": 0.0, ""148"": 0.0, ""113"": 0.0, ""124"": 0.0, ""100"": 0.08, ""153"": 0.0, ""190"": 0.0, ""70"": 0.0, ""221"": 0.0, ""120"": 0.0, ""94"": 0.0, ""31"": 0.0, ""63"": 0.0, ""42"": 0.0, ""4"": 0.0, ""41"": 0.0, ""110"": 0.0, ""103"": 0.0, ""91"": 0.0, ""169"": 0.0, ""232"": 0.0, ""78"": 0.0, ""223"": 0.0, ""222"": 0.0, ""79"": 0.0, ""74"": 0.0, ""209"": 0.0, ""66"": 0.0, ""107"": 0.0, ""179"": 0.0, ""143"": 0.0, ""86"": 0.0, ""43"": 0.0, ""214"": 0.0, ""149"": 0.0, ""106"": 0.55, ""197"": 0.0, ""199"": 0.0, ""200"": 0.0, ""40"": 0.0, ""34"": 0.0, ""21"": 0.0, ""76"": 0.0}",jev-1.13.0,bb3a75a22c9129e81660571944a647b6ef6499e0c337b6c8f5c4eea61a884722
semantic-short:bge-boundaries:60-180:q70:v1:2271676346:000002836600-000002966400,106,semantic:bge:leaf-local-6-2:42:106,Sooneutraalne ajateenistus ja reservi täitmine,0.59,0.58,"{""104"": 0.0, ""185"": 0.0, ""198"": 0.0, ""193"": 0.0, ""202"": 0.0, ""234"": 0.0, ""65"": 0.0, ""34"": 0.0, ""71"": 0.0, ""4"": 0.0, ""124"": 0.0, ""204"": 0.0, ""131"": 0.0, ""160"": 0.0, ""106"": 0.59, ""212"": 0.0, ""79"": 0.0, ""93"": 0.0, ""98"": 0.0, ""177"": 0.0, ""119"": 0.0, ""217"": 0.0, ""63"": 0.0, ""189"": 0.02, ""3"": 0.0, ""152"": 0.0, ""225"": 0.0, ""9"": 0.0, ""118"": 0.0, ""78"": 0.0, ""114"": 0.0, ""26"": 0.0, ""27"": 0.0, ""221"": 0.0, ""53"": 0.0, ""40"": 0.0, ""178"": 0.0, ""157"": 0.0, ""21"": 0.0, ""181"": 0.0, ""62"": 0.0, ""123"": 0.0, ""30"": 0.0, ""94"": 0.0, ""33"": 0.0, ""7"": 0.0, ""147"": 0.0, ""172"": 0.0, ""91"": 0.0, ""54"": 0.0, ""59"": 0.0, ""77"": 0.0, ""215"": 0.0, ""16"": 0.0, ""66"": 0.0, ""42"": 0.0, ""117"": 0.0, ""159"": 0.0, ""35"": 0.0, ""10"": 0.0, ""116"": 0.0, ""76"": 0.0, ""196"": 0.0, ""233"": 0.0, ""37"": 0.0, ""201"": 0.0, ""224"": 0.0, ""99"": 0.01, ""135"": 0.0, ""191"": 0.0, ""133"": 0.0, ""235"": 0.0, ""-1"": 0.21000000000000002, ""110"": 0.0, ""89"": 0.0, ""5"": 0.0, ""220"": 0.0, ""195"": 0.0, ""168"": 0.0, ""228"": 0.0, ""208"": 0.0, ""162"": 0.0, ""61"": 0.0, ""163"": 0.0, ""102"": 0.0, ""200"": 0.0, ""68"": 0.0, ""158"": 0.0, ""231"": 0.0, ""171"": 0.0, ""145"": 0.0, ""90"": 0.0, ""36"": 0.0, ""80"": 0.02, ""211"": 0.0, ""45"": 0.03, ""174"": 0.0, ""232"": 0.0, ""95"": 0.0, ""146"": 0.0, ""67"": 0.0, ""164"": 0.0, ""32"": 0.0, ""156"": 0.0, ""75"": 0.0, ""31"": 0.0, ""22"": 0.0, ""0"": 0.0, ""203"": 0.0, ""190"": 0.0, ""153"": 0.0, ""111"": 0.0, ""81"": 0.0, ""83"": 0.03, ""206"": 0.0, ""227"": 0.0, ""58"": 0.0, ""223"": 0.0, ""8"": 0.0, ""173"": 0.0, ""70"": 0.0, ""175"": 0.0, ""97"": 0.0, ""109"": 0.0, ""197"": 0.0, ""25"": 0.0, ""161"": 0.0, ""19"": 0.0, ""130"": 0.0, ""194"": 0.0, ""149"": 0.0, ""226"": 0.0, ""14"": 0.0, ""92"": 0.0, ""219"": 0.0, ""86"": 0.0, ""142"": 0.0, ""125"": 0.0, ""205"": 0.0, ""134"": 0.0, ""144"": 0.0, ""182"": 0.0, ""103"": 0.0, ""49"": 0.0, ""128"": 0.0, ""44"": 0.0, ""126"": 0.0, ""57"": 0.0, ""179"": 0.0, ""51"": 0.0, ""132"": 0.0, ""23"": 0.0, ""55"": 0.0, ""64"": 0.0, ""138"": 0.0, ""11"": 0.0, ""230"": 0.0, ""155"": 0.0, ""112"": 0.0, ""218"": 0.0, ""52"": 0.0, ""85"": 0.0, ""214"": 0.0, ""50"": 0.0, ""139"": 0.0, ""121"": 0.0, ""15"": 0.0, ""38"": 0.0, ""60"": 0.0, ""169"": 0.0, ""29"": 0.0, ""41"": 0.0, ""207"": 0.0, ""167"": 0.0, ""69"": 0.0, ""199"": 0.0, ""72"": 0.0, ""229"": 0.0, ""13"": 0.0, ""43"": 0.0, ""74"": 0.0, ""140"": 0.0, ""209"": 0.0, ""1"": 0.0, ""82"": 0.0, ""20"": 0.0, ""101"": 0.0, ""88"": 0.0, ""96"": 0.0, ""100"": 0.09, ""108"": 0.0, ""87"": 0.0, ""129"": 0.0, ""186"": 0.0, ""48"": 0.0, ""47"": 0.0, ""141"": 0.0, ""56"": 0.0, ""122"": 0.0, ""137"": 0.0, ""150"": 0.0, ""183"": 0.0, ""12"": 0.0, ""151"": 0.0, ""127"": 0.0, ""213"": 0.0, ""210"": 0.0, ""113"": 0.0, ""120"": 0.0, ""188"": 0.0, ""165"": 0.0, ""222"": 0.0, ""107"": 0.0, ""180"": 0.0, ""28"": 0.0, ""46"": 0.0, ""39"": 0.0, ""17"": 0.0, ""192"": 0.0, ""170"": 0.0, ""18"": 0.0, ""148"": 0.0, ""176"": 0.0, ""143"": 0.0, ""216"": 0.0, ""154"": 0.0, ""105"": 0.0, ""187"": 0.0, ""84"": 0.0, ""73"": 0.0, ""166"": 0.0, ""184"": 0.0, ""24"": 0.0, ""136"": 0.0, ""115"": 0.0, ""2"": 0.0, ""6"": 0.0}",jev-1.13.0,9c959d05a09e6d427061f9d03b54de66cc493b6a4500d5b1516bcfa2086d6a73
semantic-short:bge-boundaries:60-180:q70:v1:2271676346:000002966400-000003034440,106,semantic:bge:leaf-local-6-2:42:106,Sooneutraalne ajateenistus ja reservi täitmine,0.49,0.48,"{""170"": 0.0, ""129"": 0.0, ""78"": 0.0, ""220"": 0.0, ""22"": 0.0, ""70"": 0.0, ""106"": 0.49, ""30"": 0.0, ""80"": 0.03, ""9"": 0.0, ""147"": 0.0, ""134"": 0.0, ""117"": 0.0, ""136"": 0.0, ""2"": 0.0, ""114"": 0.0, ""26"": 0.0, ""123"": 0.0, ""79"": 0.0, ""126"": 0.0, ""13"": 0.0, ""113"": 0.0, ""166"": 0.0, ""223"": 0.0, ""38"": 0.0, ""67"": 0.0, ""208"": 0.0, ""181"": 0.0, ""216"": 0.0, ""197"": 0.0, ""108"": 0.0, ""165"": 0.0, ""105"": 0.0, ""65"": 0.0, ""94"": 0.0, ""15"": 0.0, ""120"": 0.0, ""124"": 0.0, ""128"": 0.0, ""226"": 0.0, ""159"": 0.0, ""222"": 0.0, ""172"": 0.0, ""235"": 0.0, ""200"": 0.0, ""231"": 0.0, ""175"": 0.0, ""209"": 0.0, ""85"": 0.0, ""8"": 0.0, ""139"": 0.0, ""212"": 0.0, ""46"": 0.0, ""17"": 0.0, ""68"": 0.0, ""146"": 0.0, ""161"": 0.0, ""144"": 0.0, ""202"": 0.0, ""122"": 0.0, ""37"": 0.0, ""131"": 0.0, ""50"": 0.0, ""183"": 0.0, ""23"": 0.0, ""207"": 0.0, ""148"": 0.0, ""71"": 0.0, ""150"": 0.0, ""99"": 0.01, ""121"": 0.0, ""205"": 0.0, ""118"": 0.0, ""90"": 0.0, ""63"": 0.0, ""112"": 0.0, ""232"": 0.0, ""12"": 0.0, ""187"": 0.0, ""44"": 0.0, ""130"": 0.0, ""102"": 0.0, ""155"": 0.0, ""228"": 0.0, ""93"": 0.0, ""69"": 0.0, ""18"": 0.0, ""196"": 0.0, ""188"": 0.0, ""171"": 0.0, ""174"": 0.0, ""75"": 0.0, ""14"": 0.0, ""211"": 0.0, ""55"": 0.0, ""89"": 0.0, ""204"": 0.0, ""32"": 0.0, ""25"": 0.0, ""35"": 0.0, ""40"": 0.0, ""135"": 0.0, ""195"": 0.0, ""34"": 0.0, ""178"": 0.0, ""110"": 0.0, ""16"": 0.0, ""176"": 0.0, ""74"": 0.0, ""133"": 0.0, ""193"": 0.0, ""225"": 0.0, ""77"": 0.0, ""156"": 0.0, ""21"": 0.0, ""201"": 0.0, ""230"": 0.0, ""213"": 0.0, ""20"": 0.0, ""149"": 0.0, ""111"": 0.0, ""219"": 0.0, ""138"": 0.0, ""91"": 0.0, ""218"": 0.0, ""7"": 0.0, ""153"": 0.0, ""53"": 0.0, ""83"": 0.04, ""66"": 0.0, ""184"": 0.0, ""95"": 0.0, ""127"": 0.0, ""107"": 0.0, ""198"": 0.0, ""163"": 0.0, ""186"": 0.0, ""210"": 0.0, ""162"": 0.0, ""76"": 0.0, ""119"": 0.0, ""145"": 0.0, ""45"": 0.12, ""0"": 0.0, ""86"": 0.0, ""158"": 0.0, ""224"": 0.0, ""24"": 0.0, ""206"": 0.0, ""58"": 0.0, ""185"": 0.0, ""191"": 0.0, ""103"": 0.0, ""27"": 0.0, ""52"": 0.0, ""48"": 0.0, ""19"": 0.0, ""-1"": 0.09999999999999999, ""154"": 0.0, ""116"": 0.0, ""142"": 0.0, ""180"": 0.0, ""54"": 0.0, ""64"": 0.0, ""28"": 0.0, ""33"": 0.0, ""10"": 0.0, ""173"": 0.0, ""62"": 0.0, ""51"": 0.0, ""115"": 0.0, ""6"": 0.0, ""47"": 0.0, ""192"": 0.0, ""160"": 0.0, ""87"": 0.0, ""152"": 0.0, ""92"": 0.0, ""182"": 0.0, ""59"": 0.0, ""141"": 0.0, ""61"": 0.0, ""151"": 0.0, ""84"": 0.0, ""5"": 0.0, ""29"": 0.06999999999999999, ""125"": 0.0, ""31"": 0.0, ""214"": 0.0, ""189"": 0.0, ""41"": 0.0, ""229"": 0.0, ""157"": 0.0, ""3"": 0.0, ""168"": 0.0, ""11"": 0.0, ""137"": 0.0, ""104"": 0.0, ""233"": 0.0, ""143"": 0.0, ""72"": 0.0, ""96"": 0.0, ""164"": 0.0, ""190"": 0.0, ""39"": 0.0, ""97"": 0.0, ""203"": 0.0, ""109"": 0.0, ""81"": 0.0, ""49"": 0.0, ""215"": 0.0, ""43"": 0.0, ""227"": 0.0, ""36"": 0.0, ""60"": 0.0, ""1"": 0.0, ""88"": 0.0, ""56"": 0.0, ""132"": 0.0, ""42"": 0.0, ""199"": 0.0, ""194"": 0.0, ""101"": 0.0, ""140"": 0.0, ""57"": 0.0, ""73"": 0.0, ""167"": 0.0, ""177"": 0.0, ""98"": 0.01, ""217"": 0.0, ""221"": 0.0, ""82"": 0.0, ""4"": 0.0, ""169"": 0.0, ""179"": 0.0, ""100"": 0.13, ""234"": 0.0}",jev-1.13.0,55503dee9e03689f32384de6a2b3118bfa62583403740c74aa3b25f96880ccd7
semantic-short:bge-boundaries:60-180:q70:v1:2271676346:000003034440-000003167920,106,semantic:bge:leaf-local-6-2:42:106,Sooneutraalne ajateenistus ja reservi täitmine,0.43,0.42,"{""232"": 0.0, ""231"": 0.0, ""139"": 0.0, ""157"": 0.0, ""163"": 0.0, ""104"": 0.0, ""26"": 0.0, ""202"": 0.0, ""93"": 0.0, ""182"": 0.0, ""23"": 0.0, ""201"": 0.0, ""195"": 0.0, ""99"": 0.01, ""107"": 0.0, ""171"": 0.0, ""223"": 0.0, ""187"": 0.0, ""211"": 0.0, ""207"": 0.0, ""121"": 0.0, ""19"": 0.0, ""173"": 0.0, ""100"": 0.22, ""134"": 0.0, ""141"": 0.0, ""68"": 0.0, ""22"": 0.0, ""40"": 0.0, ""59"": 0.0, ""69"": 0.0, ""10"": 0.0, ""13"": 0.0, ""90"": 0.0, ""184"": 0.0, ""196"": 0.0, ""18"": 0.0, ""178"": 0.0, ""72"": 0.0, ""154"": 0.0, ""175"": 0.0, ""222"": 0.0, ""168"": 0.0, ""140"": 0.0, ""153"": 0.0, ""36"": 0.0, ""112"": 0.0, ""65"": 0.0, ""146"": 0.0, ""21"": 0.0, ""15"": 0.0, ""147"": 0.0, ""35"": 0.0, ""174"": 0.0, ""160"": 0.0, ""66"": 0.0, ""166"": 0.0, ""205"": 0.0, ""103"": 0.0, ""33"": 0.0, ""144"": 0.0, ""16"": 0.0, ""94"": 0.0, ""212"": 0.0, ""32"": 0.0, ""109"": 0.0, ""185"": 0.03, ""30"": 0.0, ""108"": 0.0, ""46"": 0.0, ""206"": 0.0, ""5"": 0.0, ""53"": 0.0, ""113"": 0.0, ""56"": 0.0, ""79"": 0.0, ""110"": 0.0, ""145"": 0.0, ""0"": 0.0, ""55"": 0.0, ""229"": 0.0, ""63"": 0.0, ""47"": 0.0, ""191"": 0.0, ""151"": 0.0, ""62"": 0.0, ""2"": 0.0, ""181"": 0.0, ""213"": 0.0, ""1"": 0.0, ""204"": 0.0, ""8"": 0.0, ""43"": 0.0, ""4"": 0.0, ""149"": 0.0, ""57"": 0.0, ""233"": 0.0, ""49"": 0.0, ""218"": 0.0, ""89"": 0.0, ""177"": 0.0, ""86"": 0.0, ""17"": 0.0, ""235"": 0.0, ""186"": 0.0, ""138"": 0.0, ""28"": 0.0, ""214"": 0.0, ""188"": 0.0, ""220"": 0.0, ""136"": 0.0, ""73"": 0.0, ""169"": 0.0, ""193"": 0.0, ""91"": 0.0, ""14"": 0.0, ""85"": 0.0, ""48"": 0.0, ""228"": 0.0, ""164"": 0.0, ""197"": 0.0, ""119"": 0.0, ""88"": 0.0, ""25"": 0.0, ""199"": 0.0, ""92"": 0.0, ""155"": 0.0, ""167"": 0.0, ""39"": 0.0, ""158"": 0.0, ""76"": 0.0, ""102"": 0.04, ""120"": 0.0, ""61"": 0.0, ""74"": 0.0, ""-1"": 0.06999999999999999, ""54"": 0.0, ""129"": 0.0, ""133"": 0.0, ""150"": 0.03, ""156"": 0.0, ""131"": 0.0, ""38"": 0.0, ""37"": 0.0, ""44"": 0.0, ""132"": 0.0, ""114"": 0.0, ""31"": 0.0, ""80"": 0.0, ""111"": 0.0, ""12"": 0.0, ""87"": 0.0, ""224"": 0.0, ""183"": 0.0, ""27"": 0.0, ""123"": 0.0, ""98"": 0.0, ""161"": 0.0, ""52"": 0.0, ""70"": 0.0, ""179"": 0.0, ""11"": 0.0, ""219"": 0.0, ""95"": 0.0, ""7"": 0.0, ""215"": 0.0, ""143"": 0.0, ""34"": 0.0, ""142"": 0.0, ""200"": 0.0, ""159"": 0.0, ""116"": 0.0, ""84"": 0.0, ""209"": 0.0, ""6"": 0.0, ""203"": 0.0, ""29"": 0.0, ""234"": 0.0, ""20"": 0.0, ""125"": 0.0, ""71"": 0.0, ""82"": 0.0, ""75"": 0.0, ""81"": 0.0, ""51"": 0.0, ""227"": 0.0, ""152"": 0.0, ""124"": 0.0, ""118"": 0.0, ""101"": 0.0, ""221"": 0.0, ""128"": 0.0, ""230"": 0.0, ""60"": 0.0, ""126"": 0.0, ""180"": 0.0, ""135"": 0.0, ""190"": 0.0, ""45"": 0.17, ""208"": 0.0, ""216"": 0.0, ""106"": 0.43, ""105"": 0.0, ""67"": 0.0, ""176"": 0.0, ""189"": 0.0, ""192"": 0.0, ""217"": 0.0, ""170"": 0.0, ""165"": 0.0, ""117"": 0.0, ""50"": 0.0, ""137"": 0.0, ""198"": 0.0, ""172"": 0.0, ""148"": 0.0, ""97"": 0.0, ""77"": 0.0, ""115"": 0.0, ""64"": 0.0, ""210"": 0.0, ""96"": 0.0, ""83"": 0.0, ""194"": 0.0, ""41"": 0.0, ""225"": 0.0, ""127"": 0.0, ""162"": 0.0, ""78"": 0.0, ""58"": 0.0, ""122"": 0.0, ""24"": 0.0, ""3"": 0.0, ""226"": 0.0, ""9"": 0.0, ""42"": 0.0, ""130"": 0.0}",jev-1.13.0,d597b9627ea8244953a2fd31dbf24b03ca40ea3ca61baa7dc0019b8d257abf98
semantic-short:bge-boundaries:60-180:q70:v1:2271676346:000003167920-000003293600,45,semantic:bge:leaf-local-6-2:42:45,Lai riigikaitse kodune ja kogukondlik valmisolek,0.7,0.69,"{""89"": 0.0, ""172"": 0.03, ""133"": 0.0, ""72"": 0.0, ""123"": 0.0, ""69"": 0.0, ""191"": 0.0, ""174"": 0.0, ""91"": 0.0, ""98"": 0.0, ""143"": 0.0, ""35"": 0.0, ""179"": 0.0, ""165"": 0.0, ""1"": 0.0, ""215"": 0.0, ""156"": 0.0, ""186"": 0.0, ""102"": 0.0, ""119"": 0.0, ""80"": 0.05, ""121"": 0.0, ""183"": 0.0, ""83"": 0.0, ""153"": 0.0, ""124"": 0.0, ""96"": 0.0, ""193"": 0.0, ""231"": 0.0, ""196"": 0.0, ""131"": 0.0, ""67"": 0.0, ""62"": 0.0, ""15"": 0.0, ""29"": 0.0, ""115"": 0.0, ""163"": 0.0, ""203"": 0.0, ""208"": 0.0, ""140"": 0.0, ""117"": 0.0, ""52"": 0.0, ""225"": 0.0, ""24"": 0.0, ""59"": 0.0, ""34"": 0.0, ""164"": 0.0, ""178"": 0.0, ""40"": 0.0, ""78"": 0.0, ""177"": 0.0, ""162"": 0.0, ""127"": 0.0, ""10"": 0.0, ""142"": 0.0, ""146"": 0.0, ""49"": 0.0, ""176"": 0.0, ""20"": 0.0, ""194"": 0.0, ""139"": 0.0, ""168"": 0.0, ""182"": 0.0, ""188"": 0.0, ""175"": 0.0, ""32"": 0.0, ""211"": 0.0, ""51"": 0.0, ""189"": 0.0, ""31"": 0.0, ""118"": 0.0, ""90"": 0.0, ""173"": 0.0, ""130"": 0.0, ""128"": 0.0, ""205"": 0.0, ""159"": 0.0, ""92"": 0.0, ""132"": 0.0, ""206"": 0.0, ""84"": 0.0, ""198"": 0.0, ""5"": 0.0, ""36"": 0.0, ""75"": 0.0, ""38"": 0.0, ""167"": 0.0, ""54"": 0.0, ""154"": 0.0, ""44"": 0.0, ""68"": 0.0, ""170"": 0.0, ""87"": 0.0, ""218"": 0.0, ""70"": 0.0, ""12"": 0.0, ""129"": 0.0, ""197"": 0.0, ""171"": 0.0, ""220"": 0.0, ""226"": 0.0, ""113"": 0.0, ""61"": 0.0, ""217"": 0.0, ""180"": 0.0, ""2"": 0.0, ""137"": 0.0, ""149"": 0.0, ""114"": 0.0, ""141"": 0.0, ""50"": 0.0, ""57"": 0.0, ""228"": 0.0, ""41"": 0.0, ""229"": 0.0, ""-1"": 0.04, ""107"": 0.0, ""65"": 0.0, ""76"": 0.0, ""214"": 0.0, ""7"": 0.0, ""28"": 0.0, ""26"": 0.0, ""106"": 0.0, ""190"": 0.0, ""85"": 0.0, ""101"": 0.0, ""169"": 0.0, ""56"": 0.0, ""147"": 0.0, ""17"": 0.0, ""19"": 0.0, ""213"": 0.0, ""232"": 0.0, ""181"": 0.0, ""151"": 0.0, ""116"": 0.0, ""202"": 0.0, ""219"": 0.0, ""126"": 0.0, ""166"": 0.0, ""37"": 0.0, ""97"": 0.0, ""103"": 0.0, ""48"": 0.0, ""27"": 0.0, ""53"": 0.0, ""144"": 0.0, ""158"": 0.0, ""18"": 0.0, ""77"": 0.0, ""120"": 0.0, ""161"": 0.0, ""46"": 0.0, ""221"": 0.0, ""60"": 0.0, ""222"": 0.0, ""234"": 0.0, ""199"": 0.0, ""99"": 0.0, ""212"": 0.0, ""148"": 0.0, ""39"": 0.0, ""82"": 0.0, ""138"": 0.11, ""93"": 0.0, ""47"": 0.0, ""64"": 0.0, ""201"": 0.0, ""187"": 0.0, ""136"": 0.0, ""9"": 0.0, ""105"": 0.0, ""111"": 0.0, ""192"": 0.0, ""230"": 0.0, ""95"": 0.0, ""21"": 0.0, ""195"": 0.0, ""209"": 0.0, ""22"": 0.0, ""23"": 0.0, ""125"": 0.0, ""235"": 0.0, ""233"": 0.0, ""8"": 0.0, ""155"": 0.0, ""157"": 0.0, ""4"": 0.02, ""108"": 0.0, ""135"": 0.0, ""55"": 0.0, ""184"": 0.0, ""63"": 0.0, ""42"": 0.0, ""3"": 0.0, ""207"": 0.0, ""185"": 0.0, ""110"": 0.0, ""25"": 0.0, ""94"": 0.0, ""152"": 0.0, ""150"": 0.0, ""88"": 0.0, ""81"": 0.0, ""160"": 0.0, ""6"": 0.0, ""16"": 0.0, ""74"": 0.0, ""43"": 0.0, ""71"": 0.0, ""122"": 0.0, ""227"": 0.0, ""112"": 0.0, ""73"": 0.0, ""14"": 0.0, ""109"": 0.0, ""100"": 0.05, ""204"": 0.0, ""11"": 0.0, ""13"": 0.0, ""86"": 0.0, ""210"": 0.0, ""30"": 0.0, ""200"": 0.0, ""33"": 0.0, ""145"": 0.0, ""45"": 0.7, ""58"": 0.0, ""79"": 0.0, ""104"": 0.0, ""224"": 0.0, ""216"": 0.0, ""66"": 0.0, ""223"": 0.0, ""0"": 0.0, ""134"": 0.0}",jev-1.13.0,7f2fcad9f7450e946df3e8588196bdbf0458379c6c402782e21b83dd6ddc82c0
semantic-short:bge-boundaries:60-180:q70:v1:2271676346:000003293600-000003426400,45,semantic:bge:leaf-local-6-2:42:45,Lai riigikaitse kodune ja kogukondlik valmisolek,0.98,0.97,"{""10"": 0.0, ""42"": 0.0, ""117"": 0.0, ""114"": 0.0, ""14"": 0.0, ""167"": 0.0, ""131"": 0.0, ""51"": 0.0, ""125"": 0.0, ""225"": 0.0, ""206"": 0.0, ""180"": 0.0, ""127"": 0.0, ""185"": 0.0, ""197"": 0.0, ""49"": 0.0, ""3"": 0.0, ""98"": 0.0, ""166"": 0.0, ""192"": 0.0, ""221"": 0.0, ""160"": 0.0, ""34"": 0.0, ""146"": 0.0, ""8"": 0.0, ""80"": 0.0, ""218"": 0.0, ""79"": 0.0, ""148"": 0.0, ""152"": 0.0, ""153"": 0.0, ""162"": 0.0, ""198"": 0.0, ""124"": 0.0, ""109"": 0.0, ""200"": 0.0, ""85"": 0.0, ""196"": 0.0, ""220"": 0.0, ""58"": 0.0, ""121"": 0.0, ""156"": 0.0, ""94"": 0.0, ""20"": 0.0, ""74"": 0.0, ""226"": 0.0, ""61"": 0.0, ""16"": 0.0, ""48"": 0.0, ""230"": 0.0, ""69"": 0.0, ""99"": 0.0, ""0"": 0.0, ""75"": 0.0, ""116"": 0.0, ""212"": 0.0, ""235"": 0.0, ""134"": 0.0, ""26"": 0.0, ""102"": 0.0, ""217"": 0.0, ""211"": 0.0, ""118"": 0.0, ""62"": 0.0, ""12"": 0.0, ""54"": 0.0, ""233"": 0.0, ""165"": 0.0, ""161"": 0.0, ""40"": 0.0, ""100"": 0.02, ""189"": 0.0, ""133"": 0.0, ""59"": 0.0, ""30"": 0.0, ""50"": 0.0, ""210"": 0.0, ""53"": 0.0, ""139"": 0.0, ""76"": 0.0, ""229"": 0.0, ""142"": 0.0, ""119"": 0.0, ""6"": 0.0, ""150"": 0.0, ""145"": 0.0, ""137"": 0.0, ""179"": 0.0, ""155"": 0.0, ""91"": 0.0, ""187"": 0.0, ""9"": 0.0, ""101"": 0.0, ""135"": 0.0, ""97"": 0.0, ""23"": 0.0, ""1"": 0.0, ""47"": 0.0, ""208"": 0.0, ""174"": 0.0, ""57"": 0.0, ""19"": 0.0, ""39"": 0.0, ""188"": 0.0, ""216"": 0.0, ""27"": 0.0, ""224"": 0.0, ""72"": 0.0, ""35"": 0.0, ""90"": 0.0, ""154"": 0.0, ""175"": 0.0, ""203"": 0.0, ""138"": 0.0, ""159"": 0.0, ""205"": 0.0, ""140"": 0.0, ""194"": 0.0, ""38"": 0.0, ""56"": 0.0, ""77"": 0.0, ""123"": 0.0, ""2"": 0.0, ""24"": 0.0, ""68"": 0.0, ""96"": 0.0, ""43"": 0.0, ""168"": 0.0, ""92"": 0.0, ""213"": 0.0, ""113"": 0.0, ""171"": 0.0, ""33"": 0.0, ""128"": 0.0, ""13"": 0.0, ""22"": 0.0, ""111"": 0.0, ""234"": 0.0, ""181"": 0.0, ""231"": 0.0, ""129"": 0.0, ""223"": 0.0, ""83"": 0.0, ""195"": 0.0, ""173"": 0.0, ""103"": 0.0, ""147"": 0.0, ""190"": 0.0, ""199"": 0.0, ""191"": 0.0, ""209"": 0.0, ""106"": 0.0, ""66"": 0.0, ""201"": 0.0, ""37"": 0.0, ""122"": 0.0, ""141"": 0.0, ""172"": 0.0, ""46"": 0.0, ""126"": 0.0, ""151"": 0.0, ""143"": 0.0, ""82"": 0.0, ""232"": 0.0, ""15"": 0.0, ""105"": 0.0, ""41"": 0.0, ""60"": 0.0, ""64"": 0.0, ""31"": 0.0, ""132"": 0.0, ""55"": 0.0, ""65"": 0.0, ""176"": 0.0, ""17"": 0.0, ""219"": 0.0, ""136"": 0.0, ""157"": 0.0, ""70"": 0.0, ""163"": 0.0, ""25"": 0.0, ""36"": 0.0, ""28"": 0.0, ""108"": 0.0, ""21"": 0.0, ""169"": 0.0, ""11"": 0.0, ""67"": 0.0, ""158"": 0.0, ""110"": 0.0, ""81"": 0.0, ""186"": 0.0, ""228"": 0.0, ""71"": 0.0, ""95"": 0.0, ""184"": 0.0, ""44"": 0.0, ""78"": 0.0, ""-1"": 0.0, ""112"": 0.0, ""215"": 0.0, ""130"": 0.0, ""84"": 0.0, ""149"": 0.0, ""227"": 0.0, ""104"": 0.0, ""45"": 0.98, ""178"": 0.0, ""7"": 0.0, ""4"": 0.0, ""52"": 0.0, ""93"": 0.0, ""107"": 0.0, ""207"": 0.0, ""182"": 0.0, ""73"": 0.0, ""32"": 0.0, ""63"": 0.0, ""86"": 0.0, ""222"": 0.0, ""88"": 0.0, ""202"": 0.0, ""89"": 0.0, ""164"": 0.0, ""87"": 0.0, ""29"": 0.0, ""120"": 0.0, ""170"": 0.0, ""18"": 0.0, ""183"": 0.0, ""193"": 0.0, ""204"": 0.0, ""144"": 0.0, ""214"": 0.0, ""5"": 0.0, ""115"": 0.0, ""177"": 0.0}",jev-1.13.0,8dc4f3f13c9652b17837f7b872b4c268a6cef363556ba3814c32a2f38caeef18
semantic-short:bge-boundaries:60-180:q70:v1:2271676346:000003426400-000003494800,106,semantic:bge:leaf-local-6-2:42:106,Sooneutraalne ajateenistus ja reservi täitmine,0.99,0.98,"{""232"": 0.0, ""231"": 0.0, ""139"": 0.0, ""157"": 0.0, ""163"": 0.0, ""104"": 0.0, ""26"": 0.0, ""202"": 0.0, ""93"": 0.0, ""182"": 0.0, ""23"": 0.0, ""201"": 0.0, ""195"": 0.0, ""99"": 0.0, ""107"": 0.0, ""171"": 0.0, ""223"": 0.0, ""187"": 0.0, ""207"": 0.0, ""211"": 0.0, ""121"": 0.0, ""19"": 0.0, ""173"": 0.0, ""100"": 0.0, ""134"": 0.0, ""141"": 0.0, ""68"": 0.0, ""22"": 0.0, ""40"": 0.0, ""59"": 0.0, ""69"": 0.0, ""10"": 0.0, ""13"": 0.0, ""90"": 0.0, ""184"": 0.0, ""196"": 0.0, ""178"": 0.0, ""18"": 0.0, ""72"": 0.0, ""154"": 0.0, ""175"": 0.0, ""222"": 0.0, ""168"": 0.0, ""140"": 0.0, ""153"": 0.0, ""36"": 0.0, ""112"": 0.0, ""65"": 0.0, ""146"": 0.0, ""21"": 0.0, ""15"": 0.0, ""147"": 0.0, ""35"": 0.0, ""160"": 0.0, ""174"": 0.0, ""66"": 0.0, ""166"": 0.0, ""205"": 0.0, ""103"": 0.0, ""33"": 0.0, ""144"": 0.0, ""16"": 0.0, ""212"": 0.0, ""94"": 0.0, ""32"": 0.0, ""109"": 0.0, ""185"": 0.0, ""46"": 0.0, ""30"": 0.0, ""108"": 0.0, ""5"": 0.0, ""206"": 0.0, ""53"": 0.0, ""113"": 0.0, ""56"": 0.0, ""79"": 0.0, ""110"": 0.0, ""145"": 0.0, ""0"": 0.0, ""55"": 0.0, ""229"": 0.0, ""63"": 0.0, ""47"": 0.0, ""191"": 0.0, ""151"": 0.0, ""62"": 0.0, ""2"": 0.0, ""181"": 0.0, ""213"": 0.0, ""1"": 0.0, ""204"": 0.0, ""8"": 0.0, ""43"": 0.0, ""4"": 0.0, ""149"": 0.0, ""57"": 0.0, ""233"": 0.0, ""49"": 0.0, ""218"": 0.0, ""89"": 0.0, ""86"": 0.0, ""177"": 0.0, ""17"": 0.0, ""235"": 0.0, ""186"": 0.0, ""138"": 0.0, ""28"": 0.0, ""214"": 0.0, ""188"": 0.0, ""220"": 0.0, ""136"": 0.0, ""73"": 0.0, ""169"": 0.0, ""193"": 0.0, ""91"": 0.0, ""14"": 0.0, ""85"": 0.0, ""48"": 0.0, ""228"": 0.0, ""164"": 0.0, ""197"": 0.0, ""119"": 0.0, ""88"": 0.0, ""25"": 0.0, ""92"": 0.0, ""199"": 0.0, ""155"": 0.0, ""39"": 0.0, ""167"": 0.0, ""158"": 0.0, ""76"": 0.0, ""102"": 0.0, ""120"": 0.0, ""61"": 0.0, ""74"": 0.0, ""-1"": 0.01, ""54"": 0.0, ""129"": 0.0, ""133"": 0.0, ""150"": 0.0, ""156"": 0.0, ""131"": 0.0, ""37"": 0.0, ""38"": 0.0, ""44"": 0.0, ""132"": 0.0, ""114"": 0.0, ""31"": 0.0, ""80"": 0.0, ""111"": 0.0, ""12"": 0.0, ""87"": 0.0, ""27"": 0.0, ""183"": 0.0, ""224"": 0.0, ""123"": 0.0, ""98"": 0.0, ""52"": 0.0, ""161"": 0.0, ""70"": 0.0, ""179"": 0.0, ""11"": 0.0, ""219"": 0.0, ""95"": 0.0, ""7"": 0.0, ""215"": 0.0, ""143"": 0.0, ""34"": 0.0, ""142"": 0.0, ""200"": 0.0, ""159"": 0.0, ""116"": 0.0, ""84"": 0.0, ""203"": 0.0, ""6"": 0.0, ""209"": 0.0, ""29"": 0.0, ""234"": 0.0, ""20"": 0.0, ""125"": 0.0, ""71"": 0.0, ""82"": 0.0, ""75"": 0.0, ""81"": 0.0, ""51"": 0.0, ""227"": 0.0, ""152"": 0.0, ""118"": 0.0, ""124"": 0.0, ""101"": 0.0, ""221"": 0.0, ""128"": 0.0, ""230"": 0.0, ""60"": 0.0, ""126"": 0.0, ""180"": 0.0, ""135"": 0.0, ""190"": 0.0, ""216"": 0.0, ""208"": 0.0, ""45"": 0.0, ""106"": 0.99, ""105"": 0.0, ""67"": 0.0, ""176"": 0.0, ""217"": 0.0, ""192"": 0.0, ""189"": 0.0, ""170"": 0.0, ""165"": 0.0, ""117"": 0.0, ""50"": 0.0, ""137"": 0.0, ""198"": 0.0, ""97"": 0.0, ""148"": 0.0, ""172"": 0.0, ""77"": 0.0, ""115"": 0.0, ""64"": 0.0, ""210"": 0.0, ""96"": 0.0, ""83"": 0.0, ""194"": 0.0, ""41"": 0.0, ""225"": 0.0, ""127"": 0.0, ""162"": 0.0, ""78"": 0.0, ""58"": 0.0, ""122"": 0.0, ""24"": 0.0, ""3"": 0.0, ""226"": 0.0, ""9"": 0.0, ""130"": 0.0, ""42"": 0.0}",jev-1.13.0,fa98b6af42f218e2174b7b3caa3f09b320b87e6a9cf6892fe290f555fa2bbe23
semantic-short:bge-boundaries:60-180:q70:v1:2271676346:000003494800-000003656760,106,semantic:bge:leaf-local-6-2:42:106,Sooneutraalne ajateenistus ja reservi täitmine,0.92,0.91,"{""31"": 0.0, ""62"": 0.0, ""155"": 0.0, ""37"": 0.0, ""219"": 0.0, ""74"": 0.0, ""41"": 0.0, ""89"": 0.0, ""102"": 0.0, ""40"": 0.0, ""110"": 0.0, ""164"": 0.0, ""140"": 0.0, ""174"": 0.0, ""208"": 0.0, ""176"": 0.0, ""80"": 0.0, ""223"": 0.0, ""36"": 0.0, ""32"": 0.0, ""9"": 0.0, ""197"": 0.0, ""29"": 0.0, ""47"": 0.0, ""86"": 0.0, ""148"": 0.0, ""124"": 0.0, ""213"": 0.0, ""188"": 0.0, ""5"": 0.0, ""2"": 0.0, ""77"": 0.0, ""182"": 0.0, ""128"": 0.0, ""115"": 0.0, ""226"": 0.0, ""190"": 0.0, ""175"": 0.0, ""136"": 0.0, ""209"": 0.0, ""118"": 0.0, ""39"": 0.0, ""199"": 0.0, ""14"": 0.0, ""138"": 0.0, ""104"": 0.0, ""46"": 0.0, ""159"": 0.0, ""35"": 0.0, ""-1"": 0.03, ""26"": 0.0, ""156"": 0.0, ""229"": 0.0, ""96"": 0.0, ""150"": 0.0, ""177"": 0.0, ""42"": 0.0, ""34"": 0.0, ""154"": 0.0, ""22"": 0.0, ""147"": 0.0, ""71"": 0.0, ""179"": 0.0, ""126"": 0.0, ""13"": 0.0, ""4"": 0.0, ""21"": 0.0, ""85"": 0.0, ""228"": 0.0, ""67"": 0.0, ""54"": 0.0, ""131"": 0.0, ""225"": 0.0, ""33"": 0.0, ""99"": 0.0, ""3"": 0.0, ""18"": 0.0, ""93"": 0.0, ""19"": 0.0, ""50"": 0.0, ""28"": 0.0, ""203"": 0.0, ""7"": 0.0, ""202"": 0.0, ""227"": 0.0, ""194"": 0.0, ""45"": 0.01, ""125"": 0.0, ""38"": 0.0, ""58"": 0.0, ""144"": 0.0, ""206"": 0.0, ""116"": 0.0, ""180"": 0.0, ""69"": 0.0, ""120"": 0.0, ""53"": 0.0, ""8"": 0.0, ""162"": 0.0, ""129"": 0.0, ""198"": 0.0, ""15"": 0.0, ""82"": 0.0, ""49"": 0.0, ""51"": 0.0, ""217"": 0.0, ""189"": 0.0, ""76"": 0.0, ""216"": 0.0, ""173"": 0.0, ""122"": 0.0, ""90"": 0.0, ""218"": 0.0, ""210"": 0.0, ""153"": 0.0, ""73"": 0.0, ""105"": 0.0, ""192"": 0.0, ""167"": 0.0, ""98"": 0.0, ""23"": 0.0, ""214"": 0.0, ""59"": 0.0, ""27"": 0.0, ""100"": 0.04, ""66"": 0.0, ""168"": 0.0, ""224"": 0.0, ""142"": 0.0, ""87"": 0.0, ""171"": 0.0, ""107"": 0.0, ""211"": 0.0, ""111"": 0.0, ""114"": 0.0, ""166"": 0.0, ""200"": 0.0, ""187"": 0.0, ""78"": 0.0, ""68"": 0.0, ""161"": 0.0, ""165"": 0.0, ""137"": 0.0, ""57"": 0.0, ""160"": 0.0, ""191"": 0.0, ""172"": 0.0, ""133"": 0.0, ""157"": 0.0, ""0"": 0.0, ""109"": 0.0, ""135"": 0.0, ""195"": 0.0, ""151"": 0.0, ""207"": 0.0, ""204"": 0.0, ""158"": 0.0, ""185"": 0.0, ""186"": 0.0, ""94"": 0.0, ""181"": 0.0, ""183"": 0.0, ""139"": 0.0, ""143"": 0.0, ""196"": 0.0, ""81"": 0.0, ""149"": 0.0, ""230"": 0.0, ""48"": 0.0, ""70"": 0.0, ""108"": 0.0, ""95"": 0.0, ""17"": 0.0, ""10"": 0.0, ""60"": 0.0, ""112"": 0.0, ""91"": 0.0, ""163"": 0.0, ""30"": 0.0, ""113"": 0.0, ""25"": 0.0, ""215"": 0.0, ""222"": 0.0, ""92"": 0.0, ""20"": 0.0, ""106"": 0.92, ""1"": 0.0, ""121"": 0.0, ""65"": 0.0, ""83"": 0.0, ""103"": 0.0, ""132"": 0.0, ""56"": 0.0, ""88"": 0.0, ""61"": 0.0, ""234"": 0.0, ""232"": 0.0, ""75"": 0.0, ""233"": 0.0, ""119"": 0.0, ""152"": 0.0, ""184"": 0.0, ""235"": 0.0, ""141"": 0.0, ""178"": 0.0, ""134"": 0.0, ""84"": 0.0, ""52"": 0.0, ""44"": 0.0, ""170"": 0.0, ""212"": 0.0, ""97"": 0.0, ""145"": 0.0, ""12"": 0.0, ""146"": 0.0, ""16"": 0.0, ""123"": 0.0, ""205"": 0.0, ""64"": 0.0, ""231"": 0.0, ""193"": 0.0, ""11"": 0.0, ""55"": 0.0, ""169"": 0.0, ""117"": 0.0, ""101"": 0.0, ""130"": 0.0, ""24"": 0.0, ""127"": 0.0, ""72"": 0.0, ""6"": 0.0, ""79"": 0.0, ""220"": 0.0, ""221"": 0.0, ""43"": 0.0, ""63"": 0.0, ""201"": 0.0}",jev-1.13.0,7ce3884fa1e83db3ab65fa8e23033de44937c2f5ac63f3d2d2de6025edb5281a
semantic-short:bge-boundaries:60-180:q70:v1:2271676346:000003656760-000003757920,106,semantic:bge:leaf-local-6-2:42:106,Sooneutraalne ajateenistus ja reservi täitmine,0.8200000000000001,0.81,"{""129"": 0.0, ""170"": 0.0, ""22"": 0.0, ""220"": 0.0, ""70"": 0.0, ""78"": 0.0, ""106"": 0.8200000000000001, ""30"": 0.0, ""80"": 0.0, ""9"": 0.0, ""147"": 0.0, ""134"": 0.0, ""117"": 0.0, ""136"": 0.0, ""2"": 0.0, ""114"": 0.0, ""26"": 0.0, ""123"": 0.0, ""79"": 0.0, ""126"": 0.0, ""13"": 0.0, ""113"": 0.0, ""166"": 0.0, ""223"": 0.0, ""38"": 0.0, ""67"": 0.0, ""208"": 0.0, ""181"": 0.0, ""197"": 0.0, ""216"": 0.0, ""108"": 0.0, ""165"": 0.0, ""105"": 0.0, ""65"": 0.0, ""94"": 0.0, ""15"": 0.0, ""120"": 0.0, ""124"": 0.0, ""128"": 0.0, ""226"": 0.0, ""222"": 0.0, ""159"": 0.0, ""172"": 0.0, ""200"": 0.0, ""235"": 0.0, ""231"": 0.0, ""175"": 0.0, ""209"": 0.0, ""85"": 0.0, ""8"": 0.0, ""139"": 0.0, ""212"": 0.0, ""46"": 0.0, ""17"": 0.0, ""68"": 0.0, ""146"": 0.0, ""161"": 0.0, ""144"": 0.0, ""202"": 0.0, ""122"": 0.0, ""37"": 0.0, ""131"": 0.0, ""183"": 0.0, ""50"": 0.0, ""23"": 0.0, ""207"": 0.0, ""148"": 0.0, ""71"": 0.0, ""150"": 0.0, ""205"": 0.0, ""121"": 0.0, ""99"": 0.0, ""118"": 0.0, ""90"": 0.0, ""63"": 0.0, ""232"": 0.0, ""112"": 0.0, ""12"": 0.0, ""187"": 0.0, ""44"": 0.0, ""102"": 0.0, ""155"": 0.0, ""130"": 0.0, ""228"": 0.0, ""93"": 0.0, ""69"": 0.0, ""18"": 0.0, ""196"": 0.0, ""188"": 0.0, ""171"": 0.0, ""174"": 0.0, ""75"": 0.0, ""14"": 0.0, ""211"": 0.0, ""55"": 0.0, ""204"": 0.0, ""25"": 0.0, ""32"": 0.0, ""89"": 0.0, ""35"": 0.0, ""40"": 0.0, ""195"": 0.0, ""135"": 0.0, ""34"": 0.0, ""178"": 0.0, ""110"": 0.0, ""176"": 0.0, ""16"": 0.0, ""74"": 0.0, ""133"": 0.0, ""193"": 0.0, ""225"": 0.0, ""77"": 0.0, ""156"": 0.0, ""21"": 0.0, ""201"": 0.0, ""230"": 0.0, ""213"": 0.0, ""20"": 0.0, ""149"": 0.0, ""111"": 0.0, ""219"": 0.0, ""138"": 0.0, ""91"": 0.0, ""218"": 0.0, ""7"": 0.0, ""153"": 0.0, ""53"": 0.0, ""83"": 0.0, ""66"": 0.0, ""184"": 0.0, ""95"": 0.0, ""127"": 0.0, ""107"": 0.0, ""198"": 0.0, ""163"": 0.0, ""210"": 0.0, ""186"": 0.0, ""162"": 0.0, ""45"": 0.0, ""119"": 0.0, ""145"": 0.0, ""76"": 0.0, ""0"": 0.0, ""86"": 0.0, ""224"": 0.0, ""158"": 0.0, ""24"": 0.0, ""206"": 0.0, ""58"": 0.0, ""185"": 0.0, ""191"": 0.0, ""103"": 0.0, ""27"": 0.0, ""52"": 0.0, ""19"": 0.0, ""48"": 0.0, ""-1"": 0.0, ""154"": 0.0, ""116"": 0.0, ""142"": 0.0, ""180"": 0.0, ""54"": 0.0, ""64"": 0.0, ""28"": 0.0, ""33"": 0.0, ""10"": 0.0, ""173"": 0.0, ""62"": 0.0, ""51"": 0.0, ""115"": 0.0, ""47"": 0.0, ""6"": 0.0, ""192"": 0.0, ""160"": 0.0, ""87"": 0.0, ""152"": 0.0, ""92"": 0.0, ""182"": 0.0, ""59"": 0.0, ""141"": 0.0, ""61"": 0.0, ""84"": 0.0, ""151"": 0.0, ""5"": 0.0, ""125"": 0.0, ""29"": 0.0, ""31"": 0.0, ""214"": 0.0, ""189"": 0.0, ""41"": 0.0, ""229"": 0.0, ""157"": 0.0, ""3"": 0.0, ""168"": 0.0, ""11"": 0.0, ""104"": 0.0, ""137"": 0.0, ""233"": 0.0, ""143"": 0.0, ""72"": 0.0, ""96"": 0.0, ""164"": 0.0, ""190"": 0.0, ""39"": 0.0, ""97"": 0.0, ""203"": 0.0, ""109"": 0.0, ""81"": 0.0, ""49"": 0.0, ""215"": 0.0, ""227"": 0.0, ""43"": 0.0, ""36"": 0.0, ""60"": 0.0, ""88"": 0.0, ""1"": 0.0, ""56"": 0.0, ""132"": 0.0, ""42"": 0.0, ""199"": 0.0, ""194"": 0.0, ""101"": 0.0, ""73"": 0.0, ""140"": 0.0, ""57"": 0.0, ""177"": 0.0, ""167"": 0.0, ""98"": 0.0, ""217"": 0.0, ""221"": 0.0, ""82"": 0.0, ""169"": 0.0, ""4"": 0.0, ""179"": 0.0, ""100"": 0.18, ""234"": 0.0}",jev-1.13.0,05ade6802f75772d81e283ade601b2c2a997c64f023e1690f140a365c4966b6e
semantic-short:bge-boundaries:60-180:q70:v1:2271676346:000003757920-000003857920,100,semantic:bge:leaf-local-6-2:42:100,naiste ajateenistuse laiendamine riigikaitses,0.64,0.63,"{""-1"": 0.0, ""203"": 0.0, ""48"": 0.0, ""107"": 0.0, ""170"": 0.0, ""21"": 0.0, ""13"": 0.0, ""83"": 0.0, ""169"": 0.0, ""108"": 0.0, ""200"": 0.0, ""98"": 0.0, ""51"": 0.0, ""52"": 0.0, ""101"": 0.0, ""49"": 0.0, ""218"": 0.0, ""6"": 0.0, ""17"": 0.0, ""64"": 0.0, ""190"": 0.0, ""163"": 0.0, ""204"": 0.0, ""12"": 0.0, ""2"": 0.0, ""82"": 0.0, ""201"": 0.0, ""228"": 0.0, ""47"": 0.0, ""35"": 0.0, ""155"": 0.0, ""179"": 0.0, ""106"": 0.36, ""142"": 0.0, ""95"": 0.0, ""73"": 0.0, ""75"": 0.0, ""76"": 0.0, ""206"": 0.0, ""45"": 0.0, ""72"": 0.0, ""24"": 0.0, ""189"": 0.0, ""42"": 0.0, ""84"": 0.0, ""27"": 0.0, ""225"": 0.0, ""56"": 0.0, ""222"": 0.0, ""199"": 0.0, ""37"": 0.0, ""212"": 0.0, ""231"": 0.0, ""211"": 0.0, ""121"": 0.0, ""115"": 0.0, ""175"": 0.0, ""132"": 0.0, ""54"": 0.0, ""227"": 0.0, ""61"": 0.0, ""177"": 0.0, ""191"": 0.0, ""92"": 0.0, ""176"": 0.0, ""195"": 0.0, ""63"": 0.0, ""81"": 0.0, ""77"": 0.0, ""157"": 0.0, ""0"": 0.0, ""111"": 0.0, ""66"": 0.0, ""30"": 0.0, ""87"": 0.0, ""213"": 0.0, ""187"": 0.0, ""9"": 0.0, ""74"": 0.0, ""126"": 0.0, ""186"": 0.0, ""90"": 0.0, ""71"": 0.0, ""151"": 0.0, ""232"": 0.0, ""91"": 0.0, ""147"": 0.0, ""14"": 0.0, ""20"": 0.0, ""86"": 0.0, ""136"": 0.0, ""172"": 0.0, ""148"": 0.0, ""15"": 0.0, ""182"": 0.0, ""153"": 0.0, ""113"": 0.0, ""184"": 0.0, ""188"": 0.0, ""185"": 0.0, ""137"": 0.0, ""138"": 0.0, ""29"": 0.0, ""65"": 0.0, ""5"": 0.0, ""3"": 0.0, ""39"": 0.0, ""19"": 0.0, ""134"": 0.0, ""79"": 0.0, ""68"": 0.0, ""44"": 0.0, ""4"": 0.0, ""36"": 0.0, ""160"": 0.0, ""109"": 0.0, ""202"": 0.0, ""119"": 0.0, ""57"": 0.0, ""34"": 0.0, ""10"": 0.0, ""78"": 0.0, ""166"": 0.0, ""85"": 0.0, ""180"": 0.0, ""208"": 0.0, ""99"": 0.0, ""165"": 0.0, ""102"": 0.0, ""145"": 0.0, ""32"": 0.0, ""207"": 0.0, ""150"": 0.0, ""124"": 0.0, ""149"": 0.0, ""116"": 0.0, ""143"": 0.0, ""224"": 0.0, ""173"": 0.0, ""53"": 0.0, ""164"": 0.0, ""112"": 0.0, ""219"": 0.0, ""59"": 0.0, ""31"": 0.0, ""23"": 0.0, ""192"": 0.0, ""216"": 0.0, ""38"": 0.0, ""196"": 0.0, ""233"": 0.0, ""22"": 0.0, ""130"": 0.0, ""194"": 0.0, ""221"": 0.0, ""125"": 0.0, ""234"": 0.0, ""181"": 0.0, ""210"": 0.0, ""110"": 0.0, ""67"": 0.0, ""229"": 0.0, ""158"": 0.0, ""223"": 0.0, ""103"": 0.0, ""156"": 0.0, ""96"": 0.0, ""11"": 0.0, ""60"": 0.0, ""235"": 0.0, ""120"": 0.0, ""152"": 0.0, ""43"": 0.0, ""69"": 0.0, ""28"": 0.0, ""128"": 0.0, ""55"": 0.0, ""168"": 0.0, ""123"": 0.0, ""97"": 0.0, ""129"": 0.0, ""167"": 0.0, ""62"": 0.0, ""214"": 0.0, ""94"": 0.0, ""118"": 0.0, ""100"": 0.64, ""16"": 0.0, ""217"": 0.0, ""197"": 0.0, ""162"": 0.0, ""7"": 0.0, ""171"": 0.0, ""140"": 0.0, ""220"": 0.0, ""41"": 0.0, ""230"": 0.0, ""144"": 0.0, ""209"": 0.0, ""146"": 0.0, ""135"": 0.0, ""215"": 0.0, ""33"": 0.0, ""183"": 0.0, ""1"": 0.0, ""114"": 0.0, ""105"": 0.0, ""117"": 0.0, ""104"": 0.0, ""141"": 0.0, ""88"": 0.0, ""93"": 0.0, ""80"": 0.0, ""89"": 0.0, ""161"": 0.0, ""58"": 0.0, ""205"": 0.0, ""50"": 0.0, ""18"": 0.0, ""178"": 0.0, ""154"": 0.0, ""174"": 0.0, ""40"": 0.0, ""131"": 0.0, ""122"": 0.0, ""198"": 0.0, ""8"": 0.0, ""133"": 0.0, ""127"": 0.0, ""26"": 0.0, ""139"": 0.0, ""193"": 0.0, ""70"": 0.0, ""159"": 0.0, ""226"": 0.0, ""46"": 0.0, ""25"": 0.0}",jev-1.13.0,b8e542dcde30d03a31e3ed4ace7bacead477e1e6dfc86fe58576b3b55fb62dfd
semantic-short:bge-boundaries:60-180:q70:v1:2271676346:000003857920-000003955480,106,semantic:bge:leaf-local-6-2:42:106,Sooneutraalne ajateenistus ja reservi täitmine,0.6,0.59,"{""232"": 0.0, ""231"": 0.0, ""139"": 0.0, ""157"": 0.0, ""26"": 0.0, ""104"": 0.0, ""163"": 0.0, ""93"": 0.0, ""202"": 0.0, ""182"": 0.0, ""23"": 0.0, ""201"": 0.0, ""195"": 0.0, ""107"": 0.0, ""99"": 0.01, ""171"": 0.0, ""223"": 0.0, ""187"": 0.0, ""211"": 0.0, ""207"": 0.0, ""121"": 0.0, ""19"": 0.0, ""173"": 0.0, ""100"": 0.17, ""134"": 0.0, ""141"": 0.0, ""68"": 0.03, ""22"": 0.0, ""40"": 0.0, ""59"": 0.0, ""10"": 0.0, ""69"": 0.0, ""13"": 0.0, ""90"": 0.0, ""184"": 0.0, ""196"": 0.0, ""178"": 0.0, ""18"": 0.0, ""72"": 0.0, ""154"": 0.0, ""175"": 0.0, ""222"": 0.0, ""168"": 0.0, ""140"": 0.0, ""153"": 0.0, ""36"": 0.0, ""112"": 0.0, ""65"": 0.0, ""146"": 0.09999999999999999, ""21"": 0.0, ""15"": 0.0, ""147"": 0.0, ""35"": 0.0, ""174"": 0.0, ""160"": 0.0, ""66"": 0.0, ""166"": 0.0, ""205"": 0.0, ""103"": 0.0, ""33"": 0.0, ""144"": 0.0, ""16"": 0.0, ""212"": 0.0, ""94"": 0.0, ""32"": 0.0, ""109"": 0.0, ""185"": 0.0, ""46"": 0.0, ""30"": 0.0, ""108"": 0.0, ""5"": 0.0, ""206"": 0.0, ""53"": 0.0, ""113"": 0.0, ""56"": 0.0, ""79"": 0.0, ""110"": 0.0, ""145"": 0.0, ""0"": 0.0, ""55"": 0.0, ""229"": 0.0, ""63"": 0.0, ""47"": 0.0, ""191"": 0.0, ""151"": 0.0, ""62"": 0.0, ""2"": 0.0, ""181"": 0.0, ""213"": 0.0, ""1"": 0.0, ""204"": 0.0, ""8"": 0.0, ""43"": 0.0, ""4"": 0.0, ""149"": 0.0, ""57"": 0.0, ""233"": 0.0, ""49"": 0.0, ""218"": 0.0, ""89"": 0.0, ""177"": 0.0, ""86"": 0.0, ""17"": 0.0, ""186"": 0.0, ""235"": 0.0, ""138"": 0.0, ""28"": 0.0, ""214"": 0.0, ""188"": 0.03, ""220"": 0.0, ""136"": 0.0, ""73"": 0.0, ""169"": 0.0, ""193"": 0.0, ""91"": 0.0, ""14"": 0.0, ""85"": 0.0, ""48"": 0.0, ""228"": 0.0, ""164"": 0.0, ""197"": 0.0, ""119"": 0.0, ""88"": 0.0, ""25"": 0.0, ""199"": 0.0, ""92"": 0.0, ""155"": 0.0, ""167"": 0.0, ""39"": 0.0, ""158"": 0.0, ""76"": 0.0, ""102"": 0.0, ""120"": 0.0, ""61"": 0.0, ""74"": 0.0, ""-1"": 0.03, ""54"": 0.0, ""129"": 0.0, ""133"": 0.0, ""150"": 0.0, ""156"": 0.0, ""131"": 0.0, ""37"": 0.0, ""38"": 0.0, ""44"": 0.0, ""132"": 0.0, ""114"": 0.0, ""31"": 0.0, ""80"": 0.0, ""111"": 0.0, ""12"": 0.0, ""87"": 0.0, ""224"": 0.0, ""183"": 0.0, ""27"": 0.0, ""123"": 0.0, ""98"": 0.01, ""161"": 0.0, ""52"": 0.0, ""70"": 0.0, ""179"": 0.0, ""11"": 0.0, ""219"": 0.0, ""95"": 0.0, ""7"": 0.0, ""215"": 0.0, ""143"": 0.0, ""34"": 0.0, ""142"": 0.0, ""200"": 0.0, ""159"": 0.0, ""116"": 0.0, ""84"": 0.0, ""203"": 0.0, ""6"": 0.0, ""209"": 0.0, ""29"": 0.0, ""234"": 0.0, ""51"": 0.0, ""125"": 0.0, ""71"": 0.0, ""20"": 0.0, ""75"": 0.0, ""81"": 0.0, ""82"": 0.0, ""227"": 0.0, ""152"": 0.0, ""124"": 0.0, ""118"": 0.0, ""101"": 0.0, ""221"": 0.0, ""60"": 0.0, ""230"": 0.0, ""128"": 0.0, ""126"": 0.0, ""180"": 0.0, ""135"": 0.0, ""190"": 0.0, ""45"": 0.02, ""208"": 0.0, ""216"": 0.0, ""106"": 0.6, ""176"": 0.0, ""67"": 0.0, ""105"": 0.0, ""217"": 0.0, ""192"": 0.0, ""189"": 0.0, ""170"": 0.0, ""165"": 0.0, ""117"": 0.0, ""50"": 0.0, ""137"": 0.0, ""198"": 0.0, ""172"": 0.0, ""148"": 0.0, ""97"": 0.0, ""77"": 0.0, ""115"": 0.0, ""64"": 0.0, ""96"": 0.0, ""210"": 0.0, ""83"": 0.0, ""194"": 0.0, ""41"": 0.0, ""225"": 0.0, ""127"": 0.0, ""162"": 0.0, ""78"": 0.0, ""58"": 0.0, ""24"": 0.0, ""122"": 0.0, ""3"": 0.0, ""226"": 0.0, ""9"": 0.0, ""130"": 0.0, ""42"": 0.0}",jev-1.13.0,94132cf8bbee8d4b2325a88438da49869587298d3be10fc3aac73634cc95d0ad
semantic-short:bge-boundaries:60-180:q70:v1:2271676346:000003955480-000004089240,106,semantic:bge:leaf-local-6-2:42:106,Sooneutraalne ajateenistus ja reservi täitmine,0.34,0.33,"{""35"": 0.0, ""46"": 0.0, ""66"": 0.0, ""17"": 0.0, ""173"": 0.0, ""224"": 0.0, ""111"": 0.0, ""48"": 0.0, ""235"": 0.0, ""0"": 0.0, ""99"": 0.0, ""124"": 0.0, ""37"": 0.0, ""181"": 0.0, ""184"": 0.0, ""24"": 0.0, ""129"": 0.0, ""201"": 0.0, ""160"": 0.0, ""231"": 0.0, ""217"": 0.0, ""113"": 0.0, ""200"": 0.0, ""32"": 0.0, ""36"": 0.0, ""131"": 0.0, ""191"": 0.0, ""55"": 0.0, ""183"": 0.0, ""67"": 0.0, ""123"": 0.0, ""71"": 0.0, ""136"": 0.0, ""216"": 0.0, ""233"": 0.0, ""142"": 0.0, ""223"": 0.0, ""64"": 0.0, ""225"": 0.0, ""117"": 0.0, ""54"": 0.0, ""7"": 0.0, ""16"": 0.0, ""186"": 0.0, ""72"": 0.0, ""204"": 0.0, ""53"": 0.0, ""21"": 0.0, ""114"": 0.0, ""20"": 0.0, ""149"": 0.0, ""12"": 0.0, ""44"": 0.0, ""112"": 0.0, ""15"": 0.0, ""100"": 0.06999999999999999, ""118"": 0.0, ""95"": 0.0, ""170"": 0.0, ""-1"": 0.11, ""25"": 0.0, ""3"": 0.0, ""13"": 0.0, ""234"": 0.0, ""78"": 0.0, ""109"": 0.0, ""103"": 0.0, ""9"": 0.0, ""87"": 0.0, ""164"": 0.0, ""62"": 0.0, ""175"": 0.0, ""98"": 0.0, ""23"": 0.0, ""39"": 0.0, ""210"": 0.0, ""1"": 0.0, ""47"": 0.0, ""59"": 0.0, ""81"": 0.0, ""189"": 0.03, ""138"": 0.0, ""168"": 0.0, ""26"": 0.0, ""158"": 0.0, ""97"": 0.0, ""161"": 0.0, ""65"": 0.0, ""188"": 0.0, ""135"": 0.0, ""154"": 0.0, ""14"": 0.0, ""205"": 0.0, ""43"": 0.0, ""96"": 0.0, ""84"": 0.0, ""128"": 0.0, ""211"": 0.0, ""192"": 0.0, ""203"": 0.0, ""126"": 0.0, ""179"": 0.0, ""85"": 0.0, ""213"": 0.0, ""145"": 0.0, ""19"": 0.0, ""207"": 0.0, ""193"": 0.0, ""176"": 0.0, ""80"": 0.09, ""56"": 0.0, ""226"": 0.0, ""190"": 0.0, ""202"": 0.0, ""140"": 0.0, ""194"": 0.0, ""206"": 0.0, ""86"": 0.0, ""174"": 0.0, ""163"": 0.0, ""230"": 0.0, ""68"": 0.0, ""195"": 0.0, ""221"": 0.0, ""88"": 0.0, ""155"": 0.0, ""227"": 0.0, ""94"": 0.0, ""130"": 0.0, ""50"": 0.0, ""187"": 0.0, ""132"": 0.0, ""159"": 0.0, ""185"": 0.0, ""122"": 0.0, ""167"": 0.0, ""125"": 0.0, ""212"": 0.0, ""143"": 0.0, ""91"": 0.0, ""75"": 0.0, ""214"": 0.0, ""49"": 0.0, ""133"": 0.0, ""157"": 0.0, ""30"": 0.0, ""119"": 0.0, ""150"": 0.0, ""147"": 0.0, ""110"": 0.0, ""152"": 0.0, ""28"": 0.01, ""76"": 0.0, ""127"": 0.0, ""229"": 0.0, ""60"": 0.0, ""171"": 0.0, ""199"": 0.0, ""77"": 0.0, ""198"": 0.0, ""209"": 0.0, ""220"": 0.0, ""102"": 0.0, ""8"": 0.0, ""82"": 0.0, ""11"": 0.0, ""107"": 0.0, ""27"": 0.0, ""104"": 0.0, ""232"": 0.0, ""41"": 0.0, ""196"": 0.0, ""33"": 0.0, ""45"": 0.19, ""40"": 0.0, ""6"": 0.0, ""218"": 0.0, ""219"": 0.0, ""79"": 0.0, ""89"": 0.0, ""34"": 0.0, ""90"": 0.0, ""93"": 0.0, ""141"": 0.0, ""169"": 0.0, ""120"": 0.0, ""57"": 0.0, ""115"": 0.0, ""52"": 0.0, ""101"": 0.0, ""134"": 0.0, ""172"": 0.0, ""4"": 0.0, ""5"": 0.0, ""156"": 0.0, ""83"": 0.06999999999999999, ""63"": 0.0, ""151"": 0.0, ""215"": 0.0, ""177"": 0.0, ""106"": 0.34, ""31"": 0.0, ""108"": 0.0, ""153"": 0.0, ""228"": 0.0, ""51"": 0.0, ""29"": 0.01, ""144"": 0.0, ""105"": 0.0, ""70"": 0.0, ""165"": 0.0, ""121"": 0.0, ""10"": 0.0, ""139"": 0.0, ""92"": 0.0, ""38"": 0.0, ""166"": 0.0, ""148"": 0.0, ""178"": 0.0, ""208"": 0.0, ""61"": 0.0, ""2"": 0.0, ""162"": 0.0, ""222"": 0.0, ""18"": 0.0, ""180"": 0.0, ""58"": 0.0, ""73"": 0.0, ""22"": 0.0, ""42"": 0.0, ""137"": 0.0, ""197"": 0.0, ""146"": 0.06999999999999999, ""116"": 0.0, ""182"": 0.0, ""69"": 0.0, ""74"": 0.0}",jev-1.13.0,5dd2579c5e4716e740068d79ba0891417d8d19804df2e6faa71837757ae120a7
semantic-short:bge-boundaries:60-180:q70:v1:2271676346:000004089240-000004253200,106,semantic:bge:leaf-local-6-2:42:106,Sooneutraalne ajateenistus ja reservi täitmine,0.52,0.5,"{""92"": 0.0, ""57"": 0.0, ""74"": 0.0, ""85"": 0.0, ""51"": 0.0, ""76"": 0.0, ""75"": 0.0, ""93"": 0.0, ""121"": 0.0, ""200"": 0.0, ""16"": 0.0, ""82"": 0.0, ""128"": 0.0, ""156"": 0.0, ""132"": 0.0, ""222"": 0.0, ""84"": 0.0, ""90"": 0.0, ""201"": 0.0, ""134"": 0.0, ""198"": 0.0, ""179"": 0.0, ""211"": 0.0, ""14"": 0.0, ""60"": 0.0, ""6"": 0.0, ""226"": 0.0, ""223"": 0.0, ""152"": 0.0, ""59"": 0.0, ""141"": 0.02, ""47"": 0.0, ""72"": 0.0, ""202"": 0.0, ""66"": 0.0, ""158"": 0.0, ""34"": 0.0, ""197"": 0.0, ""229"": 0.0, ""56"": 0.0, ""228"": 0.0, ""174"": 0.0, ""227"": 0.0, ""148"": 0.0, ""115"": 0.0, ""136"": 0.0, ""98"": 0.0, ""234"": 0.0, ""104"": 0.0, ""155"": 0.0, ""30"": 0.0, ""38"": 0.0, ""4"": 0.0, ""99"": 0.01, ""213"": 0.0, ""163"": 0.0, ""144"": 0.0, ""78"": 0.0, ""142"": 0.0, ""151"": 0.0, ""154"": 0.0, ""94"": 0.0, ""122"": 0.0, ""117"": 0.0, ""96"": 0.0, ""140"": 0.0, ""105"": 0.0, ""71"": 0.0, ""131"": 0.0, ""199"": 0.0, ""168"": 0.0, ""191"": 0.0, ""175"": 0.0, ""177"": 0.0, ""194"": 0.0, ""45"": 0.06999999999999999, ""23"": 0.0, ""116"": 0.0, ""145"": 0.0, ""65"": 0.0, ""225"": 0.0, ""184"": 0.0, ""107"": 0.0, ""52"": 0.0, ""215"": 0.0, ""178"": 0.0, ""20"": 0.0, ""185"": 0.0, ""112"": 0.0, ""91"": 0.0, ""70"": 0.0, ""214"": 0.0, ""26"": 0.0, ""106"": 0.52, ""40"": 0.0, ""235"": 0.0, ""188"": 0.0, ""21"": 0.0, ""212"": 0.0, ""48"": 0.0, ""32"": 0.0, ""166"": 0.0, ""167"": 0.0, ""159"": 0.02, ""146"": 0.15000000000000002, ""169"": 0.0, ""12"": 0.0, ""124"": 0.0, ""97"": 0.0, ""44"": 0.0, ""160"": 0.0, ""79"": 0.0, ""29"": 0.0, ""8"": 0.0, ""103"": 0.0, ""3"": 0.0, ""62"": 0.0, ""137"": 0.0, ""109"": 0.0, ""95"": 0.0, ""176"": 0.0, ""0"": 0.0, ""203"": 0.0, ""17"": 0.0, ""207"": 0.0, ""172"": 0.0, ""180"": 0.0, ""5"": 0.0, ""35"": 0.0, ""2"": 0.0, ""224"": 0.0, ""162"": 0.0, ""130"": 0.0, ""219"": 0.0, ""208"": 0.0, ""28"": 0.0, ""49"": 0.0, ""189"": 0.0, ""101"": 0.0, ""88"": 0.0, ""183"": 0.0, ""61"": 0.0, ""33"": 0.0, ""89"": 0.0, ""233"": 0.0, ""86"": 0.0, ""73"": 0.0, ""7"": 0.0, ""125"": 0.0, ""53"": 0.0, ""39"": 0.0, ""55"": 0.0, ""110"": 0.0, ""64"": 0.0, ""119"": 0.0, ""230"": 0.0, ""216"": 0.0, ""58"": 0.0, ""68"": 0.0, ""18"": 0.0, ""164"": 0.0, ""46"": 0.0, ""129"": 0.0, ""138"": 0.0, ""143"": 0.0, ""165"": 0.0, ""173"": 0.0, ""13"": 0.0, ""147"": 0.0, ""9"": 0.0, ""126"": 0.0, ""204"": 0.0, ""221"": 0.0, ""123"": 0.0, ""218"": 0.0, ""102"": 0.0, ""127"": 0.0, ""42"": 0.0, ""67"": 0.0, ""114"": 0.0, ""31"": 0.0, ""220"": 0.0, ""77"": 0.0, ""217"": 0.0, ""24"": 0.0, ""81"": 0.0, ""15"": 0.0, ""195"": 0.0, ""149"": 0.0, ""153"": 0.0, ""113"": 0.0, ""50"": 0.0, ""120"": 0.0, ""83"": 0.02, ""41"": 0.0, ""133"": 0.0, ""108"": 0.0, ""192"": 0.0, ""63"": 0.0, ""-1"": 0.09, ""1"": 0.0, ""170"": 0.0, ""187"": 0.0, ""22"": 0.0, ""205"": 0.0, ""181"": 0.0, ""190"": 0.0, ""135"": 0.0, ""209"": 0.0, ""118"": 0.0, ""11"": 0.0, ""139"": 0.0, ""210"": 0.0, ""54"": 0.0, ""100"": 0.09, ""37"": 0.0, ""10"": 0.0, ""196"": 0.0, ""186"": 0.0, ""232"": 0.0, ""206"": 0.0, ""157"": 0.0, ""36"": 0.0, ""69"": 0.0, ""87"": 0.0, ""150"": 0.0, ""111"": 0.0, ""193"": 0.0, ""43"": 0.0, ""25"": 0.0, ""182"": 0.0, ""231"": 0.0, ""171"": 0.0, ""27"": 0.0, ""80"": 0.0, ""161"": 0.0, ""19"": 0.0}",jev-1.13.0,b072d44455f2a577a64c8d636a3798cc057e7463c661e42182e83f63eb43c723
semantic-short:bge-boundaries:60-180:q70:v1:2271676346:000004253200-000004356720,106,semantic:bge:leaf-local-6-2:42:106,Sooneutraalne ajateenistus ja reservi täitmine,0.43,0.41,"{""44"": 0.0, ""30"": 0.0, ""85"": 0.0, ""99"": 0.01, ""88"": 0.0, ""169"": 0.0, ""174"": 0.0, ""53"": 0.0, ""147"": 0.0, ""48"": 0.0, ""144"": 0.0, ""145"": 0.0, ""171"": 0.0, ""172"": 0.0, ""146"": 0.0, ""187"": 0.0, ""62"": 0.0, ""24"": 0.0, ""194"": 0.0, ""198"": 0.0, ""210"": 0.0, ""106"": 0.43, ""168"": 0.0, ""160"": 0.0, ""28"": 0.0, ""8"": 0.0, ""97"": 0.01, ""211"": 0.0, ""116"": 0.0, ""126"": 0.0, ""205"": 0.0, ""121"": 0.0, ""102"": 0.0, ""151"": 0.0, ""9"": 0.0, ""173"": 0.0, ""23"": 0.0, ""37"": 0.0, ""203"": 0.0, ""70"": 0.0, ""50"": 0.0, ""217"": 0.0, ""149"": 0.0, ""185"": 0.0, ""161"": 0.0, ""233"": 0.0, ""117"": 0.0, ""164"": 0.0, ""103"": 0.0, ""20"": 0.0, ""100"": 0.08, ""75"": 0.0, ""153"": 0.0, ""135"": 0.0, ""141"": 0.0, ""61"": 0.0, ""170"": 0.0, ""1"": 0.0, ""55"": 0.0, ""186"": 0.0, ""213"": 0.0, ""80"": 0.0, ""134"": 0.0, ""209"": 0.0, ""143"": 0.0, ""142"": 0.0, ""78"": 0.0, ""26"": 0.0, ""59"": 0.0, ""35"": 0.0, ""108"": 0.0, ""73"": 0.0, ""221"": 0.0, ""158"": 0.0, ""83"": 0.02, ""25"": 0.0, ""98"": 0.01, ""33"": 0.0, ""136"": 0.0, ""127"": 0.0, ""93"": 0.0, ""82"": 0.0, ""199"": 0.0, ""42"": 0.0, ""22"": 0.0, ""130"": 0.0, ""104"": 0.0, ""57"": 0.0, ""34"": 0.0, ""46"": 0.0, ""215"": 0.0, ""214"": 0.0, ""201"": 0.0, ""137"": 0.0, ""17"": 0.0, ""224"": 0.0, ""120"": 0.0, ""196"": 0.0, ""101"": 0.0, ""124"": 0.0, ""125"": 0.0, ""163"": 0.0, ""19"": 0.0, ""-1"": 0.38, ""113"": 0.0, ""12"": 0.0, ""68"": 0.0, ""182"": 0.0, ""39"": 0.0, ""129"": 0.0, ""41"": 0.0, ""138"": 0.0, ""87"": 0.0, ""228"": 0.0, ""3"": 0.0, ""219"": 0.0, ""79"": 0.0, ""54"": 0.0, ""0"": 0.0, ""140"": 0.0, ""235"": 0.0, ""192"": 0.0, ""175"": 0.0, ""133"": 0.0, ""188"": 0.0, ""180"": 0.0, ""77"": 0.0, ""118"": 0.0, ""206"": 0.0, ""4"": 0.0, ""156"": 0.0, ""60"": 0.0, ""155"": 0.0, ""58"": 0.0, ""10"": 0.0, ""74"": 0.0, ""131"": 0.0, ""32"": 0.0, ""193"": 0.0, ""47"": 0.0, ""179"": 0.0, ""89"": 0.0, ""69"": 0.0, ""90"": 0.0, ""112"": 0.0, ""189"": 0.0, ""15"": 0.0, ""36"": 0.0, ""110"": 0.0, ""27"": 0.0, ""31"": 0.0, ""218"": 0.0, ""200"": 0.0, ""76"": 0.0, ""232"": 0.0, ""225"": 0.0, ""29"": 0.0, ""72"": 0.0, ""229"": 0.0, ""111"": 0.0, ""92"": 0.0, ""139"": 0.0, ""67"": 0.0, ""18"": 0.0, ""197"": 0.0, ""5"": 0.0, ""195"": 0.0, ""43"": 0.0, ""71"": 0.0, ""152"": 0.0, ""123"": 0.0, ""148"": 0.0, ""231"": 0.0, ""2"": 0.0, ""184"": 0.0, ""86"": 0.0, ""204"": 0.0, ""227"": 0.0, ""128"": 0.0, ""38"": 0.0, ""181"": 0.0, ""166"": 0.0, ""84"": 0.0, ""109"": 0.0, ""167"": 0.0, ""65"": 0.0, ""6"": 0.0, ""132"": 0.0, ""16"": 0.0, ""115"": 0.0, ""159"": 0.0, ""51"": 0.0, ""56"": 0.0, ""52"": 0.0, ""119"": 0.0, ""95"": 0.0, ""177"": 0.0, ""230"": 0.0, ""81"": 0.0, ""202"": 0.0, ""114"": 0.0, ""63"": 0.0, ""96"": 0.0, ""220"": 0.0, ""223"": 0.0, ""190"": 0.0, ""216"": 0.0, ""107"": 0.0, ""183"": 0.0, ""21"": 0.0, ""66"": 0.0, ""13"": 0.0, ""207"": 0.0, ""212"": 0.0, ""7"": 0.0, ""91"": 0.0, ""150"": 0.0, ""208"": 0.0, ""226"": 0.0, ""105"": 0.0, ""122"": 0.0, ""178"": 0.0, ""162"": 0.0, ""40"": 0.0, ""49"": 0.0, ""11"": 0.0, ""14"": 0.0, ""191"": 0.0, ""64"": 0.0, ""222"": 0.0, ""176"": 0.0, ""154"": 0.0, ""94"": 0.0, ""234"": 0.0, ""165"": 0.0, ""45"": 0.05, ""157"": 0.0}",jev-1.13.0,6e76d342bfd57e049df4997a1007ab54f9f7fd71908694e12dedd4b991006802
semantic-short:bge-boundaries:60-180:q70:v1:2271676346:000004356720-000004526120,189,semantic:bge:leaf-local-6-2:42:189,kihiline õhukaitse ja mehitamata võimed,0.95,0.94,"{""89"": 0.0, ""172"": 0.0, ""133"": 0.0, ""72"": 0.0, ""123"": 0.0, ""191"": 0.0, ""69"": 0.0, ""174"": 0.0, ""98"": 0.0, ""143"": 0.0, ""91"": 0.0, ""179"": 0.0, ""35"": 0.0, ""1"": 0.0, ""165"": 0.0, ""215"": 0.0, ""156"": 0.0, ""186"": 0.0, ""102"": 0.0, ""119"": 0.0, ""80"": 0.0, ""121"": 0.0, ""183"": 0.0, ""83"": 0.0, ""153"": 0.0, ""124"": 0.0, ""96"": 0.0, ""193"": 0.0, ""231"": 0.0, ""196"": 0.0, ""67"": 0.0, ""131"": 0.0, ""62"": 0.0, ""15"": 0.0, ""29"": 0.0, ""115"": 0.0, ""163"": 0.0, ""203"": 0.0, ""208"": 0.0, ""140"": 0.0, ""117"": 0.0, ""225"": 0.0, ""52"": 0.0, ""24"": 0.0, ""59"": 0.0, ""34"": 0.0, ""164"": 0.0, ""178"": 0.0, ""40"": 0.0, ""78"": 0.0, ""177"": 0.0, ""162"": 0.0, ""127"": 0.0, ""10"": 0.0, ""146"": 0.0, ""142"": 0.0, ""49"": 0.0, ""176"": 0.0, ""20"": 0.0, ""194"": 0.0, ""139"": 0.0, ""188"": 0.0, ""168"": 0.0, ""175"": 0.0, ""182"": 0.0, ""32"": 0.0, ""211"": 0.0, ""51"": 0.0, ""189"": 0.95, ""31"": 0.0, ""173"": 0.0, ""90"": 0.0, ""118"": 0.0, ""130"": 0.0, ""128"": 0.0, ""205"": 0.0, ""159"": 0.0, ""92"": 0.0, ""132"": 0.0, ""167"": 0.0, ""38"": 0.0, ""198"": 0.0, ""5"": 0.0, ""206"": 0.0, ""75"": 0.0, ""36"": 0.0, ""84"": 0.0, ""54"": 0.0, ""68"": 0.0, ""44"": 0.0, ""154"": 0.0, ""218"": 0.0, ""87"": 0.0, ""170"": 0.0, ""70"": 0.0, ""12"": 0.0, ""129"": 0.0, ""197"": 0.0, ""171"": 0.0, ""220"": 0.0, ""226"": 0.0, ""2"": 0.0, ""61"": 0.0, ""217"": 0.0, ""180"": 0.0, ""113"": 0.0, ""137"": 0.0, ""149"": 0.0, ""114"": 0.0, ""141"": 0.0, ""50"": 0.0, ""57"": 0.0, ""228"": 0.0, ""41"": 0.0, ""229"": 0.0, ""-1"": 0.05, ""107"": 0.0, ""65"": 0.0, ""76"": 0.0, ""214"": 0.0, ""7"": 0.0, ""28"": 0.0, ""26"": 0.0, ""106"": 0.0, ""190"": 0.0, ""85"": 0.0, ""101"": 0.0, ""169"": 0.0, ""56"": 0.0, ""147"": 0.0, ""17"": 0.0, ""19"": 0.0, ""213"": 0.0, ""232"": 0.0, ""181"": 0.0, ""151"": 0.0, ""116"": 0.0, ""219"": 0.0, ""202"": 0.0, ""97"": 0.0, ""126"": 0.0, ""37"": 0.0, ""166"": 0.0, ""103"": 0.0, ""48"": 0.0, ""27"": 0.0, ""53"": 0.0, ""144"": 0.0, ""158"": 0.0, ""18"": 0.0, ""77"": 0.0, ""120"": 0.0, ""161"": 0.0, ""46"": 0.0, ""221"": 0.0, ""60"": 0.0, ""222"": 0.0, ""234"": 0.0, ""199"": 0.0, ""99"": 0.0, ""212"": 0.0, ""148"": 0.0, ""47"": 0.0, ""82"": 0.0, ""138"": 0.0, ""93"": 0.0, ""39"": 0.0, ""64"": 0.0, ""201"": 0.0, ""187"": 0.0, ""136"": 0.0, ""9"": 0.0, ""105"": 0.0, ""111"": 0.0, ""192"": 0.0, ""230"": 0.0, ""95"": 0.0, ""21"": 0.0, ""195"": 0.0, ""209"": 0.0, ""22"": 0.0, ""23"": 0.0, ""125"": 0.0, ""235"": 0.0, ""233"": 0.0, ""8"": 0.0, ""155"": 0.0, ""157"": 0.0, ""4"": 0.0, ""108"": 0.0, ""135"": 0.0, ""55"": 0.0, ""184"": 0.0, ""63"": 0.0, ""42"": 0.0, ""88"": 0.0, ""207"": 0.0, ""185"": 0.0, ""152"": 0.0, ""110"": 0.0, ""94"": 0.0, ""3"": 0.0, ""150"": 0.0, ""25"": 0.0, ""81"": 0.0, ""160"": 0.0, ""6"": 0.0, ""16"": 0.0, ""74"": 0.0, ""43"": 0.0, ""112"": 0.0, ""122"": 0.0, ""227"": 0.0, ""71"": 0.0, ""14"": 0.0, ""73"": 0.0, ""109"": 0.0, ""100"": 0.0, ""204"": 0.0, ""11"": 0.0, ""210"": 0.0, ""86"": 0.0, ""13"": 0.0, ""30"": 0.0, ""200"": 0.0, ""33"": 0.0, ""145"": 0.0, ""45"": 0.0, ""58"": 0.0, ""79"": 0.0, ""104"": 0.0, ""224"": 0.0, ""216"": 0.0, ""66"": 0.0, ""223"": 0.0, ""0"": 0.0, ""134"": 0.0}",jev-1.13.0,67d3c7748e1f2dfb63e43fb3697a3ee9c7c3910a5c2916f12163d4c8729e7055
semantic-short:bge-boundaries:60-180:q70:v1:2271676346:000004526120-000004592240,189,semantic:bge:leaf-local-6-2:42:189,kihiline õhukaitse ja mehitamata võimed,0.53,0.52,"{""64"": 0.0, ""63"": 0.0, ""104"": 0.0, ""175"": 0.0, ""22"": 0.0, ""231"": 0.0, ""4"": 0.0, ""26"": 0.0, ""85"": 0.0, ""36"": 0.0, ""147"": 0.0, ""173"": 0.0, ""185"": 0.0, ""23"": 0.0, ""203"": 0.0, ""92"": 0.0, ""94"": 0.0, ""212"": 0.0, ""159"": 0.0, ""86"": 0.0, ""189"": 0.53, ""65"": 0.0, ""168"": 0.0, ""119"": 0.0, ""113"": 0.0, ""166"": 0.0, ""53"": 0.0, ""68"": 0.0, ""135"": 0.0, ""198"": 0.0, ""144"": 0.0, ""108"": 0.0, ""41"": 0.0, ""100"": 0.0, ""54"": 0.0, ""127"": 0.0, ""163"": 0.0, ""172"": 0.0, ""121"": 0.0, ""109"": 0.0, ""45"": 0.03, ""136"": 0.0, ""190"": 0.0, ""178"": 0.0, ""151"": 0.0, ""52"": 0.03, ""225"": 0.0, ""165"": 0.0, ""47"": 0.0, ""148"": 0.0, ""42"": 0.0, ""34"": 0.0, ""182"": 0.0, ""131"": 0.0, ""125"": 0.0, ""143"": 0.0, ""90"": 0.0, ""75"": 0.0, ""24"": 0.0, ""230"": 0.0, ""102"": 0.0, ""171"": 0.0, ""60"": 0.0, ""124"": 0.0, ""177"": 0.0, ""2"": 0.0, ""134"": 0.0, ""161"": 0.0, ""67"": 0.0, ""110"": 0.0, ""58"": 0.0, ""140"": 0.0, ""154"": 0.0, ""28"": 0.0, ""39"": 0.0, ""207"": 0.0, ""194"": 0.0, ""186"": 0.0, ""218"": 0.0, ""228"": 0.0, ""133"": 0.0, ""83"": 0.01, ""56"": 0.0, ""155"": 0.0, ""195"": 0.0, ""226"": 0.0, ""111"": 0.0, ""84"": 0.0, ""96"": 0.0, ""69"": 0.0, ""132"": 0.0, ""15"": 0.0, ""162"": 0.0, ""1"": 0.0, ""12"": 0.0, ""44"": 0.0, ""72"": 0.0, ""5"": 0.0, ""152"": 0.0, ""101"": 0.0, ""13"": 0.0, ""179"": 0.0, ""196"": 0.0, ""20"": 0.0, ""27"": 0.0, ""220"": 0.0, ""191"": 0.0, ""112"": 0.0, ""97"": 0.0, ""117"": 0.0, ""206"": 0.0, ""139"": 0.0, ""216"": 0.0, ""205"": 0.0, ""116"": 0.0, ""199"": 0.0, ""181"": 0.0, ""149"": 0.0, ""192"": 0.0, ""105"": 0.0, ""211"": 0.0, ""202"": 0.0, ""170"": 0.0, ""38"": 0.0, ""71"": 0.0, ""88"": 0.0, ""197"": 0.0, ""106"": 0.0, ""16"": 0.0, ""157"": 0.0, ""19"": 0.0, ""210"": 0.0, ""156"": 0.0, ""164"": 0.0, ""146"": 0.0, ""91"": 0.02, ""48"": 0.0, ""59"": 0.0, ""153"": 0.0, ""128"": 0.0, ""76"": 0.0, ""93"": 0.0, ""118"": 0.0, ""158"": 0.0, ""115"": 0.0, ""209"": 0.0, ""37"": 0.0, ""25"": 0.0, ""138"": 0.01, ""142"": 0.0, ""130"": 0.0, ""30"": 0.0, ""232"": 0.0, ""141"": 0.0, ""10"": 0.0, ""74"": 0.0, ""114"": 0.0, ""213"": 0.0, ""7"": 0.0, ""187"": 0.0, ""217"": 0.0, ""35"": 0.0, ""78"": 0.0, ""169"": 0.0, ""183"": 0.0, ""180"": 0.0, ""70"": 0.0, ""50"": 0.0, ""219"": 0.0, ""223"": 0.0, ""208"": 0.0, ""120"": 0.0, ""87"": 0.0, ""31"": 0.0, ""123"": 0.0, ""79"": 0.0, ""80"": 0.01, ""43"": 0.0, ""33"": 0.0, ""66"": 0.0, ""227"": 0.0, ""188"": 0.0, ""204"": 0.0, ""229"": 0.0, ""40"": 0.0, ""107"": 0.0, ""51"": 0.0, ""81"": 0.0, ""200"": 0.0, ""176"": 0.0, ""224"": 0.0, ""201"": 0.0, ""150"": 0.0, ""73"": 0.0, ""145"": 0.0, ""129"": 0.0, ""57"": 0.0, ""77"": 0.0, ""17"": 0.0, ""174"": 0.0, ""184"": 0.0, ""0"": 0.0, ""214"": 0.0, ""98"": 0.0, ""-1"": 0.32, ""62"": 0.0, ""122"": 0.0, ""46"": 0.0, ""103"": 0.0, ""235"": 0.0, ""193"": 0.0, ""99"": 0.0, ""89"": 0.0, ""11"": 0.0, ""82"": 0.0, ""18"": 0.0, ""9"": 0.0, ""21"": 0.0, ""29"": 0.03, ""215"": 0.0, ""6"": 0.0, ""61"": 0.0, ""95"": 0.0, ""222"": 0.0, ""14"": 0.0, ""8"": 0.0, ""137"": 0.0, ""55"": 0.0, ""167"": 0.0, ""160"": 0.0, ""32"": 0.0, ""233"": 0.0, ""3"": 0.0, ""49"": 0.0, ""126"": 0.0, ""234"": 0.0, ""221"": 0.0}",jev-1.13.0,6027569587d16efc501023c87b7c24bbba37448ab4d6fd9269afc9fa5d18e994
semantic-short:bge-boundaries:60-180:q70:v1:2271676346:000004592240-000004689800,-1,semantic:bge:leaf-local-6-2:42:-1,Unassigned,0.72,0.71,"{""171"": 0.0, ""89"": 0.0, ""61"": 0.0, ""114"": 0.0, ""210"": 0.0, ""224"": 0.0, ""162"": 0.0, ""107"": 0.0, ""187"": 0.0, ""65"": 0.0, ""28"": 0.0, ""77"": 0.0, ""79"": 0.0, ""115"": 0.0, ""72"": 0.0, ""104"": 0.0, ""-1"": 0.72, ""76"": 0.0, ""84"": 0.0, ""206"": 0.0, ""219"": 0.0, ""91"": 0.0, ""181"": 0.0, ""151"": 0.0, ""176"": 0.0, ""50"": 0.0, ""101"": 0.0, ""14"": 0.0, ""184"": 0.0, ""113"": 0.0, ""234"": 0.0, ""54"": 0.0, ""150"": 0.0, ""37"": 0.0, ""118"": 0.0, ""64"": 0.0, ""4"": 0.0, ""155"": 0.0, ""25"": 0.0, ""47"": 0.0, ""217"": 0.0, ""78"": 0.0, ""2"": 0.0, ""17"": 0.0, ""182"": 0.0, ""40"": 0.0, ""136"": 0.0, ""230"": 0.0, ""130"": 0.0, ""15"": 0.0, ""110"": 0.0, ""183"": 0.0, ""42"": 0.0, ""51"": 0.0, ""196"": 0.0, ""111"": 0.0, ""179"": 0.0, ""103"": 0.0, ""125"": 0.0, ""52"": 0.0, ""99"": 0.01, ""32"": 0.0, ""95"": 0.0, ""213"": 0.0, ""195"": 0.0, ""3"": 0.0, ""75"": 0.0, ""133"": 0.0, ""123"": 0.0, ""12"": 0.0, ""180"": 0.0, ""92"": 0.0, ""228"": 0.0, ""18"": 0.0, ""186"": 0.0, ""94"": 0.0, ""232"": 0.0, ""58"": 0.0, ""167"": 0.0, ""120"": 0.0, ""144"": 0.0, ""161"": 0.0, ""202"": 0.0, ""149"": 0.0, ""116"": 0.0, ""222"": 0.0, ""165"": 0.0, ""205"": 0.0, ""215"": 0.0, ""96"": 0.0, ""169"": 0.0, ""33"": 0.0, ""158"": 0.0, ""121"": 0.0, ""170"": 0.0, ""220"": 0.0, ""86"": 0.0, ""109"": 0.0, ""214"": 0.0, ""188"": 0.0, ""128"": 0.0, ""168"": 0.0, ""10"": 0.0, ""29"": 0.0, ""139"": 0.0, ""20"": 0.0, ""164"": 0.0, ""35"": 0.0, ""34"": 0.0, ""98"": 0.01, ""124"": 0.0, ""134"": 0.0, ""153"": 0.0, ""82"": 0.0, ""93"": 0.0, ""172"": 0.0, ""154"": 0.0, ""24"": 0.0, ""218"": 0.0, ""43"": 0.0, ""85"": 0.0, ""177"": 0.0, ""178"": 0.0, ""80"": 0.0, ""68"": 0.0, ""67"": 0.0, ""45"": 0.04, ""137"": 0.0, ""204"": 0.0, ""227"": 0.0, ""30"": 0.0, ""166"": 0.0, ""63"": 0.0, ""88"": 0.0, ""156"": 0.0, ""108"": 0.0, ""140"": 0.0, ""216"": 0.0, ""145"": 0.0, ""194"": 0.0, ""5"": 0.0, ""21"": 0.0, ""157"": 0.0, ""8"": 0.0, ""192"": 0.0, ""87"": 0.0, ""142"": 0.0, ""141"": 0.0, ""146"": 0.0, ""26"": 0.0, ""0"": 0.0, ""60"": 0.0, ""7"": 0.0, ""126"": 0.0, ""81"": 0.0, ""209"": 0.0, ""226"": 0.0, ""233"": 0.0, ""38"": 0.0, ""13"": 0.0, ""57"": 0.0, ""159"": 0.0, ""147"": 0.0, ""152"": 0.0, ""173"": 0.0, ""174"": 0.0, ""112"": 0.0, ""66"": 0.0, ""6"": 0.0, ""201"": 0.0, ""90"": 0.0, ""73"": 0.0, ""46"": 0.0, ""223"": 0.0, ""221"": 0.0, ""175"": 0.0, ""44"": 0.0, ""49"": 0.0, ""163"": 0.0, ""23"": 0.0, ""1"": 0.0, ""62"": 0.0, ""36"": 0.0, ""100"": 0.03, ""48"": 0.0, ""71"": 0.0, ""197"": 0.0, ""122"": 0.0, ""160"": 0.0, ""97"": 0.01, ""41"": 0.0, ""193"": 0.0, ""135"": 0.0, ""83"": 0.03, ""39"": 0.0, ""119"": 0.0, ""212"": 0.0, ""19"": 0.0, ""138"": 0.0, ""199"": 0.0, ""191"": 0.0, ""203"": 0.0, ""9"": 0.0, ""27"": 0.0, ""31"": 0.0, ""74"": 0.0, ""143"": 0.0, ""106"": 0.13, ""117"": 0.0, ""102"": 0.0, ""131"": 0.0, ""200"": 0.0, ""69"": 0.0, ""207"": 0.0, ""55"": 0.0, ""198"": 0.0, ""185"": 0.0, ""235"": 0.0, ""208"": 0.0, ""70"": 0.0, ""225"": 0.0, ""56"": 0.0, ""59"": 0.0, ""190"": 0.0, ""132"": 0.0, ""229"": 0.0, ""22"": 0.0, ""231"": 0.0, ""129"": 0.0, ""148"": 0.0, ""11"": 0.0, ""105"": 0.0, ""16"": 0.0, ""127"": 0.0, ""189"": 0.02, ""211"": 0.0, ""53"": 0.0}",jev-1.13.0,ac2c8311b9f07d5e3de5d8301bace81518456e6a03613e1b15fb38390fc7862b
semantic-short:bge-boundaries:60-180:q70:v1:2271676346:000004689800-000004826000,45,semantic:bge:leaf-local-6-2:42:45,Lai riigikaitse kodune ja kogukondlik valmisolek,0.61,0.6,"{""151"": 0.0, ""189"": 0.0, ""177"": 0.0, ""37"": 0.0, ""148"": 0.0, ""196"": 0.0, ""217"": 0.0, ""42"": 0.0, ""87"": 0.0, ""74"": 0.0, ""39"": 0.0, ""149"": 0.0, ""120"": 0.0, ""0"": 0.0, ""166"": 0.0, ""160"": 0.0, ""145"": 0.0, ""195"": 0.0, ""227"": 0.0, ""67"": 0.0, ""78"": 0.0, ""111"": 0.0, ""88"": 0.0, ""193"": 0.0, ""207"": 0.0, ""92"": 0.0, ""222"": 0.0, ""14"": 0.0, ""119"": 0.0, ""194"": 0.0, ""57"": 0.0, ""-1"": 0.060000000000000005, ""84"": 0.0, ""117"": 0.0, ""6"": 0.0, ""51"": 0.0, ""30"": 0.0, ""114"": 0.0, ""215"": 0.0, ""26"": 0.0, ""27"": 0.0, ""83"": 0.0, ""179"": 0.0, ""210"": 0.0, ""176"": 0.0, ""101"": 0.0, ""31"": 0.0, ""169"": 0.0, ""109"": 0.0, ""230"": 0.0, ""186"": 0.0, ""234"": 0.0, ""116"": 0.0, ""29"": 0.0, ""3"": 0.0, ""28"": 0.0, ""125"": 0.0, ""59"": 0.0, ""140"": 0.0, ""219"": 0.0, ""126"": 0.0, ""127"": 0.0, ""9"": 0.0, ""40"": 0.0, ""136"": 0.0, ""7"": 0.0, ""64"": 0.0, ""89"": 0.0, ""12"": 0.0, ""102"": 0.0, ""94"": 0.0, ""99"": 0.01, ""146"": 0.0, ""79"": 0.0, ""5"": 0.0, ""1"": 0.0, ""105"": 0.0, ""221"": 0.0, ""225"": 0.0, ""8"": 0.0, ""49"": 0.0, ""164"": 0.0, ""86"": 0.0, ""108"": 0.0, ""224"": 0.0, ""34"": 0.0, ""85"": 0.0, ""152"": 0.0, ""107"": 0.0, ""167"": 0.0, ""63"": 0.0, ""200"": 0.0, ""48"": 0.0, ""75"": 0.0, ""95"": 0.0, ""56"": 0.0, ""129"": 0.0, ""204"": 0.0, ""10"": 0.0, ""68"": 0.0, ""216"": 0.0, ""15"": 0.0, ""44"": 0.0, ""183"": 0.0, ""171"": 0.0, ""135"": 0.0, ""223"": 0.0, ""163"": 0.0, ""69"": 0.0, ""35"": 0.0, ""21"": 0.0, ""70"": 0.0, ""235"": 0.0, ""73"": 0.0, ""55"": 0.0, ""208"": 0.0, ""203"": 0.0, ""159"": 0.0, ""76"": 0.0, ""161"": 0.0, ""17"": 0.0, ""229"": 0.0, ""184"": 0.0, ""206"": 0.0, ""154"": 0.0, ""52"": 0.0, ""77"": 0.0, ""91"": 0.0, ""138"": 0.02, ""60"": 0.0, ""20"": 0.0, ""24"": 0.0, ""232"": 0.0, ""110"": 0.0, ""180"": 0.0, ""113"": 0.0, ""71"": 0.0, ""16"": 0.0, ""36"": 0.0, ""181"": 0.0, ""172"": 0.0, ""81"": 0.0, ""173"": 0.0, ""188"": 0.0, ""139"": 0.0, ""62"": 0.0, ""11"": 0.0, ""2"": 0.0, ""157"": 0.0, ""96"": 0.0, ""122"": 0.0, ""112"": 0.0, ""45"": 0.61, ""182"": 0.0, ""153"": 0.0, ""66"": 0.0, ""170"": 0.0, ""46"": 0.0, ""174"": 0.0, ""97"": 0.0, ""53"": 0.0, ""141"": 0.0, ""50"": 0.0, ""131"": 0.0, ""185"": 0.0, ""165"": 0.0, ""132"": 0.0, ""128"": 0.0, ""168"": 0.0, ""218"": 0.0, ""90"": 0.0, ""214"": 0.0, ""231"": 0.0, ""4"": 0.0, ""209"": 0.0, ""106"": 0.17, ""142"": 0.0, ""13"": 0.0, ""147"": 0.0, ""143"": 0.0, ""103"": 0.0, ""213"": 0.0, ""156"": 0.0, ""80"": 0.05, ""190"": 0.0, ""82"": 0.0, ""199"": 0.0, ""228"": 0.0, ""233"": 0.0, ""191"": 0.0, ""212"": 0.0, ""175"": 0.0, ""123"": 0.0, ""150"": 0.0, ""192"": 0.0, ""93"": 0.0, ""65"": 0.0, ""104"": 0.0, ""41"": 0.0, ""54"": 0.0, ""155"": 0.0, ""130"": 0.0, ""19"": 0.0, ""133"": 0.0, ""198"": 0.0, ""118"": 0.0, ""202"": 0.0, ""137"": 0.0, ""121"": 0.0, ""23"": 0.0, ""22"": 0.0, ""47"": 0.0, ""144"": 0.0, ""100"": 0.06999999999999999, ""226"": 0.0, ""187"": 0.0, ""72"": 0.0, ""25"": 0.0, ""115"": 0.0, ""32"": 0.0, ""197"": 0.0, ""158"": 0.0, ""98"": 0.01, ""43"": 0.0, ""58"": 0.0, ""38"": 0.0, ""61"": 0.0, ""178"": 0.0, ""18"": 0.0, ""205"": 0.0, ""33"": 0.0, ""201"": 0.0, ""220"": 0.0, ""124"": 0.0, ""162"": 0.0, ""211"": 0.0, ""134"": 0.0}",jev-1.13.0,9d001bd9991419831073fe512512eb945e350c941198800880d5b5392ffc38ba
semantic-short:bge-boundaries:60-180:q70:v1:2271676346:000004826000-000004892080,45,semantic:bge:leaf-local-6-2:42:45,Lai riigikaitse kodune ja kogukondlik valmisolek,0.63,0.62,"{""198"": 0.0, ""104"": 0.0, ""14"": 0.0, ""172"": 0.0, ""77"": 0.0, ""70"": 0.0, ""116"": 0.0, ""194"": 0.0, ""119"": 0.0, ""43"": 0.0, ""235"": 0.0, ""58"": 0.0, ""157"": 0.0, ""173"": 0.0, ""139"": 0.0, ""34"": 0.0, ""171"": 0.0, ""76"": 0.0, ""158"": 0.0, ""162"": 0.0, ""217"": 0.0, ""5"": 0.0, ""152"": 0.0, ""151"": 0.0, ""42"": 0.0, ""140"": 0.0, ""100"": 0.06999999999999999, ""8"": 0.0, ""6"": 0.0, ""113"": 0.0, ""63"": 0.0, ""97"": 0.0, ""21"": 0.0, ""222"": 0.0, ""110"": 0.0, ""209"": 0.0, ""176"": 0.0, ""53"": 0.0, ""125"": 0.0, ""50"": 0.0, ""-1"": 0.06999999999999999, ""105"": 0.0, ""185"": 0.0, ""168"": 0.0, ""66"": 0.0, ""83"": 0.03, ""225"": 0.0, ""132"": 0.0, ""0"": 0.0, ""57"": 0.0, ""59"": 0.0, ""189"": 0.0, ""190"": 0.0, ""80"": 0.12, ""109"": 0.0, ""26"": 0.0, ""186"": 0.0, ""126"": 0.0, ""103"": 0.0, ""197"": 0.0, ""227"": 0.0, ""107"": 0.0, ""160"": 0.0, ""41"": 0.0, ""38"": 0.0, ""128"": 0.0, ""199"": 0.0, ""193"": 0.0, ""200"": 0.0, ""19"": 0.0, ""148"": 0.0, ""33"": 0.0, ""166"": 0.0, ""11"": 0.0, ""188"": 0.0, ""203"": 0.0, ""32"": 0.0, ""65"": 0.0, ""154"": 0.0, ""102"": 0.0, ""44"": 0.0, ""167"": 0.0, ""202"": 0.0, ""36"": 0.0, ""204"": 0.0, ""216"": 0.0, ""67"": 0.0, ""164"": 0.0, ""112"": 0.0, ""17"": 0.0, ""206"": 0.0, ""81"": 0.0, ""183"": 0.0, ""62"": 0.0, ""86"": 0.0, ""224"": 0.0, ""73"": 0.0, ""47"": 0.0, ""75"": 0.0, ""7"": 0.0, ""230"": 0.0, ""108"": 0.0, ""127"": 0.0, ""135"": 0.0, ""30"": 0.0, ""226"": 0.0, ""122"": 0.0, ""13"": 0.0, ""161"": 0.0, ""52"": 0.0, ""220"": 0.0, ""131"": 0.0, ""115"": 0.0, ""25"": 0.0, ""195"": 0.0, ""201"": 0.0, ""117"": 0.0, ""9"": 0.0, ""156"": 0.0, ""99"": 0.0, ""234"": 0.0, ""165"": 0.0, ""82"": 0.0, ""141"": 0.0, ""180"": 0.0, ""27"": 0.0, ""18"": 0.0, ""64"": 0.0, ""219"": 0.0, ""232"": 0.0, ""147"": 0.0, ""85"": 0.0, ""39"": 0.0, ""22"": 0.0, ""87"": 0.0, ""182"": 0.0, ""48"": 0.0, ""233"": 0.0, ""28"": 0.0, ""120"": 0.0, ""205"": 0.0, ""184"": 0.0, ""94"": 0.0, ""92"": 0.0, ""72"": 0.0, ""29"": 0.01, ""3"": 0.0, ""134"": 0.0, ""149"": 0.01, ""23"": 0.0, ""169"": 0.0, ""208"": 0.0, ""178"": 0.0, ""130"": 0.0, ""24"": 0.0, ""129"": 0.0, ""74"": 0.0, ""114"": 0.0, ""49"": 0.0, ""106"": 0.04, ""61"": 0.0, ""54"": 0.0, ""138"": 0.02, ""31"": 0.0, ""71"": 0.0, ""69"": 0.0, ""121"": 0.0, ""218"": 0.0, ""136"": 0.0, ""212"": 0.0, ""35"": 0.0, ""55"": 0.0, ""84"": 0.0, ""51"": 0.0, ""231"": 0.0, ""90"": 0.0, ""150"": 0.0, ""229"": 0.0, ""118"": 0.0, ""146"": 0.0, ""228"": 0.0, ""192"": 0.0, ""211"": 0.0, ""95"": 0.0, ""223"": 0.0, ""124"": 0.0, ""15"": 0.0, ""93"": 0.0, ""45"": 0.63, ""221"": 0.0, ""153"": 0.0, ""175"": 0.0, ""143"": 0.0, ""111"": 0.0, ""56"": 0.0, ""12"": 0.0, ""170"": 0.0, ""187"": 0.0, ""60"": 0.0, ""214"": 0.0, ""4"": 0.0, ""196"": 0.0, ""37"": 0.0, ""163"": 0.0, ""96"": 0.0, ""78"": 0.0, ""213"": 0.0, ""191"": 0.0, ""68"": 0.0, ""1"": 0.0, ""159"": 0.0, ""101"": 0.0, ""210"": 0.0, ""91"": 0.0, ""133"": 0.0, ""40"": 0.0, ""46"": 0.0, ""16"": 0.0, ""145"": 0.0, ""137"": 0.0, ""10"": 0.0, ""20"": 0.0, ""179"": 0.0, ""2"": 0.0, ""215"": 0.0, ""142"": 0.0, ""207"": 0.0, ""181"": 0.0, ""155"": 0.0, ""144"": 0.0, ""88"": 0.0, ""98"": 0.0, ""79"": 0.0, ""89"": 0.0, ""174"": 0.0, ""123"": 0.0, ""177"": 0.0}",jev-1.13.0,fc412ade47733ae429559c3798c05bd05d42558e4be5aa7269eb6011c1282eea
semantic-short:bge-boundaries:60-180:q70:v1:2271676346:000004892080-000004994840,-1,semantic:bge:leaf-local-6-2:42:-1,Unassigned,0.5,0.48,"{""104"": 0.0, ""198"": 0.0, ""185"": 0.0, ""193"": 0.0, ""202"": 0.02, ""234"": 0.0, ""65"": 0.0, ""34"": 0.0, ""71"": 0.0, ""4"": 0.0, ""124"": 0.0, ""160"": 0.0, ""131"": 0.0, ""204"": 0.0, ""106"": 0.22, ""212"": 0.0, ""79"": 0.0, ""217"": 0.0, ""98"": 0.01, ""63"": 0.0, ""119"": 0.0, ""93"": 0.0, ""177"": 0.0, ""3"": 0.0, ""189"": 0.0, ""152"": 0.0, ""225"": 0.0, ""118"": 0.0, ""9"": 0.0, ""78"": 0.0, ""114"": 0.0, ""26"": 0.0, ""27"": 0.0, ""53"": 0.0, ""221"": 0.0, ""40"": 0.0, ""178"": 0.0, ""157"": 0.0, ""21"": 0.0, ""181"": 0.0, ""62"": 0.0, ""123"": 0.0, ""30"": 0.0, ""147"": 0.0, ""33"": 0.0, ""7"": 0.0, ""94"": 0.0, ""172"": 0.0, ""91"": 0.0, ""59"": 0.0, ""54"": 0.0, ""77"": 0.0, ""215"": 0.0, ""66"": 0.0, ""16"": 0.0, ""42"": 0.0, ""117"": 0.0, ""159"": 0.04, ""35"": 0.0, ""10"": 0.0, ""116"": 0.0, ""76"": 0.0, ""196"": 0.0, ""233"": 0.0, ""37"": 0.0, ""224"": 0.0, ""201"": 0.0, ""99"": 0.01, ""135"": 0.0, ""191"": 0.0, ""228"": 0.0, ""235"": 0.0, ""-1"": 0.5, ""110"": 0.0, ""89"": 0.0, ""5"": 0.0, ""220"": 0.0, ""133"": 0.0, ""168"": 0.0, ""195"": 0.0, ""163"": 0.0, ""208"": 0.0, ""61"": 0.0, ""162"": 0.0, ""102"": 0.0, ""200"": 0.0, ""68"": 0.0, ""158"": 0.0, ""231"": 0.0, ""171"": 0.0, ""145"": 0.0, ""90"": 0.0, ""36"": 0.0, ""80"": 0.0, ""211"": 0.0, ""45"": 0.060000000000000005, ""174"": 0.0, ""232"": 0.0, ""95"": 0.0, ""146"": 0.0, ""67"": 0.0, ""164"": 0.0, ""32"": 0.0, ""156"": 0.0, ""75"": 0.0, ""31"": 0.0, ""22"": 0.0, ""0"": 0.0, ""203"": 0.0, ""153"": 0.0, ""81"": 0.0, ""111"": 0.0, ""190"": 0.0, ""197"": 0.0, ""206"": 0.0, ""227"": 0.0, ""70"": 0.0, ""223"": 0.0, ""8"": 0.0, ""173"": 0.0, ""83"": 0.03, ""175"": 0.0, ""109"": 0.0, ""97"": 0.0, ""58"": 0.0, ""25"": 0.0, ""161"": 0.0, ""19"": 0.0, ""130"": 0.0, ""194"": 0.0, ""149"": 0.0, ""226"": 0.0, ""14"": 0.0, ""92"": 0.0, ""219"": 0.0, ""86"": 0.0, ""142"": 0.0, ""125"": 0.0, ""134"": 0.0, ""205"": 0.0, ""182"": 0.0, ""144"": 0.0, ""128"": 0.0, ""49"": 0.0, ""103"": 0.0, ""44"": 0.0, ""126"": 0.0, ""57"": 0.0, ""179"": 0.0, ""51"": 0.0, ""132"": 0.0, ""23"": 0.0, ""55"": 0.0, ""64"": 0.0, ""138"": 0.0, ""155"": 0.0, ""230"": 0.0, ""11"": 0.0, ""112"": 0.0, ""218"": 0.0, ""52"": 0.0, ""85"": 0.0, ""214"": 0.0, ""50"": 0.0, ""121"": 0.0, ""139"": 0.0, ""15"": 0.0, ""60"": 0.0, ""38"": 0.0, ""169"": 0.0, ""29"": 0.0, ""41"": 0.0, ""207"": 0.0, ""69"": 0.0, ""167"": 0.0, ""199"": 0.0, ""72"": 0.0, ""229"": 0.0, ""13"": 0.0, ""43"": 0.0, ""74"": 0.0, ""140"": 0.0, ""209"": 0.0, ""1"": 0.0, ""82"": 0.0, ""20"": 0.0, ""101"": 0.0, ""88"": 0.0, ""96"": 0.0, ""100"": 0.08, ""108"": 0.0, ""87"": 0.0, ""129"": 0.0, ""186"": 0.0, ""48"": 0.0, ""47"": 0.0, ""141"": 0.0, ""56"": 0.0, ""137"": 0.0, ""122"": 0.0, ""150"": 0.0, ""183"": 0.0, ""12"": 0.0, ""151"": 0.0, ""127"": 0.0, ""213"": 0.0, ""210"": 0.0, ""120"": 0.0, ""113"": 0.0, ""188"": 0.0, ""180"": 0.0, ""165"": 0.0, ""107"": 0.0, ""222"": 0.0, ""28"": 0.0, ""46"": 0.0, ""39"": 0.0, ""17"": 0.0, ""192"": 0.0, ""170"": 0.0, ""18"": 0.0, ""148"": 0.02, ""176"": 0.0, ""143"": 0.0, ""154"": 0.0, ""216"": 0.0, ""105"": 0.0, ""187"": 0.0, ""84"": 0.0, ""73"": 0.0, ""166"": 0.0, ""184"": 0.0, ""24"": 0.0, ""136"": 0.0, ""115"": 0.0, ""2"": 0.0, ""6"": 0.0}",jev-1.13.0,e2751163c6871fe92eccb83886d00cff186e6ebce0c9abd8767e8ce5aeaee1db
semantic-short:bge-boundaries:60-180:q70:v1:2271676346:000004994840-000005093200,106,semantic:bge:leaf-local-6-2:42:106,Sooneutraalne ajateenistus ja reservi täitmine,0.49,0.48,"{""92"": 0.0, ""57"": 0.0, ""74"": 0.0, ""85"": 0.02, ""51"": 0.0, ""76"": 0.0, ""75"": 0.0, ""121"": 0.0, ""93"": 0.0, ""200"": 0.0, ""82"": 0.02, ""16"": 0.0, ""128"": 0.0, ""156"": 0.0, ""132"": 0.0, ""198"": 0.0, ""84"": 0.0, ""90"": 0.0, ""201"": 0.0, ""134"": 0.0, ""179"": 0.0, ""222"": 0.0, ""211"": 0.0, ""14"": 0.0, ""60"": 0.0, ""6"": 0.0, ""226"": 0.0, ""223"": 0.0, ""152"": 0.0, ""59"": 0.0, ""141"": 0.0, ""47"": 0.0, ""72"": 0.0, ""202"": 0.02, ""66"": 0.0, ""158"": 0.0, ""34"": 0.0, ""197"": 0.0, ""229"": 0.0, ""56"": 0.0, ""228"": 0.0, ""174"": 0.0, ""227"": 0.0, ""148"": 0.0, ""115"": 0.0, ""136"": 0.0, ""98"": 0.0, ""234"": 0.0, ""104"": 0.0, ""155"": 0.0, ""30"": 0.0, ""38"": 0.0, ""4"": 0.0, ""99"": 0.0, ""213"": 0.0, ""163"": 0.0, ""144"": 0.0, ""78"": 0.0, ""142"": 0.0, ""151"": 0.0, ""154"": 0.0, ""94"": 0.0, ""122"": 0.0, ""117"": 0.0, ""96"": 0.0, ""140"": 0.0, ""105"": 0.0, ""71"": 0.0, ""131"": 0.0, ""199"": 0.0, ""168"": 0.0, ""191"": 0.0, ""194"": 0.0, ""177"": 0.0, ""116"": 0.0, ""45"": 0.06999999999999999, ""23"": 0.0, ""175"": 0.0, ""145"": 0.0, ""65"": 0.0, ""225"": 0.0, ""184"": 0.0, ""107"": 0.0, ""52"": 0.0, ""215"": 0.0, ""178"": 0.0, ""20"": 0.0, ""185"": 0.0, ""112"": 0.0, ""91"": 0.0, ""70"": 0.0, ""214"": 0.0, ""26"": 0.0, ""106"": 0.49, ""40"": 0.0, ""235"": 0.0, ""188"": 0.0, ""21"": 0.0, ""212"": 0.0, ""48"": 0.0, ""32"": 0.0, ""166"": 0.0, ""169"": 0.0, ""159"": 0.0, ""146"": 0.0, ""167"": 0.0, ""12"": 0.0, ""124"": 0.0, ""97"": 0.0, ""44"": 0.0, ""160"": 0.0, ""3"": 0.0, ""29"": 0.0, ""8"": 0.0, ""103"": 0.0, ""79"": 0.0, ""62"": 0.0, ""137"": 0.0, ""109"": 0.0, ""95"": 0.0, ""0"": 0.0, ""203"": 0.0, ""176"": 0.0, ""17"": 0.0, ""207"": 0.0, ""172"": 0.0, ""180"": 0.0, ""5"": 0.0, ""35"": 0.0, ""2"": 0.0, ""224"": 0.0, ""130"": 0.0, ""162"": 0.0, ""219"": 0.0, ""208"": 0.0, ""28"": 0.0, ""49"": 0.0, ""189"": 0.0, ""101"": 0.0, ""88"": 0.0, ""183"": 0.0, ""61"": 0.0, ""33"": 0.0, ""86"": 0.0, ""233"": 0.0, ""89"": 0.0, ""73"": 0.0, ""7"": 0.0, ""125"": 0.0, ""53"": 0.0, ""39"": 0.0, ""55"": 0.0, ""110"": 0.0, ""64"": 0.0, ""119"": 0.0, ""230"": 0.0, ""216"": 0.0, ""58"": 0.0, ""68"": 0.0, ""18"": 0.0, ""164"": 0.0, ""46"": 0.0, ""129"": 0.0, ""138"": 0.0, ""143"": 0.0, ""165"": 0.0, ""173"": 0.0, ""9"": 0.0, ""147"": 0.0, ""13"": 0.0, ""204"": 0.0, ""126"": 0.0, ""221"": 0.0, ""123"": 0.0, ""218"": 0.0, ""102"": 0.0, ""127"": 0.0, ""42"": 0.0, ""67"": 0.0, ""114"": 0.0, ""31"": 0.0, ""220"": 0.0, ""77"": 0.0, ""81"": 0.0, ""24"": 0.0, ""217"": 0.0, ""15"": 0.0, ""195"": 0.0, ""149"": 0.0, ""153"": 0.0, ""113"": 0.0, ""120"": 0.0, ""50"": 0.0, ""83"": 0.02, ""41"": 0.0, ""133"": 0.0, ""108"": 0.0, ""192"": 0.0, ""63"": 0.0, ""-1"": 0.26, ""1"": 0.0, ""170"": 0.0, ""187"": 0.0, ""22"": 0.0, ""181"": 0.0, ""205"": 0.0, ""190"": 0.0, ""135"": 0.0, ""209"": 0.0, ""118"": 0.0, ""11"": 0.0, ""139"": 0.0, ""210"": 0.0, ""54"": 0.0, ""100"": 0.09, ""37"": 0.0, ""10"": 0.0, ""196"": 0.0, ""186"": 0.0, ""232"": 0.0, ""206"": 0.0, ""157"": 0.0, ""69"": 0.0, ""36"": 0.0, ""111"": 0.0, ""150"": 0.0, ""87"": 0.0, ""193"": 0.0, ""43"": 0.0, ""25"": 0.0, ""182"": 0.0, ""231"": 0.0, ""171"": 0.0, ""27"": 0.0, ""80"": 0.0, ""161"": 0.0, ""19"": 0.0}",jev-1.13.0,4321cec28ad05659e2f80e270ff23d1c2ce00f202230a66b4ff3bac4890ce39d
semantic-short:bge-boundaries:60-180:q70:v1:2271676346:000005093200-000005262960,45,semantic:bge:leaf-local-6-2:42:45,Lai riigikaitse kodune ja kogukondlik valmisolek,0.84,0.83,"{""125"": 0.0, ""54"": 0.0, ""165"": 0.0, ""27"": 0.0, ""199"": 0.0, ""23"": 0.0, ""198"": 0.0, ""202"": 0.0, ""136"": 0.0, ""178"": 0.0, ""2"": 0.0, ""0"": 0.0, ""30"": 0.0, ""143"": 0.0, ""191"": 0.0, ""152"": 0.0, ""214"": 0.0, ""74"": 0.0, ""208"": 0.0, ""204"": 0.0, ""160"": 0.0, ""232"": 0.0, ""44"": 0.0, ""82"": 0.0, ""126"": 0.0, ""115"": 0.0, ""51"": 0.0, ""32"": 0.0, ""170"": 0.0, ""67"": 0.0, ""1"": 0.0, ""221"": 0.0, ""9"": 0.0, ""78"": 0.0, ""4"": 0.0, ""5"": 0.0, ""228"": 0.0, ""161"": 0.0, ""209"": 0.0, ""22"": 0.0, ""151"": 0.0, ""153"": 0.0, ""89"": 0.0, ""69"": 0.0, ""102"": 0.0, ""229"": 0.0, ""189"": 0.0, ""61"": 0.0, ""123"": 0.0, ""53"": 0.0, ""171"": 0.0, ""50"": 0.0, ""218"": 0.0, ""17"": 0.0, ""175"": 0.0, ""77"": 0.0, ""195"": 0.0, ""21"": 0.0, ""116"": 0.0, ""40"": 0.0, ""205"": 0.0, ""206"": 0.0, ""11"": 0.0, ""163"": 0.0, ""48"": 0.0, ""72"": 0.0, ""231"": 0.0, ""24"": 0.0, ""215"": 0.0, ""117"": 0.0, ""184"": 0.0, ""225"": 0.0, ""190"": 0.0, ""15"": 0.0, ""234"": 0.0, ""164"": 0.0, ""168"": 0.0, ""92"": 0.0, ""211"": 0.0, ""38"": 0.0, ""121"": 0.0, ""177"": 0.0, ""224"": 0.0, ""112"": 0.0, ""33"": 0.0, ""100"": 0.04, ""187"": 0.0, ""8"": 0.0, ""34"": 0.0, ""113"": 0.0, ""130"": 0.0, ""149"": 0.0, ""90"": 0.0, ""98"": 0.0, ""213"": 0.0, ""106"": 0.11, ""119"": 0.0, ""173"": 0.0, ""91"": 0.0, ""108"": 0.0, ""55"": 0.0, ""146"": 0.0, ""111"": 0.0, ""219"": 0.0, ""172"": 0.0, ""66"": 0.0, ""122"": 0.0, ""84"": 0.0, ""43"": 0.0, ""35"": 0.0, ""230"": 0.0, ""220"": 0.0, ""180"": 0.0, ""145"": 0.0, ""93"": 0.0, ""162"": 0.0, ""57"": 0.0, ""135"": 0.0, ""132"": 0.0, ""81"": 0.0, ""36"": 0.0, ""235"": 0.0, ""45"": 0.84, ""71"": 0.0, ""203"": 0.0, ""182"": 0.0, ""25"": 0.0, ""109"": 0.0, ""103"": 0.0, ""158"": 0.0, ""207"": 0.0, ""166"": 0.0, ""131"": 0.0, ""148"": 0.0, ""217"": 0.0, ""99"": 0.0, ""60"": 0.0, ""47"": 0.0, ""124"": 0.0, ""156"": 0.0, ""46"": 0.0, ""87"": 0.0, ""7"": 0.0, ""233"": 0.0, ""169"": 0.0, ""134"": 0.0, ""197"": 0.0, ""14"": 0.0, ""196"": 0.0, ""201"": 0.0, ""3"": 0.0, ""73"": 0.0, ""176"": 0.0, ""79"": 0.0, ""97"": 0.0, ""85"": 0.0, ""155"": 0.0, ""52"": 0.0, ""18"": 0.0, ""142"": 0.0, ""154"": 0.0, ""179"": 0.0, ""39"": 0.0, ""194"": 0.0, ""200"": 0.0, ""70"": 0.0, ""20"": 0.0, ""186"": 0.0, ""114"": 0.0, ""49"": 0.0, ""65"": 0.0, ""13"": 0.0, ""63"": 0.0, ""105"": 0.0, ""216"": 0.0, ""128"": 0.0, ""192"": 0.0, ""95"": 0.0, ""129"": 0.0, ""101"": 0.0, ""10"": 0.0, ""193"": 0.0, ""210"": 0.0, ""227"": 0.0, ""137"": 0.0, ""59"": 0.0, ""86"": 0.0, ""96"": 0.0, ""212"": 0.0, ""222"": 0.0, ""56"": 0.0, ""159"": 0.0, ""174"": 0.0, ""41"": 0.0, ""31"": 0.0, ""181"": 0.0, ""133"": 0.0, ""147"": 0.0, ""-1"": 0.01, ""28"": 0.0, ""19"": 0.0, ""226"": 0.0, ""140"": 0.0, ""223"": 0.0, ""42"": 0.0, ""139"": 0.0, ""144"": 0.0, ""6"": 0.0, ""127"": 0.0, ""16"": 0.0, ""75"": 0.0, ""88"": 0.0, ""58"": 0.0, ""62"": 0.0, ""141"": 0.0, ""138"": 0.0, ""64"": 0.0, ""188"": 0.0, ""118"": 0.0, ""104"": 0.0, ""12"": 0.0, ""68"": 0.0, ""76"": 0.0, ""157"": 0.0, ""107"": 0.0, ""150"": 0.0, ""80"": 0.0, ""37"": 0.0, ""183"": 0.0, ""83"": 0.0, ""110"": 0.0, ""185"": 0.0, ""120"": 0.0, ""94"": 0.0, ""26"": 0.0, ""29"": 0.0, ""167"": 0.0}",jev-1.13.0,7a956f67e7a2f45b2cad5b6c2ba034473c7dc9accb6e0d2379168ce1ba22a36b
semantic-short:bge-boundaries:60-180:q70:v1:2271676346:000005262960-000005419640,-1,semantic:bge:leaf-local-6-2:42:-1,Unassigned,0.26,0.25,"{""115"": 0.0, ""131"": 0.0, ""169"": 0.0, ""41"": 0.0, ""58"": 0.0, ""38"": 0.0, ""26"": 0.0, ""87"": 0.0, ""0"": 0.0, ""204"": 0.0, ""19"": 0.0, ""88"": 0.0, ""97"": 0.0, ""91"": 0.0, ""203"": 0.0, ""25"": 0.0, ""104"": 0.0, ""189"": 0.08, ""59"": 0.0, ""235"": 0.0, ""168"": 0.0, ""62"": 0.0, ""125"": 0.0, ""66"": 0.0, ""173"": 0.0, ""79"": 0.0, ""51"": 0.0, ""137"": 0.0, ""225"": 0.0, ""114"": 0.0, ""35"": 0.0, ""175"": 0.0, ""39"": 0.0, ""188"": 0.0, ""171"": 0.0, ""193"": 0.0, ""221"": 0.0, ""7"": 0.0, ""-1"": 0.26, ""185"": 0.0, ""129"": 0.0, ""107"": 0.0, ""49"": 0.0, ""84"": 0.0, ""183"": 0.0, ""192"": 0.0, ""202"": 0.0, ""73"": 0.0, ""82"": 0.0, ""196"": 0.0, ""160"": 0.0, ""112"": 0.0, ""37"": 0.0, ""234"": 0.0, ""14"": 0.0, ""194"": 0.0, ""56"": 0.0, ""30"": 0.0, ""142"": 0.0, ""89"": 0.0, ""219"": 0.0, ""187"": 0.0, ""118"": 0.0, ""69"": 0.0, ""132"": 0.0, ""123"": 0.0, ""53"": 0.0, ""67"": 0.0, ""120"": 0.0, ""70"": 0.0, ""182"": 0.0, ""92"": 0.0, ""75"": 0.0, ""105"": 0.0, ""20"": 0.0, ""101"": 0.0, ""148"": 0.0, ""81"": 0.0, ""139"": 0.0, ""210"": 0.0, ""224"": 0.0, ""47"": 0.0, ""9"": 0.0, ""152"": 0.0, ""150"": 0.0, ""80"": 0.02, ""233"": 0.0, ""93"": 0.0, ""215"": 0.0, ""29"": 0.02, ""50"": 0.0, ""191"": 0.0, ""223"": 0.0, ""143"": 0.0, ""208"": 0.0, ""149"": 0.0, ""232"": 0.0, ""174"": 0.0, ""147"": 0.0, ""212"": 0.0, ""78"": 0.0, ""31"": 0.0, ""122"": 0.0, ""200"": 0.0, ""74"": 0.0, ""216"": 0.0, ""86"": 0.0, ""102"": 0.0, ""155"": 0.0, ""12"": 0.0, ""61"": 0.0, ""98"": 0.0, ""64"": 0.0, ""72"": 0.0, ""77"": 0.0, ""156"": 0.0, ""33"": 0.0, ""178"": 0.0, ""222"": 0.0, ""46"": 0.0, ""127"": 0.0, ""121"": 0.0, ""167"": 0.0, ""16"": 0.0, ""108"": 0.0, ""144"": 0.0, ""207"": 0.0, ""44"": 0.0, ""4"": 0.0, ""157"": 0.0, ""63"": 0.0, ""135"": 0.0, ""181"": 0.0, ""199"": 0.0, ""179"": 0.0, ""36"": 0.0, ""85"": 0.0, ""42"": 0.0, ""113"": 0.0, ""162"": 0.0, ""48"": 0.0, ""6"": 0.0, ""161"": 0.0, ""60"": 0.0, ""166"": 0.0, ""217"": 0.0, ""180"": 0.0, ""209"": 0.0, ""151"": 0.0, ""158"": 0.0, ""205"": 0.0, ""3"": 0.0, ""124"": 0.0, ""214"": 0.0, ""32"": 0.0, ""43"": 0.0, ""116"": 0.0, ""52"": 0.0, ""198"": 0.0, ""176"": 0.0, ""96"": 0.0, ""227"": 0.0, ""226"": 0.0, ""146"": 0.0, ""138"": 0.0, ""218"": 0.0, ""213"": 0.0, ""40"": 0.0, ""136"": 0.0, ""24"": 0.0, ""8"": 0.0, ""17"": 0.0, ""130"": 0.0, ""170"": 0.0, ""220"": 0.0, ""83"": 0.03, ""21"": 0.0, ""190"": 0.0, ""27"": 0.0, ""94"": 0.0, ""145"": 0.0, ""172"": 0.0, ""228"": 0.0, ""18"": 0.0, ""110"": 0.0, ""230"": 0.0, ""45"": 0.17, ""163"": 0.0, ""23"": 0.0, ""15"": 0.0, ""231"": 0.0, ""2"": 0.0, ""34"": 0.0, ""90"": 0.0, ""141"": 0.0, ""165"": 0.01, ""197"": 0.0, ""55"": 0.0, ""154"": 0.0, ""103"": 0.0, ""153"": 0.0, ""109"": 0.0, ""211"": 0.0, ""57"": 0.0, ""106"": 0.24000000000000002, ""13"": 0.0, ""195"": 0.0, ""1"": 0.0, ""201"": 0.0, ""126"": 0.0, ""68"": 0.0, ""184"": 0.0, ""186"": 0.0, ""28"": 0.0, ""54"": 0.0, ""65"": 0.0, ""100"": 0.16, ""119"": 0.0, ""159"": 0.0, ""128"": 0.0, ""10"": 0.0, ""117"": 0.0, ""133"": 0.0, ""5"": 0.0, ""140"": 0.0, ""206"": 0.0, ""164"": 0.0, ""76"": 0.0, ""134"": 0.0, ""111"": 0.0, ""99"": 0.0, ""22"": 0.0, ""229"": 0.0, ""71"": 0.0, ""11"": 0.0, ""177"": 0.0, ""95"": 0.0}",jev-1.13.0,6434efbd41aa026f41e94b5f6b4ceab5c82bcd5f3019eb37f415a704298c9427
semantic-short:bge-boundaries:60-180:q70:v1:2271676346:000005419640-000005484160,45,semantic:bge:leaf-local-6-2:42:45,Lai riigikaitse kodune ja kogukondlik valmisolek,0.74,0.73,"{""221"": 0.0, ""82"": 0.0, ""91"": 0.0, ""104"": 0.0, ""167"": 0.0, ""141"": 0.0, ""70"": 0.0, ""75"": 0.0, ""36"": 0.0, ""186"": 0.0, ""122"": 0.0, ""22"": 0.0, ""151"": 0.0, ""37"": 0.0, ""216"": 0.0, ""46"": 0.0, ""162"": 0.0, ""86"": 0.0, ""214"": 0.0, ""125"": 0.0, ""129"": 0.0, ""173"": 0.0, ""52"": 0.0, ""42"": 0.0, ""135"": 0.0, ""164"": 0.0, ""69"": 0.0, ""235"": 0.0, ""6"": 0.0, ""76"": 0.0, ""32"": 0.0, ""98"": 0.0, ""179"": 0.0, ""137"": 0.0, ""78"": 0.0, ""189"": 0.0, ""202"": 0.0, ""68"": 0.0, ""116"": 0.0, ""123"": 0.0, ""212"": 0.0, ""170"": 0.0, ""223"": 0.0, ""66"": 0.0, ""183"": 0.0, ""215"": 0.0, ""-1"": 0.09999999999999999, ""74"": 0.0, ""138"": 0.06999999999999999, ""139"": 0.0, ""158"": 0.0, ""73"": 0.0, ""175"": 0.0, ""27"": 0.0, ""81"": 0.0, ""208"": 0.0, ""219"": 0.0, ""43"": 0.0, ""50"": 0.0, ""34"": 0.0, ""17"": 0.0, ""2"": 0.0, ""4"": 0.0, ""51"": 0.0, ""71"": 0.0, ""11"": 0.0, ""198"": 0.0, ""93"": 0.0, ""143"": 0.0, ""192"": 0.0, ""200"": 0.0, ""99"": 0.0, ""16"": 0.0, ""121"": 0.0, ""204"": 0.0, ""218"": 0.0, ""94"": 0.0, ""10"": 0.0, ""132"": 0.0, ""9"": 0.0, ""8"": 0.0, ""211"": 0.0, ""160"": 0.0, ""40"": 0.0, ""60"": 0.0, ""77"": 0.0, ""35"": 0.0, ""234"": 0.0, ""199"": 0.0, ""148"": 0.0, ""153"": 0.0, ""83"": 0.0, ""227"": 0.0, ""79"": 0.0, ""19"": 0.0, ""206"": 0.0, ""224"": 0.0, ""159"": 0.060000000000000005, ""96"": 0.0, ""124"": 0.0, ""25"": 0.0, ""131"": 0.0, ""134"": 0.0, ""41"": 0.0, ""14"": 0.0, ""84"": 0.0, ""62"": 0.0, ""130"": 0.0, ""57"": 0.0, ""232"": 0.0, ""193"": 0.0, ""95"": 0.0, ""161"": 0.0, ""133"": 0.0, ""171"": 0.0, ""157"": 0.0, ""0"": 0.0, ""226"": 0.0, ""88"": 0.0, ""3"": 0.0, ""178"": 0.0, ""54"": 0.0, ""114"": 0.0, ""65"": 0.0, ""102"": 0.0, ""58"": 0.0, ""29"": 0.0, ""172"": 0.0, ""145"": 0.0, ""87"": 0.0, ""233"": 0.0, ""80"": 0.02, ""127"": 0.0, ""220"": 0.0, ""188"": 0.0, ""154"": 0.0, ""108"": 0.0, ""13"": 0.0, ""140"": 0.0, ""44"": 0.0, ""63"": 0.0, ""56"": 0.0, ""119"": 0.0, ""26"": 0.0, ""210"": 0.0, ""228"": 0.0, ""117"": 0.0, ""45"": 0.74, ""97"": 0.0, ""174"": 0.0, ""103"": 0.0, ""110"": 0.0, ""176"": 0.0, ""12"": 0.0, ""195"": 0.0, ""136"": 0.0, ""142"": 0.0, ""149"": 0.01, ""39"": 0.0, ""209"": 0.0, ""150"": 0.0, ""28"": 0.0, ""126"": 0.0, ""5"": 0.0, ""112"": 0.0, ""113"": 0.0, ""229"": 0.0, ""89"": 0.0, ""120"": 0.0, ""21"": 0.0, ""180"": 0.0, ""181"": 0.0, ""156"": 0.0, ""31"": 0.0, ""18"": 0.0, ""15"": 0.0, ""72"": 0.0, ""115"": 0.0, ""105"": 0.0, ""194"": 0.0, ""155"": 0.0, ""152"": 0.0, ""61"": 0.0, ""196"": 0.0, ""213"": 0.0, ""191"": 0.0, ""24"": 0.0, ""203"": 0.0, ""106"": 0.0, ""85"": 0.0, ""1"": 0.0, ""59"": 0.0, ""230"": 0.0, ""222"": 0.0, ""92"": 0.0, ""101"": 0.0, ""147"": 0.0, ""169"": 0.0, ""205"": 0.0, ""177"": 0.0, ""55"": 0.0, ""7"": 0.0, ""48"": 0.0, ""38"": 0.0, ""184"": 0.0, ""163"": 0.0, ""146"": 0.0, ""49"": 0.0, ""107"": 0.0, ""144"": 0.0, ""47"": 0.0, ""109"": 0.0, ""182"": 0.0, ""168"": 0.0, ""225"": 0.0, ""23"": 0.0, ""30"": 0.0, ""187"": 0.0, ""33"": 0.0, ""100"": 0.0, ""217"": 0.0, ""166"": 0.0, ""165"": 0.0, ""231"": 0.0, ""90"": 0.0, ""207"": 0.0, ""64"": 0.0, ""201"": 0.0, ""20"": 0.0, ""67"": 0.0, ""53"": 0.0, ""118"": 0.0, ""197"": 0.0, ""128"": 0.0, ""111"": 0.0, ""185"": 0.0, ""190"": 0.0}",jev-1.13.0,e090fd3c578c90f27abc1d1587be0d2882688607a91849fa45092ea30e420b9b
semantic-short:bge-boundaries:60-180:q70:v1:2271676346:000005484160-000005572624,106,semantic:bge:leaf-local-6-2:42:106,Sooneutraalne ajateenistus ja reservi täitmine,0.46,0.45,"{""125"": 0.0, ""54"": 0.0, ""165"": 0.0, ""27"": 0.0, ""199"": 0.0, ""23"": 0.0, ""198"": 0.0, ""202"": 0.0, ""136"": 0.0, ""178"": 0.0, ""2"": 0.0, ""0"": 0.0, ""30"": 0.0, ""152"": 0.0, ""191"": 0.0, ""143"": 0.0, ""214"": 0.0, ""74"": 0.0, ""208"": 0.0, ""204"": 0.0, ""160"": 0.0, ""232"": 0.0, ""44"": 0.0, ""82"": 0.0, ""126"": 0.0, ""115"": 0.0, ""51"": 0.0, ""32"": 0.0, ""170"": 0.0, ""1"": 0.0, ""67"": 0.0, ""221"": 0.0, ""9"": 0.0, ""4"": 0.0, ""78"": 0.0, ""5"": 0.0, ""228"": 0.0, ""161"": 0.0, ""209"": 0.0, ""151"": 0.0, ""22"": 0.0, ""153"": 0.0, ""89"": 0.0, ""69"": 0.0, ""102"": 0.0, ""229"": 0.0, ""189"": 0.0, ""61"": 0.0, ""123"": 0.0, ""53"": 0.0, ""171"": 0.0, ""50"": 0.0, ""218"": 0.0, ""17"": 0.0, ""175"": 0.0, ""77"": 0.0, ""195"": 0.0, ""215"": 0.0, ""116"": 0.0, ""40"": 0.0, ""205"": 0.0, ""21"": 0.0, ""11"": 0.0, ""163"": 0.0, ""48"": 0.0, ""72"": 0.0, ""231"": 0.0, ""24"": 0.0, ""206"": 0.0, ""184"": 0.0, ""117"": 0.0, ""225"": 0.0, ""190"": 0.0, ""15"": 0.0, ""234"": 0.0, ""164"": 0.0, ""211"": 0.0, ""92"": 0.0, ""168"": 0.0, ""38"": 0.0, ""121"": 0.0, ""177"": 0.0, ""224"": 0.0, ""112"": 0.0, ""34"": 0.0, ""187"": 0.0, ""100"": 0.13, ""8"": 0.0, ""33"": 0.0, ""113"": 0.0, ""149"": 0.0, ""130"": 0.0, ""213"": 0.0, ""98"": 0.01, ""90"": 0.0, ""173"": 0.0, ""119"": 0.0, ""106"": 0.46, ""91"": 0.0, ""108"": 0.0, ""55"": 0.0, ""146"": 0.0, ""111"": 0.0, ""219"": 0.0, ""172"": 0.0, ""66"": 0.0, ""84"": 0.0, ""122"": 0.0, ""43"": 0.0, ""35"": 0.0, ""220"": 0.0, ""230"": 0.0, ""180"": 0.0, ""145"": 0.0, ""93"": 0.0, ""162"": 0.0, ""57"": 0.0, ""135"": 0.0, ""132"": 0.0, ""81"": 0.0, ""36"": 0.0, ""235"": 0.0, ""45"": 0.17, ""182"": 0.0, ""25"": 0.0, ""71"": 0.0, ""203"": 0.0, ""103"": 0.0, ""109"": 0.0, ""158"": 0.0, ""207"": 0.0, ""166"": 0.0, ""131"": 0.0, ""60"": 0.0, ""217"": 0.0, ""99"": 0.01, ""124"": 0.0, ""47"": 0.0, ""148"": 0.0, ""156"": 0.0, ""46"": 0.0, ""87"": 0.0, ""7"": 0.0, ""233"": 0.0, ""134"": 0.0, ""169"": 0.0, ""197"": 0.0, ""14"": 0.0, ""196"": 0.0, ""201"": 0.0, ""3"": 0.0, ""73"": 0.0, ""176"": 0.0, ""79"": 0.0, ""97"": 0.0, ""85"": 0.0, ""155"": 0.0, ""154"": 0.0, ""18"": 0.0, ""142"": 0.0, ""52"": 0.0, ""179"": 0.0, ""39"": 0.0, ""200"": 0.0, ""194"": 0.0, ""70"": 0.0, ""20"": 0.0, ""186"": 0.0, ""49"": 0.0, ""114"": 0.0, ""65"": 0.0, ""13"": 0.0, ""63"": 0.0, ""105"": 0.0, ""216"": 0.0, ""128"": 0.0, ""192"": 0.0, ""95"": 0.0, ""129"": 0.0, ""101"": 0.0, ""10"": 0.0, ""193"": 0.0, ""210"": 0.0, ""227"": 0.0, ""137"": 0.0, ""59"": 0.0, ""86"": 0.0, ""96"": 0.0, ""212"": 0.0, ""222"": 0.0, ""56"": 0.0, ""159"": 0.0, ""174"": 0.0, ""41"": 0.0, ""31"": 0.0, ""181"": 0.0, ""133"": 0.0, ""28"": 0.0, ""-1"": 0.15000000000000002, ""147"": 0.0, ""19"": 0.0, ""226"": 0.0, ""140"": 0.0, ""223"": 0.0, ""42"": 0.0, ""139"": 0.0, ""144"": 0.0, ""6"": 0.0, ""16"": 0.0, ""127"": 0.0, ""75"": 0.0, ""88"": 0.0, ""58"": 0.0, ""62"": 0.0, ""141"": 0.0, ""64"": 0.0, ""138"": 0.0, ""188"": 0.0, ""118"": 0.0, ""104"": 0.0, ""12"": 0.0, ""76"": 0.0, ""68"": 0.0, ""157"": 0.0, ""107"": 0.0, ""150"": 0.0, ""80"": 0.0, ""37"": 0.0, ""110"": 0.0, ""83"": 0.04, ""183"": 0.0, ""185"": 0.0, ""120"": 0.0, ""94"": 0.0, ""26"": 0.0, ""29"": 0.02, ""167"": 0.0}",jev-1.13.0,0064c1d0f5e243b1a470f8981e98c02f5b4ae0ea096fb6d20cb81624f16f3ecf
semantic-short:bge-boundaries:60-180:q70:v1:2397177249:000000011600-000000178000,234,semantic:bge:leaf-local-6-2:42:234,AI muudab üksikettevõtluse lihtsamaks,0.99,0.99,"{""152"": 0.0, ""227"": 0.0, ""175"": 0.0, ""2"": 0.0, ""221"": 0.0, ""157"": 0.0, ""1"": 0.0, ""148"": 0.0, ""194"": 0.0, ""172"": 0.0, ""67"": 0.0, ""20"": 0.0, ""39"": 0.0, ""190"": 0.0, ""184"": 0.0, ""80"": 0.0, ""45"": 0.0, ""104"": 0.0, ""82"": 0.0, ""0"": 0.0, ""117"": 0.0, ""132"": 0.0, ""68"": 0.0, ""222"": 0.0, ""158"": 0.0, ""192"": 0.0, ""233"": 0.0, ""189"": 0.0, ""92"": 0.0, ""187"": 0.0, ""30"": 0.0, ""232"": 0.0, ""115"": 0.0, ""217"": 0.0, ""73"": 0.0, ""110"": 0.0, ""180"": 0.0, ""170"": 0.0, ""143"": 0.0, ""94"": 0.0, ""69"": 0.0, ""5"": 0.0, ""106"": 0.0, ""165"": 0.0, ""50"": 0.0, ""228"": 0.0, ""60"": 0.0, ""43"": 0.0, ""54"": 0.0, ""90"": 0.0, ""136"": 0.0, ""216"": 0.0, ""183"": 0.0, ""129"": 0.0, ""19"": 0.0, ""156"": 0.0, ""87"": 0.0, ""88"": 0.0, ""72"": 0.0, ""28"": 0.0, ""21"": 0.0, ""193"": 0.0, ""142"": 0.0, ""40"": 0.0, ""37"": 0.0, ""125"": 0.0, ""65"": 0.0, ""56"": 0.0, ""160"": 0.0, ""97"": 0.0, ""206"": 0.0, ""215"": 0.0, ""209"": 0.0, ""3"": 0.0, ""33"": 0.0, ""11"": 0.0, ""62"": 0.0, ""146"": 0.0, ""204"": 0.0, ""119"": 0.0, ""109"": 0.0, ""128"": 0.0, ""105"": 0.0, ""83"": 0.0, ""108"": 0.0, ""47"": 0.0, ""219"": 0.0, ""212"": 0.0, ""61"": 0.0, ""121"": 0.0, ""196"": 0.0, ""111"": 0.0, ""144"": 0.0, ""126"": 0.0, ""191"": 0.0, ""51"": 0.0, ""197"": 0.0, ""229"": 0.0, ""234"": 0.99, ""131"": 0.0, ""164"": 0.0, ""59"": 0.0, ""44"": 0.0, ""130"": 0.0, ""116"": 0.0, ""138"": 0.0, ""112"": 0.0, ""133"": 0.0, ""27"": 0.0, ""210"": 0.0, ""66"": 0.0, ""14"": 0.0, ""15"": 0.0, ""181"": 0.0, ""49"": 0.0, ""169"": 0.0, ""137"": 0.0, ""86"": 0.0, ""34"": 0.0, ""12"": 0.0, ""140"": 0.0, ""98"": 0.0, ""42"": 0.0, ""10"": 0.0, ""213"": 0.0, ""16"": 0.0, ""173"": 0.0, ""91"": 0.0, ""176"": 0.0, ""123"": 0.0, ""22"": 0.0, ""195"": 0.0, ""205"": 0.0, ""113"": 0.0, ""101"": 0.0, ""200"": 0.0, ""24"": 0.0, ""186"": 0.0, ""58"": 0.0, ""124"": 0.0, ""174"": 0.0, ""99"": 0.0, ""198"": 0.0, ""139"": 0.0, ""141"": 0.0, ""89"": 0.0, ""159"": 0.0, ""202"": 0.0, ""63"": 0.0, ""118"": 0.0, ""76"": 0.0, ""13"": 0.0, ""36"": 0.0, ""122"": 0.0, ""235"": 0.0, ""155"": 0.0, ""224"": 0.0, ""31"": 0.0, ""167"": 0.0, ""226"": 0.0, ""178"": 0.0, ""153"": 0.0, ""207"": 0.0, ""93"": 0.0, ""6"": 0.0, ""23"": 0.0, ""214"": 0.0, ""149"": 0.0, ""171"": 0.0, ""17"": 0.0, ""41"": 0.0, ""53"": 0.0, ""85"": 0.0, ""57"": 0.0, ""75"": 0.0, ""26"": 0.0, ""225"": 0.0, ""150"": 0.0, ""134"": 0.0, ""7"": 0.0, ""220"": 0.0, ""18"": 0.0, ""77"": 0.0, ""127"": 0.0, ""211"": 0.0, ""208"": 0.0, ""-1"": 0.01, ""8"": 0.0, ""32"": 0.0, ""78"": 0.0, ""161"": 0.0, ""120"": 0.0, ""29"": 0.0, ""114"": 0.0, ""52"": 0.0, ""218"": 0.0, ""151"": 0.0, ""163"": 0.0, ""154"": 0.0, ""182"": 0.0, ""107"": 0.0, ""64"": 0.0, ""179"": 0.0, ""74"": 0.0, ""70"": 0.0, ""230"": 0.0, ""147"": 0.0, ""96"": 0.0, ""9"": 0.0, ""201"": 0.0, ""203"": 0.0, ""71"": 0.0, ""38"": 0.0, ""166"": 0.0, ""102"": 0.0, ""199"": 0.0, ""46"": 0.0, ""84"": 0.0, ""79"": 0.0, ""162"": 0.0, ""145"": 0.0, ""177"": 0.0, ""188"": 0.0, ""223"": 0.0, ""55"": 0.0, ""4"": 0.0, ""103"": 0.0, ""231"": 0.0, ""25"": 0.0, ""135"": 0.0, ""95"": 0.0, ""81"": 0.0, ""48"": 0.0, ""168"": 0.0, ""185"": 0.0, ""35"": 0.0, ""100"": 0.0}",jev-1.13.0,e4f785129f99b102c435acf2294f8c26dd9a1f3928737476eaa4cf19bc719aa7
semantic-short:bge-boundaries:60-180:q70:v1:2397177249:000000178000-000000334120,234,semantic:bge:leaf-local-6-2:42:234,AI muudab üksikettevõtluse lihtsamaks,1.0,0.99,"{""171"": 0.0, ""116"": 0.0, ""104"": 0.0, ""135"": 0.0, ""141"": 0.0, ""159"": 0.0, ""44"": 0.0, ""57"": 0.0, ""200"": 0.0, ""229"": 0.0, ""208"": 0.0, ""226"": 0.0, ""154"": 0.0, ""144"": 0.0, ""14"": 0.0, ""181"": 0.0, ""162"": 0.0, ""129"": 0.0, ""85"": 0.0, ""215"": 0.0, ""197"": 0.0, ""122"": 0.0, ""66"": 0.0, ""33"": 0.0, ""191"": 0.0, ""156"": 0.0, ""30"": 0.0, ""11"": 0.0, ""206"": 0.0, ""3"": 0.0, ""46"": 0.0, ""64"": 0.0, ""174"": 0.0, ""224"": 0.0, ""92"": 0.0, ""94"": 0.0, ""152"": 0.0, ""209"": 0.0, ""120"": 0.0, ""112"": 0.0, ""26"": 0.0, ""95"": 0.0, ""232"": 0.0, ""157"": 0.0, ""6"": 0.0, ""118"": 0.0, ""221"": 0.0, ""48"": 0.0, ""142"": 0.0, ""176"": 0.0, ""56"": 0.0, ""183"": 0.0, ""111"": 0.0, ""68"": 0.0, ""12"": 0.0, ""211"": 0.0, ""49"": 0.0, ""-1"": 0.0, ""81"": 0.0, ""138"": 0.0, ""198"": 0.0, ""158"": 0.0, ""13"": 0.0, ""23"": 0.0, ""9"": 0.0, ""180"": 0.0, ""193"": 0.0, ""63"": 0.0, ""123"": 0.0, ""231"": 0.0, ""113"": 0.0, ""114"": 0.0, ""28"": 0.0, ""42"": 0.0, ""230"": 0.0, ""16"": 0.0, ""53"": 0.0, ""185"": 0.0, ""100"": 0.0, ""61"": 0.0, ""125"": 0.0, ""202"": 0.0, ""34"": 0.0, ""93"": 0.0, ""121"": 0.0, ""83"": 0.0, ""109"": 0.0, ""161"": 0.0, ""164"": 0.0, ""67"": 0.0, ""65"": 0.0, ""196"": 0.0, ""60"": 0.0, ""105"": 0.0, ""219"": 0.0, ""234"": 1.0, ""39"": 0.0, ""190"": 0.0, ""101"": 0.0, ""71"": 0.0, ""4"": 0.0, ""137"": 0.0, ""79"": 0.0, ""2"": 0.0, ""40"": 0.0, ""43"": 0.0, ""204"": 0.0, ""207"": 0.0, ""107"": 0.0, ""222"": 0.0, ""151"": 0.0, ""124"": 0.0, ""187"": 0.0, ""17"": 0.0, ""136"": 0.0, ""179"": 0.0, ""50"": 0.0, ""131"": 0.0, ""160"": 0.0, ""184"": 0.0, ""225"": 0.0, ""21"": 0.0, ""103"": 0.0, ""8"": 0.0, ""148"": 0.0, ""195"": 0.0, ""143"": 0.0, ""88"": 0.0, ""166"": 0.0, ""0"": 0.0, ""132"": 0.0, ""99"": 0.0, ""89"": 0.0, ""172"": 0.0, ""201"": 0.0, ""59"": 0.0, ""31"": 0.0, ""216"": 0.0, ""235"": 0.0, ""228"": 0.0, ""108"": 0.0, ""80"": 0.0, ""217"": 0.0, ""41"": 0.0, ""130"": 0.0, ""150"": 0.0, ""20"": 0.0, ""86"": 0.0, ""69"": 0.0, ""76"": 0.0, ""62"": 0.0, ""167"": 0.0, ""115"": 0.0, ""72"": 0.0, ""82"": 0.0, ""78"": 0.0, ""45"": 0.0, ""47"": 0.0, ""75"": 0.0, ""147"": 0.0, ""35"": 0.0, ""19"": 0.0, ""96"": 0.0, ""227"": 0.0, ""15"": 0.0, ""52"": 0.0, ""165"": 0.0, ""5"": 0.0, ""37"": 0.0, ""84"": 0.0, ""182"": 0.0, ""220"": 0.0, ""97"": 0.0, ""24"": 0.0, ""145"": 0.0, ""214"": 0.0, ""119"": 0.0, ""98"": 0.0, ""146"": 0.0, ""128"": 0.0, ""153"": 0.0, ""139"": 0.0, ""73"": 0.0, ""212"": 0.0, ""29"": 0.0, ""223"": 0.0, ""54"": 0.0, ""74"": 0.0, ""127"": 0.0, ""213"": 0.0, ""87"": 0.0, ""134"": 0.0, ""163"": 0.0, ""25"": 0.0, ""189"": 0.0, ""126"": 0.0, ""140"": 0.0, ""175"": 0.0, ""58"": 0.0, ""168"": 0.0, ""203"": 0.0, ""194"": 0.0, ""178"": 0.0, ""173"": 0.0, ""36"": 0.0, ""70"": 0.0, ""233"": 0.0, ""210"": 0.0, ""27"": 0.0, ""102"": 0.0, ""18"": 0.0, ""38"": 0.0, ""10"": 0.0, ""155"": 0.0, ""188"": 0.0, ""51"": 0.0, ""90"": 0.0, ""199"": 0.0, ""218"": 0.0, ""186"": 0.0, ""192"": 0.0, ""177"": 0.0, ""149"": 0.0, ""91"": 0.0, ""55"": 0.0, ""170"": 0.0, ""22"": 0.0, ""205"": 0.0, ""106"": 0.0, ""1"": 0.0, ""7"": 0.0, ""169"": 0.0, ""77"": 0.0, ""133"": 0.0, ""110"": 0.0, ""32"": 0.0, ""117"": 0.0}",jev-1.13.0,994623d1984f5dc54c9e23347818dd720605df0d384a4b9858042414c3a4e5ea
semantic-short:bge-boundaries:60-180:q70:v1:2397177249:000000334120-000000398480,-1,semantic:bge:leaf-local-6-2:42:-1,Unassigned,0.8200000000000001,0.81,"{""149"": 0.0, ""150"": 0.0, ""183"": 0.0, ""192"": 0.0, ""41"": 0.0, ""74"": 0.0, ""116"": 0.0, ""185"": 0.0, ""78"": 0.0, ""196"": 0.0, ""72"": 0.0, ""153"": 0.0, ""152"": 0.0, ""134"": 0.0, ""11"": 0.0, ""18"": 0.0, ""163"": 0.0, ""105"": 0.0, ""221"": 0.0, ""71"": 0.0, ""103"": 0.0, ""73"": 0.0, ""198"": 0.0, ""38"": 0.0, ""165"": 0.0, ""167"": 0.0, ""157"": 0.03, ""124"": 0.0, ""68"": 0.0, ""28"": 0.0, ""193"": 0.0, ""22"": 0.0, ""178"": 0.0, ""67"": 0.0, ""106"": 0.0, ""21"": 0.0, ""66"": 0.0, ""128"": 0.0, ""205"": 0.0, ""140"": 0.0, ""202"": 0.0, ""25"": 0.0, ""33"": 0.0, ""200"": 0.0, ""48"": 0.0, ""204"": 0.0, ""6"": 0.0, ""56"": 0.0, ""119"": 0.0, ""137"": 0.0, ""206"": 0.0, ""5"": 0.0, ""90"": 0.0, ""210"": 0.0, ""93"": 0.0, ""30"": 0.0, ""-1"": 0.8200000000000001, ""112"": 0.0, ""8"": 0.0, ""60"": 0.0, ""126"": 0.0, ""96"": 0.0, ""118"": 0.0, ""4"": 0.0, ""77"": 0.0, ""122"": 0.0, ""233"": 0.0, ""127"": 0.0, ""97"": 0.0, ""45"": 0.0, ""166"": 0.0, ""207"": 0.0, ""148"": 0.0, ""231"": 0.0, ""52"": 0.0, ""58"": 0.0, ""229"": 0.0, ""50"": 0.0, ""169"": 0.0, ""32"": 0.0, ""14"": 0.0, ""213"": 0.0, ""181"": 0.0, ""173"": 0.0, ""100"": 0.0, ""175"": 0.0, ""214"": 0.0, ""145"": 0.0, ""146"": 0.0, ""141"": 0.0, ""37"": 0.0, ""189"": 0.0, ""201"": 0.0, ""98"": 0.0, ""160"": 0.0, ""43"": 0.0, ""182"": 0.0, ""224"": 0.0, ""136"": 0.0, ""2"": 0.0, ""232"": 0.0, ""174"": 0.0, ""121"": 0.0, ""234"": 0.05, ""211"": 0.0, ""138"": 0.0, ""85"": 0.0, ""132"": 0.0, ""114"": 0.0, ""53"": 0.0, ""139"": 0.0, ""107"": 0.0, ""1"": 0.0, ""203"": 0.0, ""84"": 0.0, ""133"": 0.0, ""223"": 0.0, ""162"": 0.0, ""88"": 0.0, ""7"": 0.0, ""20"": 0.0, ""94"": 0.0, ""215"": 0.0, ""23"": 0.0, ""158"": 0.0, ""177"": 0.0, ""186"": 0.03, ""40"": 0.0, ""222"": 0.0, ""111"": 0.0, ""151"": 0.0, ""147"": 0.0, ""64"": 0.0, ""218"": 0.0, ""13"": 0.0, ""87"": 0.0, ""209"": 0.0, ""80"": 0.0, ""172"": 0.0, ""164"": 0.0, ""19"": 0.0, ""225"": 0.0, ""108"": 0.0, ""81"": 0.0, ""154"": 0.0, ""102"": 0.0, ""212"": 0.0, ""82"": 0.0, ""228"": 0.0, ""44"": 0.0, ""191"": 0.0, ""216"": 0.0, ""47"": 0.0, ""217"": 0.0, ""59"": 0.0, ""220"": 0.0, ""57"": 0.0, ""0"": 0.0, ""109"": 0.0, ""176"": 0.0, ""219"": 0.0, ""86"": 0.0, ""170"": 0.0, ""171"": 0.0, ""199"": 0.04, ""123"": 0.0, ""230"": 0.0, ""46"": 0.0, ""39"": 0.0, ""129"": 0.0, ""143"": 0.0, ""125"": 0.0, ""190"": 0.0, ""42"": 0.0, ""95"": 0.0, ""55"": 0.0, ""62"": 0.0, ""156"": 0.0, ""161"": 0.0, ""195"": 0.0, ""61"": 0.0, ""194"": 0.0, ""27"": 0.0, ""113"": 0.0, ""130"": 0.0, ""12"": 0.0, ""51"": 0.0, ""3"": 0.0, ""159"": 0.0, ""16"": 0.0, ""99"": 0.0, ""29"": 0.0, ""89"": 0.0, ""144"": 0.0, ""9"": 0.0, ""69"": 0.0, ""120"": 0.01, ""117"": 0.0, ""197"": 0.0, ""104"": 0.0, ""92"": 0.0, ""91"": 0.0, ""63"": 0.0, ""179"": 0.0, ""168"": 0.0, ""26"": 0.0, ""110"": 0.0, ""83"": 0.0, ""65"": 0.0, ""35"": 0.0, ""187"": 0.0, ""24"": 0.0, ""184"": 0.0, ""155"": 0.0, ""76"": 0.0, ""115"": 0.0, ""79"": 0.0, ""15"": 0.0, ""34"": 0.0, ""49"": 0.01, ""226"": 0.0, ""10"": 0.0, ""101"": 0.0, ""235"": 0.0, ""75"": 0.0, ""227"": 0.0, ""36"": 0.0, ""131"": 0.0, ""70"": 0.0, ""188"": 0.0, ""142"": 0.0, ""54"": 0.0, ""17"": 0.0, ""180"": 0.0, ""135"": 0.0, ""31"": 0.0, ""208"": 0.0}",jev-1.13.0,14f1f2da5daeb81e25b7595a9a88aee534e641cab8d4ae35e711749a568d8a1c
semantic-short:bge-boundaries:60-180:q70:v1:2397177249:000000398480-000000490080,186,semantic:bge:leaf-local-6-2:42:186,AI mõju töökorraldusele ja tööturule,0.9400000000000001,0.93,"{""104"": 0.0, ""63"": 0.0, ""64"": 0.0, ""175"": 0.0, ""22"": 0.0, ""231"": 0.0, ""4"": 0.0, ""26"": 0.0, ""85"": 0.0, ""36"": 0.0, ""147"": 0.0, ""173"": 0.0, ""185"": 0.0, ""23"": 0.0, ""203"": 0.0, ""94"": 0.0, ""92"": 0.0, ""212"": 0.0, ""159"": 0.0, ""86"": 0.0, ""189"": 0.0, ""65"": 0.0, ""168"": 0.0, ""53"": 0.0, ""113"": 0.0, ""166"": 0.0, ""119"": 0.0, ""68"": 0.0, ""135"": 0.0, ""41"": 0.0, ""100"": 0.0, ""108"": 0.0, ""198"": 0.0, ""144"": 0.0, ""54"": 0.0, ""127"": 0.0, ""163"": 0.0, ""172"": 0.0, ""121"": 0.0, ""109"": 0.0, ""45"": 0.0, ""136"": 0.0, ""190"": 0.0, ""178"": 0.0, ""151"": 0.0, ""52"": 0.0, ""225"": 0.0, ""165"": 0.0, ""47"": 0.0, ""148"": 0.0, ""42"": 0.0, ""34"": 0.0, ""182"": 0.0, ""131"": 0.0, ""75"": 0.0, ""143"": 0.0, ""90"": 0.0, ""125"": 0.0, ""24"": 0.0, ""230"": 0.0, ""102"": 0.0, ""171"": 0.0, ""60"": 0.0, ""124"": 0.0, ""177"": 0.0, ""2"": 0.0, ""58"": 0.0, ""161"": 0.0, ""67"": 0.0, ""110"": 0.0, ""134"": 0.0, ""140"": 0.0, ""154"": 0.0, ""28"": 0.0, ""39"": 0.0, ""194"": 0.0, ""207"": 0.0, ""186"": 0.9400000000000001, ""218"": 0.0, ""228"": 0.0, ""133"": 0.0, ""83"": 0.0, ""56"": 0.0, ""155"": 0.03, ""195"": 0.0, ""84"": 0.0, ""111"": 0.0, ""226"": 0.0, ""96"": 0.0, ""69"": 0.0, ""132"": 0.0, ""15"": 0.0, ""162"": 0.0, ""1"": 0.0, ""12"": 0.0, ""44"": 0.0, ""5"": 0.0, ""72"": 0.0, ""152"": 0.0, ""101"": 0.0, ""13"": 0.0, ""179"": 0.0, ""196"": 0.0, ""27"": 0.0, ""20"": 0.0, ""220"": 0.0, ""191"": 0.0, ""112"": 0.0, ""97"": 0.0, ""117"": 0.0, ""206"": 0.0, ""139"": 0.0, ""216"": 0.0, ""205"": 0.0, ""116"": 0.0, ""199"": 0.0, ""149"": 0.0, ""181"": 0.0, ""192"": 0.0, ""105"": 0.0, ""211"": 0.0, ""202"": 0.01, ""170"": 0.0, ""38"": 0.0, ""71"": 0.0, ""88"": 0.0, ""197"": 0.0, ""106"": 0.0, ""16"": 0.0, ""157"": 0.0, ""19"": 0.0, ""210"": 0.0, ""156"": 0.0, ""146"": 0.0, ""164"": 0.0, ""91"": 0.0, ""48"": 0.0, ""59"": 0.0, ""153"": 0.0, ""128"": 0.0, ""76"": 0.0, ""115"": 0.0, ""118"": 0.0, ""158"": 0.0, ""93"": 0.0, ""209"": 0.0, ""37"": 0.0, ""25"": 0.0, ""138"": 0.0, ""142"": 0.0, ""130"": 0.0, ""30"": 0.0, ""232"": 0.0, ""141"": 0.0, ""10"": 0.0, ""74"": 0.0, ""114"": 0.0, ""213"": 0.0, ""7"": 0.0, ""187"": 0.0, ""217"": 0.0, ""35"": 0.0, ""78"": 0.0, ""169"": 0.0, ""183"": 0.0, ""180"": 0.0, ""70"": 0.0, ""50"": 0.0, ""219"": 0.0, ""223"": 0.0, ""208"": 0.0, ""120"": 0.0, ""87"": 0.0, ""31"": 0.0, ""123"": 0.0, ""79"": 0.0, ""80"": 0.0, ""43"": 0.0, ""33"": 0.0, ""227"": 0.0, ""66"": 0.0, ""188"": 0.0, ""204"": 0.0, ""229"": 0.0, ""40"": 0.0, ""107"": 0.0, ""51"": 0.0, ""81"": 0.0, ""200"": 0.0, ""176"": 0.0, ""201"": 0.0, ""224"": 0.0, ""150"": 0.0, ""73"": 0.0, ""145"": 0.0, ""129"": 0.0, ""77"": 0.0, ""57"": 0.0, ""17"": 0.0, ""174"": 0.0, ""184"": 0.0, ""0"": 0.0, ""214"": 0.0, ""98"": 0.0, ""103"": 0.0, ""62"": 0.0, ""122"": 0.0, ""46"": 0.0, ""-1"": 0.01, ""193"": 0.0, ""235"": 0.0, ""99"": 0.0, ""89"": 0.0, ""11"": 0.0, ""82"": 0.0, ""18"": 0.0, ""9"": 0.0, ""21"": 0.0, ""29"": 0.0, ""215"": 0.0, ""6"": 0.0, ""61"": 0.0, ""55"": 0.0, ""222"": 0.0, ""14"": 0.0, ""8"": 0.0, ""137"": 0.0, ""95"": 0.0, ""167"": 0.0, ""160"": 0.0, ""32"": 0.0, ""233"": 0.0, ""3"": 0.0, ""49"": 0.0, ""126"": 0.0, ""234"": 0.0, ""221"": 0.0}",jev-1.13.0,6f59bd42d12cf8c72ca872962f374f6e722648103285652e9fecbad0b815096d
semantic-short:bge-boundaries:60-180:q70:v1:2397177249:000000490080-000000555760,186,semantic:bge:leaf-local-6-2:42:186,AI mõju töökorraldusele ja tööturule,0.6,0.59,"{""22"": 0.0, ""12"": 0.0, ""136"": 0.0, ""53"": 0.0, ""48"": 0.0, ""9"": 0.0, ""172"": 0.0, ""63"": 0.0, ""70"": 0.0, ""44"": 0.0, ""192"": 0.0, ""219"": 0.0, ""7"": 0.0, ""96"": 0.0, ""126"": 0.0, ""177"": 0.0, ""16"": 0.0, ""137"": 0.0, ""83"": 0.0, ""182"": 0.0, ""227"": 0.0, ""211"": 0.0, ""132"": 0.0, ""159"": 0.0, ""181"": 0.0, ""102"": 0.0, ""45"": 0.0, ""79"": 0.0, ""121"": 0.0, ""28"": 0.0, ""78"": 0.0, ""119"": 0.0, ""2"": 0.0, ""140"": 0.0, ""212"": 0.0, ""88"": 0.0, ""141"": 0.0, ""125"": 0.0, ""47"": 0.0, ""57"": 0.0, ""149"": 0.0, ""184"": 0.0, ""153"": 0.0, ""154"": 0.0, ""20"": 0.0, ""148"": 0.0, ""146"": 0.0, ""0"": 0.0, ""206"": 0.0, ""208"": 0.0, ""221"": 0.0, ""128"": 0.0, ""145"": 0.0, ""204"": 0.0, ""94"": 0.0, ""67"": 0.0, ""222"": 0.0, ""218"": 0.0, ""183"": 0.0, ""139"": 0.0, ""122"": 0.0, ""61"": 0.0, ""151"": 0.0, ""129"": 0.0, ""40"": 0.0, ""205"": 0.0, ""65"": 0.0, ""131"": 0.0, ""1"": 0.0, ""133"": 0.0, ""15"": 0.0, ""50"": 0.0, ""112"": 0.0, ""197"": 0.0, ""117"": 0.0, ""59"": 0.0, ""210"": 0.0, ""71"": 0.0, ""163"": 0.0, ""82"": 0.0, ""180"": 0.0, ""194"": 0.0, ""201"": 0.0, ""51"": 0.0, ""60"": 0.02, ""155"": 0.0, ""11"": 0.0, ""55"": 0.0, ""36"": 0.0, ""169"": 0.0, ""73"": 0.0, ""8"": 0.0, ""110"": 0.0, ""214"": 0.0, ""49"": 0.0, ""18"": 0.0, ""226"": 0.0, ""224"": 0.0, ""52"": 0.0, ""34"": 0.0, ""216"": 0.0, ""33"": 0.0, ""199"": 0.0, ""174"": 0.0, ""111"": 0.0, ""17"": 0.0, ""37"": 0.0, ""200"": 0.0, ""32"": 0.0, ""77"": 0.0, ""95"": 0.0, ""171"": 0.0, ""75"": 0.0, ""202"": 0.0, ""173"": 0.0, ""193"": 0.0, ""21"": 0.0, ""168"": 0.0, ""90"": 0.0, ""31"": 0.0, ""118"": 0.0, ""195"": 0.0, ""39"": 0.0, ""165"": 0.0, ""3"": 0.0, ""144"": 0.0, ""19"": 0.0, ""38"": 0.0, ""189"": 0.0, ""41"": 0.0, ""225"": 0.0, ""176"": 0.0, ""158"": 0.0, ""123"": 0.0, ""81"": 0.0, ""35"": 0.0, ""178"": 0.0, ""207"": 0.0, ""113"": 0.0, ""142"": 0.0, ""167"": 0.0, ""234"": 0.0, ""166"": 0.0, ""162"": 0.0, ""130"": 0.0, ""160"": 0.0, ""30"": 0.0, ""230"": 0.0, ""54"": 0.0, ""56"": 0.0, ""80"": 0.0, ""93"": 0.0, ""14"": 0.0, ""120"": 0.0, ""164"": 0.0, ""127"": 0.0, ""233"": 0.0, ""46"": 0.0, ""185"": 0.0, ""213"": 0.0, ""170"": 0.0, ""150"": 0.0, ""228"": 0.0, ""217"": 0.0, ""85"": 0.0, ""203"": 0.0, ""190"": 0.0, ""98"": 0.01, ""108"": 0.0, ""135"": 0.0, ""74"": 0.0, ""27"": 0.0, ""215"": 0.0, ""42"": 0.0, ""10"": 0.0, ""87"": 0.0, ""223"": 0.0, ""101"": 0.0, ""62"": 0.0, ""26"": 0.0, ""198"": 0.0, ""138"": 0.0, ""116"": 0.0, ""124"": 0.0, ""231"": 0.0, ""143"": 0.0, ""106"": 0.0, ""66"": 0.0, ""188"": 0.0, ""114"": 0.0, ""69"": 0.0, ""100"": 0.0, ""235"": 0.0, ""97"": 0.01, ""187"": 0.0, ""103"": 0.0, ""4"": 0.0, ""147"": 0.0, ""109"": 0.0, ""104"": 0.0, ""89"": 0.0, ""84"": 0.0, ""175"": 0.0, ""105"": 0.0, ""196"": 0.0, ""220"": 0.0, ""161"": 0.0, ""191"": 0.0, ""152"": 0.0, ""-1"": 0.35000000000000003, ""5"": 0.0, ""6"": 0.0, ""186"": 0.6, ""232"": 0.0, ""13"": 0.0, ""23"": 0.0, ""99"": 0.01, ""58"": 0.0, ""29"": 0.0, ""72"": 0.0, ""92"": 0.0, ""24"": 0.0, ""64"": 0.0, ""229"": 0.0, ""25"": 0.0, ""76"": 0.0, ""209"": 0.0, ""86"": 0.0, ""68"": 0.0, ""134"": 0.0, ""179"": 0.0, ""157"": 0.0, ""156"": 0.0, ""91"": 0.0, ""115"": 0.0, ""43"": 0.0, ""107"": 0.0}",jev-1.13.0,dd53dac0708d73c5a29e3fcbdc1e18269dcf6072c20424430572583436c034af
semantic-short:bge-boundaries:60-180:q70:v1:2397177249:000000555760-000000626920,-1,semantic:bge:leaf-local-6-2:42:-1,Unassigned,0.6,0.59,"{""44"": 0.0, ""30"": 0.0, ""85"": 0.0, ""99"": 0.01, ""88"": 0.0, ""169"": 0.0, ""174"": 0.0, ""53"": 0.0, ""147"": 0.0, ""48"": 0.0, ""144"": 0.0, ""146"": 0.0, ""171"": 0.0, ""172"": 0.0, ""145"": 0.0, ""187"": 0.0, ""62"": 0.0, ""24"": 0.0, ""194"": 0.0, ""198"": 0.0, ""210"": 0.0, ""106"": 0.0, ""168"": 0.0, ""160"": 0.0, ""28"": 0.0, ""8"": 0.0, ""97"": 0.0, ""205"": 0.0, ""116"": 0.06999999999999999, ""126"": 0.0, ""211"": 0.0, ""121"": 0.0, ""102"": 0.0, ""9"": 0.0, ""151"": 0.0, ""173"": 0.0, ""23"": 0.0, ""37"": 0.0, ""203"": 0.0, ""50"": 0.0, ""70"": 0.0, ""217"": 0.09999999999999999, ""149"": 0.0, ""185"": 0.0, ""161"": 0.0, ""233"": 0.0, ""117"": 0.0, ""164"": 0.0, ""103"": 0.0, ""20"": 0.0, ""100"": 0.0, ""75"": 0.0, ""153"": 0.0, ""141"": 0.0, ""135"": 0.0, ""61"": 0.0, ""170"": 0.0, ""1"": 0.0, ""55"": 0.0, ""186"": 0.04, ""213"": 0.0, ""80"": 0.0, ""134"": 0.0, ""209"": 0.0, ""143"": 0.0, ""142"": 0.0, ""78"": 0.0, ""26"": 0.0, ""59"": 0.0, ""35"": 0.0, ""108"": 0.0, ""73"": 0.0, ""221"": 0.0, ""158"": 0.0, ""83"": 0.0, ""25"": 0.0, ""98"": 0.0, ""33"": 0.0, ""136"": 0.0, ""127"": 0.0, ""93"": 0.0, ""82"": 0.0, ""199"": 0.0, ""42"": 0.0, ""22"": 0.0, ""130"": 0.0, ""57"": 0.0, ""215"": 0.0, ""214"": 0.0, ""46"": 0.0, ""104"": 0.0, ""34"": 0.0, ""201"": 0.0, ""137"": 0.0, ""17"": 0.0, ""224"": 0.0, ""120"": 0.0, ""196"": 0.0, ""124"": 0.0, ""101"": 0.0, ""125"": 0.0, ""163"": 0.0, ""19"": 0.0, ""-1"": 0.6, ""113"": 0.0, ""12"": 0.0, ""68"": 0.02, ""39"": 0.0, ""182"": 0.0, ""129"": 0.0, ""41"": 0.0, ""138"": 0.0, ""87"": 0.0, ""228"": 0.0, ""3"": 0.0, ""219"": 0.0, ""0"": 0.0, ""54"": 0.0, ""79"": 0.0, ""140"": 0.0, ""235"": 0.0, ""175"": 0.0, ""192"": 0.0, ""133"": 0.0, ""188"": 0.0, ""118"": 0.0, ""77"": 0.0, ""180"": 0.0, ""206"": 0.0, ""4"": 0.0, ""156"": 0.0, ""60"": 0.0, ""10"": 0.0, ""58"": 0.0, ""155"": 0.0, ""74"": 0.0, ""131"": 0.0, ""32"": 0.0, ""193"": 0.0, ""89"": 0.0, ""179"": 0.0, ""47"": 0.0, ""69"": 0.0, ""90"": 0.0, ""112"": 0.0, ""189"": 0.0, ""15"": 0.0, ""36"": 0.0, ""110"": 0.0, ""27"": 0.0, ""31"": 0.0, ""200"": 0.0, ""218"": 0.0, ""232"": 0.0, ""76"": 0.0, ""225"": 0.0, ""29"": 0.0, ""111"": 0.0, ""139"": 0.0, ""72"": 0.0, ""92"": 0.0, ""229"": 0.0, ""67"": 0.0, ""18"": 0.0, ""197"": 0.0, ""5"": 0.0, ""195"": 0.0, ""43"": 0.0, ""71"": 0.0, ""152"": 0.0, ""123"": 0.0, ""148"": 0.0, ""231"": 0.0, ""2"": 0.0, ""184"": 0.0, ""86"": 0.0, ""204"": 0.0, ""227"": 0.0, ""128"": 0.0, ""38"": 0.0, ""166"": 0.0, ""84"": 0.0, ""181"": 0.0, ""109"": 0.0, ""167"": 0.0, ""65"": 0.0, ""6"": 0.0, ""132"": 0.0, ""16"": 0.0, ""115"": 0.0, ""159"": 0.0, ""51"": 0.0, ""56"": 0.0, ""52"": 0.0, ""119"": 0.0, ""95"": 0.0, ""177"": 0.0, ""230"": 0.0, ""202"": 0.0, ""81"": 0.0, ""114"": 0.0, ""63"": 0.0, ""223"": 0.0, ""220"": 0.0, ""96"": 0.0, ""190"": 0.0, ""216"": 0.0, ""107"": 0.0, ""183"": 0.0, ""21"": 0.0, ""66"": 0.0, ""13"": 0.0, ""207"": 0.0, ""212"": 0.0, ""7"": 0.0, ""91"": 0.0, ""150"": 0.0, ""208"": 0.0, ""226"": 0.0, ""122"": 0.0, ""105"": 0.0, ""178"": 0.0, ""162"": 0.0, ""49"": 0.0, ""40"": 0.0, ""11"": 0.0, ""14"": 0.0, ""191"": 0.0, ""64"": 0.0, ""222"": 0.0, ""176"": 0.0, ""154"": 0.0, ""94"": 0.0, ""234"": 0.11, ""165"": 0.0, ""45"": 0.02, ""157"": 0.02}",jev-1.13.0,5bb9ecb61b6521cd22b748e9ce4e55f9829edc1e85024437393c0547132fe28c
semantic-short:bge-boundaries:60-180:q70:v1:2397177249:000000626920-000000762760,234,semantic:bge:leaf-local-6-2:42:234,AI muudab üksikettevõtluse lihtsamaks,0.9,0.88,"{""18"": 0.0, ""47"": 0.0, ""87"": 0.0, ""3"": 0.0, ""86"": 0.0, ""120"": 0.0, ""29"": 0.0, ""216"": 0.0, ""129"": 0.0, ""115"": 0.0, ""95"": 0.0, ""201"": 0.0, ""192"": 0.0, ""37"": 0.0, ""128"": 0.0, ""7"": 0.0, ""85"": 0.0, ""227"": 0.0, ""82"": 0.0, ""30"": 0.0, ""111"": 0.0, ""139"": 0.0, ""131"": 0.0, ""156"": 0.0, ""38"": 0.0, ""176"": 0.0, ""228"": 0.0, ""134"": 0.0, ""94"": 0.0, ""137"": 0.0, ""158"": 0.0, ""19"": 0.0, ""211"": 0.0, ""209"": 0.0, ""33"": 0.0, ""154"": 0.0, ""202"": 0.0, ""54"": 0.0, ""133"": 0.0, ""45"": 0.0, ""69"": 0.0, ""112"": 0.0, ""166"": 0.0, ""215"": 0.0, ""138"": 0.0, ""161"": 0.0, ""41"": 0.0, ""232"": 0.0, ""123"": 0.0, ""143"": 0.0, ""48"": 0.0, ""11"": 0.0, ""55"": 0.0, ""106"": 0.0, ""186"": 0.0, ""196"": 0.0, ""225"": 0.0, ""219"": 0.0, ""148"": 0.0, ""83"": 0.0, ""8"": 0.0, ""99"": 0.0, ""113"": 0.0, ""204"": 0.0, ""146"": 0.0, ""108"": 0.0, ""24"": 0.0, ""230"": 0.0, ""93"": 0.0, ""31"": 0.0, ""200"": 0.0, ""210"": 0.0, ""109"": 0.0, ""107"": 0.0, ""58"": 0.0, ""159"": 0.0, ""145"": 0.0, ""149"": 0.0, ""98"": 0.0, ""59"": 0.0, ""75"": 0.0, ""46"": 0.0, ""218"": 0.0, ""65"": 0.0, ""114"": 0.0, ""62"": 0.0, ""208"": 0.0, ""235"": 0.0, ""214"": 0.0, ""79"": 0.0, ""152"": 0.0, ""16"": 0.0, ""84"": 0.0, ""125"": 0.0, ""27"": 0.0, ""165"": 0.0, ""35"": 0.0, ""64"": 0.0, ""57"": 0.0, ""150"": 0.0, ""14"": 0.0, ""66"": 0.0, ""185"": 0.0, ""21"": 0.0, ""127"": 0.0, ""157"": 0.0, ""15"": 0.0, ""117"": 0.0, ""103"": 0.0, ""180"": 0.0, ""71"": 0.0, ""197"": 0.0, ""74"": 0.0, ""144"": 0.0, ""49"": 0.0, ""78"": 0.0, ""72"": 0.0, ""198"": 0.0, ""233"": 0.0, ""92"": 0.0, ""140"": 0.0, ""17"": 0.0, ""4"": 0.0, ""190"": 0.0, ""184"": 0.0, ""34"": 0.0, ""121"": 0.0, ""171"": 0.0, ""52"": 0.0, ""28"": 0.0, ""160"": 0.0, ""0"": 0.0, ""151"": 0.0, ""70"": 0.0, ""207"": 0.0, ""183"": 0.0, ""50"": 0.0, ""199"": 0.08, ""13"": 0.0, ""179"": 0.0, ""-1"": 0.02, ""56"": 0.0, ""60"": 0.0, ""178"": 0.0, ""39"": 0.0, ""217"": 0.0, ""42"": 0.0, ""63"": 0.0, ""136"": 0.0, ""43"": 0.0, ""126"": 0.0, ""67"": 0.0, ""155"": 0.0, ""169"": 0.0, ""81"": 0.0, ""163"": 0.0, ""193"": 0.0, ""102"": 0.0, ""51"": 0.0, ""97"": 0.0, ""226"": 0.0, ""73"": 0.0, ""164"": 0.0, ""177"": 0.0, ""170"": 0.0, ""135"": 0.0, ""124"": 0.0, ""12"": 0.0, ""40"": 0.0, ""172"": 0.0, ""6"": 0.0, ""223"": 0.0, ""100"": 0.0, ""61"": 0.0, ""9"": 0.0, ""188"": 0.0, ""101"": 0.0, ""110"": 0.0, ""68"": 0.0, ""25"": 0.0, ""88"": 0.0, ""222"": 0.0, ""91"": 0.0, ""147"": 0.0, ""104"": 0.0, ""167"": 0.0, ""189"": 0.0, ""22"": 0.0, ""205"": 0.0, ""191"": 0.0, ""162"": 0.0, ""118"": 0.0, ""229"": 0.0, ""26"": 0.0, ""89"": 0.0, ""234"": 0.9, ""174"": 0.0, ""231"": 0.0, ""141"": 0.0, ""2"": 0.0, ""153"": 0.0, ""203"": 0.0, ""173"": 0.0, ""187"": 0.0, ""130"": 0.0, ""105"": 0.0, ""77"": 0.0, ""212"": 0.0, ""194"": 0.0, ""220"": 0.0, ""116"": 0.0, ""36"": 0.0, ""119"": 0.0, ""213"": 0.0, ""1"": 0.0, ""221"": 0.0, ""224"": 0.0, ""122"": 0.0, ""181"": 0.0, ""20"": 0.0, ""132"": 0.0, ""80"": 0.0, ""44"": 0.0, ""23"": 0.0, ""142"": 0.0, ""76"": 0.0, ""32"": 0.0, ""206"": 0.0, ""53"": 0.0, ""168"": 0.0, ""5"": 0.0, ""90"": 0.0, ""96"": 0.0, ""182"": 0.0, ""195"": 0.0, ""175"": 0.0, ""10"": 0.0}",jev-1.13.0,80b964d44f2c3b3b9f4e7dffaa6a11aa640d8222ea015261141e001f65605a43
semantic-short:bge-boundaries:60-180:q70:v1:2397177249:000000762760-000000866640,199,semantic:bge:leaf-local-6-2:42:199,AI kasutamine töö- ja loometekstide koostamisel,0.79,0.78,"{""115"": 0.0, ""169"": 0.0, ""131"": 0.0, ""41"": 0.0, ""58"": 0.0, ""38"": 0.0, ""26"": 0.0, ""0"": 0.0, ""87"": 0.0, ""204"": 0.0, ""19"": 0.0, ""88"": 0.0, ""97"": 0.0, ""91"": 0.0, ""203"": 0.0, ""25"": 0.0, ""104"": 0.0, ""189"": 0.0, ""59"": 0.0, ""235"": 0.0, ""168"": 0.0, ""173"": 0.0, ""125"": 0.0, ""66"": 0.0, ""62"": 0.0, ""79"": 0.0, ""225"": 0.0, ""137"": 0.0, ""51"": 0.0, ""114"": 0.0, ""35"": 0.0, ""175"": 0.0, ""39"": 0.0, ""188"": 0.0, ""171"": 0.0, ""193"": 0.0, ""221"": 0.0, ""7"": 0.0, ""-1"": 0.16, ""185"": 0.0, ""129"": 0.0, ""49"": 0.0, ""107"": 0.0, ""84"": 0.0, ""183"": 0.0, ""192"": 0.0, ""202"": 0.0, ""73"": 0.0, ""82"": 0.0, ""196"": 0.0, ""160"": 0.0, ""112"": 0.0, ""234"": 0.0, ""194"": 0.0, ""14"": 0.0, ""37"": 0.0, ""56"": 0.0, ""30"": 0.0, ""142"": 0.0, ""89"": 0.0, ""219"": 0.0, ""187"": 0.0, ""118"": 0.0, ""69"": 0.0, ""132"": 0.0, ""123"": 0.0, ""53"": 0.0, ""67"": 0.0, ""120"": 0.0, ""70"": 0.0, ""182"": 0.0, ""92"": 0.0, ""75"": 0.0, ""105"": 0.0, ""20"": 0.0, ""101"": 0.0, ""148"": 0.0, ""81"": 0.0, ""139"": 0.0, ""224"": 0.0, ""210"": 0.0, ""47"": 0.0, ""9"": 0.0, ""152"": 0.0, ""150"": 0.0, ""233"": 0.0, ""80"": 0.0, ""93"": 0.0, ""215"": 0.0, ""29"": 0.0, ""50"": 0.0, ""191"": 0.0, ""223"": 0.0, ""143"": 0.0, ""208"": 0.0, ""149"": 0.0, ""174"": 0.0, ""232"": 0.0, ""147"": 0.0, ""212"": 0.0, ""78"": 0.0, ""31"": 0.0, ""122"": 0.0, ""200"": 0.0, ""74"": 0.0, ""216"": 0.0, ""86"": 0.0, ""102"": 0.0, ""155"": 0.01, ""12"": 0.0, ""61"": 0.0, ""98"": 0.0, ""64"": 0.0, ""72"": 0.0, ""77"": 0.0, ""156"": 0.0, ""33"": 0.0, ""178"": 0.0, ""222"": 0.0, ""46"": 0.0, ""127"": 0.0, ""121"": 0.0, ""167"": 0.0, ""16"": 0.0, ""144"": 0.0, ""108"": 0.0, ""207"": 0.0, ""44"": 0.0, ""4"": 0.0, ""157"": 0.0, ""63"": 0.0, ""135"": 0.0, ""181"": 0.0, ""199"": 0.79, ""179"": 0.0, ""36"": 0.0, ""85"": 0.0, ""42"": 0.0, ""113"": 0.0, ""162"": 0.0, ""6"": 0.0, ""48"": 0.0, ""161"": 0.0, ""60"": 0.0, ""217"": 0.0, ""166"": 0.0, ""180"": 0.0, ""209"": 0.0, ""151"": 0.0, ""158"": 0.0, ""3"": 0.0, ""205"": 0.0, ""124"": 0.0, ""214"": 0.0, ""32"": 0.0, ""43"": 0.0, ""176"": 0.0, ""52"": 0.0, ""198"": 0.0, ""116"": 0.0, ""96"": 0.0, ""227"": 0.0, ""226"": 0.0, ""146"": 0.0, ""138"": 0.0, ""218"": 0.0, ""213"": 0.0, ""40"": 0.0, ""136"": 0.0, ""24"": 0.0, ""8"": 0.0, ""17"": 0.0, ""130"": 0.0, ""170"": 0.01, ""21"": 0.0, ""83"": 0.0, ""220"": 0.0, ""190"": 0.0, ""27"": 0.0, ""94"": 0.0, ""145"": 0.0, ""172"": 0.0, ""228"": 0.0, ""18"": 0.0, ""110"": 0.0, ""45"": 0.0, ""230"": 0.0, ""163"": 0.0, ""23"": 0.0, ""15"": 0.0, ""231"": 0.0, ""2"": 0.0, ""34"": 0.0, ""90"": 0.02, ""141"": 0.0, ""165"": 0.0, ""197"": 0.0, ""55"": 0.0, ""154"": 0.0, ""103"": 0.0, ""153"": 0.0, ""109"": 0.0, ""211"": 0.0, ""13"": 0.0, ""106"": 0.0, ""57"": 0.0, ""195"": 0.0, ""126"": 0.0, ""201"": 0.0, ""1"": 0.0, ""68"": 0.0, ""184"": 0.0, ""186"": 0.0, ""28"": 0.0, ""54"": 0.0, ""65"": 0.0, ""100"": 0.0, ""119"": 0.0, ""159"": 0.0, ""128"": 0.0, ""10"": 0.0, ""117"": 0.0, ""133"": 0.0, ""5"": 0.0, ""140"": 0.0, ""76"": 0.0, ""164"": 0.0, ""206"": 0.0, ""134"": 0.0, ""111"": 0.0, ""99"": 0.0, ""22"": 0.0, ""229"": 0.0, ""71"": 0.0, ""11"": 0.0, ""177"": 0.0, ""95"": 0.0}",jev-1.13.0,e1e8551bb59797de20334fa39a5d6749500e4435259d82d887df3f538cffa082
semantic-short:bge-boundaries:60-180:q70:v1:2397177249:000000866640-000000997800,186,semantic:bge:leaf-local-6-2:42:186,AI mõju töökorraldusele ja tööturule,0.87,0.86,"{""62"": 0.0, ""31"": 0.0, ""155"": 0.0, ""37"": 0.0, ""219"": 0.0, ""74"": 0.0, ""41"": 0.0, ""89"": 0.0, ""102"": 0.0, ""40"": 0.0, ""110"": 0.0, ""164"": 0.0, ""140"": 0.0, ""174"": 0.0, ""208"": 0.0, ""176"": 0.0, ""80"": 0.0, ""223"": 0.0, ""36"": 0.0, ""32"": 0.0, ""9"": 0.0, ""29"": 0.0, ""197"": 0.0, ""47"": 0.0, ""86"": 0.0, ""148"": 0.0, ""124"": 0.0, ""213"": 0.0, ""188"": 0.0, ""5"": 0.0, ""2"": 0.0, ""77"": 0.0, ""182"": 0.0, ""128"": 0.0, ""115"": 0.0, ""190"": 0.0, ""226"": 0.0, ""175"": 0.0, ""136"": 0.0, ""209"": 0.0, ""118"": 0.0, ""39"": 0.0, ""199"": 0.0, ""104"": 0.0, ""138"": 0.0, ""14"": 0.0, ""46"": 0.0, ""159"": 0.0, ""-1"": 0.0, ""35"": 0.0, ""26"": 0.0, ""96"": 0.0, ""229"": 0.0, ""156"": 0.0, ""177"": 0.0, ""150"": 0.0, ""42"": 0.0, ""34"": 0.0, ""154"": 0.0, ""22"": 0.0, ""147"": 0.0, ""71"": 0.0, ""179"": 0.0, ""126"": 0.0, ""4"": 0.0, ""13"": 0.0, ""21"": 0.0, ""85"": 0.0, ""228"": 0.0, ""67"": 0.0, ""54"": 0.0, ""131"": 0.0, ""225"": 0.0, ""33"": 0.0, ""99"": 0.0, ""19"": 0.0, ""18"": 0.0, ""93"": 0.0, ""3"": 0.0, ""50"": 0.0, ""28"": 0.0, ""203"": 0.0, ""202"": 0.0, ""7"": 0.0, ""227"": 0.0, ""194"": 0.0, ""45"": 0.0, ""125"": 0.0, ""38"": 0.0, ""58"": 0.0, ""144"": 0.0, ""15"": 0.0, ""120"": 0.0, ""116"": 0.0, ""69"": 0.0, ""180"": 0.0, ""53"": 0.0, ""8"": 0.0, ""162"": 0.0, ""129"": 0.0, ""198"": 0.0, ""206"": 0.0, ""82"": 0.0, ""49"": 0.0, ""51"": 0.0, ""217"": 0.0, ""189"": 0.0, ""76"": 0.0, ""216"": 0.0, ""173"": 0.0, ""122"": 0.0, ""90"": 0.0, ""218"": 0.0, ""210"": 0.0, ""153"": 0.0, ""192"": 0.0, ""105"": 0.0, ""73"": 0.0, ""167"": 0.0, ""98"": 0.0, ""23"": 0.0, ""214"": 0.0, ""59"": 0.0, ""27"": 0.0, ""100"": 0.0, ""87"": 0.0, ""142"": 0.0, ""224"": 0.0, ""66"": 0.0, ""168"": 0.0, ""171"": 0.0, ""107"": 0.0, ""211"": 0.0, ""111"": 0.0, ""114"": 0.0, ""187"": 0.0, ""166"": 0.0, ""200"": 0.0, ""161"": 0.0, ""68"": 0.0, ""78"": 0.0, ""165"": 0.0, ""137"": 0.0, ""191"": 0.0, ""160"": 0.0, ""57"": 0.0, ""172"": 0.0, ""133"": 0.0, ""157"": 0.0, ""0"": 0.0, ""109"": 0.0, ""135"": 0.0, ""195"": 0.0, ""207"": 0.0, ""151"": 0.0, ""204"": 0.0, ""158"": 0.0, ""185"": 0.0, ""186"": 0.87, ""181"": 0.0, ""183"": 0.0, ""94"": 0.0, ""139"": 0.0, ""81"": 0.0, ""196"": 0.0, ""143"": 0.0, ""149"": 0.0, ""230"": 0.0, ""48"": 0.0, ""70"": 0.0, ""108"": 0.0, ""95"": 0.0, ""17"": 0.0, ""60"": 0.0, ""10"": 0.0, ""112"": 0.0, ""163"": 0.0, ""91"": 0.0, ""30"": 0.0, ""113"": 0.0, ""25"": 0.0, ""215"": 0.0, ""222"": 0.0, ""20"": 0.0, ""92"": 0.0, ""106"": 0.0, ""1"": 0.0, ""121"": 0.0, ""65"": 0.0, ""83"": 0.0, ""103"": 0.0, ""132"": 0.0, ""56"": 0.0, ""88"": 0.0, ""61"": 0.0, ""234"": 0.13, ""232"": 0.0, ""75"": 0.0, ""233"": 0.0, ""119"": 0.0, ""152"": 0.0, ""184"": 0.0, ""235"": 0.0, ""141"": 0.0, ""178"": 0.0, ""134"": 0.0, ""84"": 0.0, ""44"": 0.0, ""52"": 0.0, ""212"": 0.0, ""170"": 0.0, ""97"": 0.0, ""145"": 0.0, ""12"": 0.0, ""146"": 0.0, ""16"": 0.0, ""123"": 0.0, ""205"": 0.0, ""64"": 0.0, ""231"": 0.0, ""193"": 0.0, ""169"": 0.0, ""55"": 0.0, ""11"": 0.0, ""117"": 0.0, ""101"": 0.0, ""24"": 0.0, ""130"": 0.0, ""127"": 0.0, ""72"": 0.0, ""6"": 0.0, ""79"": 0.0, ""220"": 0.0, ""221"": 0.0, ""43"": 0.0, ""63"": 0.0, ""201"": 0.0}",jev-1.13.0,b72af3362a46c3485039687492293b50e81babfc87494ae41093ad8581f0e449
semantic-short:bge-boundaries:60-180:q70:v1:2397177249:000000997800-000001158920,186,semantic:bge:leaf-local-6-2:42:186,AI mõju töökorraldusele ja tööturule,0.96,0.95,"{""92"": 0.0, ""19"": 0.0, ""74"": 0.0, ""85"": 0.0, ""51"": 0.0, ""76"": 0.0, ""75"": 0.0, ""121"": 0.0, ""93"": 0.0, ""82"": 0.0, ""16"": 0.0, ""200"": 0.0, ""128"": 0.0, ""156"": 0.0, ""132"": 0.0, ""198"": 0.0, ""84"": 0.0, ""90"": 0.0, ""201"": 0.0, ""134"": 0.0, ""179"": 0.0, ""222"": 0.0, ""211"": 0.0, ""14"": 0.0, ""60"": 0.0, ""6"": 0.0, ""226"": 0.0, ""223"": 0.0, ""152"": 0.0, ""141"": 0.0, ""59"": 0.0, ""47"": 0.0, ""72"": 0.0, ""202"": 0.0, ""66"": 0.0, ""158"": 0.0, ""34"": 0.0, ""197"": 0.0, ""229"": 0.0, ""56"": 0.0, ""228"": 0.0, ""174"": 0.0, ""227"": 0.0, ""148"": 0.0, ""115"": 0.0, ""136"": 0.0, ""98"": 0.0, ""234"": 0.0, ""104"": 0.0, ""155"": 0.0, ""30"": 0.0, ""38"": 0.0, ""4"": 0.0, ""99"": 0.0, ""213"": 0.0, ""163"": 0.0, ""144"": 0.0, ""78"": 0.0, ""142"": 0.0, ""151"": 0.0, ""154"": 0.0, ""122"": 0.0, ""94"": 0.0, ""117"": 0.0, ""96"": 0.0, ""140"": 0.0, ""105"": 0.0, ""71"": 0.0, ""131"": 0.0, ""199"": 0.0, ""168"": 0.0, ""191"": 0.0, ""175"": 0.0, ""177"": 0.0, ""116"": 0.0, ""45"": 0.0, ""23"": 0.0, ""194"": 0.0, ""145"": 0.0, ""65"": 0.0, ""225"": 0.0, ""184"": 0.0, ""107"": 0.0, ""52"": 0.0, ""215"": 0.0, ""178"": 0.0, ""20"": 0.0, ""185"": 0.0, ""112"": 0.0, ""91"": 0.0, ""70"": 0.0, ""214"": 0.0, ""26"": 0.0, ""106"": 0.0, ""40"": 0.0, ""235"": 0.0, ""188"": 0.0, ""21"": 0.0, ""212"": 0.0, ""48"": 0.0, ""32"": 0.0, ""166"": 0.0, ""167"": 0.0, ""159"": 0.0, ""146"": 0.0, ""169"": 0.0, ""12"": 0.0, ""124"": 0.0, ""103"": 0.0, ""44"": 0.0, ""160"": 0.0, ""3"": 0.0, ""29"": 0.0, ""79"": 0.0, ""8"": 0.0, ""97"": 0.0, ""62"": 0.0, ""137"": 0.0, ""109"": 0.0, ""95"": 0.0, ""203"": 0.0, ""0"": 0.0, ""176"": 0.0, ""17"": 0.0, ""207"": 0.0, ""172"": 0.0, ""5"": 0.0, ""180"": 0.0, ""35"": 0.0, ""2"": 0.0, ""224"": 0.0, ""130"": 0.0, ""162"": 0.0, ""219"": 0.0, ""208"": 0.0, ""28"": 0.0, ""49"": 0.0, ""189"": 0.0, ""101"": 0.0, ""88"": 0.0, ""61"": 0.0, ""183"": 0.0, ""33"": 0.0, ""86"": 0.0, ""233"": 0.0, ""89"": 0.0, ""73"": 0.0, ""7"": 0.0, ""125"": 0.0, ""53"": 0.0, ""39"": 0.0, ""55"": 0.0, ""230"": 0.0, ""64"": 0.0, ""119"": 0.0, ""110"": 0.0, ""216"": 0.0, ""58"": 0.0, ""68"": 0.0, ""18"": 0.0, ""164"": 0.0, ""46"": 0.0, ""129"": 0.0, ""138"": 0.0, ""143"": 0.0, ""165"": 0.0, ""173"": 0.0, ""9"": 0.0, ""147"": 0.0, ""13"": 0.0, ""126"": 0.0, ""204"": 0.0, ""221"": 0.0, ""123"": 0.0, ""218"": 0.0, ""102"": 0.0, ""127"": 0.0, ""42"": 0.0, ""67"": 0.0, ""114"": 0.0, ""31"": 0.0, ""220"": 0.0, ""77"": 0.0, ""217"": 0.0, ""24"": 0.0, ""81"": 0.0, ""15"": 0.0, ""195"": 0.0, ""149"": 0.0, ""153"": 0.0, ""113"": 0.0, ""120"": 0.0, ""50"": 0.0, ""83"": 0.0, ""41"": 0.0, ""133"": 0.0, ""108"": 0.0, ""192"": 0.0, ""63"": 0.0, ""-1"": 0.04, ""1"": 0.0, ""170"": 0.0, ""187"": 0.0, ""22"": 0.0, ""205"": 0.0, ""181"": 0.0, ""190"": 0.0, ""135"": 0.0, ""209"": 0.0, ""118"": 0.0, ""11"": 0.0, ""139"": 0.0, ""210"": 0.0, ""100"": 0.0, ""54"": 0.0, ""37"": 0.0, ""10"": 0.0, ""196"": 0.0, ""186"": 0.96, ""232"": 0.0, ""206"": 0.0, ""157"": 0.0, ""69"": 0.0, ""36"": 0.0, ""87"": 0.0, ""150"": 0.0, ""193"": 0.0, ""111"": 0.0, ""182"": 0.0, ""25"": 0.0, ""43"": 0.0, ""231"": 0.0, ""171"": 0.0, ""27"": 0.0, ""161"": 0.0, ""80"": 0.0, ""57"": 0.0}",jev-1.13.0,810fec68fd6c7cf8e95c46f842abebb38946130dcfd6a4199f86333e0f15bb1b
semantic-short:bge-boundaries:60-180:q70:v1:2397177249:000001158920-000001222160,234,semantic:bge:leaf-local-6-2:42:234,AI muudab üksikettevõtluse lihtsamaks,0.95,0.94,"{""154"": 0.0, ""81"": 0.0, ""162"": 0.0, ""220"": 0.0, ""95"": 0.0, ""177"": 0.0, ""222"": 0.0, ""221"": 0.0, ""54"": 0.0, ""163"": 0.0, ""230"": 0.0, ""233"": 0.0, ""76"": 0.0, ""186"": 0.0, ""68"": 0.0, ""211"": 0.0, ""198"": 0.0, ""171"": 0.0, ""235"": 0.0, ""232"": 0.0, ""9"": 0.0, ""60"": 0.0, ""47"": 0.0, ""164"": 0.0, ""103"": 0.0, ""41"": 0.0, ""17"": 0.0, ""208"": 0.0, ""48"": 0.0, ""214"": 0.0, ""150"": 0.0, ""231"": 0.0, ""174"": 0.0, ""128"": 0.0, ""194"": 0.0, ""187"": 0.0, ""170"": 0.0, ""30"": 0.0, ""117"": 0.0, ""55"": 0.0, ""134"": 0.0, ""100"": 0.0, ""213"": 0.0, ""141"": 0.0, ""5"": 0.0, ""109"": 0.0, ""111"": 0.0, ""189"": 0.0, ""62"": 0.0, ""11"": 0.0, ""180"": 0.0, ""104"": 0.0, ""105"": 0.0, ""1"": 0.0, ""25"": 0.0, ""136"": 0.0, ""153"": 0.0, ""91"": 0.0, ""46"": 0.0, ""176"": 0.0, ""88"": 0.0, ""10"": 0.0, ""72"": 0.0, ""192"": 0.0, ""67"": 0.0, ""234"": 0.95, ""199"": 0.0, ""94"": 0.0, ""217"": 0.0, ""116"": 0.0, ""224"": 0.0, ""89"": 0.0, ""142"": 0.0, ""138"": 0.0, ""152"": 0.0, ""37"": 0.0, ""32"": 0.0, ""184"": 0.0, ""50"": 0.0, ""132"": 0.0, ""218"": 0.0, ""27"": 0.0, ""210"": 0.0, ""140"": 0.0, ""178"": 0.0, ""227"": 0.0, ""90"": 0.0, ""26"": 0.0, ""158"": 0.0, ""157"": 0.0, ""15"": 0.0, ""119"": 0.0, ""172"": 0.0, ""167"": 0.0, ""204"": 0.0, ""45"": 0.0, ""29"": 0.0, ""21"": 0.0, ""66"": 0.0, ""57"": 0.0, ""101"": 0.0, ""14"": 0.0, ""185"": 0.0, ""197"": 0.0, ""112"": 0.0, ""193"": 0.0, ""38"": 0.0, ""61"": 0.0, ""201"": 0.0, ""188"": 0.0, ""108"": 0.0, ""124"": 0.0, ""113"": 0.0, ""228"": 0.0, ""175"": 0.0, ""96"": 0.0, ""129"": 0.0, ""127"": 0.0, ""114"": 0.0, ""169"": 0.0, ""148"": 0.0, ""-1"": 0.01, ""93"": 0.0, ""35"": 0.0, ""118"": 0.0, ""92"": 0.0, ""130"": 0.0, ""229"": 0.0, ""190"": 0.0, ""155"": 0.0, ""173"": 0.0, ""43"": 0.0, ""123"": 0.04, ""115"": 0.0, ""200"": 0.0, ""23"": 0.0, ""51"": 0.0, ""143"": 0.0, ""85"": 0.0, ""107"": 0.0, ""77"": 0.0, ""86"": 0.0, ""80"": 0.0, ""168"": 0.0, ""206"": 0.0, ""151"": 0.0, ""191"": 0.0, ""8"": 0.0, ""65"": 0.0, ""196"": 0.0, ""209"": 0.0, ""122"": 0.0, ""97"": 0.0, ""44"": 0.0, ""74"": 0.0, ""73"": 0.0, ""207"": 0.0, ""63"": 0.0, ""12"": 0.0, ""135"": 0.0, ""79"": 0.0, ""33"": 0.0, ""145"": 0.0, ""49"": 0.0, ""106"": 0.0, ""52"": 0.0, ""2"": 0.0, ""7"": 0.0, ""99"": 0.0, ""205"": 0.0, ""56"": 0.0, ""20"": 0.0, ""4"": 0.0, ""137"": 0.0, ""203"": 0.0, ""146"": 0.0, ""69"": 0.0, ""13"": 0.0, ""40"": 0.0, ""182"": 0.0, ""121"": 0.0, ""3"": 0.0, ""19"": 0.0, ""0"": 0.0, ""16"": 0.0, ""144"": 0.0, ""110"": 0.0, ""160"": 0.0, ""78"": 0.0, ""98"": 0.0, ""58"": 0.0, ""133"": 0.0, ""215"": 0.0, ""28"": 0.0, ""225"": 0.0, ""161"": 0.0, ""159"": 0.0, ""42"": 0.0, ""18"": 0.0, ""70"": 0.0, ""212"": 0.0, ""149"": 0.0, ""179"": 0.0, ""31"": 0.0, ""183"": 0.0, ""165"": 0.0, ""34"": 0.0, ""156"": 0.0, ""39"": 0.0, ""71"": 0.0, ""223"": 0.0, ""139"": 0.0, ""87"": 0.0, ""181"": 0.0, ""6"": 0.0, ""24"": 0.0, ""202"": 0.0, ""166"": 0.0, ""22"": 0.0, ""195"": 0.0, ""84"": 0.0, ""131"": 0.0, ""147"": 0.0, ""75"": 0.0, ""216"": 0.0, ""36"": 0.0, ""120"": 0.0, ""226"": 0.0, ""83"": 0.0, ""59"": 0.0, ""219"": 0.0, ""126"": 0.0, ""125"": 0.0, ""53"": 0.0, ""102"": 0.0, ""82"": 0.0, ""64"": 0.0}",jev-1.13.0,e89a8257454ffb34439a8e3fa288c47c6e93afc1905e0197ff7e39a08975ba93
semantic-short:bge-boundaries:60-180:q70:v1:2397177249:000001222160-000001321320,234,semantic:bge:leaf-local-6-2:42:234,AI muudab üksikettevõtluse lihtsamaks,1.0,0.99,"{""10"": 0.0, ""177"": 0.0, ""117"": 0.0, ""114"": 0.0, ""14"": 0.0, ""131"": 0.0, ""167"": 0.0, ""51"": 0.0, ""206"": 0.0, ""225"": 0.0, ""125"": 0.0, ""180"": 0.0, ""127"": 0.0, ""197"": 0.0, ""185"": 0.0, ""49"": 0.0, ""3"": 0.0, ""192"": 0.0, ""166"": 0.0, ""98"": 0.0, ""221"": 0.0, ""160"": 0.0, ""34"": 0.0, ""146"": 0.0, ""8"": 0.0, ""80"": 0.0, ""218"": 0.0, ""79"": 0.0, ""148"": 0.0, ""152"": 0.0, ""153"": 0.0, ""162"": 0.0, ""198"": 0.0, ""124"": 0.0, ""109"": 0.0, ""200"": 0.0, ""85"": 0.0, ""121"": 0.0, ""220"": 0.0, ""58"": 0.0, ""94"": 0.0, ""156"": 0.0, ""196"": 0.0, ""20"": 0.0, ""74"": 0.0, ""226"": 0.0, ""61"": 0.0, ""16"": 0.0, ""48"": 0.0, ""230"": 0.0, ""69"": 0.0, ""99"": 0.0, ""0"": 0.0, ""75"": 0.0, ""116"": 0.0, ""212"": 0.0, ""235"": 0.0, ""134"": 0.0, ""26"": 0.0, ""102"": 0.0, ""217"": 0.0, ""211"": 0.0, ""118"": 0.0, ""62"": 0.0, ""12"": 0.0, ""54"": 0.0, ""233"": 0.0, ""165"": 0.0, ""161"": 0.0, ""40"": 0.0, ""100"": 0.0, ""189"": 0.0, ""133"": 0.0, ""59"": 0.0, ""30"": 0.0, ""50"": 0.0, ""210"": 0.0, ""53"": 0.0, ""139"": 0.0, ""76"": 0.0, ""229"": 0.0, ""142"": 0.0, ""119"": 0.0, ""150"": 0.0, ""145"": 0.0, ""6"": 0.0, ""137"": 0.0, ""179"": 0.0, ""155"": 0.0, ""91"": 0.0, ""187"": 0.0, ""9"": 0.0, ""101"": 0.0, ""135"": 0.0, ""97"": 0.0, ""23"": 0.0, ""1"": 0.0, ""47"": 0.0, ""208"": 0.0, ""174"": 0.0, ""57"": 0.0, ""27"": 0.0, ""39"": 0.0, ""188"": 0.0, ""216"": 0.0, ""224"": 0.0, ""19"": 0.0, ""138"": 0.0, ""35"": 0.0, ""205"": 0.0, ""154"": 0.0, ""175"": 0.0, ""203"": 0.0, ""90"": 0.0, ""72"": 0.0, ""159"": 0.0, ""140"": 0.0, ""194"": 0.0, ""38"": 0.0, ""56"": 0.0, ""77"": 0.0, ""123"": 0.0, ""2"": 0.0, ""24"": 0.0, ""68"": 0.0, ""96"": 0.0, ""43"": 0.0, ""168"": 0.0, ""92"": 0.0, ""213"": 0.0, ""113"": 0.0, ""171"": 0.0, ""33"": 0.0, ""128"": 0.0, ""13"": 0.0, ""22"": 0.0, ""111"": 0.0, ""234"": 1.0, ""181"": 0.0, ""231"": 0.0, ""129"": 0.0, ""223"": 0.0, ""83"": 0.0, ""195"": 0.0, ""173"": 0.0, ""103"": 0.0, ""147"": 0.0, ""190"": 0.0, ""199"": 0.0, ""191"": 0.0, ""209"": 0.0, ""106"": 0.0, ""66"": 0.0, ""141"": 0.0, ""37"": 0.0, ""122"": 0.0, ""201"": 0.0, ""172"": 0.0, ""46"": 0.0, ""126"": 0.0, ""232"": 0.0, ""143"": 0.0, ""82"": 0.0, ""151"": 0.0, ""41"": 0.0, ""105"": 0.0, ""15"": 0.0, ""60"": 0.0, ""64"": 0.0, ""31"": 0.0, ""132"": 0.0, ""55"": 0.0, ""65"": 0.0, ""176"": 0.0, ""136"": 0.0, ""219"": 0.0, ""17"": 0.0, ""157"": 0.0, ""70"": 0.0, ""163"": 0.0, ""25"": 0.0, ""36"": 0.0, ""28"": 0.0, ""108"": 0.0, ""21"": 0.0, ""169"": 0.0, ""11"": 0.0, ""67"": 0.0, ""158"": 0.0, ""110"": 0.0, ""81"": 0.0, ""186"": 0.0, ""228"": 0.0, ""71"": 0.0, ""95"": 0.0, ""184"": 0.0, ""44"": 0.0, ""78"": 0.0, ""-1"": 0.0, ""112"": 0.0, ""215"": 0.0, ""130"": 0.0, ""84"": 0.0, ""149"": 0.0, ""227"": 0.0, ""104"": 0.0, ""45"": 0.0, ""178"": 0.0, ""7"": 0.0, ""4"": 0.0, ""52"": 0.0, ""93"": 0.0, ""88"": 0.0, ""207"": 0.0, ""107"": 0.0, ""32"": 0.0, ""73"": 0.0, ""63"": 0.0, ""86"": 0.0, ""222"": 0.0, ""202"": 0.0, ""182"": 0.0, ""89"": 0.0, ""164"": 0.0, ""87"": 0.0, ""29"": 0.0, ""120"": 0.0, ""170"": 0.0, ""18"": 0.0, ""183"": 0.0, ""42"": 0.0, ""204"": 0.0, ""144"": 0.0, ""214"": 0.0, ""5"": 0.0, ""115"": 0.0, ""193"": 0.0}",jev-1.13.0,32ab48254e6b569b3d8983956c896f7033927663ecad3ed37e7fd69f795f8516
semantic-short:bge-boundaries:60-180:q70:v1:2397177249:000001321320-000001444480,186,semantic:bge:leaf-local-6-2:42:186,AI mõju töökorraldusele ja tööturule,0.67,0.66,"{""114"": 0.0, ""113"": 0.0, ""213"": 0.0, ""81"": 0.0, ""191"": 0.0, ""49"": 0.0, ""24"": 0.0, ""139"": 0.0, ""5"": 0.0, ""132"": 0.0, ""227"": 0.0, ""87"": 0.0, ""145"": 0.0, ""209"": 0.0, ""98"": 0.0, ""103"": 0.0, ""3"": 0.0, ""11"": 0.0, ""138"": 0.0, ""164"": 0.0, ""194"": 0.0, ""212"": 0.0, ""231"": 0.0, ""44"": 0.0, ""165"": 0.0, ""104"": 0.0, ""177"": 0.0, ""82"": 0.0, ""67"": 0.0, ""217"": 0.0, ""226"": 0.0, ""142"": 0.0, ""134"": 0.0, ""218"": 0.0, ""74"": 0.0, ""161"": 0.0, ""65"": 0.0, ""129"": 0.0, ""176"": 0.0, ""18"": 0.0, ""190"": 0.0, ""70"": 0.0, ""153"": 0.0, ""101"": 0.0, ""204"": 0.0, ""122"": 0.0, ""216"": 0.0, ""53"": 0.0, ""162"": 0.0, ""21"": 0.0, ""93"": 0.0, ""42"": 0.0, ""36"": 0.0, ""224"": 0.0, ""75"": 0.0, ""229"": 0.0, ""149"": 0.0, ""32"": 0.0, ""97"": 0.0, ""35"": 0.0, ""84"": 0.0, ""73"": 0.0, ""158"": 0.0, ""159"": 0.0, ""96"": 0.0, ""41"": 0.0, ""124"": 0.0, ""225"": 0.0, ""0"": 0.0, ""88"": 0.0, ""232"": 0.0, ""173"": 0.0, ""230"": 0.0, ""207"": 0.0, ""141"": 0.0, ""182"": 0.0, ""48"": 0.0, ""80"": 0.0, ""137"": 0.0, ""128"": 0.0, ""116"": 0.0, ""16"": 0.0, ""205"": 0.0, ""193"": 0.0, ""144"": 0.0, ""76"": 0.0, ""22"": 0.0, ""223"": 0.0, ""117"": 0.0, ""30"": 0.0, ""40"": 0.0, ""39"": 0.0, ""187"": 0.0, ""140"": 0.0, ""119"": 0.0, ""34"": 0.0, ""146"": 0.0, ""147"": 0.0, ""163"": 0.0, ""143"": 0.0, ""77"": 0.0, ""188"": 0.0, ""133"": 0.0, ""72"": 0.0, ""198"": 0.0, ""109"": 0.0, ""61"": 0.0, ""59"": 0.0, ""51"": 0.0, ""10"": 0.0, ""156"": 0.0, ""192"": 0.0, ""102"": 0.0, ""186"": 0.67, ""154"": 0.0, ""123"": 0.0, ""4"": 0.0, ""8"": 0.0, ""1"": 0.0, ""69"": 0.0, ""201"": 0.0, ""152"": 0.0, ""108"": 0.0, ""86"": 0.0, ""174"": 0.0, ""171"": 0.0, ""126"": 0.0, ""94"": 0.0, ""111"": 0.0, ""23"": 0.0, ""148"": 0.0, ""233"": 0.0, ""110"": 0.0, ""195"": 0.0, ""64"": 0.0, ""172"": 0.0, ""185"": 0.0, ""202"": 0.0, ""55"": 0.0, ""211"": 0.0, ""115"": 0.0, ""120"": 0.01, ""79"": 0.0, ""181"": 0.0, ""58"": 0.0, ""62"": 0.0, ""27"": 0.0, ""20"": 0.0, ""71"": 0.0, ""168"": 0.0, ""43"": 0.0, ""50"": 0.0, ""199"": 0.23, ""234"": 0.0, ""222"": 0.0, ""9"": 0.0, ""155"": 0.01, ""179"": 0.0, ""15"": 0.0, ""92"": 0.0, ""63"": 0.0, ""78"": 0.0, ""12"": 0.0, ""25"": 0.0, ""219"": 0.0, ""68"": 0.0, ""221"": 0.0, ""178"": 0.0, ""31"": 0.0, ""151"": 0.0, ""206"": 0.0, ""112"": 0.0, ""45"": 0.0, ""60"": 0.0, ""14"": 0.0, ""89"": 0.0, ""105"": 0.0, ""19"": 0.0, ""106"": 0.0, ""150"": 0.0, ""118"": 0.0, ""125"": 0.0, ""99"": 0.0, ""160"": 0.0, ""47"": 0.0, ""170"": 0.03, ""157"": 0.0, ""37"": 0.0, ""208"": 0.0, ""127"": 0.0, ""210"": 0.0, ""200"": 0.0, ""183"": 0.0, ""167"": 0.0, ""121"": 0.0, ""220"": 0.0, ""57"": 0.0, ""7"": 0.0, ""91"": 0.0, ""13"": 0.0, ""54"": 0.0, ""189"": 0.0, ""215"": 0.0, ""26"": 0.0, ""46"": 0.0, ""100"": 0.0, ""107"": 0.0, ""214"": 0.0, ""130"": 0.0, ""56"": 0.0, ""169"": 0.0, ""166"": 0.0, ""29"": 0.0, ""184"": 0.0, ""90"": 0.0, ""52"": 0.0, ""131"": 0.0, ""197"": 0.0, ""66"": 0.0, ""17"": 0.0, ""-1"": 0.04, ""85"": 0.0, ""95"": 0.0, ""235"": 0.0, ""180"": 0.0, ""83"": 0.0, ""33"": 0.0, ""196"": 0.0, ""28"": 0.0, ""136"": 0.0, ""135"": 0.0, ""203"": 0.0, ""228"": 0.0, ""175"": 0.0, ""6"": 0.0, ""2"": 0.0, ""38"": 0.0}",jev-1.13.0,f859801bf9d660c13c45e1384c22fe615a1ce29f1b421c5d0dc003e9256df003
semantic-short:bge-boundaries:60-180:q70:v1:2397177249:000001444480-000001505640,186,semantic:bge:leaf-local-6-2:42:186,AI mõju töökorraldusele ja tööturule,0.64,0.63,"{""31"": 0.0, ""62"": 0.0, ""155"": 0.0, ""37"": 0.0, ""219"": 0.0, ""74"": 0.0, ""41"": 0.0, ""89"": 0.0, ""102"": 0.0, ""40"": 0.0, ""110"": 0.0, ""164"": 0.0, ""140"": 0.0, ""174"": 0.0, ""208"": 0.0, ""176"": 0.0, ""80"": 0.0, ""223"": 0.0, ""36"": 0.0, ""32"": 0.0, ""9"": 0.0, ""197"": 0.0, ""29"": 0.0, ""47"": 0.0, ""86"": 0.0, ""148"": 0.0, ""124"": 0.0, ""213"": 0.0, ""188"": 0.0, ""5"": 0.0, ""2"": 0.0, ""77"": 0.0, ""182"": 0.0, ""128"": 0.0, ""115"": 0.0, ""190"": 0.0, ""226"": 0.0, ""175"": 0.0, ""136"": 0.0, ""209"": 0.0, ""118"": 0.0, ""39"": 0.0, ""199"": 0.04, ""14"": 0.0, ""138"": 0.0, ""104"": 0.0, ""46"": 0.0, ""159"": 0.0, ""-1"": 0.09, ""35"": 0.0, ""26"": 0.0, ""156"": 0.0, ""229"": 0.0, ""96"": 0.0, ""150"": 0.0, ""177"": 0.0, ""42"": 0.0, ""34"": 0.0, ""154"": 0.0, ""22"": 0.0, ""147"": 0.0, ""71"": 0.0, ""179"": 0.0, ""4"": 0.0, ""13"": 0.0, ""126"": 0.0, ""21"": 0.0, ""85"": 0.0, ""228"": 0.0, ""67"": 0.0, ""54"": 0.0, ""131"": 0.0, ""225"": 0.0, ""33"": 0.0, ""99"": 0.0, ""3"": 0.0, ""18"": 0.0, ""93"": 0.0, ""19"": 0.0, ""50"": 0.0, ""28"": 0.0, ""203"": 0.0, ""202"": 0.0, ""7"": 0.0, ""227"": 0.0, ""194"": 0.0, ""45"": 0.0, ""125"": 0.0, ""38"": 0.0, ""58"": 0.0, ""144"": 0.0, ""15"": 0.0, ""120"": 0.02, ""116"": 0.0, ""69"": 0.0, ""8"": 0.0, ""53"": 0.0, ""180"": 0.0, ""198"": 0.0, ""129"": 0.0, ""206"": 0.0, ""162"": 0.0, ""82"": 0.0, ""49"": 0.0, ""51"": 0.0, ""217"": 0.0, ""76"": 0.0, ""189"": 0.0, ""216"": 0.0, ""173"": 0.0, ""122"": 0.0, ""90"": 0.0, ""218"": 0.0, ""210"": 0.0, ""153"": 0.0, ""73"": 0.0, ""105"": 0.0, ""192"": 0.0, ""167"": 0.0, ""98"": 0.0, ""23"": 0.0, ""59"": 0.0, ""214"": 0.0, ""27"": 0.0, ""100"": 0.0, ""66"": 0.0, ""168"": 0.0, ""224"": 0.0, ""142"": 0.0, ""87"": 0.0, ""171"": 0.0, ""107"": 0.0, ""211"": 0.0, ""111"": 0.0, ""114"": 0.0, ""166"": 0.0, ""187"": 0.0, ""200"": 0.0, ""161"": 0.0, ""68"": 0.0, ""78"": 0.0, ""165"": 0.0, ""137"": 0.0, ""57"": 0.0, ""160"": 0.0, ""191"": 0.0, ""172"": 0.0, ""133"": 0.0, ""0"": 0.0, ""157"": 0.0, ""109"": 0.0, ""135"": 0.0, ""195"": 0.0, ""151"": 0.0, ""207"": 0.0, ""204"": 0.0, ""158"": 0.0, ""185"": 0.0, ""186"": 0.64, ""183"": 0.0, ""94"": 0.0, ""181"": 0.0, ""139"": 0.0, ""81"": 0.0, ""196"": 0.0, ""143"": 0.0, ""149"": 0.0, ""230"": 0.0, ""48"": 0.0, ""70"": 0.0, ""108"": 0.0, ""95"": 0.0, ""17"": 0.0, ""60"": 0.0, ""10"": 0.0, ""112"": 0.0, ""91"": 0.0, ""163"": 0.0, ""30"": 0.0, ""113"": 0.0, ""92"": 0.0, ""215"": 0.0, ""222"": 0.0, ""20"": 0.0, ""25"": 0.0, ""106"": 0.0, ""1"": 0.0, ""121"": 0.0, ""65"": 0.0, ""103"": 0.0, ""83"": 0.0, ""132"": 0.0, ""56"": 0.0, ""88"": 0.0, ""61"": 0.0, ""234"": 0.2, ""232"": 0.0, ""75"": 0.0, ""233"": 0.0, ""119"": 0.0, ""152"": 0.0, ""235"": 0.0, ""184"": 0.0, ""178"": 0.0, ""141"": 0.0, ""134"": 0.0, ""84"": 0.0, ""52"": 0.0, ""44"": 0.0, ""170"": 0.0, ""212"": 0.0, ""97"": 0.0, ""145"": 0.0, ""12"": 0.0, ""146"": 0.0, ""16"": 0.0, ""123"": 0.0, ""205"": 0.0, ""64"": 0.0, ""231"": 0.0, ""193"": 0.0, ""11"": 0.0, ""55"": 0.0, ""169"": 0.0, ""117"": 0.0, ""101"": 0.0, ""24"": 0.0, ""130"": 0.0, ""127"": 0.0, ""72"": 0.0, ""6"": 0.0, ""79"": 0.0, ""220"": 0.0, ""221"": 0.0, ""43"": 0.0, ""63"": 0.0, ""201"": 0.0}",jev-1.13.0,7566a5f1e5787d9b154c33dcefd8a373ec8ff3b3cb95d69b17aaad801708a25f
semantic-short:bge-boundaries:60-180:q70:v1:2397177249:000001505640-000001633320,155,semantic:bge:leaf-local-6-2:42:155,AI-agentide vastutus ja kontroll,0.83,0.82,"{""73"": 0.0, ""226"": 0.0, ""228"": 0.0, ""180"": 0.0, ""229"": 0.0, ""16"": 0.0, ""143"": 0.0, ""159"": 0.0, ""100"": 0.0, ""149"": 0.0, ""164"": 0.0, ""183"": 0.0, ""194"": 0.0, ""114"": 0.0, ""1"": 0.0, ""157"": 0.0, ""210"": 0.0, ""34"": 0.0, ""213"": 0.0, ""132"": 0.0, ""90"": 0.0, ""193"": 0.0, ""101"": 0.0, ""224"": 0.0, ""58"": 0.0, ""155"": 0.83, ""154"": 0.0, ""175"": 0.0, ""129"": 0.0, ""86"": 0.0, ""188"": 0.0, ""215"": 0.0, ""116"": 0.0, ""220"": 0.0, ""47"": 0.0, ""49"": 0.0, ""95"": 0.0, ""22"": 0.0, ""177"": 0.0, ""169"": 0.0, ""82"": 0.0, ""214"": 0.0, ""96"": 0.0, ""225"": 0.0, ""139"": 0.0, ""201"": 0.02, ""217"": 0.0, ""15"": 0.0, ""172"": 0.0, ""89"": 0.0, ""148"": 0.0, ""68"": 0.0, ""31"": 0.0, ""81"": 0.0, ""37"": 0.0, ""138"": 0.0, ""218"": 0.0, ""13"": 0.0, ""91"": 0.0, ""38"": 0.0, ""209"": 0.0, ""2"": 0.0, ""151"": 0.0, ""7"": 0.0, ""59"": 0.0, ""66"": 0.0, ""195"": 0.0, ""74"": 0.0, ""12"": 0.0, ""20"": 0.0, ""235"": 0.0, ""43"": 0.0, ""174"": 0.0, ""140"": 0.0, ""27"": 0.0, ""99"": 0.0, ""134"": 0.0, ""176"": 0.0, ""234"": 0.0, ""231"": 0.0, ""54"": 0.0, ""92"": 0.0, ""126"": 0.0, ""46"": 0.0, ""163"": 0.0, ""79"": 0.0, ""146"": 0.0, ""4"": 0.0, ""135"": 0.0, ""133"": 0.0, ""125"": 0.0, ""206"": 0.0, ""120"": 0.02, ""198"": 0.0, ""70"": 0.0, ""216"": 0.0, ""170"": 0.0, ""130"": 0.0, ""124"": 0.0, ""204"": 0.0, ""111"": 0.0, ""29"": 0.0, ""108"": 0.0, ""167"": 0.0, ""152"": 0.0, ""153"": 0.0, ""64"": 0.0, ""51"": 0.0, ""77"": 0.0, ""6"": 0.0, ""197"": 0.0, ""84"": 0.0, ""219"": 0.0, ""18"": 0.0, ""10"": 0.0, ""24"": 0.0, ""41"": 0.0, ""128"": 0.0, ""190"": 0.0, ""203"": 0.0, ""57"": 0.0, ""67"": 0.0, ""40"": 0.0, ""0"": 0.0, ""186"": 0.060000000000000005, ""144"": 0.0, ""141"": 0.0, ""184"": 0.0, ""42"": 0.0, ""232"": 0.0, ""119"": 0.0, ""147"": 0.0, ""205"": 0.0, ""88"": 0.0, ""33"": 0.0, ""55"": 0.0, ""28"": 0.0, ""17"": 0.0, ""123"": 0.0, ""23"": 0.0, ""223"": 0.0, ""104"": 0.0, ""60"": 0.0, ""233"": 0.0, ""112"": 0.0, ""150"": 0.0, ""80"": 0.0, ""14"": 0.0, ""36"": 0.0, ""222"": 0.0, ""227"": 0.0, ""181"": 0.0, ""191"": 0.0, ""185"": 0.0, ""8"": 0.0, ""9"": 0.0, ""87"": 0.0, ""85"": 0.0, ""39"": 0.0, ""115"": 0.0, ""118"": 0.0, ""127"": 0.0, ""196"": 0.0, ""35"": 0.0, ""53"": 0.0, ""21"": 0.0, ""136"": 0.0, ""212"": 0.0, ""65"": 0.0, ""61"": 0.0, ""93"": 0.0, ""11"": 0.0, ""208"": 0.0, ""25"": 0.0, ""102"": 0.0, ""48"": 0.0, ""137"": 0.0, ""26"": 0.0, ""166"": 0.0, ""156"": 0.0, ""171"": 0.0, ""200"": 0.0, ""98"": 0.0, ""165"": 0.0, ""192"": 0.0, ""160"": 0.0, ""117"": 0.0, ""75"": 0.0, ""72"": 0.0, ""187"": 0.0, ""202"": 0.0, ""110"": 0.0, ""106"": 0.0, ""189"": 0.0, ""122"": 0.0, ""63"": 0.0, ""94"": 0.0, ""97"": 0.0, ""83"": 0.0, ""131"": 0.0, ""32"": 0.0, ""62"": 0.0, ""161"": 0.0, ""162"": 0.0, ""211"": 0.0, ""178"": 0.0, ""78"": 0.0, ""179"": 0.0, ""52"": 0.0, ""5"": 0.0, ""109"": 0.0, ""44"": 0.0, ""182"": 0.0, ""199"": 0.0, ""145"": 0.0, ""121"": 0.0, ""30"": 0.0, ""69"": 0.0, ""173"": 0.0, ""168"": 0.0, ""142"": 0.0, ""103"": 0.0, ""76"": 0.0, ""45"": 0.0, ""107"": 0.0, ""71"": 0.0, ""3"": 0.0, ""113"": 0.0, ""207"": 0.0, ""19"": 0.0, ""50"": 0.0, ""158"": 0.0, ""105"": 0.0, ""230"": 0.0, ""-1"": 0.06999999999999999, ""221"": 0.0, ""56"": 0.0}",jev-1.13.0,8fa44fe1a91e41bfbd00331a36fee1c02feb337b649445402a2519d773bd4016
semantic-short:bge-boundaries:60-180:q70:v1:2397177249:000001633320-000001795240,120,semantic:bge:leaf-local-6-2:42:120,AI odava kasutuselevõtu ja eksporti,0.83,0.82,"{""221"": 0.0, ""115"": 0.0, ""43"": 0.0, ""163"": 0.0, ""41"": 0.0, ""76"": 0.0, ""230"": 0.0, ""225"": 0.0, ""47"": 0.0, ""220"": 0.0, ""109"": 0.0, ""143"": 0.0, ""49"": 0.0, ""32"": 0.0, ""179"": 0.0, ""46"": 0.0, ""185"": 0.0, ""103"": 0.0, ""34"": 0.0, ""12"": 0.0, ""169"": 0.0, ""142"": 0.11, ""182"": 0.0, ""77"": 0.0, ""56"": 0.0, ""231"": 0.0, ""223"": 0.0, ""196"": 0.0, ""176"": 0.0, ""135"": 0.0, ""207"": 0.0, ""93"": 0.0, ""-1"": 0.03, ""219"": 0.0, ""200"": 0.0, ""68"": 0.0, ""218"": 0.0, ""216"": 0.0, ""79"": 0.0, ""170"": 0.0, ""78"": 0.0, ""23"": 0.0, ""172"": 0.0, ""27"": 0.0, ""7"": 0.0, ""29"": 0.0, ""151"": 0.0, ""114"": 0.0, ""188"": 0.0, ""202"": 0.0, ""8"": 0.0, ""74"": 0.0, ""206"": 0.0, ""211"": 0.0, ""167"": 0.0, ""118"": 0.0, ""154"": 0.0, ""190"": 0.0, ""157"": 0.0, ""121"": 0.0, ""192"": 0.0, ""73"": 0.0, ""52"": 0.0, ""104"": 0.0, ""36"": 0.0, ""13"": 0.0, ""119"": 0.0, ""106"": 0.0, ""217"": 0.0, ""19"": 0.0, ""30"": 0.0, ""94"": 0.0, ""31"": 0.0, ""110"": 0.0, ""53"": 0.0, ""16"": 0.0, ""235"": 0.0, ""22"": 0.0, ""48"": 0.0, ""160"": 0.0, ""161"": 0.0, ""147"": 0.0, ""159"": 0.0, ""215"": 0.0, ""62"": 0.0, ""54"": 0.0, ""203"": 0.0, ""180"": 0.0, ""99"": 0.0, ""55"": 0.0, ""18"": 0.0, ""214"": 0.0, ""226"": 0.0, ""15"": 0.0, ""204"": 0.0, ""0"": 0.0, ""184"": 0.0, ""10"": 0.0, ""209"": 0.0, ""37"": 0.0, ""61"": 0.0, ""71"": 0.0, ""69"": 0.0, ""212"": 0.0, ""183"": 0.0, ""150"": 0.0, ""65"": 0.0, ""129"": 0.0, ""45"": 0.0, ""63"": 0.0, ""131"": 0.0, ""178"": 0.0, ""134"": 0.0, ""25"": 0.0, ""33"": 0.0, ""44"": 0.0, ""128"": 0.0, ""193"": 0.0, ""2"": 0.0, ""153"": 0.0, ""149"": 0.0, ""42"": 0.0, ""191"": 0.0, ""201"": 0.0, ""222"": 0.0, ""133"": 0.0, ""175"": 0.0, ""107"": 0.0, ""83"": 0.0, ""155"": 0.0, ""117"": 0.0, ""100"": 0.0, ""125"": 0.0, ""108"": 0.0, ""40"": 0.0, ""91"": 0.0, ""58"": 0.0, ""92"": 0.0, ""228"": 0.0, ""234"": 0.03, ""95"": 0.0, ""208"": 0.0, ""102"": 0.0, ""39"": 0.0, ""232"": 0.0, ""85"": 0.0, ""86"": 0.0, ""57"": 0.0, ""162"": 0.0, ""72"": 0.0, ""70"": 0.0, ""81"": 0.0, ""124"": 0.0, ""66"": 0.0, ""224"": 0.0, ""112"": 0.0, ""24"": 0.0, ""229"": 0.0, ""199"": 0.0, ""141"": 0.0, ""197"": 0.0, ""171"": 0.0, ""138"": 0.0, ""140"": 0.0, ""186"": 0.0, ""187"": 0.0, ""198"": 0.0, ""28"": 0.0, ""156"": 0.0, ""166"": 0.0, ""17"": 0.0, ""164"": 0.0, ""111"": 0.0, ""123"": 0.0, ""165"": 0.0, ""116"": 0.0, ""35"": 0.0, ""144"": 0.0, ""210"": 0.0, ""101"": 0.0, ""59"": 0.0, ""189"": 0.0, ""14"": 0.0, ""67"": 0.0, ""213"": 0.0, ""84"": 0.0, ""89"": 0.0, ""90"": 0.0, ""181"": 0.0, ""168"": 0.0, ""80"": 0.0, ""38"": 0.0, ""158"": 0.0, ""21"": 0.0, ""145"": 0.0, ""4"": 0.0, ""26"": 0.0, ""233"": 0.0, ""152"": 0.0, ""75"": 0.0, ""6"": 0.0, ""60"": 0.0, ""174"": 0.0, ""130"": 0.0, ""1"": 0.0, ""122"": 0.0, ""195"": 0.0, ""120"": 0.83, ""127"": 0.0, ""51"": 0.0, ""126"": 0.0, ""105"": 0.0, ""132"": 0.0, ""136"": 0.0, ""97"": 0.0, ""148"": 0.0, ""9"": 0.0, ""113"": 0.0, ""20"": 0.0, ""194"": 0.0, ""11"": 0.0, ""50"": 0.0, ""137"": 0.0, ""177"": 0.0, ""88"": 0.0, ""205"": 0.0, ""146"": 0.0, ""173"": 0.0, ""139"": 0.0, ""5"": 0.0, ""227"": 0.0, ""64"": 0.0, ""87"": 0.0, ""98"": 0.0, ""3"": 0.0, ""82"": 0.0, ""96"": 0.0}",jev-1.13.0,9ecdc0ab8c8c5737eb7ec7b8fc8beae58e75d237a3f26bfe21179c02cd9bf1e2
semantic-short:bge-boundaries:60-180:q70:v1:2397177249:000001795240-000001925480,-1,semantic:bge:leaf-local-6-2:42:-1,Unassigned,0.75,0.74,"{""73"": 0.0, ""226"": 0.0, ""228"": 0.0, ""180"": 0.0, ""229"": 0.0, ""16"": 0.0, ""143"": 0.0, ""159"": 0.0, ""100"": 0.0, ""149"": 0.02, ""164"": 0.0, ""183"": 0.0, ""194"": 0.0, ""210"": 0.0, ""1"": 0.0, ""157"": 0.0, ""114"": 0.0, ""34"": 0.0, ""213"": 0.0, ""132"": 0.0, ""90"": 0.0, ""193"": 0.0, ""101"": 0.0, ""224"": 0.0, ""58"": 0.0, ""155"": 0.0, ""154"": 0.0, ""129"": 0.0, ""86"": 0.0, ""175"": 0.0, ""188"": 0.0, ""215"": 0.0, ""116"": 0.0, ""220"": 0.0, ""47"": 0.0, ""49"": 0.0, ""95"": 0.0, ""22"": 0.0, ""177"": 0.0, ""82"": 0.0, ""169"": 0.0, ""214"": 0.0, ""96"": 0.01, ""225"": 0.0, ""139"": 0.0, ""201"": 0.0, ""217"": 0.0, ""89"": 0.0, ""172"": 0.0, ""15"": 0.0, ""148"": 0.0, ""68"": 0.0, ""31"": 0.0, ""81"": 0.0, ""37"": 0.0, ""138"": 0.0, ""218"": 0.0, ""13"": 0.0, ""91"": 0.0, ""38"": 0.0, ""209"": 0.0, ""2"": 0.0, ""151"": 0.0, ""7"": 0.0, ""59"": 0.0, ""195"": 0.0, ""66"": 0.0, ""12"": 0.0, ""74"": 0.0, ""20"": 0.0, ""235"": 0.0, ""43"": 0.0, ""140"": 0.0, ""174"": 0.0, ""27"": 0.0, ""99"": 0.01, ""134"": 0.0, ""176"": 0.0, ""234"": 0.0, ""231"": 0.0, ""46"": 0.0, ""92"": 0.0, ""126"": 0.0, ""54"": 0.0, ""120"": 0.0, ""79"": 0.0, ""4"": 0.0, ""163"": 0.0, ""133"": 0.0, ""125"": 0.0, ""146"": 0.0, ""206"": 0.0, ""135"": 0.0, ""198"": 0.0, ""70"": 0.0, ""216"": 0.0, ""130"": 0.0, ""170"": 0.0, ""124"": 0.0, ""204"": 0.0, ""111"": 0.0, ""29"": 0.0, ""167"": 0.0, ""108"": 0.0, ""152"": 0.0, ""64"": 0.0, ""153"": 0.0, ""77"": 0.0, ""51"": 0.0, ""6"": 0.0, ""197"": 0.0, ""84"": 0.0, ""219"": 0.0, ""24"": 0.0, ""10"": 0.0, ""18"": 0.0, ""41"": 0.0, ""128"": 0.0, ""190"": 0.0, ""203"": 0.0, ""57"": 0.0, ""67"": 0.0, ""40"": 0.0, ""0"": 0.0, ""186"": 0.0, ""144"": 0.0, ""141"": 0.0, ""42"": 0.0, ""184"": 0.0, ""232"": 0.0, ""119"": 0.0, ""147"": 0.0, ""205"": 0.0, ""88"": 0.0, ""33"": 0.02, ""55"": 0.0, ""28"": 0.0, ""17"": 0.0, ""123"": 0.0, ""23"": 0.0, ""223"": 0.0, ""104"": 0.0, ""60"": 0.02, ""233"": 0.0, ""112"": 0.09, ""150"": 0.0, ""80"": 0.0, ""14"": 0.0, ""36"": 0.0, ""222"": 0.0, ""227"": 0.0, ""181"": 0.0, ""191"": 0.0, ""185"": 0.0, ""8"": 0.0, ""87"": 0.0, ""9"": 0.0, ""85"": 0.0, ""39"": 0.0, ""115"": 0.0, ""118"": 0.0, ""196"": 0.0, ""127"": 0.0, ""35"": 0.0, ""53"": 0.0, ""21"": 0.0, ""136"": 0.0, ""212"": 0.0, ""65"": 0.0, ""61"": 0.0, ""93"": 0.0, ""11"": 0.0, ""208"": 0.0, ""25"": 0.0, ""102"": 0.0, ""48"": 0.0, ""137"": 0.0, ""26"": 0.0, ""166"": 0.0, ""156"": 0.0, ""171"": 0.0, ""200"": 0.0, ""98"": 0.01, ""165"": 0.0, ""192"": 0.0, ""160"": 0.0, ""117"": 0.0, ""75"": 0.0, ""72"": 0.0, ""187"": 0.0, ""202"": 0.0, ""110"": 0.0, ""106"": 0.0, ""189"": 0.0, ""162"": 0.0, ""63"": 0.0, ""94"": 0.0, ""97"": 0.01, ""83"": 0.0, ""131"": 0.0, ""32"": 0.0, ""62"": 0.0, ""161"": 0.0, ""122"": 0.0, ""211"": 0.0, ""178"": 0.0, ""78"": 0.0, ""179"": 0.0, ""52"": 0.0, ""5"": 0.0, ""109"": 0.0, ""182"": 0.0, ""44"": 0.0, ""199"": 0.05, ""145"": 0.0, ""121"": 0.0, ""30"": 0.0, ""69"": 0.0, ""173"": 0.0, ""168"": 0.0, ""142"": 0.0, ""103"": 0.0, ""76"": 0.0, ""45"": 0.0, ""107"": 0.0, ""71"": 0.0, ""3"": 0.0, ""113"": 0.0, ""207"": 0.0, ""19"": 0.0, ""50"": 0.0, ""158"": 0.0, ""105"": 0.0, ""230"": 0.0, ""-1"": 0.75, ""56"": 0.0, ""221"": 0.0}",jev-1.13.0,e4c209fe8f7bf006e75cc05eb2c7a68193ee8701daa90eea4fb26315cfe1beb4
semantic-short:bge-boundaries:60-180:q70:v1:2397177249:000001925480-000002055200,157,semantic:bge:leaf-local-6-2:42:157,Startup-ökosüsteemi kogukond ja eeskujud,0.62,0.6,"{""232"": 0.0, ""231"": 0.0, ""157"": 0.62, ""139"": 0.0, ""26"": 0.0, ""104"": 0.0, ""163"": 0.0, ""93"": 0.0, ""202"": 0.0, ""182"": 0.0, ""23"": 0.0, ""201"": 0.0, ""195"": 0.0, ""99"": 0.0, ""107"": 0.0, ""171"": 0.0, ""223"": 0.0, ""187"": 0.0, ""211"": 0.0, ""207"": 0.0, ""121"": 0.0, ""19"": 0.0, ""173"": 0.0, ""100"": 0.0, ""134"": 0.0, ""141"": 0.0, ""68"": 0.0, ""22"": 0.0, ""40"": 0.0, ""59"": 0.0, ""69"": 0.0, ""10"": 0.0, ""13"": 0.0, ""90"": 0.0, ""184"": 0.0, ""196"": 0.0, ""18"": 0.0, ""178"": 0.0, ""72"": 0.0, ""154"": 0.0, ""175"": 0.0, ""222"": 0.0, ""168"": 0.0, ""140"": 0.0, ""153"": 0.0, ""36"": 0.0, ""112"": 0.0, ""65"": 0.0, ""146"": 0.0, ""21"": 0.0, ""15"": 0.0, ""147"": 0.0, ""35"": 0.0, ""174"": 0.0, ""160"": 0.0, ""66"": 0.0, ""166"": 0.0, ""205"": 0.0, ""103"": 0.0, ""33"": 0.0, ""144"": 0.0, ""16"": 0.0, ""212"": 0.0, ""94"": 0.0, ""32"": 0.0, ""109"": 0.0, ""185"": 0.0, ""30"": 0.0, ""46"": 0.0, ""108"": 0.0, ""5"": 0.0, ""206"": 0.0, ""53"": 0.0, ""113"": 0.0, ""56"": 0.0, ""79"": 0.0, ""110"": 0.0, ""145"": 0.0, ""0"": 0.0, ""55"": 0.0, ""229"": 0.0, ""63"": 0.0, ""47"": 0.0, ""191"": 0.0, ""151"": 0.0, ""62"": 0.0, ""2"": 0.0, ""181"": 0.0, ""213"": 0.0, ""1"": 0.0, ""204"": 0.0, ""8"": 0.0, ""43"": 0.0, ""4"": 0.0, ""149"": 0.0, ""57"": 0.0, ""233"": 0.0, ""49"": 0.0, ""218"": 0.0, ""89"": 0.0, ""86"": 0.0, ""177"": 0.0, ""17"": 0.0, ""235"": 0.0, ""186"": 0.02, ""138"": 0.0, ""28"": 0.0, ""214"": 0.0, ""188"": 0.0, ""220"": 0.0, ""136"": 0.0, ""73"": 0.0, ""169"": 0.0, ""193"": 0.0, ""14"": 0.0, ""91"": 0.0, ""85"": 0.0, ""48"": 0.0, ""228"": 0.0, ""164"": 0.0, ""197"": 0.0, ""119"": 0.0, ""88"": 0.0, ""25"": 0.0, ""92"": 0.0, ""199"": 0.0, ""155"": 0.0, ""39"": 0.0, ""167"": 0.0, ""158"": 0.0, ""76"": 0.0, ""102"": 0.0, ""120"": 0.0, ""61"": 0.0, ""74"": 0.0, ""-1"": 0.08, ""54"": 0.0, ""129"": 0.0, ""133"": 0.0, ""150"": 0.0, ""156"": 0.0, ""131"": 0.0, ""37"": 0.0, ""38"": 0.0, ""44"": 0.0, ""132"": 0.0, ""114"": 0.0, ""31"": 0.0, ""80"": 0.0, ""111"": 0.0, ""12"": 0.0, ""87"": 0.0, ""224"": 0.0, ""183"": 0.0, ""27"": 0.0, ""123"": 0.0, ""98"": 0.0, ""161"": 0.0, ""52"": 0.0, ""70"": 0.0, ""179"": 0.0, ""11"": 0.0, ""219"": 0.0, ""95"": 0.0, ""7"": 0.0, ""215"": 0.0, ""143"": 0.0, ""34"": 0.0, ""142"": 0.0, ""200"": 0.0, ""159"": 0.0, ""116"": 0.02, ""84"": 0.0, ""203"": 0.0, ""6"": 0.0, ""209"": 0.0, ""29"": 0.0, ""234"": 0.26, ""20"": 0.0, ""125"": 0.0, ""71"": 0.0, ""51"": 0.0, ""75"": 0.0, ""81"": 0.0, ""82"": 0.0, ""227"": 0.0, ""152"": 0.0, ""118"": 0.0, ""124"": 0.0, ""101"": 0.0, ""221"": 0.0, ""60"": 0.0, ""230"": 0.0, ""128"": 0.0, ""126"": 0.0, ""180"": 0.0, ""135"": 0.0, ""190"": 0.0, ""216"": 0.0, ""208"": 0.0, ""45"": 0.0, ""106"": 0.0, ""105"": 0.0, ""67"": 0.0, ""176"": 0.0, ""189"": 0.0, ""192"": 0.0, ""217"": 0.0, ""170"": 0.0, ""165"": 0.0, ""117"": 0.0, ""50"": 0.0, ""137"": 0.0, ""198"": 0.0, ""97"": 0.0, ""148"": 0.0, ""172"": 0.0, ""77"": 0.0, ""115"": 0.0, ""64"": 0.0, ""96"": 0.0, ""210"": 0.0, ""83"": 0.0, ""194"": 0.0, ""41"": 0.0, ""225"": 0.0, ""127"": 0.0, ""162"": 0.0, ""78"": 0.0, ""58"": 0.0, ""122"": 0.0, ""24"": 0.0, ""3"": 0.0, ""226"": 0.0, ""9"": 0.0, ""130"": 0.0, ""42"": 0.0}",jev-1.13.0,7dfda717179d50d6c6feded1c4e1b6512af9a3298e815a896fd70b406c621daa
semantic-short:bge-boundaries:60-180:q70:v1:2397177249:000002055200-000002214480,234,semantic:bge:leaf-local-6-2:42:234,AI muudab üksikettevõtluse lihtsamaks,0.93,0.92,"{""132"": 0.0, ""96"": 0.0, ""195"": 0.0, ""59"": 0.0, ""65"": 0.0, ""52"": 0.0, ""121"": 0.0, ""4"": 0.0, ""209"": 0.0, ""189"": 0.0, ""51"": 0.0, ""1"": 0.0, ""131"": 0.0, ""147"": 0.0, ""45"": 0.0, ""102"": 0.0, ""42"": 0.0, ""207"": 0.0, ""75"": 0.0, ""138"": 0.0, ""39"": 0.0, ""151"": 0.0, ""192"": 0.0, ""176"": 0.0, ""92"": 0.0, ""56"": 0.0, ""19"": 0.0, ""2"": 0.0, ""41"": 0.0, ""91"": 0.0, ""159"": 0.0, ""101"": 0.0, ""61"": 0.0, ""141"": 0.0, ""228"": 0.0, ""24"": 0.0, ""165"": 0.0, ""50"": 0.0, ""22"": 0.0, ""37"": 0.0, ""216"": 0.0, ""217"": 0.0, ""34"": 0.0, ""197"": 0.0, ""201"": 0.0, ""230"": 0.0, ""222"": 0.0, ""232"": 0.0, ""231"": 0.0, ""97"": 0.0, ""158"": 0.0, ""32"": 0.0, ""29"": 0.0, ""149"": 0.0, ""210"": 0.0, ""157"": 0.02, ""40"": 0.0, ""105"": 0.0, ""113"": 0.0, ""49"": 0.0, ""190"": 0.0, ""215"": 0.0, ""182"": 0.0, ""162"": 0.0, ""143"": 0.0, ""155"": 0.0, ""94"": 0.0, ""153"": 0.0, ""66"": 0.0, ""194"": 0.0, ""8"": 0.0, ""206"": 0.0, ""115"": 0.0, ""35"": 0.0, ""7"": 0.0, ""145"": 0.0, ""110"": 0.0, ""199"": 0.0, ""25"": 0.0, ""170"": 0.0, ""234"": 0.93, ""225"": 0.0, ""173"": 0.0, ""140"": 0.0, ""191"": 0.0, ""193"": 0.0, ""186"": 0.0, ""67"": 0.0, ""202"": 0.0, ""196"": 0.0, ""109"": 0.0, ""70"": 0.0, ""183"": 0.0, ""38"": 0.0, ""126"": 0.0, ""122"": 0.0, ""181"": 0.0, ""48"": 0.0, ""163"": 0.0, ""184"": 0.0, ""135"": 0.0, ""12"": 0.0, ""72"": 0.0, ""120"": 0.0, ""90"": 0.0, ""137"": 0.0, ""55"": 0.0, ""169"": 0.0, ""74"": 0.0, ""187"": 0.0, ""83"": 0.0, ""77"": 0.0, ""203"": 0.0, ""198"": 0.0, ""33"": 0.0, ""117"": 0.0, ""223"": 0.0, ""130"": 0.0, ""82"": 0.0, ""204"": 0.0, ""57"": 0.0, ""-1"": 0.04, ""124"": 0.0, ""21"": 0.0, ""86"": 0.0, ""171"": 0.0, ""5"": 0.0, ""185"": 0.0, ""26"": 0.0, ""123"": 0.0, ""79"": 0.0, ""118"": 0.0, ""188"": 0.0, ""58"": 0.0, ""62"": 0.0, ""14"": 0.0, ""81"": 0.0, ""76"": 0.0, ""218"": 0.0, ""156"": 0.0, ""211"": 0.0, ""87"": 0.0, ""235"": 0.0, ""36"": 0.0, ""233"": 0.0, ""128"": 0.0, ""178"": 0.0, ""85"": 0.0, ""16"": 0.0, ""107"": 0.0, ""47"": 0.0, ""108"": 0.0, ""69"": 0.0, ""0"": 0.0, ""177"": 0.0, ""64"": 0.0, ""104"": 0.0, ""119"": 0.0, ""208"": 0.0, ""99"": 0.0, ""224"": 0.0, ""106"": 0.0, ""152"": 0.0, ""112"": 0.0, ""220"": 0.0, ""17"": 0.0, ""168"": 0.0, ""114"": 0.0, ""60"": 0.0, ""213"": 0.0, ""116"": 0.0, ""9"": 0.0, ""179"": 0.0, ""78"": 0.0, ""3"": 0.0, ""95"": 0.0, ""71"": 0.0, ""31"": 0.0, ""23"": 0.0, ""227"": 0.0, ""200"": 0.0, ""13"": 0.0, ""98"": 0.0, ""226"": 0.0, ""133"": 0.0, ""164"": 0.0, ""125"": 0.0, ""63"": 0.0, ""11"": 0.0, ""229"": 0.0, ""139"": 0.0, ""129"": 0.0, ""142"": 0.0, ""43"": 0.0, ""175"": 0.0, ""27"": 0.0, ""136"": 0.0, ""167"": 0.0, ""20"": 0.0, ""84"": 0.0, ""219"": 0.0, ""93"": 0.0, ""172"": 0.0, ""212"": 0.0, ""100"": 0.0, ""46"": 0.0, ""28"": 0.0, ""166"": 0.0, ""88"": 0.0, ""144"": 0.0, ""30"": 0.0, ""148"": 0.0, ""103"": 0.0, ""127"": 0.0, ""80"": 0.0, ""180"": 0.0, ""6"": 0.0, ""53"": 0.0, ""73"": 0.0, ""146"": 0.0, ""160"": 0.0, ""44"": 0.0, ""150"": 0.0, ""10"": 0.0, ""89"": 0.0, ""68"": 0.0, ""214"": 0.0, ""221"": 0.0, ""18"": 0.0, ""15"": 0.0, ""134"": 0.0, ""154"": 0.0, ""174"": 0.0, ""111"": 0.0, ""54"": 0.0, ""205"": 0.0, ""161"": 0.0}",jev-1.13.0,eb34be939b0bb00496ed6ba419cfb232f57b4817a1b34b749eaae554966162ad
semantic-short:bge-boundaries:60-180:q70:v1:2397177249:000002214480-000002279600,-1,semantic:bge:leaf-local-6-2:42:-1,Unassigned,0.5,0.49,"{""220"": 0.0, ""138"": 0.0, ""146"": 0.0, ""57"": 0.0, ""129"": 0.0, ""171"": 0.0, ""122"": 0.0, ""116"": 0.0, ""82"": 0.0, ""162"": 0.0, ""188"": 0.0, ""107"": 0.0, ""3"": 0.0, ""154"": 0.0, ""36"": 0.0, ""219"": 0.0, ""71"": 0.0, ""77"": 0.0, ""170"": 0.0, ""52"": 0.0, ""155"": 0.04, ""180"": 0.0, ""131"": 0.0, ""70"": 0.0, ""133"": 0.0, ""110"": 0.0, ""27"": 0.0, ""83"": 0.0, ""73"": 0.0, ""32"": 0.0, ""130"": 0.0, ""12"": 0.0, ""67"": 0.0, ""137"": 0.0, ""134"": 0.0, ""135"": 0.0, ""234"": 0.02, ""182"": 0.0, ""4"": 0.0, ""209"": 0.0, ""14"": 0.0, ""185"": 0.0, ""75"": 0.0, ""176"": 0.0, ""-1"": 0.5, ""51"": 0.0, ""39"": 0.0, ""186"": 0.06999999999999999, ""225"": 0.0, ""207"": 0.0, ""210"": 0.0, ""87"": 0.0, ""8"": 0.0, ""23"": 0.0, ""151"": 0.0, ""99"": 0.0, ""215"": 0.0, ""192"": 0.0, ""193"": 0.0, ""84"": 0.0, ""235"": 0.0, ""25"": 0.0, ""227"": 0.0, ""5"": 0.0, ""111"": 0.0, ""90"": 0.0, ""204"": 0.0, ""88"": 0.0, ""167"": 0.0, ""156"": 0.0, ""34"": 0.0, ""164"": 0.0, ""231"": 0.0, ""94"": 0.0, ""97"": 0.0, ""228"": 0.0, ""233"": 0.0, ""38"": 0.0, ""74"": 0.0, ""89"": 0.0, ""22"": 0.0, ""213"": 0.0, ""91"": 0.0, ""184"": 0.0, ""150"": 0.0, ""59"": 0.0, ""41"": 0.0, ""169"": 0.04, ""93"": 0.0, ""15"": 0.0, ""139"": 0.0, ""222"": 0.0, ""53"": 0.0, ""60"": 0.29000000000000004, ""197"": 0.0, ""102"": 0.0, ""183"": 0.0, ""48"": 0.0, ""68"": 0.0, ""26"": 0.0, ""199"": 0.0, ""44"": 0.0, ""153"": 0.0, ""92"": 0.0, ""163"": 0.0, ""119"": 0.0, ""221"": 0.0, ""2"": 0.0, ""1"": 0.0, ""108"": 0.0, ""189"": 0.0, ""30"": 0.0, ""40"": 0.0, ""96"": 0.0, ""230"": 0.0, ""63"": 0.0, ""115"": 0.0, ""124"": 0.0, ""100"": 0.0, ""177"": 0.0, ""229"": 0.0, ""28"": 0.0, ""202"": 0.0, ""178"": 0.0, ""181"": 0.0, ""157"": 0.0, ""65"": 0.0, ""37"": 0.0, ""120"": 0.01, ""104"": 0.0, ""17"": 0.0, ""101"": 0.0, ""127"": 0.0, ""13"": 0.0, ""148"": 0.0, ""10"": 0.0, ""118"": 0.01, ""29"": 0.0, ""201"": 0.0, ""20"": 0.0, ""72"": 0.0, ""64"": 0.0, ""11"": 0.0, ""173"": 0.0, ""81"": 0.0, ""98"": 0.0, ""218"": 0.0, ""190"": 0.0, ""126"": 0.0, ""152"": 0.0, ""69"": 0.0, ""147"": 0.0, ""224"": 0.0, ""174"": 0.0, ""172"": 0.0, ""160"": 0.0, ""205"": 0.0, ""217"": 0.0, ""42"": 0.0, ""212"": 0.0, ""158"": 0.0, ""45"": 0.0, ""149"": 0.0, ""49"": 0.0, ""109"": 0.0, ""198"": 0.0, ""86"": 0.0, ""214"": 0.0, ""203"": 0.0, ""95"": 0.0, ""211"": 0.0, ""33"": 0.0, ""132"": 0.0, ""117"": 0.0, ""50"": 0.0, ""165"": 0.0, ""141"": 0.0, ""175"": 0.0, ""78"": 0.0, ""21"": 0.0, ""136"": 0.0, ""31"": 0.0, ""7"": 0.0, ""196"": 0.0, ""66"": 0.0, ""105"": 0.0, ""35"": 0.0, ""128"": 0.0, ""206"": 0.0, ""9"": 0.0, ""143"": 0.0, ""54"": 0.0, ""47"": 0.0, ""55"": 0.0, ""6"": 0.0, ""195"": 0.0, ""114"": 0.01, ""106"": 0.0, ""80"": 0.0, ""125"": 0.0, ""79"": 0.0, ""223"": 0.0, ""43"": 0.0, ""62"": 0.0, ""142"": 0.0, ""216"": 0.0, ""103"": 0.0, ""232"": 0.0, ""56"": 0.0, ""112"": 0.0, ""140"": 0.0, ""16"": 0.0, ""191"": 0.0, ""0"": 0.0, ""166"": 0.0, ""145"": 0.0, ""187"": 0.0, ""46"": 0.0, ""113"": 0.0, ""226"": 0.0, ""24"": 0.0, ""85"": 0.0, ""76"": 0.0, ""18"": 0.0, ""200"": 0.0, ""123"": 0.0, ""58"": 0.0, ""159"": 0.0, ""19"": 0.0, ""194"": 0.0, ""61"": 0.0, ""179"": 0.0, ""208"": 0.0, ""161"": 0.0, ""168"": 0.0, ""121"": 0.0, ""144"": 0.0}",jev-1.13.0,32497ca280b260634438e881c6e812e3ef59eb23c8b3b5fdd6bb3a4240b35820
semantic-short:bge-boundaries:60-180:q70:v1:2397177249:000002279600-000002437600,120,semantic:bge:leaf-local-6-2:42:120,AI odava kasutuselevõtu ja eksporti,1.0,1.0,"{""125"": 0.0, ""54"": 0.0, ""165"": 0.0, ""27"": 0.0, ""199"": 0.0, ""23"": 0.0, ""198"": 0.0, ""202"": 0.0, ""136"": 0.0, ""178"": 0.0, ""2"": 0.0, ""0"": 0.0, ""30"": 0.0, ""152"": 0.0, ""191"": 0.0, ""143"": 0.0, ""214"": 0.0, ""74"": 0.0, ""208"": 0.0, ""204"": 0.0, ""160"": 0.0, ""232"": 0.0, ""44"": 0.0, ""82"": 0.0, ""126"": 0.0, ""115"": 0.0, ""51"": 0.0, ""32"": 0.0, ""170"": 0.0, ""67"": 0.0, ""1"": 0.0, ""221"": 0.0, ""9"": 0.0, ""78"": 0.0, ""4"": 0.0, ""5"": 0.0, ""228"": 0.0, ""161"": 0.0, ""209"": 0.0, ""22"": 0.0, ""151"": 0.0, ""153"": 0.0, ""89"": 0.0, ""69"": 0.0, ""102"": 0.0, ""229"": 0.0, ""189"": 0.0, ""61"": 0.0, ""123"": 0.0, ""53"": 0.0, ""171"": 0.0, ""50"": 0.0, ""218"": 0.0, ""17"": 0.0, ""175"": 0.0, ""77"": 0.0, ""195"": 0.0, ""21"": 0.0, ""206"": 0.0, ""205"": 0.0, ""215"": 0.0, ""116"": 0.0, ""11"": 0.0, ""163"": 0.0, ""48"": 0.0, ""72"": 0.0, ""231"": 0.0, ""24"": 0.0, ""40"": 0.0, ""117"": 0.0, ""184"": 0.0, ""225"": 0.0, ""190"": 0.0, ""15"": 0.0, ""234"": 0.0, ""164"": 0.0, ""211"": 0.0, ""92"": 0.0, ""168"": 0.0, ""38"": 0.0, ""121"": 0.0, ""177"": 0.0, ""224"": 0.0, ""34"": 0.0, ""33"": 0.0, ""100"": 0.0, ""187"": 0.0, ""8"": 0.0, ""112"": 0.0, ""113"": 0.0, ""130"": 0.0, ""149"": 0.0, ""213"": 0.0, ""98"": 0.0, ""90"": 0.0, ""173"": 0.0, ""119"": 0.0, ""106"": 0.0, ""91"": 0.0, ""108"": 0.0, ""55"": 0.0, ""146"": 0.0, ""111"": 0.0, ""219"": 0.0, ""172"": 0.0, ""66"": 0.0, ""84"": 0.0, ""122"": 0.0, ""43"": 0.0, ""35"": 0.0, ""220"": 0.0, ""230"": 0.0, ""180"": 0.0, ""145"": 0.0, ""93"": 0.0, ""162"": 0.0, ""57"": 0.0, ""135"": 0.0, ""132"": 0.0, ""81"": 0.0, ""36"": 0.0, ""71"": 0.0, ""45"": 0.0, ""235"": 0.0, ""203"": 0.0, ""182"": 0.0, ""25"": 0.0, ""103"": 0.0, ""109"": 0.0, ""158"": 0.0, ""207"": 0.0, ""166"": 0.0, ""131"": 0.0, ""148"": 0.0, ""60"": 0.0, ""124"": 0.0, ""217"": 0.0, ""47"": 0.0, ""99"": 0.0, ""156"": 0.0, ""46"": 0.0, ""87"": 0.0, ""7"": 0.0, ""233"": 0.0, ""134"": 0.0, ""169"": 0.0, ""197"": 0.0, ""14"": 0.0, ""196"": 0.0, ""201"": 0.0, ""3"": 0.0, ""73"": 0.0, ""176"": 0.0, ""79"": 0.0, ""97"": 0.0, ""85"": 0.0, ""155"": 0.0, ""154"": 0.0, ""18"": 0.0, ""142"": 0.0, ""52"": 0.0, ""179"": 0.0, ""39"": 0.0, ""194"": 0.0, ""200"": 0.0, ""70"": 0.0, ""20"": 0.0, ""186"": 0.0, ""49"": 0.0, ""114"": 0.0, ""65"": 0.0, ""105"": 0.0, ""63"": 0.0, ""13"": 0.0, ""216"": 0.0, ""128"": 0.0, ""192"": 0.0, ""95"": 0.0, ""129"": 0.0, ""101"": 0.0, ""10"": 0.0, ""193"": 0.0, ""210"": 0.0, ""227"": 0.0, ""137"": 0.0, ""59"": 0.0, ""86"": 0.0, ""96"": 0.0, ""212"": 0.0, ""222"": 0.0, ""56"": 0.0, ""159"": 0.0, ""174"": 0.0, ""41"": 0.0, ""31"": 0.0, ""181"": 0.0, ""133"": 0.0, ""147"": 0.0, ""-1"": 0.0, ""28"": 0.0, ""19"": 0.0, ""226"": 0.0, ""140"": 0.0, ""223"": 0.0, ""42"": 0.0, ""139"": 0.0, ""144"": 0.0, ""6"": 0.0, ""16"": 0.0, ""127"": 0.0, ""75"": 0.0, ""88"": 0.0, ""58"": 0.0, ""62"": 0.0, ""141"": 0.0, ""138"": 0.0, ""64"": 0.0, ""188"": 0.0, ""118"": 0.0, ""104"": 0.0, ""12"": 0.0, ""76"": 0.0, ""68"": 0.0, ""157"": 0.0, ""107"": 0.0, ""150"": 0.0, ""80"": 0.0, ""37"": 0.0, ""183"": 0.0, ""83"": 0.0, ""110"": 0.0, ""185"": 0.0, ""120"": 1.0, ""94"": 0.0, ""26"": 0.0, ""167"": 0.0, ""29"": 0.0}",jev-1.13.0,72be7ef4c05900c48805c4e23858c33b524d0051b2f64ffdaca1c2310054370e
semantic-short:bge-boundaries:60-180:q70:v1:2397177249:000002437600-000002503800,186,semantic:bge:leaf-local-6-2:42:186,AI mõju töökorraldusele ja tööturule,0.83,0.82,"{""170"": 0.0, ""129"": 0.0, ""22"": 0.0, ""70"": 0.0, ""106"": 0.0, ""220"": 0.0, ""78"": 0.0, ""30"": 0.0, ""80"": 0.0, ""9"": 0.0, ""147"": 0.0, ""117"": 0.0, ""134"": 0.0, ""136"": 0.0, ""2"": 0.0, ""114"": 0.0, ""26"": 0.0, ""123"": 0.0, ""79"": 0.0, ""126"": 0.0, ""13"": 0.0, ""113"": 0.0, ""166"": 0.0, ""223"": 0.0, ""38"": 0.0, ""67"": 0.0, ""208"": 0.0, ""181"": 0.0, ""216"": 0.0, ""197"": 0.0, ""108"": 0.0, ""165"": 0.0, ""105"": 0.0, ""65"": 0.0, ""94"": 0.0, ""15"": 0.0, ""120"": 0.04, ""124"": 0.0, ""128"": 0.0, ""226"": 0.0, ""222"": 0.0, ""159"": 0.0, ""172"": 0.0, ""200"": 0.0, ""235"": 0.0, ""231"": 0.0, ""175"": 0.0, ""209"": 0.0, ""85"": 0.0, ""8"": 0.0, ""139"": 0.0, ""212"": 0.0, ""46"": 0.0, ""17"": 0.0, ""68"": 0.0, ""146"": 0.0, ""161"": 0.0, ""144"": 0.0, ""202"": 0.0, ""122"": 0.0, ""37"": 0.0, ""131"": 0.0, ""183"": 0.0, ""50"": 0.0, ""207"": 0.0, ""23"": 0.0, ""148"": 0.0, ""71"": 0.0, ""121"": 0.0, ""99"": 0.0, ""150"": 0.0, ""205"": 0.0, ""118"": 0.0, ""90"": 0.0, ""63"": 0.0, ""112"": 0.0, ""232"": 0.0, ""12"": 0.0, ""187"": 0.0, ""44"": 0.0, ""155"": 0.03, ""102"": 0.0, ""130"": 0.0, ""228"": 0.0, ""93"": 0.0, ""69"": 0.0, ""18"": 0.0, ""196"": 0.0, ""188"": 0.0, ""171"": 0.0, ""174"": 0.0, ""75"": 0.0, ""14"": 0.0, ""211"": 0.0, ""55"": 0.0, ""25"": 0.0, ""89"": 0.0, ""204"": 0.0, ""32"": 0.0, ""35"": 0.0, ""40"": 0.0, ""195"": 0.0, ""135"": 0.0, ""34"": 0.0, ""178"": 0.0, ""110"": 0.0, ""16"": 0.0, ""176"": 0.0, ""133"": 0.0, ""193"": 0.0, ""74"": 0.0, ""225"": 0.0, ""77"": 0.0, ""156"": 0.0, ""21"": 0.0, ""201"": 0.0, ""20"": 0.0, ""213"": 0.0, ""230"": 0.0, ""111"": 0.0, ""149"": 0.0, ""219"": 0.0, ""138"": 0.0, ""91"": 0.0, ""218"": 0.0, ""7"": 0.0, ""153"": 0.0, ""53"": 0.0, ""83"": 0.0, ""66"": 0.0, ""184"": 0.0, ""95"": 0.0, ""127"": 0.0, ""107"": 0.0, ""198"": 0.0, ""163"": 0.0, ""186"": 0.83, ""210"": 0.0, ""162"": 0.0, ""45"": 0.0, ""119"": 0.0, ""76"": 0.0, ""145"": 0.0, ""0"": 0.0, ""86"": 0.0, ""158"": 0.0, ""224"": 0.0, ""24"": 0.0, ""206"": 0.0, ""58"": 0.0, ""185"": 0.0, ""191"": 0.0, ""27"": 0.0, ""103"": 0.0, ""52"": 0.0, ""19"": 0.0, ""48"": 0.0, ""-1"": 0.01, ""154"": 0.0, ""116"": 0.0, ""142"": 0.0, ""180"": 0.0, ""54"": 0.0, ""64"": 0.0, ""28"": 0.0, ""33"": 0.0, ""10"": 0.0, ""173"": 0.0, ""51"": 0.0, ""62"": 0.0, ""115"": 0.0, ""47"": 0.0, ""6"": 0.0, ""192"": 0.0, ""92"": 0.0, ""87"": 0.0, ""152"": 0.0, ""160"": 0.0, ""182"": 0.0, ""59"": 0.0, ""141"": 0.0, ""61"": 0.0, ""84"": 0.0, ""151"": 0.0, ""5"": 0.0, ""29"": 0.0, ""125"": 0.0, ""31"": 0.0, ""214"": 0.0, ""189"": 0.0, ""41"": 0.0, ""229"": 0.0, ""157"": 0.0, ""3"": 0.0, ""168"": 0.0, ""11"": 0.0, ""137"": 0.0, ""104"": 0.0, ""96"": 0.0, ""143"": 0.0, ""72"": 0.0, ""233"": 0.0, ""164"": 0.0, ""190"": 0.0, ""39"": 0.0, ""97"": 0.0, ""203"": 0.0, ""109"": 0.0, ""81"": 0.0, ""49"": 0.0, ""215"": 0.0, ""227"": 0.0, ""43"": 0.0, ""36"": 0.0, ""60"": 0.0, ""88"": 0.0, ""1"": 0.0, ""56"": 0.0, ""132"": 0.0, ""42"": 0.0, ""199"": 0.0, ""57"": 0.0, ""101"": 0.0, ""73"": 0.0, ""140"": 0.0, ""194"": 0.0, ""177"": 0.0, ""167"": 0.0, ""98"": 0.0, ""217"": 0.0, ""221"": 0.0, ""82"": 0.0, ""169"": 0.0, ""4"": 0.0, ""179"": 0.0, ""100"": 0.0, ""234"": 0.09}",jev-1.13.0,05665c4d3bbe6c346fa3183373a5b0bf7403bdf584318176c673b6833298a68c
semantic-short:bge-boundaries:60-180:q70:v1:2397177249:000002503800-000002571760,234,semantic:bge:leaf-local-6-2:42:234,AI muudab üksikettevõtluse lihtsamaks,0.95,0.94,"{""221"": 0.0, ""82"": 0.0, ""167"": 0.0, ""141"": 0.0, ""104"": 0.0, ""91"": 0.0, ""70"": 0.0, ""75"": 0.0, ""36"": 0.0, ""186"": 0.01, ""122"": 0.0, ""22"": 0.0, ""151"": 0.0, ""37"": 0.0, ""216"": 0.0, ""46"": 0.0, ""162"": 0.0, ""86"": 0.0, ""214"": 0.0, ""125"": 0.0, ""129"": 0.0, ""173"": 0.0, ""52"": 0.0, ""42"": 0.0, ""135"": 0.0, ""164"": 0.0, ""69"": 0.0, ""235"": 0.0, ""6"": 0.0, ""76"": 0.0, ""32"": 0.0, ""137"": 0.0, ""179"": 0.0, ""98"": 0.0, ""78"": 0.0, ""189"": 0.0, ""202"": 0.0, ""123"": 0.0, ""116"": 0.0, ""170"": 0.0, ""212"": 0.0, ""68"": 0.0, ""223"": 0.0, ""66"": 0.0, ""183"": 0.0, ""215"": 0.0, ""-1"": 0.04, ""74"": 0.0, ""138"": 0.0, ""139"": 0.0, ""208"": 0.0, ""73"": 0.0, ""175"": 0.0, ""27"": 0.0, ""81"": 0.0, ""158"": 0.0, ""17"": 0.0, ""43"": 0.0, ""50"": 0.0, ""34"": 0.0, ""219"": 0.0, ""2"": 0.0, ""4"": 0.0, ""51"": 0.0, ""71"": 0.0, ""11"": 0.0, ""198"": 0.0, ""93"": 0.0, ""143"": 0.0, ""192"": 0.0, ""200"": 0.0, ""99"": 0.0, ""16"": 0.0, ""204"": 0.0, ""121"": 0.0, ""218"": 0.0, ""94"": 0.0, ""10"": 0.0, ""132"": 0.0, ""9"": 0.0, ""8"": 0.0, ""211"": 0.0, ""160"": 0.0, ""40"": 0.0, ""60"": 0.0, ""77"": 0.0, ""35"": 0.0, ""234"": 0.95, ""199"": 0.0, ""148"": 0.0, ""153"": 0.0, ""83"": 0.0, ""227"": 0.0, ""79"": 0.0, ""19"": 0.0, ""206"": 0.0, ""224"": 0.0, ""159"": 0.0, ""96"": 0.0, ""124"": 0.0, ""25"": 0.0, ""131"": 0.0, ""134"": 0.0, ""41"": 0.0, ""14"": 0.0, ""84"": 0.0, ""62"": 0.0, ""130"": 0.0, ""57"": 0.0, ""232"": 0.0, ""193"": 0.0, ""95"": 0.0, ""161"": 0.0, ""133"": 0.0, ""171"": 0.0, ""157"": 0.0, ""0"": 0.0, ""226"": 0.0, ""88"": 0.0, ""3"": 0.0, ""178"": 0.0, ""54"": 0.0, ""114"": 0.0, ""65"": 0.0, ""102"": 0.0, ""58"": 0.0, ""87"": 0.0, ""172"": 0.0, ""145"": 0.0, ""29"": 0.0, ""233"": 0.0, ""80"": 0.0, ""127"": 0.0, ""220"": 0.0, ""188"": 0.0, ""154"": 0.0, ""140"": 0.0, ""13"": 0.0, ""108"": 0.0, ""44"": 0.0, ""63"": 0.0, ""56"": 0.0, ""119"": 0.0, ""26"": 0.0, ""210"": 0.0, ""228"": 0.0, ""117"": 0.0, ""45"": 0.0, ""97"": 0.0, ""174"": 0.0, ""103"": 0.0, ""110"": 0.0, ""12"": 0.0, ""176"": 0.0, ""195"": 0.0, ""136"": 0.0, ""142"": 0.0, ""39"": 0.0, ""150"": 0.0, ""209"": 0.0, ""149"": 0.0, ""28"": 0.0, ""21"": 0.0, ""126"": 0.0, ""112"": 0.0, ""113"": 0.0, ""120"": 0.0, ""89"": 0.0, ""5"": 0.0, ""229"": 0.0, ""180"": 0.0, ""31"": 0.0, ""156"": 0.0, ""181"": 0.0, ""18"": 0.0, ""15"": 0.0, ""72"": 0.0, ""105"": 0.0, ""115"": 0.0, ""194"": 0.0, ""155"": 0.0, ""152"": 0.0, ""61"": 0.0, ""196"": 0.0, ""213"": 0.0, ""191"": 0.0, ""24"": 0.0, ""203"": 0.0, ""85"": 0.0, ""106"": 0.0, ""1"": 0.0, ""59"": 0.0, ""230"": 0.0, ""147"": 0.0, ""92"": 0.0, ""101"": 0.0, ""222"": 0.0, ""205"": 0.0, ""169"": 0.0, ""177"": 0.0, ""55"": 0.0, ""7"": 0.0, ""48"": 0.0, ""38"": 0.0, ""184"": 0.0, ""163"": 0.0, ""146"": 0.0, ""107"": 0.0, ""49"": 0.0, ""144"": 0.0, ""47"": 0.0, ""109"": 0.0, ""182"": 0.0, ""168"": 0.0, ""225"": 0.0, ""23"": 0.0, ""30"": 0.0, ""33"": 0.0, ""187"": 0.0, ""100"": 0.0, ""217"": 0.0, ""166"": 0.0, ""165"": 0.0, ""231"": 0.0, ""90"": 0.0, ""207"": 0.0, ""64"": 0.0, ""201"": 0.0, ""20"": 0.0, ""67"": 0.0, ""53"": 0.0, ""118"": 0.0, ""197"": 0.0, ""111"": 0.0, ""128"": 0.0, ""185"": 0.0, ""190"": 0.0}",jev-1.13.0,1d3eac08265882c67b997eac52510d1e954581808c20acbb42d8b427a4e58601
semantic-short:bge-boundaries:60-180:q70:v1:2397177249:000002571760-000002738640,234,semantic:bge:leaf-local-6-2:42:234,AI muudab üksikettevõtluse lihtsamaks,1.0,0.99,"{""198"": 0.0, ""104"": 0.0, ""185"": 0.0, ""193"": 0.0, ""202"": 0.0, ""234"": 1.0, ""65"": 0.0, ""34"": 0.0, ""71"": 0.0, ""4"": 0.0, ""124"": 0.0, ""204"": 0.0, ""131"": 0.0, ""160"": 0.0, ""106"": 0.0, ""212"": 0.0, ""93"": 0.0, ""79"": 0.0, ""98"": 0.0, ""177"": 0.0, ""119"": 0.0, ""63"": 0.0, ""217"": 0.0, ""3"": 0.0, ""189"": 0.0, ""152"": 0.0, ""78"": 0.0, ""9"": 0.0, ""225"": 0.0, ""118"": 0.0, ""114"": 0.0, ""26"": 0.0, ""53"": 0.0, ""27"": 0.0, ""221"": 0.0, ""40"": 0.0, ""178"": 0.0, ""157"": 0.0, ""21"": 0.0, ""181"": 0.0, ""62"": 0.0, ""33"": 0.0, ""30"": 0.0, ""147"": 0.0, ""123"": 0.0, ""7"": 0.0, ""94"": 0.0, ""172"": 0.0, ""91"": 0.0, ""54"": 0.0, ""59"": 0.0, ""77"": 0.0, ""215"": 0.0, ""66"": 0.0, ""16"": 0.0, ""42"": 0.0, ""117"": 0.0, ""159"": 0.0, ""35"": 0.0, ""76"": 0.0, ""116"": 0.0, ""10"": 0.0, ""196"": 0.0, ""233"": 0.0, ""37"": 0.0, ""201"": 0.0, ""224"": 0.0, ""99"": 0.0, ""135"": 0.0, ""191"": 0.0, ""61"": 0.0, ""195"": 0.0, ""-1"": 0.0, ""110"": 0.0, ""89"": 0.0, ""5"": 0.0, ""220"": 0.0, ""133"": 0.0, ""168"": 0.0, ""235"": 0.0, ""163"": 0.0, ""228"": 0.0, ""208"": 0.0, ""162"": 0.0, ""102"": 0.0, ""158"": 0.0, ""68"": 0.0, ""200"": 0.0, ""231"": 0.0, ""171"": 0.0, ""145"": 0.0, ""90"": 0.0, ""36"": 0.0, ""80"": 0.0, ""211"": 0.0, ""45"": 0.0, ""174"": 0.0, ""232"": 0.0, ""95"": 0.0, ""146"": 0.0, ""67"": 0.0, ""164"": 0.0, ""32"": 0.0, ""156"": 0.0, ""75"": 0.0, ""31"": 0.0, ""22"": 0.0, ""0"": 0.0, ""203"": 0.0, ""81"": 0.0, ""190"": 0.0, ""111"": 0.0, ""153"": 0.0, ""83"": 0.0, ""206"": 0.0, ""227"": 0.0, ""70"": 0.0, ""223"": 0.0, ""8"": 0.0, ""58"": 0.0, ""173"": 0.0, ""175"": 0.0, ""97"": 0.0, ""109"": 0.0, ""197"": 0.0, ""25"": 0.0, ""161"": 0.0, ""19"": 0.0, ""130"": 0.0, ""194"": 0.0, ""149"": 0.0, ""226"": 0.0, ""14"": 0.0, ""92"": 0.0, ""219"": 0.0, ""86"": 0.0, ""142"": 0.0, ""125"": 0.0, ""134"": 0.0, ""205"": 0.0, ""144"": 0.0, ""182"": 0.0, ""103"": 0.0, ""49"": 0.0, ""128"": 0.0, ""44"": 0.0, ""126"": 0.0, ""57"": 0.0, ""179"": 0.0, ""51"": 0.0, ""132"": 0.0, ""23"": 0.0, ""55"": 0.0, ""64"": 0.0, ""138"": 0.0, ""11"": 0.0, ""230"": 0.0, ""155"": 0.0, ""112"": 0.0, ""218"": 0.0, ""52"": 0.0, ""85"": 0.0, ""214"": 0.0, ""50"": 0.0, ""15"": 0.0, ""121"": 0.0, ""139"": 0.0, ""60"": 0.0, ""38"": 0.0, ""169"": 0.0, ""29"": 0.0, ""41"": 0.0, ""207"": 0.0, ""69"": 0.0, ""167"": 0.0, ""199"": 0.0, ""72"": 0.0, ""229"": 0.0, ""13"": 0.0, ""43"": 0.0, ""74"": 0.0, ""140"": 0.0, ""209"": 0.0, ""1"": 0.0, ""82"": 0.0, ""20"": 0.0, ""101"": 0.0, ""88"": 0.0, ""96"": 0.0, ""100"": 0.0, ""108"": 0.0, ""87"": 0.0, ""129"": 0.0, ""186"": 0.0, ""48"": 0.0, ""47"": 0.0, ""141"": 0.0, ""56"": 0.0, ""137"": 0.0, ""122"": 0.0, ""150"": 0.0, ""183"": 0.0, ""12"": 0.0, ""151"": 0.0, ""127"": 0.0, ""213"": 0.0, ""210"": 0.0, ""120"": 0.0, ""113"": 0.0, ""188"": 0.0, ""180"": 0.0, ""222"": 0.0, ""107"": 0.0, ""165"": 0.0, ""28"": 0.0, ""46"": 0.0, ""39"": 0.0, ""17"": 0.0, ""192"": 0.0, ""170"": 0.0, ""18"": 0.0, ""148"": 0.0, ""176"": 0.0, ""143"": 0.0, ""154"": 0.0, ""216"": 0.0, ""105"": 0.0, ""187"": 0.0, ""84"": 0.0, ""73"": 0.0, ""166"": 0.0, ""184"": 0.0, ""24"": 0.0, ""6"": 0.0, ""115"": 0.0, ""2"": 0.0, ""136"": 0.0}",jev-1.13.0,d93a49ca3bc11697578cce14615d26530fd7ff57357b4f77b78156c508eaaaa0
semantic-short:bge-boundaries:60-180:q70:v1:2397177249:000002738640-000002868800,-1,semantic:bge:leaf-local-6-2:42:-1,Unassigned,0.48,0.47,"{""18"": 0.0, ""47"": 0.0, ""87"": 0.0, ""120"": 0.0, ""86"": 0.0, ""3"": 0.0, ""29"": 0.0, ""216"": 0.0, ""129"": 0.0, ""115"": 0.0, ""95"": 0.0, ""201"": 0.0, ""192"": 0.0, ""37"": 0.0, ""128"": 0.0, ""7"": 0.0, ""227"": 0.0, ""85"": 0.0, ""82"": 0.0, ""30"": 0.0, ""38"": 0.0, ""139"": 0.0, ""156"": 0.0, ""111"": 0.0, ""131"": 0.0, ""176"": 0.0, ""228"": 0.0, ""134"": 0.0, ""94"": 0.0, ""19"": 0.0, ""158"": 0.0, ""137"": 0.0, ""211"": 0.0, ""209"": 0.02, ""33"": 0.0, ""154"": 0.0, ""202"": 0.0, ""133"": 0.0, ""54"": 0.0, ""45"": 0.0, ""69"": 0.0, ""166"": 0.0, ""112"": 0.0, ""215"": 0.0, ""138"": 0.0, ""161"": 0.0, ""41"": 0.0, ""232"": 0.0, ""123"": 0.0, ""143"": 0.0, ""48"": 0.0, ""11"": 0.0, ""55"": 0.0, ""106"": 0.0, ""186"": 0.0, ""196"": 0.0, ""225"": 0.0, ""219"": 0.0, ""148"": 0.0, ""83"": 0.0, ""8"": 0.0, ""99"": 0.01, ""113"": 0.0, ""204"": 0.0, ""146"": 0.0, ""108"": 0.0, ""24"": 0.0, ""230"": 0.0, ""93"": 0.0, ""31"": 0.0, ""200"": 0.0, ""210"": 0.0, ""109"": 0.0, ""107"": 0.0, ""58"": 0.0, ""159"": 0.0, ""149"": 0.0, ""98"": 0.01, ""145"": 0.0, ""59"": 0.0, ""75"": 0.0, ""46"": 0.0, ""218"": 0.0, ""65"": 0.0, ""114"": 0.0, ""84"": 0.0, ""208"": 0.0, ""235"": 0.0, ""152"": 0.0, ""79"": 0.0, ""62"": 0.0, ""214"": 0.0, ""16"": 0.0, ""125"": 0.0, ""27"": 0.0, ""165"": 0.0, ""35"": 0.0, ""64"": 0.0, ""57"": 0.0, ""14"": 0.0, ""150"": 0.0, ""66"": 0.0, ""185"": 0.0, ""21"": 0.0, ""127"": 0.0, ""157"": 0.12, ""117"": 0.0, ""15"": 0.0, ""103"": 0.0, ""180"": 0.0, ""71"": 0.0, ""197"": 0.0, ""74"": 0.0, ""92"": 0.0, ""49"": 0.0, ""78"": 0.0, ""184"": 0.0, ""72"": 0.0, ""233"": 0.0, ""198"": 0.0, ""140"": 0.0, ""17"": 0.0, ""4"": 0.0, ""190"": 0.0, ""144"": 0.0, ""34"": 0.0, ""121"": 0.0, ""28"": 0.0, ""52"": 0.0, ""171"": 0.0, ""160"": 0.0, ""0"": 0.0, ""151"": 0.0, ""70"": 0.0, ""207"": 0.0, ""183"": 0.0, ""50"": 0.0, ""199"": 0.0, ""13"": 0.0, ""179"": 0.0, ""-1"": 0.48, ""60"": 0.0, ""56"": 0.0, ""178"": 0.0, ""39"": 0.0, ""217"": 0.0, ""42"": 0.0, ""63"": 0.0, ""136"": 0.0, ""43"": 0.0, ""126"": 0.0, ""67"": 0.0, ""155"": 0.0, ""169"": 0.0, ""81"": 0.0, ""163"": 0.0, ""193"": 0.0, ""102"": 0.0, ""51"": 0.0, ""97"": 0.01, ""226"": 0.0, ""73"": 0.0, ""164"": 0.0, ""177"": 0.0, ""170"": 0.0, ""135"": 0.0, ""124"": 0.0, ""12"": 0.0, ""40"": 0.0, ""172"": 0.0, ""6"": 0.0, ""223"": 0.0, ""61"": 0.0, ""100"": 0.0, ""9"": 0.0, ""188"": 0.0, ""101"": 0.0, ""110"": 0.0, ""68"": 0.24000000000000002, ""25"": 0.0, ""88"": 0.0, ""222"": 0.0, ""91"": 0.0, ""147"": 0.0, ""104"": 0.0, ""167"": 0.0, ""189"": 0.0, ""22"": 0.0, ""205"": 0.0, ""191"": 0.0, ""162"": 0.0, ""118"": 0.0, ""229"": 0.0, ""26"": 0.0, ""89"": 0.0, ""234"": 0.05, ""174"": 0.0, ""231"": 0.0, ""141"": 0.0, ""2"": 0.0, ""153"": 0.0, ""203"": 0.0, ""173"": 0.0, ""130"": 0.0, ""187"": 0.0, ""105"": 0.0, ""77"": 0.0, ""212"": 0.0, ""119"": 0.0, ""213"": 0.0, ""116"": 0.0, ""36"": 0.0, ""1"": 0.0, ""194"": 0.0, ""220"": 0.0, ""221"": 0.0, ""224"": 0.0, ""122"": 0.0, ""181"": 0.0, ""20"": 0.0, ""80"": 0.0, ""132"": 0.0, ""44"": 0.0, ""23"": 0.0, ""142"": 0.02, ""76"": 0.03, ""32"": 0.0, ""206"": 0.0, ""53"": 0.0, ""168"": 0.0, ""5"": 0.0, ""90"": 0.0, ""96"": 0.0, ""182"": 0.0, ""195"": 0.0, ""175"": 0.0, ""10"": 0.0}",jev-1.13.0,4b0b16bf5b1834845b2b4aaa696b3cee91480c4c9fa2f62312a3c97d438c1c60
semantic-short:bge-boundaries:60-180:q70:v1:2397177249:000002868800-000003001960,234,semantic:bge:leaf-local-6-2:42:234,AI muudab üksikettevõtluse lihtsamaks,0.99,0.99,"{""171"": 0.0, ""89"": 0.0, ""61"": 0.0, ""114"": 0.0, ""210"": 0.0, ""162"": 0.0, ""107"": 0.0, ""224"": 0.0, ""187"": 0.0, ""65"": 0.0, ""28"": 0.0, ""77"": 0.0, ""79"": 0.0, ""104"": 0.0, ""91"": 0.0, ""72"": 0.0, ""-1"": 0.01, ""76"": 0.0, ""84"": 0.0, ""206"": 0.0, ""219"": 0.0, ""115"": 0.0, ""151"": 0.0, ""181"": 0.0, ""176"": 0.0, ""50"": 0.0, ""101"": 0.0, ""14"": 0.0, ""184"": 0.0, ""234"": 0.99, ""113"": 0.0, ""54"": 0.0, ""150"": 0.0, ""37"": 0.0, ""118"": 0.0, ""64"": 0.0, ""4"": 0.0, ""155"": 0.0, ""25"": 0.0, ""47"": 0.0, ""217"": 0.0, ""78"": 0.0, ""2"": 0.0, ""17"": 0.0, ""40"": 0.0, ""182"": 0.0, ""136"": 0.0, ""15"": 0.0, ""130"": 0.0, ""230"": 0.0, ""110"": 0.0, ""183"": 0.0, ""42"": 0.0, ""51"": 0.0, ""196"": 0.0, ""111"": 0.0, ""179"": 0.0, ""103"": 0.0, ""125"": 0.0, ""52"": 0.0, ""99"": 0.0, ""32"": 0.0, ""95"": 0.0, ""213"": 0.0, ""133"": 0.0, ""3"": 0.0, ""123"": 0.0, ""195"": 0.0, ""75"": 0.0, ""12"": 0.0, ""180"": 0.0, ""92"": 0.0, ""186"": 0.0, ""18"": 0.0, ""228"": 0.0, ""94"": 0.0, ""232"": 0.0, ""58"": 0.0, ""167"": 0.0, ""120"": 0.0, ""144"": 0.0, ""161"": 0.0, ""202"": 0.0, ""149"": 0.0, ""222"": 0.0, ""165"": 0.0, ""116"": 0.0, ""205"": 0.0, ""215"": 0.0, ""96"": 0.0, ""169"": 0.0, ""121"": 0.0, ""158"": 0.0, ""33"": 0.0, ""170"": 0.0, ""220"": 0.0, ""86"": 0.0, ""109"": 0.0, ""188"": 0.0, ""214"": 0.0, ""128"": 0.0, ""168"": 0.0, ""10"": 0.0, ""29"": 0.0, ""139"": 0.0, ""20"": 0.0, ""164"": 0.0, ""35"": 0.0, ""34"": 0.0, ""98"": 0.0, ""124"": 0.0, ""134"": 0.0, ""153"": 0.0, ""82"": 0.0, ""93"": 0.0, ""172"": 0.0, ""154"": 0.0, ""24"": 0.0, ""218"": 0.0, ""43"": 0.0, ""85"": 0.0, ""177"": 0.0, ""178"": 0.0, ""68"": 0.0, ""80"": 0.0, ""67"": 0.0, ""45"": 0.0, ""137"": 0.0, ""204"": 0.0, ""30"": 0.0, ""227"": 0.0, ""166"": 0.0, ""63"": 0.0, ""88"": 0.0, ""156"": 0.0, ""108"": 0.0, ""140"": 0.0, ""216"": 0.0, ""145"": 0.0, ""194"": 0.0, ""21"": 0.0, ""5"": 0.0, ""157"": 0.0, ""8"": 0.0, ""192"": 0.0, ""87"": 0.0, ""142"": 0.0, ""141"": 0.0, ""146"": 0.0, ""0"": 0.0, ""26"": 0.0, ""60"": 0.0, ""7"": 0.0, ""126"": 0.0, ""209"": 0.0, ""81"": 0.0, ""57"": 0.0, ""233"": 0.0, ""38"": 0.0, ""13"": 0.0, ""226"": 0.0, ""159"": 0.0, ""147"": 0.0, ""152"": 0.0, ""173"": 0.0, ""174"": 0.0, ""112"": 0.0, ""66"": 0.0, ""6"": 0.0, ""201"": 0.0, ""90"": 0.0, ""223"": 0.0, ""175"": 0.0, ""46"": 0.0, ""221"": 0.0, ""49"": 0.0, ""44"": 0.0, ""73"": 0.0, ""163"": 0.0, ""1"": 0.0, ""23"": 0.0, ""62"": 0.0, ""36"": 0.0, ""71"": 0.0, ""48"": 0.0, ""100"": 0.0, ""197"": 0.0, ""122"": 0.0, ""160"": 0.0, ""97"": 0.0, ""41"": 0.0, ""39"": 0.0, ""135"": 0.0, ""83"": 0.0, ""193"": 0.0, ""119"": 0.0, ""212"": 0.0, ""19"": 0.0, ""138"": 0.0, ""191"": 0.0, ""199"": 0.0, ""203"": 0.0, ""9"": 0.0, ""27"": 0.0, ""31"": 0.0, ""74"": 0.0, ""143"": 0.0, ""106"": 0.0, ""117"": 0.0, ""102"": 0.0, ""131"": 0.0, ""200"": 0.0, ""69"": 0.0, ""207"": 0.0, ""55"": 0.0, ""198"": 0.0, ""185"": 0.0, ""235"": 0.0, ""208"": 0.0, ""70"": 0.0, ""56"": 0.0, ""59"": 0.0, ""225"": 0.0, ""190"": 0.0, ""132"": 0.0, ""229"": 0.0, ""22"": 0.0, ""231"": 0.0, ""129"": 0.0, ""148"": 0.0, ""11"": 0.0, ""16"": 0.0, ""105"": 0.0, ""127"": 0.0, ""189"": 0.0, ""211"": 0.0, ""53"": 0.0}",jev-1.13.0,34f4e1ec04b8dd306b6a82f4ae6271d9c11fcd8c4d542362bf4f2caf0ef781f3
semantic-short:bge-boundaries:60-180:q70:v1:2397177249:000003001960-000003129800,234,semantic:bge:leaf-local-6-2:42:234,AI muudab üksikettevõtluse lihtsamaks,0.56,0.55,"{""171"": 0.0, ""89"": 0.0, ""114"": 0.0, ""61"": 0.0, ""210"": 0.0, ""162"": 0.0, ""224"": 0.0, ""107"": 0.0, ""187"": 0.0, ""65"": 0.0, ""28"": 0.0, ""77"": 0.0, ""79"": 0.0, ""115"": 0.0, ""91"": 0.0, ""104"": 0.0, ""-1"": 0.26, ""76"": 0.0, ""84"": 0.0, ""206"": 0.0, ""219"": 0.0, ""72"": 0.0, ""181"": 0.0, ""151"": 0.0, ""176"": 0.0, ""50"": 0.0, ""101"": 0.0, ""14"": 0.0, ""184"": 0.0, ""234"": 0.56, ""113"": 0.0, ""54"": 0.0, ""150"": 0.0, ""37"": 0.0, ""118"": 0.0, ""64"": 0.0, ""4"": 0.0, ""155"": 0.0, ""25"": 0.0, ""47"": 0.0, ""217"": 0.0, ""78"": 0.0, ""2"": 0.0, ""17"": 0.0, ""182"": 0.0, ""40"": 0.0, ""136"": 0.0, ""230"": 0.0, ""15"": 0.0, ""130"": 0.0, ""110"": 0.0, ""183"": 0.0, ""42"": 0.0, ""51"": 0.0, ""111"": 0.0, ""196"": 0.0, ""179"": 0.0, ""103"": 0.0, ""125"": 0.0, ""52"": 0.0, ""99"": 0.0, ""95"": 0.0, ""32"": 0.0, ""213"": 0.0, ""133"": 0.0, ""3"": 0.0, ""123"": 0.03, ""195"": 0.0, ""75"": 0.0, ""12"": 0.0, ""180"": 0.0, ""92"": 0.0, ""186"": 0.06999999999999999, ""18"": 0.0, ""228"": 0.0, ""94"": 0.0, ""232"": 0.0, ""58"": 0.0, ""167"": 0.0, ""120"": 0.02, ""144"": 0.0, ""161"": 0.0, ""202"": 0.0, ""149"": 0.0, ""222"": 0.0, ""165"": 0.0, ""116"": 0.0, ""205"": 0.0, ""215"": 0.0, ""96"": 0.0, ""169"": 0.0, ""33"": 0.0, ""121"": 0.0, ""158"": 0.0, ""170"": 0.0, ""220"": 0.0, ""86"": 0.0, ""109"": 0.0, ""188"": 0.0, ""214"": 0.0, ""128"": 0.0, ""168"": 0.0, ""10"": 0.0, ""29"": 0.0, ""139"": 0.0, ""20"": 0.0, ""164"": 0.0, ""35"": 0.0, ""34"": 0.0, ""98"": 0.0, ""153"": 0.0, ""134"": 0.0, ""124"": 0.0, ""82"": 0.0, ""93"": 0.0, ""154"": 0.0, ""172"": 0.0, ""24"": 0.0, ""218"": 0.0, ""43"": 0.0, ""85"": 0.0, ""177"": 0.0, ""178"": 0.0, ""68"": 0.0, ""80"": 0.0, ""67"": 0.0, ""45"": 0.0, ""204"": 0.0, ""137"": 0.0, ""30"": 0.0, ""227"": 0.0, ""166"": 0.0, ""63"": 0.0, ""140"": 0.0, ""156"": 0.0, ""108"": 0.0, ""88"": 0.0, ""216"": 0.0, ""145"": 0.0, ""194"": 0.0, ""5"": 0.0, ""21"": 0.0, ""157"": 0.05, ""8"": 0.0, ""192"": 0.0, ""87"": 0.0, ""142"": 0.0, ""141"": 0.0, ""26"": 0.0, ""0"": 0.0, ""146"": 0.0, ""60"": 0.0, ""7"": 0.0, ""126"": 0.0, ""81"": 0.0, ""209"": 0.0, ""226"": 0.0, ""13"": 0.0, ""38"": 0.0, ""57"": 0.0, ""233"": 0.0, ""152"": 0.0, ""147"": 0.0, ""159"": 0.0, ""173"": 0.0, ""174"": 0.0, ""112"": 0.0, ""6"": 0.0, ""66"": 0.0, ""49"": 0.0, ""90"": 0.0, ""223"": 0.0, ""175"": 0.0, ""201"": 0.0, ""221"": 0.0, ""46"": 0.0, ""44"": 0.0, ""73"": 0.0, ""163"": 0.0, ""23"": 0.0, ""1"": 0.0, ""62"": 0.0, ""36"": 0.0, ""100"": 0.0, ""48"": 0.0, ""71"": 0.0, ""197"": 0.0, ""122"": 0.0, ""160"": 0.0, ""97"": 0.0, ""41"": 0.0, ""193"": 0.0, ""135"": 0.0, ""83"": 0.0, ""39"": 0.0, ""119"": 0.0, ""212"": 0.0, ""19"": 0.0, ""138"": 0.0, ""191"": 0.0, ""199"": 0.0, ""27"": 0.0, ""9"": 0.0, ""74"": 0.0, ""31"": 0.0, ""203"": 0.0, ""143"": 0.0, ""106"": 0.0, ""117"": 0.0, ""102"": 0.0, ""131"": 0.0, ""200"": 0.0, ""69"": 0.0, ""207"": 0.0, ""55"": 0.0, ""198"": 0.0, ""185"": 0.0, ""235"": 0.0, ""208"": 0.0, ""70"": 0.0, ""56"": 0.0, ""225"": 0.0, ""59"": 0.0, ""190"": 0.0, ""132"": 0.0, ""229"": 0.0, ""22"": 0.0, ""231"": 0.0, ""129"": 0.0, ""148"": 0.0, ""11"": 0.0, ""105"": 0.0, ""16"": 0.0, ""127"": 0.0, ""189"": 0.0, ""211"": 0.0, ""53"": 0.0}",jev-1.13.0,f12d404cf986467d5c6d748ce1e2ea7905852070643dd98c3c59a901939fecbd
semantic-short:bge-boundaries:60-180:q70:v1:2397177249:000003129800-000003300000,234,semantic:bge:leaf-local-6-2:42:234,AI muudab üksikettevõtluse lihtsamaks,0.98,0.97,"{""44"": 0.0, ""30"": 0.0, ""85"": 0.0, ""99"": 0.0, ""88"": 0.0, ""169"": 0.0, ""174"": 0.0, ""53"": 0.0, ""147"": 0.0, ""48"": 0.0, ""144"": 0.0, ""146"": 0.0, ""171"": 0.0, ""172"": 0.0, ""145"": 0.0, ""187"": 0.0, ""62"": 0.0, ""24"": 0.0, ""194"": 0.0, ""198"": 0.0, ""210"": 0.0, ""106"": 0.0, ""168"": 0.0, ""160"": 0.0, ""28"": 0.0, ""8"": 0.0, ""97"": 0.0, ""211"": 0.0, ""116"": 0.0, ""126"": 0.0, ""205"": 0.0, ""121"": 0.0, ""102"": 0.0, ""151"": 0.0, ""9"": 0.0, ""173"": 0.0, ""23"": 0.0, ""37"": 0.0, ""203"": 0.0, ""50"": 0.0, ""70"": 0.0, ""217"": 0.0, ""149"": 0.0, ""161"": 0.0, ""185"": 0.0, ""233"": 0.0, ""117"": 0.0, ""164"": 0.0, ""20"": 0.0, ""103"": 0.0, ""100"": 0.0, ""75"": 0.0, ""153"": 0.0, ""135"": 0.0, ""141"": 0.0, ""61"": 0.0, ""170"": 0.0, ""1"": 0.0, ""55"": 0.0, ""213"": 0.0, ""186"": 0.0, ""80"": 0.0, ""134"": 0.0, ""209"": 0.0, ""143"": 0.0, ""142"": 0.0, ""78"": 0.0, ""26"": 0.0, ""59"": 0.0, ""35"": 0.0, ""108"": 0.0, ""73"": 0.0, ""221"": 0.0, ""158"": 0.0, ""83"": 0.0, ""25"": 0.0, ""98"": 0.0, ""82"": 0.0, ""136"": 0.0, ""127"": 0.0, ""33"": 0.0, ""93"": 0.0, ""199"": 0.0, ""42"": 0.0, ""22"": 0.0, ""130"": 0.0, ""104"": 0.0, ""57"": 0.0, ""214"": 0.0, ""46"": 0.0, ""34"": 0.0, ""215"": 0.0, ""201"": 0.0, ""137"": 0.0, ""17"": 0.0, ""224"": 0.0, ""120"": 0.0, ""196"": 0.0, ""101"": 0.0, ""124"": 0.0, ""125"": 0.0, ""163"": 0.0, ""19"": 0.0, ""-1"": 0.01, ""113"": 0.0, ""12"": 0.0, ""68"": 0.0, ""39"": 0.0, ""182"": 0.0, ""129"": 0.0, ""41"": 0.0, ""138"": 0.0, ""87"": 0.0, ""228"": 0.0, ""3"": 0.0, ""219"": 0.0, ""79"": 0.0, ""54"": 0.0, ""0"": 0.0, ""140"": 0.0, ""235"": 0.0, ""192"": 0.0, ""175"": 0.0, ""133"": 0.0, ""188"": 0.0, ""118"": 0.0, ""77"": 0.0, ""180"": 0.0, ""206"": 0.0, ""4"": 0.0, ""60"": 0.0, ""156"": 0.0, ""155"": 0.0, ""58"": 0.0, ""10"": 0.0, ""74"": 0.0, ""131"": 0.0, ""32"": 0.0, ""193"": 0.0, ""89"": 0.0, ""179"": 0.0, ""47"": 0.0, ""69"": 0.0, ""112"": 0.0, ""90"": 0.0, ""189"": 0.0, ""36"": 0.0, ""15"": 0.0, ""110"": 0.0, ""27"": 0.0, ""31"": 0.0, ""200"": 0.0, ""218"": 0.0, ""232"": 0.0, ""76"": 0.0, ""225"": 0.0, ""229"": 0.0, ""111"": 0.0, ""72"": 0.0, ""139"": 0.0, ""92"": 0.0, ""29"": 0.0, ""67"": 0.0, ""18"": 0.0, ""197"": 0.0, ""5"": 0.0, ""195"": 0.0, ""43"": 0.0, ""71"": 0.0, ""152"": 0.0, ""123"": 0.01, ""148"": 0.0, ""231"": 0.0, ""2"": 0.0, ""184"": 0.0, ""86"": 0.0, ""204"": 0.0, ""227"": 0.0, ""38"": 0.0, ""128"": 0.0, ""181"": 0.0, ""166"": 0.0, ""84"": 0.0, ""109"": 0.0, ""167"": 0.0, ""65"": 0.0, ""6"": 0.0, ""132"": 0.0, ""16"": 0.0, ""115"": 0.0, ""159"": 0.0, ""56"": 0.0, ""51"": 0.0, ""52"": 0.0, ""119"": 0.0, ""95"": 0.0, ""177"": 0.0, ""230"": 0.0, ""202"": 0.0, ""81"": 0.0, ""114"": 0.0, ""63"": 0.0, ""223"": 0.0, ""220"": 0.0, ""96"": 0.0, ""216"": 0.0, ""190"": 0.0, ""107"": 0.0, ""183"": 0.0, ""21"": 0.0, ""66"": 0.0, ""13"": 0.0, ""208"": 0.0, ""212"": 0.0, ""7"": 0.0, ""91"": 0.0, ""150"": 0.0, ""207"": 0.0, ""226"": 0.0, ""122"": 0.0, ""105"": 0.0, ""178"": 0.0, ""162"": 0.0, ""40"": 0.0, ""49"": 0.0, ""11"": 0.0, ""14"": 0.0, ""191"": 0.0, ""64"": 0.0, ""222"": 0.0, ""176"": 0.0, ""154"": 0.0, ""94"": 0.0, ""234"": 0.98, ""165"": 0.0, ""45"": 0.0, ""157"": 0.0}",jev-1.13.0,b3e9a7a3601223ba2716560f46b1688a358b7cb2fee83d3ccbe66a9334971448
semantic-short:bge-boundaries:60-180:q70:v1:2397177249:000003300000-000003394560,234,semantic:bge:leaf-local-6-2:42:234,AI muudab üksikettevõtluse lihtsamaks,0.67,0.66,"{""171"": 0.0, ""89"": 0.0, ""114"": 0.0, ""61"": 0.0, ""210"": 0.0, ""224"": 0.0, ""162"": 0.0, ""107"": 0.0, ""187"": 0.0, ""65"": 0.0, ""28"": 0.0, ""77"": 0.0, ""79"": 0.0, ""104"": 0.0, ""72"": 0.0, ""115"": 0.0, ""-1"": 0.0, ""76"": 0.0, ""84"": 0.0, ""206"": 0.0, ""219"": 0.0, ""91"": 0.0, ""151"": 0.0, ""181"": 0.0, ""176"": 0.0, ""50"": 0.0, ""101"": 0.0, ""14"": 0.0, ""184"": 0.0, ""113"": 0.0, ""234"": 0.67, ""54"": 0.0, ""150"": 0.0, ""37"": 0.0, ""118"": 0.0, ""64"": 0.0, ""4"": 0.0, ""155"": 0.0, ""25"": 0.0, ""47"": 0.0, ""217"": 0.0, ""78"": 0.0, ""2"": 0.0, ""17"": 0.0, ""40"": 0.0, ""182"": 0.0, ""136"": 0.0, ""15"": 0.0, ""230"": 0.0, ""130"": 0.0, ""110"": 0.0, ""51"": 0.0, ""42"": 0.0, ""183"": 0.0, ""196"": 0.0, ""111"": 0.0, ""179"": 0.0, ""103"": 0.0, ""125"": 0.0, ""52"": 0.0, ""99"": 0.0, ""32"": 0.0, ""95"": 0.0, ""213"": 0.0, ""133"": 0.0, ""3"": 0.0, ""75"": 0.0, ""195"": 0.0, ""123"": 0.0, ""12"": 0.0, ""180"": 0.0, ""92"": 0.0, ""186"": 0.33, ""18"": 0.0, ""228"": 0.0, ""94"": 0.0, ""232"": 0.0, ""58"": 0.0, ""167"": 0.0, ""120"": 0.0, ""144"": 0.0, ""202"": 0.0, ""161"": 0.0, ""149"": 0.0, ""116"": 0.0, ""165"": 0.0, ""222"": 0.0, ""205"": 0.0, ""215"": 0.0, ""96"": 0.0, ""169"": 0.0, ""158"": 0.0, ""33"": 0.0, ""121"": 0.0, ""170"": 0.0, ""220"": 0.0, ""86"": 0.0, ""109"": 0.0, ""188"": 0.0, ""214"": 0.0, ""128"": 0.0, ""168"": 0.0, ""10"": 0.0, ""29"": 0.0, ""139"": 0.0, ""20"": 0.0, ""164"": 0.0, ""35"": 0.0, ""34"": 0.0, ""98"": 0.0, ""153"": 0.0, ""134"": 0.0, ""124"": 0.0, ""82"": 0.0, ""93"": 0.0, ""24"": 0.0, ""172"": 0.0, ""154"": 0.0, ""218"": 0.0, ""43"": 0.0, ""85"": 0.0, ""177"": 0.0, ""178"": 0.0, ""80"": 0.0, ""68"": 0.0, ""67"": 0.0, ""45"": 0.0, ""137"": 0.0, ""204"": 0.0, ""227"": 0.0, ""30"": 0.0, ""166"": 0.0, ""63"": 0.0, ""88"": 0.0, ""140"": 0.0, ""108"": 0.0, ""156"": 0.0, ""216"": 0.0, ""145"": 0.0, ""194"": 0.0, ""5"": 0.0, ""21"": 0.0, ""157"": 0.0, ""8"": 0.0, ""192"": 0.0, ""87"": 0.0, ""142"": 0.0, ""141"": 0.0, ""0"": 0.0, ""26"": 0.0, ""146"": 0.0, ""60"": 0.0, ""7"": 0.0, ""126"": 0.0, ""209"": 0.0, ""81"": 0.0, ""226"": 0.0, ""13"": 0.0, ""38"": 0.0, ""57"": 0.0, ""233"": 0.0, ""159"": 0.0, ""147"": 0.0, ""152"": 0.0, ""173"": 0.0, ""174"": 0.0, ""112"": 0.0, ""6"": 0.0, ""66"": 0.0, ""49"": 0.0, ""90"": 0.0, ""73"": 0.0, ""175"": 0.0, ""46"": 0.0, ""221"": 0.0, ""223"": 0.0, ""44"": 0.0, ""201"": 0.0, ""163"": 0.0, ""1"": 0.0, ""23"": 0.0, ""62"": 0.0, ""36"": 0.0, ""71"": 0.0, ""48"": 0.0, ""100"": 0.0, ""197"": 0.0, ""122"": 0.0, ""160"": 0.0, ""97"": 0.0, ""41"": 0.0, ""193"": 0.0, ""135"": 0.0, ""83"": 0.0, ""39"": 0.0, ""119"": 0.0, ""212"": 0.0, ""19"": 0.0, ""138"": 0.0, ""191"": 0.0, ""199"": 0.0, ""74"": 0.0, ""9"": 0.0, ""203"": 0.0, ""31"": 0.0, ""27"": 0.0, ""143"": 0.0, ""106"": 0.0, ""117"": 0.0, ""102"": 0.0, ""131"": 0.0, ""200"": 0.0, ""69"": 0.0, ""207"": 0.0, ""55"": 0.0, ""198"": 0.0, ""185"": 0.0, ""235"": 0.0, ""208"": 0.0, ""70"": 0.0, ""225"": 0.0, ""59"": 0.0, ""56"": 0.0, ""190"": 0.0, ""132"": 0.0, ""229"": 0.0, ""22"": 0.0, ""231"": 0.0, ""129"": 0.0, ""148"": 0.0, ""11"": 0.0, ""105"": 0.0, ""16"": 0.0, ""127"": 0.0, ""189"": 0.0, ""211"": 0.0, ""53"": 0.0}",jev-1.13.0,1d0e2e235ed077c3608488923d473dc4fe5007e73a422416317dd1c6d55a6582
semantic-short:bge-boundaries:60-180:q70:v1:2397177249:000003394560-000003497680,-1,semantic:bge:leaf-local-6-2:42:-1,Unassigned,0.56,0.55,"{""-1"": 0.56, ""203"": 0.0, ""170"": 0.0, ""107"": 0.0, ""48"": 0.0, ""21"": 0.0, ""13"": 0.0, ""108"": 0.0, ""169"": 0.0, ""83"": 0.0, ""200"": 0.0, ""51"": 0.0, ""98"": 0.01, ""52"": 0.0, ""101"": 0.0, ""49"": 0.0, ""218"": 0.0, ""6"": 0.0, ""17"": 0.0, ""64"": 0.0, ""190"": 0.0, ""163"": 0.0, ""204"": 0.0, ""12"": 0.0, ""2"": 0.0, ""82"": 0.0, ""47"": 0.0, ""35"": 0.0, ""201"": 0.0, ""228"": 0.0, ""179"": 0.0, ""155"": 0.0, ""106"": 0.0, ""142"": 0.0, ""95"": 0.01, ""73"": 0.0, ""75"": 0.0, ""76"": 0.0, ""206"": 0.0, ""45"": 0.0, ""72"": 0.0, ""24"": 0.0, ""189"": 0.0, ""42"": 0.0, ""84"": 0.0, ""27"": 0.0, ""225"": 0.0, ""222"": 0.0, ""56"": 0.0, ""199"": 0.0, ""37"": 0.0, ""212"": 0.0, ""231"": 0.0, ""175"": 0.0, ""121"": 0.0, ""115"": 0.0, ""211"": 0.0, ""132"": 0.0, ""54"": 0.0, ""227"": 0.0, ""61"": 0.0, ""177"": 0.0, ""191"": 0.0, ""92"": 0.0, ""176"": 0.0, ""195"": 0.0, ""63"": 0.0, ""81"": 0.0, ""77"": 0.0, ""157"": 0.06999999999999999, ""0"": 0.0, ""111"": 0.0, ""66"": 0.0, ""30"": 0.0, ""87"": 0.0, ""213"": 0.0, ""187"": 0.0, ""74"": 0.0, ""9"": 0.0, ""126"": 0.0, ""186"": 0.15000000000000002, ""90"": 0.0, ""71"": 0.0, ""151"": 0.0, ""232"": 0.0, ""91"": 0.0, ""147"": 0.0, ""14"": 0.0, ""86"": 0.0, ""20"": 0.0, ""136"": 0.0, ""172"": 0.0, ""148"": 0.0, ""15"": 0.0, ""182"": 0.0, ""153"": 0.0, ""113"": 0.0, ""184"": 0.0, ""188"": 0.0, ""185"": 0.0, ""137"": 0.0, ""5"": 0.0, ""29"": 0.0, ""65"": 0.0, ""138"": 0.0, ""3"": 0.0, ""79"": 0.0, ""19"": 0.0, ""134"": 0.0, ""39"": 0.0, ""44"": 0.0, ""68"": 0.06999999999999999, ""4"": 0.0, ""57"": 0.0, ""78"": 0.0, ""109"": 0.0, ""202"": 0.0, ""36"": 0.0, ""160"": 0.0, ""34"": 0.0, ""10"": 0.0, ""119"": 0.0, ""180"": 0.0, ""85"": 0.0, ""166"": 0.0, ""208"": 0.0, ""99"": 0.01, ""165"": 0.0, ""102"": 0.0, ""145"": 0.0, ""32"": 0.0, ""207"": 0.0, ""150"": 0.0, ""124"": 0.0, ""149"": 0.0, ""116"": 0.02, ""143"": 0.0, ""224"": 0.0, ""173"": 0.0, ""53"": 0.0, ""219"": 0.0, ""59"": 0.0, ""112"": 0.0, ""164"": 0.0, ""31"": 0.0, ""192"": 0.0, ""23"": 0.0, ""216"": 0.0, ""38"": 0.0, ""196"": 0.0, ""233"": 0.0, ""22"": 0.0, ""130"": 0.0, ""194"": 0.0, ""221"": 0.0, ""125"": 0.0, ""234"": 0.05, ""181"": 0.0, ""210"": 0.0, ""110"": 0.0, ""67"": 0.0, ""229"": 0.0, ""158"": 0.0, ""223"": 0.0, ""103"": 0.0, ""156"": 0.0, ""96"": 0.01, ""11"": 0.0, ""60"": 0.0, ""235"": 0.0, ""120"": 0.0, ""152"": 0.0, ""43"": 0.0, ""69"": 0.0, ""28"": 0.0, ""128"": 0.0, ""55"": 0.0, ""168"": 0.0, ""123"": 0.0, ""97"": 0.01, ""129"": 0.0, ""167"": 0.0, ""62"": 0.0, ""214"": 0.0, ""94"": 0.0, ""118"": 0.0, ""100"": 0.0, ""16"": 0.0, ""217"": 0.0, ""162"": 0.0, ""7"": 0.0, ""197"": 0.0, ""171"": 0.0, ""140"": 0.0, ""220"": 0.0, ""41"": 0.0, ""230"": 0.0, ""144"": 0.0, ""209"": 0.0, ""146"": 0.0, ""135"": 0.0, ""215"": 0.0, ""33"": 0.0, ""183"": 0.0, ""1"": 0.0, ""114"": 0.0, ""105"": 0.0, ""117"": 0.0, ""141"": 0.0, ""104"": 0.0, ""88"": 0.0, ""93"": 0.0, ""80"": 0.0, ""89"": 0.0, ""161"": 0.0, ""205"": 0.0, ""58"": 0.0, ""50"": 0.0, ""18"": 0.0, ""178"": 0.0, ""154"": 0.0, ""174"": 0.0, ""40"": 0.0, ""131"": 0.0, ""122"": 0.0, ""127"": 0.0, ""8"": 0.0, ""133"": 0.0, ""198"": 0.0, ""26"": 0.0, ""139"": 0.0, ""193"": 0.0, ""70"": 0.03, ""159"": 0.0, ""226"": 0.0, ""46"": 0.0, ""25"": 0.0}",jev-1.13.0,ddb826f4ad3e2697398ea4c41aab6550fff2d7bbe2dde666850a71491d0b8b11
semantic-short:bge-boundaries:60-180:q70:v1:2397177249:000003497680-000003565320,186,semantic:bge:leaf-local-6-2:42:186,AI mõju töökorraldusele ja tööturule,0.49,0.48,"{""115"": 0.0, ""169"": 0.0, ""131"": 0.0, ""41"": 0.0, ""58"": 0.0, ""38"": 0.0, ""26"": 0.0, ""87"": 0.0, ""0"": 0.0, ""204"": 0.0, ""19"": 0.0, ""88"": 0.0, ""97"": 0.01, ""91"": 0.0, ""25"": 0.0, ""203"": 0.0, ""104"": 0.0, ""189"": 0.0, ""59"": 0.0, ""235"": 0.0, ""168"": 0.0, ""62"": 0.0, ""125"": 0.0, ""66"": 0.12, ""173"": 0.0, ""79"": 0.0, ""225"": 0.0, ""114"": 0.0, ""51"": 0.0, ""137"": 0.0, ""35"": 0.0, ""175"": 0.0, ""39"": 0.0, ""188"": 0.0, ""171"": 0.0, ""193"": 0.0, ""221"": 0.0, ""7"": 0.0, ""-1"": 0.12, ""185"": 0.0, ""129"": 0.0, ""49"": 0.0, ""107"": 0.0, ""84"": 0.0, ""183"": 0.0, ""192"": 0.0, ""202"": 0.0, ""73"": 0.0, ""82"": 0.02, ""196"": 0.0, ""37"": 0.0, ""194"": 0.0, ""160"": 0.0, ""112"": 0.0, ""14"": 0.0, ""234"": 0.08, ""56"": 0.0, ""30"": 0.0, ""142"": 0.0, ""89"": 0.0, ""219"": 0.0, ""187"": 0.0, ""118"": 0.0, ""69"": 0.0, ""132"": 0.0, ""123"": 0.0, ""53"": 0.0, ""67"": 0.0, ""70"": 0.0, ""120"": 0.0, ""182"": 0.0, ""92"": 0.0, ""75"": 0.0, ""105"": 0.0, ""20"": 0.0, ""101"": 0.0, ""148"": 0.0, ""81"": 0.0, ""139"": 0.0, ""224"": 0.0, ""210"": 0.0, ""47"": 0.0, ""9"": 0.0, ""152"": 0.0, ""150"": 0.0, ""80"": 0.0, ""233"": 0.0, ""93"": 0.0, ""215"": 0.0, ""29"": 0.0, ""50"": 0.0, ""191"": 0.0, ""223"": 0.0, ""143"": 0.0, ""208"": 0.0, ""149"": 0.0, ""174"": 0.0, ""232"": 0.0, ""147"": 0.0, ""212"": 0.0, ""78"": 0.0, ""31"": 0.0, ""122"": 0.0, ""200"": 0.0, ""216"": 0.0, ""74"": 0.0, ""86"": 0.0, ""102"": 0.0, ""155"": 0.0, ""12"": 0.0, ""61"": 0.0, ""98"": 0.01, ""64"": 0.02, ""72"": 0.0, ""77"": 0.0, ""156"": 0.0, ""33"": 0.0, ""178"": 0.0, ""222"": 0.0, ""46"": 0.0, ""127"": 0.0, ""121"": 0.0, ""167"": 0.0, ""16"": 0.0, ""108"": 0.0, ""144"": 0.0, ""207"": 0.0, ""44"": 0.0, ""4"": 0.0, ""157"": 0.0, ""63"": 0.0, ""135"": 0.0, ""181"": 0.0, ""199"": 0.0, ""179"": 0.0, ""36"": 0.0, ""85"": 0.0, ""42"": 0.0, ""113"": 0.0, ""162"": 0.0, ""48"": 0.0, ""6"": 0.0, ""161"": 0.0, ""60"": 0.0, ""217"": 0.0, ""166"": 0.0, ""180"": 0.0, ""209"": 0.0, ""151"": 0.0, ""158"": 0.0, ""3"": 0.0, ""205"": 0.0, ""124"": 0.0, ""214"": 0.0, ""32"": 0.0, ""43"": 0.0, ""176"": 0.0, ""116"": 0.0, ""198"": 0.0, ""52"": 0.0, ""96"": 0.01, ""227"": 0.0, ""226"": 0.0, ""146"": 0.0, ""138"": 0.0, ""218"": 0.0, ""213"": 0.0, ""40"": 0.0, ""136"": 0.0, ""24"": 0.0, ""8"": 0.0, ""17"": 0.0, ""130"": 0.0, ""170"": 0.0, ""220"": 0.0, ""83"": 0.0, ""21"": 0.0, ""190"": 0.0, ""27"": 0.0, ""94"": 0.0, ""145"": 0.0, ""172"": 0.0, ""228"": 0.0, ""18"": 0.0, ""110"": 0.0, ""45"": 0.0, ""230"": 0.0, ""163"": 0.0, ""23"": 0.0, ""15"": 0.0, ""231"": 0.0, ""2"": 0.0, ""34"": 0.0, ""90"": 0.0, ""141"": 0.0, ""165"": 0.0, ""197"": 0.0, ""55"": 0.0, ""153"": 0.0, ""103"": 0.0, ""154"": 0.0, ""109"": 0.0, ""211"": 0.0, ""13"": 0.0, ""106"": 0.0, ""57"": 0.0, ""195"": 0.0, ""126"": 0.0, ""201"": 0.0, ""1"": 0.0, ""68"": 0.03, ""184"": 0.0, ""186"": 0.49, ""28"": 0.0, ""54"": 0.0, ""65"": 0.0, ""100"": 0.0, ""119"": 0.0, ""159"": 0.0, ""128"": 0.0, ""10"": 0.0, ""117"": 0.0, ""133"": 0.0, ""5"": 0.0, ""140"": 0.0, ""76"": 0.0, ""164"": 0.0, ""206"": 0.0, ""134"": 0.0, ""111"": 0.0, ""99"": 0.01, ""22"": 0.0, ""229"": 0.08, ""71"": 0.0, ""11"": 0.0, ""177"": 0.0, ""95"": 0.0}",jev-1.13.0,a02c34a8a6bad1f8e619db9690879d876b81b9366ea2ed0a9ad11f7696779efa
semantic-short:bge-boundaries:60-180:q70:v1:2397177249:000003565320-000003696800,186,semantic:bge:leaf-local-6-2:42:186,AI mõju töökorraldusele ja tööturule,1.0,0.99,"{""171"": 0.0, ""89"": 0.0, ""61"": 0.0, ""114"": 0.0, ""210"": 0.0, ""107"": 0.0, ""162"": 0.0, ""224"": 0.0, ""187"": 0.0, ""65"": 0.0, ""28"": 0.0, ""77"": 0.0, ""79"": 0.0, ""115"": 0.0, ""91"": 0.0, ""72"": 0.0, ""-1"": 0.0, ""76"": 0.0, ""84"": 0.0, ""206"": 0.0, ""219"": 0.0, ""104"": 0.0, ""181"": 0.0, ""151"": 0.0, ""176"": 0.0, ""50"": 0.0, ""101"": 0.0, ""14"": 0.0, ""184"": 0.0, ""234"": 0.0, ""113"": 0.0, ""54"": 0.0, ""150"": 0.0, ""37"": 0.0, ""118"": 0.0, ""64"": 0.0, ""4"": 0.0, ""155"": 0.0, ""25"": 0.0, ""47"": 0.0, ""217"": 0.0, ""78"": 0.0, ""2"": 0.0, ""17"": 0.0, ""40"": 0.0, ""182"": 0.0, ""136"": 0.0, ""130"": 0.0, ""15"": 0.0, ""230"": 0.0, ""110"": 0.0, ""183"": 0.0, ""42"": 0.0, ""51"": 0.0, ""196"": 0.0, ""111"": 0.0, ""179"": 0.0, ""103"": 0.0, ""125"": 0.0, ""52"": 0.0, ""99"": 0.0, ""95"": 0.0, ""32"": 0.0, ""213"": 0.0, ""195"": 0.0, ""3"": 0.0, ""123"": 0.0, ""75"": 0.0, ""133"": 0.0, ""12"": 0.0, ""180"": 0.0, ""92"": 0.0, ""186"": 1.0, ""18"": 0.0, ""228"": 0.0, ""94"": 0.0, ""232"": 0.0, ""58"": 0.0, ""167"": 0.0, ""120"": 0.0, ""144"": 0.0, ""202"": 0.0, ""161"": 0.0, ""149"": 0.0, ""222"": 0.0, ""116"": 0.0, ""165"": 0.0, ""205"": 0.0, ""215"": 0.0, ""96"": 0.0, ""169"": 0.0, ""33"": 0.0, ""158"": 0.0, ""121"": 0.0, ""170"": 0.0, ""220"": 0.0, ""86"": 0.0, ""109"": 0.0, ""188"": 0.0, ""214"": 0.0, ""128"": 0.0, ""168"": 0.0, ""10"": 0.0, ""29"": 0.0, ""139"": 0.0, ""20"": 0.0, ""164"": 0.0, ""35"": 0.0, ""34"": 0.0, ""98"": 0.0, ""124"": 0.0, ""134"": 0.0, ""153"": 0.0, ""82"": 0.0, ""93"": 0.0, ""154"": 0.0, ""24"": 0.0, ""172"": 0.0, ""218"": 0.0, ""43"": 0.0, ""177"": 0.0, ""85"": 0.0, ""178"": 0.0, ""80"": 0.0, ""68"": 0.0, ""67"": 0.0, ""45"": 0.0, ""137"": 0.0, ""204"": 0.0, ""227"": 0.0, ""30"": 0.0, ""166"": 0.0, ""63"": 0.0, ""140"": 0.0, ""156"": 0.0, ""108"": 0.0, ""88"": 0.0, ""145"": 0.0, ""216"": 0.0, ""194"": 0.0, ""5"": 0.0, ""21"": 0.0, ""157"": 0.0, ""8"": 0.0, ""192"": 0.0, ""87"": 0.0, ""142"": 0.0, ""141"": 0.0, ""0"": 0.0, ""146"": 0.0, ""26"": 0.0, ""60"": 0.0, ""7"": 0.0, ""126"": 0.0, ""81"": 0.0, ""209"": 0.0, ""57"": 0.0, ""233"": 0.0, ""38"": 0.0, ""226"": 0.0, ""13"": 0.0, ""159"": 0.0, ""147"": 0.0, ""152"": 0.0, ""173"": 0.0, ""174"": 0.0, ""112"": 0.0, ""6"": 0.0, ""66"": 0.0, ""201"": 0.0, ""90"": 0.0, ""223"": 0.0, ""175"": 0.0, ""73"": 0.0, ""221"": 0.0, ""49"": 0.0, ""44"": 0.0, ""46"": 0.0, ""163"": 0.0, ""23"": 0.0, ""1"": 0.0, ""62"": 0.0, ""36"": 0.0, ""100"": 0.0, ""48"": 0.0, ""71"": 0.0, ""197"": 0.0, ""122"": 0.0, ""160"": 0.0, ""97"": 0.0, ""41"": 0.0, ""193"": 0.0, ""135"": 0.0, ""83"": 0.0, ""39"": 0.0, ""119"": 0.0, ""212"": 0.0, ""19"": 0.0, ""138"": 0.0, ""199"": 0.0, ""191"": 0.0, ""203"": 0.0, ""9"": 0.0, ""27"": 0.0, ""31"": 0.0, ""74"": 0.0, ""143"": 0.0, ""106"": 0.0, ""117"": 0.0, ""102"": 0.0, ""131"": 0.0, ""200"": 0.0, ""207"": 0.0, ""69"": 0.0, ""55"": 0.0, ""198"": 0.0, ""185"": 0.0, ""235"": 0.0, ""208"": 0.0, ""70"": 0.0, ""225"": 0.0, ""59"": 0.0, ""56"": 0.0, ""190"": 0.0, ""132"": 0.0, ""229"": 0.0, ""22"": 0.0, ""231"": 0.0, ""129"": 0.0, ""148"": 0.0, ""11"": 0.0, ""16"": 0.0, ""105"": 0.0, ""127"": 0.0, ""189"": 0.0, ""211"": 0.0, ""53"": 0.0}",jev-1.13.0,e20b7b7e8a55313129e27a8dd630ace898ad82935929c02f1a9206274f93eb53
semantic-short:bge-boundaries:60-180:q70:v1:2397177249:000003696800-000003759200,-1,semantic:bge:leaf-local-6-2:42:-1,Unassigned,0.35000000000000003,0.34,"{""114"": 0.0, ""113"": 0.0, ""213"": 0.0, ""81"": 0.0, ""191"": 0.0, ""49"": 0.0, ""24"": 0.0, ""139"": 0.060000000000000005, ""5"": 0.0, ""227"": 0.0, ""132"": 0.0, ""87"": 0.0, ""145"": 0.04, ""209"": 0.02, ""98"": 0.01, ""103"": 0.0, ""138"": 0.0, ""11"": 0.29000000000000004, ""3"": 0.0, ""164"": 0.0, ""194"": 0.0, ""44"": 0.0, ""231"": 0.0, ""212"": 0.0, ""165"": 0.0, ""104"": 0.0, ""226"": 0.0, ""82"": 0.0, ""67"": 0.0, ""217"": 0.0, ""177"": 0.0, ""142"": 0.0, ""134"": 0.0, ""218"": 0.0, ""74"": 0.0, ""161"": 0.0, ""65"": 0.0, ""129"": 0.0, ""176"": 0.0, ""18"": 0.0, ""190"": 0.0, ""70"": 0.0, ""153"": 0.0, ""101"": 0.0, ""204"": 0.0, ""122"": 0.0, ""216"": 0.0, ""53"": 0.0, ""162"": 0.0, ""21"": 0.0, ""93"": 0.0, ""42"": 0.0, ""36"": 0.0, ""224"": 0.0, ""75"": 0.0, ""229"": 0.0, ""149"": 0.0, ""32"": 0.0, ""97"": 0.01, ""35"": 0.0, ""84"": 0.0, ""73"": 0.0, ""158"": 0.0, ""159"": 0.0, ""96"": 0.01, ""41"": 0.0, ""225"": 0.0, ""124"": 0.0, ""128"": 0.0, ""88"": 0.0, ""207"": 0.0, ""173"": 0.0, ""230"": 0.0, ""48"": 0.0, ""141"": 0.0, ""182"": 0.0, ""16"": 0.0, ""232"": 0.0, ""137"": 0.0, ""0"": 0.0, ""116"": 0.0, ""80"": 0.0, ""205"": 0.0, ""193"": 0.0, ""223"": 0.0, ""76"": 0.03, ""22"": 0.0, ""144"": 0.0, ""117"": 0.0, ""30"": 0.0, ""40"": 0.0, ""39"": 0.0, ""187"": 0.0, ""140"": 0.0, ""119"": 0.0, ""34"": 0.0, ""146"": 0.0, ""147"": 0.0, ""163"": 0.0, ""143"": 0.0, ""77"": 0.0, ""188"": 0.0, ""72"": 0.0, ""133"": 0.0, ""198"": 0.0, ""109"": 0.0, ""61"": 0.0, ""59"": 0.0, ""51"": 0.0, ""102"": 0.0, ""156"": 0.0, ""10"": 0.0, ""192"": 0.0, ""154"": 0.0, ""186"": 0.08, ""123"": 0.0, ""4"": 0.0, ""8"": 0.0, ""1"": 0.0, ""69"": 0.0, ""201"": 0.0, ""152"": 0.0, ""108"": 0.0, ""171"": 0.02, ""174"": 0.0, ""86"": 0.0, ""126"": 0.0, ""94"": 0.0, ""111"": 0.0, ""23"": 0.0, ""148"": 0.0, ""233"": 0.0, ""110"": 0.0, ""195"": 0.0, ""64"": 0.0, ""172"": 0.0, ""185"": 0.0, ""202"": 0.0, ""55"": 0.0, ""211"": 0.0, ""115"": 0.0, ""79"": 0.02, ""120"": 0.0, ""58"": 0.0, ""181"": 0.0, ""62"": 0.0, ""20"": 0.0, ""27"": 0.0, ""168"": 0.0, ""43"": 0.0, ""71"": 0.0, ""199"": 0.0, ""50"": 0.0, ""234"": 0.0, ""9"": 0.0, ""222"": 0.0, ""155"": 0.0, ""179"": 0.0, ""15"": 0.0, ""60"": 0.03, ""63"": 0.0, ""78"": 0.0, ""112"": 0.0, ""25"": 0.0, ""219"": 0.0, ""68"": 0.0, ""221"": 0.0, ""12"": 0.0, ""92"": 0.0, ""151"": 0.0, ""206"": 0.0, ""31"": 0.0, ""45"": 0.0, ""19"": 0.0, ""105"": 0.0, ""89"": 0.0, ""14"": 0.0, ""178"": 0.0, ""106"": 0.0, ""150"": 0.0, ""118"": 0.0, ""125"": 0.0, ""99"": 0.01, ""160"": 0.0, ""47"": 0.0, ""170"": 0.0, ""157"": 0.0, ""37"": 0.0, ""208"": 0.0, ""127"": 0.0, ""210"": 0.0, ""183"": 0.0, ""200"": 0.0, ""121"": 0.0, ""167"": 0.0, ""220"": 0.0, ""57"": 0.0, ""7"": 0.0, ""91"": 0.0, ""13"": 0.0, ""54"": 0.0, ""189"": 0.0, ""215"": 0.0, ""26"": 0.0, ""46"": 0.0, ""100"": 0.0, ""107"": 0.0, ""214"": 0.0, ""130"": 0.0, ""56"": 0.0, ""169"": 0.0, ""166"": 0.0, ""29"": 0.0, ""184"": 0.0, ""90"": 0.0, ""52"": 0.0, ""131"": 0.0, ""197"": 0.0, ""66"": 0.0, ""17"": 0.0, ""-1"": 0.35000000000000003, ""85"": 0.0, ""95"": 0.01, ""83"": 0.0, ""180"": 0.0, ""235"": 0.0, ""33"": 0.0, ""196"": 0.0, ""28"": 0.0, ""136"": 0.0, ""38"": 0.0, ""6"": 0.0, ""228"": 0.0, ""175"": 0.0, ""203"": 0.0, ""2"": 0.0, ""135"": 0.0}",jev-1.13.0,9a361e7c1da9ee73224e73c40b68d83f3c225e0fc7e9fefd63125270109b7019
semantic-short:bge-boundaries:60-180:q70:v1:2397177249:000003759200-000003857360,186,semantic:bge:leaf-local-6-2:42:186,AI mõju töökorraldusele ja tööturule,0.98,0.97,"{""193"": 0.0, ""86"": 0.0, ""154"": 0.0, ""46"": 0.0, ""156"": 0.0, ""208"": 0.0, ""111"": 0.0, ""191"": 0.0, ""93"": 0.0, ""166"": 0.0, ""158"": 0.0, ""53"": 0.0, ""94"": 0.0, ""180"": 0.0, ""83"": 0.0, ""15"": 0.0, ""163"": 0.0, ""116"": 0.0, ""226"": 0.0, ""75"": 0.0, ""155"": 0.0, ""187"": 0.0, ""122"": 0.0, ""36"": 0.0, ""44"": 0.0, ""1"": 0.0, ""21"": 0.0, ""144"": 0.0, ""92"": 0.0, ""103"": 0.0, ""174"": 0.01, ""13"": 0.0, ""130"": 0.0, ""203"": 0.0, ""222"": 0.0, ""69"": 0.0, ""102"": 0.0, ""71"": 0.0, ""120"": 0.0, ""231"": 0.0, ""65"": 0.0, ""190"": 0.0, ""215"": 0.0, ""34"": 0.0, ""31"": 0.0, ""224"": 0.0, ""59"": 0.0, ""142"": 0.0, ""205"": 0.0, ""233"": 0.0, ""64"": 0.0, ""128"": 0.0, ""214"": 0.0, ""137"": 0.0, ""8"": 0.0, ""43"": 0.0, ""229"": 0.0, ""125"": 0.0, ""121"": 0.0, ""56"": 0.0, ""164"": 0.0, ""84"": 0.0, ""91"": 0.0, ""19"": 0.0, ""170"": 0.0, ""27"": 0.0, ""110"": 0.0, ""119"": 0.0, ""118"": 0.0, ""123"": 0.0, ""22"": 0.0, ""199"": 0.0, ""168"": 0.0, ""198"": 0.0, ""230"": 0.0, ""109"": 0.0, ""77"": 0.0, ""61"": 0.0, ""24"": 0.0, ""28"": 0.0, ""165"": 0.0, ""185"": 0.0, ""85"": 0.0, ""148"": 0.0, ""6"": 0.0, ""209"": 0.0, ""9"": 0.0, ""153"": 0.0, ""223"": 0.0, ""127"": 0.0, ""55"": 0.0, ""10"": 0.0, ""66"": 0.0, ""225"": 0.0, ""151"": 0.0, ""107"": 0.0, ""219"": 0.0, ""159"": 0.0, ""78"": 0.0, ""228"": 0.0, ""20"": 0.0, ""160"": 0.0, ""206"": 0.0, ""99"": 0.0, ""88"": 0.0, ""32"": 0.0, ""115"": 0.0, ""51"": 0.0, ""17"": 0.0, ""23"": 0.0, ""211"": 0.0, ""62"": 0.0, ""11"": 0.0, ""179"": 0.0, ""12"": 0.0, ""67"": 0.0, ""47"": 0.0, ""2"": 0.0, ""74"": 0.0, ""68"": 0.0, ""30"": 0.0, ""218"": 0.0, ""90"": 0.0, ""136"": 0.0, ""210"": 0.0, ""157"": 0.0, ""33"": 0.0, ""101"": 0.0, ""202"": 0.0, ""234"": 0.0, ""54"": 0.0, ""26"": 0.0, ""143"": 0.0, ""212"": 0.0, ""117"": 0.0, ""63"": 0.0, ""-1"": 0.01, ""213"": 0.0, ""79"": 0.0, ""200"": 0.0, ""50"": 0.0, ""220"": 0.0, ""141"": 0.0, ""184"": 0.0, ""232"": 0.0, ""70"": 0.0, ""37"": 0.0, ""40"": 0.0, ""25"": 0.0, ""146"": 0.0, ""217"": 0.0, ""216"": 0.0, ""207"": 0.0, ""76"": 0.0, ""52"": 0.0, ""89"": 0.0, ""195"": 0.0, ""173"": 0.0, ""57"": 0.0, ""4"": 0.0, ""221"": 0.0, ""49"": 0.0, ""98"": 0.0, ""178"": 0.0, ""16"": 0.0, ""7"": 0.0, ""124"": 0.0, ""96"": 0.0, ""29"": 0.0, ""204"": 0.0, ""176"": 0.0, ""129"": 0.0, ""227"": 0.0, ""138"": 0.0, ""126"": 0.0, ""201"": 0.0, ""0"": 0.0, ""48"": 0.0, ""3"": 0.0, ""114"": 0.0, ""183"": 0.0, ""133"": 0.0, ""182"": 0.0, ""87"": 0.0, ""147"": 0.0, ""197"": 0.0, ""95"": 0.0, ""235"": 0.0, ""145"": 0.0, ""152"": 0.0, ""171"": 0.0, ""132"": 0.0, ""175"": 0.0, ""106"": 0.0, ""192"": 0.0, ""41"": 0.0, ""18"": 0.0, ""58"": 0.0, ""35"": 0.0, ""104"": 0.0, ""135"": 0.0, ""150"": 0.0, ""162"": 0.0, ""81"": 0.0, ""73"": 0.0, ""97"": 0.0, ""131"": 0.0, ""140"": 0.0, ""177"": 0.0, ""134"": 0.0, ""181"": 0.0, ""196"": 0.0, ""14"": 0.0, ""172"": 0.0, ""169"": 0.0, ""112"": 0.0, ""139"": 0.0, ""105"": 0.0, ""80"": 0.0, ""189"": 0.0, ""82"": 0.0, ""108"": 0.0, ""45"": 0.0, ""161"": 0.0, ""100"": 0.0, ""113"": 0.0, ""39"": 0.0, ""167"": 0.0, ""60"": 0.0, ""194"": 0.0, ""5"": 0.0, ""42"": 0.0, ""38"": 0.0, ""149"": 0.0, ""188"": 0.0, ""186"": 0.98, ""72"": 0.0}",jev-1.13.0,033a3a7fcf20dc5842d7c93e72e0ce8e14b97864613056c8c2763d36969aef26
semantic-short:bge-boundaries:60-180:q70:v1:2397177249:000003857360-000003955000,186,semantic:bge:leaf-local-6-2:42:186,AI mõju töökorraldusele ja tööturule,0.99,0.98,"{""44"": 0.0, ""30"": 0.0, ""85"": 0.0, ""99"": 0.0, ""88"": 0.0, ""169"": 0.0, ""174"": 0.0, ""53"": 0.0, ""147"": 0.0, ""48"": 0.0, ""144"": 0.0, ""145"": 0.0, ""171"": 0.0, ""172"": 0.0, ""146"": 0.0, ""187"": 0.0, ""62"": 0.0, ""24"": 0.0, ""194"": 0.0, ""198"": 0.0, ""210"": 0.0, ""106"": 0.0, ""168"": 0.0, ""160"": 0.0, ""28"": 0.0, ""8"": 0.0, ""97"": 0.0, ""211"": 0.0, ""116"": 0.0, ""126"": 0.0, ""205"": 0.0, ""121"": 0.0, ""102"": 0.0, ""151"": 0.0, ""9"": 0.0, ""173"": 0.0, ""203"": 0.0, ""37"": 0.0, ""23"": 0.0, ""70"": 0.0, ""50"": 0.0, ""217"": 0.0, ""149"": 0.0, ""161"": 0.0, ""185"": 0.0, ""233"": 0.0, ""117"": 0.0, ""164"": 0.0, ""20"": 0.0, ""103"": 0.0, ""100"": 0.0, ""75"": 0.0, ""153"": 0.0, ""135"": 0.0, ""141"": 0.0, ""61"": 0.0, ""170"": 0.0, ""1"": 0.0, ""55"": 0.0, ""186"": 0.99, ""213"": 0.0, ""80"": 0.0, ""134"": 0.0, ""209"": 0.0, ""143"": 0.0, ""142"": 0.0, ""78"": 0.0, ""26"": 0.0, ""59"": 0.0, ""35"": 0.0, ""108"": 0.0, ""73"": 0.0, ""221"": 0.0, ""158"": 0.0, ""83"": 0.0, ""25"": 0.0, ""98"": 0.0, ""82"": 0.0, ""136"": 0.0, ""127"": 0.0, ""93"": 0.0, ""33"": 0.0, ""199"": 0.0, ""42"": 0.0, ""22"": 0.0, ""130"": 0.0, ""104"": 0.0, ""215"": 0.0, ""34"": 0.0, ""46"": 0.0, ""57"": 0.0, ""214"": 0.0, ""201"": 0.0, ""137"": 0.0, ""17"": 0.0, ""224"": 0.0, ""120"": 0.0, ""196"": 0.0, ""101"": 0.0, ""124"": 0.0, ""125"": 0.0, ""163"": 0.0, ""19"": 0.0, ""-1"": 0.0, ""113"": 0.0, ""12"": 0.0, ""68"": 0.0, ""182"": 0.0, ""39"": 0.0, ""129"": 0.0, ""41"": 0.0, ""138"": 0.0, ""87"": 0.0, ""228"": 0.0, ""3"": 0.0, ""79"": 0.0, ""219"": 0.0, ""54"": 0.0, ""0"": 0.0, ""140"": 0.0, ""235"": 0.0, ""175"": 0.0, ""192"": 0.0, ""133"": 0.0, ""188"": 0.0, ""118"": 0.0, ""77"": 0.0, ""180"": 0.0, ""206"": 0.0, ""4"": 0.0, ""60"": 0.0, ""156"": 0.0, ""155"": 0.0, ""58"": 0.0, ""10"": 0.0, ""74"": 0.0, ""131"": 0.0, ""32"": 0.0, ""193"": 0.0, ""47"": 0.0, ""179"": 0.0, ""89"": 0.0, ""69"": 0.0, ""112"": 0.0, ""90"": 0.0, ""189"": 0.0, ""15"": 0.0, ""36"": 0.0, ""110"": 0.0, ""27"": 0.0, ""31"": 0.0, ""200"": 0.0, ""218"": 0.0, ""76"": 0.0, ""232"": 0.0, ""225"": 0.0, ""229"": 0.0, ""111"": 0.0, ""29"": 0.0, ""72"": 0.0, ""92"": 0.0, ""139"": 0.0, ""67"": 0.0, ""18"": 0.0, ""5"": 0.0, ""197"": 0.0, ""195"": 0.0, ""43"": 0.0, ""71"": 0.0, ""152"": 0.0, ""123"": 0.0, ""148"": 0.0, ""231"": 0.0, ""184"": 0.0, ""2"": 0.0, ""86"": 0.0, ""204"": 0.0, ""227"": 0.0, ""38"": 0.0, ""128"": 0.0, ""166"": 0.0, ""84"": 0.0, ""181"": 0.0, ""109"": 0.0, ""167"": 0.0, ""65"": 0.0, ""6"": 0.0, ""132"": 0.0, ""115"": 0.0, ""16"": 0.0, ""159"": 0.0, ""56"": 0.0, ""51"": 0.0, ""52"": 0.0, ""119"": 0.0, ""95"": 0.0, ""177"": 0.0, ""230"": 0.0, ""81"": 0.0, ""202"": 0.0, ""114"": 0.0, ""63"": 0.0, ""223"": 0.0, ""220"": 0.0, ""96"": 0.0, ""216"": 0.0, ""190"": 0.0, ""107"": 0.0, ""183"": 0.0, ""21"": 0.0, ""66"": 0.0, ""13"": 0.0, ""208"": 0.0, ""212"": 0.0, ""7"": 0.0, ""91"": 0.0, ""150"": 0.0, ""207"": 0.0, ""226"": 0.0, ""105"": 0.0, ""122"": 0.0, ""178"": 0.0, ""162"": 0.0, ""40"": 0.0, ""49"": 0.0, ""11"": 0.0, ""14"": 0.0, ""191"": 0.0, ""64"": 0.0, ""222"": 0.0, ""176"": 0.0, ""154"": 0.0, ""94"": 0.0, ""234"": 0.01, ""165"": 0.0, ""45"": 0.0, ""157"": 0.0}",jev-1.13.0,9722696a628e4faa7047da7f20d3de4d1622902a69387d06f1741878df23c1af
semantic-short:bge-boundaries:60-180:q70:v1:2397177249:000003955000-000004117240,234,semantic:bge:leaf-local-6-2:42:234,AI muudab üksikettevõtluse lihtsamaks,0.36,0.35,"{""23"": 0.0, ""131"": 0.0, ""220"": 0.0, ""170"": 0.0, ""155"": 0.0, ""218"": 0.0, ""149"": 0.0, ""88"": 0.0, ""108"": 0.0, ""134"": 0.0, ""217"": 0.0, ""8"": 0.0, ""56"": 0.0, ""147"": 0.0, ""109"": 0.0, ""204"": 0.0, ""184"": 0.0, ""160"": 0.0, ""199"": 0.01, ""140"": 0.0, ""226"": 0.0, ""179"": 0.0, ""42"": 0.0, ""26"": 0.0, ""185"": 0.0, ""167"": 0.0, ""227"": 0.0, ""168"": 0.0, ""132"": 0.0, ""60"": 0.0, ""116"": 0.0, ""89"": 0.0, ""209"": 0.0, ""70"": 0.0, ""67"": 0.0, ""62"": 0.0, ""143"": 0.0, ""53"": 0.0, ""190"": 0.0, ""158"": 0.0, ""10"": 0.0, ""126"": 0.0, ""221"": 0.0, ""1"": 0.0, ""81"": 0.0, ""157"": 0.0, ""210"": 0.0, ""5"": 0.0, ""63"": 0.0, ""110"": 0.0, ""215"": 0.0, ""91"": 0.0, ""94"": 0.0, ""144"": 0.0, ""99"": 0.0, ""73"": 0.0, ""90"": 0.0, ""182"": 0.0, ""65"": 0.0, ""195"": 0.0, ""223"": 0.0, ""107"": 0.0, ""112"": 0.0, ""17"": 0.0, ""96"": 0.0, ""159"": 0.0, ""105"": 0.0, ""212"": 0.0, ""27"": 0.0, ""15"": 0.0, ""206"": 0.0, ""176"": 0.0, ""102"": 0.0, ""151"": 0.0, ""68"": 0.0, ""36"": 0.0, ""178"": 0.0, ""174"": 0.0, ""192"": 0.0, ""162"": 0.0, ""41"": 0.0, ""123"": 0.0, ""197"": 0.0, ""136"": 0.0, ""55"": 0.0, ""175"": 0.0, ""152"": 0.0, ""111"": 0.0, ""12"": 0.0, ""92"": 0.0, ""93"": 0.0, ""145"": 0.0, ""7"": 0.0, ""71"": 0.0, ""127"": 0.0, ""101"": 0.0, ""118"": 0.0, ""198"": 0.0, ""171"": 0.0, ""181"": 0.0, ""30"": 0.0, ""61"": 0.0, ""229"": 0.0, ""125"": 0.0, ""188"": 0.0, ""31"": 0.0, ""203"": 0.0, ""13"": 0.0, ""230"": 0.0, ""177"": 0.0, ""2"": 0.0, ""45"": 0.0, ""39"": 0.0, ""57"": 0.0, ""232"": 0.0, ""222"": 0.0, ""180"": 0.0, ""173"": 0.0, ""234"": 0.36, ""100"": 0.0, ""9"": 0.28, ""64"": 0.0, ""97"": 0.0, ""233"": 0.0, ""205"": 0.0, ""50"": 0.0, ""103"": 0.0, ""74"": 0.0, ""-1"": 0.14, ""200"": 0.0, ""14"": 0.0, ""16"": 0.0, ""47"": 0.0, ""225"": 0.0, ""172"": 0.0, ""69"": 0.0, ""59"": 0.0, ""150"": 0.01, ""191"": 0.0, ""6"": 0.0, ""38"": 0.0, ""35"": 0.0, ""137"": 0.0, ""193"": 0.0, ""164"": 0.0, ""130"": 0.0, ""202"": 0.0, ""24"": 0.0, ""121"": 0.0, ""83"": 0.0, ""133"": 0.0, ""219"": 0.0, ""37"": 0.0, ""76"": 0.0, ""161"": 0.0, ""224"": 0.0, ""52"": 0.0, ""32"": 0.0, ""54"": 0.0, ""189"": 0.0, ""86"": 0.0, ""43"": 0.0, ""80"": 0.0, ""119"": 0.04, ""183"": 0.0, ""82"": 0.02, ""85"": 0.0, ""235"": 0.0, ""207"": 0.0, ""49"": 0.02, ""113"": 0.0, ""79"": 0.0, ""186"": 0.11, ""228"": 0.0, ""51"": 0.0, ""46"": 0.0, ""33"": 0.0, ""40"": 0.0, ""21"": 0.0, ""58"": 0.0, ""115"": 0.0, ""166"": 0.0, ""156"": 0.0, ""187"": 0.0, ""214"": 0.0, ""48"": 0.0, ""139"": 0.0, ""84"": 0.0, ""165"": 0.0, ""19"": 0.0, ""78"": 0.0, ""208"": 0.0, ""4"": 0.0, ""138"": 0.0, ""98"": 0.0, ""104"": 0.0, ""142"": 0.0, ""231"": 0.0, ""44"": 0.0, ""28"": 0.0, ""196"": 0.0, ""148"": 0.0, ""95"": 0.0, ""163"": 0.0, ""87"": 0.0, ""66"": 0.0, ""201"": 0.0, ""135"": 0.0, ""154"": 0.0, ""213"": 0.0, ""194"": 0.0, ""124"": 0.0, ""3"": 0.0, ""20"": 0.0, ""216"": 0.0, ""75"": 0.0, ""18"": 0.0, ""128"": 0.0, ""146"": 0.0, ""11"": 0.0, ""211"": 0.0, ""34"": 0.0, ""0"": 0.0, ""114"": 0.0, ""22"": 0.0, ""129"": 0.0, ""77"": 0.0, ""141"": 0.0, ""117"": 0.0, ""25"": 0.0, ""122"": 0.0, ""120"": 0.0, ""153"": 0.0, ""72"": 0.0, ""106"": 0.0, ""169"": 0.0, ""29"": 0.0}",jev-1.13.0,4fbe1ec6832279991fe113569f0f98af93590221d1c88d33f6314f6119765133
semantic-short:bge-boundaries:60-180:q70:v1:2397177249:000004117240-000004177720,-1,semantic:bge:leaf-local-6-2:42:-1,Unassigned,0.7,0.69,"{""114"": 0.0, ""113"": 0.0, ""213"": 0.0, ""191"": 0.0, ""81"": 0.0, ""49"": 0.0, ""24"": 0.0, ""139"": 0.01, ""5"": 0.0, ""227"": 0.0, ""132"": 0.0, ""87"": 0.0, ""145"": 0.0, ""209"": 0.0, ""98"": 0.0, ""103"": 0.0, ""164"": 0.0, ""11"": 0.0, ""212"": 0.0, ""3"": 0.0, ""194"": 0.0, ""44"": 0.0, ""231"": 0.0, ""138"": 0.0, ""165"": 0.0, ""104"": 0.0, ""177"": 0.0, ""82"": 0.0, ""67"": 0.0, ""217"": 0.0, ""226"": 0.0, ""142"": 0.0, ""134"": 0.0, ""218"": 0.0, ""74"": 0.0, ""161"": 0.0, ""65"": 0.0, ""129"": 0.0, ""176"": 0.0, ""18"": 0.0, ""190"": 0.0, ""70"": 0.02, ""153"": 0.0, ""101"": 0.0, ""204"": 0.0, ""122"": 0.0, ""216"": 0.0, ""53"": 0.0, ""162"": 0.0, ""21"": 0.0, ""93"": 0.0, ""42"": 0.0, ""36"": 0.0, ""224"": 0.0, ""75"": 0.0, ""229"": 0.0, ""149"": 0.0, ""32"": 0.0, ""97"": 0.0, ""35"": 0.0, ""84"": 0.0, ""73"": 0.0, ""158"": 0.0, ""159"": 0.0, ""96"": 0.0, ""41"": 0.0, ""225"": 0.0, ""124"": 0.0, ""0"": 0.0, ""88"": 0.0, ""80"": 0.0, ""173"": 0.0, ""230"": 0.0, ""128"": 0.0, ""141"": 0.0, ""16"": 0.0, ""207"": 0.0, ""232"": 0.0, ""137"": 0.0, ""48"": 0.0, ""116"": 0.0, ""182"": 0.0, ""205"": 0.0, ""193"": 0.0, ""144"": 0.0, ""223"": 0.0, ""22"": 0.0, ""76"": 0.0, ""117"": 0.0, ""30"": 0.0, ""40"": 0.0, ""39"": 0.0, ""187"": 0.0, ""140"": 0.0, ""119"": 0.0, ""34"": 0.0, ""146"": 0.0, ""147"": 0.0, ""163"": 0.05, ""143"": 0.0, ""77"": 0.0, ""188"": 0.0, ""72"": 0.0, ""133"": 0.0, ""198"": 0.0, ""109"": 0.0, ""61"": 0.0, ""59"": 0.0, ""51"": 0.0, ""102"": 0.0, ""156"": 0.0, ""10"": 0.0, ""192"": 0.0, ""186"": 0.0, ""154"": 0.0, ""123"": 0.0, ""4"": 0.0, ""8"": 0.0, ""1"": 0.0, ""69"": 0.0, ""201"": 0.0, ""152"": 0.0, ""108"": 0.0, ""86"": 0.0, ""174"": 0.0, ""171"": 0.0, ""126"": 0.0, ""94"": 0.0, ""111"": 0.0, ""23"": 0.0, ""148"": 0.0, ""233"": 0.0, ""110"": 0.0, ""195"": 0.0, ""172"": 0.0, ""64"": 0.0, ""185"": 0.0, ""202"": 0.0, ""211"": 0.0, ""55"": 0.0, ""115"": 0.0, ""120"": 0.0, ""79"": 0.0, ""181"": 0.0, ""58"": 0.0, ""62"": 0.0, ""20"": 0.0, ""27"": 0.0, ""168"": 0.0, ""43"": 0.0, ""71"": 0.0, ""50"": 0.0, ""234"": 0.09999999999999999, ""199"": 0.0, ""222"": 0.0, ""9"": 0.0, ""155"": 0.0, ""179"": 0.0, ""15"": 0.0, ""60"": 0.0, ""63"": 0.0, ""19"": 0.0, ""12"": 0.0, ""178"": 0.0, ""219"": 0.0, ""68"": 0.02, ""221"": 0.0, ""25"": 0.0, ""31"": 0.0, ""151"": 0.0, ""206"": 0.0, ""78"": 0.0, ""45"": 0.0, ""112"": 0.0, ""14"": 0.0, ""89"": 0.0, ""105"": 0.0, ""92"": 0.0, ""106"": 0.0, ""150"": 0.0, ""118"": 0.0, ""125"": 0.0, ""99"": 0.0, ""160"": 0.0, ""47"": 0.0, ""170"": 0.0, ""157"": 0.08, ""37"": 0.0, ""208"": 0.0, ""127"": 0.0, ""210"": 0.0, ""183"": 0.0, ""200"": 0.0, ""167"": 0.0, ""121"": 0.0, ""220"": 0.0, ""57"": 0.0, ""7"": 0.02, ""91"": 0.0, ""13"": 0.0, ""54"": 0.0, ""189"": 0.0, ""215"": 0.0, ""26"": 0.0, ""46"": 0.0, ""214"": 0.0, ""107"": 0.0, ""100"": 0.0, ""130"": 0.0, ""56"": 0.0, ""169"": 0.0, ""166"": 0.0, ""29"": 0.0, ""184"": 0.0, ""90"": 0.0, ""52"": 0.0, ""197"": 0.0, ""131"": 0.0, ""66"": 0.0, ""17"": 0.0, ""-1"": 0.7, ""85"": 0.0, ""95"": 0.0, ""83"": 0.0, ""180"": 0.0, ""235"": 0.0, ""33"": 0.0, ""196"": 0.0, ""28"": 0.0, ""136"": 0.0, ""135"": 0.0, ""6"": 0.0, ""228"": 0.0, ""175"": 0.0, ""38"": 0.0, ""2"": 0.0, ""203"": 0.0}",jev-1.13.0,a7efe5ba7c94a9622b248476e9fb76fb53970c8836476ef77d7e566bf359588b
semantic-short:bge-boundaries:60-180:q70:v1:2397177249:000004177720-000004307240,-1,semantic:bge:leaf-local-6-2:42:-1,Unassigned,0.49,0.48,"{""104"": 0.0, ""63"": 0.0, ""64"": 0.0, ""175"": 0.0, ""22"": 0.0, ""231"": 0.0, ""4"": 0.0, ""26"": 0.0, ""85"": 0.0, ""36"": 0.0, ""147"": 0.0, ""173"": 0.0, ""185"": 0.0, ""23"": 0.0, ""203"": 0.0, ""94"": 0.0, ""92"": 0.0, ""212"": 0.0, ""159"": 0.0, ""86"": 0.0, ""189"": 0.0, ""65"": 0.0, ""53"": 0.0, ""119"": 0.0, ""113"": 0.0, ""166"": 0.0, ""168"": 0.0, ""68"": 0.0, ""135"": 0.0, ""198"": 0.0, ""100"": 0.0, ""108"": 0.0, ""41"": 0.0, ""144"": 0.0, ""54"": 0.0, ""127"": 0.0, ""163"": 0.0, ""172"": 0.0, ""121"": 0.0, ""109"": 0.0, ""45"": 0.0, ""136"": 0.0, ""190"": 0.0, ""178"": 0.0, ""151"": 0.0, ""52"": 0.0, ""225"": 0.0, ""165"": 0.0, ""47"": 0.0, ""148"": 0.0, ""42"": 0.0, ""34"": 0.0, ""182"": 0.0, ""131"": 0.0, ""125"": 0.0, ""143"": 0.0, ""90"": 0.0, ""75"": 0.0, ""24"": 0.0, ""230"": 0.0, ""102"": 0.0, ""171"": 0.0, ""60"": 0.0, ""124"": 0.0, ""177"": 0.0, ""2"": 0.0, ""134"": 0.0, ""67"": 0.0, ""161"": 0.0, ""110"": 0.0, ""58"": 0.0, ""140"": 0.0, ""154"": 0.0, ""28"": 0.0, ""39"": 0.0, ""194"": 0.0, ""207"": 0.0, ""186"": 0.0, ""218"": 0.0, ""228"": 0.0, ""133"": 0.0, ""83"": 0.0, ""56"": 0.0, ""155"": 0.0, ""195"": 0.0, ""84"": 0.0, ""111"": 0.0, ""226"": 0.0, ""96"": 0.01, ""69"": 0.0, ""132"": 0.0, ""15"": 0.0, ""162"": 0.0, ""1"": 0.0, ""12"": 0.0, ""44"": 0.0, ""72"": 0.0, ""5"": 0.0, ""152"": 0.0, ""101"": 0.0, ""13"": 0.0, ""179"": 0.0, ""196"": 0.0, ""20"": 0.0, ""27"": 0.0, ""220"": 0.0, ""191"": 0.0, ""112"": 0.0, ""97"": 0.01, ""117"": 0.0, ""206"": 0.0, ""139"": 0.0, ""216"": 0.0, ""205"": 0.0, ""116"": 0.0, ""199"": 0.0, ""202"": 0.0, ""149"": 0.0, ""192"": 0.0, ""105"": 0.0, ""181"": 0.0, ""211"": 0.0, ""170"": 0.0, ""38"": 0.0, ""71"": 0.0, ""88"": 0.0, ""197"": 0.0, ""106"": 0.0, ""16"": 0.0, ""157"": 0.02, ""210"": 0.0, ""19"": 0.0, ""156"": 0.0, ""146"": 0.0, ""164"": 0.0, ""91"": 0.0, ""48"": 0.0, ""59"": 0.0, ""153"": 0.0, ""128"": 0.0, ""76"": 0.0, ""115"": 0.0, ""118"": 0.0, ""158"": 0.0, ""93"": 0.0, ""209"": 0.0, ""37"": 0.0, ""25"": 0.0, ""138"": 0.0, ""30"": 0.0, ""130"": 0.0, ""142"": 0.0, ""232"": 0.0, ""141"": 0.0, ""10"": 0.0, ""74"": 0.0, ""114"": 0.0, ""213"": 0.0, ""7"": 0.05, ""187"": 0.0, ""217"": 0.0, ""35"": 0.0, ""78"": 0.0, ""169"": 0.0, ""183"": 0.0, ""180"": 0.0, ""70"": 0.39, ""50"": 0.0, ""219"": 0.0, ""223"": 0.0, ""208"": 0.0, ""120"": 0.0, ""87"": 0.0, ""31"": 0.0, ""80"": 0.0, ""79"": 0.0, ""123"": 0.0, ""43"": 0.0, ""33"": 0.0, ""66"": 0.0, ""227"": 0.0, ""188"": 0.0, ""204"": 0.0, ""229"": 0.0, ""40"": 0.0, ""107"": 0.0, ""51"": 0.0, ""81"": 0.0, ""200"": 0.0, ""176"": 0.0, ""201"": 0.0, ""224"": 0.0, ""150"": 0.0, ""73"": 0.0, ""145"": 0.0, ""129"": 0.0, ""77"": 0.0, ""57"": 0.0, ""17"": 0.0, ""174"": 0.0, ""184"": 0.0, ""0"": 0.0, ""214"": 0.0, ""103"": 0.0, ""98"": 0.01, ""46"": 0.0, ""122"": 0.0, ""62"": 0.0, ""-1"": 0.49, ""193"": 0.0, ""235"": 0.0, ""99"": 0.01, ""89"": 0.0, ""11"": 0.0, ""82"": 0.0, ""18"": 0.0, ""9"": 0.0, ""21"": 0.0, ""29"": 0.0, ""215"": 0.0, ""6"": 0.0, ""61"": 0.0, ""14"": 0.0, ""222"": 0.0, ""55"": 0.0, ""8"": 0.0, ""137"": 0.0, ""95"": 0.0, ""32"": 0.0, ""160"": 0.0, ""167"": 0.0, ""233"": 0.0, ""3"": 0.0, ""49"": 0.0, ""126"": 0.0, ""234"": 0.0, ""221"": 0.0}",jev-1.13.0,e3a7b84b4d11ba24f26e4081275a7c56c9f53476fef3a0d8d7aa4200f52331c5
semantic-short:bge-boundaries:60-180:q70:v1:2397177249:000004307240-000004373560,-1,semantic:bge:leaf-local-6-2:42:-1,Unassigned,0.43,0.42,"{""221"": 0.0, ""82"": 0.0, ""91"": 0.0, ""141"": 0.0, ""167"": 0.0, ""104"": 0.0, ""70"": 0.03, ""75"": 0.0, ""36"": 0.0, ""186"": 0.24000000000000002, ""122"": 0.0, ""22"": 0.0, ""151"": 0.0, ""37"": 0.0, ""216"": 0.0, ""46"": 0.0, ""162"": 0.0, ""86"": 0.0, ""214"": 0.0, ""125"": 0.0, ""129"": 0.0, ""173"": 0.0, ""52"": 0.0, ""42"": 0.0, ""135"": 0.0, ""164"": 0.0, ""69"": 0.0, ""235"": 0.0, ""6"": 0.0, ""76"": 0.0, ""32"": 0.0, ""98"": 0.0, ""179"": 0.0, ""137"": 0.0, ""78"": 0.0, ""189"": 0.0, ""202"": 0.0, ""123"": 0.0, ""116"": 0.0, ""68"": 0.0, ""212"": 0.0, ""170"": 0.0, ""223"": 0.0, ""66"": 0.0, ""183"": 0.0, ""215"": 0.0, ""-1"": 0.43, ""74"": 0.0, ""138"": 0.0, ""139"": 0.01, ""208"": 0.0, ""73"": 0.0, ""175"": 0.0, ""27"": 0.0, ""81"": 0.0, ""158"": 0.0, ""17"": 0.0, ""43"": 0.0, ""50"": 0.0, ""34"": 0.0, ""219"": 0.0, ""2"": 0.0, ""4"": 0.0, ""71"": 0.0, ""51"": 0.0, ""11"": 0.0, ""198"": 0.0, ""192"": 0.0, ""143"": 0.0, ""93"": 0.0, ""200"": 0.0, ""99"": 0.0, ""16"": 0.0, ""121"": 0.0, ""204"": 0.0, ""218"": 0.0, ""94"": 0.0, ""10"": 0.0, ""132"": 0.0, ""9"": 0.0, ""8"": 0.0, ""211"": 0.0, ""160"": 0.0, ""40"": 0.0, ""60"": 0.02, ""77"": 0.0, ""35"": 0.0, ""234"": 0.03, ""199"": 0.0, ""148"": 0.0, ""153"": 0.0, ""83"": 0.0, ""227"": 0.0, ""79"": 0.0, ""19"": 0.0, ""206"": 0.0, ""224"": 0.0, ""159"": 0.0, ""96"": 0.0, ""124"": 0.0, ""25"": 0.0, ""131"": 0.0, ""134"": 0.0, ""41"": 0.0, ""14"": 0.0, ""84"": 0.0, ""62"": 0.0, ""130"": 0.0, ""57"": 0.0, ""232"": 0.0, ""193"": 0.0, ""95"": 0.0, ""161"": 0.0, ""133"": 0.0, ""171"": 0.0, ""157"": 0.0, ""0"": 0.0, ""226"": 0.0, ""88"": 0.0, ""3"": 0.0, ""178"": 0.0, ""54"": 0.0, ""114"": 0.0, ""65"": 0.0, ""102"": 0.0, ""58"": 0.0, ""87"": 0.0, ""172"": 0.0, ""145"": 0.0, ""29"": 0.0, ""233"": 0.0, ""80"": 0.0, ""127"": 0.0, ""220"": 0.0, ""188"": 0.0, ""154"": 0.0, ""140"": 0.0, ""13"": 0.0, ""108"": 0.0, ""44"": 0.0, ""63"": 0.0, ""56"": 0.0, ""119"": 0.0, ""26"": 0.0, ""210"": 0.0, ""228"": 0.0, ""117"": 0.0, ""45"": 0.0, ""97"": 0.0, ""174"": 0.0, ""103"": 0.0, ""110"": 0.0, ""12"": 0.0, ""176"": 0.0, ""195"": 0.0, ""136"": 0.0, ""142"": 0.0, ""150"": 0.0, ""39"": 0.0, ""209"": 0.0, ""149"": 0.0, ""28"": 0.01, ""5"": 0.0, ""21"": 0.0, ""112"": 0.0, ""113"": 0.0, ""120"": 0.01, ""89"": 0.0, ""229"": 0.0, ""126"": 0.0, ""31"": 0.0, ""181"": 0.0, ""156"": 0.0, ""180"": 0.0, ""18"": 0.0, ""15"": 0.0, ""72"": 0.0, ""105"": 0.0, ""115"": 0.0, ""194"": 0.0, ""155"": 0.21000000000000002, ""191"": 0.0, ""61"": 0.0, ""196"": 0.0, ""213"": 0.0, ""152"": 0.0, ""24"": 0.0, ""203"": 0.0, ""106"": 0.0, ""85"": 0.0, ""1"": 0.0, ""59"": 0.0, ""230"": 0.0, ""222"": 0.0, ""92"": 0.0, ""101"": 0.0, ""147"": 0.0, ""169"": 0.0, ""205"": 0.0, ""177"": 0.0, ""7"": 0.0, ""55"": 0.0, ""48"": 0.0, ""38"": 0.0, ""184"": 0.0, ""163"": 0.0, ""146"": 0.0, ""107"": 0.0, ""49"": 0.0, ""144"": 0.0, ""47"": 0.0, ""109"": 0.0, ""182"": 0.0, ""168"": 0.0, ""225"": 0.0, ""23"": 0.0, ""30"": 0.0, ""33"": 0.0, ""187"": 0.0, ""100"": 0.0, ""217"": 0.0, ""166"": 0.0, ""165"": 0.0, ""231"": 0.0, ""90"": 0.0, ""207"": 0.0, ""64"": 0.0, ""201"": 0.0, ""20"": 0.0, ""67"": 0.0, ""53"": 0.0, ""118"": 0.0, ""197"": 0.0, ""111"": 0.0, ""128"": 0.0, ""185"": 0.0, ""190"": 0.0}",jev-1.13.0,ef1755da23d423f96c3de66066d0c6b6e7e606ad2c45715336ec2b26f8dfee05
semantic-short:bge-boundaries:60-180:q70:v1:2397177249:000004373560-000004435280,157,semantic:bge:leaf-local-6-2:42:157,Startup-ökosüsteemi kogukond ja eeskujud,0.44,0.42,"{""235"": 0.0, ""64"": 0.0, ""190"": 0.0, ""13"": 0.0, ""217"": 0.0, ""53"": 0.0, ""230"": 0.0, ""156"": 0.0, ""112"": 0.0, ""166"": 0.0, ""212"": 0.0, ""50"": 0.0, ""195"": 0.0, ""68"": 0.05, ""139"": 0.0, ""213"": 0.0, ""28"": 0.02, ""17"": 0.0, ""96"": 0.0, ""38"": 0.0, ""133"": 0.0, ""185"": 0.0, ""5"": 0.0, ""24"": 0.0, ""194"": 0.0, ""65"": 0.0, ""-1"": 0.35000000000000003, ""91"": 0.0, ""124"": 0.0, ""228"": 0.0, ""108"": 0.0, ""227"": 0.0, ""57"": 0.0, ""74"": 0.0, ""63"": 0.0, ""123"": 0.0, ""116"": 0.0, ""134"": 0.0, ""32"": 0.0, ""62"": 0.0, ""216"": 0.0, ""72"": 0.0, ""234"": 0.02, ""127"": 0.0, ""193"": 0.0, ""225"": 0.0, ""203"": 0.0, ""121"": 0.0, ""145"": 0.0, ""208"": 0.0, ""106"": 0.0, ""181"": 0.0, ""204"": 0.0, ""44"": 0.0, ""128"": 0.0, ""141"": 0.0, ""135"": 0.0, ""170"": 0.0, ""47"": 0.0, ""191"": 0.0, ""129"": 0.0, ""7"": 0.0, ""115"": 0.0, ""214"": 0.0, ""107"": 0.0, ""25"": 0.0, ""58"": 0.0, ""78"": 0.0, ""76"": 0.0, ""70"": 0.08, ""83"": 0.0, ""182"": 0.0, ""98"": 0.01, ""51"": 0.0, ""14"": 0.0, ""157"": 0.44, ""110"": 0.0, ""88"": 0.0, ""137"": 0.0, ""26"": 0.0, ""73"": 0.0, ""169"": 0.0, ""18"": 0.0, ""3"": 0.0, ""142"": 0.0, ""12"": 0.0, ""111"": 0.0, ""81"": 0.0, ""48"": 0.0, ""132"": 0.0, ""49"": 0.0, ""224"": 0.0, ""60"": 0.0, ""10"": 0.0, ""46"": 0.0, ""207"": 0.0, ""90"": 0.0, ""41"": 0.0, ""153"": 0.0, ""188"": 0.0, ""136"": 0.0, ""161"": 0.0, ""85"": 0.0, ""102"": 0.0, ""138"": 0.0, ""221"": 0.0, ""6"": 0.0, ""59"": 0.0, ""79"": 0.0, ""211"": 0.0, ""131"": 0.0, ""163"": 0.0, ""197"": 0.0, ""1"": 0.0, ""120"": 0.0, ""8"": 0.0, ""171"": 0.0, ""150"": 0.0, ""220"": 0.0, ""2"": 0.0, ""232"": 0.0, ""118"": 0.0, ""67"": 0.0, ""39"": 0.0, ""130"": 0.0, ""80"": 0.0, ""93"": 0.0, ""103"": 0.0, ""77"": 0.0, ""140"": 0.0, ""71"": 0.0, ""183"": 0.0, ""114"": 0.0, ""196"": 0.0, ""162"": 0.0, ""95"": 0.0, ""179"": 0.0, ""186"": 0.0, ""55"": 0.0, ""35"": 0.0, ""22"": 0.0, ""4"": 0.0, ""176"": 0.0, ""152"": 0.0, ""201"": 0.0, ""23"": 0.0, ""177"": 0.0, ""40"": 0.0, ""144"": 0.0, ""75"": 0.0, ""61"": 0.0, ""226"": 0.0, ""126"": 0.0, ""43"": 0.0, ""33"": 0.0, ""113"": 0.0, ""148"": 0.0, ""16"": 0.0, ""174"": 0.0, ""167"": 0.0, ""180"": 0.0, ""42"": 0.0, ""109"": 0.0, ""147"": 0.0, ""29"": 0.0, ""149"": 0.0, ""200"": 0.0, ""199"": 0.0, ""209"": 0.0, ""56"": 0.0, ""233"": 0.0, ""229"": 0.0, ""87"": 0.0, ""215"": 0.0, ""210"": 0.0, ""154"": 0.0, ""175"": 0.0, ""125"": 0.0, ""92"": 0.0, ""105"": 0.0, ""117"": 0.0, ""160"": 0.0, ""146"": 0.0, ""27"": 0.0, ""172"": 0.0, ""187"": 0.0, ""173"": 0.0, ""159"": 0.0, ""86"": 0.0, ""15"": 0.0, ""206"": 0.0, ""178"": 0.0, ""202"": 0.0, ""158"": 0.0, ""19"": 0.0, ""99"": 0.01, ""231"": 0.0, ""97"": 0.01, ""219"": 0.0, ""52"": 0.0, ""54"": 0.0, ""9"": 0.0, ""31"": 0.0, ""94"": 0.0, ""218"": 0.0, ""222"": 0.0, ""155"": 0.0, ""66"": 0.0, ""122"": 0.0, ""168"": 0.0, ""21"": 0.0, ""104"": 0.0, ""184"": 0.0, ""11"": 0.0, ""0"": 0.0, ""101"": 0.0, ""37"": 0.0, ""100"": 0.0, ""164"": 0.0, ""119"": 0.0, ""205"": 0.0, ""151"": 0.0, ""223"": 0.0, ""30"": 0.0, ""198"": 0.0, ""165"": 0.0, ""143"": 0.0, ""20"": 0.0, ""189"": 0.0, ""45"": 0.0, ""69"": 0.0, ""89"": 0.0, ""192"": 0.0, ""84"": 0.0, ""34"": 0.0, ""82"": 0.0, ""36"": 0.0}",jev-1.13.0,da3cd382ba5f3c5ef83585c14cca253645e456af2506e47e6a8624572495ec2e
semantic-short:bge-boundaries:60-180:q70:v1:2397177249:000004435280-000004503720,120,semantic:bge:leaf-local-6-2:42:120,AI odava kasutuselevõtu ja eksporti,0.44,0.43,"{""149"": 0.0, ""150"": 0.0, ""183"": 0.0, ""192"": 0.0, ""41"": 0.0, ""74"": 0.0, ""78"": 0.0, ""185"": 0.0, ""116"": 0.0, ""196"": 0.0, ""72"": 0.0, ""153"": 0.0, ""152"": 0.0, ""134"": 0.0, ""11"": 0.0, ""18"": 0.0, ""105"": 0.0, ""163"": 0.0, ""221"": 0.0, ""71"": 0.0, ""103"": 0.0, ""73"": 0.0, ""198"": 0.0, ""38"": 0.0, ""167"": 0.0, ""165"": 0.0, ""157"": 0.12, ""124"": 0.0, ""68"": 0.0, ""28"": 0.0, ""193"": 0.0, ""22"": 0.0, ""178"": 0.0, ""67"": 0.0, ""106"": 0.0, ""21"": 0.0, ""66"": 0.0, ""128"": 0.0, ""205"": 0.0, ""140"": 0.0, ""202"": 0.0, ""25"": 0.0, ""33"": 0.0, ""200"": 0.0, ""48"": 0.0, ""204"": 0.0, ""6"": 0.0, ""56"": 0.0, ""137"": 0.0, ""119"": 0.0, ""206"": 0.0, ""5"": 0.0, ""90"": 0.0, ""210"": 0.0, ""93"": 0.0, ""30"": 0.0, ""-1"": 0.3, ""112"": 0.0, ""8"": 0.0, ""60"": 0.02, ""126"": 0.0, ""96"": 0.0, ""118"": 0.0, ""4"": 0.0, ""77"": 0.0, ""122"": 0.0, ""233"": 0.0, ""127"": 0.0, ""97"": 0.0, ""45"": 0.0, ""166"": 0.0, ""207"": 0.0, ""148"": 0.0, ""231"": 0.0, ""52"": 0.0, ""58"": 0.0, ""229"": 0.0, ""50"": 0.0, ""169"": 0.0, ""32"": 0.0, ""14"": 0.0, ""213"": 0.0, ""181"": 0.0, ""173"": 0.0, ""100"": 0.0, ""175"": 0.0, ""214"": 0.0, ""145"": 0.0, ""146"": 0.0, ""141"": 0.0, ""37"": 0.0, ""189"": 0.0, ""201"": 0.01, ""98"": 0.0, ""160"": 0.0, ""43"": 0.0, ""182"": 0.0, ""224"": 0.0, ""136"": 0.0, ""2"": 0.0, ""232"": 0.0, ""174"": 0.0, ""121"": 0.0, ""234"": 0.05, ""211"": 0.0, ""138"": 0.0, ""114"": 0.0, ""132"": 0.0, ""85"": 0.0, ""53"": 0.0, ""139"": 0.0, ""107"": 0.0, ""1"": 0.0, ""203"": 0.0, ""84"": 0.0, ""133"": 0.0, ""20"": 0.0, ""162"": 0.0, ""94"": 0.0, ""7"": 0.0, ""223"": 0.0, ""88"": 0.0, ""215"": 0.0, ""23"": 0.0, ""158"": 0.0, ""177"": 0.0, ""186"": 0.05, ""40"": 0.0, ""222"": 0.0, ""111"": 0.0, ""151"": 0.0, ""147"": 0.0, ""64"": 0.0, ""218"": 0.0, ""13"": 0.0, ""87"": 0.0, ""209"": 0.0, ""80"": 0.0, ""172"": 0.0, ""164"": 0.0, ""19"": 0.0, ""225"": 0.0, ""108"": 0.0, ""81"": 0.0, ""154"": 0.0, ""102"": 0.0, ""212"": 0.0, ""82"": 0.0, ""228"": 0.0, ""44"": 0.0, ""191"": 0.0, ""216"": 0.0, ""47"": 0.0, ""217"": 0.0, ""0"": 0.0, ""220"": 0.0, ""57"": 0.0, ""59"": 0.0, ""109"": 0.0, ""176"": 0.0, ""219"": 0.0, ""86"": 0.0, ""170"": 0.0, ""171"": 0.0, ""199"": 0.0, ""123"": 0.0, ""230"": 0.0, ""46"": 0.0, ""39"": 0.0, ""129"": 0.0, ""143"": 0.0, ""125"": 0.0, ""190"": 0.0, ""42"": 0.0, ""95"": 0.0, ""55"": 0.0, ""62"": 0.0, ""156"": 0.0, ""161"": 0.0, ""195"": 0.0, ""61"": 0.0, ""194"": 0.0, ""27"": 0.0, ""113"": 0.0, ""130"": 0.0, ""12"": 0.0, ""3"": 0.0, ""51"": 0.0, ""159"": 0.0, ""16"": 0.0, ""99"": 0.0, ""29"": 0.0, ""89"": 0.0, ""144"": 0.0, ""9"": 0.0, ""69"": 0.0, ""120"": 0.44, ""117"": 0.0, ""197"": 0.0, ""104"": 0.0, ""92"": 0.0, ""91"": 0.0, ""63"": 0.0, ""179"": 0.0, ""168"": 0.0, ""26"": 0.0, ""110"": 0.0, ""83"": 0.0, ""65"": 0.0, ""35"": 0.0, ""187"": 0.0, ""24"": 0.0, ""155"": 0.0, ""184"": 0.0, ""76"": 0.0, ""115"": 0.0, ""79"": 0.0, ""15"": 0.0, ""226"": 0.0, ""34"": 0.0, ""49"": 0.01, ""10"": 0.0, ""101"": 0.0, ""75"": 0.0, ""235"": 0.0, ""227"": 0.0, ""36"": 0.0, ""131"": 0.0, ""70"": 0.0, ""188"": 0.0, ""142"": 0.0, ""54"": 0.0, ""17"": 0.0, ""180"": 0.0, ""31"": 0.0, ""208"": 0.0, ""135"": 0.0}",jev-1.13.0,1df85063cbb2920e1405f0593aabf4bd8e8af637fba142aa279eec92c22702c5
semantic-short:bge-boundaries:60-180:q70:v1:2397177249:000004503720-000004600600,120,semantic:bge:leaf-local-6-2:42:120,AI odava kasutuselevõtu ja eksporti,0.84,0.83,"{""198"": 0.0, ""104"": 0.0, ""2"": 0.0, ""193"": 0.0, ""202"": 0.0, ""234"": 0.03, ""65"": 0.0, ""34"": 0.0, ""71"": 0.0, ""4"": 0.0, ""124"": 0.0, ""160"": 0.0, ""131"": 0.0, ""204"": 0.0, ""106"": 0.0, ""212"": 0.0, ""93"": 0.0, ""79"": 0.0, ""98"": 0.0, ""63"": 0.0, ""119"": 0.0, ""177"": 0.0, ""217"": 0.0, ""3"": 0.0, ""189"": 0.0, ""152"": 0.0, ""78"": 0.0, ""118"": 0.0, ""225"": 0.0, ""9"": 0.0, ""114"": 0.0, ""27"": 0.0, ""26"": 0.0, ""221"": 0.0, ""53"": 0.0, ""40"": 0.0, ""178"": 0.0, ""157"": 0.02, ""21"": 0.0, ""181"": 0.0, ""62"": 0.0, ""94"": 0.0, ""147"": 0.0, ""123"": 0.0, ""33"": 0.0, ""7"": 0.0, ""30"": 0.0, ""172"": 0.0, ""91"": 0.0, ""54"": 0.0, ""59"": 0.0, ""77"": 0.0, ""215"": 0.0, ""66"": 0.0, ""16"": 0.0, ""42"": 0.0, ""117"": 0.0, ""159"": 0.0, ""35"": 0.0, ""76"": 0.0, ""116"": 0.0, ""10"": 0.0, ""196"": 0.0, ""233"": 0.0, ""37"": 0.0, ""201"": 0.0, ""224"": 0.0, ""99"": 0.0, ""135"": 0.0, ""191"": 0.0, ""228"": 0.0, ""235"": 0.0, ""-1"": 0.01, ""110"": 0.0, ""89"": 0.0, ""5"": 0.0, ""220"": 0.0, ""133"": 0.0, ""168"": 0.0, ""162"": 0.0, ""208"": 0.0, ""163"": 0.0, ""61"": 0.0, ""195"": 0.0, ""102"": 0.0, ""200"": 0.0, ""68"": 0.0, ""158"": 0.0, ""231"": 0.0, ""171"": 0.0, ""145"": 0.0, ""90"": 0.0, ""36"": 0.0, ""80"": 0.0, ""211"": 0.0, ""45"": 0.0, ""174"": 0.0, ""232"": 0.0, ""95"": 0.0, ""146"": 0.0, ""67"": 0.0, ""164"": 0.0, ""32"": 0.0, ""156"": 0.0, ""75"": 0.0, ""31"": 0.0, ""22"": 0.0, ""0"": 0.0, ""203"": 0.0, ""190"": 0.0, ""81"": 0.0, ""111"": 0.0, ""153"": 0.0, ""83"": 0.0, ""206"": 0.0, ""70"": 0.0, ""197"": 0.0, ""223"": 0.0, ""173"": 0.0, ""58"": 0.0, ""227"": 0.0, ""175"": 0.0, ""97"": 0.0, ""8"": 0.0, ""109"": 0.0, ""25"": 0.0, ""161"": 0.0, ""19"": 0.0, ""130"": 0.0, ""194"": 0.0, ""149"": 0.0, ""226"": 0.0, ""14"": 0.0, ""92"": 0.0, ""219"": 0.0, ""86"": 0.0, ""142"": 0.0, ""125"": 0.0, ""205"": 0.0, ""134"": 0.0, ""182"": 0.0, ""144"": 0.0, ""128"": 0.0, ""49"": 0.0, ""103"": 0.0, ""44"": 0.0, ""126"": 0.0, ""57"": 0.0, ""179"": 0.0, ""51"": 0.0, ""23"": 0.0, ""132"": 0.0, ""55"": 0.0, ""64"": 0.0, ""138"": 0.0, ""11"": 0.0, ""230"": 0.0, ""155"": 0.0, ""112"": 0.0, ""218"": 0.0, ""52"": 0.0, ""85"": 0.0, ""214"": 0.0, ""50"": 0.0, ""15"": 0.0, ""139"": 0.0, ""121"": 0.0, ""60"": 0.0, ""38"": 0.0, ""169"": 0.0, ""29"": 0.0, ""41"": 0.0, ""207"": 0.0, ""167"": 0.0, ""69"": 0.0, ""199"": 0.0, ""72"": 0.0, ""229"": 0.0, ""13"": 0.0, ""43"": 0.0, ""74"": 0.0, ""140"": 0.0, ""209"": 0.0, ""1"": 0.0, ""82"": 0.0, ""20"": 0.0, ""101"": 0.0, ""88"": 0.0, ""96"": 0.0, ""100"": 0.0, ""108"": 0.0, ""87"": 0.0, ""129"": 0.0, ""186"": 0.09999999999999999, ""48"": 0.0, ""47"": 0.0, ""141"": 0.0, ""56"": 0.0, ""137"": 0.0, ""122"": 0.0, ""150"": 0.0, ""183"": 0.0, ""12"": 0.0, ""151"": 0.0, ""127"": 0.0, ""213"": 0.0, ""210"": 0.0, ""120"": 0.84, ""113"": 0.0, ""188"": 0.0, ""222"": 0.0, ""180"": 0.0, ""107"": 0.0, ""165"": 0.0, ""28"": 0.0, ""46"": 0.0, ""39"": 0.0, ""17"": 0.0, ""192"": 0.0, ""170"": 0.0, ""148"": 0.0, ""18"": 0.0, ""176"": 0.0, ""143"": 0.0, ""216"": 0.0, ""154"": 0.0, ""105"": 0.0, ""187"": 0.0, ""84"": 0.0, ""73"": 0.0, ""166"": 0.0, ""184"": 0.0, ""24"": 0.0, ""6"": 0.0, ""115"": 0.0, ""185"": 0.0, ""136"": 0.0}",jev-1.13.0,8904cbc4529372466160f981cfd088bbe17460a745d9518406385f31ed981cc6
semantic-short:bge-boundaries:60-180:q70:v1:2397177249:000004600600-000004759960,120,semantic:bge:leaf-local-6-2:42:120,AI odava kasutuselevõtu ja eksporti,0.98,0.97,"{""171"": 0.0, ""89"": 0.0, ""61"": 0.0, ""114"": 0.0, ""210"": 0.0, ""107"": 0.0, ""224"": 0.0, ""162"": 0.0, ""187"": 0.0, ""65"": 0.0, ""28"": 0.0, ""77"": 0.0, ""79"": 0.0, ""115"": 0.0, ""91"": 0.0, ""104"": 0.0, ""-1"": 0.0, ""76"": 0.0, ""206"": 0.0, ""72"": 0.0, ""219"": 0.0, ""84"": 0.0, ""181"": 0.0, ""151"": 0.0, ""176"": 0.0, ""50"": 0.0, ""101"": 0.0, ""14"": 0.0, ""184"": 0.0, ""113"": 0.0, ""234"": 0.0, ""54"": 0.0, ""150"": 0.0, ""37"": 0.0, ""118"": 0.0, ""64"": 0.0, ""4"": 0.0, ""155"": 0.0, ""25"": 0.0, ""217"": 0.0, ""47"": 0.0, ""78"": 0.0, ""2"": 0.0, ""17"": 0.0, ""40"": 0.0, ""182"": 0.0, ""136"": 0.0, ""230"": 0.0, ""130"": 0.0, ""15"": 0.0, ""110"": 0.0, ""183"": 0.0, ""42"": 0.0, ""51"": 0.0, ""111"": 0.0, ""196"": 0.0, ""179"": 0.0, ""103"": 0.0, ""125"": 0.0, ""52"": 0.0, ""99"": 0.0, ""95"": 0.0, ""32"": 0.0, ""213"": 0.0, ""195"": 0.0, ""3"": 0.0, ""75"": 0.0, ""133"": 0.0, ""123"": 0.0, ""12"": 0.0, ""180"": 0.0, ""92"": 0.0, ""186"": 0.02, ""18"": 0.0, ""228"": 0.0, ""94"": 0.0, ""232"": 0.0, ""58"": 0.0, ""167"": 0.0, ""120"": 0.98, ""144"": 0.0, ""202"": 0.0, ""161"": 0.0, ""149"": 0.0, ""165"": 0.0, ""116"": 0.0, ""222"": 0.0, ""215"": 0.0, ""205"": 0.0, ""96"": 0.0, ""169"": 0.0, ""158"": 0.0, ""33"": 0.0, ""121"": 0.0, ""170"": 0.0, ""220"": 0.0, ""86"": 0.0, ""109"": 0.0, ""214"": 0.0, ""188"": 0.0, ""128"": 0.0, ""168"": 0.0, ""10"": 0.0, ""29"": 0.0, ""139"": 0.0, ""20"": 0.0, ""164"": 0.0, ""35"": 0.0, ""34"": 0.0, ""98"": 0.0, ""153"": 0.0, ""134"": 0.0, ""124"": 0.0, ""82"": 0.0, ""93"": 0.0, ""172"": 0.0, ""154"": 0.0, ""24"": 0.0, ""218"": 0.0, ""43"": 0.0, ""177"": 0.0, ""85"": 0.0, ""178"": 0.0, ""68"": 0.0, ""80"": 0.0, ""67"": 0.0, ""45"": 0.0, ""137"": 0.0, ""204"": 0.0, ""30"": 0.0, ""227"": 0.0, ""166"": 0.0, ""63"": 0.0, ""140"": 0.0, ""88"": 0.0, ""108"": 0.0, ""156"": 0.0, ""216"": 0.0, ""145"": 0.0, ""194"": 0.0, ""5"": 0.0, ""21"": 0.0, ""157"": 0.0, ""8"": 0.0, ""192"": 0.0, ""87"": 0.0, ""142"": 0.0, ""141"": 0.0, ""0"": 0.0, ""26"": 0.0, ""146"": 0.0, ""60"": 0.0, ""7"": 0.0, ""126"": 0.0, ""209"": 0.0, ""81"": 0.0, ""57"": 0.0, ""233"": 0.0, ""38"": 0.0, ""226"": 0.0, ""13"": 0.0, ""152"": 0.0, ""147"": 0.0, ""159"": 0.0, ""173"": 0.0, ""174"": 0.0, ""112"": 0.0, ""66"": 0.0, ""6"": 0.0, ""49"": 0.0, ""90"": 0.0, ""73"": 0.0, ""46"": 0.0, ""175"": 0.0, ""221"": 0.0, ""201"": 0.0, ""44"": 0.0, ""223"": 0.0, ""163"": 0.0, ""23"": 0.0, ""1"": 0.0, ""62"": 0.0, ""36"": 0.0, ""71"": 0.0, ""48"": 0.0, ""100"": 0.0, ""197"": 0.0, ""122"": 0.0, ""160"": 0.0, ""97"": 0.0, ""41"": 0.0, ""193"": 0.0, ""135"": 0.0, ""83"": 0.0, ""39"": 0.0, ""119"": 0.0, ""212"": 0.0, ""19"": 0.0, ""138"": 0.0, ""199"": 0.0, ""191"": 0.0, ""203"": 0.0, ""9"": 0.0, ""27"": 0.0, ""31"": 0.0, ""74"": 0.0, ""143"": 0.0, ""106"": 0.0, ""117"": 0.0, ""102"": 0.0, ""131"": 0.0, ""200"": 0.0, ""207"": 0.0, ""69"": 0.0, ""55"": 0.0, ""198"": 0.0, ""185"": 0.0, ""235"": 0.0, ""208"": 0.0, ""70"": 0.0, ""56"": 0.0, ""225"": 0.0, ""59"": 0.0, ""190"": 0.0, ""132"": 0.0, ""229"": 0.0, ""22"": 0.0, ""231"": 0.0, ""129"": 0.0, ""148"": 0.0, ""11"": 0.0, ""16"": 0.0, ""105"": 0.0, ""127"": 0.0, ""189"": 0.0, ""211"": 0.0, ""53"": 0.0}",jev-1.13.0,ef018ee6de70628232b105844402de173bacbce4cdf9b82c8e6a12bd9ef50cb6
semantic-short:bge-boundaries:60-180:q70:v1:2397177249:000004759960-000004921920,171,semantic:bge:leaf-local-6-2:42:171,Tehisintellekti kasutus kooliõppes,0.55,0.53,"{""10"": 0.0, ""193"": 0.0, ""117"": 0.0, ""114"": 0.0, ""14"": 0.0, ""131"": 0.0, ""167"": 0.0, ""51"": 0.0, ""206"": 0.0, ""225"": 0.0, ""125"": 0.0, ""180"": 0.0, ""197"": 0.0, ""127"": 0.0, ""185"": 0.0, ""49"": 0.0, ""3"": 0.0, ""192"": 0.0, ""166"": 0.0, ""98"": 0.0, ""221"": 0.0, ""160"": 0.0, ""34"": 0.0, ""146"": 0.0, ""8"": 0.0, ""80"": 0.0, ""218"": 0.0, ""79"": 0.0, ""148"": 0.0, ""85"": 0.0, ""152"": 0.0, ""162"": 0.0, ""198"": 0.0, ""124"": 0.0, ""109"": 0.0, ""200"": 0.0, ""153"": 0.0, ""121"": 0.0, ""220"": 0.0, ""58"": 0.0, ""196"": 0.0, ""156"": 0.0, ""94"": 0.0, ""20"": 0.0, ""74"": 0.0, ""226"": 0.0, ""61"": 0.0, ""48"": 0.0, ""16"": 0.0, ""230"": 0.0, ""69"": 0.0, ""99"": 0.0, ""75"": 0.0, ""0"": 0.0, ""116"": 0.0, ""212"": 0.0, ""235"": 0.0, ""134"": 0.0, ""26"": 0.0, ""102"": 0.0, ""217"": 0.0, ""211"": 0.0, ""118"": 0.0, ""62"": 0.0, ""12"": 0.0, ""54"": 0.0, ""233"": 0.0, ""165"": 0.0, ""161"": 0.0, ""40"": 0.0, ""100"": 0.0, ""189"": 0.0, ""133"": 0.0, ""59"": 0.0, ""30"": 0.0, ""50"": 0.0, ""210"": 0.0, ""53"": 0.0, ""139"": 0.01, ""76"": 0.0, ""229"": 0.0, ""142"": 0.0, ""119"": 0.0, ""150"": 0.0, ""6"": 0.0, ""145"": 0.35000000000000003, ""137"": 0.0, ""179"": 0.0, ""155"": 0.0, ""91"": 0.0, ""9"": 0.01, ""187"": 0.0, ""101"": 0.0, ""135"": 0.0, ""97"": 0.0, ""23"": 0.0, ""1"": 0.0, ""47"": 0.0, ""208"": 0.0, ""174"": 0.0, ""57"": 0.0, ""19"": 0.0, ""39"": 0.0, ""188"": 0.0, ""224"": 0.0, ""27"": 0.0, ""216"": 0.0, ""72"": 0.0, ""35"": 0.0, ""90"": 0.0, ""154"": 0.0, ""175"": 0.0, ""203"": 0.0, ""159"": 0.0, ""205"": 0.0, ""138"": 0.0, ""140"": 0.0, ""194"": 0.0, ""38"": 0.0, ""56"": 0.0, ""77"": 0.0, ""123"": 0.0, ""2"": 0.0, ""24"": 0.0, ""68"": 0.0, ""92"": 0.0, ""43"": 0.0, ""168"": 0.0, ""96"": 0.0, ""213"": 0.0, ""113"": 0.0, ""171"": 0.55, ""33"": 0.0, ""128"": 0.0, ""22"": 0.0, ""13"": 0.0, ""111"": 0.0, ""234"": 0.06999999999999999, ""181"": 0.0, ""231"": 0.0, ""129"": 0.0, ""223"": 0.0, ""83"": 0.0, ""195"": 0.0, ""173"": 0.0, ""103"": 0.0, ""147"": 0.0, ""190"": 0.0, ""199"": 0.0, ""191"": 0.0, ""37"": 0.0, ""106"": 0.0, ""66"": 0.0, ""141"": 0.0, ""201"": 0.0, ""122"": 0.0, ""209"": 0.0, ""172"": 0.0, ""46"": 0.0, ""126"": 0.0, ""151"": 0.0, ""143"": 0.0, ""82"": 0.0, ""232"": 0.0, ""41"": 0.0, ""105"": 0.0, ""15"": 0.0, ""60"": 0.0, ""64"": 0.0, ""31"": 0.0, ""132"": 0.0, ""55"": 0.0, ""65"": 0.0, ""176"": 0.0, ""136"": 0.0, ""219"": 0.0, ""17"": 0.0, ""157"": 0.0, ""70"": 0.0, ""163"": 0.0, ""25"": 0.0, ""36"": 0.0, ""28"": 0.0, ""21"": 0.0, ""108"": 0.0, ""169"": 0.0, ""11"": 0.0, ""67"": 0.0, ""158"": 0.0, ""228"": 0.0, ""81"": 0.0, ""186"": 0.0, ""110"": 0.0, ""71"": 0.0, ""95"": 0.0, ""184"": 0.0, ""44"": 0.0, ""78"": 0.0, ""-1"": 0.0, ""112"": 0.0, ""215"": 0.0, ""130"": 0.0, ""84"": 0.0, ""149"": 0.0, ""227"": 0.0, ""104"": 0.0, ""45"": 0.0, ""178"": 0.0, ""7"": 0.0, ""4"": 0.0, ""182"": 0.0, ""93"": 0.0, ""88"": 0.0, ""207"": 0.0, ""107"": 0.0, ""32"": 0.0, ""202"": 0.0, ""86"": 0.0, ""63"": 0.0, ""222"": 0.0, ""73"": 0.0, ""52"": 0.0, ""89"": 0.0, ""164"": 0.0, ""87"": 0.0, ""29"": 0.0, ""120"": 0.0, ""170"": 0.0, ""18"": 0.0, ""144"": 0.0, ""42"": 0.0, ""204"": 0.0, ""115"": 0.0, ""214"": 0.0, ""5"": 0.0, ""183"": 0.0, ""177"": 0.0}",jev-1.13.0,2e9aa332f327e13e590227dd74a89428f7630dd99c2fb7d0acc51a9fe681f3ef
semantic-short:bge-boundaries:60-180:q70:v1:2397177249:000004921920-000004985520,234,semantic:bge:leaf-local-6-2:42:234,AI muudab üksikettevõtluse lihtsamaks,0.32,0.31,"{""25"": 0.0, ""203"": 0.0, ""48"": 0.0, ""107"": 0.0, ""170"": 0.0, ""21"": 0.0, ""13"": 0.0, ""108"": 0.0, ""169"": 0.0, ""83"": 0.0, ""200"": 0.0, ""51"": 0.0, ""98"": 0.0, ""52"": 0.0, ""101"": 0.0, ""49"": 0.0, ""218"": 0.0, ""6"": 0.0, ""17"": 0.0, ""64"": 0.0, ""190"": 0.0, ""163"": 0.0, ""204"": 0.0, ""12"": 0.01, ""2"": 0.0, ""82"": 0.0, ""47"": 0.0, ""228"": 0.0, ""201"": 0.0, ""35"": 0.0, ""155"": 0.0, ""179"": 0.0, ""106"": 0.0, ""95"": 0.0, ""142"": 0.0, ""73"": 0.0, ""75"": 0.0, ""76"": 0.0, ""206"": 0.0, ""45"": 0.0, ""72"": 0.0, ""24"": 0.0, ""189"": 0.0, ""42"": 0.0, ""84"": 0.0, ""27"": 0.0, ""225"": 0.0, ""56"": 0.0, ""222"": 0.0, ""199"": 0.01, ""37"": 0.0, ""212"": 0.0, ""231"": 0.0, ""211"": 0.0, ""121"": 0.0, ""115"": 0.0, ""175"": 0.0, ""132"": 0.0, ""54"": 0.0, ""227"": 0.0, ""61"": 0.0, ""177"": 0.0, ""191"": 0.0, ""92"": 0.0, ""176"": 0.0, ""195"": 0.0, ""63"": 0.0, ""81"": 0.0, ""77"": 0.0, ""157"": 0.0, ""0"": 0.0, ""111"": 0.0, ""66"": 0.0, ""30"": 0.0, ""87"": 0.0, ""213"": 0.0, ""187"": 0.0, ""9"": 0.0, ""74"": 0.0, ""126"": 0.0, ""186"": 0.0, ""90"": 0.0, ""71"": 0.0, ""151"": 0.0, ""232"": 0.0, ""91"": 0.0, ""147"": 0.0, ""14"": 0.0, ""86"": 0.0, ""20"": 0.0, ""136"": 0.0, ""172"": 0.0, ""148"": 0.0, ""15"": 0.0, ""182"": 0.0, ""153"": 0.0, ""113"": 0.0, ""184"": 0.0, ""188"": 0.0, ""185"": 0.0, ""137"": 0.0, ""5"": 0.0, ""29"": 0.0, ""65"": 0.0, ""138"": 0.0, ""19"": 0.0, ""39"": 0.0, ""79"": 0.0, ""134"": 0.0, ""3"": 0.0, ""68"": 0.05, ""44"": 0.0, ""4"": 0.0, ""36"": 0.0, ""160"": 0.0, ""109"": 0.0, ""202"": 0.0, ""208"": 0.0, ""119"": 0.0, ""34"": 0.0, ""78"": 0.0, ""145"": 0.08, ""180"": 0.0, ""85"": 0.0, ""166"": 0.0, ""10"": 0.0, ""99"": 0.0, ""165"": 0.0, ""102"": 0.0, ""57"": 0.0, ""32"": 0.0, ""207"": 0.0, ""150"": 0.0, ""124"": 0.0, ""149"": 0.0, ""116"": 0.01, ""143"": 0.0, ""224"": 0.0, ""173"": 0.0, ""53"": 0.0, ""219"": 0.0, ""112"": 0.0, ""164"": 0.0, ""59"": 0.0, ""31"": 0.0, ""192"": 0.0, ""23"": 0.0, ""216"": 0.0, ""38"": 0.0, ""196"": 0.0, ""233"": 0.0, ""22"": 0.0, ""130"": 0.0, ""194"": 0.0, ""221"": 0.0, ""125"": 0.0, ""234"": 0.32, ""181"": 0.0, ""210"": 0.0, ""110"": 0.0, ""67"": 0.0, ""229"": 0.0, ""158"": 0.0, ""223"": 0.0, ""103"": 0.0, ""156"": 0.0, ""96"": 0.0, ""11"": 0.0, ""60"": 0.0, ""235"": 0.0, ""120"": 0.0, ""152"": 0.0, ""43"": 0.0, ""69"": 0.0, ""28"": 0.0, ""128"": 0.0, ""55"": 0.0, ""168"": 0.0, ""123"": 0.0, ""97"": 0.0, ""129"": 0.0, ""167"": 0.0, ""62"": 0.0, ""214"": 0.0, ""94"": 0.0, ""118"": 0.0, ""100"": 0.0, ""16"": 0.0, ""7"": 0.0, ""197"": 0.0, ""217"": 0.0, ""162"": 0.0, ""171"": 0.18000000000000002, ""140"": 0.0, ""220"": 0.0, ""41"": 0.0, ""230"": 0.0, ""144"": 0.0, ""209"": 0.0, ""146"": 0.0, ""135"": 0.0, ""215"": 0.0, ""33"": 0.0, ""183"": 0.0, ""1"": 0.0, ""114"": 0.0, ""105"": 0.0, ""117"": 0.0, ""104"": 0.0, ""141"": 0.0, ""88"": 0.0, ""93"": 0.0, ""80"": 0.0, ""161"": 0.0, ""89"": 0.0, ""58"": 0.0, ""50"": 0.0, ""205"": 0.0, ""18"": 0.0, ""178"": 0.0, ""154"": 0.0, ""131"": 0.0, ""198"": 0.0, ""127"": 0.0, ""122"": 0.0, ""174"": 0.0, ""8"": 0.0, ""133"": 0.0, ""26"": 0.0, ""40"": 0.0, ""139"": 0.32, ""193"": 0.0, ""70"": 0.0, ""159"": 0.0, ""226"": 0.0, ""46"": 0.0, ""-1"": 0.01}",jev-1.13.0,19bb4aec3a37300734308e588a20c417bb3b6fd6c153c35bc77d5a59e0899823
semantic-short:bge-boundaries:60-180:q70:v1:2397177249:000004985520-000005052880,-1,semantic:bge:leaf-local-6-2:42:-1,Unassigned,0.3,0.29,"{""104"": 0.0, ""63"": 0.0, ""64"": 0.0, ""175"": 0.0, ""22"": 0.0, ""231"": 0.0, ""4"": 0.0, ""26"": 0.0, ""85"": 0.0, ""36"": 0.0, ""147"": 0.0, ""173"": 0.0, ""185"": 0.0, ""23"": 0.0, ""203"": 0.0, ""94"": 0.0, ""92"": 0.0, ""212"": 0.0, ""159"": 0.0, ""86"": 0.0, ""189"": 0.0, ""65"": 0.0, ""168"": 0.0, ""119"": 0.0, ""113"": 0.0, ""166"": 0.0, ""53"": 0.0, ""68"": 0.0, ""135"": 0.0, ""198"": 0.0, ""144"": 0.0, ""108"": 0.0, ""41"": 0.0, ""100"": 0.0, ""54"": 0.0, ""127"": 0.0, ""163"": 0.0, ""172"": 0.0, ""121"": 0.0, ""109"": 0.0, ""45"": 0.0, ""136"": 0.0, ""190"": 0.0, ""178"": 0.0, ""151"": 0.0, ""52"": 0.0, ""225"": 0.0, ""165"": 0.0, ""47"": 0.0, ""148"": 0.0, ""42"": 0.0, ""34"": 0.0, ""182"": 0.0, ""131"": 0.0, ""75"": 0.0, ""143"": 0.0, ""90"": 0.0, ""125"": 0.0, ""24"": 0.0, ""230"": 0.0, ""102"": 0.0, ""171"": 0.060000000000000005, ""60"": 0.0, ""124"": 0.0, ""177"": 0.0, ""2"": 0.0, ""58"": 0.0, ""161"": 0.0, ""67"": 0.0, ""110"": 0.0, ""134"": 0.0, ""140"": 0.0, ""154"": 0.0, ""28"": 0.0, ""39"": 0.0, ""194"": 0.0, ""207"": 0.0, ""186"": 0.0, ""218"": 0.0, ""228"": 0.0, ""133"": 0.0, ""195"": 0.0, ""56"": 0.0, ""155"": 0.0, ""83"": 0.0, ""226"": 0.0, ""111"": 0.0, ""84"": 0.0, ""96"": 0.0, ""69"": 0.0, ""132"": 0.0, ""15"": 0.0, ""162"": 0.0, ""1"": 0.0, ""12"": 0.0, ""44"": 0.0, ""72"": 0.0, ""5"": 0.0, ""152"": 0.0, ""13"": 0.0, ""101"": 0.0, ""179"": 0.0, ""196"": 0.0, ""27"": 0.0, ""20"": 0.0, ""220"": 0.0, ""191"": 0.0, ""112"": 0.0, ""97"": 0.0, ""117"": 0.0, ""206"": 0.0, ""139"": 0.02, ""216"": 0.0, ""205"": 0.0, ""116"": 0.0, ""199"": 0.23, ""202"": 0.0, ""149"": 0.0, ""192"": 0.0, ""105"": 0.0, ""211"": 0.0, ""181"": 0.0, ""170"": 0.03, ""38"": 0.0, ""71"": 0.0, ""88"": 0.0, ""197"": 0.0, ""106"": 0.0, ""16"": 0.0, ""157"": 0.0, ""156"": 0.0, ""19"": 0.0, ""210"": 0.0, ""146"": 0.0, ""164"": 0.0, ""91"": 0.0, ""48"": 0.0, ""59"": 0.0, ""153"": 0.0, ""128"": 0.0, ""76"": 0.09, ""115"": 0.0, ""118"": 0.0, ""158"": 0.0, ""93"": 0.0, ""209"": 0.02, ""37"": 0.0, ""25"": 0.0, ""138"": 0.0, ""30"": 0.0, ""130"": 0.0, ""142"": 0.0, ""232"": 0.0, ""141"": 0.0, ""74"": 0.0, ""10"": 0.0, ""114"": 0.0, ""213"": 0.0, ""7"": 0.0, ""187"": 0.0, ""217"": 0.0, ""35"": 0.0, ""78"": 0.0, ""169"": 0.0, ""183"": 0.0, ""180"": 0.0, ""70"": 0.0, ""50"": 0.0, ""219"": 0.0, ""223"": 0.0, ""208"": 0.0, ""120"": 0.02, ""87"": 0.0, ""31"": 0.0, ""80"": 0.0, ""79"": 0.0, ""123"": 0.0, ""43"": 0.0, ""33"": 0.0, ""227"": 0.0, ""66"": 0.0, ""188"": 0.0, ""204"": 0.0, ""229"": 0.0, ""40"": 0.0, ""107"": 0.0, ""51"": 0.0, ""81"": 0.0, ""200"": 0.0, ""176"": 0.0, ""224"": 0.0, ""201"": 0.0, ""150"": 0.0, ""73"": 0.0, ""145"": 0.04, ""129"": 0.0, ""77"": 0.0, ""57"": 0.0, ""17"": 0.0, ""174"": 0.0, ""184"": 0.0, ""0"": 0.0, ""214"": 0.0, ""-1"": 0.3, ""98"": 0.01, ""62"": 0.0, ""122"": 0.0, ""46"": 0.0, ""103"": 0.0, ""235"": 0.0, ""193"": 0.0, ""99"": 0.01, ""89"": 0.0, ""11"": 0.0, ""82"": 0.0, ""18"": 0.0, ""9"": 0.02, ""21"": 0.0, ""29"": 0.0, ""215"": 0.0, ""6"": 0.0, ""61"": 0.0, ""14"": 0.0, ""222"": 0.0, ""55"": 0.0, ""8"": 0.0, ""137"": 0.0, ""95"": 0.0, ""167"": 0.0, ""160"": 0.0, ""32"": 0.0, ""233"": 0.0, ""3"": 0.0, ""49"": 0.12, ""126"": 0.0, ""234"": 0.03, ""221"": 0.0}",jev-1.13.0,0cf304511c62d86573a0e2cffb9c2ddc0476b5f44e85dd913518cad793b03542
semantic-short:bge-boundaries:60-180:q70:v1:2397177249:000005052880-000005149440,234,semantic:bge:leaf-local-6-2:42:234,AI muudab üksikettevõtluse lihtsamaks,0.32,0.31,"{""115"": 0.0, ""131"": 0.0, ""169"": 0.0, ""41"": 0.0, ""58"": 0.0, ""38"": 0.0, ""26"": 0.0, ""87"": 0.0, ""0"": 0.0, ""204"": 0.0, ""19"": 0.0, ""88"": 0.0, ""97"": 0.0, ""91"": 0.0, ""25"": 0.0, ""203"": 0.0, ""104"": 0.0, ""189"": 0.0, ""59"": 0.0, ""235"": 0.0, ""168"": 0.0, ""173"": 0.0, ""125"": 0.0, ""66"": 0.0, ""62"": 0.0, ""79"": 0.0, ""225"": 0.0, ""114"": 0.0, ""51"": 0.0, ""137"": 0.0, ""35"": 0.0, ""175"": 0.0, ""39"": 0.0, ""188"": 0.0, ""171"": 0.0, ""193"": 0.0, ""221"": 0.0, ""7"": 0.0, ""-1"": 0.22, ""185"": 0.0, ""129"": 0.0, ""107"": 0.0, ""49"": 0.0, ""84"": 0.0, ""183"": 0.0, ""192"": 0.0, ""202"": 0.0, ""73"": 0.0, ""82"": 0.02, ""196"": 0.0, ""37"": 0.0, ""194"": 0.0, ""234"": 0.32, ""160"": 0.0, ""14"": 0.0, ""112"": 0.0, ""56"": 0.0, ""30"": 0.0, ""142"": 0.0, ""89"": 0.0, ""118"": 0.0, ""187"": 0.0, ""219"": 0.0, ""69"": 0.0, ""132"": 0.0, ""123"": 0.0, ""53"": 0.0, ""67"": 0.0, ""120"": 0.02, ""70"": 0.0, ""182"": 0.0, ""92"": 0.0, ""75"": 0.0, ""105"": 0.0, ""20"": 0.0, ""101"": 0.0, ""148"": 0.0, ""81"": 0.0, ""139"": 0.0, ""224"": 0.0, ""210"": 0.0, ""47"": 0.0, ""9"": 0.0, ""152"": 0.0, ""150"": 0.0, ""80"": 0.0, ""233"": 0.0, ""93"": 0.0, ""215"": 0.0, ""29"": 0.0, ""50"": 0.0, ""191"": 0.0, ""223"": 0.0, ""143"": 0.0, ""208"": 0.0, ""149"": 0.0, ""174"": 0.0, ""232"": 0.0, ""147"": 0.0, ""212"": 0.0, ""78"": 0.0, ""31"": 0.0, ""122"": 0.0, ""200"": 0.0, ""216"": 0.0, ""74"": 0.0, ""86"": 0.0, ""102"": 0.0, ""155"": 0.0, ""12"": 0.0, ""61"": 0.0, ""98"": 0.0, ""64"": 0.02, ""72"": 0.0, ""77"": 0.0, ""156"": 0.0, ""33"": 0.0, ""178"": 0.0, ""46"": 0.0, ""222"": 0.0, ""127"": 0.0, ""121"": 0.0, ""167"": 0.0, ""16"": 0.0, ""108"": 0.0, ""144"": 0.0, ""207"": 0.0, ""44"": 0.0, ""4"": 0.0, ""157"": 0.03, ""63"": 0.0, ""135"": 0.0, ""181"": 0.0, ""199"": 0.0, ""179"": 0.0, ""36"": 0.0, ""85"": 0.0, ""42"": 0.0, ""113"": 0.0, ""162"": 0.0, ""48"": 0.0, ""6"": 0.0, ""161"": 0.0, ""60"": 0.0, ""217"": 0.0, ""166"": 0.0, ""209"": 0.0, ""180"": 0.0, ""151"": 0.0, ""158"": 0.0, ""205"": 0.0, ""3"": 0.0, ""124"": 0.0, ""214"": 0.0, ""32"": 0.0, ""43"": 0.0, ""116"": 0.0, ""52"": 0.0, ""198"": 0.0, ""176"": 0.0, ""96"": 0.0, ""227"": 0.0, ""226"": 0.0, ""146"": 0.0, ""138"": 0.0, ""218"": 0.0, ""213"": 0.0, ""40"": 0.0, ""136"": 0.0, ""24"": 0.0, ""8"": 0.0, ""17"": 0.0, ""130"": 0.0, ""170"": 0.0, ""21"": 0.0, ""83"": 0.0, ""220"": 0.0, ""190"": 0.0, ""27"": 0.0, ""94"": 0.0, ""145"": 0.0, ""172"": 0.0, ""228"": 0.0, ""18"": 0.0, ""110"": 0.0, ""45"": 0.0, ""230"": 0.0, ""163"": 0.0, ""23"": 0.0, ""15"": 0.0, ""231"": 0.0, ""2"": 0.0, ""34"": 0.0, ""90"": 0.0, ""141"": 0.0, ""165"": 0.0, ""197"": 0.0, ""55"": 0.0, ""153"": 0.0, ""103"": 0.0, ""154"": 0.0, ""109"": 0.0, ""211"": 0.0, ""195"": 0.0, ""106"": 0.0, ""13"": 0.0, ""57"": 0.0, ""1"": 0.0, ""201"": 0.0, ""126"": 0.0, ""68"": 0.03, ""184"": 0.0, ""186"": 0.32, ""28"": 0.0, ""54"": 0.0, ""65"": 0.0, ""100"": 0.0, ""159"": 0.0, ""119"": 0.0, ""128"": 0.0, ""10"": 0.0, ""5"": 0.0, ""133"": 0.0, ""117"": 0.0, ""140"": 0.0, ""206"": 0.0, ""164"": 0.0, ""76"": 0.0, ""134"": 0.0, ""111"": 0.0, ""99"": 0.01, ""22"": 0.0, ""229"": 0.0, ""71"": 0.0, ""11"": 0.0, ""177"": 0.0, ""95"": 0.0}",jev-1.13.0,516c6676188c0797880d53333085db8d8b4e43b326933c1ed68ffcf6412ef63b
semantic-short:bge-boundaries:60-180:q70:v1:2397177249:000005149440-000005276920,186,semantic:bge:leaf-local-6-2:42:186,AI mõju töökorraldusele ja tööturule,0.36,0.34,"{""10"": 0.0, ""193"": 0.0, ""117"": 0.0, ""114"": 0.0, ""14"": 0.0, ""131"": 0.0, ""167"": 0.0, ""51"": 0.0, ""125"": 0.0, ""225"": 0.0, ""206"": 0.0, ""180"": 0.0, ""197"": 0.0, ""185"": 0.0, ""127"": 0.0, ""3"": 0.0, ""49"": 0.0, ""98"": 0.0, ""166"": 0.0, ""192"": 0.0, ""221"": 0.0, ""160"": 0.0, ""34"": 0.0, ""146"": 0.0, ""8"": 0.0, ""80"": 0.0, ""218"": 0.0, ""79"": 0.0, ""148"": 0.0, ""85"": 0.0, ""153"": 0.0, ""162"": 0.0, ""198"": 0.0, ""124"": 0.0, ""109"": 0.0, ""200"": 0.0, ""152"": 0.0, ""121"": 0.0, ""220"": 0.0, ""58"": 0.0, ""196"": 0.0, ""156"": 0.0, ""94"": 0.0, ""20"": 0.0, ""74"": 0.0, ""226"": 0.0, ""61"": 0.0, ""48"": 0.0, ""16"": 0.0, ""230"": 0.0, ""69"": 0.0, ""99"": 0.01, ""75"": 0.0, ""0"": 0.0, ""116"": 0.03, ""212"": 0.0, ""235"": 0.0, ""134"": 0.0, ""26"": 0.0, ""102"": 0.0, ""217"": 0.0, ""211"": 0.0, ""118"": 0.0, ""62"": 0.0, ""12"": 0.02, ""54"": 0.0, ""233"": 0.02, ""165"": 0.0, ""161"": 0.0, ""40"": 0.0, ""100"": 0.0, ""189"": 0.0, ""59"": 0.0, ""133"": 0.0, ""30"": 0.0, ""50"": 0.0, ""210"": 0.0, ""139"": 0.02, ""53"": 0.0, ""76"": 0.0, ""229"": 0.0, ""142"": 0.0, ""119"": 0.0, ""145"": 0.09999999999999999, ""150"": 0.0, ""6"": 0.0, ""137"": 0.0, ""179"": 0.0, ""155"": 0.0, ""91"": 0.0, ""9"": 0.0, ""101"": 0.0, ""187"": 0.0, ""135"": 0.0, ""97"": 0.0, ""23"": 0.0, ""1"": 0.0, ""47"": 0.0, ""208"": 0.0, ""174"": 0.0, ""57"": 0.0, ""27"": 0.0, ""39"": 0.0, ""188"": 0.0, ""216"": 0.0, ""19"": 0.0, ""224"": 0.0, ""159"": 0.0, ""35"": 0.0, ""205"": 0.0, ""154"": 0.0, ""175"": 0.0, ""203"": 0.0, ""90"": 0.0, ""138"": 0.0, ""72"": 0.0, ""140"": 0.0, ""194"": 0.0, ""38"": 0.0, ""56"": 0.0, ""77"": 0.0, ""123"": 0.0, ""2"": 0.0, ""24"": 0.0, ""68"": 0.02, ""92"": 0.0, ""43"": 0.0, ""168"": 0.0, ""96"": 0.0, ""213"": 0.0, ""113"": 0.0, ""171"": 0.0, ""33"": 0.0, ""128"": 0.0, ""22"": 0.0, ""13"": 0.0, ""111"": 0.0, ""234"": 0.13, ""181"": 0.0, ""231"": 0.0, ""129"": 0.0, ""223"": 0.0, ""83"": 0.0, ""195"": 0.0, ""173"": 0.0, ""103"": 0.0, ""147"": 0.0, ""190"": 0.0, ""199"": 0.0, ""191"": 0.0, ""209"": 0.0, ""106"": 0.0, ""66"": 0.0, ""201"": 0.0, ""37"": 0.0, ""122"": 0.0, ""141"": 0.0, ""172"": 0.0, ""46"": 0.0, ""126"": 0.0, ""232"": 0.0, ""143"": 0.0, ""82"": 0.0, ""151"": 0.0, ""15"": 0.0, ""105"": 0.0, ""41"": 0.0, ""60"": 0.02, ""64"": 0.02, ""31"": 0.0, ""132"": 0.0, ""55"": 0.0, ""65"": 0.0, ""176"": 0.0, ""136"": 0.0, ""219"": 0.0, ""17"": 0.0, ""157"": 0.0, ""70"": 0.0, ""163"": 0.0, ""25"": 0.0, ""36"": 0.0, ""28"": 0.0, ""108"": 0.0, ""21"": 0.0, ""169"": 0.0, ""11"": 0.0, ""67"": 0.0, ""158"": 0.0, ""110"": 0.0, ""81"": 0.0, ""186"": 0.36, ""228"": 0.0, ""71"": 0.0, ""95"": 0.0, ""184"": 0.0, ""44"": 0.0, ""78"": 0.0, ""-1"": 0.22, ""112"": 0.0, ""215"": 0.0, ""130"": 0.0, ""84"": 0.0, ""149"": 0.0, ""227"": 0.0, ""104"": 0.0, ""45"": 0.0, ""178"": 0.0, ""7"": 0.0, ""4"": 0.0, ""182"": 0.0, ""93"": 0.0, ""88"": 0.0, ""207"": 0.0, ""107"": 0.0, ""73"": 0.0, ""202"": 0.0, ""86"": 0.0, ""52"": 0.0, ""222"": 0.0, ""32"": 0.0, ""63"": 0.0, ""89"": 0.0, ""164"": 0.0, ""87"": 0.0, ""29"": 0.0, ""120"": 0.03, ""170"": 0.0, ""18"": 0.0, ""144"": 0.0, ""42"": 0.0, ""204"": 0.0, ""177"": 0.0, ""214"": 0.0, ""5"": 0.0, ""183"": 0.0, ""115"": 0.0}",jev-1.13.0,badfe7f367b5208a48da3a5c81e09ca2a528e342347f28f564e679ae7a345b14
semantic-short:bge-boundaries:60-180:q70:v1:2397177249:000005276920-000005343680,-1,semantic:bge:leaf-local-6-2:42:-1,Unassigned,0.79,0.78,"{""149"": 0.0, ""150"": 0.0, ""183"": 0.0, ""192"": 0.0, ""41"": 0.0, ""74"": 0.0, ""196"": 0.0, ""185"": 0.0, ""78"": 0.0, ""116"": 0.0, ""72"": 0.0, ""153"": 0.0, ""152"": 0.0, ""134"": 0.0, ""11"": 0.0, ""18"": 0.0, ""105"": 0.0, ""163"": 0.0, ""221"": 0.0, ""71"": 0.0, ""103"": 0.0, ""73"": 0.0, ""198"": 0.0, ""38"": 0.0, ""167"": 0.0, ""165"": 0.0, ""124"": 0.0, ""157"": 0.0, ""68"": 0.0, ""28"": 0.0, ""193"": 0.0, ""22"": 0.0, ""178"": 0.0, ""67"": 0.0, ""106"": 0.0, ""21"": 0.0, ""66"": 0.0, ""128"": 0.0, ""205"": 0.0, ""140"": 0.0, ""202"": 0.0, ""25"": 0.0, ""33"": 0.0, ""200"": 0.0, ""48"": 0.0, ""204"": 0.0, ""6"": 0.0, ""56"": 0.0, ""119"": 0.0, ""137"": 0.0, ""206"": 0.0, ""5"": 0.0, ""90"": 0.0, ""210"": 0.0, ""93"": 0.0, ""30"": 0.0, ""-1"": 0.79, ""112"": 0.0, ""60"": 0.0, ""8"": 0.0, ""126"": 0.0, ""96"": 0.0, ""118"": 0.0, ""4"": 0.0, ""77"": 0.0, ""122"": 0.0, ""233"": 0.0, ""127"": 0.0, ""97"": 0.0, ""45"": 0.0, ""166"": 0.0, ""207"": 0.0, ""148"": 0.0, ""231"": 0.0, ""52"": 0.0, ""58"": 0.0, ""50"": 0.0, ""229"": 0.0, ""169"": 0.0, ""32"": 0.0, ""14"": 0.0, ""213"": 0.0, ""181"": 0.0, ""173"": 0.0, ""100"": 0.0, ""175"": 0.0, ""214"": 0.0, ""145"": 0.0, ""146"": 0.0, ""141"": 0.0, ""37"": 0.0, ""189"": 0.0, ""201"": 0.0, ""98"": 0.0, ""160"": 0.0, ""43"": 0.0, ""182"": 0.0, ""224"": 0.0, ""136"": 0.0, ""2"": 0.0, ""232"": 0.0, ""174"": 0.0, ""121"": 0.0, ""234"": 0.03, ""211"": 0.0, ""138"": 0.0, ""85"": 0.0, ""132"": 0.0, ""114"": 0.0, ""53"": 0.0, ""139"": 0.0, ""107"": 0.0, ""1"": 0.0, ""203"": 0.0, ""84"": 0.0, ""133"": 0.0, ""223"": 0.0, ""162"": 0.0, ""88"": 0.0, ""94"": 0.0, ""20"": 0.0, ""7"": 0.0, ""215"": 0.0, ""23"": 0.0, ""158"": 0.0, ""177"": 0.0, ""186"": 0.03, ""40"": 0.0, ""222"": 0.0, ""111"": 0.0, ""151"": 0.0, ""64"": 0.0, ""147"": 0.0, ""218"": 0.0, ""13"": 0.0, ""87"": 0.0, ""172"": 0.0, ""80"": 0.0, ""209"": 0.0, ""164"": 0.0, ""108"": 0.0, ""225"": 0.0, ""19"": 0.0, ""81"": 0.0, ""154"": 0.0, ""102"": 0.0, ""212"": 0.0, ""82"": 0.0, ""228"": 0.0, ""44"": 0.0, ""191"": 0.0, ""216"": 0.0, ""47"": 0.0, ""217"": 0.0, ""59"": 0.0, ""220"": 0.0, ""57"": 0.0, ""109"": 0.0, ""0"": 0.0, ""86"": 0.0, ""219"": 0.0, ""176"": 0.0, ""170"": 0.0, ""171"": 0.0, ""199"": 0.05, ""123"": 0.0, ""230"": 0.0, ""46"": 0.0, ""39"": 0.0, ""129"": 0.0, ""143"": 0.0, ""125"": 0.0, ""190"": 0.0, ""42"": 0.0, ""95"": 0.0, ""62"": 0.0, ""55"": 0.0, ""156"": 0.0, ""161"": 0.0, ""195"": 0.0, ""61"": 0.0, ""194"": 0.0, ""27"": 0.0, ""113"": 0.03, ""130"": 0.0, ""12"": 0.0, ""51"": 0.0, ""3"": 0.0, ""99"": 0.0, ""16"": 0.0, ""159"": 0.0, ""29"": 0.0, ""89"": 0.0, ""144"": 0.0, ""9"": 0.0, ""69"": 0.0, ""120"": 0.04, ""117"": 0.0, ""197"": 0.0, ""104"": 0.0, ""91"": 0.0, ""92"": 0.0, ""168"": 0.0, ""179"": 0.0, ""63"": 0.0, ""26"": 0.0, ""110"": 0.0, ""83"": 0.0, ""65"": 0.0, ""35"": 0.0, ""187"": 0.0, ""24"": 0.0, ""184"": 0.0, ""155"": 0.02, ""76"": 0.0, ""115"": 0.0, ""79"": 0.0, ""15"": 0.0, ""226"": 0.0, ""49"": 0.0, ""34"": 0.0, ""10"": 0.0, ""101"": 0.0, ""235"": 0.0, ""75"": 0.0, ""227"": 0.0, ""36"": 0.0, ""131"": 0.0, ""70"": 0.0, ""188"": 0.0, ""142"": 0.0, ""54"": 0.0, ""180"": 0.0, ""17"": 0.0, ""31"": 0.0, ""208"": 0.0, ""135"": 0.0}",jev-1.13.0,f9949c0ee21eaff566e718f472a84b4d5e5dfea2acd825cc604e6f98f4bc16a9
semantic-short:bge-boundaries:60-180:q70:v1:2397177249:000005343680-000005443000,60,semantic:bge:leaf-local-6-2:42:60,andmejärelevalve ja tehisintellekti piirid,0.96,0.95,"{""220"": 0.0, ""138"": 0.0, ""107"": 0.0, ""57"": 0.0, ""82"": 0.0, ""171"": 0.0, ""122"": 0.0, ""116"": 0.0, ""129"": 0.0, ""162"": 0.0, ""146"": 0.0, ""188"": 0.0, ""154"": 0.0, ""3"": 0.0, ""36"": 0.0, ""219"": 0.0, ""71"": 0.0, ""77"": 0.0, ""170"": 0.0, ""52"": 0.0, ""155"": 0.0, ""180"": 0.0, ""131"": 0.0, ""70"": 0.0, ""133"": 0.0, ""110"": 0.0, ""27"": 0.0, ""83"": 0.0, ""73"": 0.0, ""32"": 0.0, ""130"": 0.0, ""12"": 0.0, ""67"": 0.0, ""137"": 0.0, ""134"": 0.0, ""135"": 0.0, ""234"": 0.0, ""182"": 0.0, ""4"": 0.0, ""209"": 0.0, ""14"": 0.0, ""185"": 0.0, ""75"": 0.0, ""176"": 0.0, ""-1"": 0.01, ""51"": 0.0, ""39"": 0.0, ""186"": 0.0, ""225"": 0.0, ""207"": 0.0, ""210"": 0.0, ""87"": 0.0, ""8"": 0.0, ""23"": 0.0, ""151"": 0.0, ""215"": 0.0, ""99"": 0.0, ""192"": 0.0, ""193"": 0.0, ""84"": 0.0, ""235"": 0.0, ""25"": 0.0, ""227"": 0.0, ""5"": 0.0, ""111"": 0.0, ""90"": 0.0, ""204"": 0.0, ""88"": 0.0, ""167"": 0.0, ""156"": 0.0, ""231"": 0.0, ""164"": 0.0, ""34"": 0.0, ""94"": 0.0, ""97"": 0.0, ""228"": 0.0, ""233"": 0.0, ""38"": 0.0, ""89"": 0.0, ""74"": 0.0, ""184"": 0.0, ""213"": 0.0, ""91"": 0.0, ""22"": 0.0, ""150"": 0.0, ""59"": 0.0, ""41"": 0.0, ""169"": 0.0, ""93"": 0.0, ""15"": 0.0, ""139"": 0.0, ""222"": 0.0, ""53"": 0.0, ""68"": 0.0, ""197"": 0.0, ""102"": 0.0, ""183"": 0.0, ""48"": 0.0, ""60"": 0.96, ""26"": 0.0, ""199"": 0.0, ""153"": 0.0, ""44"": 0.0, ""92"": 0.0, ""163"": 0.0, ""221"": 0.0, ""119"": 0.0, ""2"": 0.0, ""1"": 0.0, ""108"": 0.0, ""189"": 0.0, ""30"": 0.0, ""40"": 0.0, ""115"": 0.0, ""230"": 0.0, ""63"": 0.0, ""96"": 0.0, ""178"": 0.0, ""229"": 0.0, ""177"": 0.0, ""202"": 0.0, ""28"": 0.0, ""100"": 0.0, ""124"": 0.0, ""181"": 0.0, ""157"": 0.0, ""120"": 0.0, ""37"": 0.0, ""65"": 0.0, ""104"": 0.0, ""17"": 0.0, ""101"": 0.0, ""127"": 0.0, ""13"": 0.0, ""118"": 0.0, ""10"": 0.0, ""148"": 0.02, ""29"": 0.0, ""201"": 0.0, ""20"": 0.0, ""72"": 0.0, ""11"": 0.0, ""64"": 0.0, ""173"": 0.0, ""81"": 0.0, ""98"": 0.0, ""218"": 0.0, ""190"": 0.0, ""126"": 0.0, ""152"": 0.0, ""69"": 0.0, ""147"": 0.0, ""224"": 0.0, ""174"": 0.0, ""172"": 0.0, ""160"": 0.0, ""205"": 0.0, ""217"": 0.0, ""42"": 0.0, ""198"": 0.0, ""49"": 0.0, ""45"": 0.0, ""149"": 0.0, ""212"": 0.0, ""109"": 0.0, ""158"": 0.0, ""86"": 0.0, ""214"": 0.0, ""203"": 0.0, ""95"": 0.0, ""211"": 0.0, ""33"": 0.0, ""132"": 0.0, ""117"": 0.0, ""165"": 0.0, ""50"": 0.0, ""141"": 0.0, ""175"": 0.0, ""78"": 0.0, ""21"": 0.0, ""136"": 0.0, ""31"": 0.0, ""66"": 0.0, ""196"": 0.0, ""7"": 0.0, ""105"": 0.0, ""128"": 0.0, ""35"": 0.0, ""206"": 0.0, ""9"": 0.0, ""143"": 0.0, ""54"": 0.0, ""47"": 0.0, ""55"": 0.0, ""6"": 0.0, ""195"": 0.0, ""114"": 0.0, ""106"": 0.0, ""80"": 0.0, ""232"": 0.0, ""125"": 0.0, ""223"": 0.0, ""142"": 0.0, ""62"": 0.0, ""166"": 0.0, ""216"": 0.0, ""103"": 0.0, ""79"": 0.0, ""56"": 0.0, ""112"": 0.01, ""16"": 0.0, ""140"": 0.0, ""191"": 0.0, ""0"": 0.0, ""43"": 0.0, ""145"": 0.0, ""187"": 0.0, ""46"": 0.0, ""113"": 0.0, ""226"": 0.0, ""24"": 0.0, ""85"": 0.0, ""123"": 0.0, ""18"": 0.0, ""200"": 0.0, ""76"": 0.0, ""58"": 0.0, ""159"": 0.0, ""19"": 0.0, ""194"": 0.0, ""61"": 0.0, ""179"": 0.0, ""208"": 0.0, ""161"": 0.0, ""168"": 0.0, ""121"": 0.0, ""144"": 0.0}",jev-1.13.0,ce529fa63f33a326c953478f9bbe9ca20a4cd6d67ea752a084f29b9c5c613f50
semantic-short:bge-boundaries:60-180:q70:v1:2397177249:000005443000-000005546000,60,semantic:bge:leaf-local-6-2:42:60,andmejärelevalve ja tehisintellekti piirid,0.64,0.63,"{""152"": 0.0, ""185"": 0.0, ""175"": 0.0, ""2"": 0.0, ""221"": 0.0, ""157"": 0.0, ""1"": 0.0, ""148"": 0.0, ""194"": 0.0, ""172"": 0.0, ""67"": 0.0, ""20"": 0.0, ""39"": 0.0, ""190"": 0.0, ""184"": 0.0, ""80"": 0.0, ""45"": 0.0, ""104"": 0.0, ""82"": 0.0, ""0"": 0.0, ""117"": 0.0, ""132"": 0.0, ""68"": 0.0, ""189"": 0.0, ""222"": 0.0, ""192"": 0.0, ""233"": 0.0, ""158"": 0.0, ""92"": 0.0, ""187"": 0.0, ""30"": 0.0, ""217"": 0.0, ""115"": 0.0, ""232"": 0.0, ""73"": 0.0, ""110"": 0.0, ""180"": 0.0, ""170"": 0.0, ""143"": 0.0, ""94"": 0.0, ""69"": 0.0, ""5"": 0.0, ""106"": 0.0, ""165"": 0.0, ""50"": 0.0, ""228"": 0.0, ""60"": 0.64, ""54"": 0.0, ""43"": 0.0, ""90"": 0.0, ""136"": 0.0, ""216"": 0.0, ""183"": 0.0, ""129"": 0.0, ""88"": 0.0, ""156"": 0.0, ""72"": 0.0, ""87"": 0.0, ""19"": 0.0, ""28"": 0.0, ""21"": 0.0, ""193"": 0.0, ""142"": 0.0, ""125"": 0.0, ""37"": 0.0, ""40"": 0.0, ""65"": 0.0, ""56"": 0.0, ""160"": 0.0, ""97"": 0.0, ""206"": 0.0, ""215"": 0.0, ""209"": 0.0, ""3"": 0.0, ""33"": 0.0, ""11"": 0.0, ""62"": 0.0, ""204"": 0.0, ""146"": 0.0, ""119"": 0.0, ""109"": 0.0, ""128"": 0.0, ""105"": 0.0, ""83"": 0.0, ""108"": 0.0, ""47"": 0.0, ""219"": 0.0, ""212"": 0.0, ""61"": 0.0, ""121"": 0.0, ""196"": 0.0, ""111"": 0.0, ""144"": 0.0, ""126"": 0.0, ""191"": 0.0, ""51"": 0.0, ""197"": 0.0, ""229"": 0.0, ""234"": 0.0, ""131"": 0.0, ""164"": 0.0, ""59"": 0.0, ""44"": 0.0, ""130"": 0.0, ""116"": 0.0, ""138"": 0.0, ""112"": 0.31, ""133"": 0.0, ""27"": 0.0, ""210"": 0.0, ""66"": 0.0, ""14"": 0.0, ""15"": 0.0, ""181"": 0.0, ""49"": 0.0, ""169"": 0.0, ""137"": 0.0, ""86"": 0.0, ""34"": 0.0, ""10"": 0.0, ""140"": 0.0, ""98"": 0.01, ""42"": 0.0, ""12"": 0.0, ""213"": 0.0, ""16"": 0.0, ""173"": 0.0, ""91"": 0.0, ""176"": 0.0, ""123"": 0.0, ""22"": 0.0, ""195"": 0.0, ""205"": 0.0, ""101"": 0.0, ""113"": 0.0, ""200"": 0.0, ""24"": 0.0, ""186"": 0.0, ""124"": 0.0, ""58"": 0.0, ""174"": 0.0, ""99"": 0.01, ""198"": 0.0, ""139"": 0.0, ""141"": 0.0, ""89"": 0.0, ""159"": 0.0, ""202"": 0.0, ""63"": 0.0, ""118"": 0.0, ""76"": 0.0, ""13"": 0.0, ""36"": 0.0, ""122"": 0.0, ""235"": 0.0, ""224"": 0.0, ""155"": 0.0, ""31"": 0.0, ""167"": 0.0, ""226"": 0.0, ""178"": 0.0, ""153"": 0.0, ""207"": 0.0, ""93"": 0.0, ""6"": 0.0, ""23"": 0.0, ""214"": 0.0, ""149"": 0.0, ""171"": 0.0, ""17"": 0.0, ""41"": 0.0, ""85"": 0.0, ""53"": 0.0, ""57"": 0.0, ""75"": 0.0, ""26"": 0.0, ""225"": 0.0, ""150"": 0.0, ""134"": 0.0, ""7"": 0.0, ""220"": 0.0, ""18"": 0.0, ""77"": 0.0, ""211"": 0.0, ""127"": 0.0, ""208"": 0.0, ""-1"": 0.03, ""8"": 0.0, ""32"": 0.0, ""78"": 0.0, ""161"": 0.0, ""120"": 0.0, ""29"": 0.0, ""114"": 0.0, ""52"": 0.0, ""218"": 0.0, ""151"": 0.0, ""163"": 0.0, ""182"": 0.0, ""154"": 0.0, ""107"": 0.0, ""64"": 0.0, ""179"": 0.0, ""74"": 0.0, ""70"": 0.0, ""230"": 0.0, ""147"": 0.0, ""96"": 0.0, ""9"": 0.0, ""203"": 0.0, ""71"": 0.0, ""201"": 0.0, ""38"": 0.0, ""166"": 0.0, ""102"": 0.0, ""199"": 0.0, ""46"": 0.0, ""84"": 0.0, ""79"": 0.0, ""162"": 0.0, ""145"": 0.0, ""177"": 0.0, ""188"": 0.0, ""223"": 0.0, ""227"": 0.0, ""55"": 0.0, ""103"": 0.0, ""231"": 0.0, ""25"": 0.0, ""35"": 0.0, ""95"": 0.0, ""81"": 0.0, ""48"": 0.0, ""168"": 0.0, ""4"": 0.0, ""135"": 0.0, ""100"": 0.0}",jev-1.13.0,8d7ac300ad5386cfb477c0fc0678fd0d2e3a4136309b4fba180638fc677fde8d
semantic-short:bge-boundaries:60-180:q70:v1:2397177249:000005546000-000005687252,60,semantic:bge:leaf-local-6-2:42:60,andmejärelevalve ja tehisintellekti piirid,0.51,0.5,"{""95"": 0.0, ""81"": 0.0, ""220"": 0.0, ""162"": 0.0, ""154"": 0.0, ""177"": 0.0, ""222"": 0.0, ""221"": 0.0, ""54"": 0.0, ""163"": 0.0, ""230"": 0.0, ""233"": 0.0, ""76"": 0.0, ""186"": 0.02, ""68"": 0.0, ""198"": 0.0, ""211"": 0.0, ""171"": 0.0, ""235"": 0.0, ""232"": 0.0, ""9"": 0.0, ""60"": 0.51, ""47"": 0.0, ""164"": 0.0, ""103"": 0.0, ""41"": 0.0, ""17"": 0.0, ""208"": 0.0, ""48"": 0.0, ""214"": 0.0, ""150"": 0.0, ""231"": 0.0, ""174"": 0.0, ""55"": 0.0, ""194"": 0.0, ""187"": 0.0, ""170"": 0.0, ""128"": 0.0, ""117"": 0.0, ""30"": 0.0, ""134"": 0.0, ""100"": 0.0, ""213"": 0.0, ""141"": 0.0, ""5"": 0.0, ""62"": 0.0, ""111"": 0.0, ""189"": 0.0, ""109"": 0.0, ""11"": 0.0, ""180"": 0.0, ""104"": 0.0, ""105"": 0.0, ""1"": 0.0, ""25"": 0.0, ""136"": 0.0, ""153"": 0.0, ""91"": 0.0, ""46"": 0.0, ""176"": 0.0, ""88"": 0.0, ""10"": 0.0, ""72"": 0.0, ""192"": 0.0, ""67"": 0.0, ""234"": 0.03, ""199"": 0.0, ""94"": 0.0, ""217"": 0.0, ""116"": 0.0, ""224"": 0.0, ""138"": 0.01, ""142"": 0.0, ""152"": 0.0, ""89"": 0.0, ""37"": 0.0, ""32"": 0.0, ""184"": 0.0, ""50"": 0.0, ""132"": 0.0, ""218"": 0.0, ""27"": 0.0, ""140"": 0.0, ""210"": 0.0, ""178"": 0.0, ""227"": 0.0, ""90"": 0.0, ""157"": 0.02, ""158"": 0.0, ""26"": 0.0, ""15"": 0.0, ""119"": 0.0, ""167"": 0.0, ""172"": 0.0, ""45"": 0.0, ""204"": 0.0, ""29"": 0.0, ""66"": 0.0, ""21"": 0.0, ""101"": 0.0, ""57"": 0.0, ""14"": 0.0, ""185"": 0.0, ""197"": 0.0, ""112"": 0.0, ""193"": 0.0, ""38"": 0.0, ""61"": 0.0, ""201"": 0.0, ""188"": 0.0, ""108"": 0.0, ""124"": 0.0, ""113"": 0.0, ""228"": 0.0, ""175"": 0.0, ""129"": 0.0, ""96"": 0.0, ""127"": 0.0, ""114"": 0.0, ""169"": 0.0, ""148"": 0.0, ""-1"": 0.29000000000000004, ""93"": 0.0, ""35"": 0.0, ""118"": 0.09, ""92"": 0.0, ""130"": 0.0, ""229"": 0.0, ""43"": 0.0, ""155"": 0.02, ""190"": 0.0, ""173"": 0.0, ""123"": 0.0, ""115"": 0.0, ""200"": 0.0, ""23"": 0.0, ""51"": 0.0, ""143"": 0.0, ""85"": 0.0, ""107"": 0.0, ""77"": 0.0, ""86"": 0.0, ""80"": 0.0, ""168"": 0.0, ""206"": 0.0, ""151"": 0.0, ""191"": 0.0, ""8"": 0.0, ""65"": 0.0, ""196"": 0.0, ""209"": 0.0, ""122"": 0.0, ""97"": 0.0, ""44"": 0.0, ""74"": 0.0, ""73"": 0.0, ""63"": 0.0, ""207"": 0.0, ""12"": 0.0, ""135"": 0.0, ""79"": 0.0, ""145"": 0.0, ""33"": 0.0, ""49"": 0.0, ""106"": 0.0, ""52"": 0.0, ""2"": 0.0, ""7"": 0.0, ""99"": 0.0, ""137"": 0.0, ""56"": 0.0, ""20"": 0.0, ""4"": 0.0, ""205"": 0.0, ""203"": 0.0, ""146"": 0.0, ""69"": 0.0, ""13"": 0.0, ""40"": 0.0, ""182"": 0.0, ""121"": 0.0, ""3"": 0.0, ""19"": 0.0, ""16"": 0.0, ""0"": 0.0, ""144"": 0.0, ""110"": 0.0, ""160"": 0.0, ""78"": 0.0, ""98"": 0.0, ""58"": 0.0, ""133"": 0.0, ""215"": 0.0, ""225"": 0.0, ""28"": 0.0, ""161"": 0.0, ""159"": 0.0, ""18"": 0.0, ""42"": 0.0, ""70"": 0.0, ""212"": 0.0, ""179"": 0.0, ""149"": 0.0, ""31"": 0.0, ""183"": 0.0, ""165"": 0.0, ""34"": 0.0, ""156"": 0.0, ""39"": 0.0, ""71"": 0.0, ""223"": 0.0, ""139"": 0.0, ""87"": 0.0, ""181"": 0.0, ""6"": 0.0, ""24"": 0.0, ""202"": 0.0, ""166"": 0.0, ""22"": 0.0, ""195"": 0.0, ""84"": 0.0, ""131"": 0.0, ""147"": 0.0, ""216"": 0.0, ""75"": 0.0, ""36"": 0.0, ""120"": 0.0, ""226"": 0.0, ""83"": 0.0, ""59"": 0.0, ""219"": 0.0, ""126"": 0.0, ""125"": 0.0, ""53"": 0.0, ""102"": 0.0, ""82"": 0.0, ""64"": 0.0}",jev-1.13.0,62a66cb7d9a8d61195f4a124971a0a1bf584e5622012dbd0ed7d4d18f8f649f6
semantic-short:bge-boundaries:60-180:q70:v1:2400164916:000000011800-000000143840,180,semantic:bge:leaf-local-6-2:42:180,Õpetaja hoituse rollid alushariduses,0.96,0.95,"{""132"": 0.0, ""195"": 0.0, ""96"": 0.0, ""59"": 0.0, ""65"": 0.0, ""52"": 0.0, ""121"": 0.0, ""4"": 0.0, ""209"": 0.0, ""189"": 0.0, ""51"": 0.0, ""1"": 0.0, ""131"": 0.0, ""147"": 0.0, ""45"": 0.0, ""102"": 0.0, ""42"": 0.0, ""207"": 0.0, ""75"": 0.0, ""138"": 0.0, ""39"": 0.0, ""151"": 0.0, ""192"": 0.0, ""176"": 0.0, ""92"": 0.0, ""56"": 0.0, ""19"": 0.0, ""2"": 0.0, ""41"": 0.0, ""101"": 0.0, ""159"": 0.0, ""91"": 0.0, ""61"": 0.0, ""141"": 0.0, ""228"": 0.0, ""24"": 0.0, ""165"": 0.0, ""50"": 0.0, ""22"": 0.0, ""37"": 0.0, ""216"": 0.0, ""217"": 0.0, ""34"": 0.0, ""230"": 0.0, ""201"": 0.0, ""197"": 0.0, ""222"": 0.0, ""232"": 0.0, ""231"": 0.0, ""97"": 0.0, ""158"": 0.0, ""32"": 0.0, ""29"": 0.0, ""149"": 0.0, ""210"": 0.0, ""157"": 0.0, ""40"": 0.0, ""105"": 0.0, ""113"": 0.0, ""215"": 0.0, ""190"": 0.0, ""49"": 0.0, ""182"": 0.0, ""162"": 0.0, ""143"": 0.0, ""155"": 0.0, ""94"": 0.0, ""66"": 0.0, ""153"": 0.0, ""194"": 0.0, ""8"": 0.0, ""115"": 0.0, ""206"": 0.0, ""35"": 0.0, ""7"": 0.0, ""145"": 0.0, ""140"": 0.0, ""199"": 0.0, ""25"": 0.0, ""170"": 0.0, ""234"": 0.0, ""225"": 0.0, ""173"": 0.0, ""110"": 0.0, ""191"": 0.0, ""193"": 0.0, ""186"": 0.0, ""67"": 0.0, ""202"": 0.0, ""196"": 0.0, ""109"": 0.0, ""70"": 0.0, ""38"": 0.0, ""183"": 0.0, ""126"": 0.0, ""122"": 0.0, ""48"": 0.0, ""181"": 0.0, ""163"": 0.0, ""184"": 0.0, ""135"": 0.0, ""12"": 0.0, ""72"": 0.0, ""120"": 0.0, ""90"": 0.0, ""169"": 0.0, ""55"": 0.0, ""137"": 0.0, ""74"": 0.0, ""187"": 0.0, ""83"": 0.0, ""77"": 0.0, ""203"": 0.0, ""198"": 0.0, ""33"": 0.0, ""117"": 0.0, ""223"": 0.0, ""82"": 0.0, ""130"": 0.0, ""204"": 0.0, ""57"": 0.0, ""-1"": 0.04, ""124"": 0.0, ""21"": 0.0, ""86"": 0.0, ""171"": 0.0, ""5"": 0.0, ""185"": 0.0, ""26"": 0.0, ""123"": 0.0, ""79"": 0.0, ""118"": 0.0, ""188"": 0.0, ""58"": 0.0, ""62"": 0.0, ""81"": 0.0, ""14"": 0.0, ""76"": 0.0, ""218"": 0.0, ""156"": 0.0, ""211"": 0.0, ""87"": 0.0, ""235"": 0.0, ""36"": 0.0, ""233"": 0.0, ""128"": 0.0, ""178"": 0.0, ""85"": 0.0, ""16"": 0.0, ""107"": 0.0, ""69"": 0.0, ""108"": 0.0, ""47"": 0.0, ""0"": 0.0, ""177"": 0.0, ""64"": 0.0, ""119"": 0.0, ""104"": 0.0, ""208"": 0.0, ""99"": 0.0, ""224"": 0.0, ""106"": 0.0, ""152"": 0.0, ""112"": 0.0, ""220"": 0.0, ""17"": 0.0, ""168"": 0.0, ""114"": 0.0, ""60"": 0.0, ""213"": 0.0, ""116"": 0.0, ""9"": 0.0, ""179"": 0.0, ""78"": 0.0, ""3"": 0.0, ""95"": 0.0, ""71"": 0.0, ""31"": 0.0, ""23"": 0.0, ""227"": 0.0, ""200"": 0.0, ""13"": 0.0, ""98"": 0.0, ""226"": 0.0, ""229"": 0.0, ""164"": 0.0, ""133"": 0.0, ""63"": 0.0, ""11"": 0.0, ""139"": 0.0, ""125"": 0.0, ""129"": 0.0, ""142"": 0.0, ""43"": 0.0, ""175"": 0.0, ""27"": 0.0, ""167"": 0.0, ""136"": 0.0, ""20"": 0.0, ""84"": 0.0, ""93"": 0.0, ""219"": 0.0, ""172"": 0.0, ""212"": 0.0, ""100"": 0.0, ""46"": 0.0, ""28"": 0.0, ""166"": 0.0, ""88"": 0.0, ""144"": 0.0, ""30"": 0.0, ""148"": 0.0, ""103"": 0.0, ""127"": 0.0, ""80"": 0.0, ""180"": 0.96, ""6"": 0.0, ""53"": 0.0, ""73"": 0.0, ""146"": 0.0, ""160"": 0.0, ""44"": 0.0, ""150"": 0.0, ""10"": 0.0, ""89"": 0.0, ""68"": 0.0, ""214"": 0.0, ""221"": 0.0, ""18"": 0.0, ""15"": 0.0, ""134"": 0.0, ""174"": 0.0, ""154"": 0.0, ""111"": 0.0, ""205"": 0.0, ""54"": 0.0, ""161"": 0.0}",jev-1.13.0,f834eec833f6d17663a8923769e930e803c0f41843e7de49eb7311fe3a9176eb
semantic-short:bge-boundaries:60-180:q70:v1:2400164916:000000143840-000000207080,-1,semantic:bge:leaf-local-6-2:42:-1,Unassigned,0.73,0.72,"{""235"": 0.0, ""64"": 0.0, ""190"": 0.0, ""13"": 0.0, ""217"": 0.0, ""53"": 0.0, ""230"": 0.0, ""156"": 0.0, ""212"": 0.0, ""166"": 0.0, ""112"": 0.0, ""50"": 0.0, ""195"": 0.0, ""68"": 0.0, ""139"": 0.0, ""213"": 0.0, ""28"": 0.0, ""17"": 0.0, ""96"": 0.0, ""38"": 0.0, ""133"": 0.0, ""185"": 0.0, ""5"": 0.0, ""24"": 0.0, ""194"": 0.0, ""65"": 0.0, ""-1"": 0.73, ""91"": 0.0, ""124"": 0.0, ""228"": 0.0, ""57"": 0.0, ""227"": 0.0, ""108"": 0.0, ""74"": 0.0, ""63"": 0.0, ""123"": 0.0, ""116"": 0.0, ""134"": 0.0, ""32"": 0.0, ""62"": 0.0, ""216"": 0.0, ""72"": 0.0, ""234"": 0.0, ""127"": 0.0, ""193"": 0.0, ""225"": 0.0, ""203"": 0.0, ""121"": 0.0, ""145"": 0.0, ""208"": 0.0, ""106"": 0.0, ""181"": 0.0, ""204"": 0.0, ""44"": 0.0, ""128"": 0.0, ""141"": 0.0, ""135"": 0.0, ""170"": 0.0, ""47"": 0.0, ""191"": 0.0, ""129"": 0.02, ""7"": 0.0, ""115"": 0.0, ""107"": 0.14, ""214"": 0.0, ""25"": 0.0, ""58"": 0.0, ""78"": 0.0, ""76"": 0.0, ""70"": 0.0, ""83"": 0.0, ""182"": 0.0, ""98"": 0.01, ""51"": 0.0, ""14"": 0.0, ""157"": 0.0, ""110"": 0.0, ""88"": 0.0, ""137"": 0.0, ""26"": 0.0, ""73"": 0.0, ""169"": 0.0, ""18"": 0.0, ""3"": 0.0, ""142"": 0.0, ""12"": 0.0, ""111"": 0.0, ""81"": 0.0, ""48"": 0.0, ""132"": 0.0, ""49"": 0.0, ""224"": 0.0, ""60"": 0.0, ""10"": 0.0, ""46"": 0.0, ""207"": 0.0, ""90"": 0.0, ""41"": 0.0, ""153"": 0.0, ""188"": 0.0, ""136"": 0.0, ""85"": 0.0, ""6"": 0.0, ""102"": 0.0, ""138"": 0.0, ""221"": 0.0, ""161"": 0.0, ""59"": 0.0, ""79"": 0.02, ""211"": 0.0, ""163"": 0.0, ""131"": 0.0, ""197"": 0.0, ""1"": 0.0, ""120"": 0.0, ""8"": 0.0, ""171"": 0.0, ""150"": 0.0, ""220"": 0.0, ""2"": 0.0, ""232"": 0.0, ""118"": 0.0, ""67"": 0.0, ""39"": 0.0, ""130"": 0.0, ""80"": 0.0, ""93"": 0.0, ""103"": 0.0, ""77"": 0.0, ""183"": 0.0, ""71"": 0.0, ""140"": 0.0, ""162"": 0.0, ""196"": 0.0, ""114"": 0.0, ""95"": 0.0, ""179"": 0.0, ""186"": 0.0, ""55"": 0.0, ""35"": 0.0, ""152"": 0.0, ""4"": 0.03, ""176"": 0.0, ""22"": 0.0, ""201"": 0.0, ""23"": 0.0, ""177"": 0.0, ""226"": 0.0, ""144"": 0.0, ""75"": 0.0, ""61"": 0.0, ""40"": 0.0, ""126"": 0.0, ""43"": 0.0, ""33"": 0.0, ""113"": 0.0, ""148"": 0.0, ""174"": 0.0, ""16"": 0.0, ""167"": 0.0, ""109"": 0.0, ""42"": 0.0, ""180"": 0.02, ""147"": 0.0, ""29"": 0.0, ""149"": 0.0, ""200"": 0.0, ""199"": 0.0, ""209"": 0.0, ""56"": 0.0, ""233"": 0.0, ""229"": 0.0, ""87"": 0.0, ""215"": 0.0, ""210"": 0.0, ""154"": 0.0, ""175"": 0.0, ""125"": 0.0, ""92"": 0.0, ""105"": 0.0, ""117"": 0.0, ""160"": 0.0, ""146"": 0.0, ""27"": 0.0, ""172"": 0.0, ""187"": 0.0, ""173"": 0.0, ""159"": 0.0, ""86"": 0.0, ""178"": 0.0, ""206"": 0.0, ""15"": 0.0, ""19"": 0.0, ""158"": 0.0, ""202"": 0.0, ""219"": 0.0, ""231"": 0.0, ""97"": 0.01, ""99"": 0.01, ""52"": 0.0, ""54"": 0.0, ""9"": 0.0, ""31"": 0.0, ""94"": 0.0, ""218"": 0.0, ""222"": 0.0, ""155"": 0.0, ""66"": 0.0, ""122"": 0.0, ""21"": 0.0, ""168"": 0.0, ""11"": 0.0, ""184"": 0.0, ""104"": 0.0, ""0"": 0.0, ""101"": 0.0, ""37"": 0.0, ""100"": 0.0, ""164"": 0.0, ""119"": 0.0, ""205"": 0.0, ""151"": 0.0, ""223"": 0.0, ""30"": 0.0, ""198"": 0.0, ""165"": 0.0, ""143"": 0.0, ""20"": 0.0, ""189"": 0.0, ""45"": 0.0, ""89"": 0.0, ""69"": 0.0, ""192"": 0.0, ""84"": 0.0, ""34"": 0.0, ""82"": 0.0, ""36"": 0.0}",jev-1.13.0,cd1960f6cf0b2ca89cb3e9479deaf63429d33802a87211d4fc00ed09b0831449
semantic-short:bge-boundaries:60-180:q70:v1:2400164916:000000207080-000000275240,-1,semantic:bge:leaf-local-6-2:42:-1,Unassigned,0.96,0.95,"{""149"": 0.0, ""150"": 0.0, ""183"": 0.0, ""192"": 0.0, ""41"": 0.0, ""74"": 0.0, ""116"": 0.0, ""185"": 0.0, ""196"": 0.0, ""78"": 0.0, ""72"": 0.0, ""153"": 0.0, ""152"": 0.0, ""134"": 0.0, ""11"": 0.0, ""18"": 0.0, ""105"": 0.0, ""163"": 0.0, ""221"": 0.0, ""71"": 0.0, ""103"": 0.0, ""73"": 0.0, ""198"": 0.0, ""38"": 0.0, ""165"": 0.0, ""167"": 0.0, ""124"": 0.0, ""157"": 0.0, ""68"": 0.0, ""28"": 0.0, ""193"": 0.0, ""22"": 0.0, ""178"": 0.0, ""67"": 0.0, ""106"": 0.0, ""21"": 0.0, ""66"": 0.0, ""128"": 0.0, ""205"": 0.0, ""140"": 0.0, ""202"": 0.0, ""25"": 0.0, ""33"": 0.0, ""200"": 0.0, ""48"": 0.0, ""204"": 0.0, ""6"": 0.0, ""56"": 0.0, ""119"": 0.0, ""137"": 0.0, ""206"": 0.0, ""5"": 0.0, ""90"": 0.0, ""210"": 0.0, ""93"": 0.0, ""30"": 0.0, ""-1"": 0.96, ""112"": 0.0, ""8"": 0.0, ""60"": 0.0, ""126"": 0.0, ""96"": 0.0, ""118"": 0.0, ""4"": 0.0, ""77"": 0.0, ""122"": 0.0, ""233"": 0.0, ""127"": 0.0, ""97"": 0.0, ""45"": 0.0, ""166"": 0.0, ""207"": 0.0, ""148"": 0.0, ""231"": 0.0, ""52"": 0.0, ""58"": 0.0, ""229"": 0.0, ""50"": 0.0, ""169"": 0.0, ""32"": 0.0, ""14"": 0.0, ""213"": 0.0, ""181"": 0.0, ""173"": 0.0, ""100"": 0.0, ""175"": 0.0, ""145"": 0.0, ""214"": 0.0, ""146"": 0.0, ""141"": 0.0, ""37"": 0.0, ""189"": 0.0, ""201"": 0.0, ""98"": 0.01, ""160"": 0.0, ""43"": 0.0, ""182"": 0.0, ""224"": 0.0, ""136"": 0.0, ""2"": 0.0, ""232"": 0.0, ""174"": 0.0, ""121"": 0.0, ""234"": 0.0, ""211"": 0.0, ""85"": 0.0, ""138"": 0.0, ""132"": 0.0, ""114"": 0.0, ""53"": 0.0, ""139"": 0.0, ""107"": 0.0, ""133"": 0.0, ""203"": 0.0, ""84"": 0.0, ""1"": 0.0, ""7"": 0.0, ""162"": 0.0, ""88"": 0.0, ""223"": 0.0, ""20"": 0.0, ""94"": 0.0, ""215"": 0.0, ""23"": 0.0, ""158"": 0.0, ""177"": 0.0, ""186"": 0.0, ""40"": 0.0, ""222"": 0.0, ""111"": 0.0, ""151"": 0.0, ""147"": 0.0, ""64"": 0.0, ""218"": 0.0, ""13"": 0.0, ""87"": 0.0, ""209"": 0.0, ""80"": 0.0, ""172"": 0.0, ""164"": 0.0, ""108"": 0.0, ""225"": 0.0, ""19"": 0.0, ""81"": 0.0, ""154"": 0.0, ""102"": 0.0, ""212"": 0.0, ""82"": 0.0, ""228"": 0.0, ""44"": 0.0, ""191"": 0.0, ""216"": 0.0, ""47"": 0.0, ""217"": 0.0, ""59"": 0.0, ""220"": 0.0, ""57"": 0.0, ""0"": 0.0, ""109"": 0.0, ""176"": 0.0, ""219"": 0.0, ""86"": 0.0, ""170"": 0.0, ""171"": 0.0, ""199"": 0.0, ""123"": 0.0, ""230"": 0.0, ""46"": 0.0, ""39"": 0.0, ""129"": 0.02, ""143"": 0.0, ""125"": 0.0, ""190"": 0.0, ""42"": 0.0, ""95"": 0.0, ""55"": 0.0, ""62"": 0.0, ""156"": 0.0, ""161"": 0.0, ""195"": 0.0, ""61"": 0.0, ""194"": 0.0, ""12"": 0.0, ""113"": 0.0, ""130"": 0.0, ""27"": 0.0, ""3"": 0.0, ""51"": 0.0, ""99"": 0.01, ""16"": 0.0, ""159"": 0.0, ""29"": 0.0, ""89"": 0.0, ""144"": 0.0, ""9"": 0.0, ""69"": 0.0, ""120"": 0.0, ""117"": 0.0, ""197"": 0.0, ""104"": 0.0, ""92"": 0.0, ""91"": 0.0, ""168"": 0.0, ""179"": 0.0, ""63"": 0.0, ""26"": 0.0, ""110"": 0.0, ""83"": 0.0, ""65"": 0.0, ""35"": 0.0, ""187"": 0.0, ""24"": 0.0, ""155"": 0.0, ""76"": 0.0, ""184"": 0.0, ""115"": 0.0, ""79"": 0.0, ""15"": 0.0, ""34"": 0.0, ""226"": 0.0, ""49"": 0.0, ""101"": 0.0, ""10"": 0.0, ""75"": 0.0, ""235"": 0.0, ""227"": 0.0, ""36"": 0.0, ""131"": 0.0, ""70"": 0.0, ""188"": 0.0, ""142"": 0.0, ""54"": 0.0, ""180"": 0.0, ""17"": 0.0, ""208"": 0.0, ""31"": 0.0, ""135"": 0.0}",jev-1.13.0,c9665182ac0b212d30ac43ae60e585e7be0f8e39599070982c4c4fb0c49ba906
semantic-short:bge-boundaries:60-180:q70:v1:2400164916:000000275240-000000344520,-1,semantic:bge:leaf-local-6-2:42:-1,Unassigned,0.85,0.84,"{""221"": 0.0, ""82"": 0.0, ""43"": 0.0, ""41"": 0.0, ""163"": 0.0, ""76"": 0.0, ""230"": 0.0, ""225"": 0.03, ""47"": 0.0, ""220"": 0.0, ""109"": 0.0, ""143"": 0.0, ""49"": 0.0, ""32"": 0.0, ""179"": 0.0, ""46"": 0.0, ""185"": 0.0, ""103"": 0.0, ""34"": 0.0, ""12"": 0.0, ""169"": 0.0, ""142"": 0.0, ""182"": 0.0, ""77"": 0.0, ""56"": 0.0, ""231"": 0.0, ""223"": 0.0, ""196"": 0.0, ""176"": 0.0, ""135"": 0.0, ""207"": 0.0, ""93"": 0.0, ""-1"": 0.85, ""219"": 0.0, ""200"": 0.0, ""68"": 0.0, ""218"": 0.0, ""216"": 0.0, ""79"": 0.0, ""170"": 0.0, ""78"": 0.0, ""23"": 0.0, ""172"": 0.09, ""27"": 0.0, ""7"": 0.0, ""118"": 0.0, ""151"": 0.0, ""114"": 0.0, ""188"": 0.0, ""202"": 0.0, ""8"": 0.0, ""167"": 0.0, ""206"": 0.0, ""29"": 0.0, ""211"": 0.0, ""74"": 0.0, ""154"": 0.0, ""190"": 0.0, ""157"": 0.0, ""121"": 0.0, ""52"": 0.0, ""73"": 0.0, ""192"": 0.0, ""13"": 0.0, ""36"": 0.0, ""104"": 0.0, ""106"": 0.0, ""119"": 0.0, ""110"": 0.0, ""19"": 0.0, ""30"": 0.0, ""94"": 0.0, ""217"": 0.0, ""31"": 0.0, ""53"": 0.0, ""16"": 0.0, ""235"": 0.0, ""22"": 0.0, ""48"": 0.0, ""160"": 0.0, ""161"": 0.0, ""147"": 0.0, ""159"": 0.0, ""215"": 0.0, ""62"": 0.0, ""203"": 0.0, ""54"": 0.0, ""55"": 0.0, ""99"": 0.01, ""180"": 0.0, ""18"": 0.0, ""214"": 0.0, ""226"": 0.0, ""15"": 0.0, ""204"": 0.0, ""0"": 0.0, ""184"": 0.0, ""10"": 0.0, ""209"": 0.0, ""37"": 0.0, ""61"": 0.0, ""71"": 0.0, ""69"": 0.0, ""212"": 0.0, ""150"": 0.0, ""183"": 0.0, ""65"": 0.0, ""178"": 0.0, ""45"": 0.0, ""134"": 0.0, ""131"": 0.0, ""63"": 0.0, ""129"": 0.0, ""25"": 0.0, ""33"": 0.0, ""44"": 0.0, ""128"": 0.0, ""193"": 0.0, ""2"": 0.0, ""153"": 0.0, ""149"": 0.0, ""42"": 0.0, ""191"": 0.0, ""201"": 0.0, ""222"": 0.0, ""133"": 0.0, ""107"": 0.0, ""175"": 0.0, ""83"": 0.0, ""155"": 0.0, ""117"": 0.0, ""100"": 0.0, ""125"": 0.0, ""108"": 0.0, ""40"": 0.0, ""91"": 0.0, ""58"": 0.0, ""92"": 0.0, ""228"": 0.0, ""95"": 0.0, ""234"": 0.0, ""208"": 0.0, ""57"": 0.0, ""39"": 0.0, ""232"": 0.0, ""85"": 0.0, ""86"": 0.0, ""70"": 0.0, ""102"": 0.0, ""72"": 0.0, ""162"": 0.0, ""81"": 0.0, ""66"": 0.0, ""124"": 0.0, ""224"": 0.0, ""112"": 0.0, ""24"": 0.0, ""229"": 0.0, ""199"": 0.0, ""141"": 0.0, ""197"": 0.0, ""171"": 0.0, ""138"": 0.0, ""140"": 0.0, ""186"": 0.0, ""187"": 0.0, ""198"": 0.0, ""28"": 0.0, ""156"": 0.0, ""166"": 0.0, ""164"": 0.0, ""17"": 0.0, ""111"": 0.0, ""123"": 0.0, ""210"": 0.0, ""116"": 0.0, ""35"": 0.0, ""144"": 0.0, ""165"": 0.0, ""101"": 0.0, ""59"": 0.0, ""189"": 0.0, ""67"": 0.0, ""14"": 0.0, ""213"": 0.0, ""84"": 0.0, ""89"": 0.0, ""90"": 0.0, ""181"": 0.0, ""168"": 0.0, ""80"": 0.0, ""38"": 0.0, ""158"": 0.0, ""21"": 0.0, ""145"": 0.0, ""4"": 0.02, ""26"": 0.0, ""233"": 0.0, ""152"": 0.0, ""75"": 0.0, ""6"": 0.0, ""60"": 0.0, ""174"": 0.0, ""130"": 0.0, ""195"": 0.0, ""1"": 0.0, ""122"": 0.0, ""120"": 0.0, ""127"": 0.0, ""51"": 0.0, ""105"": 0.0, ""126"": 0.0, ""132"": 0.0, ""136"": 0.0, ""97"": 0.0, ""148"": 0.0, ""9"": 0.0, ""113"": 0.0, ""20"": 0.0, ""194"": 0.0, ""11"": 0.0, ""50"": 0.0, ""146"": 0.0, ""177"": 0.0, ""88"": 0.0, ""205"": 0.0, ""137"": 0.0, ""173"": 0.0, ""5"": 0.0, ""139"": 0.0, ""227"": 0.0, ""64"": 0.0, ""87"": 0.0, ""98"": 0.0, ""3"": 0.0, ""115"": 0.0, ""96"": 0.0}",jev-1.13.0,bc4d3af0ce4e4995caebf6eb7bc53023472d55c835b4165752efeaf28ce7dc9c
semantic-short:bge-boundaries:60-180:q70:v1:2400164916:000000344520-000000406520,-1,semantic:bge:leaf-local-6-2:42:-1,Unassigned,0.91,0.9,"{""171"": 0.0, ""89"": 0.0, ""61"": 0.0, ""114"": 0.0, ""210"": 0.0, ""162"": 0.0, ""107"": 0.0, ""224"": 0.0, ""187"": 0.0, ""65"": 0.0, ""28"": 0.0, ""77"": 0.0, ""79"": 0.0, ""104"": 0.0, ""91"": 0.0, ""72"": 0.0, ""-1"": 0.91, ""76"": 0.0, ""206"": 0.0, ""84"": 0.0, ""219"": 0.0, ""115"": 0.0, ""151"": 0.0, ""181"": 0.0, ""176"": 0.0, ""50"": 0.0, ""101"": 0.0, ""14"": 0.0, ""184"": 0.0, ""234"": 0.0, ""113"": 0.0, ""54"": 0.0, ""150"": 0.0, ""37"": 0.0, ""118"": 0.0, ""64"": 0.0, ""4"": 0.0, ""155"": 0.0, ""25"": 0.0, ""47"": 0.0, ""217"": 0.0, ""78"": 0.0, ""2"": 0.0, ""17"": 0.0, ""40"": 0.0, ""182"": 0.0, ""136"": 0.0, ""230"": 0.0, ""15"": 0.0, ""130"": 0.0, ""110"": 0.0, ""183"": 0.0, ""42"": 0.0, ""51"": 0.0, ""111"": 0.0, ""196"": 0.0, ""179"": 0.0, ""103"": 0.0, ""125"": 0.0, ""52"": 0.0, ""99"": 0.0, ""95"": 0.0, ""32"": 0.0, ""213"": 0.0, ""195"": 0.0, ""3"": 0.0, ""75"": 0.0, ""133"": 0.0, ""123"": 0.0, ""12"": 0.0, ""180"": 0.02, ""92"": 0.0, ""228"": 0.0, ""18"": 0.0, ""186"": 0.0, ""94"": 0.0, ""232"": 0.0, ""58"": 0.0, ""167"": 0.0, ""120"": 0.0, ""144"": 0.0, ""161"": 0.0, ""202"": 0.0, ""149"": 0.0, ""222"": 0.0, ""165"": 0.0, ""116"": 0.0, ""205"": 0.0, ""215"": 0.0, ""96"": 0.0, ""169"": 0.0, ""158"": 0.0, ""121"": 0.0, ""33"": 0.0, ""170"": 0.0, ""220"": 0.0, ""86"": 0.0, ""109"": 0.0, ""214"": 0.0, ""188"": 0.0, ""128"": 0.0, ""168"": 0.0, ""10"": 0.0, ""29"": 0.0, ""139"": 0.0, ""20"": 0.0, ""164"": 0.0, ""35"": 0.0, ""34"": 0.0, ""98"": 0.0, ""124"": 0.0, ""134"": 0.0, ""153"": 0.0, ""82"": 0.060000000000000005, ""93"": 0.0, ""24"": 0.0, ""154"": 0.0, ""172"": 0.0, ""218"": 0.0, ""43"": 0.0, ""85"": 0.0, ""177"": 0.0, ""178"": 0.0, ""80"": 0.0, ""68"": 0.0, ""67"": 0.0, ""45"": 0.0, ""204"": 0.0, ""137"": 0.0, ""227"": 0.0, ""30"": 0.0, ""166"": 0.0, ""63"": 0.0, ""156"": 0.0, ""140"": 0.0, ""108"": 0.0, ""88"": 0.0, ""145"": 0.0, ""216"": 0.0, ""194"": 0.0, ""5"": 0.0, ""21"": 0.0, ""157"": 0.0, ""8"": 0.0, ""192"": 0.0, ""87"": 0.0, ""142"": 0.0, ""141"": 0.0, ""146"": 0.0, ""26"": 0.0, ""0"": 0.0, ""60"": 0.0, ""7"": 0.0, ""126"": 0.0, ""209"": 0.0, ""81"": 0.0, ""226"": 0.0, ""233"": 0.0, ""38"": 0.0, ""13"": 0.0, ""57"": 0.0, ""159"": 0.0, ""147"": 0.0, ""152"": 0.0, ""173"": 0.0, ""174"": 0.0, ""112"": 0.0, ""6"": 0.0, ""66"": 0.0, ""201"": 0.0, ""90"": 0.0, ""223"": 0.0, ""46"": 0.0, ""175"": 0.0, ""221"": 0.0, ""73"": 0.0, ""44"": 0.0, ""49"": 0.0, ""163"": 0.0, ""1"": 0.0, ""23"": 0.0, ""62"": 0.0, ""36"": 0.0, ""71"": 0.0, ""48"": 0.0, ""100"": 0.0, ""197"": 0.0, ""122"": 0.0, ""160"": 0.0, ""97"": 0.0, ""41"": 0.0, ""39"": 0.0, ""135"": 0.0, ""83"": 0.0, ""193"": 0.0, ""119"": 0.0, ""212"": 0.0, ""19"": 0.0, ""138"": 0.0, ""191"": 0.0, ""199"": 0.0, ""203"": 0.0, ""9"": 0.0, ""74"": 0.0, ""31"": 0.0, ""27"": 0.0, ""143"": 0.0, ""106"": 0.0, ""117"": 0.0, ""102"": 0.0, ""131"": 0.0, ""200"": 0.0, ""69"": 0.0, ""207"": 0.0, ""55"": 0.0, ""198"": 0.0, ""185"": 0.0, ""235"": 0.0, ""208"": 0.0, ""70"": 0.0, ""59"": 0.0, ""225"": 0.0, ""56"": 0.0, ""190"": 0.0, ""132"": 0.0, ""229"": 0.0, ""22"": 0.0, ""231"": 0.0, ""148"": 0.0, ""129"": 0.0, ""11"": 0.0, ""16"": 0.0, ""105"": 0.0, ""127"": 0.0, ""189"": 0.0, ""211"": 0.0, ""53"": 0.0}",jev-1.13.0,1eba432d9642bb3403dc1a466715b0d65b58f1b2189973b9b92e532fb30d6ab0
semantic-short:bge-boundaries:60-180:q70:v1:2400164916:000000406520-000000575760,180,semantic:bge:leaf-local-6-2:42:180,Õpetaja hoituse rollid alushariduses,0.66,0.65,"{""92"": 0.0, ""19"": 0.0, ""74"": 0.0, ""85"": 0.0, ""76"": 0.0, ""51"": 0.0, ""75"": 0.0, ""121"": 0.0, ""93"": 0.0, ""16"": 0.0, ""82"": 0.0, ""200"": 0.0, ""128"": 0.0, ""156"": 0.0, ""132"": 0.0, ""222"": 0.0, ""84"": 0.0, ""90"": 0.0, ""201"": 0.0, ""134"": 0.0, ""198"": 0.0, ""179"": 0.0, ""211"": 0.0, ""14"": 0.02, ""60"": 0.0, ""6"": 0.0, ""226"": 0.0, ""223"": 0.0, ""152"": 0.0, ""141"": 0.0, ""59"": 0.0, ""47"": 0.0, ""72"": 0.0, ""202"": 0.0, ""66"": 0.0, ""158"": 0.0, ""34"": 0.0, ""197"": 0.0, ""229"": 0.0, ""56"": 0.0, ""228"": 0.0, ""174"": 0.0, ""227"": 0.0, ""148"": 0.0, ""115"": 0.0, ""136"": 0.0, ""98"": 0.01, ""234"": 0.0, ""30"": 0.0, ""155"": 0.0, ""104"": 0.0, ""38"": 0.0, ""4"": 0.0, ""99"": 0.01, ""213"": 0.0, ""163"": 0.060000000000000005, ""144"": 0.0, ""78"": 0.0, ""142"": 0.0, ""151"": 0.0, ""154"": 0.0, ""94"": 0.0, ""122"": 0.0, ""117"": 0.0, ""96"": 0.0, ""199"": 0.0, ""105"": 0.0, ""71"": 0.0, ""131"": 0.0, ""140"": 0.0, ""168"": 0.0, ""191"": 0.0, ""175"": 0.0, ""177"": 0.0, ""116"": 0.0, ""45"": 0.0, ""23"": 0.0, ""194"": 0.0, ""145"": 0.0, ""65"": 0.0, ""225"": 0.0, ""184"": 0.0, ""107"": 0.0, ""52"": 0.0, ""215"": 0.0, ""178"": 0.0, ""20"": 0.0, ""185"": 0.0, ""112"": 0.0, ""91"": 0.0, ""70"": 0.0, ""214"": 0.0, ""26"": 0.0, ""106"": 0.0, ""40"": 0.0, ""188"": 0.0, ""235"": 0.0, ""21"": 0.0, ""212"": 0.0, ""48"": 0.0, ""32"": 0.0, ""166"": 0.0, ""12"": 0.0, ""159"": 0.0, ""146"": 0.0, ""167"": 0.0, ""169"": 0.0, ""124"": 0.0, ""103"": 0.0, ""44"": 0.0, ""79"": 0.0, ""3"": 0.0, ""29"": 0.0, ""97"": 0.01, ""160"": 0.0, ""8"": 0.0, ""62"": 0.0, ""137"": 0.0, ""109"": 0.0, ""95"": 0.0, ""0"": 0.0, ""203"": 0.0, ""176"": 0.0, ""17"": 0.0, ""207"": 0.0, ""172"": 0.0, ""5"": 0.0, ""180"": 0.66, ""35"": 0.0, ""2"": 0.0, ""224"": 0.0, ""162"": 0.0, ""130"": 0.0, ""219"": 0.0, ""208"": 0.0, ""28"": 0.0, ""49"": 0.0, ""189"": 0.0, ""101"": 0.0, ""88"": 0.0, ""183"": 0.0, ""61"": 0.0, ""33"": 0.0, ""89"": 0.0, ""233"": 0.0, ""86"": 0.0, ""73"": 0.0, ""7"": 0.0, ""125"": 0.0, ""53"": 0.0, ""39"": 0.0, ""55"": 0.0, ""110"": 0.0, ""64"": 0.0, ""119"": 0.0, ""230"": 0.0, ""216"": 0.0, ""58"": 0.0, ""68"": 0.0, ""18"": 0.0, ""164"": 0.0, ""46"": 0.0, ""129"": 0.0, ""138"": 0.0, ""143"": 0.0, ""165"": 0.0, ""173"": 0.0, ""13"": 0.0, ""147"": 0.0, ""9"": 0.0, ""204"": 0.0, ""126"": 0.0, ""221"": 0.0, ""123"": 0.0, ""218"": 0.0, ""102"": 0.0, ""127"": 0.0, ""42"": 0.0, ""67"": 0.0, ""114"": 0.0, ""31"": 0.0, ""220"": 0.0, ""77"": 0.0, ""81"": 0.0, ""24"": 0.0, ""217"": 0.0, ""15"": 0.0, ""195"": 0.0, ""149"": 0.0, ""153"": 0.0, ""113"": 0.0, ""50"": 0.0, ""120"": 0.0, ""83"": 0.0, ""41"": 0.0, ""133"": 0.0, ""108"": 0.0, ""192"": 0.0, ""63"": 0.0, ""-1"": 0.22, ""1"": 0.0, ""170"": 0.0, ""187"": 0.0, ""22"": 0.0, ""181"": 0.0, ""205"": 0.0, ""190"": 0.0, ""135"": 0.0, ""209"": 0.0, ""118"": 0.0, ""11"": 0.0, ""139"": 0.0, ""210"": 0.0, ""54"": 0.0, ""100"": 0.0, ""37"": 0.0, ""10"": 0.0, ""196"": 0.0, ""186"": 0.0, ""232"": 0.0, ""206"": 0.0, ""157"": 0.0, ""36"": 0.0, ""69"": 0.0, ""87"": 0.0, ""150"": 0.0, ""193"": 0.0, ""111"": 0.0, ""43"": 0.0, ""25"": 0.0, ""182"": 0.0, ""231"": 0.0, ""171"": 0.0, ""27"": 0.0, ""80"": 0.0, ""161"": 0.0, ""57"": 0.0}",jev-1.13.0,8142ae485b754268c91413e7785829a14745fd4ca1fe2b518ca6660383625744
semantic-short:bge-boundaries:60-180:q70:v1:2400164916:000000575760-000000642160,-1,semantic:bge:leaf-local-6-2:42:-1,Unassigned,0.34,0.33,"{""89"": 0.0, ""172"": 0.0, ""133"": 0.0, ""72"": 0.0, ""123"": 0.0, ""69"": 0.0, ""191"": 0.0, ""174"": 0.0, ""91"": 0.0, ""98"": 0.01, ""143"": 0.0, ""179"": 0.0, ""35"": 0.0, ""165"": 0.0, ""1"": 0.0, ""215"": 0.0, ""156"": 0.0, ""186"": 0.0, ""102"": 0.0, ""119"": 0.0, ""121"": 0.0, ""80"": 0.0, ""183"": 0.0, ""124"": 0.0, ""153"": 0.0, ""83"": 0.0, ""96"": 0.01, ""193"": 0.0, ""231"": 0.0, ""196"": 0.0, ""67"": 0.0, ""131"": 0.0, ""62"": 0.0, ""15"": 0.0, ""29"": 0.0, ""115"": 0.0, ""163"": 0.27, ""203"": 0.0, ""208"": 0.0, ""140"": 0.0, ""117"": 0.0, ""52"": 0.0, ""225"": 0.0, ""24"": 0.0, ""59"": 0.0, ""34"": 0.0, ""164"": 0.0, ""178"": 0.0, ""40"": 0.0, ""78"": 0.0, ""177"": 0.0, ""162"": 0.0, ""127"": 0.0, ""10"": 0.0, ""142"": 0.0, ""146"": 0.0, ""49"": 0.0, ""176"": 0.0, ""20"": 0.0, ""194"": 0.0, ""139"": 0.0, ""175"": 0.0, ""188"": 0.0, ""168"": 0.0, ""182"": 0.0, ""32"": 0.0, ""211"": 0.0, ""51"": 0.0, ""189"": 0.0, ""90"": 0.0, ""118"": 0.0, ""173"": 0.0, ""31"": 0.0, ""130"": 0.0, ""128"": 0.0, ""205"": 0.0, ""159"": 0.0, ""92"": 0.01, ""132"": 0.0, ""167"": 0.0, ""84"": 0.0, ""198"": 0.0, ""5"": 0.0, ""38"": 0.0, ""75"": 0.0, ""206"": 0.0, ""36"": 0.0, ""54"": 0.0, ""68"": 0.0, ""44"": 0.0, ""154"": 0.0, ""218"": 0.0, ""87"": 0.0, ""170"": 0.0, ""70"": 0.0, ""12"": 0.0, ""129"": 0.0, ""197"": 0.0, ""171"": 0.0, ""220"": 0.0, ""226"": 0.0, ""57"": 0.0, ""61"": 0.0, ""217"": 0.0, ""180"": 0.29000000000000004, ""113"": 0.0, ""50"": 0.0, ""149"": 0.0, ""114"": 0.0, ""141"": 0.0, ""137"": 0.0, ""2"": 0.0, ""228"": 0.0, ""41"": 0.0, ""229"": 0.0, ""-1"": 0.34, ""107"": 0.0, ""65"": 0.0, ""76"": 0.0, ""214"": 0.0, ""7"": 0.0, ""28"": 0.0, ""26"": 0.0, ""106"": 0.0, ""190"": 0.0, ""85"": 0.0, ""101"": 0.0, ""169"": 0.0, ""56"": 0.0, ""147"": 0.0, ""17"": 0.0, ""19"": 0.0, ""213"": 0.0, ""232"": 0.0, ""181"": 0.0, ""151"": 0.0, ""116"": 0.0, ""219"": 0.0, ""202"": 0.0, ""97"": 0.01, ""126"": 0.0, ""37"": 0.0, ""166"": 0.0, ""103"": 0.0, ""48"": 0.0, ""27"": 0.0, ""53"": 0.0, ""144"": 0.0, ""158"": 0.0, ""18"": 0.0, ""77"": 0.0, ""120"": 0.0, ""161"": 0.0, ""46"": 0.0, ""221"": 0.0, ""60"": 0.0, ""222"": 0.0, ""234"": 0.0, ""199"": 0.0, ""99"": 0.01, ""212"": 0.0, ""148"": 0.0, ""47"": 0.0, ""138"": 0.0, ""39"": 0.0, ""93"": 0.01, ""82"": 0.02, ""64"": 0.0, ""201"": 0.0, ""187"": 0.0, ""136"": 0.0, ""9"": 0.0, ""105"": 0.0, ""111"": 0.0, ""230"": 0.0, ""192"": 0.0, ""95"": 0.01, ""21"": 0.0, ""195"": 0.0, ""209"": 0.0, ""22"": 0.0, ""23"": 0.0, ""235"": 0.0, ""125"": 0.0, ""233"": 0.0, ""8"": 0.0, ""155"": 0.0, ""157"": 0.0, ""4"": 0.0, ""108"": 0.0, ""135"": 0.0, ""55"": 0.0, ""184"": 0.0, ""63"": 0.0, ""42"": 0.0, ""3"": 0.0, ""207"": 0.0, ""25"": 0.0, ""110"": 0.0, ""152"": 0.0, ""94"": 0.01, ""185"": 0.0, ""150"": 0.0, ""88"": 0.0, ""81"": 0.0, ""160"": 0.0, ""6"": 0.0, ""16"": 0.0, ""74"": 0.0, ""43"": 0.0, ""112"": 0.0, ""122"": 0.0, ""227"": 0.0, ""71"": 0.0, ""73"": 0.0, ""14"": 0.0, ""204"": 0.0, ""100"": 0.0, ""109"": 0.0, ""11"": 0.0, ""210"": 0.0, ""86"": 0.0, ""13"": 0.0, ""30"": 0.0, ""200"": 0.0, ""33"": 0.0, ""145"": 0.0, ""45"": 0.0, ""58"": 0.0, ""79"": 0.0, ""104"": 0.0, ""66"": 0.0, ""216"": 0.0, ""224"": 0.0, ""223"": 0.0, ""0"": 0.0, ""134"": 0.0}",jev-1.13.0,061b631328df8bd8062c368cae9b0198bc2c143fcc8a69309526f7835439b213
semantic-short:bge-boundaries:60-180:q70:v1:2400164916:000000642160-000000739240,180,semantic:bge:leaf-local-6-2:42:180,Õpetaja hoituse rollid alushariduses,1.0,1.0,"{""171"": 0.0, ""89"": 0.0, ""114"": 0.0, ""61"": 0.0, ""210"": 0.0, ""162"": 0.0, ""224"": 0.0, ""107"": 0.0, ""187"": 0.0, ""65"": 0.0, ""28"": 0.0, ""77"": 0.0, ""79"": 0.0, ""104"": 0.0, ""72"": 0.0, ""115"": 0.0, ""-1"": 0.0, ""76"": 0.0, ""84"": 0.0, ""206"": 0.0, ""219"": 0.0, ""91"": 0.0, ""151"": 0.0, ""181"": 0.0, ""176"": 0.0, ""50"": 0.0, ""101"": 0.0, ""14"": 0.0, ""184"": 0.0, ""234"": 0.0, ""113"": 0.0, ""54"": 0.0, ""150"": 0.0, ""37"": 0.0, ""118"": 0.0, ""64"": 0.0, ""4"": 0.0, ""155"": 0.0, ""25"": 0.0, ""217"": 0.0, ""47"": 0.0, ""78"": 0.0, ""2"": 0.0, ""17"": 0.0, ""40"": 0.0, ""182"": 0.0, ""136"": 0.0, ""130"": 0.0, ""230"": 0.0, ""15"": 0.0, ""110"": 0.0, ""183"": 0.0, ""42"": 0.0, ""51"": 0.0, ""111"": 0.0, ""196"": 0.0, ""179"": 0.0, ""103"": 0.0, ""125"": 0.0, ""52"": 0.0, ""99"": 0.0, ""32"": 0.0, ""95"": 0.0, ""213"": 0.0, ""133"": 0.0, ""3"": 0.0, ""75"": 0.0, ""123"": 0.0, ""195"": 0.0, ""12"": 0.0, ""180"": 1.0, ""92"": 0.0, ""186"": 0.0, ""18"": 0.0, ""228"": 0.0, ""94"": 0.0, ""167"": 0.0, ""58"": 0.0, ""232"": 0.0, ""120"": 0.0, ""144"": 0.0, ""161"": 0.0, ""202"": 0.0, ""149"": 0.0, ""165"": 0.0, ""116"": 0.0, ""222"": 0.0, ""205"": 0.0, ""215"": 0.0, ""96"": 0.0, ""169"": 0.0, ""158"": 0.0, ""33"": 0.0, ""121"": 0.0, ""170"": 0.0, ""220"": 0.0, ""86"": 0.0, ""109"": 0.0, ""188"": 0.0, ""214"": 0.0, ""128"": 0.0, ""168"": 0.0, ""10"": 0.0, ""29"": 0.0, ""139"": 0.0, ""20"": 0.0, ""164"": 0.0, ""35"": 0.0, ""34"": 0.0, ""98"": 0.0, ""153"": 0.0, ""134"": 0.0, ""124"": 0.0, ""82"": 0.0, ""93"": 0.0, ""24"": 0.0, ""154"": 0.0, ""172"": 0.0, ""218"": 0.0, ""43"": 0.0, ""177"": 0.0, ""85"": 0.0, ""178"": 0.0, ""68"": 0.0, ""80"": 0.0, ""67"": 0.0, ""45"": 0.0, ""204"": 0.0, ""137"": 0.0, ""227"": 0.0, ""30"": 0.0, ""166"": 0.0, ""63"": 0.0, ""88"": 0.0, ""140"": 0.0, ""108"": 0.0, ""156"": 0.0, ""216"": 0.0, ""145"": 0.0, ""194"": 0.0, ""5"": 0.0, ""21"": 0.0, ""157"": 0.0, ""8"": 0.0, ""192"": 0.0, ""87"": 0.0, ""142"": 0.0, ""141"": 0.0, ""0"": 0.0, ""146"": 0.0, ""26"": 0.0, ""60"": 0.0, ""7"": 0.0, ""126"": 0.0, ""81"": 0.0, ""209"": 0.0, ""226"": 0.0, ""233"": 0.0, ""38"": 0.0, ""57"": 0.0, ""13"": 0.0, ""152"": 0.0, ""147"": 0.0, ""159"": 0.0, ""173"": 0.0, ""174"": 0.0, ""112"": 0.0, ""6"": 0.0, ""66"": 0.0, ""49"": 0.0, ""90"": 0.0, ""73"": 0.0, ""46"": 0.0, ""223"": 0.0, ""221"": 0.0, ""201"": 0.0, ""44"": 0.0, ""175"": 0.0, ""163"": 0.0, ""1"": 0.0, ""23"": 0.0, ""62"": 0.0, ""36"": 0.0, ""71"": 0.0, ""48"": 0.0, ""100"": 0.0, ""197"": 0.0, ""122"": 0.0, ""160"": 0.0, ""97"": 0.0, ""41"": 0.0, ""193"": 0.0, ""135"": 0.0, ""83"": 0.0, ""39"": 0.0, ""119"": 0.0, ""212"": 0.0, ""19"": 0.0, ""138"": 0.0, ""199"": 0.0, ""191"": 0.0, ""74"": 0.0, ""9"": 0.0, ""27"": 0.0, ""31"": 0.0, ""203"": 0.0, ""143"": 0.0, ""106"": 0.0, ""117"": 0.0, ""102"": 0.0, ""131"": 0.0, ""200"": 0.0, ""69"": 0.0, ""207"": 0.0, ""55"": 0.0, ""198"": 0.0, ""185"": 0.0, ""235"": 0.0, ""208"": 0.0, ""70"": 0.0, ""225"": 0.0, ""59"": 0.0, ""56"": 0.0, ""190"": 0.0, ""132"": 0.0, ""229"": 0.0, ""22"": 0.0, ""231"": 0.0, ""148"": 0.0, ""129"": 0.0, ""11"": 0.0, ""105"": 0.0, ""16"": 0.0, ""127"": 0.0, ""189"": 0.0, ""211"": 0.0, ""53"": 0.0}",jev-1.13.0,37ad467b11b6ddf2868771084af694055158e7e55c3c112033e69c3972d01daf
semantic-short:bge-boundaries:60-180:q70:v1:2400164916:000000739240-000000839040,180,semantic:bge:leaf-local-6-2:42:180,Õpetaja hoituse rollid alushariduses,0.95,0.94,"{""131"": 0.0, ""23"": 0.0, ""220"": 0.0, ""170"": 0.0, ""155"": 0.0, ""218"": 0.0, ""149"": 0.0, ""88"": 0.0, ""108"": 0.0, ""134"": 0.0, ""8"": 0.0, ""217"": 0.0, ""184"": 0.0, ""204"": 0.0, ""109"": 0.0, ""56"": 0.0, ""147"": 0.0, ""160"": 0.0, ""140"": 0.0, ""199"": 0.0, ""226"": 0.0, ""179"": 0.0, ""26"": 0.0, ""42"": 0.0, ""185"": 0.0, ""167"": 0.0, ""227"": 0.0, ""168"": 0.0, ""132"": 0.0, ""116"": 0.0, ""60"": 0.0, ""89"": 0.0, ""209"": 0.0, ""70"": 0.0, ""67"": 0.0, ""62"": 0.0, ""143"": 0.0, ""53"": 0.0, ""190"": 0.0, ""158"": 0.0, ""10"": 0.0, ""221"": 0.0, ""126"": 0.0, ""1"": 0.0, ""81"": 0.0, ""157"": 0.0, ""210"": 0.0, ""5"": 0.0, ""63"": 0.0, ""110"": 0.0, ""215"": 0.0, ""91"": 0.0, ""94"": 0.0, ""144"": 0.0, ""99"": 0.0, ""73"": 0.0, ""90"": 0.0, ""182"": 0.0, ""65"": 0.0, ""195"": 0.0, ""223"": 0.0, ""107"": 0.0, ""112"": 0.0, ""17"": 0.0, ""96"": 0.0, ""159"": 0.0, ""212"": 0.0, ""105"": 0.0, ""27"": 0.0, ""15"": 0.0, ""206"": 0.0, ""176"": 0.0, ""102"": 0.0, ""151"": 0.0, ""68"": 0.0, ""36"": 0.0, ""178"": 0.0, ""174"": 0.0, ""192"": 0.0, ""162"": 0.0, ""41"": 0.0, ""123"": 0.0, ""197"": 0.0, ""136"": 0.0, ""55"": 0.0, ""175"": 0.0, ""152"": 0.0, ""111"": 0.0, ""12"": 0.0, ""93"": 0.0, ""92"": 0.0, ""145"": 0.0, ""7"": 0.0, ""71"": 0.0, ""127"": 0.0, ""101"": 0.0, ""118"": 0.0, ""198"": 0.0, ""171"": 0.0, ""181"": 0.0, ""30"": 0.0, ""61"": 0.0, ""203"": 0.0, ""125"": 0.0, ""229"": 0.0, ""31"": 0.0, ""188"": 0.0, ""13"": 0.0, ""230"": 0.0, ""45"": 0.0, ""2"": 0.0, ""177"": 0.0, ""39"": 0.0, ""57"": 0.0, ""232"": 0.0, ""234"": 0.0, ""180"": 0.95, ""222"": 0.0, ""173"": 0.0, ""100"": 0.0, ""9"": 0.0, ""64"": 0.0, ""205"": 0.0, ""233"": 0.0, ""97"": 0.0, ""50"": 0.0, ""74"": 0.0, ""103"": 0.0, ""-1"": 0.05, ""200"": 0.0, ""14"": 0.0, ""16"": 0.0, ""47"": 0.0, ""225"": 0.0, ""172"": 0.0, ""69"": 0.0, ""6"": 0.0, ""150"": 0.0, ""191"": 0.0, ""59"": 0.0, ""38"": 0.0, ""35"": 0.0, ""193"": 0.0, ""137"": 0.0, ""164"": 0.0, ""130"": 0.0, ""202"": 0.0, ""24"": 0.0, ""121"": 0.0, ""83"": 0.0, ""133"": 0.0, ""219"": 0.0, ""37"": 0.0, ""76"": 0.0, ""161"": 0.0, ""32"": 0.0, ""52"": 0.0, ""224"": 0.0, ""54"": 0.0, ""189"": 0.0, ""86"": 0.0, ""43"": 0.0, ""80"": 0.0, ""119"": 0.0, ""183"": 0.0, ""82"": 0.0, ""235"": 0.0, ""85"": 0.0, ""207"": 0.0, ""49"": 0.0, ""113"": 0.0, ""79"": 0.0, ""186"": 0.0, ""228"": 0.0, ""46"": 0.0, ""51"": 0.0, ""33"": 0.0, ""40"": 0.0, ""21"": 0.0, ""58"": 0.0, ""115"": 0.0, ""166"": 0.0, ""156"": 0.0, ""187"": 0.0, ""214"": 0.0, ""48"": 0.0, ""139"": 0.0, ""84"": 0.0, ""165"": 0.0, ""19"": 0.0, ""78"": 0.0, ""208"": 0.0, ""4"": 0.0, ""138"": 0.0, ""98"": 0.0, ""104"": 0.0, ""142"": 0.0, ""231"": 0.0, ""44"": 0.0, ""28"": 0.0, ""196"": 0.0, ""148"": 0.0, ""95"": 0.0, ""163"": 0.0, ""87"": 0.0, ""66"": 0.0, ""201"": 0.0, ""135"": 0.0, ""154"": 0.0, ""213"": 0.0, ""194"": 0.0, ""124"": 0.0, ""20"": 0.0, ""18"": 0.0, ""216"": 0.0, ""128"": 0.0, ""75"": 0.0, ""3"": 0.0, ""146"": 0.0, ""11"": 0.0, ""211"": 0.0, ""34"": 0.0, ""0"": 0.0, ""114"": 0.0, ""22"": 0.0, ""129"": 0.0, ""77"": 0.0, ""141"": 0.0, ""117"": 0.0, ""122"": 0.0, ""25"": 0.0, ""120"": 0.0, ""153"": 0.0, ""72"": 0.0, ""106"": 0.0, ""169"": 0.0, ""29"": 0.0}",jev-1.13.0,328867b38330b341aa0b0eb51d27150424f60725ea7a86e894f1f3b966aa97f0
semantic-short:bge-boundaries:60-180:q70:v1:2400164916:000000839040-000000907320,180,semantic:bge:leaf-local-6-2:42:180,Õpetaja hoituse rollid alushariduses,1.0,1.0,"{""104"": 0.0, ""131"": 0.0, ""109"": 0.0, ""58"": 0.0, ""70"": 0.0, ""120"": 0.0, ""228"": 0.0, ""127"": 0.0, ""201"": 0.0, ""28"": 0.0, ""214"": 0.0, ""126"": 0.0, ""180"": 1.0, ""132"": 0.0, ""118"": 0.0, ""107"": 0.0, ""55"": 0.0, ""1"": 0.0, ""110"": 0.0, ""182"": 0.0, ""83"": 0.0, ""27"": 0.0, ""138"": 0.0, ""187"": 0.0, ""207"": 0.0, ""140"": 0.0, ""230"": 0.0, ""219"": 0.0, ""194"": 0.0, ""61"": 0.0, ""93"": 0.0, ""150"": 0.0, ""98"": 0.0, ""0"": 0.0, ""15"": 0.0, ""146"": 0.0, ""102"": 0.0, ""124"": 0.0, ""69"": 0.0, ""44"": 0.0, ""86"": 0.0, ""48"": 0.0, ""225"": 0.0, ""197"": 0.0, ""17"": 0.0, ""186"": 0.0, ""213"": 0.0, ""46"": 0.0, ""215"": 0.0, ""190"": 0.0, ""103"": 0.0, ""94"": 0.0, ""209"": 0.0, ""42"": 0.0, ""56"": 0.0, ""165"": 0.0, ""121"": 0.0, ""179"": 0.0, ""170"": 0.0, ""19"": 0.0, ""135"": 0.0, ""217"": 0.0, ""185"": 0.0, ""99"": 0.0, ""49"": 0.0, ""47"": 0.0, ""10"": 0.0, ""156"": 0.0, ""-1"": 0.0, ""111"": 0.0, ""6"": 0.0, ""221"": 0.0, ""134"": 0.0, ""63"": 0.0, ""196"": 0.0, ""224"": 0.0, ""137"": 0.0, ""8"": 0.0, ""76"": 0.0, ""158"": 0.0, ""112"": 0.0, ""89"": 0.0, ""163"": 0.0, ""226"": 0.0, ""116"": 0.0, ""37"": 0.0, ""172"": 0.0, ""24"": 0.0, ""31"": 0.0, ""125"": 0.0, ""79"": 0.0, ""21"": 0.0, ""212"": 0.0, ""40"": 0.0, ""220"": 0.0, ""200"": 0.0, ""174"": 0.0, ""75"": 0.0, ""77"": 0.0, ""97"": 0.0, ""223"": 0.0, ""72"": 0.0, ""162"": 0.0, ""26"": 0.0, ""87"": 0.0, ""128"": 0.0, ""192"": 0.0, ""101"": 0.0, ""30"": 0.0, ""54"": 0.0, ""206"": 0.0, ""218"": 0.0, ""65"": 0.0, ""129"": 0.0, ""232"": 0.0, ""23"": 0.0, ""210"": 0.0, ""67"": 0.0, ""133"": 0.0, ""7"": 0.0, ""130"": 0.0, ""11"": 0.0, ""204"": 0.0, ""166"": 0.0, ""208"": 0.0, ""36"": 0.0, ""122"": 0.0, ""151"": 0.0, ""178"": 0.0, ""20"": 0.0, ""159"": 0.0, ""82"": 0.0, ""100"": 0.0, ""74"": 0.0, ""143"": 0.0, ""181"": 0.0, ""66"": 0.0, ""9"": 0.0, ""33"": 0.0, ""39"": 0.0, ""80"": 0.0, ""32"": 0.0, ""152"": 0.0, ""81"": 0.0, ""25"": 0.0, ""234"": 0.0, ""202"": 0.0, ""115"": 0.0, ""4"": 0.0, ""147"": 0.0, ""85"": 0.0, ""142"": 0.0, ""123"": 0.0, ""16"": 0.0, ""35"": 0.0, ""5"": 0.0, ""12"": 0.0, ""90"": 0.0, ""145"": 0.0, ""160"": 0.0, ""169"": 0.0, ""235"": 0.0, ""216"": 0.0, ""203"": 0.0, ""71"": 0.0, ""3"": 0.0, ""50"": 0.0, ""108"": 0.0, ""193"": 0.0, ""96"": 0.0, ""62"": 0.0, ""171"": 0.0, ""105"": 0.0, ""211"": 0.0, ""113"": 0.0, ""60"": 0.0, ""95"": 0.0, ""205"": 0.0, ""92"": 0.0, ""154"": 0.0, ""149"": 0.0, ""59"": 0.0, ""195"": 0.0, ""78"": 0.0, ""189"": 0.0, ""175"": 0.0, ""227"": 0.0, ""144"": 0.0, ""157"": 0.0, ""167"": 0.0, ""29"": 0.0, ""176"": 0.0, ""34"": 0.0, ""141"": 0.0, ""38"": 0.0, ""136"": 0.0, ""43"": 0.0, ""51"": 0.0, ""183"": 0.0, ""13"": 0.0, ""231"": 0.0, ""45"": 0.0, ""198"": 0.0, ""229"": 0.0, ""68"": 0.0, ""2"": 0.0, ""64"": 0.0, ""191"": 0.0, ""84"": 0.0, ""41"": 0.0, ""57"": 0.0, ""233"": 0.0, ""139"": 0.0, ""114"": 0.0, ""117"": 0.0, ""155"": 0.0, ""91"": 0.0, ""88"": 0.0, ""184"": 0.0, ""106"": 0.0, ""168"": 0.0, ""148"": 0.0, ""153"": 0.0, ""199"": 0.0, ""164"": 0.0, ""177"": 0.0, ""222"": 0.0, ""14"": 0.0, ""119"": 0.0, ""173"": 0.0, ""73"": 0.0, ""52"": 0.0, ""18"": 0.0, ""161"": 0.0, ""53"": 0.0, ""22"": 0.0, ""188"": 0.0}",jev-1.13.0,65e7ec15a2d9a5eeee90b50ad1ed7b9e233c4fb7aef05432d07302777d21a248
semantic-short:bge-boundaries:60-180:q70:v1:2400164916:000000907320-000001069640,180,semantic:bge:leaf-local-6-2:42:180,Õpetaja hoituse rollid alushariduses,1.0,0.99,"{""152"": 0.0, ""35"": 0.0, ""175"": 0.0, ""2"": 0.0, ""221"": 0.0, ""157"": 0.0, ""1"": 0.0, ""148"": 0.0, ""194"": 0.0, ""172"": 0.0, ""67"": 0.0, ""20"": 0.0, ""39"": 0.0, ""190"": 0.0, ""184"": 0.0, ""80"": 0.0, ""45"": 0.0, ""104"": 0.0, ""82"": 0.0, ""0"": 0.0, ""117"": 0.0, ""132"": 0.0, ""158"": 0.0, ""189"": 0.0, ""68"": 0.0, ""192"": 0.0, ""233"": 0.0, ""222"": 0.0, ""187"": 0.0, ""92"": 0.0, ""30"": 0.0, ""232"": 0.0, ""115"": 0.0, ""217"": 0.0, ""73"": 0.0, ""110"": 0.0, ""180"": 1.0, ""170"": 0.0, ""143"": 0.0, ""94"": 0.0, ""69"": 0.0, ""5"": 0.0, ""106"": 0.0, ""165"": 0.0, ""50"": 0.0, ""228"": 0.0, ""60"": 0.0, ""43"": 0.0, ""54"": 0.0, ""90"": 0.0, ""136"": 0.0, ""216"": 0.0, ""183"": 0.0, ""129"": 0.0, ""88"": 0.0, ""156"": 0.0, ""72"": 0.0, ""87"": 0.0, ""19"": 0.0, ""28"": 0.0, ""21"": 0.0, ""193"": 0.0, ""65"": 0.0, ""125"": 0.0, ""37"": 0.0, ""40"": 0.0, ""142"": 0.0, ""56"": 0.0, ""160"": 0.0, ""97"": 0.0, ""206"": 0.0, ""215"": 0.0, ""209"": 0.0, ""3"": 0.0, ""33"": 0.0, ""11"": 0.0, ""62"": 0.0, ""204"": 0.0, ""146"": 0.0, ""119"": 0.0, ""109"": 0.0, ""128"": 0.0, ""105"": 0.0, ""83"": 0.0, ""108"": 0.0, ""47"": 0.0, ""219"": 0.0, ""212"": 0.0, ""61"": 0.0, ""121"": 0.0, ""196"": 0.0, ""111"": 0.0, ""144"": 0.0, ""126"": 0.0, ""191"": 0.0, ""51"": 0.0, ""197"": 0.0, ""229"": 0.0, ""234"": 0.0, ""59"": 0.0, ""131"": 0.0, ""164"": 0.0, ""44"": 0.0, ""130"": 0.0, ""116"": 0.0, ""138"": 0.0, ""112"": 0.0, ""133"": 0.0, ""27"": 0.0, ""210"": 0.0, ""66"": 0.0, ""14"": 0.0, ""15"": 0.0, ""181"": 0.0, ""49"": 0.0, ""169"": 0.0, ""86"": 0.0, ""137"": 0.0, ""34"": 0.0, ""12"": 0.0, ""140"": 0.0, ""98"": 0.0, ""42"": 0.0, ""10"": 0.0, ""213"": 0.0, ""16"": 0.0, ""173"": 0.0, ""91"": 0.0, ""176"": 0.0, ""123"": 0.0, ""195"": 0.0, ""22"": 0.0, ""205"": 0.0, ""113"": 0.0, ""101"": 0.0, ""200"": 0.0, ""24"": 0.0, ""186"": 0.0, ""58"": 0.0, ""124"": 0.0, ""174"": 0.0, ""99"": 0.0, ""198"": 0.0, ""139"": 0.0, ""141"": 0.0, ""89"": 0.0, ""159"": 0.0, ""202"": 0.0, ""63"": 0.0, ""118"": 0.0, ""76"": 0.0, ""13"": 0.0, ""36"": 0.0, ""122"": 0.0, ""235"": 0.0, ""224"": 0.0, ""155"": 0.0, ""31"": 0.0, ""167"": 0.0, ""226"": 0.0, ""178"": 0.0, ""153"": 0.0, ""207"": 0.0, ""93"": 0.0, ""6"": 0.0, ""23"": 0.0, ""214"": 0.0, ""149"": 0.0, ""171"": 0.0, ""17"": 0.0, ""41"": 0.0, ""85"": 0.0, ""53"": 0.0, ""57"": 0.0, ""75"": 0.0, ""26"": 0.0, ""225"": 0.0, ""150"": 0.0, ""134"": 0.0, ""7"": 0.0, ""18"": 0.0, ""220"": 0.0, ""77"": 0.0, ""211"": 0.0, ""127"": 0.0, ""208"": 0.0, ""-1"": 0.0, ""8"": 0.0, ""32"": 0.0, ""78"": 0.0, ""29"": 0.0, ""120"": 0.0, ""161"": 0.0, ""114"": 0.0, ""52"": 0.0, ""218"": 0.0, ""151"": 0.0, ""163"": 0.0, ""154"": 0.0, ""182"": 0.0, ""107"": 0.0, ""64"": 0.0, ""179"": 0.0, ""74"": 0.0, ""70"": 0.0, ""230"": 0.0, ""147"": 0.0, ""96"": 0.0, ""9"": 0.0, ""201"": 0.0, ""203"": 0.0, ""71"": 0.0, ""38"": 0.0, ""166"": 0.0, ""199"": 0.0, ""102"": 0.0, ""46"": 0.0, ""84"": 0.0, ""79"": 0.0, ""162"": 0.0, ""145"": 0.0, ""177"": 0.0, ""55"": 0.0, ""4"": 0.0, ""223"": 0.0, ""188"": 0.0, ""103"": 0.0, ""231"": 0.0, ""25"": 0.0, ""135"": 0.0, ""95"": 0.0, ""185"": 0.0, ""48"": 0.0, ""168"": 0.0, ""81"": 0.0, ""227"": 0.0, ""100"": 0.0}",jev-1.13.0,27e678fca9ba2113971248b49b8045de7c5b6775a8aee740406ecdbc8d7385ac
semantic-short:bge-boundaries:60-180:q70:v1:2400164916:000001069640-000001169440,180,semantic:bge:leaf-local-6-2:42:180,Õpetaja hoituse rollid alushariduses,0.92,0.91,"{""184"": 0.0, ""71"": 0.0, ""139"": 0.0, ""207"": 0.0, ""231"": 0.0, ""161"": 0.0, ""218"": 0.0, ""211"": 0.0, ""29"": 0.0, ""126"": 0.0, ""20"": 0.0, ""45"": 0.0, ""151"": 0.0, ""33"": 0.0, ""170"": 0.0, ""6"": 0.0, ""158"": 0.0, ""193"": 0.0, ""0"": 0.0, ""62"": 0.0, ""81"": 0.0, ""176"": 0.0, ""157"": 0.0, ""172"": 0.0, ""205"": 0.0, ""210"": 0.0, ""235"": 0.0, ""87"": 0.0, ""24"": 0.0, ""198"": 0.0, ""213"": 0.0, ""28"": 0.0, ""64"": 0.0, ""18"": 0.0, ""75"": 0.0, ""164"": 0.0, ""121"": 0.0, ""147"": 0.0, ""181"": 0.0, ""17"": 0.0, ""117"": 0.0, ""2"": 0.0, ""155"": 0.0, ""93"": 0.0, ""85"": 0.0, ""133"": 0.0, ""68"": 0.0, ""25"": 0.0, ""234"": 0.0, ""115"": 0.0, ""122"": 0.0, ""37"": 0.0, ""188"": 0.0, ""196"": 0.0, ""114"": 0.0, ""123"": 0.0, ""203"": 0.0, ""212"": 0.0, ""130"": 0.0, ""118"": 0.0, ""135"": 0.0, ""180"": 0.92, ""51"": 0.0, ""144"": 0.0, ""67"": 0.0, ""15"": 0.0, ""128"": 0.0, ""95"": 0.0, ""206"": 0.0, ""229"": 0.0, ""162"": 0.0, ""154"": 0.0, ""80"": 0.0, ""55"": 0.0, ""194"": 0.0, ""160"": 0.0, ""8"": 0.0, ""177"": 0.0, ""220"": 0.0, ""119"": 0.0, ""175"": 0.0, ""19"": 0.0, ""127"": 0.0, ""156"": 0.0, ""171"": 0.0, ""187"": 0.0, ""136"": 0.0, ""73"": 0.0, ""99"": 0.0, ""192"": 0.0, ""227"": 0.0, ""102"": 0.0, ""53"": 0.0, ""35"": 0.0, ""-1"": 0.08, ""14"": 0.0, ""13"": 0.0, ""226"": 0.0, ""104"": 0.0, ""65"": 0.0, ""174"": 0.0, ""132"": 0.0, ""167"": 0.0, ""141"": 0.0, ""56"": 0.0, ""215"": 0.0, ""26"": 0.0, ""195"": 0.0, ""16"": 0.0, ""101"": 0.0, ""183"": 0.0, ""233"": 0.0, ""12"": 0.0, ""116"": 0.0, ""138"": 0.0, ""165"": 0.0, ""230"": 0.0, ""216"": 0.0, ""50"": 0.0, ""204"": 0.0, ""36"": 0.0, ""109"": 0.0, ""82"": 0.0, ""52"": 0.0, ""159"": 0.0, ""228"": 0.0, ""88"": 0.0, ""72"": 0.0, ""137"": 0.0, ""54"": 0.0, ""10"": 0.0, ""61"": 0.0, ""111"": 0.0, ""1"": 0.0, ""11"": 0.0, ""96"": 0.0, ""225"": 0.0, ""30"": 0.0, ""89"": 0.0, ""125"": 0.0, ""163"": 0.0, ""47"": 0.0, ""178"": 0.0, ""185"": 0.0, ""7"": 0.0, ""145"": 0.0, ""201"": 0.0, ""182"": 0.0, ""69"": 0.0, ""49"": 0.0, ""23"": 0.0, ""92"": 0.0, ""5"": 0.0, ""150"": 0.0, ""3"": 0.0, ""90"": 0.0, ""108"": 0.0, ""140"": 0.0, ""32"": 0.0, ""129"": 0.0, ""202"": 0.0, ""38"": 0.0, ""191"": 0.0, ""224"": 0.0, ""59"": 0.0, ""208"": 0.0, ""83"": 0.0, ""44"": 0.0, ""39"": 0.0, ""27"": 0.0, ""112"": 0.0, ""77"": 0.0, ""58"": 0.0, ""9"": 0.0, ""186"": 0.0, ""60"": 0.0, ""217"": 0.0, ""134"": 0.0, ""152"": 0.0, ""131"": 0.0, ""97"": 0.0, ""84"": 0.0, ""189"": 0.0, ""22"": 0.0, ""146"": 0.0, ""48"": 0.0, ""98"": 0.0, ""142"": 0.0, ""173"": 0.0, ""46"": 0.0, ""219"": 0.0, ""166"": 0.0, ""105"": 0.0, ""57"": 0.0, ""168"": 0.0, ""148"": 0.0, ""113"": 0.0, ""124"": 0.0, ""100"": 0.0, ""153"": 0.0, ""190"": 0.0, ""70"": 0.0, ""221"": 0.0, ""120"": 0.0, ""94"": 0.0, ""31"": 0.0, ""63"": 0.0, ""42"": 0.0, ""110"": 0.0, ""41"": 0.0, ""4"": 0.0, ""103"": 0.0, ""91"": 0.0, ""222"": 0.0, ""232"": 0.0, ""78"": 0.0, ""223"": 0.0, ""169"": 0.0, ""79"": 0.0, ""74"": 0.0, ""209"": 0.0, ""66"": 0.0, ""107"": 0.0, ""179"": 0.0, ""143"": 0.0, ""86"": 0.0, ""43"": 0.0, ""214"": 0.0, ""199"": 0.0, ""106"": 0.0, ""197"": 0.0, ""149"": 0.0, ""200"": 0.0, ""40"": 0.0, ""34"": 0.0, ""21"": 0.0, ""76"": 0.0}",jev-1.13.0,b3470f0932855f7cd862edce0f47b09c217526c85dc4240cbd72247178e32fe3
semantic-short:bge-boundaries:60-180:q70:v1:2400164916:000001169440-000001266880,180,semantic:bge:leaf-local-6-2:42:180,Õpetaja hoituse rollid alushariduses,1.0,1.0,"{""221"": 0.0, ""82"": 0.0, ""167"": 0.0, ""104"": 0.0, ""141"": 0.0, ""91"": 0.0, ""70"": 0.0, ""75"": 0.0, ""36"": 0.0, ""186"": 0.0, ""122"": 0.0, ""22"": 0.0, ""151"": 0.0, ""37"": 0.0, ""216"": 0.0, ""46"": 0.0, ""162"": 0.0, ""86"": 0.0, ""214"": 0.0, ""125"": 0.0, ""129"": 0.0, ""173"": 0.0, ""52"": 0.0, ""42"": 0.0, ""135"": 0.0, ""164"": 0.0, ""69"": 0.0, ""235"": 0.0, ""6"": 0.0, ""76"": 0.0, ""32"": 0.0, ""98"": 0.0, ""179"": 0.0, ""137"": 0.0, ""78"": 0.0, ""189"": 0.0, ""202"": 0.0, ""68"": 0.0, ""116"": 0.0, ""170"": 0.0, ""212"": 0.0, ""123"": 0.0, ""223"": 0.0, ""66"": 0.0, ""183"": 0.0, ""215"": 0.0, ""-1"": 0.0, ""74"": 0.0, ""138"": 0.0, ""139"": 0.0, ""208"": 0.0, ""73"": 0.0, ""175"": 0.0, ""27"": 0.0, ""81"": 0.0, ""158"": 0.0, ""219"": 0.0, ""43"": 0.0, ""17"": 0.0, ""34"": 0.0, ""50"": 0.0, ""2"": 0.0, ""4"": 0.0, ""71"": 0.0, ""51"": 0.0, ""11"": 0.0, ""198"": 0.0, ""192"": 0.0, ""143"": 0.0, ""93"": 0.0, ""200"": 0.0, ""99"": 0.0, ""16"": 0.0, ""121"": 0.0, ""204"": 0.0, ""218"": 0.0, ""132"": 0.0, ""10"": 0.0, ""94"": 0.0, ""9"": 0.0, ""8"": 0.0, ""211"": 0.0, ""160"": 0.0, ""40"": 0.0, ""60"": 0.0, ""77"": 0.0, ""35"": 0.0, ""234"": 0.0, ""199"": 0.0, ""148"": 0.0, ""153"": 0.0, ""83"": 0.0, ""227"": 0.0, ""79"": 0.0, ""19"": 0.0, ""206"": 0.0, ""224"": 0.0, ""159"": 0.0, ""96"": 0.0, ""124"": 0.0, ""25"": 0.0, ""131"": 0.0, ""134"": 0.0, ""41"": 0.0, ""14"": 0.0, ""84"": 0.0, ""62"": 0.0, ""130"": 0.0, ""57"": 0.0, ""232"": 0.0, ""193"": 0.0, ""95"": 0.0, ""161"": 0.0, ""133"": 0.0, ""171"": 0.0, ""157"": 0.0, ""0"": 0.0, ""226"": 0.0, ""88"": 0.0, ""3"": 0.0, ""178"": 0.0, ""54"": 0.0, ""102"": 0.0, ""65"": 0.0, ""114"": 0.0, ""58"": 0.0, ""87"": 0.0, ""172"": 0.0, ""145"": 0.0, ""29"": 0.0, ""233"": 0.0, ""80"": 0.0, ""127"": 0.0, ""220"": 0.0, ""188"": 0.0, ""154"": 0.0, ""140"": 0.0, ""13"": 0.0, ""108"": 0.0, ""56"": 0.0, ""63"": 0.0, ""44"": 0.0, ""119"": 0.0, ""26"": 0.0, ""210"": 0.0, ""228"": 0.0, ""117"": 0.0, ""45"": 0.0, ""97"": 0.0, ""174"": 0.0, ""103"": 0.0, ""110"": 0.0, ""12"": 0.0, ""176"": 0.0, ""195"": 0.0, ""136"": 0.0, ""142"": 0.0, ""39"": 0.0, ""149"": 0.0, ""209"": 0.0, ""150"": 0.0, ""28"": 0.0, ""21"": 0.0, ""126"": 0.0, ""112"": 0.0, ""120"": 0.0, ""5"": 0.0, ""89"": 0.0, ""229"": 0.0, ""113"": 0.0, ""180"": 1.0, ""31"": 0.0, ""156"": 0.0, ""181"": 0.0, ""18"": 0.0, ""15"": 0.0, ""72"": 0.0, ""115"": 0.0, ""105"": 0.0, ""155"": 0.0, ""194"": 0.0, ""152"": 0.0, ""61"": 0.0, ""191"": 0.0, ""213"": 0.0, ""196"": 0.0, ""24"": 0.0, ""203"": 0.0, ""85"": 0.0, ""106"": 0.0, ""1"": 0.0, ""59"": 0.0, ""230"": 0.0, ""147"": 0.0, ""92"": 0.0, ""222"": 0.0, ""101"": 0.0, ""169"": 0.0, ""205"": 0.0, ""177"": 0.0, ""7"": 0.0, ""55"": 0.0, ""48"": 0.0, ""38"": 0.0, ""184"": 0.0, ""163"": 0.0, ""146"": 0.0, ""107"": 0.0, ""47"": 0.0, ""144"": 0.0, ""49"": 0.0, ""109"": 0.0, ""168"": 0.0, ""182"": 0.0, ""225"": 0.0, ""23"": 0.0, ""30"": 0.0, ""33"": 0.0, ""187"": 0.0, ""100"": 0.0, ""217"": 0.0, ""166"": 0.0, ""165"": 0.0, ""231"": 0.0, ""90"": 0.0, ""207"": 0.0, ""64"": 0.0, ""201"": 0.0, ""20"": 0.0, ""67"": 0.0, ""53"": 0.0, ""118"": 0.0, ""197"": 0.0, ""128"": 0.0, ""111"": 0.0, ""185"": 0.0, ""190"": 0.0}",jev-1.13.0,1508248b7d2fd87c9b4afa0b0496092242e1bfb5cb237848a9a719a2392b6012
semantic-short:bge-boundaries:60-180:q70:v1:2400164916:000001266880-000001358480,15,semantic:bge:leaf-local-6-2:42:15,lapsevanema kaasamine lasteaia koostöösse,0.52,0.5,"{""221"": 0.0, ""115"": 0.0, ""43"": 0.0, ""41"": 0.0, ""163"": 0.0, ""76"": 0.0, ""230"": 0.0, ""225"": 0.0, ""47"": 0.0, ""220"": 0.0, ""109"": 0.0, ""49"": 0.0, ""143"": 0.0, ""32"": 0.0, ""179"": 0.0, ""46"": 0.0, ""185"": 0.0, ""103"": 0.0, ""34"": 0.0, ""12"": 0.0, ""169"": 0.0, ""142"": 0.0, ""77"": 0.0, ""182"": 0.0, ""56"": 0.0, ""231"": 0.0, ""223"": 0.0, ""196"": 0.02, ""176"": 0.0, ""200"": 0.0, ""207"": 0.0, ""-1"": 0.03, ""93"": 0.0, ""135"": 0.0, ""219"": 0.0, ""68"": 0.0, ""218"": 0.0, ""216"": 0.0, ""79"": 0.0, ""170"": 0.0, ""78"": 0.0, ""23"": 0.0, ""172"": 0.09999999999999999, ""27"": 0.0, ""7"": 0.0, ""29"": 0.0, ""151"": 0.0, ""114"": 0.0, ""188"": 0.0, ""202"": 0.0, ""206"": 0.0, ""167"": 0.0, ""8"": 0.0, ""118"": 0.0, ""74"": 0.0, ""211"": 0.0, ""154"": 0.0, ""190"": 0.0, ""157"": 0.0, ""121"": 0.0, ""52"": 0.0, ""73"": 0.0, ""192"": 0.0, ""13"": 0.0, ""36"": 0.0, ""106"": 0.0, ""119"": 0.0, ""104"": 0.0, ""30"": 0.0, ""19"": 0.0, ""110"": 0.0, ""94"": 0.0, ""217"": 0.0, ""31"": 0.0, ""53"": 0.0, ""16"": 0.0, ""235"": 0.0, ""22"": 0.0, ""48"": 0.0, ""160"": 0.0, ""161"": 0.0, ""147"": 0.0, ""159"": 0.0, ""215"": 0.0, ""62"": 0.0, ""203"": 0.0, ""54"": 0.0, ""180"": 0.01, ""214"": 0.0, ""55"": 0.0, ""18"": 0.0, ""99"": 0.0, ""226"": 0.0, ""15"": 0.52, ""204"": 0.0, ""0"": 0.0, ""184"": 0.0, ""10"": 0.0, ""209"": 0.0, ""71"": 0.0, ""61"": 0.0, ""37"": 0.0, ""69"": 0.0, ""212"": 0.0, ""183"": 0.0, ""65"": 0.0, ""150"": 0.0, ""129"": 0.0, ""45"": 0.0, ""63"": 0.0, ""131"": 0.0, ""178"": 0.0, ""134"": 0.0, ""25"": 0.0, ""33"": 0.0, ""44"": 0.0, ""128"": 0.0, ""193"": 0.0, ""2"": 0.0, ""153"": 0.0, ""149"": 0.0, ""42"": 0.0, ""191"": 0.0, ""201"": 0.0, ""222"": 0.0, ""133"": 0.0, ""107"": 0.0, ""175"": 0.0, ""83"": 0.0, ""155"": 0.0, ""117"": 0.0, ""100"": 0.0, ""125"": 0.08, ""108"": 0.0, ""40"": 0.0, ""91"": 0.0, ""58"": 0.0, ""92"": 0.0, ""228"": 0.0, ""234"": 0.0, ""95"": 0.0, ""208"": 0.0, ""57"": 0.0, ""70"": 0.0, ""232"": 0.0, ""85"": 0.0, ""86"": 0.0, ""102"": 0.0, ""39"": 0.0, ""72"": 0.0, ""162"": 0.0, ""81"": 0.0, ""124"": 0.0, ""66"": 0.0, ""224"": 0.0, ""112"": 0.0, ""24"": 0.0, ""229"": 0.0, ""199"": 0.0, ""141"": 0.0, ""197"": 0.0, ""171"": 0.0, ""138"": 0.0, ""140"": 0.0, ""186"": 0.0, ""187"": 0.0, ""198"": 0.0, ""28"": 0.0, ""156"": 0.0, ""166"": 0.0, ""17"": 0.0, ""164"": 0.0, ""111"": 0.0, ""123"": 0.0, ""35"": 0.0, ""116"": 0.0, ""165"": 0.0, ""144"": 0.0, ""210"": 0.0, ""101"": 0.0, ""59"": 0.0, ""189"": 0.0, ""67"": 0.0, ""14"": 0.0, ""213"": 0.0, ""84"": 0.0, ""80"": 0.0, ""90"": 0.0, ""181"": 0.0, ""168"": 0.0, ""158"": 0.0, ""38"": 0.0, ""89"": 0.0, ""21"": 0.0, ""145"": 0.0, ""4"": 0.23, ""26"": 0.0, ""233"": 0.0, ""152"": 0.0, ""75"": 0.0, ""6"": 0.0, ""60"": 0.0, ""174"": 0.0, ""130"": 0.0, ""195"": 0.0, ""1"": 0.0, ""122"": 0.0, ""120"": 0.0, ""127"": 0.0, ""51"": 0.0, ""105"": 0.0, ""126"": 0.0, ""132"": 0.0, ""136"": 0.0, ""194"": 0.0, ""148"": 0.0, ""113"": 0.0, ""97"": 0.0, ""20"": 0.0, ""9"": 0.0, ""11"": 0.0, ""50"": 0.0, ""146"": 0.0, ""177"": 0.0, ""88"": 0.0, ""205"": 0.0, ""137"": 0.0, ""173"": 0.0, ""139"": 0.0, ""5"": 0.0, ""227"": 0.0, ""87"": 0.0, ""64"": 0.0, ""98"": 0.0, ""3"": 0.0, ""82"": 0.0, ""96"": 0.0}",jev-1.13.0,b345356c823f54b6b8e1e0f95fc5a54e69275642cb6ef85ee82ec03357476e8e
semantic-short:bge-boundaries:60-180:q70:v1:2400164916:000001358480-000001455440,180,semantic:bge:leaf-local-6-2:42:180,Õpetaja hoituse rollid alushariduses,0.74,0.72,"{""44"": 0.0, ""30"": 0.0, ""85"": 0.0, ""99"": 0.0, ""88"": 0.0, ""169"": 0.0, ""174"": 0.0, ""53"": 0.0, ""147"": 0.0, ""48"": 0.0, ""144"": 0.0, ""145"": 0.0, ""171"": 0.0, ""172"": 0.01, ""146"": 0.0, ""187"": 0.0, ""62"": 0.0, ""24"": 0.0, ""194"": 0.0, ""198"": 0.0, ""210"": 0.0, ""106"": 0.0, ""168"": 0.0, ""160"": 0.0, ""28"": 0.0, ""8"": 0.0, ""97"": 0.0, ""205"": 0.0, ""116"": 0.0, ""126"": 0.0, ""211"": 0.0, ""121"": 0.0, ""102"": 0.0, ""9"": 0.0, ""151"": 0.0, ""173"": 0.0, ""23"": 0.0, ""37"": 0.0, ""203"": 0.0, ""50"": 0.0, ""70"": 0.0, ""217"": 0.0, ""149"": 0.0, ""161"": 0.0, ""185"": 0.0, ""233"": 0.0, ""117"": 0.0, ""164"": 0.0, ""20"": 0.0, ""103"": 0.0, ""100"": 0.0, ""75"": 0.0, ""153"": 0.0, ""135"": 0.0, ""141"": 0.0, ""61"": 0.0, ""170"": 0.0, ""1"": 0.0, ""55"": 0.0, ""213"": 0.0, ""186"": 0.0, ""80"": 0.0, ""134"": 0.0, ""209"": 0.0, ""143"": 0.0, ""142"": 0.0, ""78"": 0.0, ""26"": 0.0, ""59"": 0.0, ""35"": 0.0, ""108"": 0.0, ""73"": 0.0, ""221"": 0.0, ""158"": 0.0, ""83"": 0.0, ""25"": 0.0, ""98"": 0.0, ""82"": 0.0, ""136"": 0.0, ""93"": 0.0, ""33"": 0.0, ""127"": 0.0, ""199"": 0.0, ""42"": 0.0, ""22"": 0.0, ""130"": 0.0, ""104"": 0.0, ""215"": 0.0, ""214"": 0.0, ""46"": 0.0, ""34"": 0.0, ""57"": 0.0, ""201"": 0.0, ""137"": 0.0, ""17"": 0.0, ""224"": 0.0, ""120"": 0.0, ""196"": 0.0, ""124"": 0.0, ""101"": 0.0, ""125"": 0.0, ""163"": 0.0, ""19"": 0.0, ""-1"": 0.0, ""113"": 0.0, ""12"": 0.0, ""68"": 0.0, ""39"": 0.0, ""182"": 0.0, ""129"": 0.0, ""41"": 0.0, ""138"": 0.0, ""87"": 0.0, ""228"": 0.0, ""3"": 0.0, ""219"": 0.0, ""79"": 0.0, ""54"": 0.0, ""0"": 0.0, ""140"": 0.0, ""235"": 0.0, ""175"": 0.0, ""192"": 0.0, ""133"": 0.0, ""188"": 0.0, ""180"": 0.74, ""77"": 0.0, ""118"": 0.0, ""206"": 0.0, ""4"": 0.05, ""156"": 0.0, ""60"": 0.0, ""155"": 0.0, ""58"": 0.0, ""10"": 0.0, ""74"": 0.0, ""131"": 0.0, ""32"": 0.0, ""193"": 0.0, ""47"": 0.0, ""179"": 0.0, ""89"": 0.0, ""69"": 0.0, ""90"": 0.0, ""112"": 0.0, ""189"": 0.0, ""15"": 0.2, ""36"": 0.0, ""110"": 0.0, ""27"": 0.0, ""31"": 0.0, ""200"": 0.0, ""218"": 0.0, ""232"": 0.0, ""76"": 0.0, ""225"": 0.0, ""29"": 0.0, ""139"": 0.0, ""72"": 0.0, ""111"": 0.0, ""92"": 0.0, ""229"": 0.0, ""67"": 0.0, ""18"": 0.0, ""197"": 0.0, ""5"": 0.0, ""195"": 0.0, ""43"": 0.0, ""71"": 0.0, ""152"": 0.0, ""123"": 0.0, ""148"": 0.0, ""231"": 0.0, ""2"": 0.0, ""184"": 0.0, ""86"": 0.0, ""204"": 0.0, ""227"": 0.0, ""38"": 0.0, ""128"": 0.0, ""181"": 0.0, ""166"": 0.0, ""84"": 0.0, ""109"": 0.0, ""167"": 0.0, ""65"": 0.0, ""6"": 0.0, ""132"": 0.0, ""16"": 0.0, ""115"": 0.0, ""159"": 0.0, ""51"": 0.0, ""56"": 0.0, ""52"": 0.0, ""119"": 0.0, ""95"": 0.0, ""177"": 0.0, ""230"": 0.0, ""202"": 0.0, ""81"": 0.0, ""114"": 0.0, ""63"": 0.0, ""223"": 0.0, ""220"": 0.0, ""96"": 0.0, ""190"": 0.0, ""216"": 0.0, ""107"": 0.0, ""183"": 0.0, ""21"": 0.0, ""66"": 0.0, ""13"": 0.0, ""207"": 0.0, ""212"": 0.0, ""7"": 0.0, ""91"": 0.0, ""150"": 0.0, ""208"": 0.0, ""226"": 0.0, ""122"": 0.0, ""105"": 0.0, ""178"": 0.0, ""162"": 0.0, ""40"": 0.0, ""49"": 0.0, ""11"": 0.0, ""14"": 0.0, ""191"": 0.0, ""64"": 0.0, ""222"": 0.0, ""176"": 0.0, ""154"": 0.0, ""94"": 0.0, ""234"": 0.0, ""165"": 0.0, ""45"": 0.0, ""157"": 0.0}",jev-1.13.0,ec75f2edf49ce9d0aeb48ca54b4d6d1fa9bda27d30dbbc4da4605fcaa960b7a8
semantic-short:bge-boundaries:60-180:q70:v1:2400164916:000001455440-000001617120,180,semantic:bge:leaf-local-6-2:42:180,Õpetaja hoituse rollid alushariduses,0.85,0.84,"{""32"": 0.0, ""116"": 0.0, ""104"": 0.0, ""135"": 0.0, ""141"": 0.0, ""159"": 0.0, ""44"": 0.0, ""200"": 0.0, ""57"": 0.0, ""229"": 0.0, ""208"": 0.0, ""226"": 0.0, ""154"": 0.0, ""144"": 0.0, ""14"": 0.0, ""181"": 0.0, ""162"": 0.0, ""129"": 0.0, ""197"": 0.0, ""215"": 0.0, ""85"": 0.0, ""66"": 0.0, ""122"": 0.0, ""33"": 0.0, ""191"": 0.0, ""156"": 0.0, ""30"": 0.0, ""11"": 0.0, ""206"": 0.0, ""3"": 0.0, ""174"": 0.0, ""64"": 0.0, ""92"": 0.0, ""224"": 0.0, ""46"": 0.0, ""94"": 0.0, ""209"": 0.0, ""120"": 0.0, ""152"": 0.0, ""26"": 0.0, ""112"": 0.0, ""95"": 0.0, ""232"": 0.0, ""157"": 0.0, ""6"": 0.0, ""118"": 0.0, ""221"": 0.0, ""48"": 0.0, ""142"": 0.0, ""176"": 0.0, ""56"": 0.0, ""183"": 0.0, ""111"": 0.0, ""68"": 0.0, ""12"": 0.0, ""211"": 0.0, ""49"": 0.0, ""81"": 0.0, ""-1"": 0.0, ""138"": 0.0, ""158"": 0.0, ""198"": 0.0, ""13"": 0.0, ""23"": 0.0, ""9"": 0.0, ""180"": 0.85, ""193"": 0.0, ""63"": 0.0, ""123"": 0.0, ""231"": 0.0, ""113"": 0.0, ""114"": 0.0, ""28"": 0.0, ""42"": 0.0, ""230"": 0.0, ""53"": 0.0, ""16"": 0.0, ""185"": 0.0, ""100"": 0.0, ""61"": 0.0, ""125"": 0.0, ""34"": 0.0, ""202"": 0.0, ""93"": 0.0, ""121"": 0.0, ""83"": 0.0, ""109"": 0.0, ""161"": 0.0, ""67"": 0.0, ""164"": 0.0, ""65"": 0.0, ""196"": 0.0, ""60"": 0.0, ""219"": 0.0, ""105"": 0.0, ""39"": 0.0, ""234"": 0.0, ""190"": 0.0, ""101"": 0.0, ""71"": 0.0, ""4"": 0.0, ""137"": 0.0, ""79"": 0.0, ""2"": 0.0, ""40"": 0.0, ""43"": 0.0, ""107"": 0.0, ""207"": 0.0, ""204"": 0.0, ""222"": 0.0, ""151"": 0.0, ""124"": 0.0, ""136"": 0.0, ""50"": 0.0, ""17"": 0.0, ""179"": 0.0, ""187"": 0.0, ""131"": 0.0, ""184"": 0.0, ""160"": 0.0, ""225"": 0.0, ""21"": 0.0, ""103"": 0.0, ""8"": 0.0, ""195"": 0.0, ""148"": 0.0, ""166"": 0.0, ""88"": 0.0, ""132"": 0.0, ""0"": 0.0, ""143"": 0.0, ""89"": 0.0, ""99"": 0.01, ""172"": 0.13, ""201"": 0.0, ""59"": 0.0, ""31"": 0.0, ""235"": 0.0, ""216"": 0.0, ""228"": 0.0, ""108"": 0.0, ""80"": 0.0, ""217"": 0.0, ""41"": 0.0, ""150"": 0.0, ""130"": 0.0, ""20"": 0.0, ""86"": 0.0, ""69"": 0.0, ""76"": 0.0, ""62"": 0.0, ""167"": 0.0, ""115"": 0.0, ""72"": 0.0, ""82"": 0.0, ""78"": 0.0, ""45"": 0.0, ""47"": 0.0, ""75"": 0.0, ""147"": 0.0, ""19"": 0.0, ""35"": 0.0, ""96"": 0.0, ""227"": 0.0, ""165"": 0.0, ""52"": 0.0, ""15"": 0.0, ""5"": 0.0, ""37"": 0.0, ""84"": 0.0, ""182"": 0.0, ""97"": 0.0, ""220"": 0.0, ""24"": 0.0, ""145"": 0.0, ""214"": 0.0, ""119"": 0.0, ""98"": 0.01, ""146"": 0.0, ""128"": 0.0, ""73"": 0.0, ""139"": 0.0, ""153"": 0.0, ""212"": 0.0, ""29"": 0.0, ""223"": 0.0, ""54"": 0.0, ""74"": 0.0, ""127"": 0.0, ""213"": 0.0, ""87"": 0.0, ""134"": 0.0, ""163"": 0.0, ""25"": 0.0, ""189"": 0.0, ""126"": 0.0, ""175"": 0.0, ""140"": 0.0, ""58"": 0.0, ""168"": 0.0, ""203"": 0.0, ""194"": 0.0, ""173"": 0.0, ""178"": 0.0, ""36"": 0.0, ""70"": 0.0, ""233"": 0.0, ""210"": 0.0, ""27"": 0.0, ""18"": 0.0, ""102"": 0.0, ""38"": 0.0, ""10"": 0.0, ""155"": 0.0, ""188"": 0.0, ""51"": 0.0, ""90"": 0.0, ""199"": 0.0, ""218"": 0.0, ""186"": 0.0, ""192"": 0.0, ""177"": 0.0, ""55"": 0.0, ""91"": 0.0, ""149"": 0.0, ""170"": 0.0, ""22"": 0.0, ""205"": 0.0, ""106"": 0.0, ""169"": 0.0, ""7"": 0.0, ""1"": 0.0, ""77"": 0.0, ""133"": 0.0, ""110"": 0.0, ""171"": 0.0, ""117"": 0.0}",jev-1.13.0,c28864446f175af27f45f5f31a72af5f73d497e29cfbe1801e302d9f7012eebe
semantic-short:bge-boundaries:60-180:q70:v1:2400164916:000001617120-000001712960,180,semantic:bge:leaf-local-6-2:42:180,Õpetaja hoituse rollid alushariduses,0.38,0.37,"{""73"": 0.0, ""226"": 0.0, ""228"": 0.0, ""180"": 0.38, ""229"": 0.0, ""16"": 0.0, ""143"": 0.0, ""164"": 0.08, ""100"": 0.0, ""149"": 0.0, ""159"": 0.0, ""183"": 0.0, ""194"": 0.0, ""34"": 0.0, ""1"": 0.0, ""157"": 0.0, ""210"": 0.0, ""114"": 0.0, ""213"": 0.0, ""132"": 0.0, ""90"": 0.0, ""193"": 0.0, ""101"": 0.0, ""224"": 0.0, ""58"": 0.0, ""155"": 0.0, ""154"": 0.0, ""86"": 0.0, ""129"": 0.0, ""175"": 0.0, ""188"": 0.0, ""215"": 0.0, ""116"": 0.0, ""220"": 0.0, ""49"": 0.0, ""47"": 0.0, ""95"": 0.01, ""22"": 0.0, ""177"": 0.0, ""169"": 0.0, ""82"": 0.0, ""214"": 0.0, ""96"": 0.01, ""225"": 0.0, ""139"": 0.0, ""201"": 0.0, ""217"": 0.0, ""15"": 0.0, ""172"": 0.0, ""89"": 0.0, ""148"": 0.0, ""68"": 0.0, ""31"": 0.0, ""37"": 0.0, ""81"": 0.0, ""138"": 0.0, ""218"": 0.0, ""38"": 0.0, ""91"": 0.0, ""13"": 0.0, ""209"": 0.0, ""2"": 0.0, ""151"": 0.0, ""7"": 0.0, ""59"": 0.0, ""66"": 0.0, ""195"": 0.0, ""74"": 0.0, ""12"": 0.0, ""20"": 0.0, ""235"": 0.0, ""43"": 0.0, ""174"": 0.0, ""140"": 0.0, ""27"": 0.0, ""99"": 0.02, ""134"": 0.0, ""176"": 0.0, ""234"": 0.0, ""231"": 0.0, ""54"": 0.0, ""92"": 0.0, ""126"": 0.0, ""46"": 0.0, ""163"": 0.04, ""79"": 0.02, ""146"": 0.0, ""4"": 0.0, ""133"": 0.0, ""125"": 0.0, ""120"": 0.0, ""206"": 0.0, ""135"": 0.0, ""198"": 0.0, ""70"": 0.0, ""216"": 0.0, ""170"": 0.0, ""130"": 0.0, ""204"": 0.0, ""124"": 0.0, ""111"": 0.0, ""29"": 0.0, ""167"": 0.0, ""108"": 0.02, ""152"": 0.0, ""64"": 0.0, ""153"": 0.0, ""51"": 0.0, ""77"": 0.0, ""6"": 0.0, ""197"": 0.0, ""84"": 0.0, ""219"": 0.0, ""18"": 0.0, ""24"": 0.0, ""10"": 0.0, ""41"": 0.0, ""128"": 0.0, ""190"": 0.0, ""203"": 0.0, ""57"": 0.0, ""67"": 0.0, ""40"": 0.0, ""0"": 0.0, ""186"": 0.0, ""144"": 0.0, ""141"": 0.0, ""42"": 0.0, ""184"": 0.0, ""232"": 0.0, ""119"": 0.0, ""147"": 0.0, ""88"": 0.0, ""205"": 0.0, ""33"": 0.0, ""55"": 0.0, ""28"": 0.0, ""17"": 0.0, ""123"": 0.0, ""23"": 0.0, ""223"": 0.0, ""104"": 0.0, ""60"": 0.0, ""233"": 0.0, ""112"": 0.0, ""150"": 0.03, ""80"": 0.0, ""14"": 0.0, ""36"": 0.0, ""222"": 0.0, ""227"": 0.0, ""181"": 0.0, ""191"": 0.0, ""185"": 0.02, ""8"": 0.0, ""87"": 0.0, ""9"": 0.0, ""85"": 0.0, ""39"": 0.0, ""115"": 0.0, ""118"": 0.0, ""127"": 0.0, ""196"": 0.0, ""35"": 0.0, ""53"": 0.0, ""21"": 0.0, ""136"": 0.0, ""212"": 0.0, ""65"": 0.0, ""61"": 0.0, ""93"": 0.0, ""11"": 0.0, ""208"": 0.0, ""25"": 0.0, ""102"": 0.0, ""48"": 0.0, ""137"": 0.0, ""26"": 0.0, ""166"": 0.0, ""156"": 0.0, ""171"": 0.0, ""200"": 0.0, ""98"": 0.01, ""165"": 0.0, ""192"": 0.0, ""160"": 0.0, ""117"": 0.0, ""75"": 0.0, ""72"": 0.0, ""187"": 0.0, ""202"": 0.0, ""110"": 0.0, ""106"": 0.0, ""189"": 0.0, ""162"": 0.0, ""63"": 0.0, ""94"": 0.01, ""97"": 0.01, ""83"": 0.0, ""131"": 0.0, ""32"": 0.0, ""62"": 0.0, ""161"": 0.0, ""122"": 0.0, ""211"": 0.0, ""178"": 0.0, ""78"": 0.0, ""179"": 0.0, ""52"": 0.0, ""5"": 0.0, ""199"": 0.0, ""109"": 0.0, ""182"": 0.0, ""44"": 0.0, ""145"": 0.0, ""121"": 0.0, ""30"": 0.0, ""69"": 0.0, ""173"": 0.0, ""168"": 0.0, ""142"": 0.0, ""103"": 0.0, ""76"": 0.0, ""45"": 0.0, ""107"": 0.0, ""71"": 0.0, ""3"": 0.0, ""113"": 0.0, ""207"": 0.0, ""19"": 0.0, ""50"": 0.0, ""158"": 0.0, ""105"": 0.0, ""230"": 0.0, ""-1"": 0.34, ""56"": 0.0, ""221"": 0.0}",jev-1.13.0,a5db2a3061a95115a20876baa4ab55723744aac165fa963e7188ec4f4729f0a7
semantic-short:bge-boundaries:60-180:q70:v1:2400164916:000001712960-000001844680,180,semantic:bge:leaf-local-6-2:42:180,Õpetaja hoituse rollid alushariduses,0.61,0.6,"{""170"": 0.0, ""129"": 0.0, ""22"": 0.0, ""70"": 0.0, ""78"": 0.0, ""220"": 0.0, ""106"": 0.0, ""30"": 0.0, ""80"": 0.0, ""9"": 0.0, ""147"": 0.0, ""134"": 0.0, ""117"": 0.0, ""136"": 0.0, ""2"": 0.0, ""114"": 0.0, ""26"": 0.0, ""123"": 0.0, ""79"": 0.0, ""126"": 0.0, ""13"": 0.0, ""113"": 0.0, ""166"": 0.0, ""223"": 0.0, ""38"": 0.0, ""67"": 0.0, ""208"": 0.0, ""181"": 0.0, ""216"": 0.0, ""197"": 0.0, ""108"": 0.0, ""165"": 0.0, ""105"": 0.0, ""65"": 0.0, ""94"": 0.0, ""15"": 0.0, ""120"": 0.0, ""124"": 0.0, ""128"": 0.0, ""226"": 0.0, ""222"": 0.0, ""159"": 0.0, ""172"": 0.34, ""200"": 0.0, ""235"": 0.0, ""231"": 0.0, ""175"": 0.0, ""209"": 0.0, ""85"": 0.0, ""8"": 0.0, ""139"": 0.0, ""212"": 0.0, ""46"": 0.0, ""17"": 0.0, ""68"": 0.0, ""146"": 0.0, ""161"": 0.0, ""144"": 0.0, ""202"": 0.0, ""122"": 0.0, ""37"": 0.0, ""131"": 0.0, ""50"": 0.0, ""183"": 0.0, ""207"": 0.0, ""23"": 0.0, ""148"": 0.0, ""71"": 0.03, ""121"": 0.0, ""99"": 0.0, ""150"": 0.0, ""205"": 0.0, ""118"": 0.0, ""90"": 0.0, ""63"": 0.0, ""112"": 0.0, ""232"": 0.0, ""12"": 0.0, ""187"": 0.0, ""44"": 0.0, ""102"": 0.0, ""155"": 0.0, ""130"": 0.0, ""228"": 0.0, ""93"": 0.0, ""69"": 0.0, ""18"": 0.0, ""196"": 0.0, ""188"": 0.0, ""171"": 0.0, ""174"": 0.0, ""75"": 0.0, ""14"": 0.0, ""211"": 0.0, ""55"": 0.0, ""89"": 0.0, ""204"": 0.0, ""25"": 0.0, ""32"": 0.0, ""35"": 0.0, ""40"": 0.0, ""135"": 0.0, ""195"": 0.0, ""110"": 0.0, ""178"": 0.0, ""34"": 0.0, ""176"": 0.0, ""16"": 0.0, ""133"": 0.0, ""193"": 0.0, ""74"": 0.0, ""225"": 0.0, ""77"": 0.0, ""156"": 0.0, ""21"": 0.0, ""201"": 0.0, ""20"": 0.0, ""213"": 0.0, ""230"": 0.0, ""111"": 0.0, ""149"": 0.0, ""219"": 0.0, ""138"": 0.0, ""91"": 0.0, ""218"": 0.0, ""7"": 0.0, ""153"": 0.0, ""53"": 0.0, ""83"": 0.0, ""66"": 0.0, ""184"": 0.0, ""95"": 0.0, ""127"": 0.0, ""107"": 0.0, ""198"": 0.0, ""163"": 0.0, ""210"": 0.0, ""186"": 0.0, ""162"": 0.0, ""45"": 0.0, ""119"": 0.0, ""145"": 0.0, ""76"": 0.0, ""0"": 0.0, ""86"": 0.0, ""224"": 0.0, ""158"": 0.0, ""58"": 0.0, ""206"": 0.0, ""24"": 0.0, ""185"": 0.0, ""191"": 0.0, ""103"": 0.0, ""27"": 0.0, ""52"": 0.0, ""19"": 0.0, ""48"": 0.0, ""-1"": 0.0, ""154"": 0.0, ""116"": 0.0, ""142"": 0.0, ""180"": 0.61, ""54"": 0.0, ""64"": 0.0, ""28"": 0.0, ""33"": 0.0, ""173"": 0.0, ""10"": 0.0, ""51"": 0.0, ""62"": 0.0, ""115"": 0.0, ""6"": 0.0, ""47"": 0.0, ""192"": 0.0, ""160"": 0.0, ""87"": 0.0, ""152"": 0.0, ""92"": 0.0, ""182"": 0.0, ""59"": 0.0, ""141"": 0.0, ""61"": 0.0, ""84"": 0.0, ""151"": 0.0, ""5"": 0.0, ""29"": 0.0, ""125"": 0.0, ""31"": 0.0, ""214"": 0.0, ""189"": 0.0, ""41"": 0.0, ""229"": 0.0, ""157"": 0.0, ""3"": 0.0, ""168"": 0.0, ""11"": 0.0, ""104"": 0.0, ""137"": 0.0, ""233"": 0.0, ""143"": 0.0, ""72"": 0.0, ""96"": 0.0, ""164"": 0.0, ""190"": 0.0, ""39"": 0.0, ""97"": 0.0, ""203"": 0.0, ""109"": 0.0, ""81"": 0.0, ""49"": 0.0, ""215"": 0.0, ""227"": 0.0, ""43"": 0.0, ""36"": 0.0, ""60"": 0.0, ""1"": 0.0, ""88"": 0.0, ""56"": 0.0, ""132"": 0.0, ""42"": 0.0, ""199"": 0.0, ""57"": 0.0, ""101"": 0.0, ""73"": 0.0, ""194"": 0.0, ""140"": 0.0, ""167"": 0.0, ""177"": 0.0, ""98"": 0.0, ""169"": 0.0, ""4"": 0.02, ""82"": 0.0, ""221"": 0.0, ""217"": 0.0, ""179"": 0.0, ""100"": 0.0, ""234"": 0.0}",jev-1.13.0,e173426665af47124824250c7fc2aa153235662cbf5fc043840d08c21696afd0
semantic-short:bge-boundaries:60-180:q70:v1:2400164916:000001844680-000001940760,180,semantic:bge:leaf-local-6-2:42:180,Õpetaja hoituse rollid alushariduses,0.62,0.61,"{""232"": 0.0, ""231"": 0.0, ""157"": 0.0, ""139"": 0.0, ""26"": 0.0, ""104"": 0.0, ""163"": 0.01, ""93"": 0.0, ""202"": 0.0, ""182"": 0.0, ""23"": 0.0, ""99"": 0.0, ""107"": 0.0, ""201"": 0.0, ""195"": 0.0, ""171"": 0.0, ""223"": 0.0, ""187"": 0.0, ""211"": 0.0, ""207"": 0.0, ""121"": 0.0, ""19"": 0.03, ""173"": 0.0, ""100"": 0.0, ""134"": 0.0, ""141"": 0.0, ""68"": 0.0, ""22"": 0.0, ""40"": 0.0, ""59"": 0.0, ""10"": 0.0, ""69"": 0.0, ""13"": 0.0, ""90"": 0.0, ""184"": 0.0, ""196"": 0.0, ""18"": 0.0, ""178"": 0.0, ""72"": 0.0, ""154"": 0.0, ""175"": 0.0, ""222"": 0.0, ""168"": 0.0, ""140"": 0.0, ""153"": 0.0, ""36"": 0.0, ""112"": 0.0, ""65"": 0.0, ""146"": 0.0, ""21"": 0.0, ""15"": 0.0, ""147"": 0.0, ""35"": 0.0, ""174"": 0.0, ""160"": 0.0, ""66"": 0.0, ""166"": 0.0, ""205"": 0.0, ""103"": 0.0, ""33"": 0.0, ""144"": 0.0, ""16"": 0.0, ""94"": 0.0, ""212"": 0.0, ""32"": 0.0, ""109"": 0.0, ""185"": 0.0, ""46"": 0.0, ""108"": 0.0, ""30"": 0.0, ""206"": 0.0, ""5"": 0.0, ""53"": 0.0, ""113"": 0.0, ""56"": 0.0, ""79"": 0.0, ""110"": 0.0, ""145"": 0.0, ""0"": 0.0, ""55"": 0.0, ""229"": 0.0, ""63"": 0.0, ""47"": 0.0, ""191"": 0.0, ""151"": 0.0, ""62"": 0.0, ""2"": 0.0, ""181"": 0.0, ""213"": 0.0, ""1"": 0.0, ""204"": 0.0, ""8"": 0.0, ""43"": 0.0, ""4"": 0.060000000000000005, ""149"": 0.0, ""57"": 0.0, ""233"": 0.0, ""49"": 0.0, ""218"": 0.0, ""89"": 0.0, ""177"": 0.0, ""86"": 0.0, ""17"": 0.0, ""235"": 0.0, ""186"": 0.0, ""138"": 0.0, ""28"": 0.0, ""214"": 0.0, ""188"": 0.0, ""220"": 0.0, ""136"": 0.0, ""73"": 0.0, ""169"": 0.0, ""193"": 0.0, ""91"": 0.0, ""14"": 0.0, ""85"": 0.02, ""48"": 0.0, ""228"": 0.0, ""164"": 0.0, ""197"": 0.0, ""119"": 0.0, ""88"": 0.0, ""25"": 0.0, ""199"": 0.0, ""92"": 0.0, ""155"": 0.0, ""167"": 0.0, ""39"": 0.0, ""158"": 0.0, ""76"": 0.0, ""102"": 0.0, ""120"": 0.0, ""61"": 0.0, ""74"": 0.0, ""-1"": 0.060000000000000005, ""54"": 0.0, ""129"": 0.0, ""133"": 0.0, ""150"": 0.0, ""156"": 0.0, ""131"": 0.0, ""37"": 0.0, ""38"": 0.0, ""44"": 0.0, ""132"": 0.0, ""114"": 0.0, ""31"": 0.0, ""80"": 0.0, ""111"": 0.0, ""12"": 0.0, ""87"": 0.0, ""224"": 0.0, ""183"": 0.0, ""27"": 0.0, ""123"": 0.0, ""98"": 0.0, ""52"": 0.0, ""161"": 0.0, ""70"": 0.0, ""179"": 0.0, ""11"": 0.0, ""219"": 0.02, ""95"": 0.0, ""7"": 0.0, ""215"": 0.0, ""143"": 0.0, ""34"": 0.0, ""142"": 0.0, ""200"": 0.0, ""159"": 0.0, ""116"": 0.0, ""84"": 0.0, ""203"": 0.0, ""6"": 0.0, ""209"": 0.0, ""29"": 0.0, ""234"": 0.0, ""82"": 0.0, ""125"": 0.0, ""71"": 0.0, ""20"": 0.0, ""75"": 0.0, ""81"": 0.0, ""51"": 0.0, ""227"": 0.0, ""152"": 0.0, ""124"": 0.0, ""118"": 0.0, ""101"": 0.0, ""221"": 0.0, ""60"": 0.0, ""230"": 0.0, ""128"": 0.0, ""126"": 0.0, ""180"": 0.62, ""135"": 0.0, ""190"": 0.0, ""45"": 0.0, ""208"": 0.0, ""216"": 0.0, ""106"": 0.0, ""176"": 0.0, ""67"": 0.0, ""105"": 0.0, ""217"": 0.0, ""192"": 0.0, ""189"": 0.0, ""170"": 0.0, ""165"": 0.0, ""117"": 0.0, ""50"": 0.0, ""137"": 0.0, ""198"": 0.0, ""97"": 0.0, ""148"": 0.0, ""172"": 0.17, ""77"": 0.0, ""115"": 0.0, ""64"": 0.0, ""210"": 0.0, ""96"": 0.0, ""83"": 0.0, ""194"": 0.0, ""41"": 0.0, ""225"": 0.0, ""127"": 0.0, ""162"": 0.0, ""78"": 0.0, ""58"": 0.0, ""122"": 0.0, ""24"": 0.0, ""9"": 0.0, ""226"": 0.0, ""3"": 0.0, ""130"": 0.0, ""42"": 0.0}",jev-1.13.0,676e27c9adbad89612220a21469fada6406d99f8b5d0e08e7191c99dd0e646c7
semantic-short:bge-boundaries:60-180:q70:v1:2400164916:000001940760-000002100920,180,semantic:bge:leaf-local-6-2:42:180,Õpetaja hoituse rollid alushariduses,0.8200000000000001,0.81,"{""62"": 0.0, ""31"": 0.0, ""37"": 0.0, ""155"": 0.0, ""41"": 0.0, ""219"": 0.0, ""74"": 0.0, ""89"": 0.0, ""102"": 0.0, ""40"": 0.0, ""110"": 0.0, ""164"": 0.0, ""140"": 0.0, ""174"": 0.0, ""208"": 0.0, ""176"": 0.0, ""80"": 0.0, ""223"": 0.0, ""36"": 0.0, ""32"": 0.0, ""9"": 0.0, ""29"": 0.0, ""197"": 0.0, ""47"": 0.0, ""86"": 0.0, ""148"": 0.0, ""124"": 0.0, ""213"": 0.0, ""188"": 0.0, ""5"": 0.0, ""2"": 0.0, ""77"": 0.0, ""182"": 0.0, ""128"": 0.0, ""115"": 0.0, ""190"": 0.0, ""226"": 0.0, ""175"": 0.0, ""136"": 0.0, ""209"": 0.0, ""118"": 0.0, ""199"": 0.0, ""39"": 0.0, ""14"": 0.0, ""138"": 0.0, ""104"": 0.0, ""46"": 0.0, ""159"": 0.0, ""-1"": 0.0, ""35"": 0.0, ""26"": 0.0, ""96"": 0.0, ""229"": 0.0, ""156"": 0.0, ""177"": 0.0, ""150"": 0.0, ""42"": 0.0, ""34"": 0.0, ""154"": 0.0, ""22"": 0.0, ""147"": 0.0, ""71"": 0.0, ""179"": 0.0, ""13"": 0.0, ""126"": 0.0, ""4"": 0.09, ""21"": 0.0, ""85"": 0.0, ""67"": 0.0, ""228"": 0.0, ""54"": 0.0, ""131"": 0.0, ""225"": 0.0, ""33"": 0.0, ""99"": 0.0, ""19"": 0.0, ""18"": 0.0, ""93"": 0.0, ""3"": 0.0, ""50"": 0.0, ""28"": 0.0, ""203"": 0.0, ""202"": 0.0, ""7"": 0.0, ""227"": 0.0, ""194"": 0.0, ""45"": 0.0, ""125"": 0.0, ""38"": 0.0, ""58"": 0.0, ""144"": 0.0, ""206"": 0.0, ""180"": 0.8200000000000001, ""116"": 0.0, ""69"": 0.0, ""8"": 0.0, ""53"": 0.0, ""120"": 0.0, ""162"": 0.0, ""129"": 0.0, ""198"": 0.0, ""15"": 0.03, ""82"": 0.0, ""49"": 0.0, ""51"": 0.0, ""217"": 0.0, ""189"": 0.0, ""76"": 0.0, ""216"": 0.0, ""173"": 0.0, ""122"": 0.0, ""90"": 0.0, ""218"": 0.0, ""210"": 0.0, ""153"": 0.0, ""192"": 0.0, ""105"": 0.0, ""73"": 0.0, ""167"": 0.0, ""98"": 0.0, ""23"": 0.0, ""59"": 0.0, ""214"": 0.0, ""27"": 0.0, ""100"": 0.0, ""87"": 0.0, ""168"": 0.0, ""224"": 0.0, ""142"": 0.0, ""66"": 0.0, ""107"": 0.0, ""171"": 0.0, ""211"": 0.0, ""111"": 0.0, ""114"": 0.0, ""166"": 0.0, ""187"": 0.0, ""200"": 0.0, ""161"": 0.0, ""68"": 0.0, ""78"": 0.0, ""160"": 0.0, ""137"": 0.0, ""165"": 0.0, ""191"": 0.0, ""57"": 0.0, ""133"": 0.0, ""172"": 0.05, ""0"": 0.0, ""157"": 0.0, ""109"": 0.0, ""135"": 0.0, ""195"": 0.0, ""151"": 0.0, ""207"": 0.0, ""204"": 0.0, ""158"": 0.0, ""185"": 0.0, ""186"": 0.0, ""183"": 0.0, ""181"": 0.0, ""94"": 0.0, ""139"": 0.0, ""143"": 0.0, ""196"": 0.0, ""81"": 0.0, ""230"": 0.0, ""149"": 0.0, ""48"": 0.0, ""70"": 0.0, ""108"": 0.0, ""95"": 0.0, ""17"": 0.0, ""60"": 0.0, ""10"": 0.0, ""112"": 0.0, ""163"": 0.0, ""91"": 0.0, ""30"": 0.0, ""113"": 0.0, ""25"": 0.0, ""215"": 0.0, ""222"": 0.0, ""92"": 0.0, ""20"": 0.0, ""106"": 0.0, ""1"": 0.0, ""121"": 0.0, ""65"": 0.0, ""83"": 0.0, ""103"": 0.0, ""132"": 0.0, ""56"": 0.0, ""88"": 0.0, ""61"": 0.0, ""234"": 0.0, ""232"": 0.0, ""75"": 0.0, ""233"": 0.0, ""119"": 0.0, ""152"": 0.0, ""235"": 0.0, ""184"": 0.0, ""141"": 0.0, ""178"": 0.0, ""134"": 0.0, ""84"": 0.0, ""52"": 0.0, ""44"": 0.0, ""170"": 0.0, ""212"": 0.0, ""97"": 0.0, ""145"": 0.0, ""12"": 0.0, ""146"": 0.0, ""16"": 0.0, ""123"": 0.0, ""205"": 0.0, ""64"": 0.0, ""231"": 0.0, ""193"": 0.0, ""11"": 0.0, ""55"": 0.0, ""169"": 0.0, ""117"": 0.0, ""101"": 0.0, ""24"": 0.0, ""130"": 0.0, ""79"": 0.0, ""72"": 0.0, ""6"": 0.0, ""127"": 0.0, ""220"": 0.0, ""221"": 0.0, ""43"": 0.0, ""63"": 0.0, ""201"": 0.0}",jev-1.13.0,6e8b6e7bb961765a0c783062d2ab9115f3cec76e447933000eef7f9eeaaf78ee
semantic-short:bge-boundaries:60-180:q70:v1:2400164916:000002100920-000002167120,180,semantic:bge:leaf-local-6-2:42:180,Õpetaja hoituse rollid alushariduses,0.73,0.72,"{""232"": 0.0, ""231"": 0.0, ""139"": 0.0, ""157"": 0.0, ""26"": 0.0, ""104"": 0.0, ""163"": 0.0, ""93"": 0.0, ""202"": 0.0, ""182"": 0.0, ""23"": 0.0, ""201"": 0.0, ""195"": 0.0, ""107"": 0.0, ""99"": 0.0, ""171"": 0.0, ""223"": 0.0, ""187"": 0.0, ""207"": 0.0, ""211"": 0.0, ""121"": 0.0, ""19"": 0.0, ""173"": 0.0, ""100"": 0.0, ""134"": 0.0, ""141"": 0.0, ""68"": 0.0, ""22"": 0.0, ""40"": 0.0, ""59"": 0.0, ""69"": 0.0, ""10"": 0.0, ""13"": 0.0, ""90"": 0.0, ""184"": 0.0, ""196"": 0.0, ""178"": 0.0, ""18"": 0.0, ""72"": 0.0, ""154"": 0.0, ""175"": 0.0, ""222"": 0.0, ""168"": 0.0, ""140"": 0.0, ""153"": 0.0, ""36"": 0.0, ""112"": 0.0, ""65"": 0.0, ""146"": 0.0, ""21"": 0.0, ""15"": 0.0, ""147"": 0.0, ""35"": 0.0, ""174"": 0.0, ""160"": 0.0, ""66"": 0.0, ""166"": 0.0, ""205"": 0.0, ""103"": 0.0, ""33"": 0.0, ""144"": 0.0, ""16"": 0.0, ""212"": 0.0, ""94"": 0.0, ""32"": 0.0, ""109"": 0.0, ""185"": 0.0, ""108"": 0.0, ""30"": 0.0, ""46"": 0.0, ""5"": 0.0, ""206"": 0.0, ""53"": 0.0, ""113"": 0.0, ""56"": 0.0, ""79"": 0.0, ""110"": 0.0, ""145"": 0.0, ""0"": 0.0, ""55"": 0.0, ""229"": 0.0, ""63"": 0.0, ""47"": 0.0, ""191"": 0.0, ""151"": 0.0, ""62"": 0.0, ""2"": 0.0, ""181"": 0.0, ""213"": 0.0, ""1"": 0.0, ""204"": 0.0, ""8"": 0.0, ""43"": 0.0, ""4"": 0.14, ""149"": 0.0, ""57"": 0.0, ""233"": 0.0, ""49"": 0.0, ""218"": 0.0, ""89"": 0.0, ""177"": 0.0, ""86"": 0.0, ""17"": 0.0, ""235"": 0.0, ""186"": 0.0, ""138"": 0.0, ""28"": 0.0, ""214"": 0.0, ""188"": 0.0, ""220"": 0.0, ""136"": 0.0, ""73"": 0.0, ""169"": 0.0, ""193"": 0.0, ""14"": 0.0, ""91"": 0.0, ""85"": 0.0, ""48"": 0.0, ""228"": 0.0, ""164"": 0.0, ""197"": 0.0, ""119"": 0.0, ""88"": 0.0, ""25"": 0.0, ""199"": 0.0, ""92"": 0.0, ""155"": 0.0, ""167"": 0.0, ""39"": 0.0, ""158"": 0.0, ""76"": 0.0, ""102"": 0.0, ""120"": 0.0, ""61"": 0.0, ""74"": 0.0, ""-1"": 0.0, ""54"": 0.0, ""129"": 0.0, ""133"": 0.0, ""150"": 0.0, ""156"": 0.0, ""131"": 0.0, ""37"": 0.0, ""38"": 0.0, ""44"": 0.0, ""132"": 0.0, ""114"": 0.0, ""31"": 0.0, ""80"": 0.0, ""111"": 0.0, ""12"": 0.0, ""87"": 0.0, ""27"": 0.0, ""183"": 0.0, ""224"": 0.0, ""123"": 0.0, ""98"": 0.0, ""161"": 0.0, ""52"": 0.0, ""70"": 0.0, ""179"": 0.0, ""11"": 0.0, ""219"": 0.0, ""95"": 0.0, ""7"": 0.0, ""215"": 0.0, ""143"": 0.0, ""34"": 0.0, ""142"": 0.0, ""200"": 0.0, ""159"": 0.0, ""116"": 0.0, ""84"": 0.0, ""209"": 0.0, ""6"": 0.0, ""203"": 0.0, ""29"": 0.0, ""234"": 0.0, ""82"": 0.0, ""125"": 0.0, ""71"": 0.0, ""51"": 0.0, ""75"": 0.0, ""81"": 0.0, ""20"": 0.0, ""227"": 0.0, ""152"": 0.0, ""118"": 0.0, ""124"": 0.0, ""101"": 0.0, ""221"": 0.0, ""60"": 0.0, ""230"": 0.0, ""128"": 0.0, ""126"": 0.0, ""180"": 0.73, ""135"": 0.0, ""190"": 0.0, ""216"": 0.0, ""208"": 0.0, ""45"": 0.0, ""106"": 0.0, ""105"": 0.0, ""67"": 0.0, ""176"": 0.0, ""189"": 0.0, ""192"": 0.0, ""217"": 0.0, ""170"": 0.0, ""165"": 0.0, ""117"": 0.0, ""50"": 0.0, ""137"": 0.0, ""198"": 0.0, ""97"": 0.0, ""148"": 0.0, ""172"": 0.13, ""77"": 0.0, ""115"": 0.0, ""64"": 0.0, ""96"": 0.0, ""210"": 0.0, ""83"": 0.0, ""194"": 0.0, ""41"": 0.0, ""225"": 0.0, ""127"": 0.0, ""162"": 0.0, ""78"": 0.0, ""58"": 0.0, ""24"": 0.0, ""122"": 0.0, ""9"": 0.0, ""226"": 0.0, ""3"": 0.0, ""42"": 0.0, ""130"": 0.0}",jev-1.13.0,e2e734a12c3c5b4236c4e2ea3f969f0565f022c849cd96fb5aab8782bbf6f22f
semantic-short:bge-boundaries:60-180:q70:v1:2400164916:000002167120-000002334880,180,semantic:bge:leaf-local-6-2:42:180,Õpetaja hoituse rollid alushariduses,0.53,0.52,"{""62"": 0.0, ""31"": 0.0, ""37"": 0.0, ""155"": 0.0, ""41"": 0.0, ""219"": 0.0, ""74"": 0.0, ""89"": 0.0, ""102"": 0.0, ""40"": 0.0, ""110"": 0.0, ""164"": 0.0, ""140"": 0.0, ""174"": 0.0, ""208"": 0.0, ""176"": 0.0, ""80"": 0.0, ""223"": 0.0, ""36"": 0.0, ""32"": 0.0, ""9"": 0.0, ""29"": 0.0, ""197"": 0.0, ""47"": 0.0, ""86"": 0.0, ""148"": 0.0, ""124"": 0.0, ""213"": 0.0, ""188"": 0.0, ""5"": 0.0, ""2"": 0.0, ""77"": 0.0, ""182"": 0.0, ""128"": 0.0, ""115"": 0.0, ""190"": 0.0, ""226"": 0.0, ""175"": 0.0, ""136"": 0.0, ""209"": 0.0, ""118"": 0.0, ""39"": 0.0, ""199"": 0.01, ""14"": 0.0, ""138"": 0.0, ""104"": 0.0, ""46"": 0.0, ""159"": 0.0, ""35"": 0.0, ""-1"": 0.01, ""26"": 0.0, ""96"": 0.0, ""229"": 0.0, ""156"": 0.0, ""150"": 0.0, ""177"": 0.0, ""42"": 0.0, ""34"": 0.0, ""154"": 0.0, ""22"": 0.0, ""147"": 0.0, ""71"": 0.0, ""179"": 0.0, ""13"": 0.0, ""4"": 0.06999999999999999, ""126"": 0.0, ""21"": 0.0, ""85"": 0.05, ""67"": 0.0, ""228"": 0.0, ""54"": 0.0, ""131"": 0.0, ""225"": 0.0, ""33"": 0.0, ""99"": 0.0, ""3"": 0.05, ""18"": 0.08, ""93"": 0.0, ""19"": 0.0, ""50"": 0.0, ""28"": 0.0, ""203"": 0.0, ""7"": 0.0, ""202"": 0.0, ""227"": 0.0, ""194"": 0.0, ""45"": 0.0, ""125"": 0.0, ""38"": 0.0, ""58"": 0.0, ""144"": 0.0, ""206"": 0.0, ""116"": 0.0, ""120"": 0.0, ""69"": 0.0, ""180"": 0.53, ""53"": 0.0, ""8"": 0.0, ""162"": 0.0, ""129"": 0.0, ""15"": 0.0, ""198"": 0.0, ""82"": 0.02, ""49"": 0.0, ""51"": 0.0, ""217"": 0.0, ""76"": 0.0, ""189"": 0.0, ""216"": 0.0, ""173"": 0.0, ""122"": 0.0, ""90"": 0.0, ""218"": 0.0, ""210"": 0.0, ""153"": 0.0, ""73"": 0.0, ""105"": 0.0, ""192"": 0.0, ""167"": 0.0, ""98"": 0.0, ""23"": 0.0, ""59"": 0.0, ""214"": 0.0, ""27"": 0.0, ""100"": 0.0, ""66"": 0.0, ""142"": 0.0, ""224"": 0.0, ""168"": 0.0, ""87"": 0.0, ""107"": 0.0, ""171"": 0.0, ""211"": 0.0, ""111"": 0.0, ""114"": 0.0, ""200"": 0.0, ""187"": 0.0, ""166"": 0.0, ""161"": 0.0, ""68"": 0.0, ""78"": 0.0, ""160"": 0.0, ""137"": 0.0, ""165"": 0.0, ""57"": 0.0, ""191"": 0.0, ""133"": 0.0, ""172"": 0.0, ""157"": 0.0, ""0"": 0.0, ""109"": 0.0, ""135"": 0.0, ""195"": 0.0, ""207"": 0.0, ""151"": 0.0, ""204"": 0.0, ""158"": 0.0, ""185"": 0.0, ""186"": 0.0, ""94"": 0.0, ""181"": 0.0, ""183"": 0.0, ""139"": 0.0, ""143"": 0.0, ""196"": 0.0, ""81"": 0.0, ""230"": 0.0, ""149"": 0.0, ""48"": 0.0, ""70"": 0.0, ""108"": 0.0, ""95"": 0.0, ""17"": 0.0, ""10"": 0.0, ""60"": 0.0, ""112"": 0.0, ""163"": 0.06999999999999999, ""91"": 0.0, ""30"": 0.0, ""113"": 0.0, ""92"": 0.0, ""215"": 0.0, ""20"": 0.0, ""222"": 0.0, ""25"": 0.0, ""106"": 0.0, ""1"": 0.0, ""121"": 0.0, ""65"": 0.0, ""83"": 0.0, ""103"": 0.0, ""132"": 0.0, ""56"": 0.0, ""88"": 0.0, ""61"": 0.0, ""234"": 0.0, ""75"": 0.0, ""232"": 0.0, ""119"": 0.0, ""233"": 0.0, ""152"": 0.0, ""235"": 0.0, ""184"": 0.0, ""141"": 0.0, ""178"": 0.0, ""134"": 0.0, ""84"": 0.0, ""44"": 0.0, ""52"": 0.0, ""170"": 0.0, ""212"": 0.0, ""97"": 0.0, ""145"": 0.0, ""12"": 0.0, ""146"": 0.0, ""16"": 0.09999999999999999, ""123"": 0.0, ""205"": 0.0, ""64"": 0.0, ""231"": 0.0, ""193"": 0.0, ""169"": 0.0, ""55"": 0.0, ""11"": 0.0, ""117"": 0.0, ""101"": 0.0, ""130"": 0.0, ""24"": 0.0, ""127"": 0.0, ""72"": 0.0, ""6"": 0.0, ""79"": 0.0, ""220"": 0.0, ""221"": 0.0, ""43"": 0.0, ""63"": 0.0, ""201"": 0.0}",jev-1.13.0,ded3b19d98f86c88375e085cda8a8355543b49d52bda8e451612a46dfca57fe2
semantic-short:bge-boundaries:60-180:q70:v1:2400164916:000002334880-000002466240,172,semantic:bge:leaf-local-6-2:42:172,Alushariduse vastutus ja kvaliteet,0.9,0.89,"{""175"": 0.0, ""47"": 0.0, ""87"": 0.0, ""120"": 0.0, ""86"": 0.0, ""3"": 0.0, ""29"": 0.0, ""216"": 0.0, ""129"": 0.0, ""115"": 0.0, ""95"": 0.0, ""201"": 0.0, ""192"": 0.0, ""37"": 0.0, ""128"": 0.0, ""7"": 0.0, ""227"": 0.0, ""85"": 0.0, ""82"": 0.0, ""30"": 0.0, ""131"": 0.0, ""139"": 0.0, ""111"": 0.0, ""156"": 0.0, ""38"": 0.0, ""176"": 0.0, ""228"": 0.0, ""134"": 0.0, ""158"": 0.0, ""19"": 0.0, ""94"": 0.0, ""137"": 0.0, ""211"": 0.0, ""33"": 0.0, ""209"": 0.0, ""154"": 0.0, ""202"": 0.0, ""133"": 0.0, ""54"": 0.0, ""45"": 0.0, ""69"": 0.0, ""166"": 0.0, ""112"": 0.0, ""215"": 0.0, ""143"": 0.0, ""161"": 0.0, ""41"": 0.0, ""232"": 0.0, ""123"": 0.0, ""138"": 0.0, ""106"": 0.0, ""11"": 0.0, ""55"": 0.0, ""48"": 0.0, ""186"": 0.0, ""196"": 0.0, ""225"": 0.0, ""219"": 0.0, ""113"": 0.0, ""83"": 0.0, ""8"": 0.0, ""99"": 0.0, ""148"": 0.0, ""204"": 0.0, ""146"": 0.0, ""108"": 0.0, ""24"": 0.0, ""230"": 0.0, ""93"": 0.0, ""31"": 0.0, ""200"": 0.0, ""210"": 0.0, ""109"": 0.0, ""107"": 0.0, ""58"": 0.0, ""159"": 0.0, ""145"": 0.0, ""98"": 0.0, ""149"": 0.0, ""59"": 0.0, ""75"": 0.0, ""46"": 0.0, ""218"": 0.0, ""65"": 0.0, ""114"": 0.0, ""84"": 0.0, ""208"": 0.0, ""16"": 0.0, ""152"": 0.0, ""79"": 0.0, ""214"": 0.0, ""235"": 0.0, ""62"": 0.0, ""125"": 0.0, ""27"": 0.0, ""165"": 0.0, ""35"": 0.0, ""64"": 0.0, ""57"": 0.0, ""14"": 0.0, ""150"": 0.0, ""66"": 0.0, ""185"": 0.0, ""21"": 0.0, ""127"": 0.0, ""157"": 0.0, ""117"": 0.0, ""15"": 0.0, ""103"": 0.0, ""180"": 0.03, ""71"": 0.0, ""197"": 0.0, ""74"": 0.0, ""144"": 0.0, ""49"": 0.0, ""78"": 0.0, ""184"": 0.0, ""198"": 0.0, ""233"": 0.0, ""17"": 0.0, ""140"": 0.0, ""4"": 0.03, ""72"": 0.0, ""190"": 0.0, ""92"": 0.0, ""34"": 0.0, ""121"": 0.0, ""171"": 0.0, ""52"": 0.0, ""28"": 0.0, ""160"": 0.0, ""0"": 0.0, ""151"": 0.0, ""70"": 0.0, ""207"": 0.0, ""183"": 0.0, ""50"": 0.0, ""199"": 0.0, ""13"": 0.0, ""179"": 0.0, ""-1"": 0.03, ""56"": 0.0, ""60"": 0.0, ""178"": 0.0, ""39"": 0.0, ""217"": 0.0, ""42"": 0.0, ""63"": 0.0, ""136"": 0.0, ""43"": 0.0, ""126"": 0.0, ""67"": 0.0, ""155"": 0.0, ""169"": 0.0, ""81"": 0.0, ""163"": 0.0, ""193"": 0.0, ""102"": 0.0, ""51"": 0.0, ""97"": 0.0, ""73"": 0.0, ""226"": 0.0, ""164"": 0.0, ""177"": 0.0, ""170"": 0.0, ""124"": 0.0, ""135"": 0.0, ""12"": 0.0, ""40"": 0.0, ""172"": 0.9, ""6"": 0.0, ""223"": 0.0, ""61"": 0.0, ""100"": 0.0, ""9"": 0.0, ""188"": 0.0, ""101"": 0.0, ""110"": 0.0, ""68"": 0.0, ""25"": 0.0, ""88"": 0.0, ""222"": 0.0, ""91"": 0.0, ""104"": 0.0, ""147"": 0.0, ""167"": 0.0, ""189"": 0.0, ""22"": 0.0, ""205"": 0.0, ""118"": 0.0, ""162"": 0.0, ""191"": 0.0, ""229"": 0.0, ""26"": 0.0, ""89"": 0.0, ""234"": 0.0, ""174"": 0.0, ""231"": 0.0, ""141"": 0.0, ""2"": 0.0, ""173"": 0.0, ""203"": 0.0, ""153"": 0.0, ""130"": 0.0, ""187"": 0.0, ""105"": 0.0, ""77"": 0.0, ""212"": 0.0, ""194"": 0.0, ""213"": 0.0, ""1"": 0.0, ""36"": 0.0, ""220"": 0.0, ""119"": 0.0, ""116"": 0.0, ""221"": 0.0, ""224"": 0.0, ""122"": 0.0, ""181"": 0.0, ""44"": 0.0, ""132"": 0.0, ""80"": 0.0, ""20"": 0.0, ""23"": 0.0, ""142"": 0.0, ""76"": 0.0, ""32"": 0.0, ""206"": 0.0, ""53"": 0.0, ""168"": 0.0, ""5"": 0.0, ""90"": 0.0, ""96"": 0.0, ""182"": 0.0, ""195"": 0.0, ""18"": 0.0, ""10"": 0.0}",jev-1.13.0,b55c05f89a13e03e0bb441defe2cce0f7a651a58326b57ce475fb83ee0bfefae
semantic-short:bge-boundaries:60-180:q70:v1:2400164916:000002466240-000002534640,180,semantic:bge:leaf-local-6-2:42:180,Õpetaja hoituse rollid alushariduses,0.51,0.5,"{""171"": 0.0, ""89"": 0.0, ""114"": 0.0, ""61"": 0.0, ""210"": 0.0, ""162"": 0.0, ""107"": 0.0, ""224"": 0.0, ""187"": 0.0, ""65"": 0.0, ""28"": 0.0, ""77"": 0.0, ""79"": 0.0, ""104"": 0.0, ""72"": 0.0, ""115"": 0.0, ""-1"": 0.02, ""76"": 0.0, ""84"": 0.0, ""206"": 0.0, ""219"": 0.0, ""91"": 0.0, ""151"": 0.0, ""181"": 0.0, ""176"": 0.0, ""50"": 0.0, ""101"": 0.0, ""14"": 0.0, ""184"": 0.0, ""113"": 0.0, ""234"": 0.0, ""54"": 0.0, ""150"": 0.0, ""37"": 0.0, ""118"": 0.0, ""64"": 0.0, ""4"": 0.02, ""155"": 0.0, ""25"": 0.0, ""47"": 0.0, ""217"": 0.0, ""78"": 0.0, ""2"": 0.0, ""17"": 0.0, ""40"": 0.0, ""182"": 0.0, ""136"": 0.0, ""15"": 0.0, ""130"": 0.0, ""230"": 0.0, ""110"": 0.0, ""183"": 0.0, ""42"": 0.0, ""51"": 0.0, ""196"": 0.0, ""111"": 0.0, ""179"": 0.0, ""103"": 0.0, ""125"": 0.0, ""52"": 0.0, ""99"": 0.01, ""32"": 0.0, ""95"": 0.0, ""213"": 0.0, ""133"": 0.0, ""3"": 0.0, ""123"": 0.0, ""75"": 0.0, ""195"": 0.0, ""12"": 0.0, ""180"": 0.51, ""92"": 0.0, ""186"": 0.0, ""18"": 0.0, ""228"": 0.0, ""94"": 0.0, ""232"": 0.0, ""58"": 0.0, ""167"": 0.0, ""120"": 0.0, ""144"": 0.0, ""202"": 0.0, ""161"": 0.0, ""149"": 0.0, ""165"": 0.0, ""116"": 0.0, ""222"": 0.0, ""215"": 0.0, ""205"": 0.0, ""96"": 0.0, ""169"": 0.0, ""33"": 0.0, ""121"": 0.0, ""158"": 0.0, ""170"": 0.0, ""220"": 0.0, ""86"": 0.0, ""109"": 0.0, ""214"": 0.0, ""188"": 0.0, ""128"": 0.0, ""168"": 0.0, ""10"": 0.0, ""29"": 0.0, ""139"": 0.0, ""20"": 0.0, ""164"": 0.0, ""35"": 0.0, ""34"": 0.0, ""98"": 0.0, ""153"": 0.0, ""134"": 0.0, ""124"": 0.0, ""82"": 0.0, ""93"": 0.0, ""172"": 0.31, ""154"": 0.0, ""24"": 0.0, ""218"": 0.0, ""43"": 0.0, ""177"": 0.0, ""85"": 0.0, ""178"": 0.0, ""80"": 0.0, ""68"": 0.0, ""67"": 0.0, ""45"": 0.0, ""204"": 0.0, ""137"": 0.0, ""227"": 0.0, ""30"": 0.0, ""166"": 0.0, ""63"": 0.0, ""88"": 0.0, ""140"": 0.0, ""108"": 0.0, ""156"": 0.0, ""216"": 0.0, ""145"": 0.0, ""194"": 0.0, ""5"": 0.0, ""21"": 0.0, ""157"": 0.0, ""8"": 0.0, ""192"": 0.0, ""87"": 0.0, ""142"": 0.0, ""141"": 0.0, ""146"": 0.0, ""0"": 0.0, ""26"": 0.0, ""60"": 0.0, ""7"": 0.0, ""126"": 0.0, ""209"": 0.0, ""81"": 0.0, ""57"": 0.0, ""233"": 0.0, ""38"": 0.0, ""226"": 0.0, ""13"": 0.0, ""152"": 0.0, ""147"": 0.0, ""159"": 0.0, ""173"": 0.0, ""174"": 0.0, ""112"": 0.0, ""6"": 0.0, ""66"": 0.0, ""201"": 0.0, ""90"": 0.0, ""223"": 0.0, ""175"": 0.0, ""49"": 0.0, ""221"": 0.0, ""73"": 0.0, ""44"": 0.0, ""46"": 0.0, ""163"": 0.0, ""1"": 0.0, ""23"": 0.0, ""62"": 0.0, ""36"": 0.0, ""71"": 0.13, ""48"": 0.0, ""100"": 0.0, ""197"": 0.0, ""122"": 0.0, ""160"": 0.0, ""97"": 0.0, ""41"": 0.0, ""39"": 0.0, ""135"": 0.0, ""83"": 0.0, ""193"": 0.0, ""119"": 0.0, ""212"": 0.0, ""19"": 0.0, ""138"": 0.0, ""191"": 0.0, ""199"": 0.0, ""74"": 0.0, ""9"": 0.0, ""203"": 0.0, ""31"": 0.0, ""27"": 0.0, ""143"": 0.0, ""106"": 0.0, ""117"": 0.0, ""102"": 0.0, ""131"": 0.0, ""200"": 0.0, ""207"": 0.0, ""69"": 0.0, ""55"": 0.0, ""198"": 0.0, ""185"": 0.0, ""235"": 0.0, ""208"": 0.0, ""70"": 0.0, ""59"": 0.0, ""225"": 0.0, ""56"": 0.0, ""190"": 0.0, ""132"": 0.0, ""229"": 0.0, ""22"": 0.0, ""231"": 0.0, ""148"": 0.0, ""129"": 0.0, ""11"": 0.0, ""16"": 0.0, ""105"": 0.0, ""127"": 0.0, ""189"": 0.0, ""211"": 0.0, ""53"": 0.0}",jev-1.13.0,bb6dffa889e4c46b26b5a93dd2455137e5bfa7e9b3da1baed4b48fc3b7d65ea5
semantic-short:bge-boundaries:60-180:q70:v1:2400164916:000002534640-000002632080,-1,semantic:bge:leaf-local-6-2:42:-1,Unassigned,0.4,0.39,"{""114"": 0.0, ""113"": 0.0, ""213"": 0.0, ""191"": 0.0, ""81"": 0.0, ""49"": 0.0, ""24"": 0.0, ""139"": 0.0, ""5"": 0.0, ""132"": 0.0, ""227"": 0.0, ""87"": 0.0, ""145"": 0.0, ""209"": 0.0, ""98"": 0.01, ""103"": 0.0, ""3"": 0.0, ""212"": 0.0, ""11"": 0.0, ""164"": 0.0, ""194"": 0.0, ""44"": 0.0, ""231"": 0.0, ""138"": 0.0, ""165"": 0.0, ""104"": 0.0, ""177"": 0.0, ""82"": 0.0, ""67"": 0.0, ""217"": 0.0, ""226"": 0.0, ""142"": 0.0, ""134"": 0.0, ""218"": 0.0, ""74"": 0.0, ""161"": 0.0, ""65"": 0.0, ""129"": 0.0, ""176"": 0.0, ""18"": 0.0, ""190"": 0.0, ""70"": 0.0, ""153"": 0.0, ""101"": 0.0, ""204"": 0.0, ""122"": 0.0, ""216"": 0.0, ""53"": 0.0, ""162"": 0.0, ""21"": 0.0, ""93"": 0.0, ""42"": 0.0, ""36"": 0.0, ""224"": 0.0, ""75"": 0.0, ""229"": 0.0, ""149"": 0.0, ""32"": 0.0, ""97"": 0.01, ""35"": 0.0, ""84"": 0.0, ""73"": 0.0, ""158"": 0.0, ""159"": 0.0, ""96"": 0.01, ""41"": 0.0, ""225"": 0.0, ""124"": 0.0, ""0"": 0.0, ""88"": 0.0, ""232"": 0.0, ""173"": 0.0, ""230"": 0.03, ""128"": 0.0, ""141"": 0.0, ""182"": 0.0, ""80"": 0.0, ""207"": 0.0, ""137"": 0.0, ""16"": 0.0, ""116"": 0.0, ""48"": 0.0, ""205"": 0.0, ""193"": 0.0, ""223"": 0.0, ""144"": 0.0, ""22"": 0.0, ""76"": 0.0, ""117"": 0.0, ""30"": 0.0, ""40"": 0.0, ""39"": 0.0, ""187"": 0.0, ""140"": 0.0, ""119"": 0.0, ""34"": 0.0, ""146"": 0.0, ""147"": 0.0, ""163"": 0.0, ""143"": 0.0, ""77"": 0.0, ""188"": 0.03, ""72"": 0.0, ""133"": 0.0, ""198"": 0.0, ""109"": 0.0, ""61"": 0.0, ""59"": 0.0, ""51"": 0.0, ""192"": 0.0, ""156"": 0.0, ""102"": 0.0, ""10"": 0.0, ""154"": 0.0, ""186"": 0.0, ""123"": 0.0, ""4"": 0.02, ""8"": 0.0, ""1"": 0.0, ""69"": 0.0, ""201"": 0.02, ""152"": 0.0, ""108"": 0.0, ""171"": 0.0, ""174"": 0.02, ""86"": 0.0, ""126"": 0.0, ""94"": 0.01, ""111"": 0.0, ""23"": 0.0, ""148"": 0.0, ""233"": 0.0, ""110"": 0.0, ""195"": 0.0, ""172"": 0.13, ""64"": 0.0, ""185"": 0.0, ""202"": 0.0, ""211"": 0.0, ""55"": 0.0, ""115"": 0.0, ""79"": 0.0, ""120"": 0.0, ""181"": 0.0, ""58"": 0.0, ""62"": 0.0, ""27"": 0.0, ""20"": 0.0, ""168"": 0.02, ""71"": 0.15000000000000002, ""43"": 0.0, ""50"": 0.0, ""199"": 0.0, ""234"": 0.0, ""9"": 0.0, ""222"": 0.0, ""155"": 0.0, ""179"": 0.0, ""15"": 0.0, ""92"": 0.0, ""63"": 0.0, ""78"": 0.0, ""12"": 0.0, ""178"": 0.0, ""219"": 0.0, ""68"": 0.0, ""221"": 0.0, ""31"": 0.0, ""112"": 0.0, ""151"": 0.0, ""206"": 0.0, ""19"": 0.0, ""45"": 0.0, ""60"": 0.0, ""14"": 0.0, ""89"": 0.0, ""105"": 0.0, ""25"": 0.0, ""106"": 0.0, ""150"": 0.0, ""118"": 0.0, ""125"": 0.0, ""99"": 0.01, ""160"": 0.0, ""47"": 0.0, ""170"": 0.0, ""157"": 0.0, ""37"": 0.0, ""208"": 0.0, ""127"": 0.0, ""210"": 0.0, ""200"": 0.0, ""183"": 0.0, ""167"": 0.0, ""121"": 0.0, ""220"": 0.0, ""57"": 0.0, ""7"": 0.0, ""91"": 0.0, ""13"": 0.0, ""54"": 0.0, ""189"": 0.0, ""215"": 0.0, ""26"": 0.0, ""46"": 0.0, ""100"": 0.0, ""107"": 0.0, ""214"": 0.0, ""130"": 0.0, ""56"": 0.0, ""169"": 0.02, ""166"": 0.0, ""29"": 0.0, ""184"": 0.0, ""90"": 0.0, ""52"": 0.0, ""131"": 0.0, ""197"": 0.0, ""66"": 0.0, ""-1"": 0.4, ""17"": 0.0, ""85"": 0.0, ""180"": 0.09, ""83"": 0.0, ""95"": 0.01, ""235"": 0.0, ""33"": 0.0, ""196"": 0.0, ""28"": 0.0, ""135"": 0.0, ""38"": 0.0, ""203"": 0.0, ""228"": 0.0, ""175"": 0.0, ""136"": 0.0, ""2"": 0.0, ""6"": 0.0}",jev-1.13.0,9776973153500945ec88953060607f6d7c4f262377b3cef893be9d679c4f0988
semantic-short:bge-boundaries:60-180:q70:v1:2400164916:000002632080-000002760000,180,semantic:bge:leaf-local-6-2:42:180,Õpetaja hoituse rollid alushariduses,0.85,0.84,"{""184"": 0.0, ""71"": 0.0, ""139"": 0.0, ""207"": 0.0, ""231"": 0.0, ""161"": 0.0, ""218"": 0.0, ""211"": 0.0, ""29"": 0.0, ""126"": 0.0, ""20"": 0.0, ""45"": 0.0, ""151"": 0.0, ""33"": 0.0, ""170"": 0.0, ""6"": 0.0, ""158"": 0.0, ""193"": 0.0, ""0"": 0.0, ""62"": 0.0, ""81"": 0.0, ""157"": 0.0, ""176"": 0.0, ""172"": 0.09999999999999999, ""205"": 0.0, ""210"": 0.0, ""235"": 0.0, ""87"": 0.0, ""24"": 0.0, ""28"": 0.0, ""213"": 0.0, ""198"": 0.0, ""64"": 0.0, ""18"": 0.0, ""75"": 0.0, ""164"": 0.0, ""121"": 0.0, ""147"": 0.0, ""181"": 0.0, ""117"": 0.0, ""17"": 0.0, ""2"": 0.0, ""93"": 0.0, ""155"": 0.0, ""85"": 0.0, ""133"": 0.0, ""68"": 0.0, ""25"": 0.0, ""234"": 0.0, ""122"": 0.0, ""115"": 0.0, ""37"": 0.0, ""188"": 0.0, ""196"": 0.0, ""114"": 0.0, ""123"": 0.0, ""135"": 0.0, ""212"": 0.0, ""130"": 0.0, ""203"": 0.0, ""154"": 0.0, ""206"": 0.0, ""67"": 0.0, ""144"": 0.0, ""51"": 0.0, ""15"": 0.0, ""95"": 0.0, ""118"": 0.02, ""180"": 0.85, ""229"": 0.0, ""162"": 0.0, ""128"": 0.0, ""80"": 0.0, ""55"": 0.0, ""194"": 0.0, ""160"": 0.0, ""8"": 0.0, ""177"": 0.0, ""220"": 0.0, ""119"": 0.0, ""175"": 0.0, ""19"": 0.0, ""127"": 0.0, ""156"": 0.0, ""171"": 0.0, ""73"": 0.0, ""136"": 0.0, ""187"": 0.0, ""99"": 0.0, ""192"": 0.0, ""227"": 0.0, ""102"": 0.0, ""53"": 0.0, ""35"": 0.0, ""-1"": 0.01, ""65"": 0.0, ""13"": 0.0, ""226"": 0.0, ""14"": 0.0, ""104"": 0.0, ""174"": 0.0, ""132"": 0.0, ""167"": 0.0, ""141"": 0.0, ""56"": 0.0, ""215"": 0.0, ""26"": 0.0, ""101"": 0.0, ""16"": 0.0, ""195"": 0.0, ""183"": 0.0, ""233"": 0.0, ""12"": 0.0, ""116"": 0.0, ""138"": 0.0, ""165"": 0.0, ""230"": 0.0, ""216"": 0.0, ""50"": 0.0, ""204"": 0.0, ""36"": 0.0, ""109"": 0.0, ""82"": 0.0, ""52"": 0.0, ""228"": 0.0, ""88"": 0.0, ""159"": 0.0, ""72"": 0.0, ""137"": 0.0, ""54"": 0.0, ""10"": 0.0, ""61"": 0.0, ""11"": 0.0, ""1"": 0.0, ""111"": 0.0, ""96"": 0.0, ""225"": 0.0, ""30"": 0.0, ""89"": 0.0, ""125"": 0.0, ""163"": 0.0, ""47"": 0.0, ""178"": 0.0, ""185"": 0.0, ""7"": 0.0, ""201"": 0.0, ""145"": 0.0, ""182"": 0.0, ""69"": 0.0, ""49"": 0.0, ""5"": 0.0, ""92"": 0.0, ""23"": 0.0, ""150"": 0.0, ""3"": 0.0, ""90"": 0.0, ""108"": 0.0, ""140"": 0.0, ""32"": 0.0, ""129"": 0.0, ""202"": 0.0, ""38"": 0.0, ""191"": 0.0, ""44"": 0.0, ""83"": 0.0, ""208"": 0.0, ""224"": 0.0, ""59"": 0.0, ""39"": 0.0, ""27"": 0.0, ""112"": 0.0, ""77"": 0.0, ""58"": 0.0, ""9"": 0.0, ""186"": 0.0, ""60"": 0.0, ""217"": 0.0, ""134"": 0.02, ""152"": 0.0, ""131"": 0.0, ""84"": 0.0, ""97"": 0.0, ""189"": 0.0, ""22"": 0.0, ""146"": 0.0, ""48"": 0.0, ""98"": 0.0, ""142"": 0.0, ""173"": 0.0, ""219"": 0.0, ""46"": 0.0, ""166"": 0.0, ""105"": 0.0, ""57"": 0.0, ""168"": 0.0, ""148"": 0.0, ""113"": 0.0, ""124"": 0.0, ""100"": 0.0, ""190"": 0.0, ""153"": 0.0, ""70"": 0.0, ""221"": 0.0, ""120"": 0.0, ""94"": 0.0, ""31"": 0.0, ""63"": 0.0, ""42"": 0.0, ""4"": 0.0, ""41"": 0.0, ""110"": 0.0, ""79"": 0.0, ""91"": 0.0, ""169"": 0.0, ""232"": 0.0, ""78"": 0.0, ""223"": 0.0, ""222"": 0.0, ""103"": 0.0, ""74"": 0.0, ""209"": 0.0, ""66"": 0.0, ""107"": 0.0, ""179"": 0.0, ""143"": 0.0, ""86"": 0.0, ""43"": 0.0, ""214"": 0.0, ""149"": 0.0, ""106"": 0.0, ""197"": 0.0, ""199"": 0.0, ""200"": 0.0, ""40"": 0.0, ""34"": 0.0, ""21"": 0.0, ""76"": 0.0}",jev-1.13.0,6021d1cc0df7103f594450ffbb41827eba875ab24f65affd46e4f752e5253d23
semantic-short:bge-boundaries:60-180:q70:v1:2400164916:000002760000-000002924360,180,semantic:bge:leaf-local-6-2:42:180,Õpetaja hoituse rollid alushariduses,1.0,1.0,"{""44"": 0.0, ""30"": 0.0, ""85"": 0.0, ""99"": 0.0, ""88"": 0.0, ""169"": 0.0, ""174"": 0.0, ""53"": 0.0, ""147"": 0.0, ""48"": 0.0, ""144"": 0.0, ""146"": 0.0, ""171"": 0.0, ""172"": 0.0, ""145"": 0.0, ""187"": 0.0, ""62"": 0.0, ""24"": 0.0, ""194"": 0.0, ""198"": 0.0, ""210"": 0.0, ""106"": 0.0, ""168"": 0.0, ""160"": 0.0, ""28"": 0.0, ""8"": 0.0, ""97"": 0.0, ""211"": 0.0, ""116"": 0.0, ""126"": 0.0, ""205"": 0.0, ""121"": 0.0, ""102"": 0.0, ""151"": 0.0, ""9"": 0.0, ""173"": 0.0, ""203"": 0.0, ""37"": 0.0, ""23"": 0.0, ""70"": 0.0, ""50"": 0.0, ""217"": 0.0, ""149"": 0.0, ""161"": 0.0, ""185"": 0.0, ""233"": 0.0, ""117"": 0.0, ""164"": 0.0, ""103"": 0.0, ""20"": 0.0, ""100"": 0.0, ""75"": 0.0, ""153"": 0.0, ""135"": 0.0, ""141"": 0.0, ""61"": 0.0, ""170"": 0.0, ""1"": 0.0, ""55"": 0.0, ""186"": 0.0, ""213"": 0.0, ""80"": 0.0, ""209"": 0.0, ""134"": 0.0, ""143"": 0.0, ""142"": 0.0, ""78"": 0.0, ""26"": 0.0, ""59"": 0.0, ""35"": 0.0, ""108"": 0.0, ""73"": 0.0, ""221"": 0.0, ""158"": 0.0, ""83"": 0.0, ""25"": 0.0, ""98"": 0.0, ""33"": 0.0, ""136"": 0.0, ""127"": 0.0, ""93"": 0.0, ""82"": 0.0, ""199"": 0.0, ""42"": 0.0, ""22"": 0.0, ""130"": 0.0, ""104"": 0.0, ""215"": 0.0, ""34"": 0.0, ""46"": 0.0, ""57"": 0.0, ""214"": 0.0, ""201"": 0.0, ""137"": 0.0, ""17"": 0.0, ""224"": 0.0, ""120"": 0.0, ""196"": 0.0, ""124"": 0.0, ""101"": 0.0, ""125"": 0.0, ""163"": 0.0, ""19"": 0.0, ""-1"": 0.0, ""113"": 0.0, ""12"": 0.0, ""68"": 0.0, ""182"": 0.0, ""39"": 0.0, ""129"": 0.0, ""41"": 0.0, ""138"": 0.0, ""87"": 0.0, ""228"": 0.0, ""3"": 0.0, ""219"": 0.0, ""79"": 0.0, ""54"": 0.0, ""0"": 0.0, ""140"": 0.0, ""235"": 0.0, ""192"": 0.0, ""175"": 0.0, ""133"": 0.0, ""188"": 0.0, ""180"": 1.0, ""77"": 0.0, ""118"": 0.0, ""206"": 0.0, ""4"": 0.0, ""60"": 0.0, ""156"": 0.0, ""155"": 0.0, ""58"": 0.0, ""10"": 0.0, ""74"": 0.0, ""131"": 0.0, ""32"": 0.0, ""193"": 0.0, ""89"": 0.0, ""179"": 0.0, ""47"": 0.0, ""69"": 0.0, ""112"": 0.0, ""90"": 0.0, ""189"": 0.0, ""36"": 0.0, ""15"": 0.0, ""110"": 0.0, ""27"": 0.0, ""31"": 0.0, ""200"": 0.0, ""218"": 0.0, ""76"": 0.0, ""232"": 0.0, ""225"": 0.0, ""229"": 0.0, ""72"": 0.0, ""111"": 0.0, ""29"": 0.0, ""92"": 0.0, ""139"": 0.0, ""67"": 0.0, ""18"": 0.0, ""5"": 0.0, ""197"": 0.0, ""195"": 0.0, ""43"": 0.0, ""71"": 0.0, ""152"": 0.0, ""123"": 0.0, ""148"": 0.0, ""231"": 0.0, ""2"": 0.0, ""184"": 0.0, ""86"": 0.0, ""204"": 0.0, ""227"": 0.0, ""128"": 0.0, ""38"": 0.0, ""166"": 0.0, ""181"": 0.0, ""84"": 0.0, ""109"": 0.0, ""167"": 0.0, ""65"": 0.0, ""6"": 0.0, ""132"": 0.0, ""16"": 0.0, ""115"": 0.0, ""159"": 0.0, ""51"": 0.0, ""56"": 0.0, ""52"": 0.0, ""119"": 0.0, ""95"": 0.0, ""177"": 0.0, ""230"": 0.0, ""202"": 0.0, ""81"": 0.0, ""114"": 0.0, ""63"": 0.0, ""223"": 0.0, ""220"": 0.0, ""96"": 0.0, ""190"": 0.0, ""216"": 0.0, ""107"": 0.0, ""183"": 0.0, ""21"": 0.0, ""66"": 0.0, ""13"": 0.0, ""208"": 0.0, ""212"": 0.0, ""7"": 0.0, ""91"": 0.0, ""150"": 0.0, ""207"": 0.0, ""226"": 0.0, ""105"": 0.0, ""122"": 0.0, ""178"": 0.0, ""162"": 0.0, ""49"": 0.0, ""40"": 0.0, ""11"": 0.0, ""14"": 0.0, ""191"": 0.0, ""64"": 0.0, ""222"": 0.0, ""176"": 0.0, ""154"": 0.0, ""94"": 0.0, ""234"": 0.0, ""165"": 0.0, ""45"": 0.0, ""157"": 0.0}",jev-1.13.0,e6e26725d8fbf675d4cda8bc0ab269edbc5e615d17a893de2f709c6d47cb8547
semantic-short:bge-boundaries:60-180:q70:v1:2400164916:000002924360-000003090400,180,semantic:bge:leaf-local-6-2:42:180,Õpetaja hoituse rollid alushariduses,0.49,0.48,"{""152"": 0.0, ""35"": 0.0, ""168"": 0.0, ""2"": 0.0, ""221"": 0.0, ""157"": 0.0, ""1"": 0.0, ""148"": 0.0, ""194"": 0.0, ""172"": 0.46, ""67"": 0.0, ""20"": 0.0, ""39"": 0.0, ""190"": 0.0, ""184"": 0.0, ""80"": 0.0, ""45"": 0.0, ""104"": 0.0, ""82"": 0.0, ""0"": 0.0, ""132"": 0.0, ""117"": 0.0, ""68"": 0.0, ""189"": 0.0, ""158"": 0.0, ""192"": 0.0, ""233"": 0.0, ""222"": 0.0, ""92"": 0.0, ""187"": 0.0, ""30"": 0.0, ""232"": 0.0, ""115"": 0.0, ""217"": 0.0, ""73"": 0.0, ""110"": 0.0, ""180"": 0.49, ""170"": 0.0, ""143"": 0.0, ""94"": 0.0, ""69"": 0.0, ""5"": 0.0, ""106"": 0.0, ""165"": 0.0, ""50"": 0.0, ""228"": 0.0, ""60"": 0.0, ""43"": 0.0, ""54"": 0.0, ""90"": 0.0, ""136"": 0.0, ""216"": 0.0, ""183"": 0.0, ""129"": 0.0, ""19"": 0.0, ""156"": 0.0, ""87"": 0.0, ""72"": 0.0, ""88"": 0.0, ""28"": 0.0, ""21"": 0.0, ""193"": 0.0, ""142"": 0.0, ""40"": 0.0, ""37"": 0.0, ""125"": 0.0, ""65"": 0.0, ""56"": 0.0, ""160"": 0.0, ""97"": 0.0, ""206"": 0.0, ""215"": 0.0, ""209"": 0.0, ""3"": 0.0, ""33"": 0.0, ""11"": 0.0, ""62"": 0.0, ""204"": 0.0, ""146"": 0.0, ""119"": 0.0, ""109"": 0.0, ""128"": 0.0, ""105"": 0.0, ""83"": 0.0, ""108"": 0.0, ""47"": 0.0, ""219"": 0.0, ""212"": 0.0, ""61"": 0.0, ""121"": 0.0, ""196"": 0.0, ""111"": 0.0, ""144"": 0.0, ""126"": 0.0, ""191"": 0.0, ""51"": 0.0, ""197"": 0.0, ""164"": 0.0, ""234"": 0.0, ""131"": 0.0, ""59"": 0.0, ""229"": 0.0, ""44"": 0.0, ""130"": 0.0, ""116"": 0.0, ""138"": 0.0, ""112"": 0.0, ""133"": 0.0, ""27"": 0.0, ""210"": 0.0, ""66"": 0.0, ""14"": 0.0, ""15"": 0.0, ""181"": 0.0, ""49"": 0.0, ""169"": 0.0, ""86"": 0.0, ""137"": 0.0, ""34"": 0.0, ""12"": 0.0, ""140"": 0.0, ""98"": 0.0, ""42"": 0.0, ""10"": 0.0, ""213"": 0.0, ""16"": 0.0, ""173"": 0.0, ""91"": 0.0, ""176"": 0.0, ""123"": 0.0, ""22"": 0.0, ""195"": 0.0, ""205"": 0.0, ""113"": 0.0, ""101"": 0.0, ""200"": 0.0, ""24"": 0.0, ""186"": 0.0, ""58"": 0.0, ""124"": 0.0, ""174"": 0.0, ""99"": 0.01, ""198"": 0.0, ""139"": 0.0, ""141"": 0.0, ""89"": 0.0, ""159"": 0.0, ""202"": 0.0, ""63"": 0.0, ""118"": 0.0, ""76"": 0.0, ""13"": 0.0, ""36"": 0.0, ""122"": 0.0, ""235"": 0.0, ""224"": 0.0, ""155"": 0.0, ""31"": 0.0, ""167"": 0.0, ""226"": 0.0, ""178"": 0.0, ""153"": 0.0, ""207"": 0.0, ""93"": 0.0, ""6"": 0.0, ""23"": 0.0, ""214"": 0.0, ""149"": 0.0, ""171"": 0.0, ""17"": 0.0, ""41"": 0.0, ""53"": 0.0, ""85"": 0.0, ""57"": 0.0, ""75"": 0.0, ""26"": 0.0, ""225"": 0.0, ""150"": 0.0, ""134"": 0.0, ""7"": 0.0, ""18"": 0.0, ""220"": 0.0, ""77"": 0.0, ""127"": 0.0, ""211"": 0.0, ""208"": 0.0, ""-1"": 0.0, ""8"": 0.0, ""32"": 0.0, ""78"": 0.0, ""29"": 0.0, ""120"": 0.0, ""161"": 0.0, ""114"": 0.0, ""52"": 0.0, ""218"": 0.0, ""151"": 0.0, ""163"": 0.0, ""154"": 0.0, ""182"": 0.0, ""107"": 0.0, ""64"": 0.0, ""179"": 0.0, ""74"": 0.0, ""70"": 0.0, ""230"": 0.0, ""147"": 0.0, ""96"": 0.0, ""9"": 0.0, ""203"": 0.0, ""71"": 0.0, ""201"": 0.0, ""38"": 0.0, ""166"": 0.0, ""199"": 0.0, ""102"": 0.0, ""46"": 0.0, ""84"": 0.0, ""79"": 0.0, ""162"": 0.0, ""145"": 0.0, ""177"": 0.0, ""188"": 0.0, ""4"": 0.04, ""55"": 0.0, ""223"": 0.0, ""48"": 0.0, ""231"": 0.0, ""25"": 0.0, ""135"": 0.0, ""95"": 0.0, ""185"": 0.0, ""103"": 0.0, ""175"": 0.0, ""227"": 0.0, ""81"": 0.0, ""100"": 0.0}",jev-1.13.0,6798b6bc536b14538e510949297283bb69d9eda798019f2ef2f15309b0a38953
semantic-short:bge-boundaries:60-180:q70:v1:2400164916:000003090400-000003189920,172,semantic:bge:leaf-local-6-2:42:172,Alushariduse vastutus ja kvaliteet,0.61,0.59,"{""220"": 0.0, ""188"": 0.0, ""146"": 0.0, ""57"": 0.0, ""82"": 0.0, ""171"": 0.0, ""122"": 0.0, ""116"": 0.0, ""107"": 0.0, ""162"": 0.0, ""138"": 0.0, ""129"": 0.0, ""3"": 0.0, ""154"": 0.0, ""36"": 0.0, ""219"": 0.0, ""71"": 0.0, ""77"": 0.0, ""170"": 0.0, ""52"": 0.0, ""155"": 0.0, ""180"": 0.36, ""131"": 0.0, ""70"": 0.0, ""133"": 0.0, ""110"": 0.0, ""27"": 0.0, ""83"": 0.0, ""73"": 0.0, ""32"": 0.0, ""130"": 0.0, ""12"": 0.0, ""67"": 0.0, ""134"": 0.0, ""137"": 0.0, ""135"": 0.0, ""234"": 0.0, ""182"": 0.0, ""4"": 0.02, ""209"": 0.0, ""14"": 0.0, ""185"": 0.0, ""75"": 0.0, ""176"": 0.0, ""-1"": 0.01, ""51"": 0.0, ""39"": 0.0, ""186"": 0.0, ""225"": 0.0, ""207"": 0.0, ""210"": 0.0, ""87"": 0.0, ""8"": 0.0, ""23"": 0.0, ""151"": 0.0, ""99"": 0.0, ""215"": 0.0, ""192"": 0.0, ""193"": 0.0, ""84"": 0.0, ""235"": 0.0, ""25"": 0.0, ""227"": 0.0, ""5"": 0.0, ""111"": 0.0, ""90"": 0.0, ""204"": 0.0, ""88"": 0.0, ""167"": 0.0, ""156"": 0.0, ""34"": 0.0, ""164"": 0.0, ""231"": 0.0, ""94"": 0.0, ""97"": 0.0, ""228"": 0.0, ""233"": 0.0, ""74"": 0.0, ""38"": 0.0, ""89"": 0.0, ""22"": 0.0, ""213"": 0.0, ""91"": 0.0, ""184"": 0.0, ""150"": 0.0, ""59"": 0.0, ""41"": 0.0, ""169"": 0.0, ""93"": 0.0, ""15"": 0.0, ""139"": 0.0, ""222"": 0.0, ""53"": 0.0, ""68"": 0.0, ""197"": 0.0, ""102"": 0.0, ""183"": 0.0, ""48"": 0.0, ""60"": 0.0, ""26"": 0.0, ""199"": 0.0, ""153"": 0.0, ""44"": 0.0, ""92"": 0.0, ""163"": 0.0, ""119"": 0.0, ""221"": 0.0, ""2"": 0.0, ""1"": 0.0, ""108"": 0.0, ""189"": 0.0, ""30"": 0.0, ""40"": 0.0, ""115"": 0.0, ""230"": 0.0, ""63"": 0.0, ""96"": 0.0, ""202"": 0.0, ""229"": 0.0, ""177"": 0.0, ""178"": 0.0, ""28"": 0.0, ""100"": 0.0, ""124"": 0.0, ""181"": 0.0, ""157"": 0.0, ""65"": 0.0, ""37"": 0.0, ""120"": 0.0, ""104"": 0.0, ""17"": 0.0, ""101"": 0.0, ""127"": 0.0, ""13"": 0.0, ""118"": 0.0, ""10"": 0.0, ""148"": 0.0, ""29"": 0.0, ""201"": 0.0, ""64"": 0.0, ""72"": 0.0, ""11"": 0.0, ""20"": 0.0, ""173"": 0.0, ""81"": 0.0, ""98"": 0.0, ""218"": 0.0, ""190"": 0.0, ""126"": 0.0, ""147"": 0.0, ""69"": 0.0, ""152"": 0.0, ""224"": 0.0, ""174"": 0.0, ""172"": 0.61, ""160"": 0.0, ""205"": 0.0, ""217"": 0.0, ""42"": 0.0, ""212"": 0.0, ""158"": 0.0, ""45"": 0.0, ""149"": 0.0, ""49"": 0.0, ""109"": 0.0, ""198"": 0.0, ""86"": 0.0, ""214"": 0.0, ""203"": 0.0, ""211"": 0.0, ""95"": 0.0, ""33"": 0.0, ""132"": 0.0, ""117"": 0.0, ""165"": 0.0, ""50"": 0.0, ""141"": 0.0, ""175"": 0.0, ""78"": 0.0, ""21"": 0.0, ""136"": 0.0, ""31"": 0.0, ""66"": 0.0, ""196"": 0.0, ""7"": 0.0, ""105"": 0.0, ""128"": 0.0, ""35"": 0.0, ""206"": 0.0, ""9"": 0.0, ""143"": 0.0, ""54"": 0.0, ""55"": 0.0, ""47"": 0.0, ""6"": 0.0, ""195"": 0.0, ""114"": 0.0, ""106"": 0.0, ""80"": 0.0, ""125"": 0.0, ""232"": 0.0, ""79"": 0.0, ""166"": 0.0, ""62"": 0.0, ""216"": 0.0, ""43"": 0.0, ""103"": 0.0, ""142"": 0.0, ""16"": 0.0, ""0"": 0.0, ""112"": 0.0, ""56"": 0.0, ""191"": 0.0, ""223"": 0.0, ""140"": 0.0, ""145"": 0.0, ""187"": 0.0, ""46"": 0.0, ""113"": 0.0, ""226"": 0.0, ""24"": 0.0, ""85"": 0.0, ""123"": 0.0, ""18"": 0.0, ""200"": 0.0, ""76"": 0.0, ""58"": 0.0, ""159"": 0.0, ""194"": 0.0, ""61"": 0.0, ""19"": 0.0, ""179"": 0.0, ""208"": 0.0, ""161"": 0.0, ""168"": 0.0, ""121"": 0.0, ""144"": 0.0}",jev-1.13.0,6b55b2c5698cacdd203b397f82ae63ec135aa25163c3e5eee20285aa0ef05648
semantic-short:bge-boundaries:60-180:q70:v1:2400164916:000003189920-000003323400,-1,semantic:bge:leaf-local-6-2:42:-1,Unassigned,0.27,0.26,"{""-1"": 0.27, ""203"": 0.0, ""48"": 0.0, ""107"": 0.0, ""170"": 0.0, ""21"": 0.0, ""13"": 0.0, ""108"": 0.0, ""169"": 0.0, ""83"": 0.0, ""200"": 0.0, ""51"": 0.0, ""98"": 0.01, ""52"": 0.0, ""101"": 0.0, ""49"": 0.0, ""218"": 0.0, ""6"": 0.0, ""17"": 0.0, ""190"": 0.13, ""64"": 0.0, ""163"": 0.0, ""204"": 0.0, ""12"": 0.0, ""2"": 0.0, ""82"": 0.0, ""201"": 0.0, ""35"": 0.0, ""47"": 0.0, ""228"": 0.0, ""179"": 0.0, ""155"": 0.0, ""106"": 0.0, ""142"": 0.0, ""95"": 0.01, ""73"": 0.0, ""75"": 0.0, ""76"": 0.0, ""206"": 0.0, ""45"": 0.0, ""72"": 0.0, ""24"": 0.0, ""189"": 0.0, ""42"": 0.0, ""84"": 0.0, ""27"": 0.0, ""225"": 0.02, ""222"": 0.0, ""56"": 0.0, ""199"": 0.0, ""37"": 0.0, ""212"": 0.0, ""231"": 0.0, ""211"": 0.0, ""121"": 0.0, ""115"": 0.0, ""175"": 0.0, ""132"": 0.0, ""54"": 0.0, ""227"": 0.0, ""61"": 0.0, ""177"": 0.0, ""191"": 0.0, ""92"": 0.01, ""176"": 0.0, ""195"": 0.0, ""63"": 0.0, ""81"": 0.0, ""77"": 0.0, ""157"": 0.0, ""0"": 0.0, ""111"": 0.0, ""66"": 0.0, ""30"": 0.0, ""87"": 0.0, ""213"": 0.0, ""187"": 0.0, ""74"": 0.0, ""9"": 0.0, ""126"": 0.0, ""186"": 0.0, ""90"": 0.0, ""71"": 0.0, ""232"": 0.0, ""151"": 0.0, ""91"": 0.0, ""147"": 0.0, ""14"": 0.0, ""86"": 0.0, ""20"": 0.0, ""136"": 0.0, ""172"": 0.06999999999999999, ""148"": 0.0, ""15"": 0.0, ""182"": 0.0, ""153"": 0.0, ""113"": 0.0, ""184"": 0.0, ""188"": 0.0, ""185"": 0.0, ""137"": 0.0, ""138"": 0.0, ""29"": 0.0, ""65"": 0.0, ""5"": 0.0, ""3"": 0.0, ""39"": 0.0, ""19"": 0.0, ""134"": 0.0, ""79"": 0.02, ""68"": 0.0, ""44"": 0.0, ""4"": 0.22, ""145"": 0.0, ""160"": 0.0, ""109"": 0.0, ""202"": 0.0, ""36"": 0.060000000000000005, ""57"": 0.0, ""34"": 0.0, ""78"": 0.0, ""10"": 0.0, ""166"": 0.0, ""85"": 0.0, ""208"": 0.0, ""119"": 0.0, ""99"": 0.03, ""165"": 0.0, ""102"": 0.0, ""180"": 0.060000000000000005, ""32"": 0.0, ""207"": 0.0, ""150"": 0.0, ""124"": 0.0, ""149"": 0.0, ""116"": 0.0, ""143"": 0.0, ""224"": 0.0, ""173"": 0.0, ""53"": 0.0, ""164"": 0.0, ""59"": 0.0, ""219"": 0.0, ""112"": 0.0, ""31"": 0.0, ""23"": 0.02, ""192"": 0.0, ""216"": 0.0, ""38"": 0.0, ""196"": 0.0, ""233"": 0.0, ""22"": 0.0, ""130"": 0.0, ""194"": 0.0, ""221"": 0.0, ""125"": 0.0, ""234"": 0.0, ""181"": 0.0, ""210"": 0.0, ""110"": 0.0, ""67"": 0.0, ""229"": 0.0, ""158"": 0.0, ""223"": 0.0, ""103"": 0.0, ""156"": 0.0, ""96"": 0.01, ""11"": 0.0, ""60"": 0.0, ""235"": 0.0, ""120"": 0.0, ""152"": 0.0, ""43"": 0.0, ""69"": 0.0, ""28"": 0.0, ""128"": 0.0, ""55"": 0.0, ""168"": 0.0, ""123"": 0.0, ""129"": 0.0, ""97"": 0.01, ""167"": 0.0, ""62"": 0.0, ""214"": 0.0, ""94"": 0.01, ""118"": 0.0, ""100"": 0.0, ""16"": 0.0, ""217"": 0.0, ""162"": 0.0, ""197"": 0.0, ""7"": 0.0, ""171"": 0.0, ""140"": 0.0, ""220"": 0.0, ""41"": 0.0, ""230"": 0.0, ""144"": 0.0, ""146"": 0.0, ""209"": 0.0, ""135"": 0.0, ""33"": 0.0, ""215"": 0.0, ""183"": 0.0, ""1"": 0.0, ""114"": 0.0, ""105"": 0.0, ""117"": 0.0, ""141"": 0.0, ""104"": 0.0, ""88"": 0.0, ""93"": 0.01, ""80"": 0.0, ""161"": 0.0, ""89"": 0.0, ""58"": 0.0, ""205"": 0.0, ""50"": 0.0, ""18"": 0.0, ""178"": 0.0, ""154"": 0.0, ""174"": 0.0, ""26"": 0.0, ""131"": 0.0, ""122"": 0.0, ""198"": 0.0, ""8"": 0.0, ""133"": 0.0, ""127"": 0.0, ""40"": 0.0, ""139"": 0.0, ""193"": 0.0, ""70"": 0.02, ""159"": 0.0, ""226"": 0.0, ""46"": 0.0, ""25"": 0.0}",jev-1.13.0,f17555371c1ea70bcff10ebb833116772e94aa6a6ed59faf7b8a36b16bb75b7d
semantic-short:bge-boundaries:60-180:q70:v1:2400164916:000003323400-000003393040,172,semantic:bge:leaf-local-6-2:42:172,Alushariduse vastutus ja kvaliteet,0.8200000000000001,0.81,"{""221"": 0.0, ""82"": 0.0, ""43"": 0.0, ""163"": 0.0, ""41"": 0.0, ""76"": 0.0, ""230"": 0.0, ""225"": 0.0, ""47"": 0.0, ""220"": 0.0, ""109"": 0.0, ""49"": 0.0, ""143"": 0.0, ""32"": 0.0, ""179"": 0.0, ""46"": 0.0, ""185"": 0.0, ""103"": 0.0, ""34"": 0.0, ""12"": 0.0, ""169"": 0.0, ""142"": 0.0, ""182"": 0.0, ""77"": 0.0, ""56"": 0.0, ""231"": 0.0, ""223"": 0.0, ""196"": 0.0, ""176"": 0.0, ""200"": 0.0, ""207"": 0.0, ""-1"": 0.01, ""219"": 0.0, ""135"": 0.0, ""93"": 0.0, ""68"": 0.0, ""218"": 0.0, ""216"": 0.0, ""79"": 0.0, ""170"": 0.0, ""78"": 0.0, ""23"": 0.0, ""172"": 0.8200000000000001, ""27"": 0.0, ""7"": 0.0, ""118"": 0.0, ""151"": 0.0, ""114"": 0.0, ""188"": 0.0, ""202"": 0.0, ""8"": 0.0, ""74"": 0.0, ""29"": 0.0, ""211"": 0.0, ""206"": 0.0, ""167"": 0.0, ""154"": 0.0, ""190"": 0.0, ""157"": 0.0, ""121"": 0.0, ""192"": 0.0, ""73"": 0.0, ""52"": 0.0, ""13"": 0.0, ""36"": 0.0, ""119"": 0.0, ""106"": 0.0, ""104"": 0.0, ""30"": 0.0, ""19"": 0.0, ""110"": 0.0, ""94"": 0.0, ""31"": 0.0, ""217"": 0.0, ""53"": 0.0, ""16"": 0.0, ""235"": 0.0, ""22"": 0.0, ""48"": 0.0, ""160"": 0.0, ""62"": 0.0, ""161"": 0.0, ""159"": 0.0, ""215"": 0.0, ""147"": 0.0, ""54"": 0.0, ""203"": 0.0, ""180"": 0.05, ""214"": 0.0, ""55"": 0.0, ""18"": 0.0, ""99"": 0.0, ""226"": 0.0, ""15"": 0.0, ""204"": 0.0, ""0"": 0.0, ""184"": 0.0, ""10"": 0.0, ""209"": 0.0, ""37"": 0.0, ""61"": 0.0, ""71"": 0.0, ""69"": 0.0, ""212"": 0.0, ""65"": 0.0, ""183"": 0.0, ""150"": 0.0, ""178"": 0.0, ""45"": 0.0, ""63"": 0.0, ""131"": 0.0, ""134"": 0.0, ""129"": 0.0, ""25"": 0.0, ""33"": 0.01, ""44"": 0.0, ""128"": 0.0, ""193"": 0.0, ""2"": 0.0, ""153"": 0.0, ""149"": 0.0, ""42"": 0.0, ""191"": 0.0, ""201"": 0.0, ""222"": 0.0, ""133"": 0.0, ""107"": 0.0, ""175"": 0.0, ""83"": 0.0, ""155"": 0.0, ""117"": 0.0, ""100"": 0.0, ""125"": 0.0, ""108"": 0.0, ""40"": 0.0, ""91"": 0.0, ""58"": 0.0, ""92"": 0.0, ""228"": 0.0, ""95"": 0.0, ""234"": 0.0, ""208"": 0.0, ""102"": 0.0, ""39"": 0.0, ""232"": 0.0, ""85"": 0.0, ""86"": 0.0, ""70"": 0.0, ""162"": 0.0, ""72"": 0.0, ""57"": 0.0, ""81"": 0.0, ""66"": 0.0, ""124"": 0.0, ""224"": 0.0, ""112"": 0.0, ""24"": 0.0, ""229"": 0.0, ""199"": 0.0, ""141"": 0.0, ""197"": 0.0, ""171"": 0.0, ""138"": 0.0, ""140"": 0.0, ""186"": 0.0, ""187"": 0.0, ""198"": 0.0, ""28"": 0.0, ""156"": 0.0, ""166"": 0.0, ""164"": 0.0, ""17"": 0.0, ""111"": 0.0, ""123"": 0.0, ""35"": 0.0, ""116"": 0.0, ""165"": 0.0, ""144"": 0.0, ""210"": 0.0, ""101"": 0.0, ""59"": 0.0, ""189"": 0.0, ""14"": 0.0, ""67"": 0.0, ""213"": 0.0, ""84"": 0.0, ""80"": 0.0, ""90"": 0.0, ""158"": 0.0, ""168"": 0.0, ""89"": 0.0, ""38"": 0.0, ""181"": 0.0, ""21"": 0.0, ""145"": 0.0, ""4"": 0.09999999999999999, ""26"": 0.0, ""233"": 0.0, ""152"": 0.0, ""75"": 0.0, ""6"": 0.0, ""60"": 0.0, ""174"": 0.0, ""122"": 0.0, ""195"": 0.0, ""1"": 0.0, ""130"": 0.0, ""120"": 0.0, ""127"": 0.0, ""51"": 0.0, ""126"": 0.0, ""105"": 0.0, ""132"": 0.0, ""136"": 0.0, ""194"": 0.0, ""148"": 0.0, ""113"": 0.0, ""9"": 0.0, ""20"": 0.0, ""97"": 0.0, ""11"": 0.0, ""50"": 0.0, ""137"": 0.0, ""177"": 0.0, ""88"": 0.0, ""205"": 0.0, ""146"": 0.0, ""173"": 0.0, ""139"": 0.0, ""5"": 0.0, ""227"": 0.0, ""87"": 0.0, ""64"": 0.0, ""98"": 0.0, ""3"": 0.0, ""115"": 0.0, ""96"": 0.0}",jev-1.13.0,bc68fdcb93009e361f8517b8a082374ca8a8ed2147f30bfdcee3f712c147f791
semantic-short:bge-boundaries:60-180:q70:v1:2400164916:000003393040-000003528320,180,semantic:bge:leaf-local-6-2:42:180,Õpetaja hoituse rollid alushariduses,0.81,0.8,"{""104"": 0.0, ""198"": 0.0, ""136"": 0.0, ""193"": 0.0, ""202"": 0.0, ""234"": 0.0, ""65"": 0.0, ""34"": 0.0, ""71"": 0.0, ""4"": 0.04, ""124"": 0.0, ""160"": 0.0, ""131"": 0.0, ""204"": 0.0, ""106"": 0.0, ""212"": 0.0, ""217"": 0.0, ""93"": 0.0, ""98"": 0.0, ""177"": 0.0, ""119"": 0.0, ""63"": 0.0, ""79"": 0.0, ""189"": 0.0, ""3"": 0.0, ""152"": 0.0, ""78"": 0.0, ""118"": 0.0, ""225"": 0.0, ""9"": 0.0, ""114"": 0.0, ""27"": 0.0, ""26"": 0.0, ""53"": 0.0, ""221"": 0.0, ""40"": 0.0, ""178"": 0.0, ""157"": 0.0, ""21"": 0.0, ""181"": 0.0, ""62"": 0.0, ""33"": 0.0, ""30"": 0.0, ""94"": 0.0, ""123"": 0.0, ""7"": 0.0, ""147"": 0.0, ""172"": 0.12, ""91"": 0.0, ""59"": 0.0, ""54"": 0.0, ""77"": 0.0, ""215"": 0.0, ""66"": 0.0, ""16"": 0.0, ""42"": 0.0, ""117"": 0.0, ""159"": 0.0, ""35"": 0.0, ""76"": 0.0, ""116"": 0.0, ""10"": 0.0, ""196"": 0.0, ""233"": 0.0, ""37"": 0.0, ""224"": 0.0, ""201"": 0.0, ""99"": 0.0, ""135"": 0.0, ""191"": 0.0, ""162"": 0.0, ""195"": 0.0, ""-1"": 0.01, ""110"": 0.0, ""89"": 0.0, ""5"": 0.0, ""220"": 0.0, ""228"": 0.0, ""168"": 0.0, ""61"": 0.0, ""208"": 0.0, ""163"": 0.01, ""133"": 0.0, ""235"": 0.0, ""102"": 0.0, ""200"": 0.0, ""68"": 0.0, ""158"": 0.0, ""231"": 0.0, ""171"": 0.0, ""145"": 0.0, ""90"": 0.0, ""36"": 0.0, ""80"": 0.0, ""211"": 0.0, ""45"": 0.0, ""174"": 0.0, ""232"": 0.0, ""95"": 0.0, ""146"": 0.0, ""67"": 0.0, ""164"": 0.0, ""32"": 0.0, ""156"": 0.0, ""75"": 0.0, ""31"": 0.0, ""22"": 0.0, ""0"": 0.0, ""203"": 0.0, ""190"": 0.0, ""81"": 0.0, ""111"": 0.0, ""153"": 0.0, ""58"": 0.0, ""206"": 0.0, ""227"": 0.0, ""83"": 0.0, ""223"": 0.0, ""8"": 0.0, ""173"": 0.0, ""70"": 0.0, ""175"": 0.0, ""109"": 0.0, ""97"": 0.0, ""197"": 0.0, ""25"": 0.0, ""161"": 0.0, ""19"": 0.0, ""130"": 0.0, ""194"": 0.0, ""226"": 0.0, ""149"": 0.0, ""14"": 0.0, ""92"": 0.0, ""219"": 0.0, ""86"": 0.0, ""142"": 0.0, ""125"": 0.0, ""205"": 0.0, ""134"": 0.0, ""144"": 0.0, ""182"": 0.0, ""128"": 0.0, ""49"": 0.0, ""103"": 0.0, ""44"": 0.0, ""126"": 0.0, ""57"": 0.0, ""179"": 0.0, ""51"": 0.0, ""23"": 0.0, ""132"": 0.0, ""55"": 0.0, ""64"": 0.0, ""138"": 0.0, ""155"": 0.0, ""230"": 0.0, ""11"": 0.0, ""112"": 0.0, ""218"": 0.0, ""52"": 0.0, ""85"": 0.0, ""214"": 0.0, ""50"": 0.0, ""139"": 0.0, ""15"": 0.0, ""121"": 0.0, ""38"": 0.0, ""60"": 0.0, ""169"": 0.0, ""29"": 0.0, ""41"": 0.0, ""207"": 0.0, ""69"": 0.0, ""167"": 0.0, ""199"": 0.0, ""72"": 0.0, ""229"": 0.0, ""13"": 0.0, ""43"": 0.0, ""74"": 0.0, ""140"": 0.0, ""209"": 0.0, ""1"": 0.0, ""82"": 0.0, ""20"": 0.0, ""101"": 0.0, ""88"": 0.0, ""96"": 0.0, ""100"": 0.0, ""108"": 0.0, ""87"": 0.0, ""129"": 0.0, ""186"": 0.0, ""48"": 0.0, ""47"": 0.0, ""141"": 0.0, ""56"": 0.0, ""137"": 0.0, ""122"": 0.0, ""150"": 0.0, ""183"": 0.0, ""12"": 0.0, ""151"": 0.0, ""127"": 0.0, ""213"": 0.0, ""210"": 0.0, ""113"": 0.0, ""120"": 0.0, ""188"": 0.0, ""180"": 0.81, ""165"": 0.0, ""107"": 0.0, ""222"": 0.0, ""28"": 0.0, ""46"": 0.0, ""39"": 0.0, ""17"": 0.0, ""192"": 0.0, ""170"": 0.0, ""18"": 0.0, ""148"": 0.0, ""176"": 0.0, ""143"": 0.0, ""154"": 0.0, ""216"": 0.0, ""105"": 0.0, ""187"": 0.0, ""84"": 0.0, ""73"": 0.0, ""166"": 0.0, ""184"": 0.0, ""24"": 0.0, ""6"": 0.0, ""115"": 0.0, ""185"": 0.0, ""2"": 0.0}",jev-1.13.0,38859eb3fdc3640cd5306839eb545f5c6912b7fa4983ec66b48dbf481d0706da
semantic-short:bge-boundaries:60-180:q70:v1:2400164916:000003528320-000003610354,180,semantic:bge:leaf-local-6-2:42:180,Õpetaja hoituse rollid alushariduses,0.58,0.57,"{""23"": 0.0, ""131"": 0.0, ""220"": 0.0, ""170"": 0.0, ""155"": 0.0, ""218"": 0.0, ""88"": 0.0, ""149"": 0.0, ""108"": 0.0, ""134"": 0.0, ""8"": 0.0, ""217"": 0.0, ""56"": 0.0, ""147"": 0.0, ""109"": 0.0, ""184"": 0.0, ""204"": 0.0, ""160"": 0.0, ""140"": 0.0, ""199"": 0.0, ""226"": 0.0, ""179"": 0.0, ""42"": 0.0, ""26"": 0.0, ""185"": 0.0, ""168"": 0.0, ""132"": 0.0, ""227"": 0.0, ""167"": 0.0, ""60"": 0.0, ""116"": 0.0, ""89"": 0.0, ""209"": 0.0, ""70"": 0.0, ""67"": 0.0, ""62"": 0.0, ""143"": 0.0, ""53"": 0.0, ""190"": 0.0, ""158"": 0.0, ""10"": 0.0, ""126"": 0.0, ""221"": 0.0, ""1"": 0.0, ""81"": 0.0, ""157"": 0.0, ""210"": 0.0, ""5"": 0.0, ""63"": 0.0, ""215"": 0.0, ""110"": 0.0, ""94"": 0.0, ""91"": 0.0, ""144"": 0.0, ""99"": 0.01, ""65"": 0.0, ""90"": 0.0, ""182"": 0.0, ""73"": 0.0, ""195"": 0.0, ""223"": 0.0, ""107"": 0.0, ""112"": 0.0, ""17"": 0.0, ""96"": 0.0, ""159"": 0.0, ""212"": 0.0, ""105"": 0.0, ""27"": 0.0, ""15"": 0.0, ""206"": 0.0, ""176"": 0.0, ""102"": 0.0, ""151"": 0.0, ""68"": 0.0, ""36"": 0.0, ""178"": 0.0, ""174"": 0.0, ""192"": 0.0, ""162"": 0.0, ""41"": 0.0, ""123"": 0.0, ""197"": 0.0, ""136"": 0.0, ""55"": 0.0, ""175"": 0.0, ""12"": 0.0, ""93"": 0.0, ""152"": 0.0, ""92"": 0.0, ""111"": 0.0, ""145"": 0.0, ""7"": 0.0, ""71"": 0.0, ""127"": 0.0, ""118"": 0.0, ""101"": 0.0, ""198"": 0.0, ""171"": 0.0, ""181"": 0.0, ""30"": 0.0, ""61"": 0.0, ""203"": 0.0, ""125"": 0.0, ""229"": 0.0, ""31"": 0.0, ""188"": 0.0, ""13"": 0.0, ""230"": 0.0, ""45"": 0.0, ""2"": 0.0, ""177"": 0.0, ""39"": 0.0, ""57"": 0.0, ""232"": 0.0, ""222"": 0.0, ""180"": 0.58, ""173"": 0.0, ""234"": 0.0, ""100"": 0.0, ""9"": 0.0, ""64"": 0.0, ""205"": 0.0, ""233"": 0.0, ""97"": 0.0, ""50"": 0.0, ""74"": 0.0, ""103"": 0.0, ""-1"": 0.36, ""200"": 0.0, ""14"": 0.0, ""16"": 0.0, ""47"": 0.0, ""225"": 0.02, ""172"": 0.0, ""69"": 0.0, ""59"": 0.0, ""150"": 0.0, ""191"": 0.0, ""6"": 0.0, ""38"": 0.0, ""35"": 0.0, ""193"": 0.0, ""164"": 0.0, ""137"": 0.0, ""130"": 0.0, ""202"": 0.0, ""24"": 0.0, ""133"": 0.0, ""83"": 0.0, ""121"": 0.0, ""219"": 0.0, ""189"": 0.0, ""76"": 0.0, ""161"": 0.0, ""224"": 0.0, ""52"": 0.0, ""32"": 0.0, ""54"": 0.0, ""37"": 0.0, ""86"": 0.0, ""43"": 0.0, ""80"": 0.0, ""119"": 0.0, ""183"": 0.0, ""82"": 0.0, ""235"": 0.0, ""85"": 0.0, ""207"": 0.0, ""49"": 0.0, ""113"": 0.0, ""79"": 0.0, ""186"": 0.0, ""228"": 0.0, ""46"": 0.0, ""51"": 0.0, ""33"": 0.0, ""40"": 0.0, ""21"": 0.0, ""58"": 0.0, ""115"": 0.0, ""166"": 0.0, ""156"": 0.0, ""187"": 0.0, ""214"": 0.0, ""48"": 0.0, ""139"": 0.0, ""84"": 0.0, ""165"": 0.0, ""19"": 0.0, ""78"": 0.0, ""208"": 0.0, ""4"": 0.02, ""138"": 0.0, ""98"": 0.01, ""104"": 0.0, ""142"": 0.0, ""231"": 0.0, ""28"": 0.0, ""44"": 0.0, ""196"": 0.0, ""148"": 0.0, ""163"": 0.0, ""95"": 0.0, ""87"": 0.0, ""66"": 0.0, ""201"": 0.0, ""135"": 0.0, ""154"": 0.0, ""213"": 0.0, ""194"": 0.0, ""124"": 0.0, ""20"": 0.0, ""18"": 0.0, ""216"": 0.0, ""128"": 0.0, ""75"": 0.0, ""3"": 0.0, ""146"": 0.0, ""11"": 0.0, ""211"": 0.0, ""34"": 0.0, ""0"": 0.0, ""114"": 0.0, ""22"": 0.0, ""129"": 0.0, ""77"": 0.0, ""141"": 0.0, ""117"": 0.0, ""25"": 0.0, ""122"": 0.0, ""120"": 0.0, ""153"": 0.0, ""72"": 0.0, ""106"": 0.0, ""169"": 0.0, ""29"": 0.0}",jev-1.13.0,84dca085a907910270ca97a306d05ddb28a2019079786c6c2a89af2856f55cf9
