episode_id,title,topic_id,passage_count,covered_seconds,fraction_of_analyzed_talk
2247188684,Kas kiirustades elad kauem?,-1,7,1264.8399999999992,0.2433357490427421
2247188684,Kas kiirustades elad kauem?,6,1,184.44000000000003,0.0354834173124216
2247188684,Kas kiirustades elad kauem?,19,1,180.0,0.0346292296477764
2247188684,Kas kiirustades elad kauem?,54,2,351.1199999999999,0.0675500839662626
2247188684,Kas kiirustades elad kauem?,69,11,1952.32,0.3755963201441499
2247188684,Kas kiirustades elad kauem?,108,1,181.5200000000002,0.034921654253691
2247188684,Kas kiirustades elad kauem?,163,5,826.2410000000007,0.1589560518522695
2247188684,Kas kiirustades elad kauem?,193,2,360.8000000000002,0.0694123669828764
2247188684,Kas kiirustades elad kauem?,239,1,180.32000000000016,0.0346907927227058
2247188687,Kes koristab?!,-1,12,2147.2800000000007,0.3979571355789373
2247188687,Kes koristab?!,28,1,180.8800000000001,0.0335226363974508
2247188687,Kes koristab?!,54,4,721.64,0.1337421236723595
2247188687,Kes koristab?!,59,1,183.07999999999996,0.0339303641731827
2247188687,Kes koristab?!,69,1,75.19700000000012,0.0139363207053245
2247188687,Kes koristab?!,76,9,1615.32,0.2993685594069562
2247188687,Kes koristab?!,77,1,182.72000000000023,0.0338636450826084
2247188687,Kes koristab?!,328,3,551.6800000000003,0.1022432996889964
2247188690,Kas kõik on kiusamine?,-1,13,2291.4,0.4374391729700237
2247188690,Kas kõik on kiusamine?,6,2,408.4,0.0779655050366403
2247188690,Kas kõik on kiusamine?,29,1,180.92000000000007,0.0345384896455166
2247188690,Kas kõik on kiusamine?,50,1,182.31999999999996,0.034805756313125
2247188690,Kas kõik on kiusamine?,77,1,187.6000000000004,0.0358137334595341
2247188690,Kas kõik on kiusamine?,106,1,182.1199999999999,0.0347675753606095
2247188690,Kas kõik on kiusamine?,149,1,187.5739999999996,0.035808769935707
2247188690,Kas kõik on kiusamine?,150,1,187.0,0.0356991906019876
2247188690,Kas kõik on kiusamine?,193,2,365.8,0.0698329621508399
2247188690,Kas kõik on kiusamine?,273,3,554.7599999999998,0.1059063260874794
2247188690,Kas kõik on kiusamine?,274,1,193.84000000000012,0.0370049791780175
2247188690,Kas kõik on kiusamine?,275,2,363.52,0.0693976992921633
2247188690,Kas kõik on kiusamine?,301,1,184.48,0.0352181106002923
2247188693,Töökius otse laval,-1,11,1934.559999999999,0.3612320159837173
2247188693,Töökius otse laval,14,1,192.1200000000001,0.0358737361006078
2247188693,Töökius otse laval,60,1,184.0,0.0343575236441382
2247188693,Töökius otse laval,69,2,365.2000000000004,0.0681922154067352
2247188693,Töökius otse laval,101,2,363.8399999999998,0.0679382684928437
2247188693,Töökius otse laval,106,2,367.0799999999995,0.0685432596700556
2247188693,Töökius otse laval,149,1,181.92000000000007,0.0339691342464218
2247188693,Töökius otse laval,193,4,774.5699999999995,0.1446321037447832
2247188693,Töökius otse laval,220,3,532.7200000000003,0.0994724999766593
2247188693,Töökius otse laval,275,1,183.4000000000001,0.0342454882409508
2247188693,Töökius otse laval,300,1,181.1199999999999,0.0338197537088386
2247188693,Töökius otse laval,327,2,373.04,0.0696561446750506
2247188696,Juhi võim versus töötaja julgus,-1,8,1455.12,0.276075557640866
2247188696,Juhi võim versus töötaja julgus,4,1,127.89100000000052,0.024264376231684
2247188696,Juhi võim versus töötaja julgus,14,1,184.4000000000001,0.0349856594844244
2247188696,Juhi võim versus töötaja julgus,50,15,2605.0799999999995,0.4942540228290913
2247188696,Juhi võim versus töötaja julgus,77,1,186.23999999999975,0.0353347571712538
2247188696,Juhi võim versus töötaja julgus,149,1,183.5999999999999,0.0348338778814551
2247188696,Juhi võim versus töötaja julgus,193,1,185.15999999999983,0.0351298520072452
2247188696,Juhi võim versus töötaja julgus,273,3,551.1599999999996,0.1045699353657015
2247188699,Õpiamps kui osa tööst,-1,13,2270.163,0.4150477462605877
2247188699,Õpiamps kui osa tööst,54,1,182.20000000000005,0.0333111320062388
2247188699,Õpiamps kui osa tööst,61,8,1463.0,0.2674763234090415
2247188699,Õpiamps kui osa tööst,77,2,365.48,0.0668197174843038
2247188699,Õpiamps kui osa tööst,144,2,366.1199999999999,0.0669367269490897
2247188699,Õpiamps kui osa tööst,151,2,364.0800000000004,0.0665637592800847
2247188699,Õpiamps kui osa tööst,237,1,180.1199999999999,0.0329308512456845
2247188699,Õpiamps kui osa tööst,276,2,349.96000000000004,0.0639822379632455
2247188699,Õpiamps kui osa tööst,277,1,183.1199999999999,0.0334793331118685
2247188702,Kuidas juhtida riiki? Visiooni põhjal? Väärtuste põhjal?,-1,5,951.5750000000004,0.1975986851326756
2247188702,Kuidas juhtida riiki? Visiooni põhjal? Väärtuste põhjal?,19,1,182.91999999999985,0.0379841331313548
2247188702,Kuidas juhtida riiki? Visiooni põhjal? Väärtuste põhjal?,50,1,181.75999999999976,0.0377432540889736
2247188702,Kuidas juhtida riiki? Visiooni põhjal? Väärtuste põhjal?,77,1,180.39999999999964,0.0374608441772163
2247188702,Kuidas juhtida riiki? Visiooni põhjal? Väärtuste põhjal?,84,4,730.2800000000004,0.151645816439787
2247188702,Kuidas juhtida riiki? Visiooni põhjal? Väärtuste põhjal?,161,1,184.64000000000036,0.0383412986079891
2247188702,Kuidas juhtida riiki? Visiooni põhjal? Väärtuste põhjal?,172,7,1207.88,0.2508215325098454
2247188702,Kuidas juhtida riiki? Visiooni põhjal? Väärtuste põhjal?,244,6,1045.4399999999998,0.2170901604026002
2247188702,Kuidas juhtida riiki? Visiooni põhjal? Väärtuste põhjal?,353,1,180.92000000000007,0.0375688244375941
2247188702,Kuidas juhtida riiki? Visiooni põhjal? Väärtuste põhjal?,358,1,183.76000000000025,0.0381585627827344
2247188705,Kas töötaja on alati nõrgem osapool?,-1,12,2161.209999999999,0.3915597274385857
2247188705,Kas töötaja on alati nõrgem osapool?,6,1,184.07999999999996,0.0333509074207943
2247188705,Kas töötaja on alati nõrgem osapool?,14,1,183.04,0.0331624842150271
2247188705,Kas töötaja on alati nõrgem osapool?,59,1,181.87999999999988,0.0329523198701329
2247188705,Kas töötaja on alati nõrgem osapool?,101,3,532.7199999999995,0.09651616363106
2247188705,Kas töötaja on alati nõrgem osapool?,106,1,180.84000000000012,0.0327638966643657
2247188705,Kas töötaja on alati nõrgem osapool?,163,3,581.2400000000001,0.1053068308847375
2247188705,Kas töötaja on alati nõrgem osapool?,208,2,361.8800000000001,0.0655640285606097
2247188705,Kas töötaja on alati nõrgem osapool?,220,2,364.5599999999997,0.066049580667779
2247188705,Kas töötaja on alati nõrgem osapool?,275,3,538.6799999999998,0.0975959735410336
2247188705,Kas töötaja on alati nõrgem osapool?,300,1,184.67999999999995,0.0334596131164292
2247188705,Kas töötaja on alati nõrgem osapool?,328,1,185.1199999999999,0.0335393306265614
2247188705,Kas töötaja on alati nõrgem osapool?,352,1,186.16000000000008,0.0337277538323287
2247188708,Disainime tööd,-1,10,1841.0410000000008,0.3560098087123195
2247188708,Disainime tööd,43,1,183.48,0.0354802960404121
2247188708,Disainime tööd,50,2,360.5600000000002,0.0697229972767113
2247188708,Disainime tööd,77,5,882.1200000000007,0.1705792388443882
2247188708,Disainime tööd,93,1,184.39999999999964,0.0356582002935032
2247188708,Disainime tööd,130,1,181.6800000000003,0.0351322225017554
2247188708,Disainime tööd,208,3,548.2400000000002,0.1060154649073225
2247188708,Disainime tööd,220,1,183.96000000000004,0.0355731156507205
2247188708,Disainime tööd,266,3,538.3999999999992,0.1041126628959987
2247188708,Disainime tööd,301,1,184.4,0.0356582002935033
2247188708,Disainime tööd,352,1,184.1199999999999,0.0356040555208233
2247188708,Disainime tööd,358,1,187.0,0.0361609731826742
2250797864,Kuidas luua hoolivamat ühiskonda_ Pihlakodu juhtumist edasi!,-1,18,3295.5200000000004,0.5440321659645441
2250797864,Kuidas luua hoolivamat ühiskonda_ Pihlakodu juhtumist edasi!,1,4,703.2,0.1160859042294591
2250797864,Kuidas luua hoolivamat ühiskonda_ Pihlakodu juhtumist edasi!,60,1,215.2,0.0355257204069675
2250797864,Kuidas luua hoolivamat ühiskonda_ Pihlakodu juhtumist edasi!,187,1,180.51999999999956,0.0298006647205658
2250797864,Kuidas luua hoolivamat ühiskonda_ Pihlakodu juhtumist edasi!,205,1,200.223,0.033053282142399
2250797864,Kuidas luua hoolivamat ühiskonda_ Pihlakodu juhtumist edasi!,207,7,1322.2800000000002,0.2182850816901725
2250797864,Kuidas luua hoolivamat ühiskonda_ Pihlakodu juhtumist edasi!,267,1,180.52,0.0298006647205659
2250797864,Kuidas luua hoolivamat ühiskonda_ Pihlakodu juhtumist edasi!,301,1,183.4799999999996,0.0302893084585055
2250797867,"Loodus, majandus ja julgeolek. Kas valida tuleb ainult kaks_",-1,10,1934.9199999999996,0.3669065089251089
2250797867,"Loodus, majandus ja julgeolek. Kas valida tuleb ainult kaks_",0,3,519.6800000000001,0.0985435958893394
2250797867,"Loodus, majandus ja julgeolek. Kas valida tuleb ainult kaks_",7,5,863.6799999999998,0.1637741165673196
2250797867,"Loodus, majandus ja julgeolek. Kas valida tuleb ainult kaks_",13,3,536.6800000000001,0.101767197201914
2250797867,"Loodus, majandus ja julgeolek. Kas valida tuleb ainult kaks_",42,1,185.6800000000003,0.0352093112775796
2250797867,"Loodus, majandus ja julgeolek. Kas valida tuleb ainult kaks_",94,1,182.0,0.0345114964052104
2250797867,"Loodus, majandus ja julgeolek. Kas valida tuleb ainult kaks_",112,2,367.1600000000008,0.0696222034073467
2250797867,"Loodus, majandus ja julgeolek. Kas valida tuleb ainult kaks_",127,1,181.92000000000007,0.0344963265166807
2250797867,"Loodus, majandus ja julgeolek. Kas valida tuleb ainult kaks_",158,1,184.5999999999999,0.0350045177824277
2250797867,"Loodus, majandus ja julgeolek. Kas valida tuleb ainult kaks_",182,1,184.2800000000002,0.0349438382283087
2250797867,"Loodus, majandus ja julgeolek. Kas valida tuleb ainult kaks_",188,1,61.04500000000007,0.0115755730662421
2250797867,"Loodus, majandus ja julgeolek. Kas valida tuleb ainult kaks_",254,1,181.55999999999997,0.0344280620182967
2250797867,"Loodus, majandus ja julgeolek. Kas valida tuleb ainult kaks_",269,1,180.52,0.0342308534674098
2250797870,Noored ja äärmuslus. Mida saame teha_,-1,12,2299.37,0.4495971092761654
2250797870,Noored ja äärmuslus. Mida saame teha_,18,1,200.35999999999967,0.0391765034833769
2250797870,Noored ja äärmuslus. Mida saame teha_,29,1,223.96000000000004,0.0437910247561245
2250797870,Noored ja äärmuslus. Mida saame teha_,165,7,1414.1200000000003,0.2765036789075317
2250797870,Noored ja äärmuslus. Mida saame teha_,183,1,182.8800000000001,0.0357586292525453
2250797870,Noored ja äärmuslus. Mida saame teha_,196,1,200.52,0.0392077883733616
2250797870,Noored ja äärmuslus. Mida saame teha_,206,3,565.3999999999996,0.1105529799835362
2250797870,Noored ja äärmuslus. Mida saame teha_,241,1,223.48,0.0436971700861703
2250797873,Vasakpoolsus Eestis. Kas turumõtlemine on piisav_,-1,12,2164.0800000000004,0.3827678754302885
2250797873,Vasakpoolsus Eestis. Kas turumõtlemine on piisav_,19,1,182.27999999999972,0.0322404570687926
2250797873,Vasakpoolsus Eestis. Kas turumõtlemine on piisav_,248,8,1495.36,0.2644891918059573
2250797873,Vasakpoolsus Eestis. Kas turumõtlemine on piisav_,339,6,1120.32,0.1981546459474976
2250797873,Vasakpoolsus Eestis. Kas turumõtlemine on piisav_,340,6,948.6860000000012,0.1677971815600435
2250797876,Kas öko-eluviis on ainult rikastele_,-1,9,1636.5199999999995,0.3374377969426632
2250797876,Kas öko-eluviis on ainult rikastele_,7,2,382.6400000000003,0.0788974156271483
2250797876,Kas öko-eluviis on ainult rikastele_,27,1,183.0,0.0377331880090114
2250797876,Kas öko-eluviis on ainult rikastele_,94,2,361.04,0.0744436622883797
2250797876,Kas öko-eluviis on ainult rikastele_,115,1,180.96000000000004,0.0373125557492388
2250797876,Kas öko-eluviis on ainult rikastele_,117,1,213.23999999999975,0.0439684426832873
2250797876,Kas öko-eluviis on ainult rikastele_,199,1,180.55999999999997,0.0372300788355579
2250797876,Kas öko-eluviis on ainult rikastele_,254,1,247.04,0.0509377418893234
2250797876,Kas öko-eluviis on ainult rikastele_,269,3,597.202,0.123138444510151
2250797876,Kas öko-eluviis on ainult rikastele_,341,6,1095.8,0.2259455050288236
2250797879,Looduskaitse ja riigikaitse – teineteist võimendavad jõud_,-1,5,881.3999999999996,0.1677532052300782
2250797879,Looduskaitse ja riigikaitse – teineteist võimendavad jõud_,4,1,182.64000000000036,0.0347611134595207
2250797879,Looduskaitse ja riigikaitse – teineteist võimendavad jõud_,96,14,2593.226999999999,0.4935581360780349
2250797879,Looduskaitse ja riigikaitse – teineteist võimendavad jõud_,181,1,219.07999999999996,0.0416965874765209
2250797879,Looduskaitse ja riigikaitse – teineteist võimendavad jõud_,196,1,180.1600000000003,0.0342891053485942
2250797879,Looduskaitse ja riigikaitse – teineteist võimendavad jõud_,245,5,898.5200000000001,0.1710115838022804
2250797879,Looduskaitse ja riigikaitse – teineteist võimendavad jõud_,336,2,370.7599999999993,0.0705652125835077
2250797879,Looduskaitse ja riigikaitse – teineteist võimendavad jõud_,338,1,180.12000000000037,0.034281492314547
2250797882,Meedia roll progressiivsete teemade kajastamisel,-1,16,2887.7200000000003,0.5824410478420464
2250797882,Meedia roll progressiivsete teemade kajastamisel,60,1,181.23999999999975,0.0365553500723381
2250797882,Meedia roll progressiivsete teemade kajastamisel,78,1,180.92000000000007,0.0364908074105464
2250797882,Meedia roll progressiivsete teemade kajastamisel,160,3,559.4399999999998,0.1128367084775373
2250797882,Meedia roll progressiivsete teemade kajastamisel,192,5,886.0009999999993,0.1787026965319007
2250797882,Meedia roll progressiivsete teemade kajastamisel,206,1,217.27999999999972,0.0438244673566411
2250797882,Meedia roll progressiivsete teemade kajastamisel,296,1,196.84000000000012,0.0397018048346891
2250797888,Rohkem kui kondoom ja video. Seksuaalhariduse tulevik Eestis,-1,5,789.8650000000007,0.1515897089459932
2250797888,Rohkem kui kondoom ja video. Seksuaalhariduse tulevik Eestis,34,20,3459.2799999999997,0.6638998415712749
2250797888,Rohkem kui kondoom ja video. Seksuaalhariduse tulevik Eestis,134,1,182.8800000000001,0.0350980559615165
2250797888,Rohkem kui kondoom ja video. Seksuaalhariduse tulevik Eestis,290,4,705.9600000000003,0.1354867868908147
2250797888,Rohkem kui kondoom ja video. Seksuaalhariduse tulevik Eestis,337,1,183.48000000000047,0.0352132070637525
2254333406,"Kuhu pöörad, rohepööre_",-1,12,2290.0799999999995,0.3995078374942626
2254333406,"Kuhu pöörad, rohepööre_",4,1,181.52000000000044,0.0316664320294307
2254333406,"Kuhu pöörad, rohepööre_",7,1,184.3199999999997,0.0321548961638643
2254333406,"Kuhu pöörad, rohepööre_",59,1,191.20000000000027,0.0333551223227586
2254333406,"Kuhu pöörad, rohepööre_",66,2,370.8399999999999,0.0646935855762123
2254333406,"Kuhu pöörad, rohepööre_",80,3,571.7600000000001,0.0997443762513622
2254333406,"Kuhu pöörad, rohepööre_",87,1,198.96000000000004,0.0347088657810463
2254333406,"Kuhu pöörad, rohepööre_",104,1,188.23999999999975,0.0328387459520715
2254333406,"Kuhu pöörad, rohepööre_",133,1,184.7199999999998,0.0322246767544977
2254333406,"Kuhu pöörad, rohepööre_",178,1,185.44000000000003,0.0323502818176378
2254333406,"Kuhu pöörad, rohepööre_",254,1,183.7199999999998,0.0320502252779142
2254333406,"Kuhu pöörad, rohepööre_",291,6,1170.2399999999996,0.2041500959570346
2254333406,"Kuhu pöörad, rohepööre_",334,1,137.2529999999997,0.0239439885155103
2254333409,Kust tuleb raha aastal 2040_,-1,8,1433.6000000000004,0.2720861201156974
2254333409,Kust tuleb raha aastal 2040_,0,4,726.2799999999997,0.1378422902606226
2254333409,Kust tuleb raha aastal 2040_,5,1,183.27999999999972,0.0347851172536306
2254333409,Kust tuleb raha aastal 2040_,7,1,180.0,0.0341625987868481
2254333409,Kust tuleb raha aastal 2040_,49,1,181.2400000000007,0.0343979411340465
2254333409,Kust tuleb raha aastal 2040_,108,6,1066.5600000000002,0.2024247853450043
2254333409,Kust tuleb raha aastal 2040_,133,1,181.8399999999997,0.0345118164633358
2254333409,Kust tuleb raha aastal 2040_,141,2,266.1999999999998,0.0505226877614387
2254333409,Kust tuleb raha aastal 2040_,200,1,225.24,0.0427487986152759
2254333409,Kust tuleb raha aastal 2040_,226,2,349.7199999999998,0.0663741335985362
2254333409,Kust tuleb raha aastal 2040_,284,1,181.76,0.0344966330860973
2254333409,Kust tuleb raha aastal 2040_,285,1,185.20000000000076,0.0351495183073572
2254333409,Kust tuleb raha aastal 2040_,335,2,357.84000000000003,0.0679152463882541
2254333412,Millist väliruumi ootame oma linnadesse_ LIFE Tartu ROHEringiga.alp,-1,15,2674.96,0.4737303305996471
2254333412,Millist väliruumi ootame oma linnadesse_ LIFE Tartu ROHEringiga.alp,29,1,217.72,0.038557798089749
2254333412,Millist väliruumi ootame oma linnadesse_ LIFE Tartu ROHEringiga.alp,52,1,198.9599999999998,0.0352354377546227
2254333412,Millist väliruumi ootame oma linnadesse_ LIFE Tartu ROHEringiga.alp,66,1,196.0,0.0347112273819163
2254333412,Millist väliruumi ootame oma linnadesse_ LIFE Tartu ROHEringiga.alp,97,1,183.92000000000007,0.0325718823473573
2254333412,Millist väliruumi ootame oma linnadesse_ LIFE Tartu ROHEringiga.alp,99,9,1661.0800000000002,0.2941741100997629
2254333412,Millist väliruumi ootame oma linnadesse_ LIFE Tartu ROHEringiga.alp,100,3,506.7479999999996,0.0897441074149556
2254333412,Millist väliruumi ootame oma linnadesse_ LIFE Tartu ROHEringiga.alp,269,1,203.24000000000024,0.0359934176178606
2254333415,Hakkab looma! Unistades loome Eesti tulevikku,-1,8,1334.2579999999998,0.2602182211926455
2254333415,Hakkab looma! Unistades loome Eesti tulevikku,26,1,181.84000000000012,0.0354639667453151
2254333415,Hakkab looma! Unistades loome Eesti tulevikku,93,14,2513.2400000000007,0.4901532104212263
2254333415,Hakkab looma! Unistades loome Eesti tulevikku,143,1,180.03999999999996,0.0351129156006738
2254333415,Hakkab looma! Unistades loome Eesti tulevikku,150,1,184.8400000000006,0.036049051986384
2254333415,Hakkab looma! Unistades loome Eesti tulevikku,183,2,372.96,0.0727377971696696
2254333415,Hakkab looma! Unistades loome Eesti tulevikku,227,1,185.20000000000005,0.0361192622153121
2254333415,Hakkab looma! Unistades loome Eesti tulevikku,269,1,182.83999999999992,0.0356589951590047
2254333415,Hakkab looma! Unistades loome Eesti tulevikku,353,1,194.52,0.0379369270308991
2258666735,Milliseid lasteraamatuid tahame – lastega ja lastele,303,2,372.859,1.0
2258666738,Mitmekultuuriline maailm Eesti koolis,-1,1,198.75999999999976,0.0379713995658773
2258666738,Mitmekultuuriline maailm Eesti koolis,11,17,3164.586,0.6045671134362129
2258666738,Mitmekultuuriline maailm Eesti koolis,75,3,568.2800000000002,0.1085650379618475
2258666738,Mitmekultuuriline maailm Eesti koolis,103,1,200.63999999999987,0.0383305575009943
2258666738,Mitmekultuuriline maailm Eesti koolis,219,3,557.3599999999997,0.1064788652748914
2258666738,Mitmekultuuriline maailm Eesti koolis,302,4,740.2800000000007,0.1414241681959536
2258666741,Me paneme selle muuseumi kinni!,36,21,3730.253,0.8871810556643381
2258666741,Me paneme selle muuseumi kinni!,48,3,546.5599999999997,0.1299905603678625
2258666744,Rahvus: inimene,-1,4,806.76,0.1948706478321014
2258666744,Rahvus: inimene,11,3,614.6,0.14845493102981
2258666744,Rahvus: inimene,28,1,181.4000000000001,0.0438166685467093
2258666744,Rahvus: inimene,29,4,777.2000000000003,0.1877305115463202
2258666744,Rahvus: inimene,142,2,375.52,0.0907058179308725
2258666744,Rahvus: inimene,150,1,108.17700000000012,0.0261298553107904
2258666744,Rahvus: inimene,219,1,194.76,0.0470437396149785
2258666744,Rahvus: inimene,241,3,648.04,0.156532270589909
2258666744,Rahvus: inimene,302,1,201.24000000000024,0.0486089657019834
2258666744,Rahvus: inimene,329,2,400.7999999999997,0.0968121320480765
2258666747,"Kaua säilib Eesti kultuur, kui meid saab olema nii vähe",-1,9,1631.999999999999,0.3099214751654526
2258666747,"Kaua säilib Eesti kultuur, kui meid saab olema nii vähe",22,1,180.55999999999997,0.0342888612474719
2258666747,"Kaua säilib Eesti kultuur, kui meid saab olema nii vähe",29,1,182.08000000000013,0.0345775136017927
2258666747,"Kaua säilib Eesti kultuur, kui meid saab olema nii vähe",75,11,2022.3300000000004,0.3840462603378372
2258666747,"Kaua säilib Eesti kultuur, kui meid saab olema nii vähe",138,2,353.9200000000001,0.0672104218692139
2258666747,"Kaua säilib Eesti kultuur, kui meid saab olema nii vähe",183,4,718.7599999999998,0.1364945830207848
2258666747,"Kaua säilib Eesti kultuur, kui meid saab olema nii vähe",219,1,184.08000000000004,0.0349573193311621
2258666747,"Kaua säilib Eesti kultuur, kui meid saab olema nii vähe",331,1,181.92000000000007,0.0345471291434431
2267420987,Kliimatark metsandus. Kuidas kohaneda ja tegutseda muutuvas keskkonnas_,-1,11,1894.5430000000008,0.3344635455367652
2267420987,Kliimatark metsandus. Kuidas kohaneda ja tegutseda muutuvas keskkonnas_,10,5,896.1599999999997,0.1582085236219116
2267420987,Kliimatark metsandus. Kuidas kohaneda ja tegutseda muutuvas keskkonnas_,86,1,196.8800000000001,0.0347572912545549
2267420987,Kliimatark metsandus. Kuidas kohaneda ja tegutseda muutuvas keskkonnas_,95,8,1507.1600000000003,0.26607476171889
2267420987,Kliimatark metsandus. Kuidas kohaneda ja tegutseda muutuvas keskkonnas_,99,1,185.11999999999944,0.0326811751170418
2267420987,Kliimatark metsandus. Kuidas kohaneda ja tegutseda muutuvas keskkonnas_,295,7,1225.44,0.2163397754722766
2267420990,Püsimetsandus – kas kesktee metsakaitse ja metsamajanduse vahel_,-1,11,1884.117999999999,0.3304798779476027
2267420990,Püsimetsandus – kas kesktee metsakaitse ja metsamajanduse vahel_,10,1,183.19999999999985,0.032133822637436
2267420990,Püsimetsandus – kas kesktee metsakaitse ja metsamajanduse vahel_,58,19,3374.4000000000005,0.5918797549550461
2267420990,Püsimetsandus – kas kesktee metsakaitse ja metsamajanduse vahel_,181,2,408.0799999999999,0.0715784407308129
2267420993,"Mõõdame eurodes, mitte tihumeetrites",-1,7,1253.48,0.3383610968419217
2267420993,"Mõõdame eurodes, mitte tihumeetrites",0,5,930.88,0.2512793006894471
2267420993,"Mõõdame eurodes, mitte tihumeetrites",4,1,184.92000000000007,0.0499168187988705
2267420993,"Mõõdame eurodes, mitte tihumeetrites",7,2,380.72000000000025,0.1027705562032553
2267420993,"Mõõdame eurodes, mitte tihumeetrites",66,1,183.4000000000001,0.0495065139936883
2267420993,"Mõõdame eurodes, mitte tihumeetrites",84,1,210.08300000000008,0.0567092528862378
2267420993,"Mõõdame eurodes, mitte tihumeetrites",95,1,193.08,0.0521195077530062
2267420993,"Mõõdame eurodes, mitte tihumeetrites",133,1,184.76,0.0498736288193776
2267420993,"Mõõdame eurodes, mitte tihumeetrites",336,2,375.7600000000002,0.1014316668389767
2267420996,"Eesti inimesed soovivad, ökoloogid soovitavad ja prognoosid näitavad, et raiemahtu peaks vähendama. Mis seda takistab_",-1,14,2473.5520000000006,0.4245747304474875
2267420996,"Eesti inimesed soovivad, ökoloogid soovitavad ja prognoosid näitavad, et raiemahtu peaks vähendama. Mis seda takistab_",10,14,2613.4800000000005,0.4485927793431873
2267420996,"Eesti inimesed soovivad, ökoloogid soovitavad ja prognoosid näitavad, et raiemahtu peaks vähendama. Mis seda takistab_",95,4,764.4000000000001,0.1312060243544746
2267420996,"Eesti inimesed soovivad, ökoloogid soovitavad ja prognoosid näitavad, et raiemahtu peaks vähendama. Mis seda takistab_",181,1,180.52000000000004,0.0309854938729327
2267420999,Kas tulevikumetsad vajavad rangemat kaitset või paindlikumat majandamist_,-1,15,2791.715,0.5603338662267036
2267420999,Kas tulevikumetsad vajavad rangemat kaitset või paindlikumat majandamist_,10,5,915.1200000000006,0.1836766029703538
2267420999,Kas tulevikumetsad vajavad rangemat kaitset või paindlikumat majandamist_,95,1,214.4400000000005,0.0430409244044089
2267420999,Kas tulevikumetsad vajavad rangemat kaitset või paindlikumat majandamist_,96,1,197.3199999999997,0.0396047155543646
2267420999,Kas tulevikumetsad vajavad rangemat kaitset või paindlikumat majandamist_,178,1,180.4000000000001,0.0362086493310733
2267420999,Kas tulevikumetsad vajavad rangemat kaitset või paindlikumat majandamist_,181,3,530.72,0.1065224743513704
2267420999,Kas tulevikumetsad vajavad rangemat kaitset või paindlikumat majandamist_,336,2,367.9199999999996,0.0738463761745481
2271676346,Ajateenistuse tulevikuvaade – kuhu liigume ja miks_,-1,3,628.2800000000002,0.112968628855584
2271676346,Ajateenistuse tulevikuvaade – kuhu liigume ja miks_,43,1,184.44000000000003,0.0331634524513336
2271676346,Ajateenistuse tulevikuvaade – kuhu liigume ja miks_,154,2,402.1999999999998,0.0723180469308522
2271676346,Ajateenistuse tulevikuvaade – kuhu liigume ja miks_,170,11,2118.9839999999995,0.381006425553767
2271676346,Ajateenistuse tulevikuvaade – kuhu liigume ja miks_,216,2,382.44000000000005,0.0687650767484713
2271676346,Ajateenistuse tulevikuvaade – kuhu liigume ja miks_,217,9,1849.6800000000003,0.3325839011612603
2271676346,Ajateenistuse tulevikuvaade – kuhu liigume ja miks_,311,1,189.48,0.0340696756152608
2271676349,Millised on minu kui kodaniku võimalused toetada laiapõhjalist riigikaitset,-1,11,1954.8,0.3367056142577982
2271676349,Millised on minu kui kodaniku võimalused toetada laiapõhjalist riigikaitset,26,1,184.4400000000005,0.0317689704796953
2271676349,Millised on minu kui kodaniku võimalused toetada laiapõhjalist riigikaitset,51,1,180.48,0.0310868780751214
2271676349,Millised on minu kui kodaniku võimalused toetada laiapõhjalist riigikaitset,105,1,182.92000000000007,0.0315071572334952
2271676349,Millised on minu kui kodaniku võimalused toetada laiapõhjalist riigikaitset,111,1,180.48,0.0310868780751214
2271676349,Millised on minu kui kodaniku võimalused toetada laiapõhjalist riigikaitset,121,10,1798.1999999999998,0.3097319600769248
2271676349,Millised on minu kui kodaniku võimalused toetada laiapõhjalist riigikaitset,196,1,113.26499999999942,0.0195093929808212
2271676349,Millised on minu kui kodaniku võimalused toetada laiapõhjalist riigikaitset,212,1,180.0,0.0310042002079003
2271676349,Millised on minu kui kodaniku võimalused toetada laiapõhjalist riigikaitset,279,1,186.44000000000003,0.0321134615931163
2271676349,Millised on minu kui kodaniku võimalused toetada laiapõhjalist riigikaitset,310,5,902.28,0.155413720908802
2271676349,Millised on minu kui kodaniku võimalused toetada laiapõhjalist riigikaitset,314,1,182.15999999999983,0.0313762506103951
2271676352,Ajalugu oleviku teejuhina – kristallkuul või kõverpeegel_,-1,5,915.4800000000002,0.164675408774486
2271676352,Ajalugu oleviku teejuhina – kristallkuul või kõverpeegel_,4,1,226.28,0.0407029662007806
2271676352,Ajalugu oleviku teejuhina – kristallkuul või kõverpeegel_,9,4,708.88,0.1275124566042487
2271676352,Ajalugu oleviku teejuhina – kristallkuul või kõverpeegel_,82,15,2664.0399999999995,0.4792042163581745
2271676352,Ajalugu oleviku teejuhina – kristallkuul või kõverpeegel_,153,1,182.76000000000025,0.0328746424909611
2271676352,Ajalugu oleviku teejuhina – kristallkuul või kõverpeegel_,280,4,734.9600000000002,0.1322036947097656
2271676352,Ajalugu oleviku teejuhina – kristallkuul või kõverpeegel_,307,1,185.5999999999999,0.0333854981742305
2271676352,Ajalugu oleviku teejuhina – kristallkuul või kõverpeegel_,308,1,122.78000000000064,0.0220855143633192
2271676355,Valel on ohtlikud jalad ehk kuidas väärinfo ohustab meie julgeolekut.,-1,23,4165.560000000001,0.7283189877569691
2271676355,Valel on ohtlikud jalad ehk kuidas väärinfo ohustab meie julgeolekut.,82,1,180.56,0.0315696512424255
2271676355,Valel on ohtlikud jalad ehk kuidas väärinfo ohustab meie julgeolekut.,98,1,196.6400000000001,0.0343811266078343
2271676355,Valel on ohtlikud jalad ehk kuidas väärinfo ohustab meie julgeolekut.,152,2,286.4970000000004,0.0500919936420093
2271676355,Valel on ohtlikud jalad ehk kuidas väärinfo ohustab meie julgeolekut.,196,1,181.96000000000004,0.0318144314359313
2271676355,Valel on ohtlikud jalad ehk kuidas väärinfo ohustab meie julgeolekut.,279,1,182.35999999999967,0.0318843686340757
2271676355,Valel on ohtlikud jalad ehk kuidas väärinfo ohustab meie julgeolekut.,280,1,245.12,0.0428575150229472
2271676355,Valel on ohtlikud jalad ehk kuidas väärinfo ohustab meie julgeolekut.,307,1,203.36000000000013,0.0355560715366618
2271676355,Valel on ohtlikud jalad ehk kuidas väärinfo ohustab meie julgeolekut.,309,1,203.75999999999996,0.0356260087348063
2271676358,Kaitsekulud Eestis. Ühiskonna roll kaitsevõime tagajana,-1,12,2138.88,0.3994360893479788
2271676358,Kaitsekulud Eestis. Ühiskonna roll kaitsevõime tagajana,13,3,535.4800000000001,0.1000009524255945
2271676358,Kaitsekulud Eestis. Ühiskonna roll kaitsevõime tagajana,121,1,184.92000000000007,0.0345338315577443
2271676358,Kaitsekulud Eestis. Ühiskonna roll kaitsevõime tagajana,154,7,1286.7599999999998,0.2403025800088855
2271676358,Kaitsekulud Eestis. Ühiskonna roll kaitsevõime tagajana,212,5,871.9490000000003,0.1628365774007335
2271676358,Kaitsekulud Eestis. Ühiskonna roll kaitsevõime tagajana,214,1,181.0,0.0338017711007556
2271676358,Kaitsekulud Eestis. Ühiskonna roll kaitsevõime tagajana,279,1,185.72000000000023,0.0346832316510074
2271676358,Kaitsekulud Eestis. Ühiskonna roll kaitsevõime tagajana,306,1,183.07999999999996,0.0341902113432394
2271676361,"“Kogu rahvas peab sõda. Sõjavägi peab lahinguid.” – Kindralleitnant Nikolai Reek, Sõjavägede staabi ülem 1937.",-1,12,2144.6160000000004,0.4053377323029423
2271676361,"“Kogu rahvas peab sõda. Sõjavägi peab lahinguid.” – Kindralleitnant Nikolai Reek, Sõjavägede staabi ülem 1937.",51,1,183.72000000000023,0.034723534739411
2271676361,"“Kogu rahvas peab sõda. Sõjavägi peab lahinguid.” – Kindralleitnant Nikolai Reek, Sõjavägede staabi ülem 1937.",121,1,202.40000000000003,0.0382541009757063
2271676361,"“Kogu rahvas peab sõda. Sõjavägi peab lahinguid.” – Kindralleitnant Nikolai Reek, Sõjavägede staabi ülem 1937.",196,1,182.63999999999987,0.0345194120662204
2271676361,"“Kogu rahvas peab sõda. Sõjavägi peab lahinguid.” – Kindralleitnant Nikolai Reek, Sõjavägede staabi ülem 1937.",212,2,453.44,0.0857012823439935
2271676361,"“Kogu rahvas peab sõda. Sõjavägi peab lahinguid.” – Kindralleitnant Nikolai Reek, Sõjavägede staabi ülem 1937.",216,5,912.9599999999994,0.1725516997370596
2271676361,"“Kogu rahvas peab sõda. Sõjavägi peab lahinguid.” – Kindralleitnant Nikolai Reek, Sõjavägede staabi ülem 1937.",276,1,183.80000000000015,0.0347386549374251
2271676361,"“Kogu rahvas peab sõda. Sõjavägi peab lahinguid.” – Kindralleitnant Nikolai Reek, Sõjavägede staabi ülem 1937.",280,2,362.4799999999998,0.0685096172019468
2271676361,"“Kogu rahvas peab sõda. Sõjavägi peab lahinguid.” – Kindralleitnant Nikolai Reek, Sõjavägede staabi ülem 1937.",307,1,183.6000000000001,0.0347008544423898
2271676361,"“Kogu rahvas peab sõda. Sõjavägi peab lahinguid.” – Kindralleitnant Nikolai Reek, Sõjavägede staabi ülem 1937.",314,4,698.1599999999999,0.1319539680691658
2271676364,"Rahvaarv kahaneb, aga ohud kasvavad. Kas Eesti riigikaitse vajab uut lähenemist_",-1,12,2140.4000000000005,0.4334662516429149
2271676364,"Rahvaarv kahaneb, aga ohud kasvavad. Kas Eesti riigikaitse vajab uut lähenemist_",4,1,182.48,0.0369552053820776
2271676364,"Rahvaarv kahaneb, aga ohud kasvavad. Kas Eesti riigikaitse vajab uut lähenemist_",47,1,183.55999999999997,0.0371739231693017
2271676364,"Rahvaarv kahaneb, aga ohud kasvavad. Kas Eesti riigikaitse vajab uut lähenemist_",160,1,182.0,0.0368579974766447
2271676364,"Rahvaarv kahaneb, aga ohud kasvavad. Kas Eesti riigikaitse vajab uut lähenemist_",216,1,183.48,0.0371577218517295
2271676364,"Rahvaarv kahaneb, aga ohud kasvavad. Kas Eesti riigikaitse vajab uut lähenemist_",225,8,1368.2699999999995,0.2770972099305975
2271676364,"Rahvaarv kahaneb, aga ohud kasvavad. Kas Eesti riigikaitse vajab uut lähenemist_",304,5,928.72,0.1880810956951074
2271676367,"Kui sõda algab, kolin Hispaaniasse_",-1,11,1975.74,0.3501111075670101
2271676367,"Kui sõda algab, kolin Hispaaniasse_",111,1,180.6000000000004,0.0320032322201312
2271676367,"Kui sõda algab, kolin Hispaaniasse_",121,1,181.51999999999956,0.0321662608670996
2271676367,"Kui sõda algab, kolin Hispaaniasse_",150,3,549.6000000000006,0.0973918960586053
2271676367,"Kui sõda algab, kolin Hispaaniasse_",160,1,185.23999999999975,0.032825463657016
2271676367,"Kui sõda algab, kolin Hispaaniasse_",196,1,181.92000000000007,0.0322371428875208
2271676367,"Kui sõda algab, kolin Hispaaniasse_",213,9,1569.3199999999997,0.2780914307181411
2271676367,"Kui sõda algab, kolin Hispaaniasse_",216,1,185.27999999999972,0.0328325518590581
2271676367,"Kui sõda algab, kolin Hispaaniasse_",279,1,180.55999999999997,0.031996144018089
2271676367,"Kui sõda algab, kolin Hispaaniasse_",307,2,362.2000000000007,0.0641836694913153
2271676367,"Kui sõda algab, kolin Hispaaniasse_",310,1,183.67999999999984,0.0325490237773737
2271676367,"Kui sõda algab, kolin Hispaaniasse_",314,1,182.1199999999999,0.0322725838977314
2277338243,Maailmahariduslik mälumäng ja mõtteharjutused koos Ivo Linnaga,-1,14,2803.84,0.5842845169520946
2277338243,Maailmahariduslik mälumäng ja mõtteharjutused koos Ivo Linnaga,9,1,255.48000000000047,0.0532387755331693
2277338243,Maailmahariduslik mälumäng ja mõtteharjutused koos Ivo Linnaga,47,1,184.52,0.0384516160223124
2277338243,Maailmahariduslik mälumäng ja mõtteharjutused koos Ivo Linnaga,104,1,241.92000000000007,0.0504130443752321
2277338243,Maailmahariduslik mälumäng ja mõtteharjutused koos Ivo Linnaga,115,1,244.44000000000003,0.0509381802541407
2277338243,Maailmahariduslik mälumäng ja mõtteharjutused koos Ivo Linnaga,160,1,153.9979999999996,0.0320912202699114
2277338243,Maailmahariduslik mälumäng ja mõtteharjutused koos Ivo Linnaga,205,1,223.96000000000004,0.0466704093017401
2277338243,Maailmahariduslik mälumäng ja mõtteharjutused koos Ivo Linnaga,296,1,216.32000000000016,0.0450783306847313
2277338243,Maailmahariduslik mälumäng ja mõtteharjutused koos Ivo Linnaga,305,2,444.56,0.092640637431602
2277338243,Maailmahariduslik mälumäng ja mõtteharjutused koos Ivo Linnaga,353,1,180.67999999999984,0.0376514089687372
2277338246,Ettevõtjad ja noored - kas parallelmaailmad või partnerid ettevõtliku tulevikupõlvkonna kujundamisel_,-1,7,1274.1600000000008,0.2320081094314386
2277338246,Ettevõtjad ja noored - kas parallelmaailmad või partnerid ettevõtliku tulevikupõlvkonna kujundamisel_,5,1,180.72000000000023,0.0329067821438827
2277338246,Ettevõtjad ja noored - kas parallelmaailmad või partnerid ettevõtliku tulevikupõlvkonna kujundamisel_,14,1,185.04,0.0336933984501109
2277338246,Ettevõtjad ja noored - kas parallelmaailmad või partnerid ettevõtliku tulevikupõlvkonna kujundamisel_,27,9,1656.1999999999998,0.3015726681424219
2277338246,Ettevõtjad ja noored - kas parallelmaailmad või partnerid ettevõtliku tulevikupõlvkonna kujundamisel_,69,1,185.32000000000016,0.0337443828403294
2277338246,Ettevõtjad ja noored - kas parallelmaailmad või partnerid ettevõtliku tulevikupõlvkonna kujundamisel_,123,1,183.12000000000037,0.0333437912028984
2277338246,Ettevõtjad ja noored - kas parallelmaailmad või partnerid ettevõtliku tulevikupõlvkonna kujundamisel_,126,6,1095.3999999999996,0.1994582180190852
2277338246,Ettevõtjad ja noored - kas parallelmaailmad või partnerid ettevõtliku tulevikupõlvkonna kujundamisel_,151,1,184.7599999999993,0.0336424140598923
2277338246,Ettevõtjad ja noored - kas parallelmaailmad või partnerid ettevõtliku tulevikupõlvkonna kujundamisel_,161,1,165.4370000000008,0.0301239448734923
2277338246,Ettevõtjad ja noored - kas parallelmaailmad või partnerid ettevõtliku tulevikupõlvkonna kujundamisel_,194,1,181.24,0.0330014674400027
2277338246,Ettevõtjad ja noored - kas parallelmaailmad või partnerid ettevõtliku tulevikupõlvkonna kujundamisel_,276,1,180.39999999999964,0.0328485142693471
2277338246,Ettevõtjad ja noored - kas parallelmaailmad või partnerid ettevõtliku tulevikupõlvkonna kujundamisel_,283,2,366.44,0.0667239998273814
2277338249,Kas lapsi saab panna liikuma_,-1,3,546.8,0.1042372399930915
2277338249,Kas lapsi saab panna liikuma_,102,12,2045.8459999999995,0.3900024515195799
2277338249,Kas lapsi saab panna liikuma_,123,4,720.2399999999993,0.1373003469872424
2277338249,Kas lapsi saab panna liikuma_,143,1,182.8399999999997,0.0348550419903745
2277338249,Kas lapsi saab panna liikuma_,155,3,521.76,0.0994638301733639
2277338249,Kas lapsi saab panna liikuma_,234,8,1430.0000000000002,0.2726028770850784
2280202454,Oskusi kombineerides saame tõenäolisemalt olümpiavõitjaks,-1,16,2799.479999999999,0.5242478782275556
2280202454,Oskusi kombineerides saame tõenäolisemalt olümpiavõitjaks,4,1,182.8,0.0342322546115697
2280202454,Oskusi kombineerides saame tõenäolisemalt olümpiavõitjaks,39,2,365.4399999999996,0.068434546637046
2280202454,Oskusi kombineerides saame tõenäolisemalt olümpiavõitjaks,43,1,182.0,0.0340824416811033
2280202454,Oskusi kombineerides saame tõenäolisemalt olümpiavõitjaks,44,1,182.64000000000036,0.0342022920254765
2280202454,Oskusi kombineerides saame tõenäolisemalt olümpiavõitjaks,123,6,1053.6800000000003,0.19731861071728
2280202454,Oskusi kombineerides saame tõenäolisemalt olümpiavõitjaks,143,1,181.64000000000036,0.0340150258623935
2280202454,Oskusi kombineerides saame tõenäolisemalt olümpiavõitjaks,147,1,184.04,0.0344644646537926
2280202454,Oskusi kombineerides saame tõenäolisemalt olümpiavõitjaks,297,1,181.96000000000004,0.03407495103458
2280202454,Oskusi kombineerides saame tõenäolisemalt olümpiavõitjaks,303,1,72.11299999999937,0.0135043248184032
2280202454,Oskusi kombineerides saame tõenäolisemalt olümpiavõitjaks,315,1,183.07999999999996,0.0342846891372329
2280202457,Naised ettevõtluses sotsiodraama_ Kuidas tappa ettevõtjat_,-1,5,889.4589999999998,0.1953919210997634
2280202457,Naised ettevõtluses sotsiodraama_ Kuidas tappa ettevõtjat_,0,1,185.9199999999996,0.0408419791928216
2280202457,Naised ettevõtluses sotsiodraama_ Kuidas tappa ettevõtjat_,7,1,181.55999999999997,0.039884196117947
2280202457,Naised ettevõtluses sotsiodraama_ Kuidas tappa ettevõtjat_,12,1,181.91999999999985,0.0399632791241293
2280202457,Naised ettevõtluses sotsiodraama_ Kuidas tappa ettevõtjat_,23,1,187.76000000000005,0.0412461812244202
2280202457,Naised ettevõtluses sotsiodraama_ Kuidas tappa ettevõtjat_,27,12,2213.76,0.4863077660171096
2280202457,Naised ettevõtluses sotsiodraama_ Kuidas tappa ettevõtjat_,49,3,551.24,0.1210936564664966
2280202457,Naised ettevõtluses sotsiodraama_ Kuidas tappa ettevõtjat_,133,1,182.27999999999972,0.0400423621303116
2280202457,Naised ettevõtluses sotsiodraama_ Kuidas tappa ettevõtjat_,226,1,184.8800000000001,0.0406135171749617
2280202460,Tööstusinvesteeringud ja energiajulgeolek. Kuidas tagada tööstuse edukas tulevik muutuvas geopoliitilises olukorras_,-1,9,1601.1600000000003,0.2921036990388359
2280202460,Tööstusinvesteeringud ja energiajulgeolek. Kuidas tagada tööstuse edukas tulevik muutuvas geopoliitilises olukorras_,0,7,1115.1579999999994,0.2034411156990869
2280202460,Tööstusinvesteeringud ja energiajulgeolek. Kuidas tagada tööstuse edukas tulevik muutuvas geopoliitilises olukorras_,21,1,180.79999999999995,0.032983804732957
2280202460,Tööstusinvesteeringud ja energiajulgeolek. Kuidas tagada tööstuse edukas tulevik muutuvas geopoliitilises olukorras_,33,1,181.27999999999972,0.0330713723561418
2280202460,Tööstusinvesteeringud ja energiajulgeolek. Kuidas tagada tööstuse edukas tulevik muutuvas geopoliitilises olukorras_,59,1,184.72000000000023,0.0336989403222999
2280202460,Tööstusinvesteeringud ja energiajulgeolek. Kuidas tagada tööstuse edukas tulevik muutuvas geopoliitilises olukorras_,108,1,180.79999999999995,0.032983804732957
2280202460,Tööstusinvesteeringud ja energiajulgeolek. Kuidas tagada tööstuse edukas tulevik muutuvas geopoliitilises olukorras_,173,2,363.6000000000004,0.0663324745625176
2280202460,Tööstusinvesteeringud ja energiajulgeolek. Kuidas tagada tööstuse edukas tulevik muutuvas geopoliitilises olukorras_,200,1,180.3199999999997,0.0328962371097721
2280202460,Tööstusinvesteeringud ja energiajulgeolek. Kuidas tagada tööstuse edukas tulevik muutuvas geopoliitilises olukorras_,223,1,184.4399999999996,0.0336478592087753
2280202460,Tööstusinvesteeringud ja energiajulgeolek. Kuidas tagada tööstuse edukas tulevik muutuvas geopoliitilises olukorras_,224,1,180.32,0.0328962371097722
2280202460,Tööstusinvesteeringud ja energiajulgeolek. Kuidas tagada tööstuse edukas tulevik muutuvas geopoliitilises olukorras_,226,1,182.24,0.0332465076025115
2280202460,Tööstusinvesteeringud ja energiajulgeolek. Kuidas tagada tööstuse edukas tulevik muutuvas geopoliitilises olukorras_,231,1,180.76000000000025,0.032976507431025
2280202460,Tööstusinvesteeringud ja energiajulgeolek. Kuidas tagada tööstuse edukas tulevik muutuvas geopoliitilises olukorras_,281,1,183.39999999999984,0.0334581293585415
2280202460,Tööstusinvesteeringud ja energiajulgeolek. Kuidas tagada tööstuse edukas tulevik muutuvas geopoliitilises olukorras_,282,4,704.3199999999997,0.1284908924198911
2280202460,Tööstusinvesteeringud ja energiajulgeolek. Kuidas tagada tööstuse edukas tulevik muutuvas geopoliitilises olukorras_,316,1,181.6800000000003,0.0331443453754626
2280202463,Kohalikud bioressursid majanduse hüvanguks. Miks on see päriselus nii raske_,-1,15,2587.504999999999,0.4752577177571551
2280202463,Kohalikud bioressursid majanduse hüvanguks. Miks on see päriselus nii raske_,0,1,184.6,0.0339062435427065
2280202463,Kohalikud bioressursid majanduse hüvanguks. Miks on see päriselus nii raske_,7,2,364.6399999999994,0.0669749330737404
2280202463,Kohalikud bioressursid majanduse hüvanguks. Miks on see päriselus nii raske_,95,1,184.76000000000025,0.0339356314027652
2280202463,Kohalikud bioressursid majanduse hüvanguks. Miks on see päriselus nii raske_,120,3,530.48,0.0974354500245664
2280202463,Kohalikud bioressursid majanduse hüvanguks. Miks on see päriselus nii raske_,178,1,181.5599999999995,0.0333478742015914
2280202463,Kohalikud bioressursid majanduse hüvanguks. Miks on see päriselus nii raske_,188,1,180.1199999999999,0.0330833834610633
2280202463,Kohalikud bioressursid majanduse hüvanguks. Miks on see päriselus nii raske_,233,8,1426.96,0.2620956299333722
2280202466,Kas Eestist võiks saada uute keskkonnasõbralike kütuste tootja_,-1,2,442.7600000000002,0.0865576257452047
2280202466,Kas Eestist võiks saada uute keskkonnasõbralike kütuste tootja_,20,12,2120.405,0.4145298184530238
2280202466,Kas Eestist võiks saada uute keskkonnasõbralike kütuste tootja_,62,1,186.39999999999964,0.0364403772673821
2280202466,Kas Eestist võiks saada uute keskkonnasõbralike kütuste tootja_,122,12,2115.12,0.4134966242799653
2280202466,Kas Eestist võiks saada uute keskkonnasõbralike kütuste tootja_,182,1,181.4399999999996,0.035470719159838
2280202466,Kas Eestist võiks saada uute keskkonnasõbralike kütuste tootja_,334,1,215.15999999999983,0.0420628303264482
2280202469,Eesti Looduskapital. Kas roheinvestori järgmine edulugu või riiklikult pidurdatud potentsiaal_,-1,7,1316.8799999999997,0.2506841617134424
2280202469,Eesti Looduskapital. Kas roheinvestori järgmine edulugu või riiklikult pidurdatud potentsiaal_,49,1,183.96000000000004,0.0350190286045842
2280202469,Eesti Looduskapital. Kas roheinvestori järgmine edulugu või riiklikult pidurdatud potentsiaal_,124,13,2338.2240000000006,0.445109443030688
2280202469,Eesti Looduskapital. Kas roheinvestori järgmine edulugu või riiklikult pidurdatud potentsiaal_,270,7,1292.24,0.2459936373341374
2280202469,Eesti Looduskapital. Kas roheinvestori järgmine edulugu või riiklikult pidurdatud potentsiaal_,317,1,181.4399999999996,0.0345393158839734
2280202469,Eesti Looduskapital. Kas roheinvestori järgmine edulugu või riiklikult pidurdatud potentsiaal_,338,1,182.39999999999984,0.0347220635870632
2280202472,Rändepööre - võimalus või identiteedikriis_,-1,5,814.1269999999995,0.1426499347224287
2280202472,Rändepööre - võimalus või identiteedikriis_,11,1,182.19999999999985,0.0319247710816942
2280202472,Rändepööre - võimalus või identiteedikriis_,29,2,367.96000000000026,0.0644733192492878
2280202472,Rändepööre - võimalus või identiteedikriis_,55,15,2786.7200000000003,0.4882842923643202
2280202472,Rändepööre - võimalus või identiteedikriis_,59,3,540.9600000000003,0.0947860821314673
2280202472,Rändepööre - võimalus või identiteedikriis_,142,3,536.48,0.0940011042256166
2280202472,Rändepööre - võimalus või identiteedikriis_,228,1,181.0,0.0317145091426271
2280202472,Rändepööre - võimalus või identiteedikriis_,239,1,183.79999999999995,0.0322051203337838
2280202472,Rändepööre - võimalus või identiteedikriis_,279,1,180.96000000000004,0.0317075004113249
2280202472,Rändepööre - võimalus või identiteedikriis_,328,1,181.0,0.0317145091426271
2280202475,"Kes ütles, et tehnoloogiasektoris töötamine pole naistele_",-1,12,1992.2630000000015,0.3695930727514337
2280202475,"Kes ütles, et tehnoloogiasektoris töötamine pole naistele_",14,1,184.79999999999973,0.0342830237998019
2280202475,"Kes ütles, et tehnoloogiasektoris töötamine pole naistele_",144,1,184.7199999999998,0.0342681826639578
2280202475,"Kes ütles, et tehnoloogiasektoris töötamine pole naistele_",147,9,1654.52,0.3069369509591362
2280202475,"Kes ütles, et tehnoloogiasektoris töötamine pole naistele_",173,2,363.2400000000002,0.0673861773000004
2280202475,"Kes ütles, et tehnoloogiasektoris töötamine pole naistele_",299,1,180.03999999999996,0.0333999762170797
2280202475,"Kes ütles, et tehnoloogiasektoris töötamine pole naistele_",312,3,536.6400000000003,0.0995543392420224
2280202475,"Kes ütles, et tehnoloogiasektoris töötamine pole naistele_",313,3,546.0400000000001,0.1012981727037006
2289585014,Küberkurjategija mõtteviis. Kuidas mõelda nagu häkker_,-1,7,1234.0149999999996,0.2278169621881977
2289585014,Küberkurjategija mõtteviis. Kuidas mõelda nagu häkker_,14,1,181.44000000000003,0.0334964401724668
2289585014,Küberkurjategija mõtteviis. Kuidas mõelda nagu häkker_,25,21,3649.44,0.6737392450562566
2289585014,Küberkurjategija mõtteviis. Kuidas mõelda nagu häkker_,85,2,362.5999999999997,0.0669411883076303
2289585014,Küberkurjategija mõtteviis. Kuidas mõelda nagu häkker_,168,1,183.96000000000004,0.0339616685081955
2289585017,Vanematega kohtupinki – digilaste tulevik_,-1,2,355.48,0.067279757589981
2289585017,Vanematega kohtupinki – digilaste tulevik_,135,12,2112.6800000000003,0.399855401893781
2289585017,Vanematega kohtupinki – digilaste tulevik_,136,4,733.9999999999995,0.1389201701109657
2289585017,Vanematega kohtupinki – digilaste tulevik_,137,4,703.3600000000001,0.1331211046992492
2289585017,Vanematega kohtupinki – digilaste tulevik_,167,7,1250.89,0.2367491166077738
2289585017,Vanematega kohtupinki – digilaste tulevik_,332,2,350.27999999999975,0.0662955819979142
2289585020,"Zoomer vs Boomer. Arija ja Marii Laser Techist võtavad ette sotsiaalmeedias levinud trendid ja vaidlevad selgeks, miks mingi asi trendib.",-1,11,1965.88,0.3619386662464043
2289585020,"Zoomer vs Boomer. Arija ja Marii Laser Techist võtavad ette sotsiaalmeedias levinud trendid ja vaidlevad selgeks, miks mingi asi trendib.",11,2,352.79999999999995,0.0649540976314583
2289585020,"Zoomer vs Boomer. Arija ja Marii Laser Techist võtavad ette sotsiaalmeedias levinud trendid ja vaidlevad selgeks, miks mingi asi trendib.",31,3,548.4800000000002,0.1009807921454147
2289585020,"Zoomer vs Boomer. Arija ja Marii Laser Techist võtavad ette sotsiaalmeedias levinud trendid ja vaidlevad selgeks, miks mingi asi trendib.",134,1,181.9599999999998,0.0335007018282884
2289585020,"Zoomer vs Boomer. Arija ja Marii Laser Techist võtavad ette sotsiaalmeedias levinud trendid ja vaidlevad selgeks, miks mingi asi trendib.",136,1,184.8800000000001,0.0340383037701361
2289585020,"Zoomer vs Boomer. Arija ja Marii Laser Techist võtavad ette sotsiaalmeedias levinud trendid ja vaidlevad selgeks, miks mingi asi trendib.",137,6,1009.4079999999996,0.1858423633275939
2289585020,"Zoomer vs Boomer. Arija ja Marii Laser Techist võtavad ette sotsiaalmeedias levinud trendid ja vaidlevad selgeks, miks mingi asi trendib.",167,2,368.3200000000001,0.0678114887744296
2289585020,"Zoomer vs Boomer. Arija ja Marii Laser Techist võtavad ette sotsiaalmeedias levinud trendid ja vaidlevad selgeks, miks mingi asi trendib.",201,2,355.8000000000002,0.0655064283936307
2289585020,"Zoomer vs Boomer. Arija ja Marii Laser Techist võtavad ette sotsiaalmeedias levinud trendid ja vaidlevad selgeks, miks mingi asi trendib.",297,2,354.2400000000007,0.0652192163973012
2289585020,"Zoomer vs Boomer. Arija ja Marii Laser Techist võtavad ette sotsiaalmeedias levinud trendid ja vaidlevad selgeks, miks mingi asi trendib.",332,2,357.5199999999995,0.0658230980306093
2289585023,TI-hüppe ootuses. Kas Eesti haridus on valmis tehisintellekti revolutsiooniks_,-1,7,1330.0799999999997,0.248047581989248
2289585023,TI-hüppe ootuses. Kas Eesti haridus on valmis tehisintellekti revolutsiooniks_,4,1,140.317,0.026167818899604
2289585023,TI-hüppe ootuses. Kas Eesti haridus on valmis tehisintellekti revolutsiooniks_,31,1,180.1199999999999,0.0335907091813299
2289585023,TI-hüppe ootuses. Kas Eesti haridus on valmis tehisintellekti revolutsiooniks_,32,6,1058.4,0.1973817821314659
2289585023,TI-hüppe ootuses. Kas Eesti haridus on valmis tehisintellekti revolutsiooniks_,56,3,564.7200000000003,0.1053150415771744
2289585023,TI-hüppe ootuses. Kas Eesti haridus on valmis tehisintellekti revolutsiooniks_,61,4,731.1600000000001,0.1363545576561249
2289585023,TI-hüppe ootuses. Kas Eesti haridus on valmis tehisintellekti revolutsiooniks_,118,1,186.43999999999997,0.0347693305561134
2289585023,TI-hüppe ootuses. Kas Eesti haridus on valmis tehisintellekti revolutsiooniks_,139,2,367.3199999999997,0.0685017726875756
2289585023,TI-hüppe ootuses. Kas Eesti haridus on valmis tehisintellekti revolutsiooniks_,144,1,181.0,0.0337548210183251
2289585023,TI-hüppe ootuses. Kas Eesti haridus on valmis tehisintellekti revolutsiooniks_,151,1,183.07999999999996,0.03414272172395
2289585023,TI-hüppe ootuses. Kas Eesti haridus on valmis tehisintellekti revolutsiooniks_,195,2,365.1200000000004,0.0680914930950877
2289585023,TI-hüppe ootuses. Kas Eesti haridus on valmis tehisintellekti revolutsiooniks_,252,1,184.76000000000025,0.0344560261400318
2289585023,TI-hüppe ootuses. Kas Eesti haridus on valmis tehisintellekti revolutsiooniks_,331,1,184.64000000000036,0.0344336472531688
2289585026,Kuidas kaitsta lapsi AI-ajastul internetis kurjade kavatsustega inimeste eest_,-1,15,2629.879999999999,0.5064285663392959
2289585026,Kuidas kaitsta lapsi AI-ajastul internetis kurjade kavatsustega inimeste eest_,32,2,368.72,0.0710033693478886
2289585026,Kuidas kaitsta lapsi AI-ajastul internetis kurjade kavatsustega inimeste eest_,118,2,367.8399999999999,0.0708339102324998
2289585026,Kuidas kaitsta lapsi AI-ajastul internetis kurjade kavatsustega inimeste eest_,136,2,351.1199999999999,0.0676141870401134
2289585026,Kuidas kaitsta lapsi AI-ajastul internetis kurjade kavatsustega inimeste eest_,137,1,180.03999999999996,0.0346697944711267
2289585026,Kuidas kaitsta lapsi AI-ajastul internetis kurjade kavatsustega inimeste eest_,330,6,1079.4000000000003,0.207857010398435
2289585026,Kuidas kaitsta lapsi AI-ajastul internetis kurjade kavatsustega inimeste eest_,333,2,353.5999999999999,0.0680917536380272
2289585026,Kuidas kaitsta lapsi AI-ajastul internetis kurjade kavatsustega inimeste eest_,344,1,79.79299999999967,0.0153655127206987
2289585029,Alati ühenduses. Suurem produktiivsus või läbipõlemise oht_,-1,15,2560.9940000000006,0.4793935180453428
2289585029,Alati ühenduses. Suurem produktiivsus või läbipõlemise oht_,5,1,181.24000000000024,0.0339263899917524
2289585029,Alati ühenduses. Suurem produktiivsus või läbipõlemise oht_,26,1,181.15999999999983,0.0339114147589155
2289585029,Alati ühenduses. Suurem produktiivsus või läbipõlemise oht_,38,1,181.80000000000015,0.0340312166216099
2289585029,Alati ühenduses. Suurem produktiivsus või läbipõlemise oht_,106,1,180.96000000000004,0.0338739766768236
2289585029,Alati ühenduses. Suurem produktiivsus või läbipõlemise oht_,149,3,530.76,0.0993531822556968
2289585029,Alati ühenduses. Suurem produktiivsus või läbipõlemise oht_,199,1,181.64000000000036,0.0340012661559364
2289585029,Alati ühenduses. Suurem produktiivsus või läbipõlemise oht_,237,3,547.9199999999996,0.1025653696991886
2289585029,Alati ühenduses. Suurem produktiivsus või läbipõlemise oht_,273,1,181.32000000000005,0.0339413652245891
2289585029,Alati ühenduses. Suurem produktiivsus või läbipõlemise oht_,277,1,183.76000000000005,0.0343981098261113
2289585029,Alati ühenduses. Suurem produktiivsus või läbipõlemise oht_,297,1,184.1199999999999,0.0344654983738768
2289585029,Alati ühenduses. Suurem produktiivsus või läbipõlemise oht_,301,1,180.0,0.0336942738827821
2289585029,Alati ühenduses. Suurem produktiivsus või läbipõlemise oht_,303,1,184.48,0.0345328869216424
2289585029,Alati ühenduses. Suurem produktiivsus või läbipõlemise oht_,351,1,181.96000000000004,0.0340611670872835
2289585032,Tehisaru koolipingis. Kas õpetaja parim abiline või oht kriitilisele mõtlemisele_,-1,9,1563.719000000001,0.3432702010972134
2289585032,Tehisaru koolipingis. Kas õpetaja parim abiline või oht kriitilisele mõtlemisele_,24,1,182.83999999999992,0.0401373415355408
2289585032,Tehisaru koolipingis. Kas õpetaja parim abiline või oht kriitilisele mõtlemisele_,32,2,358.24,0.0786414418709919
2289585032,Tehisaru koolipingis. Kas õpetaja parim abiline või oht kriitilisele mõtlemisele_,118,2,352.6800000000003,0.0774209014042582
2289585032,Tehisaru koolipingis. Kas õpetaja parim abiline või oht kriitilisele mõtlemisele_,140,2,365.6400000000003,0.0802659022044147
2289585032,Tehisaru koolipingis. Kas õpetaja parim abiline või oht kriitilisele mõtlemisele_,175,6,1067.1999999999998,0.2342735226795516
2289585032,Tehisaru koolipingis. Kas õpetaja parim abiline või oht kriitilisele mõtlemisele_,195,2,364.27999999999975,0.0799673527377314
2289585032,Tehisaru koolipingis. Kas õpetaja parim abiline või oht kriitilisele mõtlemisele_,293,1,186.19999999999985,0.0408749343355814
2289585032,Tehisaru koolipingis. Kas õpetaja parim abiline või oht kriitilisele mõtlemisele_,350,2,366.4800000000001,0.0804503004044247
2293106213,Ulmefilmidest igapäevaellu_ tervisetehnoloogiad tuleviku kodus,-1,8,1476.1599999999994,0.2660739172722375
2293106213,Ulmefilmidest igapäevaellu_ tervisetehnoloogiad tuleviku kodus,3,5,994.4,0.1792379574947926
2293106213,Ulmefilmidest igapäevaellu_ tervisetehnoloogiad tuleviku kodus,5,1,180.63999999999987,0.0325598799696895
2293106213,Ulmefilmidest igapäevaellu_ tervisetehnoloogiad tuleviku kodus,19,1,183.48,0.0330717824227117
2293106213,Ulmefilmidest igapäevaellu_ tervisetehnoloogiad tuleviku kodus,38,10,1909.6919999999984,0.344216908210122
2293106213,Ulmefilmidest igapäevaellu_ tervisetehnoloogiad tuleviku kodus,85,2,364.2800000000002,0.0656605019672195
2293106213,Ulmefilmidest igapäevaellu_ tervisetehnoloogiad tuleviku kodus,143,1,181.96000000000004,0.0327978064619393
2293106213,Ulmefilmidest igapäevaellu_ tervisetehnoloogiad tuleviku kodus,166,1,181.6400000000001,0.032740127312303
2293106213,Ulmefilmidest igapäevaellu_ tervisetehnoloogiad tuleviku kodus,202,1,183.1199999999999,0.0330068933793708
2293106213,Ulmefilmidest igapäevaellu_ tervisetehnoloogiad tuleviku kodus,345,1,186.28,0.0335764749820293
2293106216,"Kuidas KOOSTÖÖS kasutada ära Eesti tervishoiu ressurss, et päästa esmatasand_",-1,14,2498.880000000001,0.4844735164055186
2293106216,"Kuidas KOOSTÖÖS kasutada ära Eesti tervishoiu ressurss, et päästa esmatasand_",5,1,198.19999999999985,0.0384262753519871
2293106216,"Kuidas KOOSTÖÖS kasutada ära Eesti tervishoiu ressurss, et päästa esmatasand_",17,1,180.3199999999997,0.0349597677672569
2293106216,"Kuidas KOOSTÖÖS kasutada ära Eesti tervishoiu ressurss, et päästa esmatasand_",38,1,181.4799999999996,0.0351846642324854
2293106216,"Kuidas KOOSTÖÖS kasutada ära Eesti tervishoiu ressurss, et päästa esmatasand_",88,1,181.96000000000004,0.035277724838787
2293106216,"Kuidas KOOSTÖÖS kasutada ära Eesti tervishoiu ressurss, et päästa esmatasand_",125,2,354.76,0.0687795431073207
2293106216,"Kuidas KOOSTÖÖS kasutada ära Eesti tervishoiu ressurss, et päästa esmatasand_",174,10,1800.369,0.3490488139716541
2293106219,Ravivalikute loterii - miks mõni haigus saab kõik ja teine mitte midagi_,-1,4,719.5600000000004,0.1315636947391709
2293106219,Ravivalikute loterii - miks mõni haigus saab kõik ja teine mitte midagi_,16,1,184.04,0.0336497059033256
2293106219,Ravivalikute loterii - miks mõni haigus saab kõik ja teine mitte midagi_,17,3,542.3999999999996,0.0991719217668106
2293106219,Ravivalikute loterii - miks mõni haigus saab kõik ja teine mitte midagi_,88,3,524.4400000000005,0.0958881317319068
2293106219,Ravivalikute loterii - miks mõni haigus saab kõik ja teine mitte midagi_,116,7,1281.92,0.2343850847184918
2293106219,Ravivalikute loterii - miks mõni haigus saab kõik ja teine mitte midagi_,119,3,523.6800000000003,0.0957491740244163
2293106219,Ravivalikute loterii - miks mõni haigus saab kõik ja teine mitte midagi_,176,9,1626.5600000000002,0.2973987482835981
2293106219,Ravivalikute loterii - miks mõni haigus saab kõik ja teine mitte midagi_,177,1,147.05000000000018,0.0268864880084983
2293106219,Ravivalikute loterii - miks mõni haigus saab kõik ja teine mitte midagi_,346,1,186.36,0.0340738925893489
2293106222,Süstime rahva saledaks_,-1,7,1281.051,0.2449722920787222
2293106222,Süstime rahva saledaks_,43,1,181.07999999999996,0.0346274915281397
2293106222,Süstime rahva saledaks_,107,13,2390.96,0.4572175123929818
2293106222,Süstime rahva saledaks_,199,1,184.72000000000003,0.0353235599463109
2293106222,Süstime rahva saledaks_,203,1,181.15999999999983,0.0346427897351325
2293106222,Süstime rahva saledaks_,251,3,537.5200000000002,0.1027886527844362
2293106222,Süstime rahva saledaks_,252,1,180.76000000000025,0.0345662987001687
2293106222,Süstime rahva saledaks_,346,3,538.3999999999999,0.1029569330613566
2293106225,"Kui keha haigestub, mis saab vaimust_",-1,9,1611.1840000000002,0.294642687331848
2293106225,"Kui keha haigestub, mis saab vaimust_",97,1,180.19999999999985,0.0329537856987153
2293106225,"Kui keha haigestub, mis saab vaimust_",204,9,1559.7199999999996,0.2852312909544967
2293106225,"Kui keha haigestub, mis saab vaimust_",347,6,1108.9999999999995,0.2028065945609063
2293106225,"Kui keha haigestub, mis saab vaimust_",348,2,363.2000000000003,0.0664196169021832
2293106225,"Kui keha haigestub, mis saab vaimust_",349,5,873.72,0.1597801422901308
2293106228,Kelle mure on laste suutervis_,-1,2,384.08000000000015,0.0759517751314888
2293106228,Kelle mure on laste suutervis_,16,24,4315.24,0.853338205890455
2293106228,Kelle mure on laste suutervis_,90,1,180.32000000000016,0.0356582589348835
2293106228,Kelle mure on laste suutervis_,97,1,105.85300000000008,0.0209324183841738
2293106228,Kelle mure on laste suutervis_,253,1,185.7199999999998,0.0367261083040514
2293106231,Haigekassa nõukogu kriisikoosolek - Copy (2),-1,14,2477.92,0.4294130022414072
2293106231,Haigekassa nõukogu kriisikoosolek - Copy (2),3,1,182.83999999999924,0.0316853947382557
2293106231,Haigekassa nõukogu kriisikoosolek - Copy (2),6,1,188.5999999999999,0.0326835782522153
2293106231,Haigekassa nõukogu kriisikoosolek - Copy (2),38,2,354.1999999999998,0.0613813542785507
2293106231,Haigekassa nõukogu kriisikoosolek - Copy (2),97,1,101.04199999999946,0.0175101490655372
2293106231,Haigekassa nõukogu kriisikoosolek - Copy (2),116,2,357.04,0.0618735142055724
2293106231,Haigekassa nõukogu kriisikoosolek - Copy (2),202,6,1086.0,0.1881991833611126
2293106231,Haigekassa nõukogu kriisikoosolek - Copy (2),246,2,379.8400000000006,0.0658246572816621
2293106231,Haigekassa nõukogu kriisikoosolek - Copy (2),247,1,180.27999999999972,0.0312417576209404
2293106231,Haigekassa nõukogu kriisikoosolek - Copy (2),343,4,706.6399999999999,0.1224577080389471
2300040479,"Mida teha, kui hea nimi satub laimulõksu_",-1,6,1144.04,0.2091613872326795
2300040479,"Mida teha, kui hea nimi satub laimulõksu_",1,10,1807.3320000000003,0.3304290656882742
2300040479,"Mida teha, kui hea nimi satub laimulõksu_",4,1,182.04,0.03328182487661
2300040479,"Mida teha, kui hea nimi satub laimulõksu_",60,6,1079.0799999999992,0.1972849460989472
2300040479,"Mida teha, kui hea nimi satub laimulõksu_",78,1,180.96000000000004,0.0330843717296822
2300040479,"Mida teha, kui hea nimi satub laimulõksu_",159,6,1133.0400000000002,0.2071502903658222
2300040479,"Mida teha, kui hea nimi satub laimulõksu_",192,1,187.72000000000023,0.03432028216786
2300040482,Kes ja kuidas peaks valvama valimisi_,-1,6,1075.760000000001,0.1980641720110816
2300040482,Kes ja kuidas peaks valvama valimisi_,19,3,569.5199999999993,0.1048575028293959
2300040482,Kes ja kuidas peaks valvama valimisi_,64,1,183.95999999999992,0.0338699013563978
2300040482,Kes ja kuidas peaks valvama valimisi_,65,17,3002.92,0.5528843454074487
2300040482,Kes ja kuidas peaks valvama valimisi_,84,3,541.3999999999997,0.0996801728329734
2300040482,Kes ja kuidas peaks valvama valimisi_,159,1,186.0,0.0342454971313872
2300040482,Kes ja kuidas peaks valvama valimisi_,172,1,104.09099999999944,0.0191647744188344
2300040485,Mis on heategija palk_,-1,7,1255.745,0.2193155650487404
2300040485,Mis on heategija palk_,5,1,182.91999999999985,0.0319469344163947
2300040485,Mis on heategija palk_,27,1,182.24,0.0318281725784155
2300040485,Mis on heategija palk_,46,16,2860.48,0.4995821504450513
2300040485,Mis on heategija palk_,51,1,193.0,0.033707404014674
2300040485,Mis on heategija palk_,71,4,744.0,0.1299394227301425
2300040485,Mis on heategija palk_,176,1,182.5999999999999,0.0318910464926398
2300040485,Mis on heategija palk_,358,2,362.2400000000002,0.0632651296905468
2300040488,"Kas rahvuse kestmise hind saab olla liiga kõrge_ Sotsiaalkaitse võimalustest sündimus tõusule aidata, maksuteemat vältimata",-1,10,1803.7489999999996,0.3050382796829256
2300040488,"Kas rahvuse kestmise hind saab olla liiga kõrge_ Sotsiaalkaitse võimalustest sündimus tõusule aidata, maksuteemat vältimata",4,1,240.48,0.0406684109031522
2300040488,"Kas rahvuse kestmise hind saab olla liiga kõrge_ Sotsiaalkaitse võimalustest sündimus tõusule aidata, maksuteemat vältimata",94,1,184.76000000000025,0.0312454075119195
2300040488,"Kas rahvuse kestmise hind saab olla liiga kõrge_ Sotsiaalkaitse võimalustest sündimus tõusule aidata, maksuteemat vältimata",105,11,2011.6,0.3401886866798946
2300040488,"Kas rahvuse kestmise hind saab olla liiga kõrge_ Sotsiaalkaitse võimalustest sündimus tõusule aidata, maksuteemat vältimata",130,1,186.27999999999972,0.0315024600093113
2300040488,"Kas rahvuse kestmise hind saab olla liiga kõrge_ Sotsiaalkaitse võimalustest sündimus tõusule aidata, maksuteemat vältimata",138,3,531.7999999999993,0.0899345513901211
2300040488,"Kas rahvuse kestmise hind saab olla liiga kõrge_ Sotsiaalkaitse võimalustest sündimus tõusule aidata, maksuteemat vältimata",285,1,182.72000000000023,0.0309004160022621
2300040488,"Kas rahvuse kestmise hind saab olla liiga kõrge_ Sotsiaalkaitse võimalustest sündimus tõusule aidata, maksuteemat vältimata",288,5,1008.4399999999998,0.1705408029406805
2300040491,Lastekaitsetöö nähtamatu vastutus ja avalik kriitika,-1,4,809.1200000000001,0.1646027914039227
2300040491,Lastekaitsetöö nähtamatu vastutus ja avalik kriitika,43,1,183.36000000000013,0.0373017201797301
2300040491,Lastekaitsetöö nähtamatu vastutus ja avalik kriitika,90,11,2217.7510000000007,0.4511667060990226
2300040491,Lastekaitsetöö nähtamatu vastutus ja avalik kriitika,249,6,1219.1200000000006,0.2480108699035376
2300040491,Lastekaitsetöö nähtamatu vastutus ja avalik kriitika,289,2,367.32,0.0747255009621426
2300040491,Lastekaitsetöö nähtamatu vastutus ja avalik kriitika,342,2,369.1600000000001,0.0750998201437019
2300040494,Õigusmõistmine kriisi äärel. Kuidas kindlustada õiguse tulevik_,-1,4,729.8799999999994,0.1332300904178671
2300040494,Õigusmõistmine kriisi äärel. Kuidas kindlustada õiguse tulevik_,1,27,4785.72,0.873570872355176
2300040494,Õigusmõistmine kriisi äärel. Kuidas kindlustada õiguse tulevik_,150,1,68.74200000000019,0.0125479570278745
2300040497,Korteriühistud kui kogukonnad. Kuidas panna need ühes rütmis hingama_,-1,8,1491.0800000000008,0.2682299803866227
2300040497,Korteriühistud kui kogukonnad. Kuidas panna need ühes rütmis hingama_,4,1,240.88,0.0433318384496671
2300040497,Korteriühistud kui kogukonnad. Kuidas panna need ühes rütmis hingama_,47,1,181.52,0.0326535840060759
2300040497,Korteriühistud kui kogukonnad. Kuidas panna need ühes rütmis hingama_,52,1,182.5600000000004,0.0328406693265163
2300040497,Korteriühistud kui kogukonnad. Kuidas panna need ühes rütmis hingama_,100,1,124.32099999999993,0.0223640712715919
2300040497,Korteriühistud kui kogukonnad. Kuidas panna need ühes rütmis hingama_,115,4,767.3999999999999,0.1380473797171809
2300040497,Korteriühistud kui kogukonnad. Kuidas panna need ühes rütmis hingama_,117,12,2149.1600000000003,0.3866118146898314
2300040497,Korteriühistud kui kogukonnad. Kuidas panna need ühes rütmis hingama_,150,1,185.2800000000001,0.03332996939536
2300040497,Korteriühistud kui kogukonnad. Kuidas panna need ühes rütmis hingama_,188,1,184.64000000000036,0.0332148399673968
2300040497,Korteriühistud kui kogukonnad. Kuidas panna need ühes rütmis hingama_,241,1,187.76,0.0337760959287176
2300040497,Korteriühistud kui kogukonnad. Kuidas panna need ühes rütmis hingama_,274,1,185.84000000000012,0.0334307076448278
2300040503,Annetuskultuur. Kuidas Eestist saab helde rahvas_,-1,12,2136.3200000000006,0.3981871777212605
2300040503,Annetuskultuur. Kuidas Eestist saab helde rahvas_,46,3,473.5549999999994,0.0882655823780104
2300040503,Annetuskultuur. Kuidas Eestist saab helde rahvas_,71,13,2392.4,0.4459177482682105
2300040503,Annetuskultuur. Kuidas Eestist saab helde rahvas_,150,1,180.64,0.0336693621665146
2300040503,Annetuskultuur. Kuidas Eestist saab helde rahvas_,169,1,184.24,0.0343403636268747
2300040503,Annetuskultuur. Kuidas Eestist saab helde rahvas_,331,1,184.92000000000007,0.0344671083471649
2300040506,"Pärisvabakond teeb asju riigi rahata, eks_",-1,8,1475.44,0.2760204003365883
2300040506,"Pärisvabakond teeb asju riigi rahata, eks_",35,18,3489.122,0.6527333210860474
2300040506,"Pärisvabakond teeb asju riigi rahata, eks_",46,1,200.39999999999964,0.0374901644441334
2300040506,"Pärisvabakond teeb asju riigi rahata, eks_",294,2,374.63999999999976,0.0700864032302902
2302899422,Suur teadlaste debatt „Teadlaste roll energiapöördes“,-1,20,3516.216000000001,0.6427740981607115
2302899422,Suur teadlaste debatt „Teadlaste roll energiapöördes“,8,2,361.5200000000005,0.0660868649613848
2302899422,Suur teadlaste debatt „Teadlaste roll energiapöördes“,18,3,524.2399999999998,0.0958325350944797
2302899422,Suur teadlaste debatt „Teadlaste roll energiapöördes“,66,2,365.1999999999998,0.066759579231848
2302899422,Suur teadlaste debatt „Teadlaste roll energiapöördes“,182,1,183.4399999999996,0.0335333439602688
2302899422,Suur teadlaste debatt „Teadlaste roll energiapöördes“,250,1,180.28,0.0329556871410667
2302899422,Suur teadlaste debatt „Teadlaste roll energiapöördes“,281,1,182.55999999999997,0.0333724775042885
2302899422,Suur teadlaste debatt „Teadlaste roll energiapöördes“,292,2,364.0799999999999,0.0665548401060548
2302899425,Energiapööre noorte pilgu läbi. Mida tahab uus põlvkond_,-1,13,2228.239,0.4079709485533872
2302899425,Energiapööre noorte pilgu läbi. Mida tahab uus põlvkond_,29,1,182.80000000000015,0.0334690710446946
2302899425,Energiapööre noorte pilgu läbi. Mida tahab uus põlvkond_,54,1,183.55999999999997,0.0336082203553836
2302899425,Energiapööre noorte pilgu läbi. Mida tahab uus põlvkond_,89,3,536.1600000000003,0.0981661768671961
2302899425,Energiapööre noorte pilgu läbi. Mida tahab uus põlvkond_,141,1,182.32000000000065,0.0333811872695226
2302899425,Energiapööre noorte pilgu läbi. Mida tahab uus põlvkond_,191,10,1730.04,0.3167550966639136
2302899425,Energiapööre noorte pilgu läbi. Mida tahab uus põlvkond_,276,1,181.16000000000008,0.0331688014795233
2302899425,Energiapööre noorte pilgu läbi. Mida tahab uus põlvkond_,292,2,413.44000000000005,0.0756972250148716
2302899428,"Tere tulemast, uued juhitavad võimsused!",-1,13,2303.576,0.4277942109383937
2302899428,"Tere tulemast, uued juhitavad võimsused!",20,2,347.8000000000002,0.0645895019588558
2302899428,"Tere tulemast, uued juhitavad võimsused!",80,1,185.20000000000005,0.0343932598124787
2302899428,"Tere tulemast, uued juhitavad võimsused!",89,5,900.24,0.167182441758023
2302899428,"Tere tulemast, uued juhitavad võimsused!",131,3,522.0799999999999,0.096954822261873
2302899428,"Tere tulemast, uued juhitavad võimsused!",179,4,810.0799999999999,0.1504389411927255
2302899428,"Tere tulemast, uued juhitavad võimsused!",180,1,185.36000000000055,0.0344229732118848
2302899428,"Tere tulemast, uued juhitavad võimsused!",182,2,349.39999999999964,0.064886635952916
2302899431,Kas elekter lahendab tulevikus kõik meie energiaprobleemid_,-1,9,1508.3410000000003,0.2949169032670305
2302899431,Kas elekter lahendab tulevikus kõik meie energiaprobleemid_,63,11,1972.9200000000003,0.3857532592388524
2302899431,Kas elekter lahendab tulevikus kõik meie energiaprobleemid_,80,2,350.4000000000001,0.0685116183308466
2302899431,Kas elekter lahendab tulevikus kõik meie energiaprobleemid_,132,3,536.3999999999996,0.1048790869653712
2302899431,Kas elekter lahendab tulevikus kõik meie energiaprobleemid_,141,4,720.6800000000003,0.1409102542770392
2302899431,Kas elekter lahendab tulevikus kõik meie energiaprobleemid_,180,1,189.9599999999996,0.0371417437731951
2302899434,Infraheli ja tuulepargid – müüt või tegelik mõju tervisele_,-1,11,1999.658,0.3595616050554376
2302899434,Infraheli ja tuulepargid – müüt või tegelik mõju tervisele_,86,5,902.8000000000004,0.1623338676133865
2302899434,Infraheli ja tuulepargid – müüt või tegelik mõju tervisele_,92,15,2650.1600000000008,0.4765293781505232
2302899434,Infraheli ja tuulepargid – müüt või tegelik mõju tervisele_,224,1,199.04,0.0357896909722734
2302899437,Kas väike saab olla suur_ Kuivõrd suudab Eesti oma kestlike lahenduste või innovatsiooniga maailmas mõju avaldada_,-1,12,2193.923,0.3721110137361951
2302899437,Kas väike saab olla suur_ Kuivõrd suudab Eesti oma kestlike lahenduste või innovatsiooniga maailmas mõju avaldada_,5,1,180.48000000000047,0.0306111908937135
2302899437,Kas väike saab olla suur_ Kuivõrd suudab Eesti oma kestlike lahenduste või innovatsiooniga maailmas mõju avaldada_,7,1,184.92000000000007,0.0313642587547955
2302899437,Kas väike saab olla suur_ Kuivõrd suudab Eesti oma kestlike lahenduste või innovatsiooniga maailmas mõju avaldada_,8,1,181.5999999999999,0.0308011539577701
2302899437,Kas väike saab olla suur_ Kuivõrd suudab Eesti oma kestlike lahenduste või innovatsiooniga maailmas mõju avaldada_,10,3,557.2399999999998,0.0945134087633692
2302899437,Kas väike saab olla suur_ Kuivõrd suudab Eesti oma kestlike lahenduste või innovatsiooniga maailmas mõju avaldada_,38,1,183.4000000000001,0.0311064517392899
2302899437,Kas väike saab olla suur_ Kuivõrd suudab Eesti oma kestlike lahenduste või innovatsiooniga maailmas mõju avaldada_,104,2,353.59999999999945,0.0599740530807683
2302899437,Kas väike saab olla suur_ Kuivõrd suudab Eesti oma kestlike lahenduste või innovatsiooniga maailmas mõju avaldada_,118,1,183.96000000000004,0.0312014332713183
2302899437,Kas väike saab olla suur_ Kuivõrd suudab Eesti oma kestlike lahenduste või innovatsiooniga maailmas mõju avaldada_,128,1,180.03999999999996,0.0305365625471197
2302899437,Kas väike saab olla suur_ Kuivõrd suudab Eesti oma kestlike lahenduste või innovatsiooniga maailmas mõju avaldada_,133,1,183.0,0.0310386077878411
2302899437,Kas väike saab olla suur_ Kuivõrd suudab Eesti oma kestlike lahenduste või innovatsiooniga maailmas mõju avaldada_,139,1,184.8800000000001,0.0313574743596506
2302899437,Kas väike saab olla suur_ Kuivõrd suudab Eesti oma kestlike lahenduste või innovatsiooniga maailmas mõju avaldada_,178,1,185.79999999999995,0.0315135154479829
2302899437,Kas väike saab olla suur_ Kuivõrd suudab Eesti oma kestlike lahenduste või innovatsiooniga maailmas mõju avaldada_,181,3,572.6800000000003,0.0971321852892942
2302899437,Kas väike saab olla suur_ Kuivõrd suudab Eesti oma kestlike lahenduste või innovatsiooniga maailmas mõju avaldada_,226,1,182.63999999999987,0.0309775482315371
2302899437,Kas väike saab olla suur_ Kuivõrd suudab Eesti oma kestlike lahenduste või innovatsiooniga maailmas mõju avaldada_,245,1,185.52000000000044,0.0314660246819688
2302899437,Kas väike saab olla suur_ Kuivõrd suudab Eesti oma kestlike lahenduste või innovatsiooniga maailmas mõju avaldada_,338,1,182.4400000000005,0.0309436262558128
2302899437,Kas väike saab olla suur_ Kuivõrd suudab Eesti oma kestlike lahenduste või innovatsiooniga maailmas mõju avaldada_,355,2,350.52,0.0594516546546123
2302899440,Rohetehnoloogiad – puhta tööstuse ja julgeoleku alustala_,-1,7,1250.4999999999995,0.3674806782450261
2302899440,Rohetehnoloogiad – puhta tööstuse ja julgeoleku alustala_,0,3,535.68,0.1574186723089129
2302899440,Rohetehnoloogiad – puhta tööstuse ja julgeoleku alustala_,5,1,182.2800000000002,0.0535660759940051
2302899440,Rohetehnoloogiad – puhta tööstuse ja julgeoleku alustala_,7,2,364.48000000000025,0.1071086426283464
2302899440,Rohetehnoloogiad – puhta tööstuse ja julgeoleku alustala_,8,1,188.4000000000001,0.055364542008287
2302899440,Rohetehnoloogiad – puhta tööstuse ja julgeoleku alustala_,18,1,180.1600000000003,0.052943077962914
2302899440,Rohetehnoloogiad – puhta tööstuse ja julgeoleku alustala_,214,1,180.52,0.0530488700814011
2302899440,Rohetehnoloogiad – puhta tööstuse ja julgeoleku alustala_,250,1,184.63999999999987,0.0542596021040876
2302899440,Rohetehnoloogiad – puhta tööstuse ja julgeoleku alustala_,335,2,353.52,0.1038878603544035
2302899440,Rohetehnoloogiad – puhta tööstuse ja julgeoleku alustala_,355,1,182.76,0.053707132151988
2302899443,Kohalik energiatootmine on kaitseinvesteering,-1,19,3313.731,0.5899750228380173
2302899443,Kohalik energiatootmine on kaitseinvesteering,20,1,199.6800000000003,0.0355509281110311
2302899443,Kohalik energiatootmine on kaitseinvesteering,89,4,707.5999999999999,0.1259807528614064
2302899443,Kohalik energiatootmine on kaitseinvesteering,122,1,184.72000000000023,0.032887457134764
2302899443,Kohalik energiatootmine on kaitseinvesteering,158,1,180.24,0.0320898401579139
2302899443,Kohalik energiatootmine on kaitseinvesteering,180,4,685.3200000000002,0.1220140327176074
2302899443,Kohalik energiatootmine on kaitseinvesteering,281,1,183.48,0.0326666881501001
2302899443,Kohalik energiatootmine on kaitseinvesteering,355,2,356.8000000000002,0.0635244949419867
2302899446,"Kuidas planeerida tuuleparke nii, et kogukonnad tunneksid end päriselt kaasatuna_",-1,15,2719.339,0.4627040497636658
2302899446,"Kuidas planeerida tuuleparke nii, et kogukonnad tunneksid end päriselt kaasatuna_",4,1,182.3199999999997,0.0310223191565712
2302899446,"Kuidas planeerida tuuleparke nii, et kogukonnad tunneksid end päriselt kaasatuna_",60,1,180.6800000000003,0.030743268018919
2302899446,"Kuidas planeerida tuuleparke nii, et kogukonnad tunneksid end päriselt kaasatuna_",66,1,184.16000000000008,0.0313354009207666
2302899446,"Kuidas planeerida tuuleparke nii, et kogukonnad tunneksid end päriselt kaasatuna_",78,1,183.32000000000016,0.0311924722892862
2302899446,"Kuidas planeerida tuuleparke nii, et kogukonnad tunneksid end päriselt kaasatuna_",80,1,180.76,0.0307568802695361
2302899446,"Kuidas planeerida tuuleparke nii, et kogukonnad tunneksid end päriselt kaasatuna_",86,7,1253.1199999999997,0.2132222936676319
2302899446,"Kuidas planeerida tuuleparke nii, et kogukonnad tunneksid end päriselt kaasatuna_",112,2,356.6800000000003,0.0606902193767325
2302899446,"Kuidas planeerida tuuleparke nii, et kogukonnad tunneksid end päriselt kaasatuna_",189,1,185.83999999999992,0.0316212581837275
2302899446,"Kuidas planeerida tuuleparke nii, et kogukonnad tunneksid end päriselt kaasatuna_",205,1,183.12000000000037,0.0311584416627432
2302899446,"Kuidas planeerida tuuleparke nii, et kogukonnad tunneksid end päriselt kaasatuna_",251,1,182.8399999999997,0.031110798785583
2302899446,"Kuidas planeerida tuuleparke nii, et kogukonnad tunneksid end päriselt kaasatuna_",269,1,189.76000000000025,0.0322882584639698
2302899446,"Kuidas planeerida tuuleparke nii, et kogukonnad tunneksid end päriselt kaasatuna_",338,1,183.04,0.031144829412126
2310594914,Õpetaja ajamasinas. Õpetaja missioon ja rollid erinevates tulevikustsenaariumides aastaks 2035,-1,11,2148.8550000000005,0.7507874366513111
2310594914,Õpetaja ajamasinas. Õpetaja missioon ja rollid erinevates tulevikustsenaariumides aastaks 2035,61,1,185.80000000000015,0.0649165745151784
2310594914,Õpetaja ajamasinas. Õpetaja missioon ja rollid erinevates tulevikustsenaariumides aastaks 2035,144,1,183.84000000000012,0.0642317710380538
2310594914,Õpetaja ajamasinas. Õpetaja missioon ja rollid erinevates tulevikustsenaariumides aastaks 2035,264,2,409.64,0.1431239267190401
2310594917,"Milline koolivõrk suudab kasvatada korraga tarka last, tugevat kogukonda ja koostöist haridusvõrgustikku",-1,9,1508.2449999999997,0.3466365285899953
2310594917,"Milline koolivõrk suudab kasvatada korraga tarka last, tugevat kogukonda ja koostöist haridusvõrgustikku",91,12,2094.96,0.4814799067359061
2310594917,"Milline koolivõrk suudab kasvatada korraga tarka last, tugevat kogukonda ja koostöist haridusvõrgustikku",194,2,350.52000000000044,0.0805592168390184
2310594917,"Milline koolivõrk suudab kasvatada korraga tarka last, tugevat kogukonda ja koostöist haridusvõrgustikku",264,1,186.6,0.0428858549074541
2310594917,"Milline koolivõrk suudab kasvatada korraga tarka last, tugevat kogukonda ja koostöist haridusvõrgustikku",354,2,355.76,0.0817635141579629
2310594920,Mul jäi isegi Tiigrihüpe tegemata.alp,-1,7,1234.9600000000005,0.2262628809126146
2310594920,Mul jäi isegi Tiigrihüpe tegemata.alp,32,3,544.5999999999997,0.0997787498744978
2310594920,Mul jäi isegi Tiigrihüpe tegemata.alp,61,3,555.3999999999995,0.1017574691154904
2310594920,Mul jäi isegi Tiigrihüpe tegemata.alp,140,1,183.80000000000015,0.0336748700457817
2310594920,Mul jäi isegi Tiigrihüpe tegemata.alp,144,2,352.15999999999985,0.064520904435922
2310594920,Mul jäi isegi Tiigrihüpe tegemata.alp,175,4,728.2400000000006,0.1334243055611539
2310594920,Mul jäi isegi Tiigrihüpe tegemata.alp,194,1,154.39599999999973,0.0282876236974347
2310594920,Mul jäi isegi Tiigrihüpe tegemata.alp,195,5,886.5999999999997,0.1624381925059306
2310594920,Mul jäi isegi Tiigrihüpe tegemata.alp,252,1,183.4000000000001,0.0336015841479671
2310594920,Mul jäi isegi Tiigrihüpe tegemata.alp,264,1,186.2,0.0341145854326689
2310594920,Mul jäi isegi Tiigrihüpe tegemata.alp,293,1,184.6000000000004,0.0338214418414108
2310594920,Mul jäi isegi Tiigrihüpe tegemata.alp,350,3,549.04,0.1005922233402393
2310594923,Koolijuht on tippjuht,-1,2,363.5200000000002,0.0708942401940231
2310594923,Koolijuht on tippjuht,81,16,2802.7200000000003,0.5465908474818232
2310594923,Koolijuht on tippjuht,91,2,352.6000000000004,0.0687646046776313
2310594923,Koolijuht on tippjuht,126,1,183.7199999999998,0.0358293623691843
2310594923,Koolijuht on tippjuht,209,1,184.63999999999987,0.0360087822112247
2310594923,Koolijuht on tippjuht,221,3,544.2800000000004,0.1061463387235995
2310594923,Koolijuht on tippjuht,253,1,173.9979999999996,0.0339333626905798
2310594923,Koolijuht on tippjuht,264,1,182.88,0.0356655442525388
2310594923,Koolijuht on tippjuht,293,1,180.55999999999997,0.0352130942160893
2310594923,Koolijuht on tippjuht,354,2,362.52,0.0706992186265879
2310594926,Mis on Eesti hariduse eesmärk.alp,-1,10,1801.3600000000004,0.3446236728852974
2310594926,Mis on Eesti hariduse eesmärk.alp,59,2,363.8800000000001,0.0696149920557256
2310594926,Mis on Eesti hariduse eesmärk.alp,61,2,360.3999999999999,0.068949222647256
2310594926,Mis on Eesti hariduse eesmärk.alp,126,1,204.92000000000007,0.0392038698803432
2310594926,Mis on Eesti hariduse eesmärk.alp,140,1,180.52,0.0345358314991194
2310594926,Mis on Eesti hariduse eesmärk.alp,151,1,181.07999999999996,0.0346429668062295
2310594926,Mis on Eesti hariduse eesmärk.alp,194,3,547.8799999999997,0.1048165929633147
2310594926,Mis on Eesti hariduse eesmärk.alp,252,1,84.79500000000007,0.0162223899399946
2310594926,Mis on Eesti hariduse eesmärk.alp,262,1,185.6000000000004,0.0355077017850464
2310594926,Mis on Eesti hariduse eesmärk.alp,264,2,358.72,0.0686278167259259
2310594926,Mis on Eesti hariduse eesmärk.alp,265,2,369.87999999999965,0.0707628703461904
2310594926,Mis on Eesti hariduse eesmärk.alp,276,1,180.6800000000003,0.0345664415868652
2310594926,Mis on Eesti hariduse eesmärk.alp,315,3,541.7600000000002,0.1036457571070406
2310594926,Mis on Eesti hariduse eesmärk.alp,345,1,181.67999999999984,0.0347577546352759
2314163810,Maailm täna - vaade julgeolekuolukorrale Euroopa pealinnadest,-1,7,1303.5599999999995,0.2452021776186518
2314163810,Maailm täna - vaade julgeolekuolukorrale Euroopa pealinnadest,13,3,649.4400000000007,0.1221609302469065
2314163810,Maailm täna - vaade julgeolekuolukorrale Euroopa pealinnadest,127,2,384.84000000000015,0.0723891543425404
2314163810,Maailm täna - vaade julgeolekuolukorrale Euroopa pealinnadest,153,10,2044.906,0.3846508056594609
2314163810,Maailm täna - vaade julgeolekuolukorrale Euroopa pealinnadest,263,1,181.07999999999996,0.034061501061083
2314163810,Maailm täna - vaade julgeolekuolukorrale Euroopa pealinnadest,356,5,937.08,0.1762665750735572
2314163813,ÜRO – lootusetult rikkis või asendamatu_,-1,15,2674.540000000001,0.4520262710460759
2314163813,ÜRO – lootusetult rikkis või asendamatu_,37,11,1991.7599999999995,0.3366290448520985
2314163813,ÜRO – lootusetult rikkis või asendamatu_,111,3,554.1200000000001,0.093652290604011
2314163813,ÜRO – lootusetult rikkis või asendamatu_,186,3,549.0,0.0927869550667761
2314163813,ÜRO – lootusetult rikkis või asendamatu_,353,1,185.1199999999999,0.0312872880181449
2314163813,ÜRO – lootusetult rikkis või asendamatu_,357,1,182.4399999999996,0.0308343389478736
2314163816,Kuidas mõista USA-d_,-1,2,366.28,0.0666248669658128
2314163816,Kuidas mõista USA-d_,9,24,4328.72,0.7873768541341415
2314163816,Kuidas mõista USA-d_,127,4,686.7270000000003,0.1249128945528878
2314163816,Kuidas mõista USA-d_,159,1,206.27999999999972,0.0375215069283276
2314163819,Miks peaks Lähis-Idas toimuv meile korda minema_,-1,15,2750.16,0.493766072272734
2314163819,Miks peaks Lähis-Idas toimuv meile korda minema_,186,7,1218.7999999999995,0.2188243916303081
2314163819,Miks peaks Lähis-Idas toimuv meile korda minema_,296,5,879.2800000000002,0.1578666812214451
2314163819,Miks peaks Lähis-Idas toimuv meile korda minema_,357,5,911.7229999999996,0.1636915251151619
2314163822,"Marshall Plan 2.0_ Estonia, Ukraine and the Path Forward",-1,1,241.6000000000004,0.0434402678337043
2314163822,"Marshall Plan 2.0_ Estonia, Ukraine and the Path Forward",9,2,636.68,0.1144766130975284
2314163822,"Marshall Plan 2.0_ Estonia, Ukraine and the Path Forward",21,22,4699.78,0.8450318789713862
2314163825,"Kriise rohkem, raha vähem",-1,12,2289.92,0.4610679915820944
2314163825,"Kriise rohkem, raha vähem",35,1,180.6000000000004,0.0363632263483992
2314163825,"Kriise rohkem, raha vähem",87,1,188.72000000000023,0.0379981621066993
2314163825,"Kriise rohkem, raha vähem",129,9,1534.1559999999993,0.308897352612152
2314163825,"Kriise rohkem, raha vähem",210,1,192.96000000000004,0.0388518724041368
2314163825,"Kriise rohkem, raha vähem",305,4,764.0000000000001,0.1538289309533608
2314163828,"Tahaks jääda iseendaks, aga raha tahaks ka",-1,10,1769.3199999999993,0.3470911411446167
2314163828,"Tahaks jääda iseendaks, aga raha tahaks ka",0,4,689.2059999999998,0.1352029576468455
2314163828,"Tahaks jääda iseendaks, aga raha tahaks ka",21,3,531.0799999999999,0.1041830552071321
2314163828,"Tahaks jääda iseendaks, aga raha tahaks ka",59,3,524.4000000000001,0.1028726258767419
2314163828,"Tahaks jääda iseendaks, aga raha tahaks ka",127,4,692.0,0.1357510623697662
2314163828,"Tahaks jääda iseendaks, aga raha tahaks ka",133,2,370.44000000000005,0.0726699762200234
2314163828,"Tahaks jääda iseendaks, aga raha tahaks ka",263,2,364.6399999999999,0.0715321782984271
2314163828,"Tahaks jääda iseendaks, aga raha tahaks ka",279,1,180.36000000000013,0.0353815919205362
2314163828,"Tahaks jääda iseendaks, aga raha tahaks ka",356,1,184.15999999999983,0.0361270457312371
2314163831,Kuidas reisides mitte lolliks jääda_,-1,8,1444.2399999999998,0.2668089904121753
2314163831,Kuidas reisides mitte lolliks jääda_,23,24,4141.851000000001,0.7651658199105822
2314163834,Kilud versus karud - Läänemeremaade koostöö tulevik,-1,5,997.6800000000004,0.1850823630243402
2314163834,Kilud versus karud - Läänemeremaade koostöö tulevik,13,21,4150.185,0.7699122431923777
2314163834,Kilud versus karud - Läänemeremaade koostöö tulevik,154,1,185.07999999999996,0.0343347002531321
2314163834,Kilud versus karud - Läänemeremaade koostöö tulevik,172,1,183.64000000000036,0.0340675618893732
2318409173,Õpilaste tugevustel põhinev haridus – miks ja kuidas_,-1,10,1869.8800000000008,0.3506379582635295
2318409173,Õpilaste tugevustel põhinev haridus – miks ja kuidas_,115,1,61.07400000000053,0.0114525331374136
2318409173,Õpilaste tugevustel põhinev haridus – miks ja kuidas_,126,1,184.1600000000003,0.0345334921993987
2318409173,Õpilaste tugevustel põhinev haridus – miks ja kuidas_,140,4,807.0,0.1513278030240807
2318409173,Õpilaste tugevustel põhinev haridus – miks ja kuidas_,144,5,921.0799999999996,0.1727199663065926
2318409173,Õpilaste tugevustel põhinev haridus – miks ja kuidas_,198,6,1192.5199999999995,0.223620113583986
2318409173,Õpilaste tugevustel põhinev haridus – miks ja kuidas_,262,1,186.84000000000012,0.0350360430198504
2318409173,Õpilaste tugevustel põhinev haridus – miks ja kuidas_,293,1,181.92000000000007,0.0341134497226032
2318409173,Õpilaste tugevustel põhinev haridus – miks ja kuidas_,315,1,183.76000000000025,0.0344584846142566
2318409176,Kaamera ei mõista hukka,26,1,206.32000000000016,0.0529489962993189
2318409176,Kaamera ei mõista hukka,57,19,3523.1399999999994,0.904162111389988
2318409176,Kaamera ei mõista hukka,297,1,216.44000000000003,0.0555461455943417
2318409179,"Kas noortelt nõutakse rohkem, kui vastu pakutakse_",-1,15,2689.8,0.494807355701883
2318409179,"Kas noortelt nõutakse rohkem, kui vastu pakutakse_",14,2,365.96,0.0673208788358469
2318409179,"Kas noortelt nõutakse rohkem, kui vastu pakutakse_",43,2,357.61500000000046,0.0657857582382813
2318409179,"Kas noortelt nõutakse rohkem, kui vastu pakutakse_",123,1,183.12000000000037,0.0336861933884039
2318409179,"Kas noortelt nõutakse rohkem, kui vastu pakutakse_",126,1,181.52,0.0333918622971989
2318409179,"Kas noortelt nõutakse rohkem, kui vastu pakutakse_",140,1,182.1600000000003,0.033509594733681
2318409179,"Kas noortelt nõutakse rohkem, kui vastu pakutakse_",149,1,182.79999999999973,0.0336273271701628
2318409179,"Kas noortelt nõutakse rohkem, kui vastu pakutakse_",161,2,353.6399999999994,0.0650545294335689
2318409179,"Kas noortelt nõutakse rohkem, kui vastu pakutakse_",206,2,473.56,0.0871146447193782
2318409179,"Kas noortelt nõutakse rohkem, kui vastu pakutakse_",208,1,180.9199999999996,0.033281488137997
2318409179,"Kas noortelt nõutakse rohkem, kui vastu pakutakse_",255,1,181.39999999999964,0.0333697874653585
2318409179,"Kas noortelt nõutakse rohkem, kui vastu pakutakse_",265,1,181.48,0.0333845040199188
2318409179,"Kas noortelt nõutakse rohkem, kui vastu pakutakse_",332,1,182.5600000000004,0.0335831775064822
2318409182,"Ma tahan õppida, andke mulle tagasisidet!",-1,6,1122.6,0.2089601579653915
2318409182,"Ma tahan õppida, andke mulle tagasisidet!",4,1,241.5999999999999,0.0449712935724555
2318409182,"Ma tahan õppida, andke mulle tagasisidet!",24,17,2956.68,0.5503548190389396
2318409182,"Ma tahan õppida, andke mulle tagasisidet!",140,1,226.76,0.0422089839838163
2318409182,"Ma tahan õppida, andke mulle tagasisidet!",209,4,785.7559999999994,0.1462601976503242
2318409182,"Ma tahan õppida, andke mulle tagasisidet!",252,1,180.0,0.0335051028271605
2318409185,Nutiseadmete kasutus koolikeskkonnas. Millal ja millal mitte_,-1,5,914.5599999999991,0.1698234675992695
2318409185,Nutiseadmete kasutus koolikeskkonnas. Millal ja millal mitte_,31,19,3378.479999999999,0.6273455965871899
2318409185,Nutiseadmete kasutus koolikeskkonnas. Millal ja millal mitte_,140,1,183.92000000000053,0.0341518677406159
2318409185,Nutiseadmete kasutus koolikeskkonnas. Millal ja millal mitte_,201,1,181.80000000000015,0.0337582076731403
2318409185,Nutiseadmete kasutus koolikeskkonnas. Millal ja millal mitte_,240,1,185.91999999999985,0.0345232451627626
2318409185,Nutiseadmete kasutus koolikeskkonnas. Millal ja millal mitte_,252,2,335.7569999999996,0.0623462845638645
2318409185,Nutiseadmete kasutus koolikeskkonnas. Millal ja millal mitte_,297,2,396.9199999999999,0.0737035631992456
2318409188,Programmeerimine kui uus emakeel,-1,14,2491.24,0.5018264238632844
2318409188,Programmeerimine kui uus emakeel,30,1,181.63999999999987,0.0365889081864962
2318409188,Programmeerimine kui uus emakeel,33,3,515.4399999999999,0.1038283794078817
2318409188,Programmeerimine kui uus emakeel,44,1,183.87999999999988,0.037040125728545
2318409188,Programmeerimine kui uus emakeel,73,1,184.0,0.0370642980968691
2318409188,Programmeerimine kui uus emakeel,147,2,369.0799999999999,0.0743461475086546
2318409188,Programmeerimine kui uus emakeel,197,2,354.2000000000003,0.0713487738364731
2318409188,Programmeerimine kui uus emakeel,208,1,182.48,0.0367581147647645
2318409188,Programmeerimine kui uus emakeel,237,1,180.52,0.0363632994154718
2318409188,Programmeerimine kui uus emakeel,312,3,561.7860000000001,0.1131641509274333
2318409191,Tark pidu ei vaja tõukeainet,-1,6,1101.0000000000005,0.2013942850118752
2318409191,Tark pidu ei vaja tõukeainet,4,1,222.32799999999952,0.0406681095350772
2318409191,Tark pidu ei vaja tõukeainet,40,1,180.2800000000002,0.032976713625741
2318409191,Tark pidu ei vaja tõukeainet,60,1,180.8800000000001,0.0330864652796984
2318409191,Tark pidu ei vaja tõukeainet,72,15,2700.56,0.49398487768544
2318409191,Tark pidu ei vaja tõukeainet,74,2,358.64000000000004,0.0656022219588182
2318409191,Tark pidu ei vaja tõukeainet,205,1,222.92,0.0407763978336486
2318409191,Tark pidu ei vaja tõukeainet,209,1,193.76000000000025,0.0354424674513178
2318409191,Tark pidu ei vaja tõukeainet,329,1,187.48000000000047,0.0342937334732302
2318409191,Tark pidu ei vaja tõukeainet,344,1,186.5999999999999,0.0341327643807592
2318409191,Tark pidu ei vaja tõukeainet,361,1,183.20000000000027,0.0335108383416671
2323554785,Miks kaasamine pekki läheb_ + Demokraatiatrenn,-1,13,2741.769,0.5212162585267954
2323554785,Miks kaasamine pekki läheb_ + Demokraatiatrenn,47,2,377.1599999999999,0.0716989374618963
2323554785,Miks kaasamine pekki läheb_ + Demokraatiatrenn,99,1,183.56000000000017,0.0348951557972895
2323554785,Miks kaasamine pekki läheb_ + Demokraatiatrenn,128,1,184.67999999999984,0.0351080702366714
2323554785,Miks kaasamine pekki läheb_ + Demokraatiatrenn,197,1,181.67999999999984,0.0345377637026124
2323554785,Miks kaasamine pekki läheb_ + Demokraatiatrenn,205,1,211.4399999999996,0.0401952045204776
2323554785,Miks kaasamine pekki läheb_ + Demokraatiatrenn,258,4,738.88,0.1404626972951692
2323554785,Miks kaasamine pekki läheb_ + Demokraatiatrenn,311,2,349.43999999999994,0.0664293050871913
2323554785,Miks kaasamine pekki läheb_ + Demokraatiatrenn,360,3,547.6000000000004,0.1040999526835679
2323554788,Parlamendierakondade noorte debatt,-1,8,1447.0000000000005,0.2648606113832222
2323554788,Parlamendierakondade noorte debatt,4,1,115.491,0.0211396108287904
2323554788,Parlamendierakondade noorte debatt,32,3,530.7200000000003,0.0971436238239832
2323554788,Parlamendierakondade noorte debatt,44,1,183.44000000000003,0.0335770770920098
2323554788,Parlamendierakondade noorte debatt,49,2,352.3199999999997,0.0644890743624994
2323554788,Parlamendierakondade noorte debatt,56,1,184.23999999999975,0.0337235100492362
2323554788,Parlamendierakondade noorte debatt,65,1,184.4799999999996,0.033767439936404
2323554788,Parlamendierakondade noorte debatt,84,1,182.96,0.033489217317674
2323554788,Parlamendierakondade noorte debatt,118,1,182.19999999999985,0.0333501060083089
2323554788,Parlamendierakondade noorte debatt,139,1,180.55999999999997,0.0330499184459948
2323554788,Parlamendierakondade noorte debatt,161,7,1289.480000000001,0.2360279621053473
2323554788,Parlamendierakondade noorte debatt,169,1,180.9199999999996,0.0331158132767466
2323554788,Parlamendierakondade noorte debatt,198,1,180.63999999999987,0.0330645617417175
2323554788,Parlamendierakondade noorte debatt,288,2,367.40000000000055,0.0672493356062169
2323554788,Parlamendierakondade noorte debatt,294,1,182.84000000000012,0.0334672523740901
2323554791,Parlamendierakondade esimeeste debatt,-1,15,2641.685000000001,0.4914429066677334
2323554791,Parlamendierakondade esimeeste debatt,4,1,213.36,0.0396921883444194
2323554791,Parlamendierakondade esimeeste debatt,49,8,1425.6,0.2652098973744108
2323554791,Parlamendierakondade esimeeste debatt,154,1,200.80000000000015,0.0373556028288311
2323554791,Parlamendierakondade esimeeste debatt,194,2,367.0,0.0682744334570768
2323554791,Parlamendierakondade esimeeste debatt,200,1,180.03999999999996,0.0334935395084798
2323554791,Parlamendierakondade esimeeste debatt,212,1,185.15999999999983,0.0344460329670636
2323554791,Parlamendierakondade esimeeste debatt,223,1,181.07999999999996,0.0336870147422546
2323554791,Parlamendierakondade esimeeste debatt,304,1,180.1199999999999,0.0335084222187702
2323554794,Kas me siin Järvamaal oleme tõesti kõige rumalamad,-1,13,2290.3200000000006,0.4029483960320232
2323554794,Kas me siin Järvamaal oleme tõesti kõige rumalamad,4,1,237.44,0.0417741045591199
2323554794,Kas me siin Järvamaal oleme tõesti kõige rumalamad,11,1,202.10400000000027,0.0355572507910056
2323554794,Kas me siin Järvamaal oleme tõesti kõige rumalamad,29,1,181.88,0.0319991329902827
2323554794,Kas me siin Järvamaal oleme tõesti kõige rumalamad,126,2,376.1999999999998,0.066186902523336
2323554794,Kas me siin Järvamaal oleme tõesti kõige rumalamad,151,4,732.7600000000002,0.1289184335273784
2323554794,Kas me siin Järvamaal oleme tõesti kõige rumalamad,173,4,715.2400000000007,0.1258360450845054
2323554794,Kas me siin Järvamaal oleme tõesti kõige rumalamad,265,1,180.6000000000004,0.0317739356611231
2323554794,Kas me siin Järvamaal oleme tõesti kõige rumalamad,276,1,181.76,0.031978020740674
2323554794,Kas me siin Järvamaal oleme tõesti kõige rumalamad,283,4,712.8799999999999,0.1254208375088671
2323554794,Kas me siin Järvamaal oleme tõesti kõige rumalamad,293,1,183.67999999999984,0.0323158167344135
2323554797,"Mida on vaja teha senisest teisiti, et Eesti majandus järjekindlalt ja kiiremini kasvaks_",-1,11,1948.6,0.3944031429190204
2323554797,"Mida on vaja teha senisest teisiti, et Eesti majandus järjekindlalt ja kiiremini kasvaks_",0,2,354.7600000000002,0.0718046079143753
2323554797,"Mida on vaja teha senisest teisiti, et Eesti majandus järjekindlalt ja kiiremini kasvaks_",7,1,170.59000000000017,0.0345279852974216
2323554797,"Mida on vaja teha senisest teisiti, et Eesti majandus järjekindlalt ja kiiremini kasvaks_",49,2,366.5600000000002,0.0741929672936447
2323554797,"Mida on vaja teha senisest teisiti, et Eesti majandus järjekindlalt ja kiiremini kasvaks_",84,1,183.84000000000012,0.037209829515669
2323554797,"Mida on vaja teha senisest teisiti, et Eesti majandus järjekindlalt ja kiiremini kasvaks_",94,6,1039.36,0.2103699325794483
2323554797,"Mida on vaja teha senisest teisiti, et Eesti majandus järjekindlalt ja kiiremini kasvaks_",169,1,181.4000000000001,0.036715965372837
2323554797,"Mida on vaja teha senisest teisiti, et Eesti majandus järjekindlalt ja kiiremini kasvaks_",197,4,701.0000000000007,0.1418847393955832
2323554797,"Mida on vaja teha senisest teisiti, et Eesti majandus järjekindlalt ja kiiremini kasvaks_",223,1,184.48,0.0373393676514938
2323554800,Mis on fosforiidi kaevandamise hind_,-1,10,1805.1599999999996,0.3235027094758715
2323554800,Mis on fosforiidi kaevandamise hind_,7,4,756.8400000000001,0.1356332904782505
2323554800,Mis on fosforiidi kaevandamise hind_,47,1,181.6800000000003,0.0325588713784797
2323554800,Mis on fosforiidi kaevandamise hind_,114,7,1256.2000000000005,0.225123592171104
2323554800,Mis on fosforiidi kaevandamise hind_,242,4,736.5259999999998,0.1319928186971935
2323554800,Mis on fosforiidi kaevandamise hind_,243,4,718.1600000000001,0.1287014479808947
2323554800,Mis on fosforiidi kaevandamise hind_,359,2,368.2000000000003,0.0659851191190897
2323554803,Mis on fosforiidi kaevandamise hind + Demokraatiatrenn,-1,13,2688.0,0.3564127848766418
2323554803,Mis on fosforiidi kaevandamise hind + Demokraatiatrenn,7,4,767.24,0.1017314527785545
2323554803,Mis on fosforiidi kaevandamise hind + Demokraatiatrenn,47,1,181.36000000000013,0.0240472554558139
2323554803,Mis on fosforiidi kaevandamise hind + Demokraatiatrenn,84,2,279.7370000000001,0.0370914595249394
2323554803,Mis on fosforiidi kaevandamise hind + Demokraatiatrenn,114,6,1079.04,0.143074275071909
2323554803,Mis on fosforiidi kaevandamise hind + Demokraatiatrenn,143,1,228.5599999999995,0.0303056942378739
2323554803,Mis on fosforiidi kaevandamise hind + Demokraatiatrenn,188,1,182.08000000000084,0.0241427231660488
2323554803,Mis on fosforiidi kaevandamise hind + Demokraatiatrenn,242,4,741.1200000000008,0.0982680964017027
2323554803,Mis on fosforiidi kaevandamise hind + Demokraatiatrenn,243,4,742.4799999999997,0.0984484242988128
2323554803,Mis on fosforiidi kaevandamise hind + Demokraatiatrenn,244,1,237.8800000000001,0.0315414707092468
2323554803,Mis on fosforiidi kaevandamise hind + Demokraatiatrenn,359,4,731.8799999999998,0.0970429274536891
2323554806,Eesti uued valikud ELi rahastuse kasutamisel,-1,15,2632.48,0.4691745103616618
2323554806,Eesti uued valikud ELi rahastuse kasutamisel,8,1,181.96000000000004,0.0324298736953017
2323554806,Eesti uued valikud ELi rahastuse kasutamisel,35,1,182.76,0.0325724539269803
2323554806,Eesti uued valikud ELi rahastuse kasutamisel,112,1,181.3199999999997,0.0323158095099588
2323554806,Eesti uued valikud ELi rahastuse kasutamisel,164,1,187.44000000000003,0.0334065482823003
2323554806,Eesti uued valikud ELi rahastuse kasutamisel,210,8,1433.64,0.2555109041796681
2323554806,Eesti uued valikud ELi rahastuse kasutamisel,256,1,181.07999999999996,0.0322730354404552
2323554806,Eesti uued valikud ELi rahastuse kasutamisel,263,1,133.83599999999933,0.0238529598586743
2323554806,Eesti uued valikud ELi rahastuse kasutamisel,306,3,549.8000000000004,0.0979882642211306
2323554806,Eesti uued valikud ELi rahastuse kasutamisel,334,1,184.20000000000076,0.032829098344002
2323554809,Miks kaasamine pekki läheb_,-1,12,2102.2290000000003,0.5835781994270898
2323554809,Miks kaasamine pekki läheb_,47,1,204.24,0.0566969685276859
2323554809,Miks kaasamine pekki läheb_,128,1,184.76000000000025,0.0512893258185236
2323554809,Miks kaasamine pekki läheb_,197,1,182.23999999999975,0.0505897745029645
2323554809,Miks kaasamine pekki läheb_,258,3,555.48,0.1542010971296465
2323554809,Miks kaasamine pekki läheb_,311,1,182.03999999999985,0.0505342545572852
2323554809,Miks kaasamine pekki läheb_,360,2,365.32,0.1014127327777822
2323554812,Kaasamine infosõja ajal. Mis tegelikult lõhestab Eesti ühiskonda,-1,9,1618.8799999999997,0.3002189591106332
2323554812,Kaasamine infosõja ajal. Mis tegelikult lõhestab Eesti ühiskonda,4,1,188.04,0.0348717465600683
2323554812,Kaasamine infosõja ajal. Mis tegelikult lõhestab Eesti ühiskonda,19,2,354.1199999999999,0.0656710428198862
2323554812,Kaasamine infosõja ajal. Mis tegelikult lõhestab Eesti ühiskonda,47,7,1246.04,0.2310763193134842
2323554812,Kaasamine infosõja ajal. Mis tegelikult lõhestab Eesti ühiskonda,66,3,533.6399999999996,0.0989627676787644
2323554812,Kaasamine infosõja ajal. Mis tegelikult lõhestab Eesti ühiskonda,84,1,80.57100000000082,0.0149417756439656
2323554812,Kaasamine infosõja ajal. Mis tegelikult lõhestab Eesti ühiskonda,86,1,180.5600000000004,0.0334845913576151
2323554812,Kaasamine infosõja ajal. Mis tegelikult lõhestab Eesti ühiskonda,188,2,375.5999999999999,0.0696544778130274
2323554812,Kaasamine infosõja ajal. Mis tegelikult lõhestab Eesti ühiskonda,251,1,187.7199999999998,0.0348124030219954
2323554812,Kaasamine infosõja ajal. Mis tegelikult lõhestab Eesti ühiskonda,309,4,712.2399999999997,0.1320838798656832
2323554812,Kaasamine infosõja ajal. Mis tegelikult lõhestab Eesti ühiskonda,358,1,191.07999999999996,0.0354355101717605
2323554815,Kuidas tõsta Euroopa Liidu konkurentsivõimet ja panna majandus kiiremini kasvama_,-1,8,1400.4,0.3826862090591478
2323554815,Kuidas tõsta Euroopa Liidu konkurentsivõimet ja panna majandus kiiremini kasvama_,9,2,351.87999999999965,0.0961579714679611
2323554815,Kuidas tõsta Euroopa Liidu konkurentsivõimet ja panna majandus kiiremini kasvama_,164,10,1823.155,0.4982121361591191
2323554815,Kuidas tõsta Euroopa Liidu konkurentsivõimet ja panna majandus kiiremini kasvama_,306,1,183.44000000000003,0.050128504848479
2383011942,Kuidas hoida tervet mõistust kriiside ajastul_ teadveloleku ja kaastunde praktiline jõud,-1,10,1856.0000000000005,0.3493277511160231
2383011942,Kuidas hoida tervet mõistust kriiside ajastul_ teadveloleku ja kaastunde praktiline jõud,26,18,3247.022000000001,0.6111394898083253
2383011942,Kuidas hoida tervet mõistust kriiside ajastul_ teadveloleku ja kaastunde praktiline jõud,43,1,183.7199999999998,0.0345789301912907
2383011942,Kuidas hoida tervet mõistust kriiside ajastul_ teadveloleku ja kaastunde praktiline jõud,106,1,180.1600000000003,0.0339088834272967
2383011945,Koduseinte vahelt rahvusvahelise poliitikani_ naistevastane vägivald on meie kõigi lahendada,-1,9,1583.3199999999997,0.2810181913185591
2383011945,Koduseinte vahelt rahvusvahelise poliitikani_ naistevastane vägivald on meie kõigi lahendada,19,3,552.0399999999997,0.0979797402518109
2383011945,Koduseinte vahelt rahvusvahelise poliitikani_ naistevastane vägivald on meie kõigi lahendada,37,1,182.15999999999983,0.0323309714590788
2383011945,Koduseinte vahelt rahvusvahelise poliitikani_ naistevastane vägivald on meie kõigi lahendada,84,2,351.3199999999997,0.0623546162330016
2383011945,Koduseinte vahelt rahvusvahelise poliitikani_ naistevastane vägivald on meie kõigi lahendada,87,1,182.27999999999972,0.0323522698592494
2383011945,Koduseinte vahelt rahvusvahelise poliitikani_ naistevastane vägivald on meie kõigi lahendada,111,2,378.7600000000007,0.0672248504053619
2383011945,Koduseinte vahelt rahvusvahelise poliitikani_ naistevastane vägivald on meie kõigi lahendada,113,13,2317.106,0.4112554235488601
2383011945,Koduseinte vahelt rahvusvahelise poliitikani_ naistevastane vägivald on meie kõigi lahendada,165,1,180.44000000000003,0.0320256943899659
2383011945,Koduseinte vahelt rahvusvahelise poliitikani_ naistevastane vägivald on meie kõigi lahendada,263,1,184.0,0.0326575469283624
2383011948,Nõusolek – seksikuse summutaja või hoopis võimendaja_,-1,4,727.4399999999998,0.1324868772534871
2383011948,Nõusolek – seksikuse summutaja või hoopis võimendaja_,26,1,186.1199999999999,0.033897582748294
2383011948,Nõusolek – seksikuse summutaja või hoopis võimendaja_,34,1,206.41699999999943,0.0375942259733214
2383011948,Nõusolek – seksikuse summutaja või hoopis võimendaja_,40,19,3361.6800000000003,0.6122545990397871
2383011948,Nõusolek – seksikuse summutaja või hoopis võimendaja_,60,1,185.67999999999935,0.0338174466188653
2383011948,Nõusolek – seksikuse summutaja või hoopis võimendaja_,267,6,1081.1599999999994,0.196909040211399
2383055898,"Kes õpetab tervena elama enne, kui tuleb õppida haigusega elama_ (1)",-1,9,1609.4450000000008,0.3040403134017504
2383055898,"Kes õpetab tervena elama enne, kui tuleb õppida haigusega elama_ (1)",16,2,362.3599999999997,0.0684534407601739
2383055898,"Kes õpetab tervena elama enne, kui tuleb õppida haigusega elama_ (1)",68,1,182.15999999999983,0.0344118522156785
2383055898,"Kes õpetab tervena elama enne, kui tuleb õppida haigusega elama_ (1)",97,1,181.6000000000004,0.0343060625953406
2383055898,"Kes õpetab tervena elama enne, kui tuleb õppida haigusega elama_ (1)",102,3,543.52,0.1026763829395346
2383055898,"Kes õpetab tervena elama enne, kui tuleb õppida haigusega elama_ (1)",119,1,182.40000000000003,0.0344571906243949
2383055898,"Kes õpetab tervena elama enne, kui tuleb õppida haigusega elama_ (1)",134,3,549.6399999999992,0.1038325123618003
2383055898,"Kes õpetab tervena elama enne, kui tuleb õppida haigusega elama_ (1)",155,7,1241.08,0.2344524678734869
2383055898,"Kes õpetab tervena elama enne, kui tuleb õppida haigusega elama_ (1)",251,1,184.15999999999983,0.0347896722883144
2383055898,"Kes õpetab tervena elama enne, kui tuleb õppida haigusega elama_ (1)",253,1,180.48000000000047,0.0340944833546645
2383055898,"Kes õpetab tervena elama enne, kui tuleb õppida haigusega elama_ (1)",348,2,364.60000000000014,0.0688765992415262
2387966361,Euroopa Liidu heitekaubandus_ rohepöörasus või nutikas poliitika_,-1,11,2146.9969999999994,0.5809796678480206
2387966361,Euroopa Liidu heitekaubandus_ rohepöörasus või nutikas poliitika_,63,1,184.92000000000007,0.0500395483451798
2387966361,Euroopa Liidu heitekaubandus_ rohepöörasus või nutikas poliitika_,158,5,969.96,0.2624722058884415
2387966361,Euroopa Liidu heitekaubandus_ rohepöörasus või nutikas poliitika_,282,1,184.92000000000007,0.0500395483451798
2387966361,Euroopa Liidu heitekaubandus_ rohepöörasus või nutikas poliitika_,334,1,193.76,0.0524316617313543
2387966361,Euroopa Liidu heitekaubandus_ rohepöörasus või nutikas poliitika_,355,1,180.7199999999998,0.048903023885685
2387966364,Millised on kohaliku kaugkütte tulevikustsenaariumid_,-1,8,1438.9909999999995,0.2770363890246698
2387966364,Millised on kohaliku kaugkütte tulevikustsenaariumid_,10,2,364.27999999999975,0.0701316518268055
2387966364,Millised on kohaliku kaugkütte tulevikustsenaariumid_,20,1,185.2800000000002,0.035670342732158
2387966364,Millised on kohaliku kaugkütte tulevikustsenaariumid_,63,6,1143.96,0.2202366433067763
2387966364,Millised on kohaliku kaugkütte tulevikustsenaariumid_,132,8,1442.2799999999995,0.2776695915141239
2387966364,Millised on kohaliku kaugkütte tulevikustsenaariumid_,141,3,535.7199999999989,0.1031375000457236
2387966364,Millised on kohaliku kaugkütte tulevikustsenaariumid_,158,1,185.59999999999943,0.0357319495417126
2387966364,Millised on kohaliku kaugkütte tulevikustsenaariumid_,179,1,180.5599999999995,0.0347616422912264
2387966370,Kuidas edasi_ Eesti energeetika järgmise kümne aasta vaade,-1,15,2702.764,0.4745884258443074
2387966370,Kuidas edasi_ Eesti energeetika järgmise kümne aasta vaade,20,1,187.0800000000004,0.0328500759618498
2387966370,Kuidas edasi_ Eesti energeetika järgmise kümne aasta vaade,62,2,366.4399999999998,0.0643445682887547
2387966370,Kuidas edasi_ Eesti energeetika järgmise kümne aasta vaade,80,3,533.4000000000001,0.0936616983004633
2387966370,Kuidas edasi_ Eesti energeetika järgmise kümne aasta vaade,131,2,366.68000000000006,0.0643867107851779
2387966370,Kuidas edasi_ Eesti energeetika järgmise kümne aasta vaade,180,2,348.1999999999998,0.0611417385605949
2387966370,Kuidas edasi_ Eesti energeetika järgmise kümne aasta vaade,200,1,184.5600000000004,0.0324075797494067
2387966370,Kuidas edasi_ Eesti energeetika järgmise kümne aasta vaade,214,2,363.84,0.0638880245775039
2387966370,Kuidas edasi_ Eesti energeetika järgmise kümne aasta vaade,224,1,205.0,0.0359967156947787
2387966370,Kuidas edasi_ Eesti energeetika järgmise kümne aasta vaade,250,3,550.7199999999995,0.0967029817923343
2387966370,Kuidas edasi_ Eesti energeetika järgmise kümne aasta vaade,292,1,180.79999999999927,0.0317473473054437
2387966373,Miks peab elektriga kauplema börsil_ (1),-1,2,381.0399999999998,0.1013661175292567
2387966373,Miks peab elektriga kauplema börsil_ (1),53,18,3061.2070000000003,0.8143572027697447
2387966373,Miks peab elektriga kauplema börsil_ (1),189,1,181.36000000000013,0.0482462709298394
2387966373,Miks peab elektriga kauplema börsil_ (1),224,1,207.12,0.0550990716530014
2387966376,Milliseid riske toob kliima ettevõtete tegevusse ja kuidas neid maandada_ Ettevalmistused ja õppetunnid,-1,15,2638.6,0.5051740807750111
2387966376,Milliseid riske toob kliima ettevõtete tegevusse ja kuidas neid maandada_ Ettevalmistused ja õppetunnid,0,1,181.8399999999997,0.0348142404487712
2387966376,Milliseid riske toob kliima ettevõtete tegevusse ja kuidas neid maandada_ Ettevalmistused ja õppetunnid,62,1,186.04,0.0356183529096426
2387966376,Milliseid riske toob kliima ettevõtete tegevusse ja kuidas neid maandada_ Ettevalmistused ja õppetunnid,104,10,1793.84,0.3434402611450944
2387966376,Milliseid riske toob kliima ettevõtete tegevusse ja kuidas neid maandada_ Ettevalmistused ja õppetunnid,141,1,183.04,0.0350439868661631
2387966376,Milliseid riske toob kliima ettevõtete tegevusse ja kuidas neid maandada_ Ettevalmistused ja õppetunnid,150,1,84.27000000000044,0.0161339421613395
2387966376,Milliseid riske toob kliima ettevõtete tegevusse ja kuidas neid maandada_ Ettevalmistused ja õppetunnid,182,2,352.2800000000002,0.0674458899323205
2387966379,Elektridefitsiit Eestis_ kui suur on tegelik majandus- ja julgeolekurisk_,-1,5,905.36,0.1633616380912513
2387966379,Elektridefitsiit Eestis_ kui suur on tegelik majandus- ja julgeolekurisk_,80,3,570.5599999999996,0.102950888297853
2387966379,Elektridefitsiit Eestis_ kui suur on tegelik majandus- ja julgeolekurisk_,89,3,479.54,0.0865273923414759
2387966379,Elektridefitsiit Eestis_ kui suur on tegelik majandus- ja julgeolekurisk_,131,5,953.2399999999998,0.1720010248896619
2387966379,Elektridefitsiit Eestis_ kui suur on tegelik majandus- ja julgeolekurisk_,179,2,395.1599999999999,0.0713020068350035
2387966379,Elektridefitsiit Eestis_ kui suur on tegelik majandus- ja julgeolekurisk_,180,1,214.64000000000036,0.0387292811698177
2387966379,Elektridefitsiit Eestis_ kui suur on tegelik majandus- ja julgeolekurisk_,189,4,758.3599999999999,0.1368372049382359
2387966379,Elektridefitsiit Eestis_ kui suur on tegelik majandus- ja julgeolekurisk_,224,1,215.64,0.0389097194905865
2387966379,Elektridefitsiit Eestis_ kui suur on tegelik majandus- ja julgeolekurisk_,281,3,520.1200000000003,0.0938495793982743
2387966379,Elektridefitsiit Eestis_ kui suur on tegelik majandus- ja julgeolekurisk_,362,4,757.4399999999999,0.1366712016831286
2387966382,Miks me pelgame energiat kui majandusarengu mootorit,-1,12,2160.920000000001,0.3855910306885439
2387966382,Miks me pelgame energiat kui majandusarengu mootorit,18,1,62.13599999999951,0.0110874462186768
2387966382,Miks me pelgame energiat kui majandusarengu mootorit,20,2,422.67999999999984,0.0754223279211787
2387966382,Miks me pelgame energiat kui majandusarengu mootorit,53,1,181.15999999999983,0.0323258941189569
2387966382,Miks me pelgame energiat kui majandusarengu mootorit,62,2,366.6399999999999,0.0654226419727003
2387966382,Miks me pelgame energiat kui majandusarengu mootorit,80,1,184.5600000000001,0.0329325845583722
2387966382,Miks me pelgame energiat kui majandusarengu mootorit,87,1,180.0,0.0321189056160977
2387966382,Miks me pelgame energiat kui majandusarengu mootorit,108,3,523.7199999999998,0.0934517402736816
2387966382,Miks me pelgame energiat kui majandusarengu mootorit,131,1,183.4799999999998,0.0327398711246755
2387966382,Miks me pelgame energiat kui majandusarengu mootorit,132,1,200.4400000000005,0.0357661857871702
2387966382,Miks me pelgame energiat kui majandusarengu mootorit,158,2,364.56,0.0650514901744698
2387966382,Miks me pelgame energiat kui majandusarengu mootorit,180,1,182.12000000000037,0.0324971949489095
2387966382,Miks me pelgame energiat kui majandusarengu mootorit,189,2,352.8800000000001,0.0629673300767142
2387966382,Miks me pelgame energiat kui majandusarengu mootorit,200,2,362.2399999999997,0.0646375131687512
2387966382,Miks me pelgame energiat kui majandusarengu mootorit,362,1,184.75999999999988,0.0329682722312789
2393585466,Matemaatikatund ja -ring kui mõtlemise laborid,-1,3,555.0800000000004,0.139769456440643
2393585466,Matemaatikatund ja -ring kui mõtlemise laborid,33,19,3471.0370000000003,0.874009070359876
2393585469,Mida Eesti tegelikult kõrghariduselt ootab_,-1,4,717.1200000000001,0.1310137009726276
2393585469,Mida Eesti tegelikult kõrghariduselt ootab_,56,13,2281.7060000000006,0.4168545677033835
2393585469,Mida Eesti tegelikult kõrghariduselt ootab_,169,8,1404.7999999999995,0.2566488832083156
2393585469,Mida Eesti tegelikult kõrghariduselt ootab_,227,2,363.6000000000004,0.0664276295092138
2393585469,Mida Eesti tegelikult kõrghariduselt ootab_,316,5,904.2399999999996,0.1651994491402956
2393585472,Kas lapsel on päriselt koht Eestis_ Elu asendushooldusel täna ja homme,-1,6,1074.5600000000004,0.192181605321622
2393585472,Kas lapsel on päriselt koht Eestis_ Elu asendushooldusel täna ja homme,19,2,354.6399999999999,0.0634262251630993
2393585472,Kas lapsel on päriselt koht Eestis_ Elu asendushooldusel täna ja homme,43,3,572.8400000000001,0.1024505944688411
2393585472,Kas lapsel on päriselt koht Eestis_ Elu asendushooldusel täna ja homme,70,15,2647.978,0.4735823619866158
2393585472,Kas lapsel on päriselt koht Eestis_ Elu asendushooldusel täna ja homme,105,2,369.8800000000001,0.0661518502236837
2393585472,Kas lapsel on päriselt koht Eestis_ Elu asendushooldusel täna ja homme,249,1,182.52,0.0326431158830613
2393585472,Kas lapsel on päriselt koht Eestis_ Elu asendushooldusel täna ja homme,255,2,367.7600000000005,0.0657726950315289
2393585472,Kas lapsel on päriselt koht Eestis_ Elu asendushooldusel täna ja homme,342,1,200.32,0.0358265887228515
2393585475,Kas internet vajab korrakaitsjat_,-1,17,2958.9600000000005,0.5505729180331165
2393585475,Kas internet vajab korrakaitsjat_,4,1,74.72900000000027,0.0139048056045694
2393585475,Kas internet vajab korrakaitsjat_,19,1,185.4400000000005,0.0345047725957976
2393585475,Kas internet vajab korrakaitsjat_,60,3,519.4799999999996,0.0966595085637666
2393585475,Kas internet vajab korrakaitsjat_,78,2,367.6400000000002,0.0684066792338169
2393585475,Kas internet vajab korrakaitsjat_,159,1,182.8800000000001,0.0340284340612567
2393585475,Kas internet vajab korrakaitsjat_,201,3,553.48,0.1029858797256364
2393585475,Kas internet vajab korrakaitsjat_,277,1,181.72000000000003,0.0338125931627929
2393585475,Kas internet vajab korrakaitsjat_,344,2,353.1999999999998,0.0657198321874228
2393585475,Kas internet vajab korrakaitsjat_,345,1,184.36000000000013,0.0343038172765381
2393585478,Tehisintellekt kõrghariduses_ reeglid alles kujunemas,-1,7,1233.1600000000003,0.2896103496550139
2393585478,Tehisintellekt kõrghariduses_ reeglid alles kujunemas,18,3,531.7600000000002,0.1248850104873254
2393585478,Tehisintellekt kõrghariduses_ reeglid alles kujunemas,32,6,1047.36,0.2459748092823926
2393585478,Tehisintellekt kõrghariduses_ reeglid alles kujunemas,44,1,181.0,0.0425082497709603
2393585478,Tehisintellekt kõrghariduses_ reeglid alles kujunemas,56,2,388.67700000000025,0.0912816519128595
2393585478,Tehisintellekt kõrghariduses_ reeglid alles kujunemas,118,1,181.43999999999983,0.0426115847427792
2393585478,Tehisintellekt kõrghariduses_ reeglid alles kujunemas,139,3,535.4800000000001,0.1257586607036125
2393585478,Tehisintellekt kõrghariduses_ reeglid alles kujunemas,168,1,184.7199999999998,0.0433818999872474
2393585478,Tehisintellekt kõrghariduses_ reeglid alles kujunemas,350,1,183.36000000000013,0.0430625009834436
2393585481,"Ekspert ekraanil, märklaud seljal_ mis on ekspertarvamuse hind_",-1,7,1271.3200000000006,0.2413805542950558
2393585481,"Ekspert ekraanil, märklaud seljal_ mis on ekspertarvamuse hind_",18,17,2962.24,0.5624289188835113
2393585481,"Ekspert ekraanil, märklaud seljal_ mis on ekspertarvamuse hind_",60,1,180.44,0.0342594368192114
2393585481,"Ekspert ekraanil, märklaud seljal_ mis on ekspertarvamuse hind_",160,3,545.0,0.1034770176594448
2393585481,"Ekspert ekraanil, märklaud seljal_ mis on ekspertarvamuse hind_",192,2,363.0,0.0689213897438136
2393585481,"Ekspert ekraanil, märklaud seljal_ mis on ekspertarvamuse hind_",344,1,162.71000000000004,0.0308931110887491
2393585484,Hinded ja heaolu – kas kool hindab õigesti_,-1,9,1628.72,0.3643139140840817
2393585484,Hinded ja heaolu – kas kool hindab õigesti_,24,7,1232.7600000000004,0.2757451377316498
2393585484,Hinded ja heaolu – kas kool hindab õigesti_,198,2,363.0000000000001,0.0811962466308031
2393585484,Hinded ja heaolu – kas kool hindab õigesti_,252,1,180.3599999999999,0.0403431268383791
2393585484,Hinded ja heaolu – kas kool hindab õigesti_,293,1,182.52,0.0408262780580005
2393585484,Hinded ja heaolu – kas kool hindab õigesti_,363,6,1058.1300000000008,0.2366837037119883
2394248493,"Kuidas rääkida vähist ja tervisest nii, et kasvaks teadlikkus, mitte ärevus_",-1,16,3089.177999999999,0.547053642168552
2394248493,"Kuidas rääkida vähist ja tervisest nii, et kasvaks teadlikkus, mitte ärevus_",17,1,215.72000000000003,0.0382012340139027
2394248493,"Kuidas rääkida vähist ja tervisest nii, et kasvaks teadlikkus, mitte ärevus_",97,2,411.0399999999999,0.0727898907337038
2394248493,"Kuidas rääkida vähist ja tervisest nii, et kasvaks teadlikkus, mitte ärevus_",203,4,800.3199999999999,0.1417263656870325
2394248493,"Kuidas rääkida vähist ja tervisest nii, et kasvaks teadlikkus, mitte ärevus_",260,3,581.3599999999997,0.1029513693970076
2394248493,"Kuidas rääkida vähist ja tervisest nii, et kasvaks teadlikkus, mitte ärevus_",287,3,596.7600000000002,0.10567851107981
2394248493,"Kuidas rääkida vähist ja tervisest nii, et kasvaks teadlikkus, mitte ärevus_",349,1,187.72000000000023,0.0332427945906259
2394248496,Surm ei küsi diagnoosi – kas sina oled valmis_,-1,13,2442.319999999999,0.4458720704684966
2394248496,Surm ei küsi diagnoosi – kas sina oled valmis_,4,1,187.16,0.0341680929234841
2394248496,Surm ei küsi diagnoosi – kas sina oled valmis_,17,2,386.0400000000003,0.0704757992743205
2394248496,Surm ei küsi diagnoosi – kas sina oled valmis_,22,1,183.15999999999983,0.0334378494329202
2394248496,Surm ei küsi diagnoosi – kas sina oled valmis_,34,1,182.7199999999998,0.0333575226489582
2394248496,Surm ei küsi diagnoosi – kas sina oled valmis_,109,1,182.2800000000002,0.0332771958649962
2394248496,Surm ei küsi diagnoosi – kas sina oled valmis_,143,1,206.44000000000003,0.0376878665480021
2394248496,Surm ei küsi diagnoosi – kas sina oled valmis_,203,1,188.36,0.0343871659706533
2394248496,Surm ei küsi diagnoosi – kas sina oled valmis_,268,7,1284.7200000000005,0.2345396042993086
2394248496,Surm ei küsi diagnoosi – kas sina oled valmis_,287,3,495.42500000000064,0.0904452203281532
2394248499,Vähipatsiendi infoauk_ kelle vastutus on seda täita_,-1,15,2642.04,0.4503190706045978
2394248499,Vähipatsiendi infoauk_ kelle vastutus on seda täita_,4,1,216.12,0.0368362922359486
2394248499,Vähipatsiendi infoauk_ kelle vastutus on seda täita_,17,1,181.63999999999945,0.0309593934931412
2394248499,Vähipatsiendi infoauk_ kelle vastutus on seda täita_,118,1,182.2800000000002,0.0310684774605252
2394248499,Vähipatsiendi infoauk_ kelle vastutus on seda täita_,177,2,353.1199999999999,0.0601870790040633
2394248499,Vähipatsiendi infoauk_ kelle vastutus on seda täita_,203,1,183.7199999999998,0.0313139163871389
2394248499,Vähipatsiendi infoauk_ kelle vastutus on seda täita_,211,6,1081.64,0.1843587226267419
2394248499,Vähipatsiendi infoauk_ kelle vastutus on seda täita_,214,1,205.92,0.0350977665057678
2394248499,Vähipatsiendi infoauk_ kelle vastutus on seda täita_,260,1,180.1600000000003,0.0307071368185661
2394248499,Vähipatsiendi infoauk_ kelle vastutus on seda täita_,337,5,870.9199999999996,0.1484428263655948
2394248502,Vähitõrje järgmised viis aastat – mida peab Eesti teisiti tegema_,-1,12,2083.9479999999994,0.3618676448218642
2394248502,Vähitõrje järgmised viis aastat – mida peab Eesti teisiti tegema_,3,1,186.8800000000001,0.0324508219323659
2394248502,Vähitõrje järgmised viis aastat – mida peab Eesti teisiti tegema_,17,6,1061.52,0.1843278922177066
2394248502,Vähitõrje järgmised viis aastat – mida peab Eesti teisiti tegema_,88,11,1964.7200000000005,0.3411642704781565
2394248502,Vähitõrje järgmised viis aastat – mida peab Eesti teisiti tegema_,116,1,182.19999999999985,0.0316381622221589
2394248502,Vähitõrje järgmised viis aastat – mida peab Eesti teisiti tegema_,287,1,182.5999999999999,0.0317076203170484
2394248502,Vähitõrje järgmised viis aastat – mida peab Eesti teisiti tegema_,306,1,182.23999999999975,0.0316451080316478
2394248502,Vähitõrje järgmised viis aastat – mida peab Eesti teisiti tegema_,346,1,183.92000000000007,0.0319368320301837
2394248505,Tehisintellekti tulevik vähiravis,-1,7,1235.2399999999998,0.221999207787549
2394248505,Tehisintellekti tulevik vähiravis,3,5,911.7599999999998,0.1638628911728697
2394248505,Tehisintellekti tulevik vähiravis,39,1,184.27999999999972,0.0331190813211112
2394248505,Tehisintellekti tulevik vähiravis,119,4,697.1999999999998,0.1253018422893358
2394248505,Tehisintellekti tulevik vähiravis,177,6,1053.44,0.1893258358308633
2394248505,Tehisintellekti tulevik vähiravis,211,1,181.76,0.0326661830959691
2394248505,Tehisintellekti tulevik vähiravis,260,2,364.6399999999999,0.0655336542920014
2394248505,Tehisintellekti tulevik vähiravis,261,7,1156.2039999999995,0.2077947378977326
2395857120,Muutuv rändemaastik_ milleks peab Eesti Euroopa piiririigina valmis olema_,-1,11,2079.473,0.3806611379929643
2395857120,Muutuv rändemaastik_ milleks peab Eesti Euroopa piiririigina valmis olema_,28,1,180.48,0.0330380448243233
2395857120,Muutuv rändemaastik_ milleks peab Eesti Euroopa piiririigina valmis olema_,55,4,762.7599999999996,0.1396282085006698
2395857120,Muutuv rändemaastik_ milleks peab Eesti Euroopa piiririigina valmis olema_,87,7,1227.5999999999997,0.224720211803742
2395857120,Muutuv rändemaastik_ milleks peab Eesti Euroopa piiririigina valmis olema_,111,1,184.07999999999996,0.033697048378
2395857120,Muutuv rändemaastik_ milleks peab Eesti Euroopa piiririigina valmis olema_,142,4,720.5999999999999,0.1319105446609454
2395857120,Muutuv rändemaastik_ milleks peab Eesti Euroopa piiririigina valmis olema_,183,1,211.67999999999984,0.0387494089561877
2395857120,Muutuv rändemaastik_ milleks peab Eesti Euroopa piiririigina valmis olema_,219,1,180.9199999999996,0.033118589703106
2395857120,Muutuv rändemaastik_ milleks peab Eesti Euroopa piiririigina valmis olema_,263,1,184.96000000000004,0.0338581381355654
2395857123,"Uus elu, uued rollid_ pagulaste identiteet ja kuuluvus Eestis",-1,7,1394.7089999999998,0.2890355575477956
2395857123,"Uus elu, uued rollid_ pagulaste identiteet ja kuuluvus Eestis",11,1,184.87999999999963,0.0383140095026535
2395857123,"Uus elu, uued rollid_ pagulaste identiteet ja kuuluvus Eestis",28,3,628.56,0.1302610007193202
2395857123,"Uus elu, uued rollid_ pagulaste identiteet ja kuuluvus Eestis",29,4,781.6800000000005,0.1619931574428508
2395857123,"Uus elu, uued rollid_ pagulaste identiteet ja kuuluvus Eestis",43,1,222.35999999999967,0.0460812589409889
2395857123,"Uus elu, uued rollid_ pagulaste identiteet ja kuuluvus Eestis",59,1,197.07999999999996,0.040842303076498
2395857123,"Uus elu, uued rollid_ pagulaste identiteet ja kuuluvus Eestis",228,4,897.8000000000004,0.1860575385735741
2395857123,"Uus elu, uued rollid_ pagulaste identiteet ja kuuluvus Eestis",241,1,180.4,0.0373855869443893
2395857123,"Uus elu, uued rollid_ pagulaste identiteet ja kuuluvus Eestis",329,3,586.5199999999998,0.1215487497484658
2395857126,Kuuluvustunne või äärmuslus_ Kuidas ennetada radikaliseerumist,-1,9,1641.64,0.3089126543278989
2395857126,Kuuluvustunne või äärmuslus_ Kuidas ennetada radikaliseerumist,28,1,180.31999999999996,0.0339313916744272
2395857126,Kuuluvustunne või äärmuslus_ Kuidas ennetada radikaliseerumist,29,2,364.0400000000002,0.0685025722335764
2395857126,Kuuluvustunne või äärmuslus_ Kuidas ennetada radikaliseerumist,47,1,182.27999999999972,0.0343002111491492
2395857126,Kuuluvustunne või äärmuslus_ Kuidas ennetada radikaliseerumist,78,1,184.4799999999996,0.0347141921922045
2395857126,Kuuluvustunne või äärmuslus_ Kuidas ennetada radikaliseerumist,142,1,200.04,0.0376421672058142
2395857126,Kuuluvustunne või äärmuslus_ Kuidas ennetada radikaliseerumist,165,3,599.1200000000001,0.1127383284160539
2395857126,Kuuluvustunne või äärmuslus_ Kuidas ennetada radikaliseerumist,183,1,192.79999999999927,0.0362797932277592
2395857126,Kuuluvustunne või äärmuslus_ Kuidas ennetada radikaliseerumist,196,2,308.7329999999997,0.0580952769843663
2395857126,Kuuluvustunne või äärmuslus_ Kuidas ennetada radikaliseerumist,228,1,199.07999999999996,0.0374615209324809
2395857126,Kuuluvustunne või äärmuslus_ Kuidas ennetada radikaliseerumist,308,5,965.9200000000006,0.1817602586854635
2395857126,Kuuluvustunne või äärmuslus_ Kuidas ennetada radikaliseerumist,309,1,180.1199999999999,0.0338937570341494
2395857126,Kuuluvustunne või äärmuslus_ Kuidas ennetada radikaliseerumist,344,1,183.23999999999975,0.0344808574224824
2395857126,Kuuluvustunne või äärmuslus_ Kuidas ennetada radikaliseerumist,354,1,228.15999999999983,0.042933597628867
2395857129,Pagulus ja rahvus,-1,2,350.2399999999998,0.069945222490073
2395857129,Pagulus ja rahvus,11,3,553.9599999999998,0.1106294410992487
2395857129,Pagulus ja rahvus,22,1,183.75999999999976,0.0366980758473498
2395857129,Pagulus ja rahvus,28,16,3147.2670000000003,0.6285298382556672
2395857129,Pagulus ja rahvus,29,2,354.8000000000002,0.0708558843635163
2395857129,Pagulus ja rahvus,219,3,558.4400000000002,0.1115241264485964
2395857132,"Kes vastutab, kui välistöötajad elavad kümnekesi kitsas köögis ega saa palka_",-1,10,1768.4400000000005,0.3285856957715337
2395857132,"Kes vastutab, kui välistöötajad elavad kümnekesi kitsas köögis ega saa palka_",47,2,356.15999999999985,0.0661764500949929
2395857132,"Kes vastutab, kui välistöötajad elavad kümnekesi kitsas köögis ega saa palka_",54,10,1761.5199999999998,0.3272999224262468
2395857132,"Kes vastutab, kui välistöötajad elavad kümnekesi kitsas köögis ega saa palka_",59,1,184.0800000000004,0.034203057427803
2395857132,"Kes vastutab, kui välistöötajad elavad kümnekesi kitsas köögis ega saa palka_",60,1,184.04000000000087,0.0341956252119344
2395857132,"Kes vastutab, kui välistöötajad elavad kümnekesi kitsas köögis ega saa palka_",76,1,180.96000000000004,0.0336233445900436
2395857132,"Kes vastutab, kui välistöötajad elavad kümnekesi kitsas köögis ega saa palka_",77,1,183.76000000000025,0.0341435997008533
2395857132,"Kes vastutab, kui välistöötajad elavad kümnekesi kitsas köögis ega saa palka_",166,3,534.8,0.0993687261646514
2395857132,"Kes vastutab, kui välistöötajad elavad kümnekesi kitsas köögis ega saa palka_",197,1,85.93499999999949,0.0159671867669395
2395857132,"Kes vastutab, kui välistöötajad elavad kümnekesi kitsas köögis ega saa palka_",228,1,181.76000000000025,0.0337719889074178
2395857132,"Kes vastutab, kui välistöötajad elavad kümnekesi kitsas köögis ega saa palka_",239,1,180.1199999999999,0.0334672680568006
2395857135,"Kellel lubame otsustada, kes Eestisse elama tuleb_",-1,8,1419.88,0.2547666015102836
2395857135,"Kellel lubame otsustada, kes Eestisse elama tuleb_",15,2,349.32000000000016,0.0626778806938419
2395857135,"Kellel lubame otsustada, kes Eestisse elama tuleb_",25,1,184.80000000000015,0.0331583429297549
2395857135,"Kellel lubame otsustada, kes Eestisse elama tuleb_",67,16,2775.378,0.4979812526174097
2395857135,"Kellel lubame otsustada, kes Eestisse elama tuleb_",184,4,726.96,0.1304371697847112
2395857135,"Kellel lubame otsustada, kes Eestisse elama tuleb_",239,2,356.3599999999997,0.0639410556625944
2395857138,"Do They Belong Here, Or Do They Just Live Here_",-1,1,181.6000000000004,0.0382211506081709
2395857138,"Do They Belong Here, Or Do They Just Live Here_",11,1,241.44000000000003,0.050815609046458
2395857138,"Do They Belong Here, Or Do They Just Live Here_",41,21,4131.336000000001,0.8695177063268634
2395857138,"Do They Belong Here, Or Do They Just Live Here_",142,1,249.0,0.052406753862525
2395857141,"Kes ütleb meile, et nemad pole meie_",-1,8,1612.96,0.3085472972843721
2395857141,"Kes ütleb meile, et nemad pole meie_",19,2,408.6400000000003,0.0781698043115055
2395857141,"Kes ütleb meile, et nemad pole meie_",29,2,373.4399999999996,0.0714363051147429
2395857141,"Kes ütleb meile, et nemad pole meie_",75,1,117.35400000000028,0.0224489507027516
2395857141,"Kes ütleb meile, et nemad pole meie_",78,1,180.03999999999996,0.0344403180507131
2395857141,"Kes ütleb meile, et nemad pole meie_",183,1,203.7199999999999,0.0389701266012624
2395857141,"Kes ütleb meile, et nemad pole meie_",201,2,372.8,0.07131387785662
2395857141,"Kes ütleb meile, et nemad pole meie_",206,1,181.84000000000012,0.034784644714184
2395857141,"Kes ütleb meile, et nemad pole meie_",277,3,564.0800000000003,0.1079043246281176
2395857141,"Kes ütleb meile, et nemad pole meie_",302,1,186.28,0.0356339838174119
2395857141,"Kes ütleb meile, et nemad pole meie_",313,2,367.7600000000002,0.0703497631989018
2395857141,"Kes ütleb meile, et nemad pole meie_",317,1,180.4799999999996,0.0345244867906726
2395857141,"Kes ütleb meile, et nemad pole meie_",326,4,741.0400000000004,0.1417554614991142
2395857144,Vabatahtlikkus_ lõimumise mootor või lõhede peegel_,-1,6,972.1519999999998,0.2121957693207653
2395857144,Vabatahtlikkus_ lõimumise mootor või lõhede peegel_,51,15,2673.28,0.5835082437826756
2395857144,Vabatahtlikkus_ lõimumise mootor või lõhede peegel_,75,1,184.20000000000027,0.040206120759804
2395857144,Vabatahtlikkus_ lõimumise mootor või lõhede peegel_,90,1,183.15999999999983,0.039979115517729
2395857144,Vabatahtlikkus_ lõimumise mootor või lõhede peegel_,115,1,182.9199999999996,0.0399267296926348
2395857144,Vabatahtlikkus_ lõimumise mootor või lõhede peegel_,228,1,187.07999999999996,0.0408347506609344
2395857144,Vabatahtlikkus_ lõimumise mootor või lõhede peegel_,241,1,183.87999999999963,0.0401362729930116
2395857144,Vabatahtlikkus_ lõimumise mootor või lõhede peegel_,274,1,183.27999999999972,0.0400053084302761
2395991448,Töö ei küsi vanust_,-1,13,2376.1599999999994,0.4545056340749156
2395991448,Töö ei küsi vanust_,6,1,193.3199999999997,0.0369777410525228
2395991448,Töö ei küsi vanust_,14,2,308.3299999999999,0.0589765513072851
2395991448,Töö ei küsi vanust_,43,1,182.6,0.0349272476525484
2395991448,Töö ei küsi vanust_,50,1,181.5999999999999,0.0347359702831478
2395991448,Töö ei küsi vanust_,101,1,183.79999999999973,0.0351567804958291
2395991448,Töö ei küsi vanust_,151,1,183.27999999999972,0.0350573162637408
2395991448,Töö ei küsi vanust_,237,2,376.76,0.0720656616953678
2395991448,Töö ei küsi vanust_,324,4,785.2399999999993,0.1501986415481224
2395991448,Töö ei küsi vanust_,325,4,750.3999999999996,0.1435345379982057
2395991451,Kas lapsed maksavad karjääris kätte_,-1,7,1262.92,0.2276449494408736
2395991451,Kas lapsed maksavad karjääris kätte_,4,1,242.4,0.0436932947015391
2395991451,Kas lapsed maksavad karjääris kätte_,14,11,2090.24,0.3767717504824467
2395991451,Kas lapsed maksavad karjääris kätte_,76,1,180.31999999999996,0.0325031967845772
2395991451,Kas lapsed maksavad karjääris kätte_,106,1,188.88,0.0340461613169418
2395991451,Kas lapsed maksavad karjääris kätte_,130,4,719.1199999999999,0.1296234409478993
2395991451,Kas lapsed maksavad karjääris kätte_,138,4,735.8419999999996,0.1326376293719881
2395991451,Kas lapsed maksavad karjääris kätte_,222,1,181.92000000000007,0.0327916013700659
2395991451,Kas lapsed maksavad karjääris kätte_,352,1,182.6400000000001,0.0329213834335359
2395991454,Kas süsteem hoiab naisi tagasi_,-1,13,2263.1600000000003,0.4540258593883222
2395991454,Kas süsteem hoiab naisi tagasi_,19,3,411.0099999999993,0.0824551372714231
2395991454,Kas süsteem hoiab naisi tagasi_,159,1,182.9600000000005,0.0367046833779704
2395991454,Kas süsteem hoiab naisi tagasi_,187,7,1206.3199999999997,0.2420069613714102
2395991454,Kas süsteem hoiab naisi tagasi_,237,1,181.76,0.0364639443090287
2395991454,Kas süsteem hoiab naisi tagasi_,299,4,719.1199999999999,0.1442668993810999
2395991454,Kas süsteem hoiab naisi tagasi_,324,1,185.55999999999997,0.0372262846940106
2395991457,Paindlikkus või kontroll_,-1,16,2831.3199999999997,0.5294630363059137
2395991457,Paindlikkus või kontroll_,4,1,182.96000000000004,0.0342139204055105
2395991457,Paindlikkus või kontroll_,6,1,182.48,0.0341241593550369
2395991457,Paindlikkus või kontroll_,106,1,181.6800000000003,0.0339745576042476
2395991457,Paindlikkus või kontroll_,220,2,353.7199999999998,0.0661464141114843
2395991457,Paindlikkus või kontroll_,266,4,765.6509999999998,0.1431784126169628
2395991457,Paindlikkus või kontroll_,300,2,367.1599999999999,0.0686597235247443
2395991457,Paindlikkus või kontroll_,327,3,558.2799999999997,0.1043995817883056
2395991457,Paindlikkus või kontroll_,352,1,183.07999999999996,0.0342363606681288
2395991460,Kriis ei vabasta juhtimisest,-1,8,1445.7199999999991,0.2788206111095466
2395991460,Kriis ei vabasta juhtimisest,14,1,184.15999999999983,0.0355169768294926
2395991460,Kriis ei vabasta juhtimisest,106,6,1066.2000000000005,0.2056266327954229
2395991460,Kriis ei vabasta juhtimisest,148,12,2134.6399999999994,0.4116852705218734
2395991460,Kriis ei vabasta juhtimisest,150,1,216.72600000000057,0.0417976342329965
2395991460,Kriis ei vabasta juhtimisest,218,1,180.24000000000024,0.0347609682001942
2395991460,Kriis ei vabasta juhtimisest,352,1,184.4000000000001,0.0355632630721027
2395991463,"Mees, kus su lapsed on_",-1,13,2284.079999999999,0.4142529959744142
2395991463,"Mees, kus su lapsed on_",14,2,368.2000000000003,0.0667787262783175
2395991463,"Mees, kus su lapsed on_",43,4,700.3200000000002,0.127013790296663
2395991463,"Mees, kus su lapsed on_",130,6,1074.2400000000007,0.1948299264454639
2395991463,"Mees, kus su lapsed on_",150,1,200.67999999999984,0.0363964008406646
2395991463,"Mees, kus su lapsed on_",187,2,363.39999999999975,0.0659081725408488
2395991463,"Mees, kus su lapsed on_",199,2,349.1600000000003,0.0633255297863589
2395991463,"Mees, kus su lapsed on_",239,1,64.89199999999983,0.011769161069127
2395991463,"Mees, kus su lapsed on_",299,2,362.04,0.0656615156485661
2395991466,Miks noored mehed surevad_,-1,15,2629.5600000000004,0.4804290163369545
2395991466,Miks noored mehed surevad_,6,5,885.5200000000001,0.1617873342105523
2395991466,Miks noored mehed surevad_,69,2,365.9999999999991,0.066869369772633
2395991466,Miks noored mehed surevad_,76,1,195.79799999999975,0.0357729203900055
2395991466,Miks noored mehed surevad_,77,2,362.48,0.0662262545223608
2395991466,Miks noored mehed surevad_,78,1,181.6800000000003,0.0331935166674645
2395991466,Miks noored mehed surevad_,101,1,181.0,0.0330692784941164
2395991466,Miks noored mehed surevad_,149,2,363.2799999999999,0.0663724170792409
2395991466,Miks noored mehed surevad_,163,1,184.07999999999996,0.0336320043381046
2395991466,Miks noored mehed surevad_,173,1,183.52,0.0335296905482886
2395991466,Miks noored mehed surevad_,193,1,180.84000000000012,0.0330400459827404
2395991469,Kes võidab AI-ajastul_,-1,11,1826.9500000000005,0.3430254281363653
2395991469,Kes võidab AI-ajastul_,30,8,1411.9599999999996,0.2651075199164849
2395991469,Kes võidab AI-ajastul_,39,1,183.5200000000001,0.0344574435926466
2395991469,Kes võidab AI-ajastul_,43,1,182.8800000000001,0.0343372781398388
2395991469,Kes võidab AI-ajastul_,139,2,367.55999999999966,0.0690125216156995
2395991469,Kes võidab AI-ajastul_,152,4,697.7600000000002,0.1310103849237419
2395991469,Kes võidab AI-ajastul_,173,1,180.55999999999997,0.0339016783734103
2395991469,Kes võidab AI-ajastul_,177,1,182.92000000000007,0.0343447884806392
2395991469,Kes võidab AI-ajastul_,184,1,182.84000000000012,0.0343297677990383
2395991469,Kes võidab AI-ajastul_,227,1,180.4000000000001,0.0338716370102084
2395991469,Kes võidab AI-ajastul_,345,1,182.40000000000052,0.034247154050233
2395991472,Kas iga ebamugavus on kiusamine_,-1,11,1947.5600000000004,0.3684690285544767
2395991472,Kas iga ebamugavus on kiusamine_,14,1,182.80000000000015,0.0345848848917406
2395991472,Kas iga ebamugavus on kiusamine_,30,1,185.0,0.0350011143598031
2395991472,Kas iga ebamugavus on kiusamine_,69,1,184.6000000000001,0.0349254362747008
2395991472,Kas iga ebamugavus on kiusamine_,101,8,1458.760000000001,0.2759904085594942
2395991472,Kas iga ebamugavus on kiusamine_,149,1,182.64000000000036,0.0345546136576997
2395991472,Kas iga ebamugavus on kiusamine_,163,1,180.54600000000028,0.0341584388821893
2395991472,Kas iga ebamugavus on kiusamine_,300,2,364.32000000000016,0.0689275999111539
2395991472,Kas iga ebamugavus on kiusamine_,301,2,365.44000000000005,0.0691394985494403
2395991472,Kas iga ebamugavus on kiusamine_,307,1,180.64000000000036,0.0341762232321883
2395991472,Kas iga ebamugavus on kiusamine_,327,1,181.6,0.0343578506364337
2395991472,Kas iga ebamugavus on kiusamine_,328,1,180.4399999999996,0.0341383841896371
2396670915,Pedofiilia uus nägu_ kuidas avatus loob uusi riske,-1,8,1485.774,0.2653938447127684
2396670915,Pedofiilia uus nägu_ kuidas avatus loob uusi riske,39,1,184.23999999999975,0.0329095555245147
2396670915,Pedofiilia uus nägu_ kuidas avatus loob uusi riske,136,4,727.5200000000007,0.1299520182110021
2396670915,Pedofiilia uus nägu_ kuidas avatus loob uusi riske,137,1,180.0,0.032152192761684
2396670915,Pedofiilia uus nägu_ kuidas avatus loob uusi riske,167,2,347.96000000000004,0.0621537610741976
2396670915,Pedofiilia uus nägu_ kuidas avatus loob uusi riske,272,1,183.24000000000024,0.0327309322313943
2396670915,Pedofiilia uus nägu_ kuidas avatus loob uusi riske,278,7,1259.2399999999998,0.2249295956290165
2396670915,Pedofiilia uus nägu_ kuidas avatus loob uusi riske,290,3,580.6800000000001,0.1037229738491926
2396670915,Pedofiilia uus nägu_ kuidas avatus loob uusi riske,333,4,734.8800000000001,0.1312666856483686
2396670915,Pedofiilia uus nägu_ kuidas avatus loob uusi riske,361,1,180.84000000000012,0.0323022363279052
2396670918,Kas töötamine päästab Eestis vaesusest_ Räägime miinimumpalgast,-1,9,1527.9420000000005,0.2945065882930729
2396670918,Kas töötamine päästab Eestis vaesusest_ Räägime miinimumpalgast,76,2,351.60000000000014,0.0677699261122768
2396670918,Kas töötamine päästab Eestis vaesusest_ Räägime miinimumpalgast,77,3,531.7600000000007,0.1024952670917643
2396670918,Kas töötamine päästab Eestis vaesusest_ Räägime miinimumpalgast,208,1,182.19999999999985,0.0351185453289443
2396670918,Kas töötamine päästab Eestis vaesusest_ Räägime miinimumpalgast,218,1,180.32000000000016,0.0347561805363076
2396670918,Kas töötamine päästab Eestis vaesusest_ Räägime miinimumpalgast,236,8,1410.5200000000004,0.271873823037226
2396670918,Kas töötamine päästab Eestis vaesusest_ Räägime miinimumpalgast,286,7,1239.5200000000004,0.2389140466856921
2396670921,Kas Eesti tulevik on parkla või meeldiv elukeskkond_,-1,14,2516.2909999999997,0.4222807200966768
2396670921,Kas Eesti tulevik on parkla või meeldiv elukeskkond_,42,13,2417.48,0.405698385130859
2396670921,Kas Eesti tulevik on parkla või meeldiv elukeskkond_,52,1,181.48,0.0304557402475091
2396670921,Kas Eesti tulevik on parkla või meeldiv elukeskkond_,76,1,181.80000000000015,0.0305094422360434
2396670921,Kas Eesti tulevik on parkla või meeldiv elukeskkond_,100,3,547.4000000000001,0.0918639641364695
2396670921,Kas Eesti tulevik on parkla või meeldiv elukeskkond_,322,1,183.15999999999983,0.0307376756873141
2396670921,Kas Eesti tulevik on parkla või meeldiv elukeskkond_,358,1,193.79999999999973,0.0325232668060792
2396670924,Loodusrahvas või ressursirahvas_ miks keskkond valimiskasti juures kaotab_,-1,17,3001.8430000000008,0.5332246341349471
2396670924,Loodusrahvas või ressursirahvas_ miks keskkond valimiskasti juures kaotab_,87,1,186.04,0.0330467352671227
2396670924,Loodusrahvas või ressursirahvas_ miks keskkond valimiskasti juures kaotab_,172,1,185.79999999999927,0.0330041034865157
2396670924,Loodusrahvas või ressursirahvas_ miks keskkond valimiskasti juures kaotab_,239,1,180.03999999999996,0.0319809407519499
2396670924,Loodusrahvas või ressursirahvas_ miks keskkond valimiskasti juures kaotab_,245,1,180.5599999999995,0.0320733096099315
2396670924,Loodusrahvas või ressursirahvas_ miks keskkond valimiskasti juures kaotab_,254,5,891.8000000000001,0.1584125914385082
2396670924,Loodusrahvas või ressursirahvas_ miks keskkond valimiskasti juures kaotab_,285,2,365.1199999999999,0.0648571488966451
2396670924,Loodusrahvas või ressursirahvas_ miks keskkond valimiskasti juures kaotab_,291,1,185.36000000000013,0.0329259452220698
2396670924,Loodusrahvas või ressursirahvas_ miks keskkond valimiskasti juures kaotab_,334,2,351.67999999999984,0.0624697691826581
2396670924,Loodusrahvas või ressursirahvas_ miks keskkond valimiskasti juures kaotab_,338,2,364.6399999999999,0.0647718853354312
2396670927,Kodude kättesaadavus_ kas Eestil on plaan_,-1,12,2122.08,0.4097865386141666
2396670927,Kodude kättesaadavus_ kas Eestil on plaan_,42,1,223.35999999999967,0.0431321728044466
2396670927,Kodude kättesaadavus_ kas Eestil on plaan_,52,4,760.7599999999998,0.1469073772506754
2396670927,Kodude kättesaadavus_ kas Eestil on plaan_,100,3,570.44,0.1101554291483192
2396670927,Kodude kättesaadavus_ kas Eestil on plaan_,188,1,185.8800000000001,0.0358945571314942
2396670927,Kodude kättesaadavus_ kas Eestil on plaan_,214,1,224.30099999999948,0.0433138856205684
2396670927,Kodude kättesaadavus_ kas Eestil on plaan_,256,1,182.5200000000002,0.0352457207211122
2396670927,Kodude kättesaadavus_ kas Eestil on plaan_,285,1,182.24,0.0351916510202469
2396670927,Kodude kättesaadavus_ kas Eestil on plaan_,321,5,904.88,0.1747378247102781
2396670930,ÜRO kõnnib Rahvasteliidu teed,-1,10,1851.000000000001,0.3419918930738606
2396670930,ÜRO kõnnib Rahvasteliidu teed,37,10,1823.809,0.3369680672691218
2396670930,ÜRO kõnnib Rahvasteliidu teed,87,4,719.1999999999998,0.132879832252145
2396670930,ÜRO kõnnib Rahvasteliidu teed,111,3,597.7200000000003,0.1104351130891993
2396670930,ÜRO kõnnib Rahvasteliidu teed,129,3,607.32,0.1122088149657574
2396670933,"Kui pole mugav, siis ei kaasa_!",-1,14,2526.0,0.5246347806690153
2396670933,"Kui pole mugav, siis ei kaasa_!",140,1,185.72000000000023,0.038572910319022
2396670933,"Kui pole mugav, siis ei kaasa_!",209,2,318.9380000000001,0.0662414757232836
2396670933,"Kui pole mugav, siis ei kaasa_!",221,5,870.2799999999997,0.1807518435948655
2396670933,"Kui pole mugav, siis ei kaasa_!",262,3,528.2799999999999,0.1097205312477542
2396670933,"Kui pole mugav, siis ei kaasa_!",265,3,534.44,0.1109999256455853
2396670936,"Kas Eesti on valmis järgmiseks kriisiks, mis ei tule tankiga_ Keemilised, bioloogilised, radioloogilised ja tuumariskid",-1,2,400.8000000000002,0.0897607566778039
2396670936,"Kas Eesti on valmis järgmiseks kriisiks, mis ei tule tankiga_ Keemilised, bioloogilised, radioloogilised ja tuumariskid",45,20,3919.723,0.8778375809565658
2396670936,"Kas Eesti on valmis järgmiseks kriisiks, mis ei tule tankiga_ Keemilised, bioloogilised, radioloogilised ja tuumariskid",97,1,202.3199999999997,0.0453103699876578
2396692734,Kas rohereform vajab ebapopulaarseid otsuseid_,-1,14,2516.279999999999,0.4778559492997319
2396692734,Kas rohereform vajab ebapopulaarseid otsuseid_,29,1,94.41100000000006,0.0179291883372824
2396692734,Kas rohereform vajab ebapopulaarseid otsuseid_,47,1,182.39999999999964,0.034638802181105
2396692734,Kas rohereform vajab ebapopulaarseid otsuseid_,64,1,180.96,0.0343653379533595
2396692734,Kas rohereform vajab ebapopulaarseid otsuseid_,66,3,529.8800000000001,0.10062723958182
2396692734,Kas rohereform vajab ebapopulaarseid otsuseid_,86,1,186.96000000000004,0.0355047722356327
2396692734,Kas rohereform vajab ebapopulaarseid otsuseid_,99,1,181.5999999999999,0.0344868776101353
2396692734,Kas rohereform vajab ebapopulaarseid otsuseid_,104,1,186.36000000000013,0.0353908288074054
2396692734,Kas rohereform vajab ebapopulaarseid otsuseid_,111,2,367.1599999999999,0.0697257818465709
2396692734,Kas rohereform vajab ebapopulaarseid otsuseid_,189,1,207.76,0.0394548110808464
2396692734,Kas rohereform vajab ebapopulaarseid otsuseid_,200,1,180.7599999999993,0.0343273568106169
2396692734,Kas rohereform vajab ebapopulaarseid otsuseid_,224,1,182.12,0.0345856285812656
2396692734,Kas rohereform vajab ebapopulaarseid otsuseid_,244,1,182.91999999999985,0.0347375531522354
2396692734,Kas rohereform vajab ebapopulaarseid otsuseid_,285,1,182.92000000000007,0.0347375531522354
2396692734,Kas rohereform vajab ebapopulaarseid otsuseid_,294,1,181.96000000000004,0.0345552436670717
2396692737,Keskkonnahoid vastutuules_ kas keskkonnaprojektid on vaid kulu või ka väärtus inimestele ja ettevõtetele_,-1,15,2571.9410000000007,0.4559838707075235
2396692737,Keskkonnahoid vastutuules_ kas keskkonnaprojektid on vaid kulu või ka väärtus inimestele ja ettevõtetele_,7,3,547.2,0.0970140349452638
2396692737,Keskkonnahoid vastutuules_ kas keskkonnaprojektid on vaid kulu või ka väärtus inimestele ja ettevõtetele_,20,3,546.48,0.0968863848992832
2396692737,Keskkonnahoid vastutuules_ kas keskkonnaprojektid on vaid kulu või ka väärtus inimestele ja ettevõtetele_,52,1,181.48,0.0321749032563349
2396692737,Keskkonnahoid vastutuules_ kas keskkonnaprojektid on vaid kulu või ka väärtus inimestele ja ettevõtetele_,160,2,380.8000000000002,0.0675126909853005
2396692737,Keskkonnahoid vastutuules_ kas keskkonnaprojektid on vaid kulu või ka väärtus inimestele ja ettevõtetele_,178,5,888.1599999999999,0.1574634233863039
2396692737,Keskkonnahoid vastutuules_ kas keskkonnaprojektid on vaid kulu või ka väärtus inimestele ja ettevõtetele_,214,1,181.1199999999999,0.0321110782333446
2396692737,Keskkonnahoid vastutuules_ kas keskkonnaprojektid on vaid kulu või ka väärtus inimestele ja ettevõtetele_,223,1,181.48,0.0321749032563349
2396692737,Keskkonnahoid vastutuules_ kas keskkonnaprojektid on vaid kulu või ka väärtus inimestele ja ettevõtetele_,245,1,199.0,0.0352810543751964
2396692737,Keskkonnahoid vastutuules_ kas keskkonnaprojektid on vaid kulu või ka väärtus inimestele ja ettevõtetele_,284,1,180.52,0.0320047031950274
2396692740,Kas tööstus julgeb investeerida_ Energiamajanduslikud otsused ebakindla poliitika ja turu tingimustes,-1,12,2185.32,0.4278562762219381
2396692740,Kas tööstus julgeb investeerida_ Energiamajanduslikud otsused ebakindla poliitika ja turu tingimustes,0,4,620.3629999999998,0.1214587351444503
2396692740,Kas tööstus julgeb investeerida_ Energiamajanduslikud otsused ebakindla poliitika ja turu tingimustes,20,4,715.6000000000001,0.1401048593635801
2396692740,Kas tööstus julgeb investeerida_ Energiamajanduslikud otsused ebakindla poliitika ja turu tingimustes,62,1,183.15999999999983,0.0358602655688
2396692740,Kas tööstus julgeb investeerida_ Energiamajanduslikud otsused ebakindla poliitika ja turu tingimustes,80,1,183.55999999999997,0.0359385801911385
2396692740,Kas tööstus julgeb investeerida_ Energiamajanduslikud otsused ebakindla poliitika ja turu tingimustes,158,1,181.96000000000004,0.0356253217017845
2396692740,Kas tööstus julgeb investeerida_ Energiamajanduslikud otsused ebakindla poliitika ja turu tingimustes,223,3,548.3200000000002,0.1073536843016186
2396692740,Kas tööstus julgeb investeerida_ Energiamajanduslikud otsused ebakindla poliitika ja turu tingimustes,281,1,182.52,0.0357349621730584
2396692740,Kas tööstus julgeb investeerida_ Energiamajanduslikud otsused ebakindla poliitika ja turu tingimustes,282,2,378.6400000000001,0.074132621505626
2396692740,Kas tööstus julgeb investeerida_ Energiamajanduslikud otsused ebakindla poliitika ja turu tingimustes,362,1,182.6800000000001,0.0357662880219938
2396692743,Järgmise põlvkonna õpilasmalev,-1,16,2921.7200000000007,0.5514039028115048
2396692743,Järgmise põlvkonna õpilasmalev,4,1,122.21299999999974,0.0230647444567933
2396692743,Järgmise põlvkonna õpilasmalev,14,2,357.3599999999997,0.0674430468041835
2396692743,Järgmise põlvkonna õpilasmalev,109,1,185.04,0.0349218193996141
2396692743,Järgmise põlvkonna õpilasmalev,218,3,613.7199999999998,0.1158247892451968
2396692743,Järgmise põlvkonna õpilasmalev,323,6,1126.64,0.2126260192843782
2396692743,Järgmise põlvkonna õpilasmalev,324,1,181.72000000000003,0.0342952497908446
2396692746,Kuidas hoida kokkuleppeid ruumis_,-1,14,2507.277,0.4068381169256951
2396692746,Kuidas hoida kokkuleppeid ruumis_,19,1,181.96000000000004,0.0295253630754796
2396692746,Kuidas hoida kokkuleppeid ruumis_,42,5,912.7999999999996,0.1481136041728833
2396692746,Kuidas hoida kokkuleppeid ruumis_,47,1,183.92000000000007,0.0298433984218631
2396692746,Kuidas hoida kokkuleppeid ruumis_,64,1,184.84000000000012,0.0299926803191452
2396692746,Kuidas hoida kokkuleppeid ruumis_,66,1,182.0,0.0295318535927528
2396692746,Kuidas hoida kokkuleppeid ruumis_,99,2,368.7199999999999,0.0598295882237352
2396692746,Kuidas hoida kokkuleppeid ruumis_,128,7,1239.08,0.201056753569825
2396692746,Kuidas hoida kokkuleppeid ruumis_,188,2,368.3200000000001,0.0597646830510039
2396692746,Kuidas hoida kokkuleppeid ruumis_,214,1,184.0,0.0298563794564094
2396692746,Kuidas hoida kokkuleppeid ruumis_,354,1,182.84000000000012,0.0296681544554886
2396692749,"Kas elekter saab olla korraga odav, roheline ja kindel ning hoida Eesti majanduse konkurentsivõimelisena_",-1,7,1247.8000000000006,0.2206399690771616
2396692749,"Kas elekter saab olla korraga odav, roheline ja kindel ning hoida Eesti majanduse konkurentsivõimelisena_",62,11,1924.5200000000004,0.3402997541980919
2396692749,"Kas elekter saab olla korraga odav, roheline ja kindel ning hoida Eesti majanduse konkurentsivõimelisena_",66,1,182.6,0.032287913410394
2396692749,"Kas elekter saab olla korraga odav, roheline ja kindel ning hoida Eesti majanduse konkurentsivõimelisena_",86,1,180.35999999999967,0.0318918294780868
2396692749,"Kas elekter saab olla korraga odav, roheline ja kindel ning hoida Eesti majanduse konkurentsivõimelisena_",128,2,350.0799999999999,0.0619022602777149
2396692749,"Kas elekter saab olla korraga odav, roheline ja kindel ning hoida Eesti majanduse konkurentsivõimelisena_",131,1,180.80000000000007,0.0319696316790758
2396692749,"Kas elekter saab olla korraga odav, roheline ja kindel ning hoida Eesti majanduse konkurentsivõimelisena_",179,2,349.6400000000003,0.0618244580767261
2396692749,"Kas elekter saab olla korraga odav, roheline ja kindel ning hoida Eesti majanduse konkurentsivõimelisena_",182,1,181.9199999999996,0.0321676736452293
2396692749,"Kas elekter saab olla korraga odav, roheline ja kindel ning hoida Eesti majanduse konkurentsivõimelisena_",189,1,182.43999999999983,0.0322596217009435
2396692749,"Kas elekter saab olla korraga odav, roheline ja kindel ning hoida Eesti majanduse konkurentsivõimelisena_",200,2,367.1599999999996,0.0649224002615567
2396692749,"Kas elekter saab olla korraga odav, roheline ja kindel ning hoida Eesti majanduse konkurentsivõimelisena_",224,2,349.68000000000006,0.0618315310040886
2396692749,"Kas elekter saab olla korraga odav, roheline ja kindel ning hoida Eesti majanduse konkurentsivõimelisena_",250,1,181.96000000000004,0.032174746572592
2396692749,"Kas elekter saab olla korraga odav, roheline ja kindel ning hoida Eesti majanduse konkurentsivõimelisena_",292,1,213.8070000000007,0.037806034515532
2396692752,Tuleviku Eesti edulugu_ majanduskasv või tasaareng_,-1,10,2089.28,0.4091505047112586
2396692752,Tuleviku Eesti edulugu_ majanduskasv või tasaareng_,0,4,757.7199999999998,0.1483867745969016
2396692752,Tuleviku Eesti edulugu_ majanduskasv või tasaareng_,7,1,225.83999999999992,0.044226982493486
2396692752,Tuleviku Eesti edulugu_ majanduskasv või tasaareng_,18,1,242.5600000000004,0.0475013145307297
2396692752,Tuleviku Eesti edulugu_ majanduskasv või tasaareng_,59,1,216.92000000000007,0.0424801498516073
2396692752,Tuleviku Eesti edulugu_ majanduskasv või tasaareng_,76,2,407.8399999999999,0.0798686350519986
2396692752,Tuleviku Eesti edulugu_ majanduskasv või tasaareng_,94,5,923.5849999999998,0.180868657572823
2396692752,Tuleviku Eesti edulugu_ majanduskasv või tasaareng_,108,1,216.88,0.0424723165213747
2396692752,Tuleviku Eesti edulugu_ majanduskasv või tasaareng_,325,1,181.88,0.0356181525678146
2396692755,Tehisintellekti nähtamatu jalajälg_ kas digiareng tuleb keskkonna arvelt_,-1,9,1610.6400000000008,0.3060427597964125
2396692755,Tehisintellekti nähtamatu jalajälg_ kas digiareng tuleb keskkonna arvelt_,7,2,366.6399999999999,0.0696664167360531
2396692755,Tehisintellekti nähtamatu jalajälg_ kas digiareng tuleb keskkonna arvelt_,15,1,183.96000000000004,0.0349548167760319
2396692755,Tehisintellekti nähtamatu jalajälg_ kas digiareng tuleb keskkonna arvelt_,30,1,183.15999999999983,0.0348028062660252
2396692755,Tehisintellekti nähtamatu jalajälg_ kas digiareng tuleb keskkonna arvelt_,66,2,368.72000000000025,0.0700616440620705
2396692755,Tehisintellekti nähtamatu jalajälg_ kas digiareng tuleb keskkonna arvelt_,80,1,183.0,0.0347724041640239
2396692755,Tehisintellekti nähtamatu jalajälg_ kas digiareng tuleb keskkonna arvelt_,98,3,533.7599999999998,0.1014214122764447
2396692755,Tehisintellekti nähtamatu jalajälg_ kas digiareng tuleb keskkonna arvelt_,179,1,184.52,0.0350612241330365
2396692755,Tehisintellekti nähtamatu jalajälg_ kas digiareng tuleb keskkonna arvelt_,184,1,181.9599999999996,0.0345747905010151
2396692755,Tehisintellekti nähtamatu jalajälg_ kas digiareng tuleb keskkonna arvelt_,190,8,1407.954,0.2675297570073995
2396692755,Tehisintellekti nähtamatu jalajälg_ kas digiareng tuleb keskkonna arvelt_,214,1,180.48000000000047,0.034293571057503
2396692755,Tehisintellekti nähtamatu jalajälg_ kas digiareng tuleb keskkonna arvelt_,250,1,184.7199999999998,0.0350992267605381
2397177237,Kas sotsiaalmeediasse mahub sisukas poliitiline diskussioon_,-1,6,1081.6000000000004,0.2028969466973438
2397177237,Kas sotsiaalmeediasse mahub sisukas poliitiline diskussioon_,4,3,558.9850000000008,0.1048597908188007
2397177237,Kas sotsiaalmeediasse mahub sisukas poliitiline diskussioon_,78,7,1262.0400000000004,0.2367456200165642
2397177237,Kas sotsiaalmeediasse mahub sisukas poliitiline diskussioon_,157,11,1974.16,0.3703319492344935
2397177237,Kas sotsiaalmeediasse mahub sisukas poliitiline diskussioon_,201,1,181.6000000000004,0.0340662772931191
2397177237,Kas sotsiaalmeediasse mahub sisukas poliitiline diskussioon_,206,2,354.4000000000001,0.0664817658187302
2397177237,Kas sotsiaalmeediasse mahub sisukas poliitiline diskussioon_,277,1,183.52,0.0344264493878481
2397177240,Kultuur on majandusharu,-1,2,373.1999999999998,0.0668459973541021
2397177240,Kultuur on majandusharu,0,1,182.63999999999987,0.0327137003128435
2397177240,Kultuur on majandusharu,49,3,531.2800000000002,0.0951606148828708
2397177240,Kultuur on majandusharu,83,15,2864.12,0.513008997700512
2397177240,Kultuur on majandusharu,103,1,181.1600000000003,0.0324486090050084
2397177240,Kultuur on majandusharu,223,1,202.96000000000004,0.0363533323231205
2397177240,Kultuur on majandusharu,235,8,1455.461999999999,0.2606961655975246
2397177243,Kultuuriretsept – ravi positiivsete kõrvaltoimetega,-1,5,832.9090000000006,0.1602392423568786
2397177243,Kultuuriretsept – ravi positiivsete kõrvaltoimetega,14,1,180.6800000000003,0.034760131429773
2397177243,Kultuuriretsept – ravi positiivsete kõrvaltoimetega,19,1,184.6000000000001,0.0355142808386988
2397177243,Kultuuriretsept – ravi positiivsete kõrvaltoimetega,48,1,185.8800000000001,0.0357605337069194
2397177243,Kultuuriretsept – ravi positiivsete kõrvaltoimetega,103,2,391.2000000000002,0.0752610328499402
2397177243,Kultuuriretsept – ravi positiivsete kõrvaltoimetega,123,1,183.07999999999996,0.0352218555576867
2397177243,Kultuuriretsept – ravi positiivsete kõrvaltoimetega,134,7,1245.08,0.2395347821595183
2397177243,Kultuuriretsept – ravi positiivsete kõrvaltoimetega,171,10,1865.1200000000003,0.3588212106060341
2397177243,Kultuuriretsept – ravi positiivsete kõrvaltoimetega,207,1,181.6,0.0349371256788066
2397177243,Kultuuriretsept – ravi positiivsete kõrvaltoimetega,294,1,186.1199999999999,0.0358067061197108
2397177246,Reklaamide vastutamatusest ja vastutusest,-1,4,718.2399999999998,0.1458284858518511
2397177246,Reklaamide vastutamatusest ja vastutusest,40,1,180.07999999999993,0.0365627001172328
2397177246,Reklaamide vastutamatusest ja vastutusest,68,17,2914.3980000000006,0.591727343937491
2397177246,Reklaamide vastutamatusest ja vastutusest,178,1,181.75999999999976,0.0369038003848747
2397177246,Reklaamide vastutamatusest ja vastutusest,285,1,182.88,0.0371312005633027
2397177246,Reklaamide vastutamatusest ja vastutusest,351,5,913.7199999999998,0.185517938422468
2397177249,AI ajastu ettevõtlus – kas miljon mikroettevõtjat või paar suurt võitjat_,-1,6,1123.5720000000006,0.1979635115049338
2397177249,AI ajastu ettevõtlus – kas miljon mikroettevõtjat või paar suurt võitjat_,30,9,1613.8400000000004,0.2843444242176934
2397177249,AI ajastu ettevõtlus – kas miljon mikroettevõtjat või paar suurt võitjat_,39,9,1624.7200000000005,0.2862613845951091
2397177249,AI ajastu ettevõtlus – kas miljon mikroettevõtjat või paar suurt võitjat_,85,2,364.72,0.0642604585341032
2397177249,AI ajastu ettevõtlus – kas miljon mikroettevõtjat või paar suurt võitjat_,98,2,366.59999999999945,0.064591698011083
2397177249,AI ajastu ettevõtlus – kas miljon mikroettevõtjat või paar suurt võitjat_,139,1,180.2400000000007,0.0317567038993935
2397177249,AI ajastu ettevõtlus – kas miljon mikroettevõtjat või paar suurt võitjat_,152,1,184.4399999999996,0.0324967069862633
2397177249,AI ajastu ettevõtlus – kas miljon mikroettevõtjat või paar suurt võitjat_,190,2,366.5199999999995,0.0645776027141902
2397177249,AI ajastu ettevõtlus – kas miljon mikroettevõtjat või paar suurt võitjat_,208,1,180.44000000000003,0.0317919421416253
2397177252,Tehisintellekt kultuuris – kas loovisik on järgmine väljasureja_,-1,14,2501.042,0.4272245967911376
2397177252,Tehisintellekt kultuuris – kas loovisik on järgmine väljasureja_,15,1,188.6800000000001,0.0322300612794794
2397177252,Tehisintellekt kultuuris – kas loovisik on järgmine väljasureja_,39,4,776.04,0.1325620985548401
2397177252,Tehisintellekt kultuuris – kas loovisik on järgmine väljasureja_,73,4,722.04,0.1233378919134796
2397177252,Tehisintellekt kultuuris – kas loovisik on järgmine väljasureja_,98,5,929.0800000000004,0.1587041834510217
2397177252,Tehisintellekt kultuuris – kas loovisik on järgmine väljasureja_,127,1,180.1199999999999,0.0307678537081823
2397177252,Tehisintellekt kultuuris – kas loovisik on järgmine väljasureja_,152,2,428.48000000000025,0.0731923715127801
2397177252,Tehisintellekt kultuuris – kas loovisik on järgmine väljasureja_,227,1,183.44000000000003,0.0313349715979844
2397177252,Tehisintellekt kultuuris – kas loovisik on järgmine väljasureja_,303,1,185.07999999999996,0.0316151141700554
2397177255,Vabakutseliste loovisikute toimetulek,-1,10,1876.6800000000003,0.3396197528442349
2397177255,Vabakutseliste loovisikute toimetulek,19,2,363.9200000000005,0.0658580154608532
2397177255,Vabakutseliste loovisikute toimetulek,83,1,184.79999999999973,0.0334429579500045
2397177255,Vabakutseliste loovisikute toimetulek,84,1,188.55999999999997,0.0341233990857838
2397177255,Vabakutseliste loovisikute toimetulek,103,4,727.3469999999998,0.1316268135068289
2397177255,Vabakutseliste loovisikute toimetulek,166,7,1314.9600000000005,0.2379661904000976
2397177255,Vabakutseliste loovisikute toimetulek,239,1,194.84000000000012,0.0352598805572451
2397177255,Vabakutseliste loovisikute toimetulek,246,5,894.8400000000001,0.1619377515799897
2397177258,Kas tänavakunst peaks olema legaalne_,-1,6,1092.7999999999995,0.2166021762493176
2397177258,Kas tänavakunst peaks olema legaalne_,35,1,99.11399999999958,0.0196452306888495
2397177258,Kas tänavakunst peaks olema legaalne_,146,12,2177.5200000000004,0.4316028283550643
2397177258,Kas tänavakunst peaks olema legaalne_,152,1,200.67999999999984,0.0397764684569116
2397177258,Kas tänavakunst peaks olema legaalne_,196,1,183.48000000000047,0.0363672833988148
2397177258,Kas tänavakunst peaks olema legaalne_,232,8,1469.239999999999,0.2912157589975726
2397264564,Küberturvalisus vs ettevõtlusvõime_ kus on tasakaal_,-1,4,933.4000000000004,0.1739897772151682
2397264564,Küberturvalisus vs ettevõtlusvõime_ kus on tasakaal_,3,4,999.003,0.1862184587607506
2397264564,Küberturvalisus vs ettevõtlusvõime_ kus on tasakaal_,25,3,755.04,0.1407427055801806
2397264564,Küberturvalisus vs ettevõtlusvõime_ kus on tasakaal_,43,1,261.9200000000001,0.0488230152648348
2397264564,Küberturvalisus vs ettevõtlusvõime_ kus on tasakaal_,85,1,273.6399999999999,0.0510076737059766
2397264564,Küberturvalisus vs ettevõtlusvõime_ kus on tasakaal_,125,7,1480.6,0.2759902122828133
2397264564,Küberturvalisus vs ettevõtlusvõime_ kus on tasakaal_,159,1,293.31999999999994,0.0546761104057779
2397264564,Küberturvalisus vs ettevõtlusvõime_ kus on tasakaal_,205,1,248.79999999999973,0.0463773907983006
2397264564,Küberturvalisus vs ettevõtlusvõime_ kus on tasakaal_,284,1,243.27999999999972,0.0453484390410392
2397264567,Teadmussiirdedoktorantuur – Eesti majanduse kasutamata potentsiaal_,0,1,182.64000000000036,0.0340058854908036
2397264567,Teadmussiirdedoktorantuur – Eesti majanduse kasutamata potentsiaal_,8,28,4866.155000000001,0.9060332331937214
2397264567,Teadmussiirdedoktorantuur – Eesti majanduse kasutamata potentsiaal_,59,2,355.3199999999997,0.0661573107347367
2397264570,"Miljon sensorit, üks planeet_ kuidas tehisintellekt asjades (AIoT) muudab teadust_",-1,13,2621.52,0.521656385182644
2397264570,"Miljon sensorit, üks planeet_ kuidas tehisintellekt asjades (AIoT) muudab teadust_",85,1,220.48,0.0438733253246472
2397264570,"Miljon sensorit, üks planeet_ kuidas tehisintellekt asjades (AIoT) muudab teadust_",118,1,289.52,0.0576115980950284
2397264570,"Miljon sensorit, üks planeet_ kuidas tehisintellekt asjades (AIoT) muudab teadust_",168,9,1686.8800000000008,0.3356723286631034
2397264570,"Miljon sensorit, üks planeet_ kuidas tehisintellekt asjades (AIoT) muudab teadust_",199,1,141.0569999999998,0.0280689389074689
2397264570,"Miljon sensorit, üks planeet_ kuidas tehisintellekt asjades (AIoT) muudab teadust_",250,1,197.35999999999967,0.0392726754629552
2397264573,Kas oleme tehisaru nimel valmis ohverdama oma inimõigused_,-1,9,1770.7979999999998,0.3435562183008498
2397264573,Kas oleme tehisaru nimel valmis ohverdama oma inimõigused_,15,2,435.56,0.0845039052693295
2397264573,Kas oleme tehisaru nimel valmis ohverdama oma inimõigused_,67,2,363.8000000000002,0.0705815977981956
2397264573,Kas oleme tehisaru nimel valmis ohverdama oma inimõigused_,73,2,369.6399999999997,0.0717146283950659
2397264573,Kas oleme tehisaru nimel valmis ohverdama oma inimõigused_,85,4,916.0400000000002,0.1777228335543131
2397264573,Kas oleme tehisaru nimel valmis ohverdama oma inimõigused_,118,1,185.2800000000002,0.0359465597582454
2397264573,Kas oleme tehisaru nimel valmis ohverdama oma inimõigused_,192,2,439.84000000000015,0.0853342770081318
2397264573,Kas oleme tehisaru nimel valmis ohverdama oma inimõigused_,202,1,198.15999999999983,0.0384454354581925
2397264573,Kas oleme tehisaru nimel valmis ohverdama oma inimõigused_,272,1,209.96000000000004,0.040734778102554
2397264573,Kas oleme tehisaru nimel valmis ohverdama oma inimõigused_,275,1,255.63999999999987,0.049597250305472
2397264573,Kas oleme tehisaru nimel valmis ohverdama oma inimõigused_,279,1,207.4000000000001,0.0402381071559806
2397264576,Kas linnud ja loomad keedavad meile uut superhaigust_,-1,17,4087.88,0.7386571332287112
2397264576,Kas linnud ja loomad keedavad meile uut superhaigust_,155,1,241.52,0.0436413179490098
2397264576,Kas linnud ja loomad keedavad meile uut superhaigust_,247,1,240.72000000000023,0.0434967624076087
2397264576,Kas linnud ja loomad keedavad meile uut superhaigust_,274,1,253.67999999999984,0.0458385621783074
2397264576,Kas linnud ja loomad keedavad meile uut superhaigust_,311,2,539.8399999999999,0.0975460793375019
2397264576,Kas linnud ja loomad keedavad meile uut superhaigust_,360,1,221.6049999999996,0.0400427884402546
2397264579,Elu võimalikkusest pealinnast eemal,-1,13,2297.6799999999994,0.4105353247129157
2397264579,Elu võimalikkusest pealinnast eemal,27,1,185.07999999999996,0.0330689555977622
2397264579,Elu võimalikkusest pealinnast eemal,42,1,183.7199999999999,0.032825959165879
2397264579,Elu võimalikkusest pealinnast eemal,91,1,181.20000000000005,0.032375701071507
2397264579,Elu võimalikkusest pealinnast eemal,100,5,876.7499999999998,0.1566522953335751
2397264579,Elu võimalikkusest pealinnast eemal,112,4,700.6800000000003,0.1251931910970396
2397264579,Elu võimalikkusest pealinnast eemal,115,2,365.44000000000005,0.065294570637812
2397264579,Elu võimalikkusest pealinnast eemal,151,1,181.48,0.0324257297486595
2397264579,Elu võimalikkusest pealinnast eemal,320,5,883.8799999999997,0.1579262398624925
2397264582,Kes vastutab Eesti toidujulgeoleku eest_,-1,11,1999.548000000001,0.3768190339643465
2397264582,Kes vastutab Eesti toidujulgeoleku eest_,0,1,184.72000000000023,0.034810873234298
2397264582,Kes vastutab Eesti toidujulgeoleku eest_,12,1,181.9199999999992,0.0342832073342543
2397264582,Kes vastutab Eesti toidujulgeoleku eest_,120,10,1774.6,0.3344271093632807
2397264582,Kes vastutab Eesti toidujulgeoleku eest_,141,1,183.07999999999996,0.0345018117785582
2397264582,Kes vastutab Eesti toidujulgeoleku eest_,298,7,1300.0400000000009,0.2449952773901947
2397264585,Toiduraiskamine või toiduohutus – kas peame valima_,12,28,4846.924,0.968260842813662
2397264585,Toiduraiskamine või toiduohutus – kas peame valima_,44,1,181.96000000000004,0.0363498051461863
2397264588,Mille taha jääb majanduskasv_,-1,10,1788.5600000000009,0.3410966370544582
2397264588,Mille taha jääb majanduskasv_,112,4,707.7999999999997,0.1349846802495556
2397264588,Mille taha jääb majanduskasv_,182,2,361.9600000000005,0.0690294643446302
2397264588,Mille taha jääb majanduskasv_,256,6,1061.1200000000003,0.2023664084577686
2397264588,Mille taha jääb majanduskasv_,284,2,355.44000000000005,0.0677860338342781
2397264588,Mille taha jääb majanduskasv_,292,1,180.07999999999993,0.0343430929914382
2397264588,Mille taha jääb majanduskasv_,320,1,182.72000000000023,0.0348465679220102
2397264588,Mille taha jääb majanduskasv_,322,5,893.8779999999997,0.1704716530264373
2397829623,Noorte julm vägivald – kas sinu kodukant on järgmine_,-1,12,2287.5599999999995,0.4284301606922125
2397829623,Noorte julm vägivald – kas sinu kodukant on järgmine_,1,1,180.4000000000001,0.0337865677791512
2397829623,Noorte julm vägivald – kas sinu kodukant on järgmine_,70,2,370.8800000000001,0.0694609881260066
2397829623,Noorte julm vägivald – kas sinu kodukant on järgmine_,72,1,202.52000000000044,0.03792935535828
2397829623,Noorte julm vägivald – kas sinu kodukant on järgmine_,109,2,365.67999999999984,0.0684870959283814
2397829623,Noorte julm vägivald – kas sinu kodukant on järgmine_,115,3,547.3199999999993,0.1025058995392739
2397829623,Noorte julm vägivald – kas sinu kodukant on järgmine_,149,1,183.92000000000007,0.034445817882159
2397829623,Noorte julm vägivald – kas sinu kodukant on järgmine_,194,1,184.1199999999999,0.0344832752743753
2397829623,Noorte julm vägivald – kas sinu kodukant on järgmine_,199,1,190.6000000000004,0.0356968947821853
2397829623,Noorte julm vägivald – kas sinu kodukant on järgmine_,253,1,186.92000000000007,0.0350076787654043
2397829623,Noorte julm vägivald – kas sinu kodukant on järgmine_,255,2,372.4,0.0697456643068509
2397829623,Noorte julm vägivald – kas sinu kodukant on järgmine_,262,2,374.9599999999996,0.0702251189272202
2397829623,Noorte julm vägivald – kas sinu kodukant on järgmine_,326,1,204.92000000000007,0.0383788440648762
2397829626,"Kui sensoreid saab rohkem kui inimesi, siis kes hoiab piirialade Eestit_",-1,11,1954.44,0.355945732863678
2397829626,"Kui sensoreid saab rohkem kui inimesi, siis kes hoiab piirialade Eestit_",59,1,182.24000000000024,0.0331898397275315
2397829626,"Kui sensoreid saab rohkem kui inimesi, siis kes hoiab piirialade Eestit_",64,15,2650.437,0.4827018175917441
2397829626,"Kui sensoreid saab rohkem kui inimesi, siis kes hoiab piirialade Eestit_",205,1,206.07999999999996,0.0375316185856545
2397829626,"Kui sensoreid saab rohkem kui inimesi, siis kes hoiab piirialade Eestit_",230,1,186.0,0.0338746169299871
2397829626,"Kui sensoreid saab rohkem kui inimesi, siis kes hoiab piirialade Eestit_",263,1,180.20000000000027,0.0328183116708801
2397829626,"Kui sensoreid saab rohkem kui inimesi, siis kes hoiab piirialade Eestit_",353,2,365.3599999999999,0.066539946459893
2397829629,Religioossete ühenduste roll ühiskonna toetaja ja tasakaalustajana,-1,5,948.5200000000004,0.1710754258083076
2397829629,Religioossete ühenduste roll ühiskonna toetaja ja tasakaalustajana,22,23,4483.415,0.8086304244510958
2397829629,Religioossete ühenduste roll ühiskonna toetaja ja tasakaalustajana,43,1,191.35999999999967,0.0345137619477477
2397829632,Appi! Mind ei lasta muuseumisse! Kultuuriharidus kui regionaalpoliitika,-1,6,1081.8400000000006,0.193019338509467
2397829632,Appi! Mind ei lasta muuseumisse! Kultuuriharidus kui regionaalpoliitika,36,1,181.9600000000005,0.0324648735812899
2397829632,Appi! Mind ei lasta muuseumisse! Kultuuriharidus kui regionaalpoliitika,48,16,2909.867,0.519171599765702
2397829632,Appi! Mind ei lasta muuseumisse! Kultuuriharidus kui regionaalpoliitika,103,6,1057.44,0.1886659481193621
2397829632,Appi! Mind ei lasta muuseumisse! Kultuuriharidus kui regionaalpoliitika,241,1,180.23999999999975,0.0321579952423152
2397829632,Appi! Mind ei lasta muuseumisse! Kultuuriharidus kui regionaalpoliitika,303,1,186.04,0.0331928175481598
2397829632,Appi! Mind ei lasta muuseumisse! Kultuuriharidus kui regionaalpoliitika,315,1,210.8800000000001,0.0376247116993977
2397829635,„Veibi-Vellod“ ja veipivad noored – miks salaturg võidab ja mida teha teisiti_,-1,11,1823.06,0.3492251403176063
2397829635,„Veibi-Vellod“ ja veipivad noored – miks salaturg võidab ja mida teha teisiti_,4,1,181.15999999999983,0.034702986418405
2397829635,„Veibi-Vellod“ ja veipivad noored – miks salaturg võidab ja mida teha teisiti_,19,3,537.0000000000009,0.1028676512844091
2397829635,„Veibi-Vellod“ ja veipivad noored – miks salaturg võidab ja mida teha teisiti_,72,1,182.04,0.0348715591057985
2397829635,„Veibi-Vellod“ ja veipivad noored – miks salaturg võidab ja mida teha teisiti_,74,15,2694.24,0.5161082696396758
2397829638,Kus on noore kodu_ Kuidas elatakse tulevikus ja kas kodu peab tingimata omama_,-1,11,1951.933,0.4393343316228266
2397829638,Kus on noore kodu_ Kuidas elatakse tulevikus ja kas kodu peab tingimata omama_,52,12,2099.32,0.4725076880520143
2397829638,Kus on noore kodu_ Kuidas elatakse tulevikus ja kas kodu peab tingimata omama_,99,1,180.15999999999983,0.0405497899698239
2397829638,Kus on noore kodu_ Kuidas elatakse tulevikus ja kas kodu peab tingimata omama_,108,1,181.96000000000004,0.0409549277470535
2397829638,Kus on noore kodu_ Kuidas elatakse tulevikus ja kas kodu peab tingimata omama_,321,1,183.12000000000037,0.0412160165368238
2397829641,"Kelle vastutus on NEET-olukorras noor – tema enda, spetsialistide või kogu ühiskonna_",-1,11,2008.72,0.4214079925952763
2397829641,"Kelle vastutus on NEET-olukorras noor – tema enda, spetsialistide või kogu ühiskonna_",4,1,142.48700000000008,0.029892250109982
2397829641,"Kelle vastutus on NEET-olukorras noor – tema enda, spetsialistide või kogu ühiskonna_",35,1,184.32000000000016,0.0386683665195554
2397829641,"Kelle vastutus on NEET-olukorras noor – tema enda, spetsialistide või kogu ühiskonna_",43,1,182.96000000000004,0.0383830530513121
2397829641,"Kelle vastutus on NEET-olukorras noor – tema enda, spetsialistide või kogu ühiskonna_",109,8,1440.8000000000002,0.3022644448859344
2397829641,"Kelle vastutus on NEET-olukorras noor – tema enda, spetsialistide või kogu ühiskonna_",218,4,707.1600000000001,0.1483546119138932
2397829641,"Kelle vastutus on NEET-olukorras noor – tema enda, spetsialistide või kogu ühiskonna_",348,2,349.32000000000016,0.0732836034755376
2400164898,Kas lapsevanem on partner või lihtsalt teenusetarbija_,-1,11,2126.000000000001,0.4314223178052416
2400164898,Kas lapsevanem on partner või lihtsalt teenusetarbija_,2,1,189.15999999999983,0.0383856282389649
2400164898,Kas lapsevanem on partner või lihtsalt teenusetarbija_,156,7,1312.2800000000002,0.2662967446893049
2400164898,Kas lapsevanem on partner või lihtsalt teenusetarbija_,289,1,181.96000000000004,0.036924555478759
2400164898,Kas lapsevanem on partner või lihtsalt teenusetarbija_,319,5,821.2059999999997,0.166644682933006
2400164898,Kas lapsevanem on partner või lihtsalt teenusetarbija_,331,2,351.28000000000065,0.0712841165562678
2400164898,Kas lapsevanem on partner või lihtsalt teenusetarbija_,342,1,184.5200000000001,0.0374440480157211
2400164901,Ühiskondlik ebavõrdsus algab enne kooli – kas me tunnistame seda_,-1,11,1954.960000000001,0.3623832888763665
2400164901,Ühiskondlik ebavõrdsus algab enne kooli – kas me tunnistame seda_,2,8,1465.5999999999997,0.2716725396822453
2400164901,Ühiskondlik ebavõrdsus algab enne kooli – kas me tunnistame seda_,156,1,181.0,0.0335512620650153
2400164901,Ühiskondlik ebavõrdsus algab enne kooli – kas me tunnistame seda_,215,5,830.21,0.1538927805469411
2400164901,Ühiskondlik ebavõrdsus algab enne kooli – kas me tunnistame seda_,222,1,180.35999999999967,0.0334326277682107
2400164901,Ühiskondlik ebavõrdsus algab enne kooli – kas me tunnistame seda_,230,1,182.28,0.0337885306586242
2400164901,Ühiskondlik ebavõrdsus algab enne kooli – kas me tunnistame seda_,253,3,536.2800000000001,0.0994081260785989
2400164901,Ühiskondlik ebavõrdsus algab enne kooli – kas me tunnistame seda_,319,1,180.1199999999999,0.0333881399069091
2400164901,Ühiskondlik ebavõrdsus algab enne kooli – kas me tunnistame seda_,325,1,183.63999999999987,0.0340406285393337
2400164904,Kuidas toetada lapse keele ja kõne arengut liikumismängude kaudu_,-1,1,180.55999999999997,0.0453240951434488
2400164904,Kuidas toetada lapse keele ja kõne arengut liikumismängude kaudu_,2,2,271.8330000000003,0.068235405156896
2400164904,Kuidas toetada lapse keele ja kõne arengut liikumismängude kaudu_,222,1,180.64,0.0453441767097508
2400164904,Kuidas toetada lapse keele ja kõne arengut liikumismängude kaudu_,229,8,1400.64,0.3515880628141353
2400164904,Kuidas toetada lapse keele ja kõne arengut liikumismängude kaudu_,240,7,1362.6800000000003,0.342059359603871
2400164904,Kuidas toetada lapse keele ja kõne arengut liikumismängude kaudu_,318,4,733.3199999999999,0.1840776775066124
2400164907,Iga lapse tulevik on Eesti arenguküsimus,-1,7,1297.9600000000005,0.2261564039953904
2400164907,Iga lapse tulevik on Eesti arenguküsimus,2,11,1931.48,0.3365408573369106
2400164907,Iga lapse tulevik on Eesti arenguküsimus,4,1,108.4940000000006,0.0189039823223181
2400164907,Iga lapse tulevik on Eesti arenguküsimus,90,2,352.1999999999998,0.0613672882732722
2400164907,Iga lapse tulevik on Eesti arenguküsimus,138,1,181.91999999999985,0.0316977202801637
2400164907,Iga lapse tulevik on Eesti arenguküsimus,156,1,182.16000000000008,0.0317395378530927
2400164907,Iga lapse tulevik on Eesti arenguküsimus,222,4,703.7599999999998,0.1226230630187338
2400164907,Iga lapse tulevik on Eesti arenguküsimus,230,2,352.6000000000004,0.0614369842281539
2400164907,Iga lapse tulevik on Eesti arenguküsimus,253,1,181.72000000000023,0.031662872302723
2400164907,Iga lapse tulevik on Eesti arenguküsimus,284,2,368.32,0.0641760352550018
2400164907,Iga lapse tulevik on Eesti arenguküsimus,294,2,373.67999999999984,0.0651099610504155
2400164910,"Mida laps tegelikult tahab, et me märkaks_",-1,15,2553.804,0.5269743244347488
2400164910,"Mida laps tegelikult tahab, et me märkaks_",249,1,180.96,0.0373408741429303
2400164910,"Mida laps tegelikult tahab, et me märkaks_",255,3,542.6800000000003,0.1119813526739912
2400164910,"Mida laps tegelikult tahab, et me märkaks_",289,3,531.48,0.109670246405198
2400164910,"Mida laps tegelikult tahab, et me märkaks_",313,1,181.75999999999976,0.0375059531621298
2400164910,"Mida laps tegelikult tahab, et me märkaks_",318,2,366.6399999999999,0.0756557144991378
2400164910,"Mida laps tegelikult tahab, et me märkaks_",342,2,352.84000000000003,0.0728081014179462
2400164910,"Mida laps tegelikult tahab, et me märkaks_",361,2,355.2800000000002,0.0733115924265047
2400164913,Alushariduse agenda 2027–2031_ mida Eesti peab nüüd otsustama_,-1,8,1434.5200000000004,0.2649829661460118
2400164913,Alushariduse agenda 2027–2031_ mida Eesti peab nüüd otsustama_,2,12,2282.5200000000004,0.4216245990907027
2400164913,Alushariduse agenda 2027–2031_ mida Eesti peab nüüd otsustama_,66,1,181.63999999999987,0.0335523422265019
2400164913,Alushariduse agenda 2027–2031_ mida Eesti peab nüüd otsustama_,138,2,363.4399999999996,0.0671342394780877
2400164913,Alushariduse agenda 2027–2031_ mida Eesti peab nüüd otsustama_,156,1,214.6310000000003,0.0396464036798962
2400164913,Alushariduse agenda 2027–2031_ mida Eesti peab nüüd otsustama_,230,4,773.5199999999998,0.1428837687681335
2400164913,Alushariduse agenda 2027–2031_ mida Eesti peab nüüd otsustama_,289,1,180.84000000000012,0.0334045671010824
2400164913,Alushariduse agenda 2027–2031_ mida Eesti peab nüüd otsustama_,331,1,189.5999999999999,0.0350227047244261
2400164916,Aga kes hoiab õpetajat_,-1,6,1216.1999999999998,0.3379690842488398
2400164916,Aga kes hoiab õpetajat_,2,5,984.5939999999996,0.2736082326401103
2400164916,Aga kes hoiab õpetajat_,156,1,239.19999999999985,0.0664711436871587
2400164916,Aga kes hoiab õpetajat_,215,4,832.8399999999998,0.2314374051355071
2400164916,Aga kes hoiab õpetajat_,222,1,213.07999999999996,0.0592126726457349
2400164916,Aga kes hoiab õpetajat_,326,1,240.36,0.0667934953873139
2400184974,"Väike rahvas, suur mudel_ kas tehisaru on Eesti jaoks loodud_",-1,5,913.0,0.1851617873933012
2400184974,"Väike rahvas, suur mudel_ kas tehisaru on Eesti jaoks loodud_",11,1,181.08000000000004,0.036724092509506
2400184974,"Väike rahvas, suur mudel_ kas tehisaru on Eesti jaoks loodud_",15,21,3781.743000000001,0.7669597955554277
2400184974,"Väike rahvas, suur mudel_ kas tehisaru on Eesti jaoks loodud_",60,1,182.76,0.0370648064227817
2400184977,"Post-it, pastakas ja AI-agent - Eesti.ai praktiline töötuba nutikama tööpäeva disainimiseks 2",-1,10,1858.76,0.4274156182057952
2400184977,"Post-it, pastakas ja AI-agent - Eesti.ai praktiline töötuba nutikama tööpäeva disainimiseks 2",4,1,201.23999999999975,0.0462744620110902
2400184977,"Post-it, pastakas ja AI-agent - Eesti.ai praktiline töötuba nutikama tööpäeva disainimiseks 2",44,8,1402.8000000000002,0.3225691478292463
2400184977,"Post-it, pastakas ja AI-agent - Eesti.ai praktiline töötuba nutikama tööpäeva disainimiseks 2",54,1,184.55999999999997,0.0424389520411788
2400184977,"Post-it, pastakas ja AI-agent - Eesti.ai praktiline töötuba nutikama tööpäeva disainimiseks 2",98,1,130.15500000000063,0.0299287050439946
2400184977,"Post-it, pastakas ja AI-agent - Eesti.ai praktiline töötuba nutikama tööpäeva disainimiseks 2",188,1,182.2800000000002,0.0419146736999679
2400184977,"Post-it, pastakas ja AI-agent - Eesti.ai praktiline töötuba nutikama tööpäeva disainimiseks 2",271,3,550.44,0.1265718290070789
2400184980,"Eesti, Singapur, Dubai, Delaware. Kui konkurentsivõimelised me globaalselt oleme_",-1,1,191.8790000000008,0.0349740873616719
2400184980,"Eesti, Singapur, Dubai, Delaware. Kui konkurentsivõimelised me globaalselt oleme_",5,12,2096.44,0.3821214187508964
2400184980,"Eesti, Singapur, Dubai, Delaware. Kui konkurentsivõimelised me globaalselt oleme_",73,7,1251.0400000000004,0.2280290300290596
2400184980,"Eesti, Singapur, Dubai, Delaware. Kui konkurentsivõimelised me globaalselt oleme_",85,1,181.0,0.0329911549073249
2400184980,"Eesti, Singapur, Dubai, Delaware. Kui konkurentsivõimelised me globaalselt oleme_",133,1,182.84000000000012,0.0333265346036204
2400184980,"Eesti, Singapur, Dubai, Delaware. Kui konkurentsivõimelised me globaalselt oleme_",145,1,183.0,0.0333556980554721
2400184980,"Eesti, Singapur, Dubai, Delaware. Kui konkurentsivõimelised me globaalselt oleme_",226,2,365.44000000000005,0.0666093240294631
2400184980,"Eesti, Singapur, Dubai, Delaware. Kui konkurentsivõimelised me globaalselt oleme_",227,1,183.72000000000023,0.0334869335888052
2400184980,"Eesti, Singapur, Dubai, Delaware. Kui konkurentsivõimelised me globaalselt oleme_",231,6,1046.7200000000005,0.1907873020143378
2400184983,"Post-it, pastakas ja AI-agent - Eesti.ai praktiline töötuba nutikama tööpäeva disainimiseks",-1,6,1065.4249999999995,0.2910436650863699
2400184983,"Post-it, pastakas ja AI-agent - Eesti.ai praktiline töötuba nutikama tööpäeva disainimiseks",4,1,215.63999999999987,0.0589066860072034
2400184983,"Post-it, pastakas ja AI-agent - Eesti.ai praktiline töötuba nutikama tööpäeva disainimiseks",39,2,364.6,0.0995983014200816
2400184983,"Post-it, pastakas ja AI-agent - Eesti.ai praktiline töötuba nutikama tööpäeva disainimiseks",44,8,1423.2400000000002,0.3887884983903374
2400184983,"Post-it, pastakas ja AI-agent - Eesti.ai praktiline töötuba nutikama tööpäeva disainimiseks",271,4,748.1599999999999,0.2043759330511472
2400184986,Eesti loob maailma esimese agentide riigi,-1,10,1792.110000000001,0.3165427597937654
2400184986,Eesti loob maailma esimese agentide riigi,15,1,183.84000000000003,0.0324719023723353
2400184986,Eesti loob maailma esimese agentide riigi,30,3,523.7600000000002,0.0925124215977716
2400184986,Eesti loob maailma esimese agentide riigi,85,1,181.28,0.0320197261861234
2400184986,Eesti loob maailma esimese agentide riigi,98,3,526.08,0.092922206266526
2400184986,Eesti loob maailma esimese agentide riigi,118,1,184.2800000000001,0.0325496201543404
2400184986,Eesti loob maailma esimese agentide riigi,133,1,180.96000000000004,0.031963204162847
2400184986,Eesti loob maailma esimese agentide riigi,139,2,358.79999999999995,0.0633753185987483
2400184986,Eesti loob maailma esimese agentide riigi,145,6,1074.7599999999989,0.189836280426953
2400184986,Eesti loob maailma esimese agentide riigi,184,1,183.24,0.0323659235786919
2400184986,Eesti loob maailma esimese agentide riigi,227,2,348.96000000000004,0.0616372663829967
2400184986,Eesti loob maailma esimese agentide riigi,259,2,361.8399999999997,0.0639122778198748
2400184989,Tiigri üleandmine. Kes kannab Eesti digilugu edasi_,-1,3,586.9769999999994,0.1213650819184373
2400184989,Tiigri üleandmine. Kes kannab Eesti digilugu edasi_,5,16,2793.56,0.5776046390984144
2400184989,Tiigri üleandmine. Kes kannab Eesti digilugu edasi_,32,1,181.84000000000012,0.0375977704340181
2400184989,Tiigri üleandmine. Kes kannab Eesti digilugu edasi_,39,1,184.8800000000001,0.0382263297285595
2400184989,Tiigri üleandmine. Kes kannab Eesti digilugu edasi_,85,2,355.04,0.0734091091888132
2400184989,Tiigri üleandmine. Kes kannab Eesti digilugu edasi_,133,2,367.67999999999984,0.0760225925713802
2400184989,Tiigri üleandmine. Kes kannab Eesti digilugu edasi_,226,1,183.16000000000008,0.0378706974961216
2400184989,Tiigri üleandmine. Kes kannab Eesti digilugu edasi_,283,1,182.52,0.0377383692235866
2400184989,Tiigri üleandmine. Kes kannab Eesti digilugu edasi_,335,1,182.32000000000016,0.0376970166384194
2400184992,"Usalda, aga kontrolli – mis saab valesti minna, kui AI-agent saab isikukoodi_",-1,19,3313.747,0.5534065575834761
2400184992,"Usalda, aga kontrolli – mis saab valesti minna, kui AI-agent saab isikukoodi_",73,1,181.71999999999932,0.0303478327235208
2400184992,"Usalda, aga kontrolli – mis saab valesti minna, kui AI-agent saab isikukoodi_",79,7,1252.8800000000003,0.2092350465696946
2400184992,"Usalda, aga kontrolli – mis saab valesti minna, kui AI-agent saab isikukoodi_",118,1,181.16,0.0302543108969461
2400184992,"Usalda, aga kontrolli – mis saab valesti minna, kui AI-agent saab isikukoodi_",145,2,375.0799999999999,0.0626395834137036
2400184992,"Usalda, aga kontrolli – mis saab valesti minna, kui AI-agent saab isikukoodi_",259,1,183.72000000000003,0.0306818392470023
2400184992,"Usalda, aga kontrolli – mis saab valesti minna, kui AI-agent saab isikukoodi_",317,4,729.6000000000006,0.1218455797660185
2400184995,Kas annaksid AI-le õiguse enda nimel tegutseda_,-1,10,1797.3599999999994,0.3339943747063964
2400184995,Kas annaksid AI-le õiguse enda nimel tegutseda_,79,9,1598.4880000000012,0.2970389905392791
2400184995,Kas annaksid AI-le õiguse enda nimel tegutseda_,145,3,547.9199999999996,0.1018172195826816
2400184995,Kas annaksid AI-le õiguse enda nimel tegutseda_,152,1,181.55999999999997,0.033738382222645
2400184995,Kas annaksid AI-le õiguse enda nimel tegutseda_,184,3,549.9999999999998,0.102203735527951
2400184995,Kas annaksid AI-le õiguse enda nimel tegutseda_,259,4,750.7199999999997,0.1395025242464425
2400184995,Kas annaksid AI-le õiguse enda nimel tegutseda_,293,1,180.52000000000044,0.0335451242500104
2400207741,"Kuidas rahastada terviseidusid nii, et uued lahendused jõuaksid ka Eestis kasutusele_",-1,7,1258.2000000000007,0.2309224675337547
2400207741,"Kuidas rahastada terviseidusid nii, et uued lahendused jõuaksid ka Eestis kasutusele_",3,12,2147.4,0.3941208923716298
2400207741,"Kuidas rahastada terviseidusid nii, et uued lahendused jõuaksid ka Eestis kasutusele_",38,1,183.39999999999964,0.0336601339577893
2400207741,"Kuidas rahastada terviseidusid nii, et uued lahendused jõuaksid ka Eestis kasutusele_",73,2,355.6800000000003,0.0652793699351501
2400207741,"Kuidas rahastada terviseidusid nii, et uued lahendused jõuaksid ka Eestis kasutusele_",88,1,180.12000000000012,0.0330581424671593
2400207741,"Kuidas rahastada terviseidusid nii, et uued lahendused jõuaksid ka Eestis kasutusele_",116,1,184.2800000000001,0.0338216438699096
2400207741,"Kuidas rahastada terviseidusid nii, et uued lahendused jõuaksid ka Eestis kasutusele_",133,1,181.72000000000023,0.0333517968528325
2400207741,"Kuidas rahastada terviseidusid nii, et uued lahendused jõuaksid ka Eestis kasutusele_",335,1,182.20000000000027,0.0334398931685345
2400207741,"Kuidas rahastada terviseidusid nii, et uued lahendused jõuaksid ka Eestis kasutusele_",343,1,183.1199999999999,0.0336087444402965
2400207741,"Kuidas rahastada terviseidusid nii, et uued lahendused jõuaksid ka Eestis kasutusele_",364,5,862.5420000000006,0.1583057757045779
2400207744,Konkurents tervishoius – kas oht või lahendus_,-1,7,1256.56,0.2350913547762332
2400207744,Konkurents tervishoius – kas oht või lahendus_,6,1,181.67999999999984,0.0339907344939724
2400207744,Konkurents tervishoius – kas oht või lahendus_,97,2,399.386,0.0747216176057336
2400207744,Konkurents tervishoius – kas oht või lahendus_,116,2,361.32,0.067599802880681
2400207744,Konkurents tervishoius – kas oht või lahendus_,231,1,181.8800000000001,0.0340281527397826
2400207744,Konkurents tervishoius – kas oht või lahendus_,238,8,1430.52,0.2676377449819326
2400207744,Konkurents tervishoius – kas oht või lahendus_,246,1,184.84000000000012,0.0345819427777734
2400207744,Konkurents tervishoius – kas oht või lahendus_,247,1,182.48,0.0341404074772132
2400207744,Konkurents tervishoius – kas oht või lahendus_,257,7,1246.3600000000008,0.2331830242399139
2400207744,Konkurents tervishoius – kas oht või lahendus_,343,1,183.84000000000012,0.0343948515487225
2400207747,Kuidas tehnoloogia areng meie aju mõjutab_,-1,9,1632.84,0.3300528965131234
2400207747,Kuidas tehnoloogia areng meie aju mõjutab_,7,1,77.6869999999999,0.015703203848151
2400207747,Kuidas tehnoloogia areng meie aju mõjutab_,38,1,248.08,0.0501454659164251
2400207747,Kuidas tehnoloogia areng meie aju mõjutab_,75,1,182.27999999999972,0.0368450319543936
2400207747,Kuidas tehnoloogia areng meie aju mõjutab_,78,1,180.16000000000008,0.0364165073343403
2400207747,Kuidas tehnoloogia areng meie aju mõjutab_,136,1,184.67999999999984,0.0373301541657747
2400207747,Kuidas tehnoloogia areng meie aju mõjutab_,143,6,1054.1599999999996,0.2130818459789533
2400207747,Kuidas tehnoloogia areng meie aju mõjutab_,207,1,183.75999999999976,0.0371441906514119
2400207747,Kuidas tehnoloogia areng meie aju mõjutab_,209,1,181.15999999999983,0.0366186415890824
2400207747,Kuidas tehnoloogia areng meie aju mõjutab_,272,5,924.8,0.1869337587855127
2400207747,Kuidas tehnoloogia areng meie aju mõjutab_,274,1,183.96000000000004,0.0371846175023604
2400207747,Kuidas tehnoloogia areng meie aju mõjutab_,332,1,183.27999999999972,0.0370471662091357
2400207750,Eesti terviseandmed_ kristallkuul või kompass_,-1,11,1921.475,0.3427878478655091
2400207750,Eesti terviseandmed_ kristallkuul või kompass_,3,1,180.32000000000016,0.032168779051046
2400207750,Eesti terviseandmed_ kristallkuul või kompass_,17,7,1234.16,0.220172029467829
2400207750,Eesti terviseandmed_ kristallkuul või kompass_,119,1,181.6800000000003,0.0324114007209075
2400207750,Eesti terviseandmed_ kristallkuul või kompass_,162,10,1737.9599999999996,0.3100490862885752
2400207750,Eesti terviseandmed_ kristallkuul või kompass_,203,1,192.52,0.0343452381483328
2400207750,Eesti terviseandmed_ kristallkuul või kompass_,247,2,357.9200000000001,0.063852314762369
2400207753,"Uued hambad Türgist – kes parandab, kui midagi läheb valesti_",-1,6,989.2190000000004,0.1884061945822261
2400207753,"Uued hambad Türgist – kes parandab, kui midagi läheb valesti_",110,13,2326.079999999999,0.4430241241765718
2400207753,"Uued hambad Türgist – kes parandab, kui midagi läheb valesti_",185,10,1749.88,0.3332813378792216
2400207753,"Uued hambad Türgist – kes parandab, kui midagi läheb valesti_",199,2,363.72,0.0692739434780845
2400207756,Kuhu kaovad töötajad_,-1,8,1411.12,0.2598959730968843
2400207756,Kuhu kaovad töötajad_,6,20,3525.5600000000004,0.6493273760640141
2400207756,Kuhu kaovad töötajad_,17,1,105.5569999999998,0.0194411809287571
2400207756,Kuhu kaovad töötajad_,149,1,191.0800000000004,0.035192558066892
2400207756,Kuhu kaovad töötajad_,163,1,181.2800000000002,0.0333876225997811
2400207756,Kuhu kaovad töötajad_,352,1,183.55999999999997,0.0338075463615171
2400207759,Tervishoid aastal 2050_ milliseid otsuseid peame tegema juba täna_,-1,3,547.6000000000001,0.1009243721484856
2400207759,Tervishoid aastal 2050_ milliseid otsuseid peame tegema juba täna_,3,9,1665.5649999999991,0.3069687762919876
2400207759,Tervishoid aastal 2050_ milliseid otsuseid peame tegema juba täna_,4,1,208.52,0.0384308803513554
2400207759,Tervishoid aastal 2050_ milliseid otsuseid peame tegema juba täna_,17,3,541.2000000000003,0.099744832371732
2400207759,Tervishoid aastal 2050_ milliseid otsuseid peame tegema juba täna_,38,3,534.8000000000002,0.0985652925949783
2400207759,Tervishoid aastal 2050_ milliseid otsuseid peame tegema juba täna_,97,2,349.4400000000005,0.0644028718107503
2400207759,Tervishoid aastal 2050_ milliseid otsuseid peame tegema juba täna_,103,1,183.07999999999996,0.0337422097387595
2400207759,Tervishoid aastal 2050_ milliseid otsuseid peame tegema juba täna_,162,1,184.76,0.0340518389301574
2400207759,Tervishoid aastal 2050_ milliseid otsuseid peame tegema juba täna_,202,1,184.84000000000003,0.0340665831773668
2400207759,Tervishoid aastal 2050_ milliseid otsuseid peame tegema juba täna_,211,2,355.5999999999999,0.0655381788458756
2400207759,Tervishoid aastal 2050_ milliseid otsuseid peame tegema juba täna_,247,2,366.04,0.067462303106705
2400207759,Tervishoid aastal 2050_ milliseid otsuseid peame tegema juba täna_,345,2,368.3600000000004,0.0678898862757783
2400207759,Tervishoid aastal 2050_ milliseid otsuseid peame tegema juba täna_,364,1,186.6800000000003,0.0344057008631835
2400207762,Kelle vastutus on ennetus tervishoius_,-1,7,1249.4400000000005,0.2323414785995691
2400207762,Kelle vastutus on ennetus tervishoius_,4,1,77.28199999999924,0.0143710895674315
2400207762,Kelle vastutus on ennetus tervishoius_,6,2,348.3600000000006,0.064779803339853
2400207762,Kelle vastutus on ennetus tervishoius_,17,2,364.11999999999966,0.0677104776441245
2400207762,Kelle vastutus on ennetus tervishoius_,38,1,184.19999999999985,0.0342531857136321
2400207762,Kelle vastutus on ennetus tervishoius_,97,3,563.8800000000002,0.104857146363751
2400207762,Kelle vastutus on ennetus tervishoius_,107,1,183.15999999999983,0.0340597909625888
2400207762,Kelle vastutus on ennetus tervishoius_,119,4,735.7600000000003,0.1368193481034856
2400207762,Kelle vastutus on ennetus tervishoius_,125,4,712.2400000000002,0.1324456514260445
2400207762,Kelle vastutus on ennetus tervishoius_,142,1,187.72000000000023,0.0349077525633173
2400207762,Kelle vastutus on ennetus tervishoius_,203,1,182.1199999999999,0.0338663962115455
2400207762,Kelle vastutus on ennetus tervishoius_,247,1,197.55999999999997,0.0367375644385731
2400207762,Kelle vastutus on ennetus tervishoius_,251,2,349.5999999999999,0.0650103893891738
2400207762,Kelle vastutus on ennetus tervishoius_,260,1,180.80000000000015,0.0336209336429137
2400207762,Kelle vastutus on ennetus tervishoius_,346,1,182.44000000000003,0.0339259022887897
2400207765,Üksilduse rohi_ kes vastutab üksilduse eest_,-1,11,1983.6000000000013,0.361985863645422
2400207765,Üksilduse rohi_ kes vastutab üksilduse eest_,4,3,585.3200000000004,0.1068146630918221
2400207765,Üksilduse rohi_ kes vastutab üksilduse eest_,26,2,353.24,0.064462536032521
2400207765,Üksilduse rohi_ kes vastutab üksilduse eest_,51,2,351.52,0.0641486543600719
2400207765,Üksilduse rohi_ kes vastutab üksilduse eest_,109,1,185.07999999999996,0.0337751278702836
2400207765,Üksilduse rohi_ kes vastutab üksilduse eest_,126,1,220.0,0.0401476557783791
2400207765,Üksilduse rohi_ kes vastutab üksilduse eest_,205,2,354.84000000000015,0.0647545189836365
2400207765,Üksilduse rohi_ kes vastutab üksilduse eest_,274,2,291.8919999999998,0.0532671797293755
2400207765,Üksilduse rohi_ kes vastutab üksilduse eest_,361,2,354.48,0.0646888228196355
2400207765,Üksilduse rohi_ kes vastutab üksilduse eest_,365,6,1099.7600000000002,0.2006944814492282
