topic_a,topic_b,shared_talks,a_talks,b_talks,eligible_talks,expected_shared,lift,jaccard,npmi,positive_npmi,smoothed_npmi,discounted_npmi,topic_name
ai,adven eesti as,0,29,2,213,0.27230046948356806,0.0,0.0,-1.0,0.0,0.02930202359128551,-0.0,Tehisintellekt ja digitehnoloogia
ai,allium upi oü,0,29,1,213,0.13615023474178403,0.0,0.0,-1.0,0.0,0.09616869088801842,-0.0,Tehisintellekt ja digitehnoloogia
ai,apotheka,0,29,1,213,0.13615023474178403,0.0,0.0,-1.0,0.0,0.09616869088801842,-0.0,Tehisintellekt ja digitehnoloogia
ai,arengukoostöö ümarlaud (akü),0,29,1,213,0.13615023474178403,0.0,0.0,-1.0,0.0,0.09616869088801842,-0.0,Tehisintellekt ja digitehnoloogia
ai,avatud eesti fond,0,29,1,213,0.13615023474178403,0.0,0.0,-1.0,0.0,0.09616869088801842,-0.0,Tehisintellekt ja digitehnoloogia
ai,bonava eesti,0,29,1,213,0.13615023474178403,0.0,0.0,-1.0,0.0,0.09616869088801842,-0.0,Tehisintellekt ja digitehnoloogia
ai,confido,0,29,1,213,0.13615023474178403,0.0,0.0,-1.0,0.0,0.09616869088801842,-0.0,Tehisintellekt ja digitehnoloogia
ai,confido meditsiinikeskus,0,29,1,213,0.13615023474178403,0.0,0.0,-1.0,0.0,0.09616869088801842,-0.0,Tehisintellekt ja digitehnoloogia
ai,eena (eesti ettevõtlike naiste assotsiatsioon),0,29,1,213,0.13615023474178403,0.0,0.0,-1.0,0.0,0.09616869088801842,-0.0,Tehisintellekt ja digitehnoloogia
ai,eesti ametiühingute keskliit,1,29,1,213,0.13615023474178403,7.344827586206897,0.034482758620689655,0.371924579763897,0.371924579763897,0.3387109776646252,0.061987429960649494,Tehisintellekt ja digitehnoloogia
ai,eesti arhitektide liit / maa- ja ruumiamet,0,29,1,213,0.13615023474178403,0.0,0.0,-1.0,0.0,0.09616869088801842,-0.0,Tehisintellekt ja digitehnoloogia
ai,eesti arhitektide liit mtü,0,29,1,213,0.13615023474178403,0.0,0.0,-1.0,0.0,0.09616869088801842,-0.0,Tehisintellekt ja digitehnoloogia
ai,eesti e-residentsuse programm,8,29,8,213,1.0892018779342723,7.344827586206897,0.27586206896551724,0.6075829049387511,0.6075829049387511,0.5919330424317151,0.3738971722700007,Tehisintellekt ja digitehnoloogia
ai,eesti hambaarstide liit,0,29,2,213,0.27230046948356806,0.0,0.0,-1.0,0.0,0.02930202359128551,-0.0,Tehisintellekt ja digitehnoloogia
ai,eesti interneti sa,1,29,3,213,0.4084507042253521,2.4482758620689653,0.03225806451612903,0.16700900069980815,0.16700900069980815,0.19910915679647645,0.027834833449968024,Tehisintellekt ja digitehnoloogia
ai,eesti jõujaamade ja kaugkütte ühing,0,29,1,213,0.13615023474178403,0.0,0.0,-1.0,0.0,0.09616869088801842,-0.0,Tehisintellekt ja digitehnoloogia
ai,eesti kaitsevägi,0,29,2,213,0.27230046948356806,0.0,0.0,-1.0,0.0,0.02930202359128551,-0.0,Tehisintellekt ja digitehnoloogia
ai,eesti kaubandus-tööstuskoda,0,29,1,213,0.13615023474178403,0.0,0.0,-1.0,0.0,0.09616869088801842,-0.0,Tehisintellekt ja digitehnoloogia
ai,eesti keele instituut,0,29,1,213,0.13615023474178403,0.0,0.0,-1.0,0.0,0.09616869088801842,-0.0,Tehisintellekt ja digitehnoloogia
ai,eesti kohtud,0,29,1,213,0.13615023474178403,0.0,0.0,-1.0,0.0,0.09616869088801842,-0.0,Tehisintellekt ja digitehnoloogia
ai,eesti kultuuri koda,0,29,1,213,0.13615023474178403,0.0,0.0,-1.0,0.0,0.09616869088801842,-0.0,Tehisintellekt ja digitehnoloogia
ai,eesti kunstikoolide liidu noorteühendus,0,29,1,213,0.13615023474178403,0.0,0.0,-1.0,0.0,0.09616869088801842,-0.0,Tehisintellekt ja digitehnoloogia
ai,eesti kunstikoolide liit (noored),0,29,1,213,0.13615023474178403,0.0,0.0,-1.0,0.0,0.09616869088801842,-0.0,Tehisintellekt ja digitehnoloogia
ai,eesti lastehoidude liit,0,29,2,213,0.27230046948356806,0.0,0.0,-1.0,0.0,0.02930202359128551,-0.0,Tehisintellekt ja digitehnoloogia
ai,eesti loomaarstide koda (elk),0,29,1,213,0.13615023474178403,0.0,0.0,-1.0,0.0,0.09616869088801842,-0.0,Tehisintellekt ja digitehnoloogia
ai,eesti maaülikool,0,29,2,213,0.27230046948356806,0.0,0.0,-1.0,0.0,0.02930202359128551,-0.0,Tehisintellekt ja digitehnoloogia
ai,"eesti maaülikool, veterinaarmeditsiini ja loomakasvatuse instituut",0,29,1,213,0.13615023474178403,0.0,0.0,-1.0,0.0,0.09616869088801842,-0.0,Tehisintellekt ja digitehnoloogia
ai,eesti matemaatika selts,0,29,1,213,0.13615023474178403,0.0,0.0,-1.0,0.0,0.09616869088801842,-0.0,Tehisintellekt ja digitehnoloogia
ai,eesti montessori ühing,0,29,1,213,0.13615023474178403,0.0,0.0,-1.0,0.0,0.09616869088801842,-0.0,Tehisintellekt ja digitehnoloogia
ai,eesti muuseumiühing ja eesti muuseumide liit,0,29,1,213,0.13615023474178403,0.0,0.0,-1.0,0.0,0.09616869088801842,-0.0,Tehisintellekt ja digitehnoloogia
ai,eesti muuseumiühing koostöös eesti muuseumide liiduga,0,29,1,213,0.13615023474178403,0.0,0.0,-1.0,0.0,0.09616869088801842,-0.0,Tehisintellekt ja digitehnoloogia
ai,eesti nato ühing,0,29,1,213,0.13615023474178403,0.0,0.0,-1.0,0.0,0.09616869088801842,-0.0,Tehisintellekt ja digitehnoloogia
ai,eesti noorteühenduste liit,1,29,1,213,0.13615023474178403,7.344827586206897,0.034482758620689655,0.371924579763897,0.371924579763897,0.3387109776646252,0.061987429960649494,Tehisintellekt ja digitehnoloogia
ai,eesti personalijuhtimise ühing pare,1,29,9,213,1.2253521126760563,0.8160919540229885,0.02702702702702703,-0.03790657836428066,0.0,0.014565587693437687,-0.006317763060713443,Tehisintellekt ja digitehnoloogia
ai,eesti personalijuhtimise ühing pare ja tööinspektsioon,2,29,9,213,1.2253521126760563,1.632183908045977,0.05555555555555555,0.10494938364280243,0.10494938364280243,0.1309162143320287,0.029985538183657838,Tehisintellekt ja digitehnoloogia
ai,"eesti puuetega naiste ühenduste liit, helpific mtü",0,29,1,213,0.13615023474178403,0.0,0.0,-1.0,0.0,0.09616869088801842,-0.0,Tehisintellekt ja digitehnoloogia
ai,eesti roheline liikumine,0,29,2,213,0.27230046948356806,0.0,0.0,-1.0,0.0,0.02930202359128551,-0.0,Tehisintellekt ja digitehnoloogia
ai,eesti seksuaaltervise liit,0,29,2,213,0.27230046948356806,0.0,0.0,-1.0,0.0,0.02930202359128551,-0.0,Tehisintellekt ja digitehnoloogia
ai,eesti sõjamuuseum,0,29,1,213,0.13615023474178403,0.0,0.0,-1.0,0.0,0.09616869088801842,-0.0,Tehisintellekt ja digitehnoloogia
ai,eesti tervisemajanduse koda (health founders estonia),1,29,1,213,0.13615023474178403,7.344827586206897,0.034482758620689655,0.371924579763897,0.371924579763897,0.3387109776646252,0.061987429960649494,Tehisintellekt ja digitehnoloogia
ai,eesti tervisemajanduse koda (health founders),0,29,1,213,0.13615023474178403,0.0,0.0,-1.0,0.0,0.09616869088801842,-0.0,Tehisintellekt ja digitehnoloogia
ai,eesti tuuleenergia assotsiatsioon,0,29,2,213,0.27230046948356806,0.0,0.0,-1.0,0.0,0.02930202359128551,-0.0,Tehisintellekt ja digitehnoloogia
ai,eesti urantia assotsiatsioon mtü,0,29,1,213,0.13615023474178403,0.0,0.0,-1.0,0.0,0.09616869088801842,-0.0,Tehisintellekt ja digitehnoloogia
ai,eesti vaimse tervise ja heaolu koalitsioon vatek,0,29,1,213,0.13615023474178403,0.0,0.0,-1.0,0.0,0.09616869088801842,-0.0,Tehisintellekt ja digitehnoloogia
ai,eesti vähitõrje võrgustik (estcan),0,29,5,213,0.6807511737089202,0.0,0.0,-1.0,0.0,-0.08500729916752045,-0.0,Tehisintellekt ja digitehnoloogia
ai,eesti väitlusselts,0,29,1,213,0.13615023474178403,0.0,0.0,-1.0,0.0,0.09616869088801842,-0.0,Tehisintellekt ja digitehnoloogia
ai,eesti õigusteaduse üliõpilaste liit,0,29,2,213,0.27230046948356806,0.0,0.0,-1.0,0.0,0.02930202359128551,-0.0,Tehisintellekt ja digitehnoloogia
ai,"eesti õigusteaduse üliõpilaste liit, rahvusvaheliste suhete ring, feministeerium",0,29,1,213,0.13615023474178403,0.0,0.0,-1.0,0.0,0.09616869088801842,-0.0,Tehisintellekt ja digitehnoloogia
ai,eesti õpilasesinduste liit,0,29,1,213,0.13615023474178403,0.0,0.0,-1.0,0.0,0.09616869088801842,-0.0,Tehisintellekt ja digitehnoloogia
ai,eesti üliõpilaskondade liit,1,29,2,213,0.27230046948356806,3.6724137931034484,0.03333333333333333,0.2426372439620389,0.2426372439620389,0.2570491474243661,0.040439540660339814,Tehisintellekt ja digitehnoloogia
ai,eesti üro ühing,0,29,2,213,0.27230046948356806,0.0,0.0,-1.0,0.0,0.02930202359128551,-0.0,Tehisintellekt ja digitehnoloogia
ai,eestimaa looduse fond,0,29,2,213,0.27230046948356806,0.0,0.0,-1.0,0.0,0.02930202359128551,-0.0,Tehisintellekt ja digitehnoloogia
ai,efektiivne altruism eesti,0,29,2,213,0.27230046948356806,0.0,0.0,-1.0,0.0,0.02930202359128551,-0.0,Tehisintellekt ja digitehnoloogia
ai,elisabeth luisk,0,29,1,213,0.13615023474178403,0.0,0.0,-1.0,0.0,0.09616869088801842,-0.0,Tehisintellekt ja digitehnoloogia
ai,emn eesti,0,29,1,213,0.13615023474178403,0.0,0.0,-1.0,0.0,0.09616869088801842,-0.0,Tehisintellekt ja digitehnoloogia
ai,eurooopa parlamendi büroo eestis,0,29,1,213,0.13615023474178403,0.0,0.0,-1.0,0.0,0.09616869088801842,-0.0,Tehisintellekt ja digitehnoloogia
ai,euroopa komisjoni eesti esindus,0,29,1,213,0.13615023474178403,0.0,0.0,-1.0,0.0,0.09616869088801842,-0.0,Tehisintellekt ja digitehnoloogia
ai,"euroopa rändevõrgustiku eesti kontaktpunkt (emn eesti), sisekaitseakadeemia, haridus- ja noorteamet",0,29,1,213,0.13615023474178403,0.0,0.0,-1.0,0.0,0.09616869088801842,-0.0,Tehisintellekt ja digitehnoloogia
ai,fenno-ugria asutus,0,29,1,213,0.13615023474178403,0.0,0.0,-1.0,0.0,0.09616869088801842,-0.0,Tehisintellekt ja digitehnoloogia
ai,filmifestival horisont,0,29,1,213,0.13615023474178403,0.0,0.0,-1.0,0.0,0.09616869088801842,-0.0,Tehisintellekt ja digitehnoloogia
ai,fridays for future eesti (mtü loodusvõlu),0,29,3,213,0.4084507042253521,0.0,0.0,-1.0,0.0,-0.018140631870787533,-0.0,Tehisintellekt ja digitehnoloogia
ai,geoteaduste üliõpilaste selts,1,29,1,213,0.13615023474178403,7.344827586206897,0.034482758620689655,0.371924579763897,0.371924579763897,0.3387109776646252,0.061987429960649494,Tehisintellekt ja digitehnoloogia
ai,heaoluteaduste tippkeskus estwell,0,29,1,213,0.13615023474178403,0.0,0.0,-1.0,0.0,0.09616869088801842,-0.0,Tehisintellekt ja digitehnoloogia
ai,integratsiooni sihtasutus,0,29,1,213,0.13615023474178403,0.0,0.0,-1.0,0.0,0.09616869088801842,-0.0,Tehisintellekt ja digitehnoloogia
ai,justiits- ja digiministeerium,0,29,2,213,0.27230046948356806,0.0,0.0,-1.0,0.0,0.02930202359128551,-0.0,Tehisintellekt ja digitehnoloogia
ai,kaitseliit,1,29,1,213,0.13615023474178403,7.344827586206897,0.034482758620689655,0.371924579763897,0.371924579763897,0.3387109776646252,0.061987429960649494,Tehisintellekt ja digitehnoloogia
ai,kaitseministeerium,0,29,1,213,0.13615023474178403,0.0,0.0,-1.0,0.0,0.09616869088801842,-0.0,Tehisintellekt ja digitehnoloogia
ai,kaitseministeerium ja parempoolsed,0,29,1,213,0.13615023474178403,0.0,0.0,-1.0,0.0,0.09616869088801842,-0.0,Tehisintellekt ja digitehnoloogia
ai,kaitseressursside amet,0,29,1,213,0.13615023474178403,0.0,0.0,-1.0,0.0,0.09616869088801842,-0.0,Tehisintellekt ja digitehnoloogia
ai,kaja pae,0,29,1,213,0.13615023474178403,0.0,0.0,-1.0,0.0,0.09616869088801842,-0.0,Tehisintellekt ja digitehnoloogia
ai,keskkonnainvesteeringute keskus,0,29,2,213,0.27230046948356806,0.0,0.0,-1.0,0.0,0.02930202359128551,-0.0,Tehisintellekt ja digitehnoloogia
ai,keskkonnainvesteeringute keskus (kik),0,29,1,213,0.13615023474178403,0.0,0.0,-1.0,0.0,0.09616869088801842,-0.0,Tehisintellekt ja digitehnoloogia
ai,kogu ala ühispaneel,0,29,1,213,0.13615023474178403,0.0,0.0,-1.0,0.0,0.09616869088801842,-0.0,Tehisintellekt ja digitehnoloogia
ai,kood/järva,1,29,1,213,0.13615023474178403,7.344827586206897,0.034482758620689655,0.371924579763897,0.371924579763897,0.3387109776646252,0.061987429960649494,Tehisintellekt ja digitehnoloogia
ai,kood/jõhvi,1,29,1,213,0.13615023474178403,7.344827586206897,0.034482758620689655,0.371924579763897,0.371924579763897,0.3387109776646252,0.061987429960649494,Tehisintellekt ja digitehnoloogia
ai,kood/jõhvi ja haridus- ja noorteamet,0,29,1,213,0.13615023474178403,0.0,0.0,-1.0,0.0,0.09616869088801842,-0.0,Tehisintellekt ja digitehnoloogia
ai,korruptsioonivaba eesti mtü,0,29,1,213,0.13615023474178403,0.0,0.0,-1.0,0.0,0.09616869088801842,-0.0,Tehisintellekt ja digitehnoloogia
ai,kultuuriministeerium,1,29,1,213,0.13615023474178403,7.344827586206897,0.034482758620689655,0.371924579763897,0.371924579763897,0.3387109776646252,0.061987429960649494,Tehisintellekt ja digitehnoloogia
ai,lasteklubi väike päike,0,29,3,213,0.4084507042253521,0.0,0.0,-1.0,0.0,-0.018140631870787533,-0.0,Tehisintellekt ja digitehnoloogia
ai,loodushoiu fond,0,29,1,213,0.13615023474178403,0.0,0.0,-1.0,0.0,0.09616869088801842,-0.0,Tehisintellekt ja digitehnoloogia
ai,loomus mtü,0,29,1,213,0.13615023474178403,0.0,0.0,-1.0,0.0,0.09616869088801842,-0.0,Tehisintellekt ja digitehnoloogia
ai,magnum as,0,29,2,213,0.27230046948356806,0.0,0.0,-1.0,0.0,0.02930202359128551,-0.0,Tehisintellekt ja digitehnoloogia
ai,maililii oü,0,29,1,213,0.13615023474178403,0.0,0.0,-1.0,0.0,0.09616869088801842,-0.0,Tehisintellekt ja digitehnoloogia
ai,meta advisory oü,0,29,1,213,0.13615023474178403,0.0,0.0,-1.0,0.0,0.09616869088801842,-0.0,Tehisintellekt ja digitehnoloogia
ai,mtü arvamusfestival,1,29,4,213,0.5446009389671361,1.8362068965517242,0.03125,0.11334990816018085,0.11334990816018085,0.15416740856158648,0.018891651360030143,Tehisintellekt ja digitehnoloogia
ai,mtü eesti jõujaamade ja kaugkütte ühing,0,29,1,213,0.13615023474178403,0.0,0.0,-1.0,0.0,0.09616869088801842,-0.0,Tehisintellekt ja digitehnoloogia
ai,mtü eesti psühholoogiaüliõpilaste ühendus,0,29,1,213,0.13615023474178403,0.0,0.0,-1.0,0.0,0.09616869088801842,-0.0,Tehisintellekt ja digitehnoloogia
ai,mtü eesti taastuvenergia koda,0,29,7,213,0.9530516431924883,0.0,0.0,-1.0,0.0,-0.1324499546295935,-0.0,Tehisintellekt ja digitehnoloogia
ai,"mtü esto-rada, multikey online school",0,29,1,213,0.13615023474178403,0.0,0.0,-1.0,0.0,0.09616869088801842,-0.0,Tehisintellekt ja digitehnoloogia
ai,mtü kodanikupalga ümarlaud eestis,0,29,1,213,0.13615023474178403,0.0,0.0,-1.0,0.0,0.09616869088801842,-0.0,Tehisintellekt ja digitehnoloogia
ai,mtü lastekaitse liit,0,29,1,213,0.13615023474178403,0.0,0.0,-1.0,0.0,0.09616869088801842,-0.0,Tehisintellekt ja digitehnoloogia
ai,mtü lastekaitse liit ja tallinna raamatukogud,0,29,1,213,0.13615023474178403,0.0,0.0,-1.0,0.0,0.09616869088801842,-0.0,Tehisintellekt ja digitehnoloogia
ai,mtü progressiivne liikumine,0,29,2,213,0.27230046948356806,0.0,0.0,-1.0,0.0,0.02930202359128551,-0.0,Tehisintellekt ja digitehnoloogia
ai,mtü teadveloleku kompetentsikeskus toko,0,29,1,213,0.13615023474178403,0.0,0.0,-1.0,0.0,0.09616869088801842,-0.0,Tehisintellekt ja digitehnoloogia
ai,novartis,0,29,1,213,0.13615023474178403,0.0,0.0,-1.0,0.0,0.09616869088801842,-0.0,Tehisintellekt ja digitehnoloogia
ai,paide gümnaasium,0,29,3,213,0.4084507042253521,0.0,0.0,-1.0,0.0,-0.018140631870787533,-0.0,Tehisintellekt ja digitehnoloogia
ai,pullivara group,0,29,1,213,0.13615023474178403,0.0,0.0,-1.0,0.0,0.09616869088801842,-0.0,Tehisintellekt ja digitehnoloogia
ai,päästame eesti metsad mtü,0,29,1,213,0.13615023474178403,0.0,0.0,-1.0,0.0,0.09616869088801842,-0.0,Tehisintellekt ja digitehnoloogia
ai,põllumajandus- ja toiduamet,0,29,1,213,0.13615023474178403,0.0,0.0,-1.0,0.0,0.09616869088801842,-0.0,Tehisintellekt ja digitehnoloogia
ai,rail baltic estonia,0,29,2,213,0.27230046948356806,0.0,0.0,-1.0,0.0,0.02930202359128551,-0.0,Tehisintellekt ja digitehnoloogia
ai,regionaal- ja põllumajandusministeerium,0,29,1,213,0.13615023474178403,0.0,0.0,-1.0,0.0,0.09616869088801842,-0.0,Tehisintellekt ja digitehnoloogia
ai,roche,0,29,1,213,0.13615023474178403,0.0,0.0,-1.0,0.0,0.09616869088801842,-0.0,Tehisintellekt ja digitehnoloogia
ai,roche eesti oü,0,29,1,213,0.13615023474178403,0.0,0.0,-1.0,0.0,0.09616869088801842,-0.0,Tehisintellekt ja digitehnoloogia
ai,sa õpilasmalev,0,29,1,213,0.13615023474178403,0.0,0.0,-1.0,0.0,0.09616869088801842,-0.0,Tehisintellekt ja digitehnoloogia
ai,saaremaa gümnaasiumi õpilasesindus,0,29,1,213,0.13615023474178403,0.0,0.0,-1.0,0.0,0.09616869088801842,-0.0,Tehisintellekt ja digitehnoloogia
ai,sihtasutus eesti teadusagentuur (etag),1,29,2,213,0.27230046948356806,3.6724137931034484,0.03333333333333333,0.2426372439620389,0.2426372439620389,0.2570491474243661,0.040439540660339814,Tehisintellekt ja digitehnoloogia
ai,sihtasutus iga laps on andekas,0,29,1,213,0.13615023474178403,0.0,0.0,-1.0,0.0,0.09616869088801842,-0.0,Tehisintellekt ja digitehnoloogia
ai,sihtasutus järvamaa,0,29,1,213,0.13615023474178403,0.0,0.0,-1.0,0.0,0.09616869088801842,-0.0,Tehisintellekt ja digitehnoloogia
ai,sihtasutus roheriiger,1,29,1,213,0.13615023474178403,7.344827586206897,0.034482758620689655,0.371924579763897,0.371924579763897,0.3387109776646252,0.061987429960649494,Tehisintellekt ja digitehnoloogia
ai,sihtasutus rohetiiger,1,29,3,213,0.4084507042253521,2.4482758620689653,0.03225806451612903,0.16700900069980815,0.16700900069980815,0.19910915679647645,0.027834833449968024,Tehisintellekt ja digitehnoloogia
ai,siseministeerium,0,29,1,213,0.13615023474178403,0.0,0.0,-1.0,0.0,0.09616869088801842,-0.0,Tehisintellekt ja digitehnoloogia
ai,synlab,0,29,1,213,0.13615023474178403,0.0,0.0,-1.0,0.0,0.09616869088801842,-0.0,Tehisintellekt ja digitehnoloogia
ai,taastuvenergia koda,0,29,1,213,0.13615023474178403,0.0,0.0,-1.0,0.0,0.09616869088801842,-0.0,Tehisintellekt ja digitehnoloogia
ai,tallinna ettevõtlusinkubaator,1,29,1,213,0.13615023474178403,7.344827586206897,0.034482758620689655,0.371924579763897,0.371924579763897,0.3387109776646252,0.061987429960649494,Tehisintellekt ja digitehnoloogia
ai,tallinna lastekodu,0,29,1,213,0.13615023474178403,0.0,0.0,-1.0,0.0,0.09616869088801842,-0.0,Tehisintellekt ja digitehnoloogia
ai,tallinna tehnikaülikool,0,29,1,213,0.13615023474178403,0.0,0.0,-1.0,0.0,0.09616869088801842,-0.0,Tehisintellekt ja digitehnoloogia
ai,"tallinna tehnikaülikool, vastutustundliku majanduse ja esg fookustippkeskus",1,29,1,213,0.13615023474178403,7.344827586206897,0.034482758620689655,0.371924579763897,0.371924579763897,0.3387109776646252,0.061987429960649494,Tehisintellekt ja digitehnoloogia
ai,tallinna vesi,0,29,2,213,0.27230046948356806,0.0,0.0,-1.0,0.0,0.02930202359128551,-0.0,Tehisintellekt ja digitehnoloogia
ai,"tallinna ülikool, tartu ülikool, eesti maaülikool",0,29,1,213,0.13615023474178403,0.0,0.0,-1.0,0.0,0.09616869088801842,-0.0,Tehisintellekt ja digitehnoloogia
ai,taltech,0,29,1,213,0.13615023474178403,0.0,0.0,-1.0,0.0,0.09616869088801842,-0.0,Tehisintellekt ja digitehnoloogia
ai,tartu kristjan jaak petersoni gümnaasium / kultuuriministeerium,0,29,1,213,0.13615023474178403,0.0,0.0,-1.0,0.0,0.09616869088801842,-0.0,Tehisintellekt ja digitehnoloogia
ai,tartu ülikool,0,29,1,213,0.13615023474178403,0.0,0.0,-1.0,0.0,0.09616869088801842,-0.0,Tehisintellekt ja digitehnoloogia
ai,tartumaa omavalitsuste liit,0,29,2,213,0.27230046948356806,0.0,0.0,-1.0,0.0,0.02930202359128551,-0.0,Tehisintellekt ja digitehnoloogia
ai,telia,1,29,5,213,0.6807511737089202,1.4689655172413791,0.030303030303030304,0.07172868245242602,0.07172868245242602,0.11744732655621726,0.011954780408737669,Tehisintellekt ja digitehnoloogia
ai,"telia, eesti interneti sihtasutus",0,29,1,213,0.13615023474178403,0.0,0.0,-1.0,0.0,0.09616869088801842,-0.0,Tehisintellekt ja digitehnoloogia
ai,tervise tuleviku ala korraldajate ühispaneel,0,29,1,213,0.13615023474178403,0.0,0.0,-1.0,0.0,0.09616869088801842,-0.0,Tehisintellekt ja digitehnoloogia
ai,tuum consulting,0,29,1,213,0.13615023474178403,0.0,0.0,-1.0,0.0,0.09616869088801842,-0.0,Tehisintellekt ja digitehnoloogia
ai,vabaühenduste liit,0,29,2,213,0.27230046948356806,0.0,0.0,-1.0,0.0,0.02930202359128551,-0.0,Tehisintellekt ja digitehnoloogia
ai,vau haldus,0,29,1,213,0.13615023474178403,0.0,0.0,-1.0,0.0,0.09616869088801842,-0.0,Tehisintellekt ja digitehnoloogia
ai,vindr baltic oü ja vkg,0,29,1,213,0.13615023474178403,0.0,0.0,-1.0,0.0,0.09616869088801842,-0.0,Tehisintellekt ja digitehnoloogia
ai,välisministeerium,0,29,6,213,0.8169014084507042,0.0,0.0,-1.0,0.0,-0.11042882623718082,-0.0,Tehisintellekt ja digitehnoloogia
ai,välisministeerium & rahvusvaheliste suhete ring,0,29,1,213,0.13615023474178403,0.0,0.0,-1.0,0.0,0.09616869088801842,-0.0,Tehisintellekt ja digitehnoloogia
ai,ühendus kultuuritahe,1,29,3,213,0.4084507042253521,2.4482758620689653,0.03225806451612903,0.16700900069980815,0.16700900069980815,0.19910915679647645,0.027834833449968024,Tehisintellekt ja digitehnoloogia
ai,üro pagulasamet,0,29,1,213,0.13615023474178403,0.0,0.0,-1.0,0.0,0.09616869088801842,-0.0,Tehisintellekt ja digitehnoloogia
children,adven eesti as,0,20,2,213,0.18779342723004694,0.0,0.0,-1.0,0.0,0.08812253448730521,-0.0,Laste ja noorte kaitse ning toetamine
children,allium upi oü,0,20,1,213,0.09389671361502347,0.0,0.0,-1.0,0.0,0.1549892017840381,-0.0,Laste ja noorte kaitse ning toetamine
children,apotheka,0,20,1,213,0.09389671361502347,0.0,0.0,-1.0,0.0,0.1549892017840381,-0.0,Laste ja noorte kaitse ning toetamine
children,arengukoostöö ümarlaud (akü),0,20,1,213,0.09389671361502347,0.0,0.0,-1.0,0.0,0.1549892017840381,-0.0,Laste ja noorte kaitse ning toetamine
children,avatud eesti fond,0,20,1,213,0.09389671361502347,0.0,0.0,-1.0,0.0,0.1549892017840381,-0.0,Laste ja noorte kaitse ning toetamine
children,bonava eesti,0,20,1,213,0.09389671361502347,0.0,0.0,-1.0,0.0,0.1549892017840381,-0.0,Laste ja noorte kaitse ning toetamine
children,confido,0,20,1,213,0.09389671361502347,0.0,0.0,-1.0,0.0,0.1549892017840381,-0.0,Laste ja noorte kaitse ning toetamine
children,confido meditsiinikeskus,0,20,1,213,0.09389671361502347,0.0,0.0,-1.0,0.0,0.1549892017840381,-0.0,Laste ja noorte kaitse ning toetamine
children,eena (eesti ettevõtlike naiste assotsiatsioon),0,20,1,213,0.09389671361502347,0.0,0.0,-1.0,0.0,0.1549892017840381,-0.0,Laste ja noorte kaitse ning toetamine
children,eesti ametiühingute keskliit,0,20,1,213,0.09389671361502347,0.0,0.0,-1.0,0.0,0.1549892017840381,-0.0,Laste ja noorte kaitse ning toetamine
children,eesti arhitektide liit / maa- ja ruumiamet,0,20,1,213,0.09389671361502347,0.0,0.0,-1.0,0.0,0.1549892017840381,-0.0,Laste ja noorte kaitse ning toetamine
children,eesti arhitektide liit mtü,0,20,1,213,0.09389671361502347,0.0,0.0,-1.0,0.0,0.1549892017840381,-0.0,Laste ja noorte kaitse ning toetamine
children,eesti e-residentsuse programm,0,20,8,213,0.7511737089201878,0.0,0.0,-1.0,0.0,-0.09305345556823365,-0.0,Laste ja noorte kaitse ning toetamine
children,eesti hambaarstide liit,0,20,2,213,0.18779342723004694,0.0,0.0,-1.0,0.0,0.08812253448730521,-0.0,Laste ja noorte kaitse ning toetamine
children,eesti interneti sa,2,20,3,213,0.28169014084507044,7.1,0.09523809523809523,0.41988729790587365,0.41988729790587365,0.4166967319139339,0.11996779940167819,Laste ja noorte kaitse ning toetamine
children,eesti jõujaamade ja kaugkütte ühing,0,20,1,213,0.09389671361502347,0.0,0.0,-1.0,0.0,0.1549892017840381,-0.0,Laste ja noorte kaitse ning toetamine
children,eesti kaitsevägi,0,20,2,213,0.18779342723004694,0.0,0.0,-1.0,0.0,0.08812253448730521,-0.0,Laste ja noorte kaitse ning toetamine
children,eesti kaubandus-tööstuskoda,0,20,1,213,0.09389671361502347,0.0,0.0,-1.0,0.0,0.1549892017840381,-0.0,Laste ja noorte kaitse ning toetamine
children,eesti keele instituut,0,20,1,213,0.09389671361502347,0.0,0.0,-1.0,0.0,0.1549892017840381,-0.0,Laste ja noorte kaitse ning toetamine
children,eesti kohtud,0,20,1,213,0.09389671361502347,0.0,0.0,-1.0,0.0,0.1549892017840381,-0.0,Laste ja noorte kaitse ning toetamine
children,eesti kultuuri koda,0,20,1,213,0.09389671361502347,0.0,0.0,-1.0,0.0,0.1549892017840381,-0.0,Laste ja noorte kaitse ning toetamine
children,eesti kunstikoolide liidu noorteühendus,1,20,1,213,0.09389671361502347,10.65,0.05,0.4412294310848129,0.4412294310848129,0.4105463295615602,0.07353823851413548,Laste ja noorte kaitse ning toetamine
children,eesti kunstikoolide liit (noored),0,20,1,213,0.09389671361502347,0.0,0.0,-1.0,0.0,0.1549892017840381,-0.0,Laste ja noorte kaitse ning toetamine
children,eesti lastehoidude liit,1,20,2,213,0.18779342723004694,5.325,0.047619047619047616,0.3119420952829548,0.3119420952829548,0.3288844993213009,0.0519903492138258,Laste ja noorte kaitse ning toetamine
children,eesti loomaarstide koda (elk),0,20,1,213,0.09389671361502347,0.0,0.0,-1.0,0.0,0.1549892017840381,-0.0,Laste ja noorte kaitse ning toetamine
children,eesti maaülikool,0,20,2,213,0.18779342723004694,0.0,0.0,-1.0,0.0,0.08812253448730521,-0.0,Laste ja noorte kaitse ning toetamine
children,"eesti maaülikool, veterinaarmeditsiini ja loomakasvatuse instituut",0,20,1,213,0.09389671361502347,0.0,0.0,-1.0,0.0,0.1549892017840381,-0.0,Laste ja noorte kaitse ning toetamine
children,eesti matemaatika selts,0,20,1,213,0.09389671361502347,0.0,0.0,-1.0,0.0,0.1549892017840381,-0.0,Laste ja noorte kaitse ning toetamine
children,eesti montessori ühing,0,20,1,213,0.09389671361502347,0.0,0.0,-1.0,0.0,0.1549892017840381,-0.0,Laste ja noorte kaitse ning toetamine
children,eesti muuseumiühing ja eesti muuseumide liit,0,20,1,213,0.09389671361502347,0.0,0.0,-1.0,0.0,0.1549892017840381,-0.0,Laste ja noorte kaitse ning toetamine
children,eesti muuseumiühing koostöös eesti muuseumide liiduga,0,20,1,213,0.09389671361502347,0.0,0.0,-1.0,0.0,0.1549892017840381,-0.0,Laste ja noorte kaitse ning toetamine
children,eesti nato ühing,0,20,1,213,0.09389671361502347,0.0,0.0,-1.0,0.0,0.1549892017840381,-0.0,Laste ja noorte kaitse ning toetamine
children,eesti noorteühenduste liit,0,20,1,213,0.09389671361502347,0.0,0.0,-1.0,0.0,0.1549892017840381,-0.0,Laste ja noorte kaitse ning toetamine
children,eesti personalijuhtimise ühing pare,0,20,9,213,0.8450704225352113,0.0,0.0,-1.0,0.0,-0.11042882623718082,-0.0,Laste ja noorte kaitse ning toetamine
children,eesti personalijuhtimise ühing pare ja tööinspektsioon,1,20,9,213,0.8450704225352113,1.1833333333333333,0.03571428571428571,0.03139827295663526,0.03139827295663526,0.0864009395903726,0.005233045492772544,Laste ja noorte kaitse ning toetamine
children,"eesti puuetega naiste ühenduste liit, helpific mtü",0,20,1,213,0.09389671361502347,0.0,0.0,-1.0,0.0,0.1549892017840381,-0.0,Laste ja noorte kaitse ning toetamine
children,eesti roheline liikumine,0,20,2,213,0.18779342723004694,0.0,0.0,-1.0,0.0,0.08812253448730521,-0.0,Laste ja noorte kaitse ning toetamine
children,eesti seksuaaltervise liit,1,20,2,213,0.18779342723004694,5.325,0.047619047619047616,0.3119420952829548,0.3119420952829548,0.3288844993213009,0.0519903492138258,Laste ja noorte kaitse ning toetamine
children,eesti sõjamuuseum,0,20,1,213,0.09389671361502347,0.0,0.0,-1.0,0.0,0.1549892017840381,-0.0,Laste ja noorte kaitse ning toetamine
children,eesti tervisemajanduse koda (health founders estonia),0,20,1,213,0.09389671361502347,0.0,0.0,-1.0,0.0,0.1549892017840381,-0.0,Laste ja noorte kaitse ning toetamine
children,eesti tervisemajanduse koda (health founders),0,20,1,213,0.09389671361502347,0.0,0.0,-1.0,0.0,0.1549892017840381,-0.0,Laste ja noorte kaitse ning toetamine
children,eesti tuuleenergia assotsiatsioon,0,20,2,213,0.18779342723004694,0.0,0.0,-1.0,0.0,0.08812253448730521,-0.0,Laste ja noorte kaitse ning toetamine
children,eesti urantia assotsiatsioon mtü,0,20,1,213,0.09389671361502347,0.0,0.0,-1.0,0.0,0.1549892017840381,-0.0,Laste ja noorte kaitse ning toetamine
children,eesti vaimse tervise ja heaolu koalitsioon vatek,0,20,1,213,0.09389671361502347,0.0,0.0,-1.0,0.0,0.1549892017840381,-0.0,Laste ja noorte kaitse ning toetamine
children,eesti vähitõrje võrgustik (estcan),0,20,5,213,0.4694835680751174,0.0,0.0,-1.0,0.0,-0.02618678827150076,-0.0,Laste ja noorte kaitse ning toetamine
children,eesti väitlusselts,0,20,1,213,0.09389671361502347,0.0,0.0,-1.0,0.0,0.1549892017840381,-0.0,Laste ja noorte kaitse ning toetamine
children,eesti õigusteaduse üliõpilaste liit,1,20,2,213,0.18779342723004694,5.325,0.047619047619047616,0.3119420952829548,0.3119420952829548,0.3288844993213009,0.0519903492138258,Laste ja noorte kaitse ning toetamine
children,"eesti õigusteaduse üliõpilaste liit, rahvusvaheliste suhete ring, feministeerium",1,20,1,213,0.09389671361502347,10.65,0.05,0.4412294310848129,0.4412294310848129,0.4105463295615602,0.07353823851413548,Laste ja noorte kaitse ning toetamine
children,eesti õpilasesinduste liit,0,20,1,213,0.09389671361502347,0.0,0.0,-1.0,0.0,0.1549892017840381,-0.0,Laste ja noorte kaitse ning toetamine
children,eesti üliõpilaskondade liit,0,20,2,213,0.18779342723004694,0.0,0.0,-1.0,0.0,0.08812253448730521,-0.0,Laste ja noorte kaitse ning toetamine
children,eesti üro ühing,0,20,2,213,0.18779342723004694,0.0,0.0,-1.0,0.0,0.08812253448730521,-0.0,Laste ja noorte kaitse ning toetamine
children,eestimaa looduse fond,0,20,2,213,0.18779342723004694,0.0,0.0,-1.0,0.0,0.08812253448730521,-0.0,Laste ja noorte kaitse ning toetamine
children,efektiivne altruism eesti,0,20,2,213,0.18779342723004694,0.0,0.0,-1.0,0.0,0.08812253448730521,-0.0,Laste ja noorte kaitse ning toetamine
children,elisabeth luisk,0,20,1,213,0.09389671361502347,0.0,0.0,-1.0,0.0,0.1549892017840381,-0.0,Laste ja noorte kaitse ning toetamine
children,emn eesti,1,20,1,213,0.09389671361502347,10.65,0.05,0.4412294310848129,0.4412294310848129,0.4105463295615602,0.07353823851413548,Laste ja noorte kaitse ning toetamine
children,eurooopa parlamendi büroo eestis,0,20,1,213,0.09389671361502347,0.0,0.0,-1.0,0.0,0.1549892017840381,-0.0,Laste ja noorte kaitse ning toetamine
children,euroopa komisjoni eesti esindus,0,20,1,213,0.09389671361502347,0.0,0.0,-1.0,0.0,0.1549892017840381,-0.0,Laste ja noorte kaitse ning toetamine
children,"euroopa rändevõrgustiku eesti kontaktpunkt (emn eesti), sisekaitseakadeemia, haridus- ja noorteamet",0,20,1,213,0.09389671361502347,0.0,0.0,-1.0,0.0,0.1549892017840381,-0.0,Laste ja noorte kaitse ning toetamine
children,fenno-ugria asutus,0,20,1,213,0.09389671361502347,0.0,0.0,-1.0,0.0,0.1549892017840381,-0.0,Laste ja noorte kaitse ning toetamine
children,filmifestival horisont,0,20,1,213,0.09389671361502347,0.0,0.0,-1.0,0.0,0.1549892017840381,-0.0,Laste ja noorte kaitse ning toetamine
children,fridays for future eesti (mtü loodusvõlu),0,20,3,213,0.28169014084507044,0.0,0.0,-1.0,0.0,0.040679879025232145,-0.0,Laste ja noorte kaitse ning toetamine
children,geoteaduste üliõpilaste selts,0,20,1,213,0.09389671361502347,0.0,0.0,-1.0,0.0,0.1549892017840381,-0.0,Laste ja noorte kaitse ning toetamine
children,heaoluteaduste tippkeskus estwell,0,20,1,213,0.09389671361502347,0.0,0.0,-1.0,0.0,0.1549892017840381,-0.0,Laste ja noorte kaitse ning toetamine
children,integratsiooni sihtasutus,1,20,1,213,0.09389671361502347,10.65,0.05,0.4412294310848129,0.4412294310848129,0.4105463295615602,0.07353823851413548,Laste ja noorte kaitse ning toetamine
children,justiits- ja digiministeerium,1,20,2,213,0.18779342723004694,5.325,0.047619047619047616,0.3119420952829548,0.3119420952829548,0.3288844993213009,0.0519903492138258,Laste ja noorte kaitse ning toetamine
children,kaitseliit,0,20,1,213,0.09389671361502347,0.0,0.0,-1.0,0.0,0.1549892017840381,-0.0,Laste ja noorte kaitse ning toetamine
children,kaitseministeerium,0,20,1,213,0.09389671361502347,0.0,0.0,-1.0,0.0,0.1549892017840381,-0.0,Laste ja noorte kaitse ning toetamine
children,kaitseministeerium ja parempoolsed,0,20,1,213,0.09389671361502347,0.0,0.0,-1.0,0.0,0.1549892017840381,-0.0,Laste ja noorte kaitse ning toetamine
children,kaitseressursside amet,0,20,1,213,0.09389671361502347,0.0,0.0,-1.0,0.0,0.1549892017840381,-0.0,Laste ja noorte kaitse ning toetamine
children,kaja pae,0,20,1,213,0.09389671361502347,0.0,0.0,-1.0,0.0,0.1549892017840381,-0.0,Laste ja noorte kaitse ning toetamine
children,keskkonnainvesteeringute keskus,0,20,2,213,0.18779342723004694,0.0,0.0,-1.0,0.0,0.08812253448730521,-0.0,Laste ja noorte kaitse ning toetamine
children,keskkonnainvesteeringute keskus (kik),0,20,1,213,0.09389671361502347,0.0,0.0,-1.0,0.0,0.1549892017840381,-0.0,Laste ja noorte kaitse ning toetamine
children,kogu ala ühispaneel,0,20,1,213,0.09389671361502347,0.0,0.0,-1.0,0.0,0.1549892017840381,-0.0,Laste ja noorte kaitse ning toetamine
children,kood/järva,0,20,1,213,0.09389671361502347,0.0,0.0,-1.0,0.0,0.1549892017840381,-0.0,Laste ja noorte kaitse ning toetamine
children,kood/jõhvi,0,20,1,213,0.09389671361502347,0.0,0.0,-1.0,0.0,0.1549892017840381,-0.0,Laste ja noorte kaitse ning toetamine
children,kood/jõhvi ja haridus- ja noorteamet,0,20,1,213,0.09389671361502347,0.0,0.0,-1.0,0.0,0.1549892017840381,-0.0,Laste ja noorte kaitse ning toetamine
children,korruptsioonivaba eesti mtü,0,20,1,213,0.09389671361502347,0.0,0.0,-1.0,0.0,0.1549892017840381,-0.0,Laste ja noorte kaitse ning toetamine
children,kultuuriministeerium,0,20,1,213,0.09389671361502347,0.0,0.0,-1.0,0.0,0.1549892017840381,-0.0,Laste ja noorte kaitse ning toetamine
children,lasteklubi väike päike,1,20,3,213,0.28169014084507044,3.55,0.045454545454545456,0.23631385202072405,0.23631385202072405,0.27094450869341136,0.039385642003454006,Laste ja noorte kaitse ning toetamine
children,loodushoiu fond,0,20,1,213,0.09389671361502347,0.0,0.0,-1.0,0.0,0.1549892017840381,-0.0,Laste ja noorte kaitse ning toetamine
children,loomus mtü,0,20,1,213,0.09389671361502347,0.0,0.0,-1.0,0.0,0.1549892017840381,-0.0,Laste ja noorte kaitse ning toetamine
children,magnum as,0,20,2,213,0.18779342723004694,0.0,0.0,-1.0,0.0,0.08812253448730521,-0.0,Laste ja noorte kaitse ning toetamine
children,maililii oü,0,20,1,213,0.09389671361502347,0.0,0.0,-1.0,0.0,0.1549892017840381,-0.0,Laste ja noorte kaitse ning toetamine
children,meta advisory oü,0,20,1,213,0.09389671361502347,0.0,0.0,-1.0,0.0,0.1549892017840381,-0.0,Laste ja noorte kaitse ning toetamine
children,mtü arvamusfestival,0,20,4,213,0.3755868544600939,0.0,0.0,-1.0,0.0,0.0038804965216251426,-0.0,Laste ja noorte kaitse ning toetamine
children,mtü eesti jõujaamade ja kaugkütte ühing,0,20,1,213,0.09389671361502347,0.0,0.0,-1.0,0.0,0.1549892017840381,-0.0,Laste ja noorte kaitse ning toetamine
children,mtü eesti psühholoogiaüliõpilaste ühendus,0,20,1,213,0.09389671361502347,0.0,0.0,-1.0,0.0,0.1549892017840381,-0.0,Laste ja noorte kaitse ning toetamine
children,mtü eesti taastuvenergia koda,0,20,7,213,0.6572769953051644,0.0,0.0,-1.0,0.0,-0.0736294437335738,-0.0,Laste ja noorte kaitse ning toetamine
children,"mtü esto-rada, multikey online school",0,20,1,213,0.09389671361502347,0.0,0.0,-1.0,0.0,0.1549892017840381,-0.0,Laste ja noorte kaitse ning toetamine
children,mtü kodanikupalga ümarlaud eestis,0,20,1,213,0.09389671361502347,0.0,0.0,-1.0,0.0,0.1549892017840381,-0.0,Laste ja noorte kaitse ning toetamine
children,mtü lastekaitse liit,1,20,1,213,0.09389671361502347,10.65,0.05,0.4412294310848129,0.4412294310848129,0.4105463295615602,0.07353823851413548,Laste ja noorte kaitse ning toetamine
children,mtü lastekaitse liit ja tallinna raamatukogud,0,20,1,213,0.09389671361502347,0.0,0.0,-1.0,0.0,0.1549892017840381,-0.0,Laste ja noorte kaitse ning toetamine
children,mtü progressiivne liikumine,0,20,2,213,0.18779342723004694,0.0,0.0,-1.0,0.0,0.08812253448730521,-0.0,Laste ja noorte kaitse ning toetamine
children,mtü teadveloleku kompetentsikeskus toko,0,20,1,213,0.09389671361502347,0.0,0.0,-1.0,0.0,0.1549892017840381,-0.0,Laste ja noorte kaitse ning toetamine
children,novartis,0,20,1,213,0.09389671361502347,0.0,0.0,-1.0,0.0,0.1549892017840381,-0.0,Laste ja noorte kaitse ning toetamine
children,paide gümnaasium,1,20,3,213,0.28169014084507044,3.55,0.045454545454545456,0.23631385202072405,0.23631385202072405,0.27094450869341136,0.039385642003454006,Laste ja noorte kaitse ning toetamine
children,pullivara group,0,20,1,213,0.09389671361502347,0.0,0.0,-1.0,0.0,0.1549892017840381,-0.0,Laste ja noorte kaitse ning toetamine
children,päästame eesti metsad mtü,0,20,1,213,0.09389671361502347,0.0,0.0,-1.0,0.0,0.1549892017840381,-0.0,Laste ja noorte kaitse ning toetamine
children,põllumajandus- ja toiduamet,0,20,1,213,0.09389671361502347,0.0,0.0,-1.0,0.0,0.1549892017840381,-0.0,Laste ja noorte kaitse ning toetamine
children,rail baltic estonia,0,20,2,213,0.18779342723004694,0.0,0.0,-1.0,0.0,0.08812253448730521,-0.0,Laste ja noorte kaitse ning toetamine
children,regionaal- ja põllumajandusministeerium,0,20,1,213,0.09389671361502347,0.0,0.0,-1.0,0.0,0.1549892017840381,-0.0,Laste ja noorte kaitse ning toetamine
children,roche,0,20,1,213,0.09389671361502347,0.0,0.0,-1.0,0.0,0.1549892017840381,-0.0,Laste ja noorte kaitse ning toetamine
children,roche eesti oü,0,20,1,213,0.09389671361502347,0.0,0.0,-1.0,0.0,0.1549892017840381,-0.0,Laste ja noorte kaitse ning toetamine
children,sa õpilasmalev,1,20,1,213,0.09389671361502347,10.65,0.05,0.4412294310848129,0.4412294310848129,0.4105463295615602,0.07353823851413548,Laste ja noorte kaitse ning toetamine
children,saaremaa gümnaasiumi õpilasesindus,0,20,1,213,0.09389671361502347,0.0,0.0,-1.0,0.0,0.1549892017840381,-0.0,Laste ja noorte kaitse ning toetamine
children,sihtasutus eesti teadusagentuur (etag),0,20,2,213,0.18779342723004694,0.0,0.0,-1.0,0.0,0.08812253448730521,-0.0,Laste ja noorte kaitse ning toetamine
children,sihtasutus iga laps on andekas,1,20,1,213,0.09389671361502347,10.65,0.05,0.4412294310848129,0.4412294310848129,0.4105463295615602,0.07353823851413548,Laste ja noorte kaitse ning toetamine
children,sihtasutus järvamaa,0,20,1,213,0.09389671361502347,0.0,0.0,-1.0,0.0,0.1549892017840381,-0.0,Laste ja noorte kaitse ning toetamine
children,sihtasutus roheriiger,0,20,1,213,0.09389671361502347,0.0,0.0,-1.0,0.0,0.1549892017840381,-0.0,Laste ja noorte kaitse ning toetamine
children,sihtasutus rohetiiger,0,20,3,213,0.28169014084507044,0.0,0.0,-1.0,0.0,0.040679879025232145,-0.0,Laste ja noorte kaitse ning toetamine
children,siseministeerium,0,20,1,213,0.09389671361502347,0.0,0.0,-1.0,0.0,0.1549892017840381,-0.0,Laste ja noorte kaitse ning toetamine
children,synlab,0,20,1,213,0.09389671361502347,0.0,0.0,-1.0,0.0,0.1549892017840381,-0.0,Laste ja noorte kaitse ning toetamine
children,taastuvenergia koda,0,20,1,213,0.09389671361502347,0.0,0.0,-1.0,0.0,0.1549892017840381,-0.0,Laste ja noorte kaitse ning toetamine
children,tallinna ettevõtlusinkubaator,0,20,1,213,0.09389671361502347,0.0,0.0,-1.0,0.0,0.1549892017840381,-0.0,Laste ja noorte kaitse ning toetamine
children,tallinna lastekodu,1,20,1,213,0.09389671361502347,10.65,0.05,0.4412294310848129,0.4412294310848129,0.4105463295615602,0.07353823851413548,Laste ja noorte kaitse ning toetamine
children,tallinna tehnikaülikool,0,20,1,213,0.09389671361502347,0.0,0.0,-1.0,0.0,0.1549892017840381,-0.0,Laste ja noorte kaitse ning toetamine
children,"tallinna tehnikaülikool, vastutustundliku majanduse ja esg fookustippkeskus",0,20,1,213,0.09389671361502347,0.0,0.0,-1.0,0.0,0.1549892017840381,-0.0,Laste ja noorte kaitse ning toetamine
children,tallinna vesi,0,20,2,213,0.18779342723004694,0.0,0.0,-1.0,0.0,0.08812253448730521,-0.0,Laste ja noorte kaitse ning toetamine
children,"tallinna ülikool, tartu ülikool, eesti maaülikool",0,20,1,213,0.09389671361502347,0.0,0.0,-1.0,0.0,0.1549892017840381,-0.0,Laste ja noorte kaitse ning toetamine
children,taltech,0,20,1,213,0.09389671361502347,0.0,0.0,-1.0,0.0,0.1549892017840381,-0.0,Laste ja noorte kaitse ning toetamine
children,tartu kristjan jaak petersoni gümnaasium / kultuuriministeerium,0,20,1,213,0.09389671361502347,0.0,0.0,-1.0,0.0,0.1549892017840381,-0.0,Laste ja noorte kaitse ning toetamine
children,tartu ülikool,0,20,1,213,0.09389671361502347,0.0,0.0,-1.0,0.0,0.1549892017840381,-0.0,Laste ja noorte kaitse ning toetamine
children,tartumaa omavalitsuste liit,1,20,2,213,0.18779342723004694,5.325,0.047619047619047616,0.3119420952829548,0.3119420952829548,0.3288844993213009,0.0519903492138258,Laste ja noorte kaitse ning toetamine
children,telia,2,20,5,213,0.4694835680751174,4.26,0.08695652173913043,0.31045932911076274,0.31045932911076274,0.3256699032584324,0.08870266546021792,Laste ja noorte kaitse ning toetamine
children,"telia, eesti interneti sihtasutus",0,20,1,213,0.09389671361502347,0.0,0.0,-1.0,0.0,0.1549892017840381,-0.0,Laste ja noorte kaitse ning toetamine
children,tervise tuleviku ala korraldajate ühispaneel,0,20,1,213,0.09389671361502347,0.0,0.0,-1.0,0.0,0.1549892017840381,-0.0,Laste ja noorte kaitse ning toetamine
children,tuum consulting,0,20,1,213,0.09389671361502347,0.0,0.0,-1.0,0.0,0.1549892017840381,-0.0,Laste ja noorte kaitse ning toetamine
children,vabaühenduste liit,0,20,2,213,0.18779342723004694,0.0,0.0,-1.0,0.0,0.08812253448730521,-0.0,Laste ja noorte kaitse ning toetamine
children,vau haldus,0,20,1,213,0.09389671361502347,0.0,0.0,-1.0,0.0,0.1549892017840381,-0.0,Laste ja noorte kaitse ning toetamine
children,vindr baltic oü ja vkg,0,20,1,213,0.09389671361502347,0.0,0.0,-1.0,0.0,0.1549892017840381,-0.0,Laste ja noorte kaitse ning toetamine
children,välisministeerium,0,20,6,213,0.5633802816901409,0.0,0.0,-1.0,0.0,-0.05160831534116115,-0.0,Laste ja noorte kaitse ning toetamine
children,välisministeerium & rahvusvaheliste suhete ring,0,20,1,213,0.09389671361502347,0.0,0.0,-1.0,0.0,0.1549892017840381,-0.0,Laste ja noorte kaitse ning toetamine
children,ühendus kultuuritahe,0,20,3,213,0.28169014084507044,0.0,0.0,-1.0,0.0,0.040679879025232145,-0.0,Laste ja noorte kaitse ning toetamine
children,üro pagulasamet,0,20,1,213,0.09389671361502347,0.0,0.0,-1.0,0.0,0.1549892017840381,-0.0,Laste ja noorte kaitse ning toetamine
climate,adven eesti as,2,37,2,213,0.3474178403755869,5.756756756756756,0.05405405405405406,0.3749614158586703,0.3749614158586703,0.3481386179545589,0.10713183310247723,"Kliima, rohepööre ja kestlik tarbimine"
climate,allium upi oü,0,37,1,213,0.17370892018779344,0.0,0.0,-1.0,0.0,0.057184991774541366,-0.0,"Kliima, rohepööre ja kestlik tarbimine"
climate,apotheka,0,37,1,213,0.17370892018779344,0.0,0.0,-1.0,0.0,0.057184991774541366,-0.0,"Kliima, rohepööre ja kestlik tarbimine"
climate,arengukoostöö ümarlaud (akü),1,37,1,213,0.17370892018779344,5.756756756756756,0.02702702702702703,0.3264836533738103,0.3264836533738103,0.2911016029515886,0.054413942228968386,"Kliima, rohepööre ja kestlik tarbimine"
climate,avatud eesti fond,0,37,1,213,0.17370892018779344,0.0,0.0,-1.0,0.0,0.057184991774541366,-0.0,"Kliima, rohepööre ja kestlik tarbimine"
climate,bonava eesti,0,37,1,213,0.17370892018779344,0.0,0.0,-1.0,0.0,0.057184991774541366,-0.0,"Kliima, rohepööre ja kestlik tarbimine"
climate,confido,0,37,1,213,0.17370892018779344,0.0,0.0,-1.0,0.0,0.057184991774541366,-0.0,"Kliima, rohepööre ja kestlik tarbimine"
climate,confido meditsiinikeskus,0,37,1,213,0.17370892018779344,0.0,0.0,-1.0,0.0,0.057184991774541366,-0.0,"Kliima, rohepööre ja kestlik tarbimine"
climate,eena (eesti ettevõtlike naiste assotsiatsioon),1,37,1,213,0.17370892018779344,5.756756756756756,0.02702702702702703,0.3264836533738103,0.3264836533738103,0.2911016029515886,0.054413942228968386,"Kliima, rohepööre ja kestlik tarbimine"
climate,eesti ametiühingute keskliit,0,37,1,213,0.17370892018779344,0.0,0.0,-1.0,0.0,0.057184991774541366,-0.0,"Kliima, rohepööre ja kestlik tarbimine"
climate,eesti arhitektide liit / maa- ja ruumiamet,0,37,1,213,0.17370892018779344,0.0,0.0,-1.0,0.0,0.057184991774541366,-0.0,"Kliima, rohepööre ja kestlik tarbimine"
climate,eesti arhitektide liit mtü,0,37,1,213,0.17370892018779344,0.0,0.0,-1.0,0.0,0.057184991774541366,-0.0,"Kliima, rohepööre ja kestlik tarbimine"
climate,eesti e-residentsuse programm,0,37,8,213,1.3896713615023475,0.0,0.0,-1.0,0.0,-0.19085766557773043,-0.0,"Kliima, rohepööre ja kestlik tarbimine"
climate,eesti hambaarstide liit,0,37,2,213,0.3474178403755869,0.0,0.0,-1.0,0.0,-0.009681675522191558,-0.0,"Kliima, rohepööre ja kestlik tarbimine"
climate,eesti interneti sa,0,37,3,213,0.5211267605633803,0.0,0.0,-1.0,0.0,-0.0571243309842646,-0.0,"Kliima, rohepööre ja kestlik tarbimine"
climate,eesti jõujaamade ja kaugkütte ühing,1,37,1,213,0.17370892018779344,5.756756756756756,0.02702702702702703,0.3264836533738103,0.3264836533738103,0.2911016029515886,0.054413942228968386,"Kliima, rohepööre ja kestlik tarbimine"
climate,eesti kaitsevägi,0,37,2,213,0.3474178403755869,0.0,0.0,-1.0,0.0,-0.009681675522191558,-0.0,"Kliima, rohepööre ja kestlik tarbimine"
climate,eesti kaubandus-tööstuskoda,0,37,1,213,0.17370892018779344,0.0,0.0,-1.0,0.0,0.057184991774541366,-0.0,"Kliima, rohepööre ja kestlik tarbimine"
climate,eesti keele instituut,0,37,1,213,0.17370892018779344,0.0,0.0,-1.0,0.0,0.057184991774541366,-0.0,"Kliima, rohepööre ja kestlik tarbimine"
climate,eesti kohtud,0,37,1,213,0.17370892018779344,0.0,0.0,-1.0,0.0,0.057184991774541366,-0.0,"Kliima, rohepööre ja kestlik tarbimine"
climate,eesti kultuuri koda,0,37,1,213,0.17370892018779344,0.0,0.0,-1.0,0.0,0.057184991774541366,-0.0,"Kliima, rohepööre ja kestlik tarbimine"
climate,eesti kunstikoolide liidu noorteühendus,0,37,1,213,0.17370892018779344,0.0,0.0,-1.0,0.0,0.057184991774541366,-0.0,"Kliima, rohepööre ja kestlik tarbimine"
climate,eesti kunstikoolide liit (noored),0,37,1,213,0.17370892018779344,0.0,0.0,-1.0,0.0,0.057184991774541366,-0.0,"Kliima, rohepööre ja kestlik tarbimine"
climate,eesti lastehoidude liit,0,37,2,213,0.3474178403755869,0.0,0.0,-1.0,0.0,-0.009681675522191558,-0.0,"Kliima, rohepööre ja kestlik tarbimine"
climate,eesti loomaarstide koda (elk),0,37,1,213,0.17370892018779344,0.0,0.0,-1.0,0.0,0.057184991774541366,-0.0,"Kliima, rohepööre ja kestlik tarbimine"
climate,eesti maaülikool,2,37,2,213,0.3474178403755869,5.756756756756756,0.05405405405405406,0.3749614158586703,0.3749614158586703,0.3481386179545589,0.10713183310247723,"Kliima, rohepööre ja kestlik tarbimine"
climate,"eesti maaülikool, veterinaarmeditsiini ja loomakasvatuse instituut",0,37,1,213,0.17370892018779344,0.0,0.0,-1.0,0.0,0.057184991774541366,-0.0,"Kliima, rohepööre ja kestlik tarbimine"
climate,eesti matemaatika selts,0,37,1,213,0.17370892018779344,0.0,0.0,-1.0,0.0,0.057184991774541366,-0.0,"Kliima, rohepööre ja kestlik tarbimine"
climate,eesti montessori ühing,0,37,1,213,0.17370892018779344,0.0,0.0,-1.0,0.0,0.057184991774541366,-0.0,"Kliima, rohepööre ja kestlik tarbimine"
climate,eesti muuseumiühing ja eesti muuseumide liit,0,37,1,213,0.17370892018779344,0.0,0.0,-1.0,0.0,0.057184991774541366,-0.0,"Kliima, rohepööre ja kestlik tarbimine"
climate,eesti muuseumiühing koostöös eesti muuseumide liiduga,0,37,1,213,0.17370892018779344,0.0,0.0,-1.0,0.0,0.057184991774541366,-0.0,"Kliima, rohepööre ja kestlik tarbimine"
climate,eesti nato ühing,0,37,1,213,0.17370892018779344,0.0,0.0,-1.0,0.0,0.057184991774541366,-0.0,"Kliima, rohepööre ja kestlik tarbimine"
climate,eesti noorteühenduste liit,0,37,1,213,0.17370892018779344,0.0,0.0,-1.0,0.0,0.057184991774541366,-0.0,"Kliima, rohepööre ja kestlik tarbimine"
climate,eesti personalijuhtimise ühing pare,0,37,9,213,1.5633802816901408,0.0,0.0,-1.0,0.0,-0.20823303624667758,-0.0,"Kliima, rohepööre ja kestlik tarbimine"
climate,eesti personalijuhtimise ühing pare ja tööinspektsioon,1,37,9,213,1.5633802816901408,0.6396396396396397,0.022222222222222223,-0.08334750475436734,0.0,-0.03304378701959889,-0.013891250792394555,"Kliima, rohepööre ja kestlik tarbimine"
climate,"eesti puuetega naiste ühenduste liit, helpific mtü",0,37,1,213,0.17370892018779344,0.0,0.0,-1.0,0.0,0.057184991774541366,-0.0,"Kliima, rohepööre ja kestlik tarbimine"
climate,eesti roheline liikumine,0,37,2,213,0.3474178403755869,0.0,0.0,-1.0,0.0,-0.009681675522191558,-0.0,"Kliima, rohepööre ja kestlik tarbimine"
climate,eesti seksuaaltervise liit,0,37,2,213,0.3474178403755869,0.0,0.0,-1.0,0.0,-0.009681675522191558,-0.0,"Kliima, rohepööre ja kestlik tarbimine"
climate,eesti sõjamuuseum,0,37,1,213,0.17370892018779344,0.0,0.0,-1.0,0.0,0.057184991774541366,-0.0,"Kliima, rohepööre ja kestlik tarbimine"
climate,eesti tervisemajanduse koda (health founders estonia),0,37,1,213,0.17370892018779344,0.0,0.0,-1.0,0.0,0.057184991774541366,-0.0,"Kliima, rohepööre ja kestlik tarbimine"
climate,eesti tervisemajanduse koda (health founders),0,37,1,213,0.17370892018779344,0.0,0.0,-1.0,0.0,0.057184991774541366,-0.0,"Kliima, rohepööre ja kestlik tarbimine"
climate,eesti tuuleenergia assotsiatsioon,0,37,2,213,0.3474178403755869,0.0,0.0,-1.0,0.0,-0.009681675522191558,-0.0,"Kliima, rohepööre ja kestlik tarbimine"
climate,eesti urantia assotsiatsioon mtü,0,37,1,213,0.17370892018779344,0.0,0.0,-1.0,0.0,0.057184991774541366,-0.0,"Kliima, rohepööre ja kestlik tarbimine"
climate,eesti vaimse tervise ja heaolu koalitsioon vatek,0,37,1,213,0.17370892018779344,0.0,0.0,-1.0,0.0,0.057184991774541366,-0.0,"Kliima, rohepööre ja kestlik tarbimine"
climate,eesti vähitõrje võrgustik (estcan),0,37,5,213,0.8685446009389671,0.0,0.0,-1.0,0.0,-0.12399099828099752,-0.0,"Kliima, rohepööre ja kestlik tarbimine"
climate,eesti väitlusselts,0,37,1,213,0.17370892018779344,0.0,0.0,-1.0,0.0,0.057184991774541366,-0.0,"Kliima, rohepööre ja kestlik tarbimine"
climate,eesti õigusteaduse üliõpilaste liit,0,37,2,213,0.3474178403755869,0.0,0.0,-1.0,0.0,-0.009681675522191558,-0.0,"Kliima, rohepööre ja kestlik tarbimine"
climate,"eesti õigusteaduse üliõpilaste liit, rahvusvaheliste suhete ring, feministeerium",0,37,1,213,0.17370892018779344,0.0,0.0,-1.0,0.0,0.057184991774541366,-0.0,"Kliima, rohepööre ja kestlik tarbimine"
climate,eesti õpilasesinduste liit,0,37,1,213,0.17370892018779344,0.0,0.0,-1.0,0.0,0.057184991774541366,-0.0,"Kliima, rohepööre ja kestlik tarbimine"
climate,eesti üliõpilaskondade liit,0,37,2,213,0.3474178403755869,0.0,0.0,-1.0,0.0,-0.009681675522191558,-0.0,"Kliima, rohepööre ja kestlik tarbimine"
climate,eesti üro ühing,0,37,2,213,0.3474178403755869,0.0,0.0,-1.0,0.0,-0.009681675522191558,-0.0,"Kliima, rohepööre ja kestlik tarbimine"
climate,eestimaa looduse fond,1,37,2,213,0.3474178403755869,2.878378378378378,0.02631578947368421,0.19719631757195225,0.19719631757195225,0.20943977271132946,0.032866052928658705,"Kliima, rohepööre ja kestlik tarbimine"
climate,efektiivne altruism eesti,0,37,2,213,0.3474178403755869,0.0,0.0,-1.0,0.0,-0.009681675522191558,-0.0,"Kliima, rohepööre ja kestlik tarbimine"
climate,elisabeth luisk,0,37,1,213,0.17370892018779344,0.0,0.0,-1.0,0.0,0.057184991774541366,-0.0,"Kliima, rohepööre ja kestlik tarbimine"
climate,emn eesti,0,37,1,213,0.17370892018779344,0.0,0.0,-1.0,0.0,0.057184991774541366,-0.0,"Kliima, rohepööre ja kestlik tarbimine"
climate,eurooopa parlamendi büroo eestis,0,37,1,213,0.17370892018779344,0.0,0.0,-1.0,0.0,0.057184991774541366,-0.0,"Kliima, rohepööre ja kestlik tarbimine"
climate,euroopa komisjoni eesti esindus,0,37,1,213,0.17370892018779344,0.0,0.0,-1.0,0.0,0.057184991774541366,-0.0,"Kliima, rohepööre ja kestlik tarbimine"
climate,"euroopa rändevõrgustiku eesti kontaktpunkt (emn eesti), sisekaitseakadeemia, haridus- ja noorteamet",0,37,1,213,0.17370892018779344,0.0,0.0,-1.0,0.0,0.057184991774541366,-0.0,"Kliima, rohepööre ja kestlik tarbimine"
climate,fenno-ugria asutus,0,37,1,213,0.17370892018779344,0.0,0.0,-1.0,0.0,0.057184991774541366,-0.0,"Kliima, rohepööre ja kestlik tarbimine"
climate,filmifestival horisont,0,37,1,213,0.17370892018779344,0.0,0.0,-1.0,0.0,0.057184991774541366,-0.0,"Kliima, rohepööre ja kestlik tarbimine"
climate,fridays for future eesti (mtü loodusvõlu),3,37,3,213,0.5211267605633803,5.756756756756757,0.08108108108108109,0.4106276576133881,0.4106276576133881,0.3884334644965123,0.15398537160502054,"Kliima, rohepööre ja kestlik tarbimine"
climate,geoteaduste üliõpilaste selts,1,37,1,213,0.17370892018779344,5.756756756756756,0.02702702702702703,0.3264836533738103,0.3264836533738103,0.2911016029515886,0.054413942228968386,"Kliima, rohepööre ja kestlik tarbimine"
climate,heaoluteaduste tippkeskus estwell,0,37,1,213,0.17370892018779344,0.0,0.0,-1.0,0.0,0.057184991774541366,-0.0,"Kliima, rohepööre ja kestlik tarbimine"
climate,integratsiooni sihtasutus,0,37,1,213,0.17370892018779344,0.0,0.0,-1.0,0.0,0.057184991774541366,-0.0,"Kliima, rohepööre ja kestlik tarbimine"
climate,justiits- ja digiministeerium,0,37,2,213,0.3474178403755869,0.0,0.0,-1.0,0.0,-0.009681675522191558,-0.0,"Kliima, rohepööre ja kestlik tarbimine"
climate,kaitseliit,0,37,1,213,0.17370892018779344,0.0,0.0,-1.0,0.0,0.057184991774541366,-0.0,"Kliima, rohepööre ja kestlik tarbimine"
climate,kaitseministeerium,0,37,1,213,0.17370892018779344,0.0,0.0,-1.0,0.0,0.057184991774541366,-0.0,"Kliima, rohepööre ja kestlik tarbimine"
climate,kaitseministeerium ja parempoolsed,0,37,1,213,0.17370892018779344,0.0,0.0,-1.0,0.0,0.057184991774541366,-0.0,"Kliima, rohepööre ja kestlik tarbimine"
climate,kaitseressursside amet,0,37,1,213,0.17370892018779344,0.0,0.0,-1.0,0.0,0.057184991774541366,-0.0,"Kliima, rohepööre ja kestlik tarbimine"
climate,kaja pae,0,37,1,213,0.17370892018779344,0.0,0.0,-1.0,0.0,0.057184991774541366,-0.0,"Kliima, rohepööre ja kestlik tarbimine"
climate,keskkonnainvesteeringute keskus,1,37,2,213,0.3474178403755869,2.878378378378378,0.02631578947368421,0.19719631757195225,0.19719631757195225,0.20943977271132946,0.032866052928658705,"Kliima, rohepööre ja kestlik tarbimine"
climate,keskkonnainvesteeringute keskus (kik),1,37,1,213,0.17370892018779344,5.756756756756756,0.02702702702702703,0.3264836533738103,0.3264836533738103,0.2911016029515886,0.054413942228968386,"Kliima, rohepööre ja kestlik tarbimine"
climate,kogu ala ühispaneel,0,37,1,213,0.17370892018779344,0.0,0.0,-1.0,0.0,0.057184991774541366,-0.0,"Kliima, rohepööre ja kestlik tarbimine"
climate,kood/järva,0,37,1,213,0.17370892018779344,0.0,0.0,-1.0,0.0,0.057184991774541366,-0.0,"Kliima, rohepööre ja kestlik tarbimine"
climate,kood/jõhvi,0,37,1,213,0.17370892018779344,0.0,0.0,-1.0,0.0,0.057184991774541366,-0.0,"Kliima, rohepööre ja kestlik tarbimine"
climate,kood/jõhvi ja haridus- ja noorteamet,0,37,1,213,0.17370892018779344,0.0,0.0,-1.0,0.0,0.057184991774541366,-0.0,"Kliima, rohepööre ja kestlik tarbimine"
climate,korruptsioonivaba eesti mtü,0,37,1,213,0.17370892018779344,0.0,0.0,-1.0,0.0,0.057184991774541366,-0.0,"Kliima, rohepööre ja kestlik tarbimine"
climate,kultuuriministeerium,0,37,1,213,0.17370892018779344,0.0,0.0,-1.0,0.0,0.057184991774541366,-0.0,"Kliima, rohepööre ja kestlik tarbimine"
climate,lasteklubi väike päike,0,37,3,213,0.5211267605633803,0.0,0.0,-1.0,0.0,-0.0571243309842646,-0.0,"Kliima, rohepööre ja kestlik tarbimine"
climate,loodushoiu fond,1,37,1,213,0.17370892018779344,5.756756756756756,0.02702702702702703,0.3264836533738103,0.3264836533738103,0.2911016029515886,0.054413942228968386,"Kliima, rohepööre ja kestlik tarbimine"
climate,loomus mtü,0,37,1,213,0.17370892018779344,0.0,0.0,-1.0,0.0,0.057184991774541366,-0.0,"Kliima, rohepööre ja kestlik tarbimine"
climate,magnum as,0,37,2,213,0.3474178403755869,0.0,0.0,-1.0,0.0,-0.009681675522191558,-0.0,"Kliima, rohepööre ja kestlik tarbimine"
climate,maililii oü,0,37,1,213,0.17370892018779344,0.0,0.0,-1.0,0.0,0.057184991774541366,-0.0,"Kliima, rohepööre ja kestlik tarbimine"
climate,meta advisory oü,1,37,1,213,0.17370892018779344,5.756756756756756,0.02702702702702703,0.3264836533738103,0.3264836533738103,0.2911016029515886,0.054413942228968386,"Kliima, rohepööre ja kestlik tarbimine"
climate,mtü arvamusfestival,2,37,4,213,0.6948356807511737,2.878378378378378,0.05128205128205128,0.22647691446357288,0.22647691446357288,0.23345837643058995,0.06470768984673511,"Kliima, rohepööre ja kestlik tarbimine"
climate,mtü eesti jõujaamade ja kaugkütte ühing,1,37,1,213,0.17370892018779344,5.756756756756756,0.02702702702702703,0.3264836533738103,0.3264836533738103,0.2911016029515886,0.054413942228968386,"Kliima, rohepööre ja kestlik tarbimine"
climate,mtü eesti psühholoogiaüliõpilaste ühendus,0,37,1,213,0.17370892018779344,0.0,0.0,-1.0,0.0,0.057184991774541366,-0.0,"Kliima, rohepööre ja kestlik tarbimine"
climate,mtü eesti taastuvenergia koda,5,37,7,213,1.215962441314554,4.1119691119691115,0.1282051282051282,0.3768541955513512,0.3768541955513512,0.37053988055164244,0.1884270977756756,"Kliima, rohepööre ja kestlik tarbimine"
climate,"mtü esto-rada, multikey online school",0,37,1,213,0.17370892018779344,0.0,0.0,-1.0,0.0,0.057184991774541366,-0.0,"Kliima, rohepööre ja kestlik tarbimine"
climate,mtü kodanikupalga ümarlaud eestis,0,37,1,213,0.17370892018779344,0.0,0.0,-1.0,0.0,0.057184991774541366,-0.0,"Kliima, rohepööre ja kestlik tarbimine"
climate,mtü lastekaitse liit,0,37,1,213,0.17370892018779344,0.0,0.0,-1.0,0.0,0.057184991774541366,-0.0,"Kliima, rohepööre ja kestlik tarbimine"
climate,mtü lastekaitse liit ja tallinna raamatukogud,0,37,1,213,0.17370892018779344,0.0,0.0,-1.0,0.0,0.057184991774541366,-0.0,"Kliima, rohepööre ja kestlik tarbimine"
climate,mtü progressiivne liikumine,1,37,2,213,0.3474178403755869,2.878378378378378,0.02631578947368421,0.19719631757195225,0.19719631757195225,0.20943977271132946,0.032866052928658705,"Kliima, rohepööre ja kestlik tarbimine"
climate,mtü teadveloleku kompetentsikeskus toko,0,37,1,213,0.17370892018779344,0.0,0.0,-1.0,0.0,0.057184991774541366,-0.0,"Kliima, rohepööre ja kestlik tarbimine"
climate,novartis,0,37,1,213,0.17370892018779344,0.0,0.0,-1.0,0.0,0.057184991774541366,-0.0,"Kliima, rohepööre ja kestlik tarbimine"
climate,paide gümnaasium,0,37,3,213,0.5211267605633803,0.0,0.0,-1.0,0.0,-0.0571243309842646,-0.0,"Kliima, rohepööre ja kestlik tarbimine"
climate,pullivara group,1,37,1,213,0.17370892018779344,5.756756756756756,0.02702702702702703,0.3264836533738103,0.3264836533738103,0.2911016029515886,0.054413942228968386,"Kliima, rohepööre ja kestlik tarbimine"
climate,päästame eesti metsad mtü,0,37,1,213,0.17370892018779344,0.0,0.0,-1.0,0.0,0.057184991774541366,-0.0,"Kliima, rohepööre ja kestlik tarbimine"
climate,põllumajandus- ja toiduamet,0,37,1,213,0.17370892018779344,0.0,0.0,-1.0,0.0,0.057184991774541366,-0.0,"Kliima, rohepööre ja kestlik tarbimine"
climate,rail baltic estonia,0,37,2,213,0.3474178403755869,0.0,0.0,-1.0,0.0,-0.009681675522191558,-0.0,"Kliima, rohepööre ja kestlik tarbimine"
climate,regionaal- ja põllumajandusministeerium,0,37,1,213,0.17370892018779344,0.0,0.0,-1.0,0.0,0.057184991774541366,-0.0,"Kliima, rohepööre ja kestlik tarbimine"
climate,roche,0,37,1,213,0.17370892018779344,0.0,0.0,-1.0,0.0,0.057184991774541366,-0.0,"Kliima, rohepööre ja kestlik tarbimine"
climate,roche eesti oü,0,37,1,213,0.17370892018779344,0.0,0.0,-1.0,0.0,0.057184991774541366,-0.0,"Kliima, rohepööre ja kestlik tarbimine"
climate,sa õpilasmalev,0,37,1,213,0.17370892018779344,0.0,0.0,-1.0,0.0,0.057184991774541366,-0.0,"Kliima, rohepööre ja kestlik tarbimine"
climate,saaremaa gümnaasiumi õpilasesindus,0,37,1,213,0.17370892018779344,0.0,0.0,-1.0,0.0,0.057184991774541366,-0.0,"Kliima, rohepööre ja kestlik tarbimine"
climate,sihtasutus eesti teadusagentuur (etag),1,37,2,213,0.3474178403755869,2.878378378378378,0.02631578947368421,0.19719631757195225,0.19719631757195225,0.20943977271132946,0.032866052928658705,"Kliima, rohepööre ja kestlik tarbimine"
climate,sihtasutus iga laps on andekas,0,37,1,213,0.17370892018779344,0.0,0.0,-1.0,0.0,0.057184991774541366,-0.0,"Kliima, rohepööre ja kestlik tarbimine"
climate,sihtasutus järvamaa,0,37,1,213,0.17370892018779344,0.0,0.0,-1.0,0.0,0.057184991774541366,-0.0,"Kliima, rohepööre ja kestlik tarbimine"
climate,sihtasutus roheriiger,0,37,1,213,0.17370892018779344,0.0,0.0,-1.0,0.0,0.057184991774541366,-0.0,"Kliima, rohepööre ja kestlik tarbimine"
climate,sihtasutus rohetiiger,2,37,3,213,0.5211267605633803,3.837837837837838,0.05263157894736842,0.28810355060426013,0.28810355060426013,0.2835540552075665,0.08231530017264575,"Kliima, rohepööre ja kestlik tarbimine"
climate,siseministeerium,0,37,1,213,0.17370892018779344,0.0,0.0,-1.0,0.0,0.057184991774541366,-0.0,"Kliima, rohepööre ja kestlik tarbimine"
climate,synlab,0,37,1,213,0.17370892018779344,0.0,0.0,-1.0,0.0,0.057184991774541366,-0.0,"Kliima, rohepööre ja kestlik tarbimine"
climate,taastuvenergia koda,1,37,1,213,0.17370892018779344,5.756756756756756,0.02702702702702703,0.3264836533738103,0.3264836533738103,0.2911016029515886,0.054413942228968386,"Kliima, rohepööre ja kestlik tarbimine"
climate,tallinna ettevõtlusinkubaator,0,37,1,213,0.17370892018779344,0.0,0.0,-1.0,0.0,0.057184991774541366,-0.0,"Kliima, rohepööre ja kestlik tarbimine"
climate,tallinna lastekodu,0,37,1,213,0.17370892018779344,0.0,0.0,-1.0,0.0,0.057184991774541366,-0.0,"Kliima, rohepööre ja kestlik tarbimine"
climate,tallinna tehnikaülikool,1,37,1,213,0.17370892018779344,5.756756756756756,0.02702702702702703,0.3264836533738103,0.3264836533738103,0.2911016029515886,0.054413942228968386,"Kliima, rohepööre ja kestlik tarbimine"
climate,"tallinna tehnikaülikool, vastutustundliku majanduse ja esg fookustippkeskus",1,37,1,213,0.17370892018779344,5.756756756756756,0.02702702702702703,0.3264836533738103,0.3264836533738103,0.2911016029515886,0.054413942228968386,"Kliima, rohepööre ja kestlik tarbimine"
climate,tallinna vesi,2,37,2,213,0.3474178403755869,5.756756756756756,0.05405405405405406,0.3749614158586703,0.3749614158586703,0.3481386179545589,0.10713183310247723,"Kliima, rohepööre ja kestlik tarbimine"
climate,"tallinna ülikool, tartu ülikool, eesti maaülikool",0,37,1,213,0.17370892018779344,0.0,0.0,-1.0,0.0,0.057184991774541366,-0.0,"Kliima, rohepööre ja kestlik tarbimine"
climate,taltech,1,37,1,213,0.17370892018779344,5.756756756756756,0.02702702702702703,0.3264836533738103,0.3264836533738103,0.2911016029515886,0.054413942228968386,"Kliima, rohepööre ja kestlik tarbimine"
climate,tartu kristjan jaak petersoni gümnaasium / kultuuriministeerium,0,37,1,213,0.17370892018779344,0.0,0.0,-1.0,0.0,0.057184991774541366,-0.0,"Kliima, rohepööre ja kestlik tarbimine"
climate,tartu ülikool,0,37,1,213,0.17370892018779344,0.0,0.0,-1.0,0.0,0.057184991774541366,-0.0,"Kliima, rohepööre ja kestlik tarbimine"
climate,tartumaa omavalitsuste liit,0,37,2,213,0.3474178403755869,0.0,0.0,-1.0,0.0,-0.009681675522191558,-0.0,"Kliima, rohepööre ja kestlik tarbimine"
climate,telia,0,37,5,213,0.8685446009389671,0.0,0.0,-1.0,0.0,-0.12399099828099752,-0.0,"Kliima, rohepööre ja kestlik tarbimine"
climate,"telia, eesti interneti sihtasutus",0,37,1,213,0.17370892018779344,0.0,0.0,-1.0,0.0,0.057184991774541366,-0.0,"Kliima, rohepööre ja kestlik tarbimine"
climate,tervise tuleviku ala korraldajate ühispaneel,0,37,1,213,0.17370892018779344,0.0,0.0,-1.0,0.0,0.057184991774541366,-0.0,"Kliima, rohepööre ja kestlik tarbimine"
climate,tuum consulting,1,37,1,213,0.17370892018779344,5.756756756756756,0.02702702702702703,0.3264836533738103,0.3264836533738103,0.2911016029515886,0.054413942228968386,"Kliima, rohepööre ja kestlik tarbimine"
climate,vabaühenduste liit,0,37,2,213,0.3474178403755869,0.0,0.0,-1.0,0.0,-0.009681675522191558,-0.0,"Kliima, rohepööre ja kestlik tarbimine"
climate,vau haldus,0,37,1,213,0.17370892018779344,0.0,0.0,-1.0,0.0,0.057184991774541366,-0.0,"Kliima, rohepööre ja kestlik tarbimine"
climate,vindr baltic oü ja vkg,0,37,1,213,0.17370892018779344,0.0,0.0,-1.0,0.0,0.057184991774541366,-0.0,"Kliima, rohepööre ja kestlik tarbimine"
climate,välisministeerium,0,37,6,213,1.0422535211267605,0.0,0.0,-1.0,0.0,-0.14941252535065788,-0.0,"Kliima, rohepööre ja kestlik tarbimine"
climate,välisministeerium & rahvusvaheliste suhete ring,0,37,1,213,0.17370892018779344,0.0,0.0,-1.0,0.0,0.057184991774541366,-0.0,"Kliima, rohepööre ja kestlik tarbimine"
climate,ühendus kultuuritahe,0,37,3,213,0.5211267605633803,0.0,0.0,-1.0,0.0,-0.0571243309842646,-0.0,"Kliima, rohepööre ja kestlik tarbimine"
climate,üro pagulasamet,0,37,1,213,0.17370892018779344,0.0,0.0,-1.0,0.0,0.057184991774541366,-0.0,"Kliima, rohepööre ja kestlik tarbimine"
culture,adven eesti as,0,10,2,213,0.09389671361502347,0.0,0.0,-1.0,0.0,0.19476007897001993,-0.0,"Kultuur, loome ja pärand"
culture,allium upi oü,0,10,1,213,0.046948356807511735,0.0,0.0,-1.0,0.0,0.2616267462667528,-0.0,"Kultuur, loome ja pärand"
culture,apotheka,0,10,1,213,0.046948356807511735,0.0,0.0,-1.0,0.0,0.2616267462667528,-0.0,"Kultuur, loome ja pärand"
culture,arengukoostöö ümarlaud (akü),0,10,1,213,0.046948356807511735,0.0,0.0,-1.0,0.0,0.2616267462667528,-0.0,"Kultuur, loome ja pärand"
culture,avatud eesti fond,0,10,1,213,0.046948356807511735,0.0,0.0,-1.0,0.0,0.2616267462667528,-0.0,"Kultuur, loome ja pärand"
culture,bonava eesti,0,10,1,213,0.046948356807511735,0.0,0.0,-1.0,0.0,0.2616267462667528,-0.0,"Kultuur, loome ja pärand"
culture,confido,0,10,1,213,0.046948356807511735,0.0,0.0,-1.0,0.0,0.2616267462667528,-0.0,"Kultuur, loome ja pärand"
culture,confido meditsiinikeskus,0,10,1,213,0.046948356807511735,0.0,0.0,-1.0,0.0,0.2616267462667528,-0.0,"Kultuur, loome ja pärand"
culture,eena (eesti ettevõtlike naiste assotsiatsioon),0,10,1,213,0.046948356807511735,0.0,0.0,-1.0,0.0,0.2616267462667528,-0.0,"Kultuur, loome ja pärand"
culture,eesti ametiühingute keskliit,0,10,1,213,0.046948356807511735,0.0,0.0,-1.0,0.0,0.2616267462667528,-0.0,"Kultuur, loome ja pärand"
culture,eesti arhitektide liit / maa- ja ruumiamet,0,10,1,213,0.046948356807511735,0.0,0.0,-1.0,0.0,0.2616267462667528,-0.0,"Kultuur, loome ja pärand"
culture,eesti arhitektide liit mtü,0,10,1,213,0.046948356807511735,0.0,0.0,-1.0,0.0,0.2616267462667528,-0.0,"Kultuur, loome ja pärand"
culture,eesti e-residentsuse programm,0,10,8,213,0.3755868544600939,0.0,0.0,-1.0,0.0,0.013584088914481061,-0.0,"Kultuur, loome ja pärand"
culture,eesti hambaarstide liit,0,10,2,213,0.09389671361502347,0.0,0.0,-1.0,0.0,0.19476007897001993,-0.0,"Kultuur, loome ja pärand"
culture,eesti interneti sa,0,10,3,213,0.14084507042253522,0.0,0.0,-1.0,0.0,0.14731742350794688,-0.0,"Kultuur, loome ja pärand"
culture,eesti jõujaamade ja kaugkütte ühing,0,10,1,213,0.046948356807511735,0.0,0.0,-1.0,0.0,0.2616267462667528,-0.0,"Kultuur, loome ja pärand"
culture,eesti kaitsevägi,0,10,2,213,0.09389671361502347,0.0,0.0,-1.0,0.0,0.19476007897001993,-0.0,"Kultuur, loome ja pärand"
culture,eesti kaubandus-tööstuskoda,0,10,1,213,0.046948356807511735,0.0,0.0,-1.0,0.0,0.2616267462667528,-0.0,"Kultuur, loome ja pärand"
culture,eesti keele instituut,1,10,1,213,0.046948356807511735,21.3,0.1,0.570516766886671,0.570516766886671,0.5407788864817555,0.09508612781444516,"Kultuur, loome ja pärand"
culture,eesti kohtud,0,10,1,213,0.046948356807511735,0.0,0.0,-1.0,0.0,0.2616267462667528,-0.0,"Kultuur, loome ja pärand"
culture,eesti kultuuri koda,1,10,1,213,0.046948356807511735,21.3,0.1,0.570516766886671,0.570516766886671,0.5407788864817555,0.09508612781444516,"Kultuur, loome ja pärand"
culture,eesti kunstikoolide liidu noorteühendus,0,10,1,213,0.046948356807511735,0.0,0.0,-1.0,0.0,0.2616267462667528,-0.0,"Kultuur, loome ja pärand"
culture,eesti kunstikoolide liit (noored),1,10,1,213,0.046948356807511735,21.3,0.1,0.570516766886671,0.570516766886671,0.5407788864817555,0.09508612781444516,"Kultuur, loome ja pärand"
culture,eesti lastehoidude liit,0,10,2,213,0.09389671361502347,0.0,0.0,-1.0,0.0,0.19476007897001993,-0.0,"Kultuur, loome ja pärand"
culture,eesti loomaarstide koda (elk),0,10,1,213,0.046948356807511735,0.0,0.0,-1.0,0.0,0.2616267462667528,-0.0,"Kultuur, loome ja pärand"
culture,eesti maaülikool,0,10,2,213,0.09389671361502347,0.0,0.0,-1.0,0.0,0.19476007897001993,-0.0,"Kultuur, loome ja pärand"
culture,"eesti maaülikool, veterinaarmeditsiini ja loomakasvatuse instituut",0,10,1,213,0.046948356807511735,0.0,0.0,-1.0,0.0,0.2616267462667528,-0.0,"Kultuur, loome ja pärand"
culture,eesti matemaatika selts,0,10,1,213,0.046948356807511735,0.0,0.0,-1.0,0.0,0.2616267462667528,-0.0,"Kultuur, loome ja pärand"
culture,eesti montessori ühing,0,10,1,213,0.046948356807511735,0.0,0.0,-1.0,0.0,0.2616267462667528,-0.0,"Kultuur, loome ja pärand"
culture,eesti muuseumiühing ja eesti muuseumide liit,1,10,1,213,0.046948356807511735,21.3,0.1,0.570516766886671,0.570516766886671,0.5407788864817555,0.09508612781444516,"Kultuur, loome ja pärand"
culture,eesti muuseumiühing koostöös eesti muuseumide liiduga,1,10,1,213,0.046948356807511735,21.3,0.1,0.570516766886671,0.570516766886671,0.5407788864817555,0.09508612781444516,"Kultuur, loome ja pärand"
culture,eesti nato ühing,0,10,1,213,0.046948356807511735,0.0,0.0,-1.0,0.0,0.2616267462667528,-0.0,"Kultuur, loome ja pärand"
culture,eesti noorteühenduste liit,0,10,1,213,0.046948356807511735,0.0,0.0,-1.0,0.0,0.2616267462667528,-0.0,"Kultuur, loome ja pärand"
culture,eesti personalijuhtimise ühing pare,0,10,9,213,0.4225352112676056,0.0,0.0,-1.0,0.0,-0.0037912817544660964,-0.0,"Kultuur, loome ja pärand"
culture,eesti personalijuhtimise ühing pare ja tööinspektsioon,0,10,9,213,0.4225352112676056,0.0,0.0,-1.0,0.0,-0.0037912817544660964,-0.0,"Kultuur, loome ja pärand"
culture,"eesti puuetega naiste ühenduste liit, helpific mtü",0,10,1,213,0.046948356807511735,0.0,0.0,-1.0,0.0,0.2616267462667528,-0.0,"Kultuur, loome ja pärand"
culture,eesti roheline liikumine,0,10,2,213,0.09389671361502347,0.0,0.0,-1.0,0.0,0.19476007897001993,-0.0,"Kultuur, loome ja pärand"
culture,eesti seksuaaltervise liit,0,10,2,213,0.09389671361502347,0.0,0.0,-1.0,0.0,0.19476007897001993,-0.0,"Kultuur, loome ja pärand"
culture,eesti sõjamuuseum,1,10,1,213,0.046948356807511735,21.3,0.1,0.570516766886671,0.570516766886671,0.5407788864817555,0.09508612781444516,"Kultuur, loome ja pärand"
culture,eesti tervisemajanduse koda (health founders estonia),0,10,1,213,0.046948356807511735,0.0,0.0,-1.0,0.0,0.2616267462667528,-0.0,"Kultuur, loome ja pärand"
culture,eesti tervisemajanduse koda (health founders),0,10,1,213,0.046948356807511735,0.0,0.0,-1.0,0.0,0.2616267462667528,-0.0,"Kultuur, loome ja pärand"
culture,eesti tuuleenergia assotsiatsioon,0,10,2,213,0.09389671361502347,0.0,0.0,-1.0,0.0,0.19476007897001993,-0.0,"Kultuur, loome ja pärand"
culture,eesti urantia assotsiatsioon mtü,1,10,1,213,0.046948356807511735,21.3,0.1,0.570516766886671,0.570516766886671,0.5407788864817555,0.09508612781444516,"Kultuur, loome ja pärand"
culture,eesti vaimse tervise ja heaolu koalitsioon vatek,0,10,1,213,0.046948356807511735,0.0,0.0,-1.0,0.0,0.2616267462667528,-0.0,"Kultuur, loome ja pärand"
culture,eesti vähitõrje võrgustik (estcan),0,10,5,213,0.2347417840375587,0.0,0.0,-1.0,0.0,0.08045075621121398,-0.0,"Kultuur, loome ja pärand"
culture,eesti väitlusselts,0,10,1,213,0.046948356807511735,0.0,0.0,-1.0,0.0,0.2616267462667528,-0.0,"Kultuur, loome ja pärand"
culture,eesti õigusteaduse üliõpilaste liit,0,10,2,213,0.09389671361502347,0.0,0.0,-1.0,0.0,0.19476007897001993,-0.0,"Kultuur, loome ja pärand"
culture,"eesti õigusteaduse üliõpilaste liit, rahvusvaheliste suhete ring, feministeerium",0,10,1,213,0.046948356807511735,0.0,0.0,-1.0,0.0,0.2616267462667528,-0.0,"Kultuur, loome ja pärand"
culture,eesti õpilasesinduste liit,0,10,1,213,0.046948356807511735,0.0,0.0,-1.0,0.0,0.2616267462667528,-0.0,"Kultuur, loome ja pärand"
culture,eesti üliõpilaskondade liit,0,10,2,213,0.09389671361502347,0.0,0.0,-1.0,0.0,0.19476007897001993,-0.0,"Kultuur, loome ja pärand"
culture,eesti üro ühing,0,10,2,213,0.09389671361502347,0.0,0.0,-1.0,0.0,0.19476007897001993,-0.0,"Kultuur, loome ja pärand"
culture,eestimaa looduse fond,0,10,2,213,0.09389671361502347,0.0,0.0,-1.0,0.0,0.19476007897001993,-0.0,"Kultuur, loome ja pärand"
culture,efektiivne altruism eesti,0,10,2,213,0.09389671361502347,0.0,0.0,-1.0,0.0,0.19476007897001993,-0.0,"Kultuur, loome ja pärand"
culture,elisabeth luisk,0,10,1,213,0.046948356807511735,0.0,0.0,-1.0,0.0,0.2616267462667528,-0.0,"Kultuur, loome ja pärand"
culture,emn eesti,0,10,1,213,0.046948356807511735,0.0,0.0,-1.0,0.0,0.2616267462667528,-0.0,"Kultuur, loome ja pärand"
culture,eurooopa parlamendi büroo eestis,0,10,1,213,0.046948356807511735,0.0,0.0,-1.0,0.0,0.2616267462667528,-0.0,"Kultuur, loome ja pärand"
culture,euroopa komisjoni eesti esindus,0,10,1,213,0.046948356807511735,0.0,0.0,-1.0,0.0,0.2616267462667528,-0.0,"Kultuur, loome ja pärand"
culture,"euroopa rändevõrgustiku eesti kontaktpunkt (emn eesti), sisekaitseakadeemia, haridus- ja noorteamet",0,10,1,213,0.046948356807511735,0.0,0.0,-1.0,0.0,0.2616267462667528,-0.0,"Kultuur, loome ja pärand"
culture,fenno-ugria asutus,0,10,1,213,0.046948356807511735,0.0,0.0,-1.0,0.0,0.2616267462667528,-0.0,"Kultuur, loome ja pärand"
culture,filmifestival horisont,1,10,1,213,0.046948356807511735,21.3,0.1,0.570516766886671,0.570516766886671,0.5407788864817555,0.09508612781444516,"Kultuur, loome ja pärand"
culture,fridays for future eesti (mtü loodusvõlu),0,10,3,213,0.14084507042253522,0.0,0.0,-1.0,0.0,0.14731742350794688,-0.0,"Kultuur, loome ja pärand"
culture,geoteaduste üliõpilaste selts,0,10,1,213,0.046948356807511735,0.0,0.0,-1.0,0.0,0.2616267462667528,-0.0,"Kultuur, loome ja pärand"
culture,heaoluteaduste tippkeskus estwell,0,10,1,213,0.046948356807511735,0.0,0.0,-1.0,0.0,0.2616267462667528,-0.0,"Kultuur, loome ja pärand"
culture,integratsiooni sihtasutus,0,10,1,213,0.046948356807511735,0.0,0.0,-1.0,0.0,0.2616267462667528,-0.0,"Kultuur, loome ja pärand"
culture,justiits- ja digiministeerium,0,10,2,213,0.09389671361502347,0.0,0.0,-1.0,0.0,0.19476007897001993,-0.0,"Kultuur, loome ja pärand"
culture,kaitseliit,0,10,1,213,0.046948356807511735,0.0,0.0,-1.0,0.0,0.2616267462667528,-0.0,"Kultuur, loome ja pärand"
culture,kaitseministeerium,0,10,1,213,0.046948356807511735,0.0,0.0,-1.0,0.0,0.2616267462667528,-0.0,"Kultuur, loome ja pärand"
culture,kaitseministeerium ja parempoolsed,0,10,1,213,0.046948356807511735,0.0,0.0,-1.0,0.0,0.2616267462667528,-0.0,"Kultuur, loome ja pärand"
culture,kaitseressursside amet,0,10,1,213,0.046948356807511735,0.0,0.0,-1.0,0.0,0.2616267462667528,-0.0,"Kultuur, loome ja pärand"
culture,kaja pae,0,10,1,213,0.046948356807511735,0.0,0.0,-1.0,0.0,0.2616267462667528,-0.0,"Kultuur, loome ja pärand"
culture,keskkonnainvesteeringute keskus,0,10,2,213,0.09389671361502347,0.0,0.0,-1.0,0.0,0.19476007897001993,-0.0,"Kultuur, loome ja pärand"
culture,keskkonnainvesteeringute keskus (kik),0,10,1,213,0.046948356807511735,0.0,0.0,-1.0,0.0,0.2616267462667528,-0.0,"Kultuur, loome ja pärand"
culture,kogu ala ühispaneel,0,10,1,213,0.046948356807511735,0.0,0.0,-1.0,0.0,0.2616267462667528,-0.0,"Kultuur, loome ja pärand"
culture,kood/järva,0,10,1,213,0.046948356807511735,0.0,0.0,-1.0,0.0,0.2616267462667528,-0.0,"Kultuur, loome ja pärand"
culture,kood/jõhvi,0,10,1,213,0.046948356807511735,0.0,0.0,-1.0,0.0,0.2616267462667528,-0.0,"Kultuur, loome ja pärand"
culture,kood/jõhvi ja haridus- ja noorteamet,0,10,1,213,0.046948356807511735,0.0,0.0,-1.0,0.0,0.2616267462667528,-0.0,"Kultuur, loome ja pärand"
culture,korruptsioonivaba eesti mtü,0,10,1,213,0.046948356807511735,0.0,0.0,-1.0,0.0,0.2616267462667528,-0.0,"Kultuur, loome ja pärand"
culture,kultuuriministeerium,0,10,1,213,0.046948356807511735,0.0,0.0,-1.0,0.0,0.2616267462667528,-0.0,"Kultuur, loome ja pärand"
culture,lasteklubi väike päike,0,10,3,213,0.14084507042253522,0.0,0.0,-1.0,0.0,0.14731742350794688,-0.0,"Kultuur, loome ja pärand"
culture,loodushoiu fond,0,10,1,213,0.046948356807511735,0.0,0.0,-1.0,0.0,0.2616267462667528,-0.0,"Kultuur, loome ja pärand"
culture,loomus mtü,0,10,1,213,0.046948356807511735,0.0,0.0,-1.0,0.0,0.2616267462667528,-0.0,"Kultuur, loome ja pärand"
culture,magnum as,0,10,2,213,0.09389671361502347,0.0,0.0,-1.0,0.0,0.19476007897001993,-0.0,"Kultuur, loome ja pärand"
culture,maililii oü,0,10,1,213,0.046948356807511735,0.0,0.0,-1.0,0.0,0.2616267462667528,-0.0,"Kultuur, loome ja pärand"
culture,meta advisory oü,0,10,1,213,0.046948356807511735,0.0,0.0,-1.0,0.0,0.2616267462667528,-0.0,"Kultuur, loome ja pärand"
culture,mtü arvamusfestival,0,10,4,213,0.18779342723004694,0.0,0.0,-1.0,0.0,0.11051804100433986,-0.0,"Kultuur, loome ja pärand"
culture,mtü eesti jõujaamade ja kaugkütte ühing,0,10,1,213,0.046948356807511735,0.0,0.0,-1.0,0.0,0.2616267462667528,-0.0,"Kultuur, loome ja pärand"
culture,mtü eesti psühholoogiaüliõpilaste ühendus,0,10,1,213,0.046948356807511735,0.0,0.0,-1.0,0.0,0.2616267462667528,-0.0,"Kultuur, loome ja pärand"
culture,mtü eesti taastuvenergia koda,0,10,7,213,0.3286384976525822,0.0,0.0,-1.0,0.0,0.03300810074914092,-0.0,"Kultuur, loome ja pärand"
culture,"mtü esto-rada, multikey online school",0,10,1,213,0.046948356807511735,0.0,0.0,-1.0,0.0,0.2616267462667528,-0.0,"Kultuur, loome ja pärand"
culture,mtü kodanikupalga ümarlaud eestis,0,10,1,213,0.046948356807511735,0.0,0.0,-1.0,0.0,0.2616267462667528,-0.0,"Kultuur, loome ja pärand"
culture,mtü lastekaitse liit,0,10,1,213,0.046948356807511735,0.0,0.0,-1.0,0.0,0.2616267462667528,-0.0,"Kultuur, loome ja pärand"
culture,mtü lastekaitse liit ja tallinna raamatukogud,0,10,1,213,0.046948356807511735,0.0,0.0,-1.0,0.0,0.2616267462667528,-0.0,"Kultuur, loome ja pärand"
culture,mtü progressiivne liikumine,0,10,2,213,0.09389671361502347,0.0,0.0,-1.0,0.0,0.19476007897001993,-0.0,"Kultuur, loome ja pärand"
culture,mtü teadveloleku kompetentsikeskus toko,0,10,1,213,0.046948356807511735,0.0,0.0,-1.0,0.0,0.2616267462667528,-0.0,"Kultuur, loome ja pärand"
culture,novartis,0,10,1,213,0.046948356807511735,0.0,0.0,-1.0,0.0,0.2616267462667528,-0.0,"Kultuur, loome ja pärand"
culture,paide gümnaasium,0,10,3,213,0.14084507042253522,0.0,0.0,-1.0,0.0,0.14731742350794688,-0.0,"Kultuur, loome ja pärand"
culture,pullivara group,0,10,1,213,0.046948356807511735,0.0,0.0,-1.0,0.0,0.2616267462667528,-0.0,"Kultuur, loome ja pärand"
culture,päästame eesti metsad mtü,0,10,1,213,0.046948356807511735,0.0,0.0,-1.0,0.0,0.2616267462667528,-0.0,"Kultuur, loome ja pärand"
culture,põllumajandus- ja toiduamet,0,10,1,213,0.046948356807511735,0.0,0.0,-1.0,0.0,0.2616267462667528,-0.0,"Kultuur, loome ja pärand"
culture,rail baltic estonia,0,10,2,213,0.09389671361502347,0.0,0.0,-1.0,0.0,0.19476007897001993,-0.0,"Kultuur, loome ja pärand"
culture,regionaal- ja põllumajandusministeerium,0,10,1,213,0.046948356807511735,0.0,0.0,-1.0,0.0,0.2616267462667528,-0.0,"Kultuur, loome ja pärand"
culture,roche,0,10,1,213,0.046948356807511735,0.0,0.0,-1.0,0.0,0.2616267462667528,-0.0,"Kultuur, loome ja pärand"
culture,roche eesti oü,0,10,1,213,0.046948356807511735,0.0,0.0,-1.0,0.0,0.2616267462667528,-0.0,"Kultuur, loome ja pärand"
culture,sa õpilasmalev,0,10,1,213,0.046948356807511735,0.0,0.0,-1.0,0.0,0.2616267462667528,-0.0,"Kultuur, loome ja pärand"
culture,saaremaa gümnaasiumi õpilasesindus,0,10,1,213,0.046948356807511735,0.0,0.0,-1.0,0.0,0.2616267462667528,-0.0,"Kultuur, loome ja pärand"
culture,sihtasutus eesti teadusagentuur (etag),0,10,2,213,0.09389671361502347,0.0,0.0,-1.0,0.0,0.19476007897001993,-0.0,"Kultuur, loome ja pärand"
culture,sihtasutus iga laps on andekas,0,10,1,213,0.046948356807511735,0.0,0.0,-1.0,0.0,0.2616267462667528,-0.0,"Kultuur, loome ja pärand"
culture,sihtasutus järvamaa,0,10,1,213,0.046948356807511735,0.0,0.0,-1.0,0.0,0.2616267462667528,-0.0,"Kultuur, loome ja pärand"
culture,sihtasutus roheriiger,0,10,1,213,0.046948356807511735,0.0,0.0,-1.0,0.0,0.2616267462667528,-0.0,"Kultuur, loome ja pärand"
culture,sihtasutus rohetiiger,0,10,3,213,0.14084507042253522,0.0,0.0,-1.0,0.0,0.14731742350794688,-0.0,"Kultuur, loome ja pärand"
culture,siseministeerium,0,10,1,213,0.046948356807511735,0.0,0.0,-1.0,0.0,0.2616267462667528,-0.0,"Kultuur, loome ja pärand"
culture,synlab,0,10,1,213,0.046948356807511735,0.0,0.0,-1.0,0.0,0.2616267462667528,-0.0,"Kultuur, loome ja pärand"
culture,taastuvenergia koda,0,10,1,213,0.046948356807511735,0.0,0.0,-1.0,0.0,0.2616267462667528,-0.0,"Kultuur, loome ja pärand"
culture,tallinna ettevõtlusinkubaator,0,10,1,213,0.046948356807511735,0.0,0.0,-1.0,0.0,0.2616267462667528,-0.0,"Kultuur, loome ja pärand"
culture,tallinna lastekodu,0,10,1,213,0.046948356807511735,0.0,0.0,-1.0,0.0,0.2616267462667528,-0.0,"Kultuur, loome ja pärand"
culture,tallinna tehnikaülikool,0,10,1,213,0.046948356807511735,0.0,0.0,-1.0,0.0,0.2616267462667528,-0.0,"Kultuur, loome ja pärand"
culture,"tallinna tehnikaülikool, vastutustundliku majanduse ja esg fookustippkeskus",0,10,1,213,0.046948356807511735,0.0,0.0,-1.0,0.0,0.2616267462667528,-0.0,"Kultuur, loome ja pärand"
culture,tallinna vesi,0,10,2,213,0.09389671361502347,0.0,0.0,-1.0,0.0,0.19476007897001993,-0.0,"Kultuur, loome ja pärand"
culture,"tallinna ülikool, tartu ülikool, eesti maaülikool",0,10,1,213,0.046948356807511735,0.0,0.0,-1.0,0.0,0.2616267462667528,-0.0,"Kultuur, loome ja pärand"
culture,taltech,0,10,1,213,0.046948356807511735,0.0,0.0,-1.0,0.0,0.2616267462667528,-0.0,"Kultuur, loome ja pärand"
culture,tartu kristjan jaak petersoni gümnaasium / kultuuriministeerium,0,10,1,213,0.046948356807511735,0.0,0.0,-1.0,0.0,0.2616267462667528,-0.0,"Kultuur, loome ja pärand"
culture,tartu ülikool,0,10,1,213,0.046948356807511735,0.0,0.0,-1.0,0.0,0.2616267462667528,-0.0,"Kultuur, loome ja pärand"
culture,tartumaa omavalitsuste liit,0,10,2,213,0.09389671361502347,0.0,0.0,-1.0,0.0,0.19476007897001993,-0.0,"Kultuur, loome ja pärand"
culture,telia,0,10,5,213,0.2347417840375587,0.0,0.0,-1.0,0.0,0.08045075621121398,-0.0,"Kultuur, loome ja pärand"
culture,"telia, eesti interneti sihtasutus",0,10,1,213,0.046948356807511735,0.0,0.0,-1.0,0.0,0.2616267462667528,-0.0,"Kultuur, loome ja pärand"
culture,tervise tuleviku ala korraldajate ühispaneel,0,10,1,213,0.046948356807511735,0.0,0.0,-1.0,0.0,0.2616267462667528,-0.0,"Kultuur, loome ja pärand"
culture,tuum consulting,0,10,1,213,0.046948356807511735,0.0,0.0,-1.0,0.0,0.2616267462667528,-0.0,"Kultuur, loome ja pärand"
culture,vabaühenduste liit,0,10,2,213,0.09389671361502347,0.0,0.0,-1.0,0.0,0.19476007897001993,-0.0,"Kultuur, loome ja pärand"
culture,vau haldus,0,10,1,213,0.046948356807511735,0.0,0.0,-1.0,0.0,0.2616267462667528,-0.0,"Kultuur, loome ja pärand"
culture,vindr baltic oü ja vkg,0,10,1,213,0.046948356807511735,0.0,0.0,-1.0,0.0,0.2616267462667528,-0.0,"Kultuur, loome ja pärand"
culture,välisministeerium,0,10,6,213,0.28169014084507044,0.0,0.0,-1.0,0.0,0.055029229141553566,-0.0,"Kultuur, loome ja pärand"
culture,välisministeerium & rahvusvaheliste suhete ring,0,10,1,213,0.046948356807511735,0.0,0.0,-1.0,0.0,0.2616267462667528,-0.0,"Kultuur, loome ja pärand"
culture,ühendus kultuuritahe,2,10,3,213,0.14084507042253522,14.2,0.18181818181818182,0.568371799300971,0.568371799300971,0.5618643899160215,0.1623919426574203,"Kultuur, loome ja pärand"
culture,üro pagulasamet,0,10,1,213,0.046948356807511735,0.0,0.0,-1.0,0.0,0.2616267462667528,-0.0,"Kultuur, loome ja pärand"
cyber,adven eesti as,0,17,2,213,0.1596244131455399,0.0,0.0,-1.0,0.0,0.11354406155696557,-0.0,"Küberturvalisus, privaatsus ja digiohud"
cyber,allium upi oü,0,17,1,213,0.07981220657276995,0.0,0.0,-1.0,0.0,0.1804107288536985,-0.0,"Küberturvalisus, privaatsus ja digiohud"
cyber,apotheka,0,17,1,213,0.07981220657276995,0.0,0.0,-1.0,0.0,0.1804107288536985,-0.0,"Küberturvalisus, privaatsus ja digiohud"
cyber,arengukoostöö ümarlaud (akü),0,17,1,213,0.07981220657276995,0.0,0.0,-1.0,0.0,0.1804107288536985,-0.0,"Küberturvalisus, privaatsus ja digiohud"
cyber,avatud eesti fond,0,17,1,213,0.07981220657276995,0.0,0.0,-1.0,0.0,0.1804107288536985,-0.0,"Küberturvalisus, privaatsus ja digiohud"
cyber,bonava eesti,0,17,1,213,0.07981220657276995,0.0,0.0,-1.0,0.0,0.1804107288536985,-0.0,"Küberturvalisus, privaatsus ja digiohud"
cyber,confido,0,17,1,213,0.07981220657276995,0.0,0.0,-1.0,0.0,0.1804107288536985,-0.0,"Küberturvalisus, privaatsus ja digiohud"
cyber,confido meditsiinikeskus,0,17,1,213,0.07981220657276995,0.0,0.0,-1.0,0.0,0.1804107288536985,-0.0,"Küberturvalisus, privaatsus ja digiohud"
cyber,eena (eesti ettevõtlike naiste assotsiatsioon),0,17,1,213,0.07981220657276995,0.0,0.0,-1.0,0.0,0.1804107288536985,-0.0,"Küberturvalisus, privaatsus ja digiohud"
cyber,eesti ametiühingute keskliit,0,17,1,213,0.07981220657276995,0.0,0.0,-1.0,0.0,0.1804107288536985,-0.0,"Küberturvalisus, privaatsus ja digiohud"
cyber,eesti arhitektide liit / maa- ja ruumiamet,0,17,1,213,0.07981220657276995,0.0,0.0,-1.0,0.0,0.1804107288536985,-0.0,"Küberturvalisus, privaatsus ja digiohud"
cyber,eesti arhitektide liit mtü,0,17,1,213,0.07981220657276995,0.0,0.0,-1.0,0.0,0.1804107288536985,-0.0,"Küberturvalisus, privaatsus ja digiohud"
cyber,eesti e-residentsuse programm,3,17,8,213,0.6384976525821596,4.698529411764706,0.13636363636363635,0.3629757836085532,0.3629757836085532,0.37296048062414655,0.13611591885320745,"Küberturvalisus, privaatsus ja digiohud"
cyber,eesti hambaarstide liit,0,17,2,213,0.1596244131455399,0.0,0.0,-1.0,0.0,0.11354406155696557,-0.0,"Küberturvalisus, privaatsus ja digiohud"
cyber,eesti interneti sa,3,17,3,213,0.23943661971830985,12.529411764705882,0.17647058823529413,0.5930726431673597,0.5930726431673597,0.5698897716961153,0.22240224118775992,"Küberturvalisus, privaatsus ja digiohud"
cyber,eesti jõujaamade ja kaugkütte ühing,0,17,1,213,0.07981220657276995,0.0,0.0,-1.0,0.0,0.1804107288536985,-0.0,"Küberturvalisus, privaatsus ja digiohud"
cyber,eesti kaitsevägi,0,17,2,213,0.1596244131455399,0.0,0.0,-1.0,0.0,0.11354406155696557,-0.0,"Küberturvalisus, privaatsus ja digiohud"
cyber,eesti kaubandus-tööstuskoda,0,17,1,213,0.07981220657276995,0.0,0.0,-1.0,0.0,0.1804107288536985,-0.0,"Küberturvalisus, privaatsus ja digiohud"
cyber,eesti keele instituut,0,17,1,213,0.07981220657276995,0.0,0.0,-1.0,0.0,0.1804107288536985,-0.0,"Küberturvalisus, privaatsus ja digiohud"
cyber,eesti kohtud,0,17,1,213,0.07981220657276995,0.0,0.0,-1.0,0.0,0.1804107288536985,-0.0,"Küberturvalisus, privaatsus ja digiohud"
cyber,eesti kultuuri koda,0,17,1,213,0.07981220657276995,0.0,0.0,-1.0,0.0,0.1804107288536985,-0.0,"Küberturvalisus, privaatsus ja digiohud"
cyber,eesti kunstikoolide liidu noorteühendus,0,17,1,213,0.07981220657276995,0.0,0.0,-1.0,0.0,0.1804107288536985,-0.0,"Küberturvalisus, privaatsus ja digiohud"
cyber,eesti kunstikoolide liit (noored),0,17,1,213,0.07981220657276995,0.0,0.0,-1.0,0.0,0.1804107288536985,-0.0,"Küberturvalisus, privaatsus ja digiohud"
cyber,eesti lastehoidude liit,0,17,2,213,0.1596244131455399,0.0,0.0,-1.0,0.0,0.11354406155696557,-0.0,"Küberturvalisus, privaatsus ja digiohud"
cyber,eesti loomaarstide koda (elk),0,17,1,213,0.07981220657276995,0.0,0.0,-1.0,0.0,0.1804107288536985,-0.0,"Küberturvalisus, privaatsus ja digiohud"
cyber,eesti maaülikool,0,17,2,213,0.1596244131455399,0.0,0.0,-1.0,0.0,0.11354406155696557,-0.0,"Küberturvalisus, privaatsus ja digiohud"
cyber,"eesti maaülikool, veterinaarmeditsiini ja loomakasvatuse instituut",0,17,1,213,0.07981220657276995,0.0,0.0,-1.0,0.0,0.1804107288536985,-0.0,"Küberturvalisus, privaatsus ja digiohud"
cyber,eesti matemaatika selts,0,17,1,213,0.07981220657276995,0.0,0.0,-1.0,0.0,0.1804107288536985,-0.0,"Küberturvalisus, privaatsus ja digiohud"
cyber,eesti montessori ühing,0,17,1,213,0.07981220657276995,0.0,0.0,-1.0,0.0,0.1804107288536985,-0.0,"Küberturvalisus, privaatsus ja digiohud"
cyber,eesti muuseumiühing ja eesti muuseumide liit,0,17,1,213,0.07981220657276995,0.0,0.0,-1.0,0.0,0.1804107288536985,-0.0,"Küberturvalisus, privaatsus ja digiohud"
cyber,eesti muuseumiühing koostöös eesti muuseumide liiduga,0,17,1,213,0.07981220657276995,0.0,0.0,-1.0,0.0,0.1804107288536985,-0.0,"Küberturvalisus, privaatsus ja digiohud"
cyber,eesti nato ühing,0,17,1,213,0.07981220657276995,0.0,0.0,-1.0,0.0,0.1804107288536985,-0.0,"Küberturvalisus, privaatsus ja digiohud"
cyber,eesti noorteühenduste liit,0,17,1,213,0.07981220657276995,0.0,0.0,-1.0,0.0,0.1804107288536985,-0.0,"Küberturvalisus, privaatsus ja digiohud"
cyber,eesti personalijuhtimise ühing pare,0,17,9,213,0.7183098591549296,0.0,0.0,-1.0,0.0,-0.08500729916752045,-0.0,"Küberturvalisus, privaatsus ja digiohud"
cyber,eesti personalijuhtimise ühing pare ja tööinspektsioon,0,17,9,213,0.7183098591549296,0.0,0.0,-1.0,0.0,-0.08500729916752045,-0.0,"Küberturvalisus, privaatsus ja digiohud"
cyber,"eesti puuetega naiste ühenduste liit, helpific mtü",0,17,1,213,0.07981220657276995,0.0,0.0,-1.0,0.0,0.1804107288536985,-0.0,"Küberturvalisus, privaatsus ja digiohud"
cyber,eesti roheline liikumine,0,17,2,213,0.1596244131455399,0.0,0.0,-1.0,0.0,0.11354406155696557,-0.0,"Küberturvalisus, privaatsus ja digiohud"
cyber,eesti seksuaaltervise liit,0,17,2,213,0.1596244131455399,0.0,0.0,-1.0,0.0,0.11354406155696557,-0.0,"Küberturvalisus, privaatsus ja digiohud"
cyber,eesti sõjamuuseum,0,17,1,213,0.07981220657276995,0.0,0.0,-1.0,0.0,0.1804107288536985,-0.0,"Küberturvalisus, privaatsus ja digiohud"
cyber,eesti tervisemajanduse koda (health founders estonia),0,17,1,213,0.07981220657276995,0.0,0.0,-1.0,0.0,0.1804107288536985,-0.0,"Küberturvalisus, privaatsus ja digiohud"
cyber,eesti tervisemajanduse koda (health founders),1,17,1,213,0.07981220657276995,12.529411764705882,0.058823529411764705,0.47154281906565043,0.47154281906565043,0.4415927165274048,0.07859046984427508,"Küberturvalisus, privaatsus ja digiohud"
cyber,eesti tuuleenergia assotsiatsioon,0,17,2,213,0.1596244131455399,0.0,0.0,-1.0,0.0,0.11354406155696557,-0.0,"Küberturvalisus, privaatsus ja digiohud"
cyber,eesti urantia assotsiatsioon mtü,0,17,1,213,0.07981220657276995,0.0,0.0,-1.0,0.0,0.1804107288536985,-0.0,"Küberturvalisus, privaatsus ja digiohud"
cyber,eesti vaimse tervise ja heaolu koalitsioon vatek,0,17,1,213,0.07981220657276995,0.0,0.0,-1.0,0.0,0.1804107288536985,-0.0,"Küberturvalisus, privaatsus ja digiohud"
cyber,eesti vähitõrje võrgustik (estcan),0,17,5,213,0.39906103286384975,0.0,0.0,-1.0,0.0,-0.0007652612018403843,-0.0,"Küberturvalisus, privaatsus ja digiohud"
cyber,eesti väitlusselts,0,17,1,213,0.07981220657276995,0.0,0.0,-1.0,0.0,0.1804107288536985,-0.0,"Küberturvalisus, privaatsus ja digiohud"
cyber,eesti õigusteaduse üliõpilaste liit,1,17,2,213,0.1596244131455399,6.264705882352941,0.05555555555555555,0.3422554832637924,0.3422554832637924,0.3599308862871456,0.0570425805439654,"Küberturvalisus, privaatsus ja digiohud"
cyber,"eesti õigusteaduse üliõpilaste liit, rahvusvaheliste suhete ring, feministeerium",0,17,1,213,0.07981220657276995,0.0,0.0,-1.0,0.0,0.1804107288536985,-0.0,"Küberturvalisus, privaatsus ja digiohud"
cyber,eesti õpilasesinduste liit,0,17,1,213,0.07981220657276995,0.0,0.0,-1.0,0.0,0.1804107288536985,-0.0,"Küberturvalisus, privaatsus ja digiohud"
cyber,eesti üliõpilaskondade liit,2,17,2,213,0.1596244131455399,12.529411764705882,0.11764705882352941,0.5415596194410522,0.5415596194410522,0.5158880887824607,0.15473131984030064,"Küberturvalisus, privaatsus ja digiohud"
cyber,eesti üro ühing,0,17,2,213,0.1596244131455399,0.0,0.0,-1.0,0.0,0.11354406155696557,-0.0,"Küberturvalisus, privaatsus ja digiohud"
cyber,eestimaa looduse fond,0,17,2,213,0.1596244131455399,0.0,0.0,-1.0,0.0,0.11354406155696557,-0.0,"Küberturvalisus, privaatsus ja digiohud"
cyber,efektiivne altruism eesti,0,17,2,213,0.1596244131455399,0.0,0.0,-1.0,0.0,0.11354406155696557,-0.0,"Küberturvalisus, privaatsus ja digiohud"
cyber,elisabeth luisk,0,17,1,213,0.07981220657276995,0.0,0.0,-1.0,0.0,0.1804107288536985,-0.0,"Küberturvalisus, privaatsus ja digiohud"
cyber,emn eesti,0,17,1,213,0.07981220657276995,0.0,0.0,-1.0,0.0,0.1804107288536985,-0.0,"Küberturvalisus, privaatsus ja digiohud"
cyber,eurooopa parlamendi büroo eestis,0,17,1,213,0.07981220657276995,0.0,0.0,-1.0,0.0,0.1804107288536985,-0.0,"Küberturvalisus, privaatsus ja digiohud"
cyber,euroopa komisjoni eesti esindus,0,17,1,213,0.07981220657276995,0.0,0.0,-1.0,0.0,0.1804107288536985,-0.0,"Küberturvalisus, privaatsus ja digiohud"
cyber,"euroopa rändevõrgustiku eesti kontaktpunkt (emn eesti), sisekaitseakadeemia, haridus- ja noorteamet",0,17,1,213,0.07981220657276995,0.0,0.0,-1.0,0.0,0.1804107288536985,-0.0,"Küberturvalisus, privaatsus ja digiohud"
cyber,fenno-ugria asutus,0,17,1,213,0.07981220657276995,0.0,0.0,-1.0,0.0,0.1804107288536985,-0.0,"Küberturvalisus, privaatsus ja digiohud"
cyber,filmifestival horisont,0,17,1,213,0.07981220657276995,0.0,0.0,-1.0,0.0,0.1804107288536985,-0.0,"Küberturvalisus, privaatsus ja digiohud"
cyber,fridays for future eesti (mtü loodusvõlu),0,17,3,213,0.23943661971830985,0.0,0.0,-1.0,0.0,0.06610140609489253,-0.0,"Küberturvalisus, privaatsus ja digiohud"
cyber,geoteaduste üliõpilaste selts,0,17,1,213,0.07981220657276995,0.0,0.0,-1.0,0.0,0.1804107288536985,-0.0,"Küberturvalisus, privaatsus ja digiohud"
cyber,heaoluteaduste tippkeskus estwell,0,17,1,213,0.07981220657276995,0.0,0.0,-1.0,0.0,0.1804107288536985,-0.0,"Küberturvalisus, privaatsus ja digiohud"
cyber,integratsiooni sihtasutus,0,17,1,213,0.07981220657276995,0.0,0.0,-1.0,0.0,0.1804107288536985,-0.0,"Küberturvalisus, privaatsus ja digiohud"
cyber,justiits- ja digiministeerium,0,17,2,213,0.1596244131455399,0.0,0.0,-1.0,0.0,0.11354406155696557,-0.0,"Küberturvalisus, privaatsus ja digiohud"
cyber,kaitseliit,0,17,1,213,0.07981220657276995,0.0,0.0,-1.0,0.0,0.1804107288536985,-0.0,"Küberturvalisus, privaatsus ja digiohud"
cyber,kaitseministeerium,0,17,1,213,0.07981220657276995,0.0,0.0,-1.0,0.0,0.1804107288536985,-0.0,"Küberturvalisus, privaatsus ja digiohud"
cyber,kaitseministeerium ja parempoolsed,0,17,1,213,0.07981220657276995,0.0,0.0,-1.0,0.0,0.1804107288536985,-0.0,"Küberturvalisus, privaatsus ja digiohud"
cyber,kaitseressursside amet,0,17,1,213,0.07981220657276995,0.0,0.0,-1.0,0.0,0.1804107288536985,-0.0,"Küberturvalisus, privaatsus ja digiohud"
cyber,kaja pae,0,17,1,213,0.07981220657276995,0.0,0.0,-1.0,0.0,0.1804107288536985,-0.0,"Küberturvalisus, privaatsus ja digiohud"
cyber,keskkonnainvesteeringute keskus,0,17,2,213,0.1596244131455399,0.0,0.0,-1.0,0.0,0.11354406155696557,-0.0,"Küberturvalisus, privaatsus ja digiohud"
cyber,keskkonnainvesteeringute keskus (kik),0,17,1,213,0.07981220657276995,0.0,0.0,-1.0,0.0,0.1804107288536985,-0.0,"Küberturvalisus, privaatsus ja digiohud"
cyber,kogu ala ühispaneel,0,17,1,213,0.07981220657276995,0.0,0.0,-1.0,0.0,0.1804107288536985,-0.0,"Küberturvalisus, privaatsus ja digiohud"
cyber,kood/järva,0,17,1,213,0.07981220657276995,0.0,0.0,-1.0,0.0,0.1804107288536985,-0.0,"Küberturvalisus, privaatsus ja digiohud"
cyber,kood/jõhvi,0,17,1,213,0.07981220657276995,0.0,0.0,-1.0,0.0,0.1804107288536985,-0.0,"Küberturvalisus, privaatsus ja digiohud"
cyber,kood/jõhvi ja haridus- ja noorteamet,0,17,1,213,0.07981220657276995,0.0,0.0,-1.0,0.0,0.1804107288536985,-0.0,"Küberturvalisus, privaatsus ja digiohud"
cyber,korruptsioonivaba eesti mtü,0,17,1,213,0.07981220657276995,0.0,0.0,-1.0,0.0,0.1804107288536985,-0.0,"Küberturvalisus, privaatsus ja digiohud"
cyber,kultuuriministeerium,1,17,1,213,0.07981220657276995,12.529411764705882,0.058823529411764705,0.47154281906565043,0.47154281906565043,0.4415927165274048,0.07859046984427508,"Küberturvalisus, privaatsus ja digiohud"
cyber,lasteklubi väike päike,0,17,3,213,0.23943661971830985,0.0,0.0,-1.0,0.0,0.06610140609489253,-0.0,"Küberturvalisus, privaatsus ja digiohud"
cyber,loodushoiu fond,0,17,1,213,0.07981220657276995,0.0,0.0,-1.0,0.0,0.1804107288536985,-0.0,"Küberturvalisus, privaatsus ja digiohud"
cyber,loomus mtü,0,17,1,213,0.07981220657276995,0.0,0.0,-1.0,0.0,0.1804107288536985,-0.0,"Küberturvalisus, privaatsus ja digiohud"
cyber,magnum as,0,17,2,213,0.1596244131455399,0.0,0.0,-1.0,0.0,0.11354406155696557,-0.0,"Küberturvalisus, privaatsus ja digiohud"
cyber,maililii oü,0,17,1,213,0.07981220657276995,0.0,0.0,-1.0,0.0,0.1804107288536985,-0.0,"Küberturvalisus, privaatsus ja digiohud"
cyber,meta advisory oü,0,17,1,213,0.07981220657276995,0.0,0.0,-1.0,0.0,0.1804107288536985,-0.0,"Küberturvalisus, privaatsus ja digiohud"
cyber,mtü arvamusfestival,0,17,4,213,0.3192488262910798,0.0,0.0,-1.0,0.0,0.02930202359128551,-0.0,"Küberturvalisus, privaatsus ja digiohud"
cyber,mtü eesti jõujaamade ja kaugkütte ühing,0,17,1,213,0.07981220657276995,0.0,0.0,-1.0,0.0,0.1804107288536985,-0.0,"Küberturvalisus, privaatsus ja digiohud"
cyber,mtü eesti psühholoogiaüliõpilaste ühendus,0,17,1,213,0.07981220657276995,0.0,0.0,-1.0,0.0,0.1804107288536985,-0.0,"Küberturvalisus, privaatsus ja digiohud"
cyber,mtü eesti taastuvenergia koda,0,17,7,213,0.5586854460093896,0.0,0.0,-1.0,0.0,-0.04820791666391343,-0.0,"Küberturvalisus, privaatsus ja digiohud"
cyber,"mtü esto-rada, multikey online school",0,17,1,213,0.07981220657276995,0.0,0.0,-1.0,0.0,0.1804107288536985,-0.0,"Küberturvalisus, privaatsus ja digiohud"
cyber,mtü kodanikupalga ümarlaud eestis,0,17,1,213,0.07981220657276995,0.0,0.0,-1.0,0.0,0.1804107288536985,-0.0,"Küberturvalisus, privaatsus ja digiohud"
cyber,mtü lastekaitse liit,0,17,1,213,0.07981220657276995,0.0,0.0,-1.0,0.0,0.1804107288536985,-0.0,"Küberturvalisus, privaatsus ja digiohud"
cyber,mtü lastekaitse liit ja tallinna raamatukogud,0,17,1,213,0.07981220657276995,0.0,0.0,-1.0,0.0,0.1804107288536985,-0.0,"Küberturvalisus, privaatsus ja digiohud"
cyber,mtü progressiivne liikumine,1,17,2,213,0.1596244131455399,6.264705882352941,0.05555555555555555,0.3422554832637924,0.3422554832637924,0.3599308862871456,0.0570425805439654,"Küberturvalisus, privaatsus ja digiohud"
cyber,mtü teadveloleku kompetentsikeskus toko,0,17,1,213,0.07981220657276995,0.0,0.0,-1.0,0.0,0.1804107288536985,-0.0,"Küberturvalisus, privaatsus ja digiohud"
cyber,novartis,0,17,1,213,0.07981220657276995,0.0,0.0,-1.0,0.0,0.1804107288536985,-0.0,"Küberturvalisus, privaatsus ja digiohud"
cyber,paide gümnaasium,0,17,3,213,0.23943661971830985,0.0,0.0,-1.0,0.0,0.06610140609489253,-0.0,"Küberturvalisus, privaatsus ja digiohud"
cyber,pullivara group,0,17,1,213,0.07981220657276995,0.0,0.0,-1.0,0.0,0.1804107288536985,-0.0,"Küberturvalisus, privaatsus ja digiohud"
cyber,päästame eesti metsad mtü,0,17,1,213,0.07981220657276995,0.0,0.0,-1.0,0.0,0.1804107288536985,-0.0,"Küberturvalisus, privaatsus ja digiohud"
cyber,põllumajandus- ja toiduamet,0,17,1,213,0.07981220657276995,0.0,0.0,-1.0,0.0,0.1804107288536985,-0.0,"Küberturvalisus, privaatsus ja digiohud"
cyber,rail baltic estonia,0,17,2,213,0.1596244131455399,0.0,0.0,-1.0,0.0,0.11354406155696557,-0.0,"Küberturvalisus, privaatsus ja digiohud"
cyber,regionaal- ja põllumajandusministeerium,0,17,1,213,0.07981220657276995,0.0,0.0,-1.0,0.0,0.1804107288536985,-0.0,"Küberturvalisus, privaatsus ja digiohud"
cyber,roche,0,17,1,213,0.07981220657276995,0.0,0.0,-1.0,0.0,0.1804107288536985,-0.0,"Küberturvalisus, privaatsus ja digiohud"
cyber,roche eesti oü,0,17,1,213,0.07981220657276995,0.0,0.0,-1.0,0.0,0.1804107288536985,-0.0,"Küberturvalisus, privaatsus ja digiohud"
cyber,sa õpilasmalev,0,17,1,213,0.07981220657276995,0.0,0.0,-1.0,0.0,0.1804107288536985,-0.0,"Küberturvalisus, privaatsus ja digiohud"
cyber,saaremaa gümnaasiumi õpilasesindus,0,17,1,213,0.07981220657276995,0.0,0.0,-1.0,0.0,0.1804107288536985,-0.0,"Küberturvalisus, privaatsus ja digiohud"
cyber,sihtasutus eesti teadusagentuur (etag),1,17,2,213,0.1596244131455399,6.264705882352941,0.05555555555555555,0.3422554832637924,0.3422554832637924,0.3599308862871456,0.0570425805439654,"Küberturvalisus, privaatsus ja digiohud"
cyber,sihtasutus iga laps on andekas,0,17,1,213,0.07981220657276995,0.0,0.0,-1.0,0.0,0.1804107288536985,-0.0,"Küberturvalisus, privaatsus ja digiohud"
cyber,sihtasutus järvamaa,0,17,1,213,0.07981220657276995,0.0,0.0,-1.0,0.0,0.1804107288536985,-0.0,"Küberturvalisus, privaatsus ja digiohud"
cyber,sihtasutus roheriiger,0,17,1,213,0.07981220657276995,0.0,0.0,-1.0,0.0,0.1804107288536985,-0.0,"Küberturvalisus, privaatsus ja digiohud"
cyber,sihtasutus rohetiiger,0,17,3,213,0.23943661971830985,0.0,0.0,-1.0,0.0,0.06610140609489253,-0.0,"Küberturvalisus, privaatsus ja digiohud"
cyber,siseministeerium,0,17,1,213,0.07981220657276995,0.0,0.0,-1.0,0.0,0.1804107288536985,-0.0,"Küberturvalisus, privaatsus ja digiohud"
cyber,synlab,0,17,1,213,0.07981220657276995,0.0,0.0,-1.0,0.0,0.1804107288536985,-0.0,"Küberturvalisus, privaatsus ja digiohud"
cyber,taastuvenergia koda,0,17,1,213,0.07981220657276995,0.0,0.0,-1.0,0.0,0.1804107288536985,-0.0,"Küberturvalisus, privaatsus ja digiohud"
cyber,tallinna ettevõtlusinkubaator,1,17,1,213,0.07981220657276995,12.529411764705882,0.058823529411764705,0.47154281906565043,0.47154281906565043,0.4415927165274048,0.07859046984427508,"Küberturvalisus, privaatsus ja digiohud"
cyber,tallinna lastekodu,0,17,1,213,0.07981220657276995,0.0,0.0,-1.0,0.0,0.1804107288536985,-0.0,"Küberturvalisus, privaatsus ja digiohud"
cyber,tallinna tehnikaülikool,0,17,1,213,0.07981220657276995,0.0,0.0,-1.0,0.0,0.1804107288536985,-0.0,"Küberturvalisus, privaatsus ja digiohud"
cyber,"tallinna tehnikaülikool, vastutustundliku majanduse ja esg fookustippkeskus",0,17,1,213,0.07981220657276995,0.0,0.0,-1.0,0.0,0.1804107288536985,-0.0,"Küberturvalisus, privaatsus ja digiohud"
cyber,tallinna vesi,0,17,2,213,0.1596244131455399,0.0,0.0,-1.0,0.0,0.11354406155696557,-0.0,"Küberturvalisus, privaatsus ja digiohud"
cyber,"tallinna ülikool, tartu ülikool, eesti maaülikool",0,17,1,213,0.07981220657276995,0.0,0.0,-1.0,0.0,0.1804107288536985,-0.0,"Küberturvalisus, privaatsus ja digiohud"
cyber,taltech,0,17,1,213,0.07981220657276995,0.0,0.0,-1.0,0.0,0.1804107288536985,-0.0,"Küberturvalisus, privaatsus ja digiohud"
cyber,tartu kristjan jaak petersoni gümnaasium / kultuuriministeerium,0,17,1,213,0.07981220657276995,0.0,0.0,-1.0,0.0,0.1804107288536985,-0.0,"Küberturvalisus, privaatsus ja digiohud"
cyber,tartu ülikool,0,17,1,213,0.07981220657276995,0.0,0.0,-1.0,0.0,0.1804107288536985,-0.0,"Küberturvalisus, privaatsus ja digiohud"
cyber,tartumaa omavalitsuste liit,0,17,2,213,0.1596244131455399,0.0,0.0,-1.0,0.0,0.11354406155696557,-0.0,"Küberturvalisus, privaatsus ja digiohud"
cyber,telia,2,17,5,213,0.39906103286384975,5.011764705882353,0.1,0.34527378539153114,0.34527378539153114,0.36027669737996676,0.09864965296900889,"Küberturvalisus, privaatsus ja digiohud"
cyber,"telia, eesti interneti sihtasutus",1,17,1,213,0.07981220657276995,12.529411764705882,0.058823529411764705,0.47154281906565043,0.47154281906565043,0.4415927165274048,0.07859046984427508,"Küberturvalisus, privaatsus ja digiohud"
cyber,tervise tuleviku ala korraldajate ühispaneel,0,17,1,213,0.07981220657276995,0.0,0.0,-1.0,0.0,0.1804107288536985,-0.0,"Küberturvalisus, privaatsus ja digiohud"
cyber,tuum consulting,0,17,1,213,0.07981220657276995,0.0,0.0,-1.0,0.0,0.1804107288536985,-0.0,"Küberturvalisus, privaatsus ja digiohud"
cyber,vabaühenduste liit,0,17,2,213,0.1596244131455399,0.0,0.0,-1.0,0.0,0.11354406155696557,-0.0,"Küberturvalisus, privaatsus ja digiohud"
cyber,vau haldus,0,17,1,213,0.07981220657276995,0.0,0.0,-1.0,0.0,0.1804107288536985,-0.0,"Küberturvalisus, privaatsus ja digiohud"
cyber,vindr baltic oü ja vkg,0,17,1,213,0.07981220657276995,0.0,0.0,-1.0,0.0,0.1804107288536985,-0.0,"Küberturvalisus, privaatsus ja digiohud"
cyber,välisministeerium,0,17,6,213,0.4788732394366197,0.0,0.0,-1.0,0.0,-0.02618678827150076,-0.0,"Küberturvalisus, privaatsus ja digiohud"
cyber,välisministeerium & rahvusvaheliste suhete ring,0,17,1,213,0.07981220657276995,0.0,0.0,-1.0,0.0,0.1804107288536985,-0.0,"Küberturvalisus, privaatsus ja digiohud"
cyber,ühendus kultuuritahe,0,17,3,213,0.23943661971830985,0.0,0.0,-1.0,0.0,0.06610140609489253,-0.0,"Küberturvalisus, privaatsus ja digiohud"
cyber,üro pagulasamet,0,17,1,213,0.07981220657276995,0.0,0.0,-1.0,0.0,0.1804107288536985,-0.0,"Küberturvalisus, privaatsus ja digiohud"
defence,adven eesti as,0,20,2,213,0.18779342723004694,0.0,0.0,-1.0,0.0,0.08812253448730521,-0.0,"Riigikaitse, julgeolek ja kriisivalmidus"
defence,allium upi oü,0,20,1,213,0.09389671361502347,0.0,0.0,-1.0,0.0,0.1549892017840381,-0.0,"Riigikaitse, julgeolek ja kriisivalmidus"
defence,apotheka,0,20,1,213,0.09389671361502347,0.0,0.0,-1.0,0.0,0.1549892017840381,-0.0,"Riigikaitse, julgeolek ja kriisivalmidus"
defence,arengukoostöö ümarlaud (akü),0,20,1,213,0.09389671361502347,0.0,0.0,-1.0,0.0,0.1549892017840381,-0.0,"Riigikaitse, julgeolek ja kriisivalmidus"
defence,avatud eesti fond,0,20,1,213,0.09389671361502347,0.0,0.0,-1.0,0.0,0.1549892017840381,-0.0,"Riigikaitse, julgeolek ja kriisivalmidus"
defence,bonava eesti,0,20,1,213,0.09389671361502347,0.0,0.0,-1.0,0.0,0.1549892017840381,-0.0,"Riigikaitse, julgeolek ja kriisivalmidus"
defence,confido,0,20,1,213,0.09389671361502347,0.0,0.0,-1.0,0.0,0.1549892017840381,-0.0,"Riigikaitse, julgeolek ja kriisivalmidus"
defence,confido meditsiinikeskus,0,20,1,213,0.09389671361502347,0.0,0.0,-1.0,0.0,0.1549892017840381,-0.0,"Riigikaitse, julgeolek ja kriisivalmidus"
defence,eena (eesti ettevõtlike naiste assotsiatsioon),0,20,1,213,0.09389671361502347,0.0,0.0,-1.0,0.0,0.1549892017840381,-0.0,"Riigikaitse, julgeolek ja kriisivalmidus"
defence,eesti ametiühingute keskliit,0,20,1,213,0.09389671361502347,0.0,0.0,-1.0,0.0,0.1549892017840381,-0.0,"Riigikaitse, julgeolek ja kriisivalmidus"
defence,eesti arhitektide liit / maa- ja ruumiamet,0,20,1,213,0.09389671361502347,0.0,0.0,-1.0,0.0,0.1549892017840381,-0.0,"Riigikaitse, julgeolek ja kriisivalmidus"
defence,eesti arhitektide liit mtü,0,20,1,213,0.09389671361502347,0.0,0.0,-1.0,0.0,0.1549892017840381,-0.0,"Riigikaitse, julgeolek ja kriisivalmidus"
defence,eesti e-residentsuse programm,1,20,8,213,0.7511737089201878,1.33125,0.037037037037037035,0.053367423679238725,0.053367423679238725,0.10762084821289294,0.008894570613206454,"Riigikaitse, julgeolek ja kriisivalmidus"
defence,eesti hambaarstide liit,0,20,2,213,0.18779342723004694,0.0,0.0,-1.0,0.0,0.08812253448730521,-0.0,"Riigikaitse, julgeolek ja kriisivalmidus"
defence,eesti interneti sa,0,20,3,213,0.28169014084507044,0.0,0.0,-1.0,0.0,0.040679879025232145,-0.0,"Riigikaitse, julgeolek ja kriisivalmidus"
defence,eesti jõujaamade ja kaugkütte ühing,0,20,1,213,0.09389671361502347,0.0,0.0,-1.0,0.0,0.1549892017840381,-0.0,"Riigikaitse, julgeolek ja kriisivalmidus"
defence,eesti kaitsevägi,2,20,2,213,0.18779342723004694,10.65,0.1,0.5067451631602838,0.5067451631602838,0.4812812946609264,0.14478433233150967,"Riigikaitse, julgeolek ja kriisivalmidus"
defence,eesti kaubandus-tööstuskoda,0,20,1,213,0.09389671361502347,0.0,0.0,-1.0,0.0,0.1549892017840381,-0.0,"Riigikaitse, julgeolek ja kriisivalmidus"
defence,eesti keele instituut,0,20,1,213,0.09389671361502347,0.0,0.0,-1.0,0.0,0.1549892017840381,-0.0,"Riigikaitse, julgeolek ja kriisivalmidus"
defence,eesti kohtud,0,20,1,213,0.09389671361502347,0.0,0.0,-1.0,0.0,0.1549892017840381,-0.0,"Riigikaitse, julgeolek ja kriisivalmidus"
defence,eesti kultuuri koda,0,20,1,213,0.09389671361502347,0.0,0.0,-1.0,0.0,0.1549892017840381,-0.0,"Riigikaitse, julgeolek ja kriisivalmidus"
defence,eesti kunstikoolide liidu noorteühendus,0,20,1,213,0.09389671361502347,0.0,0.0,-1.0,0.0,0.1549892017840381,-0.0,"Riigikaitse, julgeolek ja kriisivalmidus"
defence,eesti kunstikoolide liit (noored),0,20,1,213,0.09389671361502347,0.0,0.0,-1.0,0.0,0.1549892017840381,-0.0,"Riigikaitse, julgeolek ja kriisivalmidus"
defence,eesti lastehoidude liit,0,20,2,213,0.18779342723004694,0.0,0.0,-1.0,0.0,0.08812253448730521,-0.0,"Riigikaitse, julgeolek ja kriisivalmidus"
defence,eesti loomaarstide koda (elk),0,20,1,213,0.09389671361502347,0.0,0.0,-1.0,0.0,0.1549892017840381,-0.0,"Riigikaitse, julgeolek ja kriisivalmidus"
defence,eesti maaülikool,0,20,2,213,0.18779342723004694,0.0,0.0,-1.0,0.0,0.08812253448730521,-0.0,"Riigikaitse, julgeolek ja kriisivalmidus"
defence,"eesti maaülikool, veterinaarmeditsiini ja loomakasvatuse instituut",1,20,1,213,0.09389671361502347,10.65,0.05,0.4412294310848129,0.4412294310848129,0.4105463295615602,0.07353823851413548,"Riigikaitse, julgeolek ja kriisivalmidus"
defence,eesti matemaatika selts,0,20,1,213,0.09389671361502347,0.0,0.0,-1.0,0.0,0.1549892017840381,-0.0,"Riigikaitse, julgeolek ja kriisivalmidus"
defence,eesti montessori ühing,0,20,1,213,0.09389671361502347,0.0,0.0,-1.0,0.0,0.1549892017840381,-0.0,"Riigikaitse, julgeolek ja kriisivalmidus"
defence,eesti muuseumiühing ja eesti muuseumide liit,0,20,1,213,0.09389671361502347,0.0,0.0,-1.0,0.0,0.1549892017840381,-0.0,"Riigikaitse, julgeolek ja kriisivalmidus"
defence,eesti muuseumiühing koostöös eesti muuseumide liiduga,0,20,1,213,0.09389671361502347,0.0,0.0,-1.0,0.0,0.1549892017840381,-0.0,"Riigikaitse, julgeolek ja kriisivalmidus"
defence,eesti nato ühing,1,20,1,213,0.09389671361502347,10.65,0.05,0.4412294310848129,0.4412294310848129,0.4105463295615602,0.07353823851413548,"Riigikaitse, julgeolek ja kriisivalmidus"
defence,eesti noorteühenduste liit,0,20,1,213,0.09389671361502347,0.0,0.0,-1.0,0.0,0.1549892017840381,-0.0,"Riigikaitse, julgeolek ja kriisivalmidus"
defence,eesti personalijuhtimise ühing pare,0,20,9,213,0.8450704225352113,0.0,0.0,-1.0,0.0,-0.11042882623718082,-0.0,"Riigikaitse, julgeolek ja kriisivalmidus"
defence,eesti personalijuhtimise ühing pare ja tööinspektsioon,0,20,9,213,0.8450704225352113,0.0,0.0,-1.0,0.0,-0.11042882623718082,-0.0,"Riigikaitse, julgeolek ja kriisivalmidus"
defence,"eesti puuetega naiste ühenduste liit, helpific mtü",0,20,1,213,0.09389671361502347,0.0,0.0,-1.0,0.0,0.1549892017840381,-0.0,"Riigikaitse, julgeolek ja kriisivalmidus"
defence,eesti roheline liikumine,0,20,2,213,0.18779342723004694,0.0,0.0,-1.0,0.0,0.08812253448730521,-0.0,"Riigikaitse, julgeolek ja kriisivalmidus"
defence,eesti seksuaaltervise liit,0,20,2,213,0.18779342723004694,0.0,0.0,-1.0,0.0,0.08812253448730521,-0.0,"Riigikaitse, julgeolek ja kriisivalmidus"
defence,eesti sõjamuuseum,1,20,1,213,0.09389671361502347,10.65,0.05,0.4412294310848129,0.4412294310848129,0.4105463295615602,0.07353823851413548,"Riigikaitse, julgeolek ja kriisivalmidus"
defence,eesti tervisemajanduse koda (health founders estonia),0,20,1,213,0.09389671361502347,0.0,0.0,-1.0,0.0,0.1549892017840381,-0.0,"Riigikaitse, julgeolek ja kriisivalmidus"
defence,eesti tervisemajanduse koda (health founders),0,20,1,213,0.09389671361502347,0.0,0.0,-1.0,0.0,0.1549892017840381,-0.0,"Riigikaitse, julgeolek ja kriisivalmidus"
defence,eesti tuuleenergia assotsiatsioon,0,20,2,213,0.18779342723004694,0.0,0.0,-1.0,0.0,0.08812253448730521,-0.0,"Riigikaitse, julgeolek ja kriisivalmidus"
defence,eesti urantia assotsiatsioon mtü,0,20,1,213,0.09389671361502347,0.0,0.0,-1.0,0.0,0.1549892017840381,-0.0,"Riigikaitse, julgeolek ja kriisivalmidus"
defence,eesti vaimse tervise ja heaolu koalitsioon vatek,0,20,1,213,0.09389671361502347,0.0,0.0,-1.0,0.0,0.1549892017840381,-0.0,"Riigikaitse, julgeolek ja kriisivalmidus"
defence,eesti vähitõrje võrgustik (estcan),0,20,5,213,0.4694835680751174,0.0,0.0,-1.0,0.0,-0.02618678827150076,-0.0,"Riigikaitse, julgeolek ja kriisivalmidus"
defence,eesti väitlusselts,0,20,1,213,0.09389671361502347,0.0,0.0,-1.0,0.0,0.1549892017840381,-0.0,"Riigikaitse, julgeolek ja kriisivalmidus"
defence,eesti õigusteaduse üliõpilaste liit,0,20,2,213,0.18779342723004694,0.0,0.0,-1.0,0.0,0.08812253448730521,-0.0,"Riigikaitse, julgeolek ja kriisivalmidus"
defence,"eesti õigusteaduse üliõpilaste liit, rahvusvaheliste suhete ring, feministeerium",0,20,1,213,0.09389671361502347,0.0,0.0,-1.0,0.0,0.1549892017840381,-0.0,"Riigikaitse, julgeolek ja kriisivalmidus"
defence,eesti õpilasesinduste liit,0,20,1,213,0.09389671361502347,0.0,0.0,-1.0,0.0,0.1549892017840381,-0.0,"Riigikaitse, julgeolek ja kriisivalmidus"
defence,eesti üliõpilaskondade liit,0,20,2,213,0.18779342723004694,0.0,0.0,-1.0,0.0,0.08812253448730521,-0.0,"Riigikaitse, julgeolek ja kriisivalmidus"
defence,eesti üro ühing,0,20,2,213,0.18779342723004694,0.0,0.0,-1.0,0.0,0.08812253448730521,-0.0,"Riigikaitse, julgeolek ja kriisivalmidus"
defence,eestimaa looduse fond,0,20,2,213,0.18779342723004694,0.0,0.0,-1.0,0.0,0.08812253448730521,-0.0,"Riigikaitse, julgeolek ja kriisivalmidus"
defence,efektiivne altruism eesti,0,20,2,213,0.18779342723004694,0.0,0.0,-1.0,0.0,0.08812253448730521,-0.0,"Riigikaitse, julgeolek ja kriisivalmidus"
defence,elisabeth luisk,0,20,1,213,0.09389671361502347,0.0,0.0,-1.0,0.0,0.1549892017840381,-0.0,"Riigikaitse, julgeolek ja kriisivalmidus"
defence,emn eesti,1,20,1,213,0.09389671361502347,10.65,0.05,0.4412294310848129,0.4412294310848129,0.4105463295615602,0.07353823851413548,"Riigikaitse, julgeolek ja kriisivalmidus"
defence,eurooopa parlamendi büroo eestis,0,20,1,213,0.09389671361502347,0.0,0.0,-1.0,0.0,0.1549892017840381,-0.0,"Riigikaitse, julgeolek ja kriisivalmidus"
defence,euroopa komisjoni eesti esindus,0,20,1,213,0.09389671361502347,0.0,0.0,-1.0,0.0,0.1549892017840381,-0.0,"Riigikaitse, julgeolek ja kriisivalmidus"
defence,"euroopa rändevõrgustiku eesti kontaktpunkt (emn eesti), sisekaitseakadeemia, haridus- ja noorteamet",0,20,1,213,0.09389671361502347,0.0,0.0,-1.0,0.0,0.1549892017840381,-0.0,"Riigikaitse, julgeolek ja kriisivalmidus"
defence,fenno-ugria asutus,0,20,1,213,0.09389671361502347,0.0,0.0,-1.0,0.0,0.1549892017840381,-0.0,"Riigikaitse, julgeolek ja kriisivalmidus"
defence,filmifestival horisont,0,20,1,213,0.09389671361502347,0.0,0.0,-1.0,0.0,0.1549892017840381,-0.0,"Riigikaitse, julgeolek ja kriisivalmidus"
defence,fridays for future eesti (mtü loodusvõlu),2,20,3,213,0.28169014084507044,7.1,0.09523809523809523,0.41988729790587365,0.41988729790587365,0.4166967319139339,0.11996779940167819,"Riigikaitse, julgeolek ja kriisivalmidus"
defence,geoteaduste üliõpilaste selts,0,20,1,213,0.09389671361502347,0.0,0.0,-1.0,0.0,0.1549892017840381,-0.0,"Riigikaitse, julgeolek ja kriisivalmidus"
defence,heaoluteaduste tippkeskus estwell,0,20,1,213,0.09389671361502347,0.0,0.0,-1.0,0.0,0.1549892017840381,-0.0,"Riigikaitse, julgeolek ja kriisivalmidus"
defence,integratsiooni sihtasutus,0,20,1,213,0.09389671361502347,0.0,0.0,-1.0,0.0,0.1549892017840381,-0.0,"Riigikaitse, julgeolek ja kriisivalmidus"
defence,justiits- ja digiministeerium,0,20,2,213,0.18779342723004694,0.0,0.0,-1.0,0.0,0.08812253448730521,-0.0,"Riigikaitse, julgeolek ja kriisivalmidus"
defence,kaitseliit,0,20,1,213,0.09389671361502347,0.0,0.0,-1.0,0.0,0.1549892017840381,-0.0,"Riigikaitse, julgeolek ja kriisivalmidus"
defence,kaitseministeerium,1,20,1,213,0.09389671361502347,10.65,0.05,0.4412294310848129,0.4412294310848129,0.4105463295615602,0.07353823851413548,"Riigikaitse, julgeolek ja kriisivalmidus"
defence,kaitseministeerium ja parempoolsed,1,20,1,213,0.09389671361502347,10.65,0.05,0.4412294310848129,0.4412294310848129,0.4105463295615602,0.07353823851413548,"Riigikaitse, julgeolek ja kriisivalmidus"
defence,kaitseressursside amet,1,20,1,213,0.09389671361502347,10.65,0.05,0.4412294310848129,0.4412294310848129,0.4105463295615602,0.07353823851413548,"Riigikaitse, julgeolek ja kriisivalmidus"
defence,kaja pae,0,20,1,213,0.09389671361502347,0.0,0.0,-1.0,0.0,0.1549892017840381,-0.0,"Riigikaitse, julgeolek ja kriisivalmidus"
defence,keskkonnainvesteeringute keskus,0,20,2,213,0.18779342723004694,0.0,0.0,-1.0,0.0,0.08812253448730521,-0.0,"Riigikaitse, julgeolek ja kriisivalmidus"
defence,keskkonnainvesteeringute keskus (kik),0,20,1,213,0.09389671361502347,0.0,0.0,-1.0,0.0,0.1549892017840381,-0.0,"Riigikaitse, julgeolek ja kriisivalmidus"
defence,kogu ala ühispaneel,1,20,1,213,0.09389671361502347,10.65,0.05,0.4412294310848129,0.4412294310848129,0.4105463295615602,0.07353823851413548,"Riigikaitse, julgeolek ja kriisivalmidus"
defence,kood/järva,0,20,1,213,0.09389671361502347,0.0,0.0,-1.0,0.0,0.1549892017840381,-0.0,"Riigikaitse, julgeolek ja kriisivalmidus"
defence,kood/jõhvi,0,20,1,213,0.09389671361502347,0.0,0.0,-1.0,0.0,0.1549892017840381,-0.0,"Riigikaitse, julgeolek ja kriisivalmidus"
defence,kood/jõhvi ja haridus- ja noorteamet,0,20,1,213,0.09389671361502347,0.0,0.0,-1.0,0.0,0.1549892017840381,-0.0,"Riigikaitse, julgeolek ja kriisivalmidus"
defence,korruptsioonivaba eesti mtü,0,20,1,213,0.09389671361502347,0.0,0.0,-1.0,0.0,0.1549892017840381,-0.0,"Riigikaitse, julgeolek ja kriisivalmidus"
defence,kultuuriministeerium,0,20,1,213,0.09389671361502347,0.0,0.0,-1.0,0.0,0.1549892017840381,-0.0,"Riigikaitse, julgeolek ja kriisivalmidus"
defence,lasteklubi väike päike,0,20,3,213,0.28169014084507044,0.0,0.0,-1.0,0.0,0.040679879025232145,-0.0,"Riigikaitse, julgeolek ja kriisivalmidus"
defence,loodushoiu fond,0,20,1,213,0.09389671361502347,0.0,0.0,-1.0,0.0,0.1549892017840381,-0.0,"Riigikaitse, julgeolek ja kriisivalmidus"
defence,loomus mtü,0,20,1,213,0.09389671361502347,0.0,0.0,-1.0,0.0,0.1549892017840381,-0.0,"Riigikaitse, julgeolek ja kriisivalmidus"
defence,magnum as,0,20,2,213,0.18779342723004694,0.0,0.0,-1.0,0.0,0.08812253448730521,-0.0,"Riigikaitse, julgeolek ja kriisivalmidus"
defence,maililii oü,0,20,1,213,0.09389671361502347,0.0,0.0,-1.0,0.0,0.1549892017840381,-0.0,"Riigikaitse, julgeolek ja kriisivalmidus"
defence,meta advisory oü,0,20,1,213,0.09389671361502347,0.0,0.0,-1.0,0.0,0.1549892017840381,-0.0,"Riigikaitse, julgeolek ja kriisivalmidus"
defence,mtü arvamusfestival,1,20,4,213,0.3755868544600939,2.6625,0.043478260869565216,0.18265475948109677,0.18265475948109677,0.22600276045852138,0.03044245991351613,"Riigikaitse, julgeolek ja kriisivalmidus"
defence,mtü eesti jõujaamade ja kaugkütte ühing,0,20,1,213,0.09389671361502347,0.0,0.0,-1.0,0.0,0.1549892017840381,-0.0,"Riigikaitse, julgeolek ja kriisivalmidus"
defence,mtü eesti psühholoogiaüliõpilaste ühendus,0,20,1,213,0.09389671361502347,0.0,0.0,-1.0,0.0,0.1549892017840381,-0.0,"Riigikaitse, julgeolek ja kriisivalmidus"
defence,mtü eesti taastuvenergia koda,1,20,7,213,0.6572769953051644,1.5214285714285714,0.038461538461538464,0.07827399256175235,0.07827399256175235,0.13134268782526254,0.013045665426958725,"Riigikaitse, julgeolek ja kriisivalmidus"
defence,"mtü esto-rada, multikey online school",0,20,1,213,0.09389671361502347,0.0,0.0,-1.0,0.0,0.1549892017840381,-0.0,"Riigikaitse, julgeolek ja kriisivalmidus"
defence,mtü kodanikupalga ümarlaud eestis,1,20,1,213,0.09389671361502347,10.65,0.05,0.4412294310848129,0.4412294310848129,0.4105463295615602,0.07353823851413548,"Riigikaitse, julgeolek ja kriisivalmidus"
defence,mtü lastekaitse liit,0,20,1,213,0.09389671361502347,0.0,0.0,-1.0,0.0,0.1549892017840381,-0.0,"Riigikaitse, julgeolek ja kriisivalmidus"
defence,mtü lastekaitse liit ja tallinna raamatukogud,0,20,1,213,0.09389671361502347,0.0,0.0,-1.0,0.0,0.1549892017840381,-0.0,"Riigikaitse, julgeolek ja kriisivalmidus"
defence,mtü progressiivne liikumine,0,20,2,213,0.18779342723004694,0.0,0.0,-1.0,0.0,0.08812253448730521,-0.0,"Riigikaitse, julgeolek ja kriisivalmidus"
defence,mtü teadveloleku kompetentsikeskus toko,0,20,1,213,0.09389671361502347,0.0,0.0,-1.0,0.0,0.1549892017840381,-0.0,"Riigikaitse, julgeolek ja kriisivalmidus"
defence,novartis,0,20,1,213,0.09389671361502347,0.0,0.0,-1.0,0.0,0.1549892017840381,-0.0,"Riigikaitse, julgeolek ja kriisivalmidus"
defence,paide gümnaasium,0,20,3,213,0.28169014084507044,0.0,0.0,-1.0,0.0,0.040679879025232145,-0.0,"Riigikaitse, julgeolek ja kriisivalmidus"
defence,pullivara group,0,20,1,213,0.09389671361502347,0.0,0.0,-1.0,0.0,0.1549892017840381,-0.0,"Riigikaitse, julgeolek ja kriisivalmidus"
defence,päästame eesti metsad mtü,0,20,1,213,0.09389671361502347,0.0,0.0,-1.0,0.0,0.1549892017840381,-0.0,"Riigikaitse, julgeolek ja kriisivalmidus"
defence,põllumajandus- ja toiduamet,0,20,1,213,0.09389671361502347,0.0,0.0,-1.0,0.0,0.1549892017840381,-0.0,"Riigikaitse, julgeolek ja kriisivalmidus"
defence,rail baltic estonia,0,20,2,213,0.18779342723004694,0.0,0.0,-1.0,0.0,0.08812253448730521,-0.0,"Riigikaitse, julgeolek ja kriisivalmidus"
defence,regionaal- ja põllumajandusministeerium,0,20,1,213,0.09389671361502347,0.0,0.0,-1.0,0.0,0.1549892017840381,-0.0,"Riigikaitse, julgeolek ja kriisivalmidus"
defence,roche,0,20,1,213,0.09389671361502347,0.0,0.0,-1.0,0.0,0.1549892017840381,-0.0,"Riigikaitse, julgeolek ja kriisivalmidus"
defence,roche eesti oü,0,20,1,213,0.09389671361502347,0.0,0.0,-1.0,0.0,0.1549892017840381,-0.0,"Riigikaitse, julgeolek ja kriisivalmidus"
defence,sa õpilasmalev,0,20,1,213,0.09389671361502347,0.0,0.0,-1.0,0.0,0.1549892017840381,-0.0,"Riigikaitse, julgeolek ja kriisivalmidus"
defence,saaremaa gümnaasiumi õpilasesindus,0,20,1,213,0.09389671361502347,0.0,0.0,-1.0,0.0,0.1549892017840381,-0.0,"Riigikaitse, julgeolek ja kriisivalmidus"
defence,sihtasutus eesti teadusagentuur (etag),0,20,2,213,0.18779342723004694,0.0,0.0,-1.0,0.0,0.08812253448730521,-0.0,"Riigikaitse, julgeolek ja kriisivalmidus"
defence,sihtasutus iga laps on andekas,0,20,1,213,0.09389671361502347,0.0,0.0,-1.0,0.0,0.1549892017840381,-0.0,"Riigikaitse, julgeolek ja kriisivalmidus"
defence,sihtasutus järvamaa,0,20,1,213,0.09389671361502347,0.0,0.0,-1.0,0.0,0.1549892017840381,-0.0,"Riigikaitse, julgeolek ja kriisivalmidus"
defence,sihtasutus roheriiger,0,20,1,213,0.09389671361502347,0.0,0.0,-1.0,0.0,0.1549892017840381,-0.0,"Riigikaitse, julgeolek ja kriisivalmidus"
defence,sihtasutus rohetiiger,0,20,3,213,0.28169014084507044,0.0,0.0,-1.0,0.0,0.040679879025232145,-0.0,"Riigikaitse, julgeolek ja kriisivalmidus"
defence,siseministeerium,0,20,1,213,0.09389671361502347,0.0,0.0,-1.0,0.0,0.1549892017840381,-0.0,"Riigikaitse, julgeolek ja kriisivalmidus"
defence,synlab,0,20,1,213,0.09389671361502347,0.0,0.0,-1.0,0.0,0.1549892017840381,-0.0,"Riigikaitse, julgeolek ja kriisivalmidus"
defence,taastuvenergia koda,0,20,1,213,0.09389671361502347,0.0,0.0,-1.0,0.0,0.1549892017840381,-0.0,"Riigikaitse, julgeolek ja kriisivalmidus"
defence,tallinna ettevõtlusinkubaator,0,20,1,213,0.09389671361502347,0.0,0.0,-1.0,0.0,0.1549892017840381,-0.0,"Riigikaitse, julgeolek ja kriisivalmidus"
defence,tallinna lastekodu,0,20,1,213,0.09389671361502347,0.0,0.0,-1.0,0.0,0.1549892017840381,-0.0,"Riigikaitse, julgeolek ja kriisivalmidus"
defence,tallinna tehnikaülikool,0,20,1,213,0.09389671361502347,0.0,0.0,-1.0,0.0,0.1549892017840381,-0.0,"Riigikaitse, julgeolek ja kriisivalmidus"
defence,"tallinna tehnikaülikool, vastutustundliku majanduse ja esg fookustippkeskus",0,20,1,213,0.09389671361502347,0.0,0.0,-1.0,0.0,0.1549892017840381,-0.0,"Riigikaitse, julgeolek ja kriisivalmidus"
defence,tallinna vesi,1,20,2,213,0.18779342723004694,5.325,0.047619047619047616,0.3119420952829548,0.3119420952829548,0.3288844993213009,0.0519903492138258,"Riigikaitse, julgeolek ja kriisivalmidus"
defence,"tallinna ülikool, tartu ülikool, eesti maaülikool",0,20,1,213,0.09389671361502347,0.0,0.0,-1.0,0.0,0.1549892017840381,-0.0,"Riigikaitse, julgeolek ja kriisivalmidus"
defence,taltech,0,20,1,213,0.09389671361502347,0.0,0.0,-1.0,0.0,0.1549892017840381,-0.0,"Riigikaitse, julgeolek ja kriisivalmidus"
defence,tartu kristjan jaak petersoni gümnaasium / kultuuriministeerium,0,20,1,213,0.09389671361502347,0.0,0.0,-1.0,0.0,0.1549892017840381,-0.0,"Riigikaitse, julgeolek ja kriisivalmidus"
defence,tartu ülikool,0,20,1,213,0.09389671361502347,0.0,0.0,-1.0,0.0,0.1549892017840381,-0.0,"Riigikaitse, julgeolek ja kriisivalmidus"
defence,tartumaa omavalitsuste liit,0,20,2,213,0.18779342723004694,0.0,0.0,-1.0,0.0,0.08812253448730521,-0.0,"Riigikaitse, julgeolek ja kriisivalmidus"
defence,telia,0,20,5,213,0.4694835680751174,0.0,0.0,-1.0,0.0,-0.02618678827150076,-0.0,"Riigikaitse, julgeolek ja kriisivalmidus"
defence,"telia, eesti interneti sihtasutus",0,20,1,213,0.09389671361502347,0.0,0.0,-1.0,0.0,0.1549892017840381,-0.0,"Riigikaitse, julgeolek ja kriisivalmidus"
defence,tervise tuleviku ala korraldajate ühispaneel,0,20,1,213,0.09389671361502347,0.0,0.0,-1.0,0.0,0.1549892017840381,-0.0,"Riigikaitse, julgeolek ja kriisivalmidus"
defence,tuum consulting,0,20,1,213,0.09389671361502347,0.0,0.0,-1.0,0.0,0.1549892017840381,-0.0,"Riigikaitse, julgeolek ja kriisivalmidus"
defence,vabaühenduste liit,0,20,2,213,0.18779342723004694,0.0,0.0,-1.0,0.0,0.08812253448730521,-0.0,"Riigikaitse, julgeolek ja kriisivalmidus"
defence,vau haldus,0,20,1,213,0.09389671361502347,0.0,0.0,-1.0,0.0,0.1549892017840381,-0.0,"Riigikaitse, julgeolek ja kriisivalmidus"
defence,vindr baltic oü ja vkg,0,20,1,213,0.09389671361502347,0.0,0.0,-1.0,0.0,0.1549892017840381,-0.0,"Riigikaitse, julgeolek ja kriisivalmidus"
defence,välisministeerium,2,20,6,213,0.5633802816901409,3.55,0.08333333333333333,0.27140279651077615,0.27140279651077615,0.2910631091368981,0.07754365614593604,"Riigikaitse, julgeolek ja kriisivalmidus"
defence,välisministeerium & rahvusvaheliste suhete ring,1,20,1,213,0.09389671361502347,10.65,0.05,0.4412294310848129,0.4412294310848129,0.4105463295615602,0.07353823851413548,"Riigikaitse, julgeolek ja kriisivalmidus"
defence,ühendus kultuuritahe,0,20,3,213,0.28169014084507044,0.0,0.0,-1.0,0.0,0.040679879025232145,-0.0,"Riigikaitse, julgeolek ja kriisivalmidus"
defence,üro pagulasamet,0,20,1,213,0.09389671361502347,0.0,0.0,-1.0,0.0,0.1549892017840381,-0.0,"Riigikaitse, julgeolek ja kriisivalmidus"
economy,adven eesti as,2,30,2,213,0.28169014084507044,7.1,0.06666666666666667,0.41988729790587365,0.41988729790587365,0.39384653916054213,0.11996779940167819,"Majandus, ettevõtlus ja innovatsioon"
economy,allium upi oü,0,30,1,213,0.14084507042253522,0.0,0.0,-1.0,0.0,0.0907612066690832,-0.0,"Majandus, ettevõtlus ja innovatsioon"
economy,apotheka,0,30,1,213,0.14084507042253522,0.0,0.0,-1.0,0.0,0.0907612066690832,-0.0,"Majandus, ettevõtlus ja innovatsioon"
economy,arengukoostöö ümarlaud (akü),0,30,1,213,0.14084507042253522,0.0,0.0,-1.0,0.0,0.0907612066690832,-0.0,"Majandus, ettevõtlus ja innovatsioon"
economy,avatud eesti fond,0,30,1,213,0.14084507042253522,0.0,0.0,-1.0,0.0,0.0907612066690832,-0.0,"Majandus, ettevõtlus ja innovatsioon"
economy,bonava eesti,0,30,1,213,0.14084507042253522,0.0,0.0,-1.0,0.0,0.0907612066690832,-0.0,"Majandus, ettevõtlus ja innovatsioon"
economy,confido,0,30,1,213,0.14084507042253522,0.0,0.0,-1.0,0.0,0.0907612066690832,-0.0,"Majandus, ettevõtlus ja innovatsioon"
economy,confido meditsiinikeskus,0,30,1,213,0.14084507042253522,0.0,0.0,-1.0,0.0,0.0907612066690832,-0.0,"Majandus, ettevõtlus ja innovatsioon"
economy,eena (eesti ettevõtlike naiste assotsiatsioon),1,30,1,213,0.14084507042253522,7.1,0.03333333333333333,0.3656011878225821,0.3656011878225821,0.33210701374409735,0.06093353130376369,"Majandus, ettevõtlus ja innovatsioon"
economy,eesti ametiühingute keskliit,0,30,1,213,0.14084507042253522,0.0,0.0,-1.0,0.0,0.0907612066690832,-0.0,"Majandus, ettevõtlus ja innovatsioon"
economy,eesti arhitektide liit / maa- ja ruumiamet,0,30,1,213,0.14084507042253522,0.0,0.0,-1.0,0.0,0.0907612066690832,-0.0,"Majandus, ettevõtlus ja innovatsioon"
economy,eesti arhitektide liit mtü,1,30,1,213,0.14084507042253522,7.1,0.03333333333333333,0.3656011878225821,0.3656011878225821,0.33210701374409735,0.06093353130376369,"Majandus, ettevõtlus ja innovatsioon"
economy,eesti e-residentsuse programm,3,30,8,213,1.1267605633802817,2.6625,0.08571428571428572,0.2297300194438345,0.2297300194438345,0.24094689625922322,0.08614875729143794,"Majandus, ettevõtlus ja innovatsioon"
economy,eesti hambaarstide liit,0,30,2,213,0.28169014084507044,0.0,0.0,-1.0,0.0,0.023894539372350303,-0.0,"Majandus, ettevõtlus ja innovatsioon"
economy,eesti interneti sa,0,30,3,213,0.4225352112676056,0.0,0.0,-1.0,0.0,-0.02354811608972275,-0.0,"Majandus, ettevõtlus ja innovatsioon"
economy,eesti jõujaamade ja kaugkütte ühing,0,30,1,213,0.14084507042253522,0.0,0.0,-1.0,0.0,0.0907612066690832,-0.0,"Majandus, ettevõtlus ja innovatsioon"
economy,eesti kaitsevägi,0,30,2,213,0.28169014084507044,0.0,0.0,-1.0,0.0,0.023894539372350303,-0.0,"Majandus, ettevõtlus ja innovatsioon"
economy,eesti kaubandus-tööstuskoda,0,30,1,213,0.14084507042253522,0.0,0.0,-1.0,0.0,0.0907612066690832,-0.0,"Majandus, ettevõtlus ja innovatsioon"
economy,eesti keele instituut,0,30,1,213,0.14084507042253522,0.0,0.0,-1.0,0.0,0.0907612066690832,-0.0,"Majandus, ettevõtlus ja innovatsioon"
economy,eesti kohtud,0,30,1,213,0.14084507042253522,0.0,0.0,-1.0,0.0,0.0907612066690832,-0.0,"Majandus, ettevõtlus ja innovatsioon"
economy,eesti kultuuri koda,0,30,1,213,0.14084507042253522,0.0,0.0,-1.0,0.0,0.0907612066690832,-0.0,"Majandus, ettevõtlus ja innovatsioon"
economy,eesti kunstikoolide liidu noorteühendus,0,30,1,213,0.14084507042253522,0.0,0.0,-1.0,0.0,0.0907612066690832,-0.0,"Majandus, ettevõtlus ja innovatsioon"
economy,eesti kunstikoolide liit (noored),0,30,1,213,0.14084507042253522,0.0,0.0,-1.0,0.0,0.0907612066690832,-0.0,"Majandus, ettevõtlus ja innovatsioon"
economy,eesti lastehoidude liit,0,30,2,213,0.28169014084507044,0.0,0.0,-1.0,0.0,0.023894539372350303,-0.0,"Majandus, ettevõtlus ja innovatsioon"
economy,eesti loomaarstide koda (elk),0,30,1,213,0.14084507042253522,0.0,0.0,-1.0,0.0,0.0907612066690832,-0.0,"Majandus, ettevõtlus ja innovatsioon"
economy,eesti maaülikool,1,30,2,213,0.28169014084507044,3.55,0.03225806451612903,0.23631385202072405,0.23631385202072405,0.25044518350383815,0.039385642003454006,"Majandus, ettevõtlus ja innovatsioon"
economy,"eesti maaülikool, veterinaarmeditsiini ja loomakasvatuse instituut",0,30,1,213,0.14084507042253522,0.0,0.0,-1.0,0.0,0.0907612066690832,-0.0,"Majandus, ettevõtlus ja innovatsioon"
economy,eesti matemaatika selts,0,30,1,213,0.14084507042253522,0.0,0.0,-1.0,0.0,0.0907612066690832,-0.0,"Majandus, ettevõtlus ja innovatsioon"
economy,eesti montessori ühing,0,30,1,213,0.14084507042253522,0.0,0.0,-1.0,0.0,0.0907612066690832,-0.0,"Majandus, ettevõtlus ja innovatsioon"
economy,eesti muuseumiühing ja eesti muuseumide liit,0,30,1,213,0.14084507042253522,0.0,0.0,-1.0,0.0,0.0907612066690832,-0.0,"Majandus, ettevõtlus ja innovatsioon"
economy,eesti muuseumiühing koostöös eesti muuseumide liiduga,0,30,1,213,0.14084507042253522,0.0,0.0,-1.0,0.0,0.0907612066690832,-0.0,"Majandus, ettevõtlus ja innovatsioon"
economy,eesti nato ühing,0,30,1,213,0.14084507042253522,0.0,0.0,-1.0,0.0,0.0907612066690832,-0.0,"Majandus, ettevõtlus ja innovatsioon"
economy,eesti noorteühenduste liit,1,30,1,213,0.14084507042253522,7.1,0.03333333333333333,0.3656011878225821,0.3656011878225821,0.33210701374409735,0.06093353130376369,"Majandus, ettevõtlus ja innovatsioon"
economy,eesti personalijuhtimise ühing pare,1,30,9,213,1.267605633802817,0.7888888888888889,0.02631578947368421,-0.0442299703055955,0.0,0.007961623772909801,-0.00737166171759925,"Majandus, ettevõtlus ja innovatsioon"
economy,eesti personalijuhtimise ühing pare ja tööinspektsioon,0,30,9,213,1.267605633802817,0.0,0.0,-1.0,0.0,-0.1746568213521357,-0.0,"Majandus, ettevõtlus ja innovatsioon"
economy,"eesti puuetega naiste ühenduste liit, helpific mtü",1,30,1,213,0.14084507042253522,7.1,0.03333333333333333,0.3656011878225821,0.3656011878225821,0.33210701374409735,0.06093353130376369,"Majandus, ettevõtlus ja innovatsioon"
economy,eesti roheline liikumine,0,30,2,213,0.28169014084507044,0.0,0.0,-1.0,0.0,0.023894539372350303,-0.0,"Majandus, ettevõtlus ja innovatsioon"
economy,eesti seksuaaltervise liit,0,30,2,213,0.28169014084507044,0.0,0.0,-1.0,0.0,0.023894539372350303,-0.0,"Majandus, ettevõtlus ja innovatsioon"
economy,eesti sõjamuuseum,0,30,1,213,0.14084507042253522,0.0,0.0,-1.0,0.0,0.0907612066690832,-0.0,"Majandus, ettevõtlus ja innovatsioon"
economy,eesti tervisemajanduse koda (health founders estonia),0,30,1,213,0.14084507042253522,0.0,0.0,-1.0,0.0,0.0907612066690832,-0.0,"Majandus, ettevõtlus ja innovatsioon"
economy,eesti tervisemajanduse koda (health founders),0,30,1,213,0.14084507042253522,0.0,0.0,-1.0,0.0,0.0907612066690832,-0.0,"Majandus, ettevõtlus ja innovatsioon"
economy,eesti tuuleenergia assotsiatsioon,0,30,2,213,0.28169014084507044,0.0,0.0,-1.0,0.0,0.023894539372350303,-0.0,"Majandus, ettevõtlus ja innovatsioon"
economy,eesti urantia assotsiatsioon mtü,0,30,1,213,0.14084507042253522,0.0,0.0,-1.0,0.0,0.0907612066690832,-0.0,"Majandus, ettevõtlus ja innovatsioon"
economy,eesti vaimse tervise ja heaolu koalitsioon vatek,0,30,1,213,0.14084507042253522,0.0,0.0,-1.0,0.0,0.0907612066690832,-0.0,"Majandus, ettevõtlus ja innovatsioon"
economy,eesti vähitõrje võrgustik (estcan),0,30,5,213,0.704225352112676,0.0,0.0,-1.0,0.0,-0.09041478338645566,-0.0,"Majandus, ettevõtlus ja innovatsioon"
economy,eesti väitlusselts,0,30,1,213,0.14084507042253522,0.0,0.0,-1.0,0.0,0.0907612066690832,-0.0,"Majandus, ettevõtlus ja innovatsioon"
economy,eesti õigusteaduse üliõpilaste liit,0,30,2,213,0.28169014084507044,0.0,0.0,-1.0,0.0,0.023894539372350303,-0.0,"Majandus, ettevõtlus ja innovatsioon"
economy,"eesti õigusteaduse üliõpilaste liit, rahvusvaheliste suhete ring, feministeerium",0,30,1,213,0.14084507042253522,0.0,0.0,-1.0,0.0,0.0907612066690832,-0.0,"Majandus, ettevõtlus ja innovatsioon"
economy,eesti õpilasesinduste liit,0,30,1,213,0.14084507042253522,0.0,0.0,-1.0,0.0,0.0907612066690832,-0.0,"Majandus, ettevõtlus ja innovatsioon"
economy,eesti üliõpilaskondade liit,1,30,2,213,0.28169014084507044,3.55,0.03225806451612903,0.23631385202072405,0.23631385202072405,0.25044518350383815,0.039385642003454006,"Majandus, ettevõtlus ja innovatsioon"
economy,eesti üro ühing,0,30,2,213,0.28169014084507044,0.0,0.0,-1.0,0.0,0.023894539372350303,-0.0,"Majandus, ettevõtlus ja innovatsioon"
economy,eestimaa looduse fond,0,30,2,213,0.28169014084507044,0.0,0.0,-1.0,0.0,0.023894539372350303,-0.0,"Majandus, ettevõtlus ja innovatsioon"
economy,efektiivne altruism eesti,0,30,2,213,0.28169014084507044,0.0,0.0,-1.0,0.0,0.023894539372350303,-0.0,"Majandus, ettevõtlus ja innovatsioon"
economy,elisabeth luisk,0,30,1,213,0.14084507042253522,0.0,0.0,-1.0,0.0,0.0907612066690832,-0.0,"Majandus, ettevõtlus ja innovatsioon"
economy,emn eesti,0,30,1,213,0.14084507042253522,0.0,0.0,-1.0,0.0,0.0907612066690832,-0.0,"Majandus, ettevõtlus ja innovatsioon"
economy,eurooopa parlamendi büroo eestis,0,30,1,213,0.14084507042253522,0.0,0.0,-1.0,0.0,0.0907612066690832,-0.0,"Majandus, ettevõtlus ja innovatsioon"
economy,euroopa komisjoni eesti esindus,0,30,1,213,0.14084507042253522,0.0,0.0,-1.0,0.0,0.0907612066690832,-0.0,"Majandus, ettevõtlus ja innovatsioon"
economy,"euroopa rändevõrgustiku eesti kontaktpunkt (emn eesti), sisekaitseakadeemia, haridus- ja noorteamet",0,30,1,213,0.14084507042253522,0.0,0.0,-1.0,0.0,0.0907612066690832,-0.0,"Majandus, ettevõtlus ja innovatsioon"
economy,fenno-ugria asutus,0,30,1,213,0.14084507042253522,0.0,0.0,-1.0,0.0,0.0907612066690832,-0.0,"Majandus, ettevõtlus ja innovatsioon"
economy,filmifestival horisont,0,30,1,213,0.14084507042253522,0.0,0.0,-1.0,0.0,0.0907612066690832,-0.0,"Majandus, ettevõtlus ja innovatsioon"
economy,fridays for future eesti (mtü loodusvõlu),2,30,3,213,0.4225352112676056,4.733333333333333,0.06451612903225806,0.3330294326514634,0.3330294326514634,0.32926197641354965,0.09515126647184668,"Majandus, ettevõtlus ja innovatsioon"
economy,geoteaduste üliõpilaste selts,0,30,1,213,0.14084507042253522,0.0,0.0,-1.0,0.0,0.0907612066690832,-0.0,"Majandus, ettevõtlus ja innovatsioon"
economy,heaoluteaduste tippkeskus estwell,0,30,1,213,0.14084507042253522,0.0,0.0,-1.0,0.0,0.0907612066690832,-0.0,"Majandus, ettevõtlus ja innovatsioon"
economy,integratsiooni sihtasutus,0,30,1,213,0.14084507042253522,0.0,0.0,-1.0,0.0,0.0907612066690832,-0.0,"Majandus, ettevõtlus ja innovatsioon"
economy,justiits- ja digiministeerium,0,30,2,213,0.28169014084507044,0.0,0.0,-1.0,0.0,0.023894539372350303,-0.0,"Majandus, ettevõtlus ja innovatsioon"
economy,kaitseliit,0,30,1,213,0.14084507042253522,0.0,0.0,-1.0,0.0,0.0907612066690832,-0.0,"Majandus, ettevõtlus ja innovatsioon"
economy,kaitseministeerium,0,30,1,213,0.14084507042253522,0.0,0.0,-1.0,0.0,0.0907612066690832,-0.0,"Majandus, ettevõtlus ja innovatsioon"
economy,kaitseministeerium ja parempoolsed,0,30,1,213,0.14084507042253522,0.0,0.0,-1.0,0.0,0.0907612066690832,-0.0,"Majandus, ettevõtlus ja innovatsioon"
economy,kaitseressursside amet,0,30,1,213,0.14084507042253522,0.0,0.0,-1.0,0.0,0.0907612066690832,-0.0,"Majandus, ettevõtlus ja innovatsioon"
economy,kaja pae,0,30,1,213,0.14084507042253522,0.0,0.0,-1.0,0.0,0.0907612066690832,-0.0,"Majandus, ettevõtlus ja innovatsioon"
economy,keskkonnainvesteeringute keskus,1,30,2,213,0.28169014084507044,3.55,0.03225806451612903,0.23631385202072405,0.23631385202072405,0.25044518350383815,0.039385642003454006,"Majandus, ettevõtlus ja innovatsioon"
economy,keskkonnainvesteeringute keskus (kik),0,30,1,213,0.14084507042253522,0.0,0.0,-1.0,0.0,0.0907612066690832,-0.0,"Majandus, ettevõtlus ja innovatsioon"
economy,kogu ala ühispaneel,0,30,1,213,0.14084507042253522,0.0,0.0,-1.0,0.0,0.0907612066690832,-0.0,"Majandus, ettevõtlus ja innovatsioon"
economy,kood/järva,0,30,1,213,0.14084507042253522,0.0,0.0,-1.0,0.0,0.0907612066690832,-0.0,"Majandus, ettevõtlus ja innovatsioon"
economy,kood/jõhvi,0,30,1,213,0.14084507042253522,0.0,0.0,-1.0,0.0,0.0907612066690832,-0.0,"Majandus, ettevõtlus ja innovatsioon"
economy,kood/jõhvi ja haridus- ja noorteamet,0,30,1,213,0.14084507042253522,0.0,0.0,-1.0,0.0,0.0907612066690832,-0.0,"Majandus, ettevõtlus ja innovatsioon"
economy,korruptsioonivaba eesti mtü,0,30,1,213,0.14084507042253522,0.0,0.0,-1.0,0.0,0.0907612066690832,-0.0,"Majandus, ettevõtlus ja innovatsioon"
economy,kultuuriministeerium,0,30,1,213,0.14084507042253522,0.0,0.0,-1.0,0.0,0.0907612066690832,-0.0,"Majandus, ettevõtlus ja innovatsioon"
economy,lasteklubi väike päike,0,30,3,213,0.4225352112676056,0.0,0.0,-1.0,0.0,-0.02354811608972275,-0.0,"Majandus, ettevõtlus ja innovatsioon"
economy,loodushoiu fond,0,30,1,213,0.14084507042253522,0.0,0.0,-1.0,0.0,0.0907612066690832,-0.0,"Majandus, ettevõtlus ja innovatsioon"
economy,loomus mtü,0,30,1,213,0.14084507042253522,0.0,0.0,-1.0,0.0,0.0907612066690832,-0.0,"Majandus, ettevõtlus ja innovatsioon"
economy,magnum as,0,30,2,213,0.28169014084507044,0.0,0.0,-1.0,0.0,0.023894539372350303,-0.0,"Majandus, ettevõtlus ja innovatsioon"
economy,maililii oü,0,30,1,213,0.14084507042253522,0.0,0.0,-1.0,0.0,0.0907612066690832,-0.0,"Majandus, ettevõtlus ja innovatsioon"
economy,meta advisory oü,0,30,1,213,0.14084507042253522,0.0,0.0,-1.0,0.0,0.0907612066690832,-0.0,"Majandus, ettevõtlus ja innovatsioon"
economy,mtü arvamusfestival,2,30,4,213,0.5633802816901409,3.55,0.0625,0.27140279651077615,0.27140279651077615,0.2791662976365731,0.07754365614593604,"Majandus, ettevõtlus ja innovatsioon"
economy,mtü eesti jõujaamade ja kaugkütte ühing,0,30,1,213,0.14084507042253522,0.0,0.0,-1.0,0.0,0.0907612066690832,-0.0,"Majandus, ettevõtlus ja innovatsioon"
economy,mtü eesti psühholoogiaüliõpilaste ühendus,0,30,1,213,0.14084507042253522,0.0,0.0,-1.0,0.0,0.0907612066690832,-0.0,"Majandus, ettevõtlus ja innovatsioon"
economy,mtü eesti taastuvenergia koda,1,30,7,213,0.9859154929577465,1.0142857142857142,0.027777777777777776,0.002645749299521605,0.002645749299521605,0.05290337200779976,0.0004409582165869342,"Majandus, ettevõtlus ja innovatsioon"
economy,"mtü esto-rada, multikey online school",0,30,1,213,0.14084507042253522,0.0,0.0,-1.0,0.0,0.0907612066690832,-0.0,"Majandus, ettevõtlus ja innovatsioon"
economy,mtü kodanikupalga ümarlaud eestis,1,30,1,213,0.14084507042253522,7.1,0.03333333333333333,0.3656011878225821,0.3656011878225821,0.33210701374409735,0.06093353130376369,"Majandus, ettevõtlus ja innovatsioon"
economy,mtü lastekaitse liit,0,30,1,213,0.14084507042253522,0.0,0.0,-1.0,0.0,0.0907612066690832,-0.0,"Majandus, ettevõtlus ja innovatsioon"
economy,mtü lastekaitse liit ja tallinna raamatukogud,0,30,1,213,0.14084507042253522,0.0,0.0,-1.0,0.0,0.0907612066690832,-0.0,"Majandus, ettevõtlus ja innovatsioon"
economy,mtü progressiivne liikumine,0,30,2,213,0.28169014084507044,0.0,0.0,-1.0,0.0,0.023894539372350303,-0.0,"Majandus, ettevõtlus ja innovatsioon"
economy,mtü teadveloleku kompetentsikeskus toko,0,30,1,213,0.14084507042253522,0.0,0.0,-1.0,0.0,0.0907612066690832,-0.0,"Majandus, ettevõtlus ja innovatsioon"
economy,novartis,0,30,1,213,0.14084507042253522,0.0,0.0,-1.0,0.0,0.0907612066690832,-0.0,"Majandus, ettevõtlus ja innovatsioon"
economy,paide gümnaasium,0,30,3,213,0.4225352112676056,0.0,0.0,-1.0,0.0,-0.02354811608972275,-0.0,"Majandus, ettevõtlus ja innovatsioon"
economy,pullivara group,0,30,1,213,0.14084507042253522,0.0,0.0,-1.0,0.0,0.0907612066690832,-0.0,"Majandus, ettevõtlus ja innovatsioon"
economy,päästame eesti metsad mtü,0,30,1,213,0.14084507042253522,0.0,0.0,-1.0,0.0,0.0907612066690832,-0.0,"Majandus, ettevõtlus ja innovatsioon"
economy,põllumajandus- ja toiduamet,1,30,1,213,0.14084507042253522,7.1,0.03333333333333333,0.3656011878225821,0.3656011878225821,0.33210701374409735,0.06093353130376369,"Majandus, ettevõtlus ja innovatsioon"
economy,rail baltic estonia,1,30,2,213,0.28169014084507044,3.55,0.03225806451612903,0.23631385202072405,0.23631385202072405,0.25044518350383815,0.039385642003454006,"Majandus, ettevõtlus ja innovatsioon"
economy,regionaal- ja põllumajandusministeerium,0,30,1,213,0.14084507042253522,0.0,0.0,-1.0,0.0,0.0907612066690832,-0.0,"Majandus, ettevõtlus ja innovatsioon"
economy,roche,0,30,1,213,0.14084507042253522,0.0,0.0,-1.0,0.0,0.0907612066690832,-0.0,"Majandus, ettevõtlus ja innovatsioon"
economy,roche eesti oü,0,30,1,213,0.14084507042253522,0.0,0.0,-1.0,0.0,0.0907612066690832,-0.0,"Majandus, ettevõtlus ja innovatsioon"
economy,sa õpilasmalev,0,30,1,213,0.14084507042253522,0.0,0.0,-1.0,0.0,0.0907612066690832,-0.0,"Majandus, ettevõtlus ja innovatsioon"
economy,saaremaa gümnaasiumi õpilasesindus,0,30,1,213,0.14084507042253522,0.0,0.0,-1.0,0.0,0.0907612066690832,-0.0,"Majandus, ettevõtlus ja innovatsioon"
economy,sihtasutus eesti teadusagentuur (etag),0,30,2,213,0.28169014084507044,0.0,0.0,-1.0,0.0,0.023894539372350303,-0.0,"Majandus, ettevõtlus ja innovatsioon"
economy,sihtasutus iga laps on andekas,0,30,1,213,0.14084507042253522,0.0,0.0,-1.0,0.0,0.0907612066690832,-0.0,"Majandus, ettevõtlus ja innovatsioon"
economy,sihtasutus järvamaa,0,30,1,213,0.14084507042253522,0.0,0.0,-1.0,0.0,0.0907612066690832,-0.0,"Majandus, ettevõtlus ja innovatsioon"
economy,sihtasutus roheriiger,0,30,1,213,0.14084507042253522,0.0,0.0,-1.0,0.0,0.0907612066690832,-0.0,"Majandus, ettevõtlus ja innovatsioon"
economy,sihtasutus rohetiiger,2,30,3,213,0.4225352112676056,4.733333333333333,0.06451612903225806,0.3330294326514634,0.3330294326514634,0.32926197641354965,0.09515126647184668,"Majandus, ettevõtlus ja innovatsioon"
economy,siseministeerium,0,30,1,213,0.14084507042253522,0.0,0.0,-1.0,0.0,0.0907612066690832,-0.0,"Majandus, ettevõtlus ja innovatsioon"
economy,synlab,0,30,1,213,0.14084507042253522,0.0,0.0,-1.0,0.0,0.0907612066690832,-0.0,"Majandus, ettevõtlus ja innovatsioon"
economy,taastuvenergia koda,0,30,1,213,0.14084507042253522,0.0,0.0,-1.0,0.0,0.0907612066690832,-0.0,"Majandus, ettevõtlus ja innovatsioon"
economy,tallinna ettevõtlusinkubaator,1,30,1,213,0.14084507042253522,7.1,0.03333333333333333,0.3656011878225821,0.3656011878225821,0.33210701374409735,0.06093353130376369,"Majandus, ettevõtlus ja innovatsioon"
economy,tallinna lastekodu,0,30,1,213,0.14084507042253522,0.0,0.0,-1.0,0.0,0.0907612066690832,-0.0,"Majandus, ettevõtlus ja innovatsioon"
economy,tallinna tehnikaülikool,0,30,1,213,0.14084507042253522,0.0,0.0,-1.0,0.0,0.0907612066690832,-0.0,"Majandus, ettevõtlus ja innovatsioon"
economy,"tallinna tehnikaülikool, vastutustundliku majanduse ja esg fookustippkeskus",1,30,1,213,0.14084507042253522,7.1,0.03333333333333333,0.3656011878225821,0.3656011878225821,0.33210701374409735,0.06093353130376369,"Majandus, ettevõtlus ja innovatsioon"
economy,tallinna vesi,0,30,2,213,0.28169014084507044,0.0,0.0,-1.0,0.0,0.023894539372350303,-0.0,"Majandus, ettevõtlus ja innovatsioon"
economy,"tallinna ülikool, tartu ülikool, eesti maaülikool",0,30,1,213,0.14084507042253522,0.0,0.0,-1.0,0.0,0.0907612066690832,-0.0,"Majandus, ettevõtlus ja innovatsioon"
economy,taltech,0,30,1,213,0.14084507042253522,0.0,0.0,-1.0,0.0,0.0907612066690832,-0.0,"Majandus, ettevõtlus ja innovatsioon"
economy,tartu kristjan jaak petersoni gümnaasium / kultuuriministeerium,0,30,1,213,0.14084507042253522,0.0,0.0,-1.0,0.0,0.0907612066690832,-0.0,"Majandus, ettevõtlus ja innovatsioon"
economy,tartu ülikool,0,30,1,213,0.14084507042253522,0.0,0.0,-1.0,0.0,0.0907612066690832,-0.0,"Majandus, ettevõtlus ja innovatsioon"
economy,tartumaa omavalitsuste liit,1,30,2,213,0.28169014084507044,3.55,0.03225806451612903,0.23631385202072405,0.23631385202072405,0.25044518350383815,0.039385642003454006,"Majandus, ettevõtlus ja innovatsioon"
economy,telia,0,30,5,213,0.704225352112676,0.0,0.0,-1.0,0.0,-0.09041478338645566,-0.0,"Majandus, ettevõtlus ja innovatsioon"
economy,"telia, eesti interneti sihtasutus",0,30,1,213,0.14084507042253522,0.0,0.0,-1.0,0.0,0.0907612066690832,-0.0,"Majandus, ettevõtlus ja innovatsioon"
economy,tervise tuleviku ala korraldajate ühispaneel,0,30,1,213,0.14084507042253522,0.0,0.0,-1.0,0.0,0.0907612066690832,-0.0,"Majandus, ettevõtlus ja innovatsioon"
economy,tuum consulting,1,30,1,213,0.14084507042253522,7.1,0.03333333333333333,0.3656011878225821,0.3656011878225821,0.33210701374409735,0.06093353130376369,"Majandus, ettevõtlus ja innovatsioon"
economy,vabaühenduste liit,0,30,2,213,0.28169014084507044,0.0,0.0,-1.0,0.0,0.023894539372350303,-0.0,"Majandus, ettevõtlus ja innovatsioon"
economy,vau haldus,0,30,1,213,0.14084507042253522,0.0,0.0,-1.0,0.0,0.0907612066690832,-0.0,"Majandus, ettevõtlus ja innovatsioon"
economy,vindr baltic oü ja vkg,0,30,1,213,0.14084507042253522,0.0,0.0,-1.0,0.0,0.0907612066690832,-0.0,"Majandus, ettevõtlus ja innovatsioon"
economy,välisministeerium,2,30,6,213,0.8450704225352113,2.3666666666666667,0.058823529411764705,0.18454493125636592,0.18454493125636592,0.2036283536365138,0.05272712321610455,"Majandus, ettevõtlus ja innovatsioon"
economy,välisministeerium & rahvusvaheliste suhete ring,0,30,1,213,0.14084507042253522,0.0,0.0,-1.0,0.0,0.0907612066690832,-0.0,"Majandus, ettevõtlus ja innovatsioon"
economy,ühendus kultuuritahe,1,30,3,213,0.4225352112676056,2.3666666666666667,0.03125,0.16068560875849333,0.16068560875849333,0.19250519287594853,0.02678093479308222,"Majandus, ettevõtlus ja innovatsioon"
economy,üro pagulasamet,0,30,1,213,0.14084507042253522,0.0,0.0,-1.0,0.0,0.0907612066690832,-0.0,"Majandus, ettevõtlus ja innovatsioon"
education,adven eesti as,2,66,2,213,0.6197183098591549,3.2272727272727275,0.030303030303030304,0.2509856543466981,0.2509856543466981,0.22082334100218345,0.07171018695619946,"Haridus, õppimine ja oskused"
education,allium upi oü,0,66,1,213,0.30985915492957744,0.0,0.0,-1.0,0.0,-0.0363385154321593,-0.0,"Haridus, õppimine ja oskused"
education,apotheka,0,66,1,213,0.30985915492957744,0.0,0.0,-1.0,0.0,-0.0363385154321593,-0.0,"Haridus, õppimine ja oskused"
education,arengukoostöö ümarlaud (akü),0,66,1,213,0.30985915492957744,0.0,0.0,-1.0,0.0,-0.0363385154321593,-0.0,"Haridus, õppimine ja oskused"
education,avatud eesti fond,0,66,1,213,0.30985915492957744,0.0,0.0,-1.0,0.0,-0.0363385154321593,-0.0,"Haridus, õppimine ja oskused"
education,bonava eesti,0,66,1,213,0.30985915492957744,0.0,0.0,-1.0,0.0,-0.0363385154321593,-0.0,"Haridus, õppimine ja oskused"
education,confido,1,66,1,213,0.30985915492957744,3.2272727272727275,0.015151515151515152,0.21853638777172749,0.21853638777172749,0.17688474307586988,0.03642273129528791,"Haridus, õppimine ja oskused"
education,confido meditsiinikeskus,0,66,1,213,0.30985915492957744,0.0,0.0,-1.0,0.0,-0.0363385154321593,-0.0,"Haridus, õppimine ja oskused"
education,eena (eesti ettevõtlike naiste assotsiatsioon),0,66,1,213,0.30985915492957744,0.0,0.0,-1.0,0.0,-0.0363385154321593,-0.0,"Haridus, õppimine ja oskused"
education,eesti ametiühingute keskliit,0,66,1,213,0.30985915492957744,0.0,0.0,-1.0,0.0,-0.0363385154321593,-0.0,"Haridus, õppimine ja oskused"
education,eesti arhitektide liit / maa- ja ruumiamet,1,66,1,213,0.30985915492957744,3.2272727272727275,0.015151515151515152,0.21853638777172749,0.21853638777172749,0.17688474307586988,0.03642273129528791,"Haridus, õppimine ja oskused"
education,eesti arhitektide liit mtü,0,66,1,213,0.30985915492957744,0.0,0.0,-1.0,0.0,-0.0363385154321593,-0.0,"Haridus, õppimine ja oskused"
education,eesti e-residentsuse programm,2,66,8,213,2.4788732394366195,0.8068181818181819,0.027777777777777776,-0.045983348443496885,0.0,-0.025814879055812024,-0.013138099555284824,"Haridus, õppimine ja oskused"
education,eesti hambaarstide liit,0,66,2,213,0.6197183098591549,0.0,0.0,-1.0,0.0,-0.10320518272889218,-0.0,"Haridus, õppimine ja oskused"
education,eesti interneti sa,0,66,3,213,0.9295774647887324,0.0,0.0,-1.0,0.0,-0.15064783819096525,-0.0,"Haridus, õppimine ja oskused"
education,eesti jõujaamade ja kaugkütte ühing,0,66,1,213,0.30985915492957744,0.0,0.0,-1.0,0.0,-0.0363385154321593,-0.0,"Haridus, õppimine ja oskused"
education,eesti kaitsevägi,0,66,2,213,0.6197183098591549,0.0,0.0,-1.0,0.0,-0.10320518272889218,-0.0,"Haridus, õppimine ja oskused"
education,eesti kaubandus-tööstuskoda,0,66,1,213,0.30985915492957744,0.0,0.0,-1.0,0.0,-0.0363385154321593,-0.0,"Haridus, õppimine ja oskused"
education,eesti keele instituut,1,66,1,213,0.30985915492957744,3.2272727272727275,0.015151515151515152,0.21853638777172749,0.21853638777172749,0.17688474307586988,0.03642273129528791,"Haridus, õppimine ja oskused"
education,eesti kohtud,0,66,1,213,0.30985915492957744,0.0,0.0,-1.0,0.0,-0.0363385154321593,-0.0,"Haridus, õppimine ja oskused"
education,eesti kultuuri koda,0,66,1,213,0.30985915492957744,0.0,0.0,-1.0,0.0,-0.0363385154321593,-0.0,"Haridus, õppimine ja oskused"
education,eesti kunstikoolide liidu noorteühendus,0,66,1,213,0.30985915492957744,0.0,0.0,-1.0,0.0,-0.0363385154321593,-0.0,"Haridus, õppimine ja oskused"
education,eesti kunstikoolide liit (noored),0,66,1,213,0.30985915492957744,0.0,0.0,-1.0,0.0,-0.0363385154321593,-0.0,"Haridus, õppimine ja oskused"
education,eesti lastehoidude liit,2,66,2,213,0.6197183098591549,3.2272727272727275,0.030303030303030304,0.2509856543466981,0.2509856543466981,0.22082334100218345,0.07171018695619946,"Haridus, õppimine ja oskused"
education,eesti loomaarstide koda (elk),1,66,1,213,0.30985915492957744,3.2272727272727275,0.015151515151515152,0.21853638777172749,0.21853638777172749,0.17688474307586988,0.03642273129528791,"Haridus, õppimine ja oskused"
education,eesti maaülikool,0,66,2,213,0.6197183098591549,0.0,0.0,-1.0,0.0,-0.10320518272889218,-0.0,"Haridus, õppimine ja oskused"
education,"eesti maaülikool, veterinaarmeditsiini ja loomakasvatuse instituut",0,66,1,213,0.30985915492957744,0.0,0.0,-1.0,0.0,-0.0363385154321593,-0.0,"Haridus, õppimine ja oskused"
education,eesti matemaatika selts,1,66,1,213,0.30985915492957744,3.2272727272727275,0.015151515151515152,0.21853638777172749,0.21853638777172749,0.17688474307586988,0.03642273129528791,"Haridus, õppimine ja oskused"
education,eesti montessori ühing,1,66,1,213,0.30985915492957744,3.2272727272727275,0.015151515151515152,0.21853638777172749,0.21853638777172749,0.17688474307586988,0.03642273129528791,"Haridus, õppimine ja oskused"
education,eesti muuseumiühing ja eesti muuseumide liit,0,66,1,213,0.30985915492957744,0.0,0.0,-1.0,0.0,-0.0363385154321593,-0.0,"Haridus, õppimine ja oskused"
education,eesti muuseumiühing koostöös eesti muuseumide liiduga,1,66,1,213,0.30985915492957744,3.2272727272727275,0.015151515151515152,0.21853638777172749,0.21853638777172749,0.17688474307586988,0.03642273129528791,"Haridus, õppimine ja oskused"
education,eesti nato ühing,0,66,1,213,0.30985915492957744,0.0,0.0,-1.0,0.0,-0.0363385154321593,-0.0,"Haridus, õppimine ja oskused"
education,eesti noorteühenduste liit,1,66,1,213,0.30985915492957744,3.2272727272727275,0.015151515151515152,0.21853638777172749,0.21853638777172749,0.17688474307586988,0.03642273129528791,"Haridus, õppimine ja oskused"
education,eesti personalijuhtimise ühing pare,4,66,9,213,2.788732394366197,1.4343434343434345,0.056338028169014086,0.09074400168226458,0.09074400168226458,0.0950296006067033,0.04033066741433981,"Haridus, õppimine ja oskused"
education,eesti personalijuhtimise ühing pare ja tööinspektsioon,3,66,9,213,2.788732394366197,1.075757575757576,0.041666666666666664,0.017131273546531448,0.017131273546531448,0.0281998075600643,0.006424227579949293,"Haridus, õppimine ja oskused"
education,"eesti puuetega naiste ühenduste liit, helpific mtü",0,66,1,213,0.30985915492957744,0.0,0.0,-1.0,0.0,-0.0363385154321593,-0.0,"Haridus, õppimine ja oskused"
education,eesti roheline liikumine,0,66,2,213,0.6197183098591549,0.0,0.0,-1.0,0.0,-0.10320518272889218,-0.0,"Haridus, õppimine ja oskused"
education,eesti seksuaaltervise liit,0,66,2,213,0.6197183098591549,0.0,0.0,-1.0,0.0,-0.10320518272889218,-0.0,"Haridus, õppimine ja oskused"
education,eesti sõjamuuseum,0,66,1,213,0.30985915492957744,0.0,0.0,-1.0,0.0,-0.0363385154321593,-0.0,"Haridus, õppimine ja oskused"
education,eesti tervisemajanduse koda (health founders estonia),0,66,1,213,0.30985915492957744,0.0,0.0,-1.0,0.0,-0.0363385154321593,-0.0,"Haridus, õppimine ja oskused"
education,eesti tervisemajanduse koda (health founders),0,66,1,213,0.30985915492957744,0.0,0.0,-1.0,0.0,-0.0363385154321593,-0.0,"Haridus, õppimine ja oskused"
education,eesti tuuleenergia assotsiatsioon,0,66,2,213,0.6197183098591549,0.0,0.0,-1.0,0.0,-0.10320518272889218,-0.0,"Haridus, õppimine ja oskused"
education,eesti urantia assotsiatsioon mtü,0,66,1,213,0.30985915492957744,0.0,0.0,-1.0,0.0,-0.0363385154321593,-0.0,"Haridus, õppimine ja oskused"
education,eesti vaimse tervise ja heaolu koalitsioon vatek,0,66,1,213,0.30985915492957744,0.0,0.0,-1.0,0.0,-0.0363385154321593,-0.0,"Haridus, õppimine ja oskused"
education,eesti vähitõrje võrgustik (estcan),0,66,5,213,1.5492957746478873,0.0,0.0,-1.0,0.0,-0.21751450548769813,-0.0,"Haridus, õppimine ja oskused"
education,eesti väitlusselts,0,66,1,213,0.30985915492957744,0.0,0.0,-1.0,0.0,-0.0363385154321593,-0.0,"Haridus, õppimine ja oskused"
education,eesti õigusteaduse üliõpilaste liit,0,66,2,213,0.6197183098591549,0.0,0.0,-1.0,0.0,-0.10320518272889218,-0.0,"Haridus, õppimine ja oskused"
education,"eesti õigusteaduse üliõpilaste liit, rahvusvaheliste suhete ring, feministeerium",0,66,1,213,0.30985915492957744,0.0,0.0,-1.0,0.0,-0.0363385154321593,-0.0,"Haridus, õppimine ja oskused"
education,eesti õpilasesinduste liit,1,66,1,213,0.30985915492957744,3.2272727272727275,0.015151515151515152,0.21853638777172749,0.21853638777172749,0.17688474307586988,0.03642273129528791,"Haridus, õppimine ja oskused"
education,eesti üliõpilaskondade liit,2,66,2,213,0.6197183098591549,3.2272727272727275,0.030303030303030304,0.2509856543466981,0.2509856543466981,0.22082334100218345,0.07171018695619946,"Haridus, õppimine ja oskused"
education,eesti üro ühing,0,66,2,213,0.6197183098591549,0.0,0.0,-1.0,0.0,-0.10320518272889218,-0.0,"Haridus, õppimine ja oskused"
education,eestimaa looduse fond,0,66,2,213,0.6197183098591549,0.0,0.0,-1.0,0.0,-0.10320518272889218,-0.0,"Haridus, õppimine ja oskused"
education,efektiivne altruism eesti,0,66,2,213,0.6197183098591549,0.0,0.0,-1.0,0.0,-0.10320518272889218,-0.0,"Haridus, õppimine ja oskused"
education,elisabeth luisk,1,66,1,213,0.30985915492957744,3.2272727272727275,0.015151515151515152,0.21853638777172749,0.21853638777172749,0.17688474307586988,0.03642273129528791,"Haridus, õppimine ja oskused"
education,emn eesti,0,66,1,213,0.30985915492957744,0.0,0.0,-1.0,0.0,-0.0363385154321593,-0.0,"Haridus, õppimine ja oskused"
education,eurooopa parlamendi büroo eestis,0,66,1,213,0.30985915492957744,0.0,0.0,-1.0,0.0,-0.0363385154321593,-0.0,"Haridus, õppimine ja oskused"
education,euroopa komisjoni eesti esindus,0,66,1,213,0.30985915492957744,0.0,0.0,-1.0,0.0,-0.0363385154321593,-0.0,"Haridus, õppimine ja oskused"
education,"euroopa rändevõrgustiku eesti kontaktpunkt (emn eesti), sisekaitseakadeemia, haridus- ja noorteamet",0,66,1,213,0.30985915492957744,0.0,0.0,-1.0,0.0,-0.0363385154321593,-0.0,"Haridus, õppimine ja oskused"
education,fenno-ugria asutus,0,66,1,213,0.30985915492957744,0.0,0.0,-1.0,0.0,-0.0363385154321593,-0.0,"Haridus, õppimine ja oskused"
education,filmifestival horisont,0,66,1,213,0.30985915492957744,0.0,0.0,-1.0,0.0,-0.0363385154321593,-0.0,"Haridus, õppimine ja oskused"
education,fridays for future eesti (mtü loodusvõlu),1,66,3,213,0.9295774647887324,1.0757575757575757,0.014705882352941176,0.013620808707638649,0.013620808707638649,0.03728292220772109,0.0022701347846064415,"Haridus, õppimine ja oskused"
education,geoteaduste üliõpilaste selts,0,66,1,213,0.30985915492957744,0.0,0.0,-1.0,0.0,-0.0363385154321593,-0.0,"Haridus, õppimine ja oskused"
education,heaoluteaduste tippkeskus estwell,0,66,1,213,0.30985915492957744,0.0,0.0,-1.0,0.0,-0.0363385154321593,-0.0,"Haridus, õppimine ja oskused"
education,integratsiooni sihtasutus,0,66,1,213,0.30985915492957744,0.0,0.0,-1.0,0.0,-0.0363385154321593,-0.0,"Haridus, õppimine ja oskused"
education,justiits- ja digiministeerium,0,66,2,213,0.6197183098591549,0.0,0.0,-1.0,0.0,-0.10320518272889218,-0.0,"Haridus, õppimine ja oskused"
education,kaitseliit,1,66,1,213,0.30985915492957744,3.2272727272727275,0.015151515151515152,0.21853638777172749,0.21853638777172749,0.17688474307586988,0.03642273129528791,"Haridus, õppimine ja oskused"
education,kaitseministeerium,0,66,1,213,0.30985915492957744,0.0,0.0,-1.0,0.0,-0.0363385154321593,-0.0,"Haridus, õppimine ja oskused"
education,kaitseministeerium ja parempoolsed,0,66,1,213,0.30985915492957744,0.0,0.0,-1.0,0.0,-0.0363385154321593,-0.0,"Haridus, õppimine ja oskused"
education,kaitseressursside amet,0,66,1,213,0.30985915492957744,0.0,0.0,-1.0,0.0,-0.0363385154321593,-0.0,"Haridus, õppimine ja oskused"
education,kaja pae,0,66,1,213,0.30985915492957744,0.0,0.0,-1.0,0.0,-0.0363385154321593,-0.0,"Haridus, õppimine ja oskused"
education,keskkonnainvesteeringute keskus,0,66,2,213,0.6197183098591549,0.0,0.0,-1.0,0.0,-0.10320518272889218,-0.0,"Haridus, õppimine ja oskused"
education,keskkonnainvesteeringute keskus (kik),1,66,1,213,0.30985915492957744,3.2272727272727275,0.015151515151515152,0.21853638777172749,0.21853638777172749,0.17688474307586988,0.03642273129528791,"Haridus, õppimine ja oskused"
education,kogu ala ühispaneel,0,66,1,213,0.30985915492957744,0.0,0.0,-1.0,0.0,-0.0363385154321593,-0.0,"Haridus, õppimine ja oskused"
education,kood/järva,1,66,1,213,0.30985915492957744,3.2272727272727275,0.015151515151515152,0.21853638777172749,0.21853638777172749,0.17688474307586988,0.03642273129528791,"Haridus, õppimine ja oskused"
education,kood/jõhvi,1,66,1,213,0.30985915492957744,3.2272727272727275,0.015151515151515152,0.21853638777172749,0.21853638777172749,0.17688474307586988,0.03642273129528791,"Haridus, õppimine ja oskused"
education,kood/jõhvi ja haridus- ja noorteamet,1,66,1,213,0.30985915492957744,3.2272727272727275,0.015151515151515152,0.21853638777172749,0.21853638777172749,0.17688474307586988,0.03642273129528791,"Haridus, õppimine ja oskused"
education,korruptsioonivaba eesti mtü,1,66,1,213,0.30985915492957744,3.2272727272727275,0.015151515151515152,0.21853638777172749,0.21853638777172749,0.17688474307586988,0.03642273129528791,"Haridus, õppimine ja oskused"
education,kultuuriministeerium,0,66,1,213,0.30985915492957744,0.0,0.0,-1.0,0.0,-0.0363385154321593,-0.0,"Haridus, õppimine ja oskused"
education,lasteklubi väike päike,3,66,3,213,0.9295774647887324,3.2272727272727275,0.045454545454545456,0.2748593508026274,0.2748593508026274,0.25071523568866205,0.10307225655098529,"Haridus, õppimine ja oskused"
education,loodushoiu fond,0,66,1,213,0.30985915492957744,0.0,0.0,-1.0,0.0,-0.0363385154321593,-0.0,"Haridus, õppimine ja oskused"
education,loomus mtü,0,66,1,213,0.30985915492957744,0.0,0.0,-1.0,0.0,-0.0363385154321593,-0.0,"Haridus, õppimine ja oskused"
education,magnum as,1,66,2,213,0.6197183098591549,1.6136363636363638,0.014925373134328358,0.0892490519698694,0.0892490519698694,0.09522291283561073,0.014874841994978233,"Haridus, õppimine ja oskused"
education,maililii oü,1,66,1,213,0.30985915492957744,3.2272727272727275,0.015151515151515152,0.21853638777172749,0.21853638777172749,0.17688474307586988,0.03642273129528791,"Haridus, õppimine ja oskused"
education,meta advisory oü,0,66,1,213,0.30985915492957744,0.0,0.0,-1.0,0.0,-0.0363385154321593,-0.0,"Haridus, õppimine ja oskused"
education,mtü arvamusfestival,2,66,4,213,1.2394366197183098,1.6136363636363638,0.029411764705882353,0.10250115295160062,0.10250115295160062,0.10614309947821439,0.02928604370045732,"Haridus, õppimine ja oskused"
education,mtü eesti jõujaamade ja kaugkütte ühing,0,66,1,213,0.30985915492957744,0.0,0.0,-1.0,0.0,-0.0363385154321593,-0.0,"Haridus, õppimine ja oskused"
education,mtü eesti psühholoogiaüliõpilaste ühendus,1,66,1,213,0.30985915492957744,3.2272727272727275,0.015151515151515152,0.21853638777172749,0.21853638777172749,0.17688474307586988,0.03642273129528791,"Haridus, õppimine ja oskused"
education,mtü eesti taastuvenergia koda,1,66,7,213,2.1690140845070425,0.46103896103896097,0.013888888888888888,-0.14441905075133304,0.0,-0.1023188986604277,-0.02406984179188884,"Haridus, õppimine ja oskused"
education,"mtü esto-rada, multikey online school",1,66,1,213,0.30985915492957744,3.2272727272727275,0.015151515151515152,0.21853638777172749,0.21853638777172749,0.17688474307586988,0.03642273129528791,"Haridus, õppimine ja oskused"
education,mtü kodanikupalga ümarlaud eestis,0,66,1,213,0.30985915492957744,0.0,0.0,-1.0,0.0,-0.0363385154321593,-0.0,"Haridus, õppimine ja oskused"
education,mtü lastekaitse liit,1,66,1,213,0.30985915492957744,3.2272727272727275,0.015151515151515152,0.21853638777172749,0.21853638777172749,0.17688474307586988,0.03642273129528791,"Haridus, õppimine ja oskused"
education,mtü lastekaitse liit ja tallinna raamatukogud,0,66,1,213,0.30985915492957744,0.0,0.0,-1.0,0.0,-0.0363385154321593,-0.0,"Haridus, õppimine ja oskused"
education,mtü progressiivne liikumine,0,66,2,213,0.6197183098591549,0.0,0.0,-1.0,0.0,-0.10320518272889218,-0.0,"Haridus, õppimine ja oskused"
education,mtü teadveloleku kompetentsikeskus toko,0,66,1,213,0.30985915492957744,0.0,0.0,-1.0,0.0,-0.0363385154321593,-0.0,"Haridus, õppimine ja oskused"
education,novartis,0,66,1,213,0.30985915492957744,0.0,0.0,-1.0,0.0,-0.0363385154321593,-0.0,"Haridus, õppimine ja oskused"
education,paide gümnaasium,2,66,3,213,0.9295774647887324,2.1515151515151514,0.029850746268656716,0.16412778909228787,0.16412778909228787,0.15623877825519095,0.04689365402636796,"Haridus, õppimine ja oskused"
education,pullivara group,0,66,1,213,0.30985915492957744,0.0,0.0,-1.0,0.0,-0.0363385154321593,-0.0,"Haridus, õppimine ja oskused"
education,päästame eesti metsad mtü,0,66,1,213,0.30985915492957744,0.0,0.0,-1.0,0.0,-0.0363385154321593,-0.0,"Haridus, õppimine ja oskused"
education,põllumajandus- ja toiduamet,0,66,1,213,0.30985915492957744,0.0,0.0,-1.0,0.0,-0.0363385154321593,-0.0,"Haridus, õppimine ja oskused"
education,rail baltic estonia,0,66,2,213,0.6197183098591549,0.0,0.0,-1.0,0.0,-0.10320518272889218,-0.0,"Haridus, õppimine ja oskused"
education,regionaal- ja põllumajandusministeerium,0,66,1,213,0.30985915492957744,0.0,0.0,-1.0,0.0,-0.0363385154321593,-0.0,"Haridus, õppimine ja oskused"
education,roche,0,66,1,213,0.30985915492957744,0.0,0.0,-1.0,0.0,-0.0363385154321593,-0.0,"Haridus, õppimine ja oskused"
education,roche eesti oü,0,66,1,213,0.30985915492957744,0.0,0.0,-1.0,0.0,-0.0363385154321593,-0.0,"Haridus, õppimine ja oskused"
education,sa õpilasmalev,1,66,1,213,0.30985915492957744,3.2272727272727275,0.015151515151515152,0.21853638777172749,0.21853638777172749,0.17688474307586988,0.03642273129528791,"Haridus, õppimine ja oskused"
education,saaremaa gümnaasiumi õpilasesindus,1,66,1,213,0.30985915492957744,3.2272727272727275,0.015151515151515152,0.21853638777172749,0.21853638777172749,0.17688474307586988,0.03642273129528791,"Haridus, õppimine ja oskused"
education,sihtasutus eesti teadusagentuur (etag),2,66,2,213,0.6197183098591549,3.2272727272727275,0.030303030303030304,0.2509856543466981,0.2509856543466981,0.22082334100218345,0.07171018695619946,"Haridus, õppimine ja oskused"
education,sihtasutus iga laps on andekas,1,66,1,213,0.30985915492957744,3.2272727272727275,0.015151515151515152,0.21853638777172749,0.21853638777172749,0.17688474307586988,0.03642273129528791,"Haridus, õppimine ja oskused"
education,sihtasutus järvamaa,1,66,1,213,0.30985915492957744,3.2272727272727275,0.015151515151515152,0.21853638777172749,0.21853638777172749,0.17688474307586988,0.03642273129528791,"Haridus, õppimine ja oskused"
education,sihtasutus roheriiger,0,66,1,213,0.30985915492957744,0.0,0.0,-1.0,0.0,-0.0363385154321593,-0.0,"Haridus, õppimine ja oskused"
education,sihtasutus rohetiiger,1,66,3,213,0.9295774647887324,1.0757575757575757,0.014705882352941176,0.013620808707638649,0.013620808707638649,0.03728292220772109,0.0022701347846064415,"Haridus, õppimine ja oskused"
education,siseministeerium,1,66,1,213,0.30985915492957744,3.2272727272727275,0.015151515151515152,0.21853638777172749,0.21853638777172749,0.17688474307586988,0.03642273129528791,"Haridus, õppimine ja oskused"
education,synlab,0,66,1,213,0.30985915492957744,0.0,0.0,-1.0,0.0,-0.0363385154321593,-0.0,"Haridus, õppimine ja oskused"
education,taastuvenergia koda,0,66,1,213,0.30985915492957744,0.0,0.0,-1.0,0.0,-0.0363385154321593,-0.0,"Haridus, õppimine ja oskused"
education,tallinna ettevõtlusinkubaator,0,66,1,213,0.30985915492957744,0.0,0.0,-1.0,0.0,-0.0363385154321593,-0.0,"Haridus, õppimine ja oskused"
education,tallinna lastekodu,0,66,1,213,0.30985915492957744,0.0,0.0,-1.0,0.0,-0.0363385154321593,-0.0,"Haridus, õppimine ja oskused"
education,tallinna tehnikaülikool,1,66,1,213,0.30985915492957744,3.2272727272727275,0.015151515151515152,0.21853638777172749,0.21853638777172749,0.17688474307586988,0.03642273129528791,"Haridus, õppimine ja oskused"
education,"tallinna tehnikaülikool, vastutustundliku majanduse ja esg fookustippkeskus",1,66,1,213,0.30985915492957744,3.2272727272727275,0.015151515151515152,0.21853638777172749,0.21853638777172749,0.17688474307586988,0.03642273129528791,"Haridus, õppimine ja oskused"
education,tallinna vesi,1,66,2,213,0.6197183098591549,1.6136363636363638,0.014925373134328358,0.0892490519698694,0.0892490519698694,0.09522291283561073,0.014874841994978233,"Haridus, õppimine ja oskused"
education,"tallinna ülikool, tartu ülikool, eesti maaülikool",1,66,1,213,0.30985915492957744,3.2272727272727275,0.015151515151515152,0.21853638777172749,0.21853638777172749,0.17688474307586988,0.03642273129528791,"Haridus, õppimine ja oskused"
education,taltech,1,66,1,213,0.30985915492957744,3.2272727272727275,0.015151515151515152,0.21853638777172749,0.21853638777172749,0.17688474307586988,0.03642273129528791,"Haridus, õppimine ja oskused"
education,tartu kristjan jaak petersoni gümnaasium / kultuuriministeerium,0,66,1,213,0.30985915492957744,0.0,0.0,-1.0,0.0,-0.0363385154321593,-0.0,"Haridus, õppimine ja oskused"
education,tartu ülikool,0,66,1,213,0.30985915492957744,0.0,0.0,-1.0,0.0,-0.0363385154321593,-0.0,"Haridus, õppimine ja oskused"
education,tartumaa omavalitsuste liit,1,66,2,213,0.6197183098591549,1.6136363636363638,0.014925373134328358,0.0892490519698694,0.0892490519698694,0.09522291283561073,0.014874841994978233,"Haridus, õppimine ja oskused"
education,telia,5,66,5,213,1.5492957746478873,3.2272727272727275,0.07575757575757576,0.3122822328879577,0.3122822328879577,0.29431708278643376,0.15614111644397885,"Haridus, õppimine ja oskused"
education,"telia, eesti interneti sihtasutus",0,66,1,213,0.30985915492957744,0.0,0.0,-1.0,0.0,-0.0363385154321593,-0.0,"Haridus, õppimine ja oskused"
education,tervise tuleviku ala korraldajate ühispaneel,0,66,1,213,0.30985915492957744,0.0,0.0,-1.0,0.0,-0.0363385154321593,-0.0,"Haridus, õppimine ja oskused"
education,tuum consulting,1,66,1,213,0.30985915492957744,3.2272727272727275,0.015151515151515152,0.21853638777172749,0.21853638777172749,0.17688474307586988,0.03642273129528791,"Haridus, õppimine ja oskused"
education,vabaühenduste liit,1,66,2,213,0.6197183098591549,1.6136363636363638,0.014925373134328358,0.0892490519698694,0.0892490519698694,0.09522291283561073,0.014874841994978233,"Haridus, õppimine ja oskused"
education,vau haldus,0,66,1,213,0.30985915492957744,0.0,0.0,-1.0,0.0,-0.0363385154321593,-0.0,"Haridus, õppimine ja oskused"
education,vindr baltic oü ja vkg,0,66,1,213,0.30985915492957744,0.0,0.0,-1.0,0.0,-0.0363385154321593,-0.0,"Haridus, õppimine ja oskused"
education,välisministeerium,0,66,6,213,1.8591549295774648,0.0,0.0,-1.0,0.0,-0.24293603255735854,-0.0,"Haridus, õppimine ja oskused"
education,välisministeerium & rahvusvaheliste suhete ring,0,66,1,213,0.30985915492957744,0.0,0.0,-1.0,0.0,-0.0363385154321593,-0.0,"Haridus, õppimine ja oskused"
education,ühendus kultuuritahe,0,66,3,213,0.9295774647887324,0.0,0.0,-1.0,0.0,-0.15064783819096525,-0.0,"Haridus, õppimine ja oskused"
education,üro pagulasamet,0,66,1,213,0.30985915492957744,0.0,0.0,-1.0,0.0,-0.0363385154321593,-0.0,"Haridus, õppimine ja oskused"
energy,adven eesti as,2,27,2,213,0.2535211267605634,7.888888888888889,0.07407407407407407,0.44245740144657425,0.44245740144657425,0.4166967319139339,0.12641640041330693,Energeetika ja energiaturud
energy,allium upi oü,0,27,1,213,0.1267605633802817,0.0,0.0,-1.0,0.0,0.10754654632196504,-0.0,Energeetika ja energiaturud
energy,apotheka,0,27,1,213,0.1267605633802817,0.0,0.0,-1.0,0.0,0.10754654632196504,-0.0,Energeetika ja energiaturud
energy,arengukoostöö ümarlaud (akü),0,27,1,213,0.1267605633802817,0.0,0.0,-1.0,0.0,0.10754654632196504,-0.0,Energeetika ja energiaturud
energy,avatud eesti fond,1,27,1,213,0.1267605633802817,7.888888888888889,0.037037037037037035,0.3852532628077335,0.3852532628077335,0.3526063389336705,0.06420887713462224,Energeetika ja energiaturud
energy,bonava eesti,0,27,1,213,0.1267605633802817,0.0,0.0,-1.0,0.0,0.10754654632196504,-0.0,Energeetika ja energiaturud
energy,confido,0,27,1,213,0.1267605633802817,0.0,0.0,-1.0,0.0,0.10754654632196504,-0.0,Energeetika ja energiaturud
energy,confido meditsiinikeskus,0,27,1,213,0.1267605633802817,0.0,0.0,-1.0,0.0,0.10754654632196504,-0.0,Energeetika ja energiaturud
energy,eena (eesti ettevõtlike naiste assotsiatsioon),0,27,1,213,0.1267605633802817,0.0,0.0,-1.0,0.0,0.10754654632196504,-0.0,Energeetika ja energiaturud
energy,eesti ametiühingute keskliit,0,27,1,213,0.1267605633802817,0.0,0.0,-1.0,0.0,0.10754654632196504,-0.0,Energeetika ja energiaturud
energy,eesti arhitektide liit / maa- ja ruumiamet,1,27,1,213,0.1267605633802817,7.888888888888889,0.037037037037037035,0.3852532628077335,0.3852532628077335,0.3526063389336705,0.06420887713462224,Energeetika ja energiaturud
energy,eesti arhitektide liit mtü,0,27,1,213,0.1267605633802817,0.0,0.0,-1.0,0.0,0.10754654632196504,-0.0,Energeetika ja energiaturud
energy,eesti e-residentsuse programm,0,27,8,213,1.0140845070422535,0.0,0.0,-1.0,0.0,-0.1404961110303067,-0.0,Energeetika ja energiaturud
energy,eesti hambaarstide liit,0,27,2,213,0.2535211267605634,0.0,0.0,-1.0,0.0,0.040679879025232145,-0.0,Energeetika ja energiaturud
energy,eesti interneti sa,0,27,3,213,0.38028169014084506,0.0,0.0,-1.0,0.0,-0.006762776436840915,-0.0,Energeetika ja energiaturud
energy,eesti jõujaamade ja kaugkütte ühing,1,27,1,213,0.1267605633802817,7.888888888888889,0.037037037037037035,0.3852532628077335,0.3852532628077335,0.3526063389336705,0.06420887713462224,Energeetika ja energiaturud
energy,eesti kaitsevägi,0,27,2,213,0.2535211267605634,0.0,0.0,-1.0,0.0,0.040679879025232145,-0.0,Energeetika ja energiaturud
energy,eesti kaubandus-tööstuskoda,0,27,1,213,0.1267605633802817,0.0,0.0,-1.0,0.0,0.10754654632196504,-0.0,Energeetika ja energiaturud
energy,eesti keele instituut,0,27,1,213,0.1267605633802817,0.0,0.0,-1.0,0.0,0.10754654632196504,-0.0,Energeetika ja energiaturud
energy,eesti kohtud,0,27,1,213,0.1267605633802817,0.0,0.0,-1.0,0.0,0.10754654632196504,-0.0,Energeetika ja energiaturud
energy,eesti kultuuri koda,0,27,1,213,0.1267605633802817,0.0,0.0,-1.0,0.0,0.10754654632196504,-0.0,Energeetika ja energiaturud
energy,eesti kunstikoolide liidu noorteühendus,0,27,1,213,0.1267605633802817,0.0,0.0,-1.0,0.0,0.10754654632196504,-0.0,Energeetika ja energiaturud
energy,eesti kunstikoolide liit (noored),0,27,1,213,0.1267605633802817,0.0,0.0,-1.0,0.0,0.10754654632196504,-0.0,Energeetika ja energiaturud
energy,eesti lastehoidude liit,0,27,2,213,0.2535211267605634,0.0,0.0,-1.0,0.0,0.040679879025232145,-0.0,Energeetika ja energiaturud
energy,eesti loomaarstide koda (elk),0,27,1,213,0.1267605633802817,0.0,0.0,-1.0,0.0,0.10754654632196504,-0.0,Energeetika ja energiaturud
energy,eesti maaülikool,1,27,2,213,0.2535211267605634,3.9444444444444446,0.03571428571428571,0.25596592700587545,0.25596592700587545,0.27094450869341136,0.042660987834312575,Energeetika ja energiaturud
energy,"eesti maaülikool, veterinaarmeditsiini ja loomakasvatuse instituut",0,27,1,213,0.1267605633802817,0.0,0.0,-1.0,0.0,0.10754654632196504,-0.0,Energeetika ja energiaturud
energy,eesti matemaatika selts,0,27,1,213,0.1267605633802817,0.0,0.0,-1.0,0.0,0.10754654632196504,-0.0,Energeetika ja energiaturud
energy,eesti montessori ühing,0,27,1,213,0.1267605633802817,0.0,0.0,-1.0,0.0,0.10754654632196504,-0.0,Energeetika ja energiaturud
energy,eesti muuseumiühing ja eesti muuseumide liit,0,27,1,213,0.1267605633802817,0.0,0.0,-1.0,0.0,0.10754654632196504,-0.0,Energeetika ja energiaturud
energy,eesti muuseumiühing koostöös eesti muuseumide liiduga,0,27,1,213,0.1267605633802817,0.0,0.0,-1.0,0.0,0.10754654632196504,-0.0,Energeetika ja energiaturud
energy,eesti nato ühing,0,27,1,213,0.1267605633802817,0.0,0.0,-1.0,0.0,0.10754654632196504,-0.0,Energeetika ja energiaturud
energy,eesti noorteühenduste liit,0,27,1,213,0.1267605633802817,0.0,0.0,-1.0,0.0,0.10754654632196504,-0.0,Energeetika ja energiaturud
energy,eesti personalijuhtimise ühing pare,0,27,9,213,1.1408450704225352,0.0,0.0,-1.0,0.0,-0.15787148169925388,-0.0,Energeetika ja energiaturud
energy,eesti personalijuhtimise ühing pare ja tööinspektsioon,0,27,9,213,1.1408450704225352,0.0,0.0,-1.0,0.0,-0.15787148169925388,-0.0,Energeetika ja energiaturud
energy,"eesti puuetega naiste ühenduste liit, helpific mtü",0,27,1,213,0.1267605633802817,0.0,0.0,-1.0,0.0,0.10754654632196504,-0.0,Energeetika ja energiaturud
energy,eesti roheline liikumine,0,27,2,213,0.2535211267605634,0.0,0.0,-1.0,0.0,0.040679879025232145,-0.0,Energeetika ja energiaturud
energy,eesti seksuaaltervise liit,0,27,2,213,0.2535211267605634,0.0,0.0,-1.0,0.0,0.040679879025232145,-0.0,Energeetika ja energiaturud
energy,eesti sõjamuuseum,0,27,1,213,0.1267605633802817,0.0,0.0,-1.0,0.0,0.10754654632196504,-0.0,Energeetika ja energiaturud
energy,eesti tervisemajanduse koda (health founders estonia),0,27,1,213,0.1267605633802817,0.0,0.0,-1.0,0.0,0.10754654632196504,-0.0,Energeetika ja energiaturud
energy,eesti tervisemajanduse koda (health founders),0,27,1,213,0.1267605633802817,0.0,0.0,-1.0,0.0,0.10754654632196504,-0.0,Energeetika ja energiaturud
energy,eesti tuuleenergia assotsiatsioon,2,27,2,213,0.2535211267605634,7.888888888888889,0.07407407407407407,0.44245740144657425,0.44245740144657425,0.4166967319139339,0.12641640041330693,Energeetika ja energiaturud
energy,eesti urantia assotsiatsioon mtü,0,27,1,213,0.1267605633802817,0.0,0.0,-1.0,0.0,0.10754654632196504,-0.0,Energeetika ja energiaturud
energy,eesti vaimse tervise ja heaolu koalitsioon vatek,0,27,1,213,0.1267605633802817,0.0,0.0,-1.0,0.0,0.10754654632196504,-0.0,Energeetika ja energiaturud
energy,eesti vähitõrje võrgustik (estcan),0,27,5,213,0.6338028169014085,0.0,0.0,-1.0,0.0,-0.0736294437335738,-0.0,Energeetika ja energiaturud
energy,eesti väitlusselts,0,27,1,213,0.1267605633802817,0.0,0.0,-1.0,0.0,0.10754654632196504,-0.0,Energeetika ja energiaturud
energy,eesti õigusteaduse üliõpilaste liit,0,27,2,213,0.2535211267605634,0.0,0.0,-1.0,0.0,0.040679879025232145,-0.0,Energeetika ja energiaturud
energy,"eesti õigusteaduse üliõpilaste liit, rahvusvaheliste suhete ring, feministeerium",0,27,1,213,0.1267605633802817,0.0,0.0,-1.0,0.0,0.10754654632196504,-0.0,Energeetika ja energiaturud
energy,eesti õpilasesinduste liit,0,27,1,213,0.1267605633802817,0.0,0.0,-1.0,0.0,0.10754654632196504,-0.0,Energeetika ja energiaturud
energy,eesti üliõpilaskondade liit,0,27,2,213,0.2535211267605634,0.0,0.0,-1.0,0.0,0.040679879025232145,-0.0,Energeetika ja energiaturud
energy,eesti üro ühing,0,27,2,213,0.2535211267605634,0.0,0.0,-1.0,0.0,0.040679879025232145,-0.0,Energeetika ja energiaturud
energy,eestimaa looduse fond,1,27,2,213,0.2535211267605634,3.9444444444444446,0.03571428571428571,0.25596592700587545,0.25596592700587545,0.27094450869341136,0.042660987834312575,Energeetika ja energiaturud
energy,efektiivne altruism eesti,0,27,2,213,0.2535211267605634,0.0,0.0,-1.0,0.0,0.040679879025232145,-0.0,Energeetika ja energiaturud
energy,elisabeth luisk,0,27,1,213,0.1267605633802817,0.0,0.0,-1.0,0.0,0.10754654632196504,-0.0,Energeetika ja energiaturud
energy,emn eesti,0,27,1,213,0.1267605633802817,0.0,0.0,-1.0,0.0,0.10754654632196504,-0.0,Energeetika ja energiaturud
energy,eurooopa parlamendi büroo eestis,0,27,1,213,0.1267605633802817,0.0,0.0,-1.0,0.0,0.10754654632196504,-0.0,Energeetika ja energiaturud
energy,euroopa komisjoni eesti esindus,0,27,1,213,0.1267605633802817,0.0,0.0,-1.0,0.0,0.10754654632196504,-0.0,Energeetika ja energiaturud
energy,"euroopa rändevõrgustiku eesti kontaktpunkt (emn eesti), sisekaitseakadeemia, haridus- ja noorteamet",0,27,1,213,0.1267605633802817,0.0,0.0,-1.0,0.0,0.10754654632196504,-0.0,Energeetika ja energiaturud
energy,fenno-ugria asutus,0,27,1,213,0.1267605633802817,0.0,0.0,-1.0,0.0,0.10754654632196504,-0.0,Energeetika ja energiaturud
energy,filmifestival horisont,0,27,1,213,0.1267605633802817,0.0,0.0,-1.0,0.0,0.10754654632196504,-0.0,Energeetika ja energiaturud
energy,fridays for future eesti (mtü loodusvõlu),0,27,3,213,0.38028169014084506,0.0,0.0,-1.0,0.0,-0.006762776436840915,-0.0,Energeetika ja energiaturud
energy,geoteaduste üliõpilaste selts,1,27,1,213,0.1267605633802817,7.888888888888889,0.037037037037037035,0.3852532628077335,0.3852532628077335,0.3526063389336705,0.06420887713462224,Energeetika ja energiaturud
energy,heaoluteaduste tippkeskus estwell,0,27,1,213,0.1267605633802817,0.0,0.0,-1.0,0.0,0.10754654632196504,-0.0,Energeetika ja energiaturud
energy,integratsiooni sihtasutus,0,27,1,213,0.1267605633802817,0.0,0.0,-1.0,0.0,0.10754654632196504,-0.0,Energeetika ja energiaturud
energy,justiits- ja digiministeerium,0,27,2,213,0.2535211267605634,0.0,0.0,-1.0,0.0,0.040679879025232145,-0.0,Energeetika ja energiaturud
energy,kaitseliit,0,27,1,213,0.1267605633802817,0.0,0.0,-1.0,0.0,0.10754654632196504,-0.0,Energeetika ja energiaturud
energy,kaitseministeerium,0,27,1,213,0.1267605633802817,0.0,0.0,-1.0,0.0,0.10754654632196504,-0.0,Energeetika ja energiaturud
energy,kaitseministeerium ja parempoolsed,0,27,1,213,0.1267605633802817,0.0,0.0,-1.0,0.0,0.10754654632196504,-0.0,Energeetika ja energiaturud
energy,kaitseressursside amet,0,27,1,213,0.1267605633802817,0.0,0.0,-1.0,0.0,0.10754654632196504,-0.0,Energeetika ja energiaturud
energy,kaja pae,0,27,1,213,0.1267605633802817,0.0,0.0,-1.0,0.0,0.10754654632196504,-0.0,Energeetika ja energiaturud
energy,keskkonnainvesteeringute keskus,1,27,2,213,0.2535211267605634,3.9444444444444446,0.03571428571428571,0.25596592700587545,0.25596592700587545,0.27094450869341136,0.042660987834312575,Energeetika ja energiaturud
energy,keskkonnainvesteeringute keskus (kik),0,27,1,213,0.1267605633802817,0.0,0.0,-1.0,0.0,0.10754654632196504,-0.0,Energeetika ja energiaturud
energy,kogu ala ühispaneel,0,27,1,213,0.1267605633802817,0.0,0.0,-1.0,0.0,0.10754654632196504,-0.0,Energeetika ja energiaturud
energy,kood/järva,0,27,1,213,0.1267605633802817,0.0,0.0,-1.0,0.0,0.10754654632196504,-0.0,Energeetika ja energiaturud
energy,kood/jõhvi,0,27,1,213,0.1267605633802817,0.0,0.0,-1.0,0.0,0.10754654632196504,-0.0,Energeetika ja energiaturud
energy,kood/jõhvi ja haridus- ja noorteamet,0,27,1,213,0.1267605633802817,0.0,0.0,-1.0,0.0,0.10754654632196504,-0.0,Energeetika ja energiaturud
energy,korruptsioonivaba eesti mtü,0,27,1,213,0.1267605633802817,0.0,0.0,-1.0,0.0,0.10754654632196504,-0.0,Energeetika ja energiaturud
energy,kultuuriministeerium,0,27,1,213,0.1267605633802817,0.0,0.0,-1.0,0.0,0.10754654632196504,-0.0,Energeetika ja energiaturud
energy,lasteklubi väike päike,0,27,3,213,0.38028169014084506,0.0,0.0,-1.0,0.0,-0.006762776436840915,-0.0,Energeetika ja energiaturud
energy,loodushoiu fond,0,27,1,213,0.1267605633802817,0.0,0.0,-1.0,0.0,0.10754654632196504,-0.0,Energeetika ja energiaturud
energy,loomus mtü,0,27,1,213,0.1267605633802817,0.0,0.0,-1.0,0.0,0.10754654632196504,-0.0,Energeetika ja energiaturud
energy,magnum as,0,27,2,213,0.2535211267605634,0.0,0.0,-1.0,0.0,0.040679879025232145,-0.0,Energeetika ja energiaturud
energy,maililii oü,0,27,1,213,0.1267605633802817,0.0,0.0,-1.0,0.0,0.10754654632196504,-0.0,Energeetika ja energiaturud
energy,meta advisory oü,1,27,1,213,0.1267605633802817,7.888888888888889,0.037037037037037035,0.3852532628077335,0.3852532628077335,0.3526063389336705,0.06420887713462224,Energeetika ja energiaturud
energy,mtü arvamusfestival,2,27,4,213,0.5070422535211268,3.9444444444444446,0.06896551724137931,0.2939729000514768,0.2939729000514768,0.3020164903899649,0.0839922571575648,Energeetika ja energiaturud
energy,mtü eesti jõujaamade ja kaugkütte ühing,1,27,1,213,0.1267605633802817,7.888888888888889,0.037037037037037035,0.3852532628077335,0.3852532628077335,0.3526063389336705,0.06420887713462224,Energeetika ja energiaturud
energy,mtü eesti psühholoogiaüliõpilaste ühendus,0,27,1,213,0.1267605633802817,0.0,0.0,-1.0,0.0,0.10754654632196504,-0.0,Energeetika ja energiaturud
energy,mtü eesti taastuvenergia koda,6,27,7,213,0.8873239436619719,6.761904761904762,0.21428571428571427,0.535449534265896,0.535449534265896,0.5232580866955112,0.29206338232685236,Energeetika ja energiaturud
energy,"mtü esto-rada, multikey online school",0,27,1,213,0.1267605633802817,0.0,0.0,-1.0,0.0,0.10754654632196504,-0.0,Energeetika ja energiaturud
energy,mtü kodanikupalga ümarlaud eestis,0,27,1,213,0.1267605633802817,0.0,0.0,-1.0,0.0,0.10754654632196504,-0.0,Energeetika ja energiaturud
energy,mtü lastekaitse liit,0,27,1,213,0.1267605633802817,0.0,0.0,-1.0,0.0,0.10754654632196504,-0.0,Energeetika ja energiaturud
energy,mtü lastekaitse liit ja tallinna raamatukogud,0,27,1,213,0.1267605633802817,0.0,0.0,-1.0,0.0,0.10754654632196504,-0.0,Energeetika ja energiaturud
energy,mtü progressiivne liikumine,0,27,2,213,0.2535211267605634,0.0,0.0,-1.0,0.0,0.040679879025232145,-0.0,Energeetika ja energiaturud
energy,mtü teadveloleku kompetentsikeskus toko,0,27,1,213,0.1267605633802817,0.0,0.0,-1.0,0.0,0.10754654632196504,-0.0,Energeetika ja energiaturud
energy,novartis,0,27,1,213,0.1267605633802817,0.0,0.0,-1.0,0.0,0.10754654632196504,-0.0,Energeetika ja energiaturud
energy,paide gümnaasium,0,27,3,213,0.38028169014084506,0.0,0.0,-1.0,0.0,-0.006762776436840915,-0.0,Energeetika ja energiaturud
energy,pullivara group,0,27,1,213,0.1267605633802817,0.0,0.0,-1.0,0.0,0.10754654632196504,-0.0,Energeetika ja energiaturud
energy,päästame eesti metsad mtü,0,27,1,213,0.1267605633802817,0.0,0.0,-1.0,0.0,0.10754654632196504,-0.0,Energeetika ja energiaturud
energy,põllumajandus- ja toiduamet,0,27,1,213,0.1267605633802817,0.0,0.0,-1.0,0.0,0.10754654632196504,-0.0,Energeetika ja energiaturud
energy,rail baltic estonia,0,27,2,213,0.2535211267605634,0.0,0.0,-1.0,0.0,0.040679879025232145,-0.0,Energeetika ja energiaturud
energy,regionaal- ja põllumajandusministeerium,0,27,1,213,0.1267605633802817,0.0,0.0,-1.0,0.0,0.10754654632196504,-0.0,Energeetika ja energiaturud
energy,roche,0,27,1,213,0.1267605633802817,0.0,0.0,-1.0,0.0,0.10754654632196504,-0.0,Energeetika ja energiaturud
energy,roche eesti oü,0,27,1,213,0.1267605633802817,0.0,0.0,-1.0,0.0,0.10754654632196504,-0.0,Energeetika ja energiaturud
energy,sa õpilasmalev,0,27,1,213,0.1267605633802817,0.0,0.0,-1.0,0.0,0.10754654632196504,-0.0,Energeetika ja energiaturud
energy,saaremaa gümnaasiumi õpilasesindus,0,27,1,213,0.1267605633802817,0.0,0.0,-1.0,0.0,0.10754654632196504,-0.0,Energeetika ja energiaturud
energy,sihtasutus eesti teadusagentuur (etag),0,27,2,213,0.2535211267605634,0.0,0.0,-1.0,0.0,0.040679879025232145,-0.0,Energeetika ja energiaturud
energy,sihtasutus iga laps on andekas,0,27,1,213,0.1267605633802817,0.0,0.0,-1.0,0.0,0.10754654632196504,-0.0,Energeetika ja energiaturud
energy,sihtasutus järvamaa,0,27,1,213,0.1267605633802817,0.0,0.0,-1.0,0.0,0.10754654632196504,-0.0,Energeetika ja energiaturud
energy,sihtasutus roheriiger,0,27,1,213,0.1267605633802817,0.0,0.0,-1.0,0.0,0.10754654632196504,-0.0,Energeetika ja energiaturud
energy,sihtasutus rohetiiger,1,27,3,213,0.38028169014084506,2.6296296296296298,0.034482758620689655,0.18033768374364473,0.18033768374364473,0.21300451806552176,0.03005628062394079,Energeetika ja energiaturud
energy,siseministeerium,0,27,1,213,0.1267605633802817,0.0,0.0,-1.0,0.0,0.10754654632196504,-0.0,Energeetika ja energiaturud
energy,synlab,0,27,1,213,0.1267605633802817,0.0,0.0,-1.0,0.0,0.10754654632196504,-0.0,Energeetika ja energiaturud
energy,taastuvenergia koda,1,27,1,213,0.1267605633802817,7.888888888888889,0.037037037037037035,0.3852532628077335,0.3852532628077335,0.3526063389336705,0.06420887713462224,Energeetika ja energiaturud
energy,tallinna ettevõtlusinkubaator,0,27,1,213,0.1267605633802817,0.0,0.0,-1.0,0.0,0.10754654632196504,-0.0,Energeetika ja energiaturud
energy,tallinna lastekodu,0,27,1,213,0.1267605633802817,0.0,0.0,-1.0,0.0,0.10754654632196504,-0.0,Energeetika ja energiaturud
energy,tallinna tehnikaülikool,1,27,1,213,0.1267605633802817,7.888888888888889,0.037037037037037035,0.3852532628077335,0.3852532628077335,0.3526063389336705,0.06420887713462224,Energeetika ja energiaturud
energy,"tallinna tehnikaülikool, vastutustundliku majanduse ja esg fookustippkeskus",0,27,1,213,0.1267605633802817,0.0,0.0,-1.0,0.0,0.10754654632196504,-0.0,Energeetika ja energiaturud
energy,tallinna vesi,1,27,2,213,0.2535211267605634,3.9444444444444446,0.03571428571428571,0.25596592700587545,0.25596592700587545,0.27094450869341136,0.042660987834312575,Energeetika ja energiaturud
energy,"tallinna ülikool, tartu ülikool, eesti maaülikool",0,27,1,213,0.1267605633802817,0.0,0.0,-1.0,0.0,0.10754654632196504,-0.0,Energeetika ja energiaturud
energy,taltech,1,27,1,213,0.1267605633802817,7.888888888888889,0.037037037037037035,0.3852532628077335,0.3852532628077335,0.3526063389336705,0.06420887713462224,Energeetika ja energiaturud
energy,tartu kristjan jaak petersoni gümnaasium / kultuuriministeerium,0,27,1,213,0.1267605633802817,0.0,0.0,-1.0,0.0,0.10754654632196504,-0.0,Energeetika ja energiaturud
energy,tartu ülikool,0,27,1,213,0.1267605633802817,0.0,0.0,-1.0,0.0,0.10754654632196504,-0.0,Energeetika ja energiaturud
energy,tartumaa omavalitsuste liit,0,27,2,213,0.2535211267605634,0.0,0.0,-1.0,0.0,0.040679879025232145,-0.0,Energeetika ja energiaturud
energy,telia,0,27,5,213,0.6338028169014085,0.0,0.0,-1.0,0.0,-0.0736294437335738,-0.0,Energeetika ja energiaturud
energy,"telia, eesti interneti sihtasutus",0,27,1,213,0.1267605633802817,0.0,0.0,-1.0,0.0,0.10754654632196504,-0.0,Energeetika ja energiaturud
energy,tervise tuleviku ala korraldajate ühispaneel,0,27,1,213,0.1267605633802817,0.0,0.0,-1.0,0.0,0.10754654632196504,-0.0,Energeetika ja energiaturud
energy,tuum consulting,0,27,1,213,0.1267605633802817,0.0,0.0,-1.0,0.0,0.10754654632196504,-0.0,Energeetika ja energiaturud
energy,vabaühenduste liit,0,27,2,213,0.2535211267605634,0.0,0.0,-1.0,0.0,0.040679879025232145,-0.0,Energeetika ja energiaturud
energy,vau haldus,0,27,1,213,0.1267605633802817,0.0,0.0,-1.0,0.0,0.10754654632196504,-0.0,Energeetika ja energiaturud
energy,vindr baltic oü ja vkg,1,27,1,213,0.1267605633802817,7.888888888888889,0.037037037037037035,0.3852532628077335,0.3852532628077335,0.3526063389336705,0.06420887713462224,Energeetika ja energiaturud
energy,välisministeerium,0,27,6,213,0.7605633802816901,0.0,0.0,-1.0,0.0,-0.09905097080323419,-0.0,Energeetika ja energiaturud
energy,välisministeerium & rahvusvaheliste suhete ring,0,27,1,213,0.1267605633802817,0.0,0.0,-1.0,0.0,0.10754654632196504,-0.0,Energeetika ja energiaturud
energy,ühendus kultuuritahe,0,27,3,213,0.38028169014084506,0.0,0.0,-1.0,0.0,-0.006762776436840915,-0.0,Energeetika ja energiaturud
energy,üro pagulasamet,0,27,1,213,0.1267605633802817,0.0,0.0,-1.0,0.0,0.10754654632196504,-0.0,Energeetika ja energiaturud
family,adven eesti as,0,11,2,213,0.10328638497652583,0.0,0.0,-1.0,0.0,0.1804107288536985,-0.0,"Pere, suhted ja sooline võrdsus"
family,allium upi oü,0,11,1,213,0.051643192488262914,0.0,0.0,-1.0,0.0,0.2472773961504314,-0.0,"Pere, suhted ja sooline võrdsus"
family,apotheka,0,11,1,213,0.051643192488262914,0.0,0.0,-1.0,0.0,0.2472773961504314,-0.0,"Pere, suhted ja sooline võrdsus"
family,arengukoostöö ümarlaud (akü),1,11,1,213,0.051643192488262914,19.363636363636363,0.09090909090909091,0.5527393026376743,0.5527393026376743,0.523254546767664,0.09212321710627906,"Pere, suhted ja sooline võrdsus"
family,avatud eesti fond,0,11,1,213,0.051643192488262914,0.0,0.0,-1.0,0.0,0.2472773961504314,-0.0,"Pere, suhted ja sooline võrdsus"
family,bonava eesti,0,11,1,213,0.051643192488262914,0.0,0.0,-1.0,0.0,0.2472773961504314,-0.0,"Pere, suhted ja sooline võrdsus"
family,confido,0,11,1,213,0.051643192488262914,0.0,0.0,-1.0,0.0,0.2472773961504314,-0.0,"Pere, suhted ja sooline võrdsus"
family,confido meditsiinikeskus,0,11,1,213,0.051643192488262914,0.0,0.0,-1.0,0.0,0.2472773961504314,-0.0,"Pere, suhted ja sooline võrdsus"
family,eena (eesti ettevõtlike naiste assotsiatsioon),0,11,1,213,0.051643192488262914,0.0,0.0,-1.0,0.0,0.2472773961504314,-0.0,"Pere, suhted ja sooline võrdsus"
family,eesti ametiühingute keskliit,0,11,1,213,0.051643192488262914,0.0,0.0,-1.0,0.0,0.2472773961504314,-0.0,"Pere, suhted ja sooline võrdsus"
family,eesti arhitektide liit / maa- ja ruumiamet,0,11,1,213,0.051643192488262914,0.0,0.0,-1.0,0.0,0.2472773961504314,-0.0,"Pere, suhted ja sooline võrdsus"
family,eesti arhitektide liit mtü,0,11,1,213,0.051643192488262914,0.0,0.0,-1.0,0.0,0.2472773961504314,-0.0,"Pere, suhted ja sooline võrdsus"
family,eesti e-residentsuse programm,0,11,8,213,0.4131455399061033,0.0,0.0,-1.0,0.0,-0.0007652612018403843,-0.0,"Pere, suhted ja sooline võrdsus"
family,eesti hambaarstide liit,0,11,2,213,0.10328638497652583,0.0,0.0,-1.0,0.0,0.1804107288536985,-0.0,"Pere, suhted ja sooline võrdsus"
family,eesti interneti sa,0,11,3,213,0.15492957746478872,0.0,0.0,-1.0,0.0,0.13296807339162545,-0.0,"Pere, suhted ja sooline võrdsus"
family,eesti jõujaamade ja kaugkütte ühing,0,11,1,213,0.051643192488262914,0.0,0.0,-1.0,0.0,0.2472773961504314,-0.0,"Pere, suhted ja sooline võrdsus"
family,eesti kaitsevägi,0,11,2,213,0.10328638497652583,0.0,0.0,-1.0,0.0,0.1804107288536985,-0.0,"Pere, suhted ja sooline võrdsus"
family,eesti kaubandus-tööstuskoda,0,11,1,213,0.051643192488262914,0.0,0.0,-1.0,0.0,0.2472773961504314,-0.0,"Pere, suhted ja sooline võrdsus"
family,eesti keele instituut,0,11,1,213,0.051643192488262914,0.0,0.0,-1.0,0.0,0.2472773961504314,-0.0,"Pere, suhted ja sooline võrdsus"
family,eesti kohtud,0,11,1,213,0.051643192488262914,0.0,0.0,-1.0,0.0,0.2472773961504314,-0.0,"Pere, suhted ja sooline võrdsus"
family,eesti kultuuri koda,1,11,1,213,0.051643192488262914,19.363636363636363,0.09090909090909091,0.5527393026376743,0.5527393026376743,0.523254546767664,0.09212321710627906,"Pere, suhted ja sooline võrdsus"
family,eesti kunstikoolide liidu noorteühendus,0,11,1,213,0.051643192488262914,0.0,0.0,-1.0,0.0,0.2472773961504314,-0.0,"Pere, suhted ja sooline võrdsus"
family,eesti kunstikoolide liit (noored),0,11,1,213,0.051643192488262914,0.0,0.0,-1.0,0.0,0.2472773961504314,-0.0,"Pere, suhted ja sooline võrdsus"
family,eesti lastehoidude liit,0,11,2,213,0.10328638497652583,0.0,0.0,-1.0,0.0,0.1804107288536985,-0.0,"Pere, suhted ja sooline võrdsus"
family,eesti loomaarstide koda (elk),0,11,1,213,0.051643192488262914,0.0,0.0,-1.0,0.0,0.2472773961504314,-0.0,"Pere, suhted ja sooline võrdsus"
family,eesti maaülikool,0,11,2,213,0.10328638497652583,0.0,0.0,-1.0,0.0,0.1804107288536985,-0.0,"Pere, suhted ja sooline võrdsus"
family,"eesti maaülikool, veterinaarmeditsiini ja loomakasvatuse instituut",0,11,1,213,0.051643192488262914,0.0,0.0,-1.0,0.0,0.2472773961504314,-0.0,"Pere, suhted ja sooline võrdsus"
family,eesti matemaatika selts,0,11,1,213,0.051643192488262914,0.0,0.0,-1.0,0.0,0.2472773961504314,-0.0,"Pere, suhted ja sooline võrdsus"
family,eesti montessori ühing,0,11,1,213,0.051643192488262914,0.0,0.0,-1.0,0.0,0.2472773961504314,-0.0,"Pere, suhted ja sooline võrdsus"
family,eesti muuseumiühing ja eesti muuseumide liit,0,11,1,213,0.051643192488262914,0.0,0.0,-1.0,0.0,0.2472773961504314,-0.0,"Pere, suhted ja sooline võrdsus"
family,eesti muuseumiühing koostöös eesti muuseumide liiduga,0,11,1,213,0.051643192488262914,0.0,0.0,-1.0,0.0,0.2472773961504314,-0.0,"Pere, suhted ja sooline võrdsus"
family,eesti nato ühing,0,11,1,213,0.051643192488262914,0.0,0.0,-1.0,0.0,0.2472773961504314,-0.0,"Pere, suhted ja sooline võrdsus"
family,eesti noorteühenduste liit,0,11,1,213,0.051643192488262914,0.0,0.0,-1.0,0.0,0.2472773961504314,-0.0,"Pere, suhted ja sooline võrdsus"
family,eesti personalijuhtimise ühing pare,0,11,9,213,0.4647887323943662,0.0,0.0,-1.0,0.0,-0.018140631870787533,-0.0,"Pere, suhted ja sooline võrdsus"
family,eesti personalijuhtimise ühing pare ja tööinspektsioon,3,11,9,213,0.4647887323943662,6.454545454545455,0.17647058823529413,0.43746766307426155,0.43746766307426155,0.4458389891035019,0.16405037365284808,"Pere, suhted ja sooline võrdsus"
family,"eesti puuetega naiste ühenduste liit, helpific mtü",1,11,1,213,0.051643192488262914,19.363636363636363,0.09090909090909091,0.5527393026376743,0.5527393026376743,0.523254546767664,0.09212321710627906,"Pere, suhted ja sooline võrdsus"
family,eesti roheline liikumine,0,11,2,213,0.10328638497652583,0.0,0.0,-1.0,0.0,0.1804107288536985,-0.0,"Pere, suhted ja sooline võrdsus"
family,eesti seksuaaltervise liit,1,11,2,213,0.10328638497652583,9.681818181818182,0.08333333333333333,0.4234519668358163,0.4234519668358163,0.4415927165274048,0.07057532780596938,"Pere, suhted ja sooline võrdsus"
family,eesti sõjamuuseum,0,11,1,213,0.051643192488262914,0.0,0.0,-1.0,0.0,0.2472773961504314,-0.0,"Pere, suhted ja sooline võrdsus"
family,eesti tervisemajanduse koda (health founders estonia),0,11,1,213,0.051643192488262914,0.0,0.0,-1.0,0.0,0.2472773961504314,-0.0,"Pere, suhted ja sooline võrdsus"
family,eesti tervisemajanduse koda (health founders),0,11,1,213,0.051643192488262914,0.0,0.0,-1.0,0.0,0.2472773961504314,-0.0,"Pere, suhted ja sooline võrdsus"
family,eesti tuuleenergia assotsiatsioon,0,11,2,213,0.10328638497652583,0.0,0.0,-1.0,0.0,0.1804107288536985,-0.0,"Pere, suhted ja sooline võrdsus"
family,eesti urantia assotsiatsioon mtü,0,11,1,213,0.051643192488262914,0.0,0.0,-1.0,0.0,0.2472773961504314,-0.0,"Pere, suhted ja sooline võrdsus"
family,eesti vaimse tervise ja heaolu koalitsioon vatek,0,11,1,213,0.051643192488262914,0.0,0.0,-1.0,0.0,0.2472773961504314,-0.0,"Pere, suhted ja sooline võrdsus"
family,eesti vähitõrje võrgustik (estcan),0,11,5,213,0.25821596244131456,0.0,0.0,-1.0,0.0,0.06610140609489253,-0.0,"Pere, suhted ja sooline võrdsus"
family,eesti väitlusselts,0,11,1,213,0.051643192488262914,0.0,0.0,-1.0,0.0,0.2472773961504314,-0.0,"Pere, suhted ja sooline võrdsus"
family,eesti õigusteaduse üliõpilaste liit,0,11,2,213,0.10328638497652583,0.0,0.0,-1.0,0.0,0.1804107288536985,-0.0,"Pere, suhted ja sooline võrdsus"
family,"eesti õigusteaduse üliõpilaste liit, rahvusvaheliste suhete ring, feministeerium",1,11,1,213,0.051643192488262914,19.363636363636363,0.09090909090909091,0.5527393026376743,0.5527393026376743,0.523254546767664,0.09212321710627906,"Pere, suhted ja sooline võrdsus"
family,eesti õpilasesinduste liit,0,11,1,213,0.051643192488262914,0.0,0.0,-1.0,0.0,0.2472773961504314,-0.0,"Pere, suhted ja sooline võrdsus"
family,eesti üliõpilaskondade liit,0,11,2,213,0.10328638497652583,0.0,0.0,-1.0,0.0,0.1804107288536985,-0.0,"Pere, suhted ja sooline võrdsus"
family,eesti üro ühing,0,11,2,213,0.10328638497652583,0.0,0.0,-1.0,0.0,0.1804107288536985,-0.0,"Pere, suhted ja sooline võrdsus"
family,eestimaa looduse fond,0,11,2,213,0.10328638497652583,0.0,0.0,-1.0,0.0,0.1804107288536985,-0.0,"Pere, suhted ja sooline võrdsus"
family,efektiivne altruism eesti,0,11,2,213,0.10328638497652583,0.0,0.0,-1.0,0.0,0.1804107288536985,-0.0,"Pere, suhted ja sooline võrdsus"
family,elisabeth luisk,0,11,1,213,0.051643192488262914,0.0,0.0,-1.0,0.0,0.2472773961504314,-0.0,"Pere, suhted ja sooline võrdsus"
family,emn eesti,0,11,1,213,0.051643192488262914,0.0,0.0,-1.0,0.0,0.2472773961504314,-0.0,"Pere, suhted ja sooline võrdsus"
family,eurooopa parlamendi büroo eestis,0,11,1,213,0.051643192488262914,0.0,0.0,-1.0,0.0,0.2472773961504314,-0.0,"Pere, suhted ja sooline võrdsus"
family,euroopa komisjoni eesti esindus,0,11,1,213,0.051643192488262914,0.0,0.0,-1.0,0.0,0.2472773961504314,-0.0,"Pere, suhted ja sooline võrdsus"
family,"euroopa rändevõrgustiku eesti kontaktpunkt (emn eesti), sisekaitseakadeemia, haridus- ja noorteamet",0,11,1,213,0.051643192488262914,0.0,0.0,-1.0,0.0,0.2472773961504314,-0.0,"Pere, suhted ja sooline võrdsus"
family,fenno-ugria asutus,0,11,1,213,0.051643192488262914,0.0,0.0,-1.0,0.0,0.2472773961504314,-0.0,"Pere, suhted ja sooline võrdsus"
family,filmifestival horisont,0,11,1,213,0.051643192488262914,0.0,0.0,-1.0,0.0,0.2472773961504314,-0.0,"Pere, suhted ja sooline võrdsus"
family,fridays for future eesti (mtü loodusvõlu),0,11,3,213,0.15492957746478872,0.0,0.0,-1.0,0.0,0.13296807339162545,-0.0,"Pere, suhted ja sooline võrdsus"
family,geoteaduste üliõpilaste selts,0,11,1,213,0.051643192488262914,0.0,0.0,-1.0,0.0,0.2472773961504314,-0.0,"Pere, suhted ja sooline võrdsus"
family,heaoluteaduste tippkeskus estwell,0,11,1,213,0.051643192488262914,0.0,0.0,-1.0,0.0,0.2472773961504314,-0.0,"Pere, suhted ja sooline võrdsus"
family,integratsiooni sihtasutus,0,11,1,213,0.051643192488262914,0.0,0.0,-1.0,0.0,0.2472773961504314,-0.0,"Pere, suhted ja sooline võrdsus"
family,justiits- ja digiministeerium,0,11,2,213,0.10328638497652583,0.0,0.0,-1.0,0.0,0.1804107288536985,-0.0,"Pere, suhted ja sooline võrdsus"
family,kaitseliit,0,11,1,213,0.051643192488262914,0.0,0.0,-1.0,0.0,0.2472773961504314,-0.0,"Pere, suhted ja sooline võrdsus"
family,kaitseministeerium,0,11,1,213,0.051643192488262914,0.0,0.0,-1.0,0.0,0.2472773961504314,-0.0,"Pere, suhted ja sooline võrdsus"
family,kaitseministeerium ja parempoolsed,0,11,1,213,0.051643192488262914,0.0,0.0,-1.0,0.0,0.2472773961504314,-0.0,"Pere, suhted ja sooline võrdsus"
family,kaitseressursside amet,0,11,1,213,0.051643192488262914,0.0,0.0,-1.0,0.0,0.2472773961504314,-0.0,"Pere, suhted ja sooline võrdsus"
family,kaja pae,1,11,1,213,0.051643192488262914,19.363636363636363,0.09090909090909091,0.5527393026376743,0.5527393026376743,0.523254546767664,0.09212321710627906,"Pere, suhted ja sooline võrdsus"
family,keskkonnainvesteeringute keskus,0,11,2,213,0.10328638497652583,0.0,0.0,-1.0,0.0,0.1804107288536985,-0.0,"Pere, suhted ja sooline võrdsus"
family,keskkonnainvesteeringute keskus (kik),0,11,1,213,0.051643192488262914,0.0,0.0,-1.0,0.0,0.2472773961504314,-0.0,"Pere, suhted ja sooline võrdsus"
family,kogu ala ühispaneel,0,11,1,213,0.051643192488262914,0.0,0.0,-1.0,0.0,0.2472773961504314,-0.0,"Pere, suhted ja sooline võrdsus"
family,kood/järva,0,11,1,213,0.051643192488262914,0.0,0.0,-1.0,0.0,0.2472773961504314,-0.0,"Pere, suhted ja sooline võrdsus"
family,kood/jõhvi,0,11,1,213,0.051643192488262914,0.0,0.0,-1.0,0.0,0.2472773961504314,-0.0,"Pere, suhted ja sooline võrdsus"
family,kood/jõhvi ja haridus- ja noorteamet,0,11,1,213,0.051643192488262914,0.0,0.0,-1.0,0.0,0.2472773961504314,-0.0,"Pere, suhted ja sooline võrdsus"
family,korruptsioonivaba eesti mtü,0,11,1,213,0.051643192488262914,0.0,0.0,-1.0,0.0,0.2472773961504314,-0.0,"Pere, suhted ja sooline võrdsus"
family,kultuuriministeerium,0,11,1,213,0.051643192488262914,0.0,0.0,-1.0,0.0,0.2472773961504314,-0.0,"Pere, suhted ja sooline võrdsus"
family,lasteklubi väike päike,0,11,3,213,0.15492957746478872,0.0,0.0,-1.0,0.0,0.13296807339162545,-0.0,"Pere, suhted ja sooline võrdsus"
family,loodushoiu fond,0,11,1,213,0.051643192488262914,0.0,0.0,-1.0,0.0,0.2472773961504314,-0.0,"Pere, suhted ja sooline võrdsus"
family,loomus mtü,0,11,1,213,0.051643192488262914,0.0,0.0,-1.0,0.0,0.2472773961504314,-0.0,"Pere, suhted ja sooline võrdsus"
family,magnum as,0,11,2,213,0.10328638497652583,0.0,0.0,-1.0,0.0,0.1804107288536985,-0.0,"Pere, suhted ja sooline võrdsus"
family,maililii oü,0,11,1,213,0.051643192488262914,0.0,0.0,-1.0,0.0,0.2472773961504314,-0.0,"Pere, suhted ja sooline võrdsus"
family,meta advisory oü,0,11,1,213,0.051643192488262914,0.0,0.0,-1.0,0.0,0.2472773961504314,-0.0,"Pere, suhted ja sooline võrdsus"
family,mtü arvamusfestival,0,11,4,213,0.20657276995305165,0.0,0.0,-1.0,0.0,0.09616869088801842,-0.0,"Pere, suhted ja sooline võrdsus"
family,mtü eesti jõujaamade ja kaugkütte ühing,0,11,1,213,0.051643192488262914,0.0,0.0,-1.0,0.0,0.2472773961504314,-0.0,"Pere, suhted ja sooline võrdsus"
family,mtü eesti psühholoogiaüliõpilaste ühendus,1,11,1,213,0.051643192488262914,19.363636363636363,0.09090909090909091,0.5527393026376743,0.5527393026376743,0.523254546767664,0.09212321710627906,"Pere, suhted ja sooline võrdsus"
family,mtü eesti taastuvenergia koda,0,11,7,213,0.3615023474178404,0.0,0.0,-1.0,0.0,0.018658750632819483,-0.0,"Pere, suhted ja sooline võrdsus"
family,"mtü esto-rada, multikey online school",0,11,1,213,0.051643192488262914,0.0,0.0,-1.0,0.0,0.2472773961504314,-0.0,"Pere, suhted ja sooline võrdsus"
family,mtü kodanikupalga ümarlaud eestis,1,11,1,213,0.051643192488262914,19.363636363636363,0.09090909090909091,0.5527393026376743,0.5527393026376743,0.523254546767664,0.09212321710627906,"Pere, suhted ja sooline võrdsus"
family,mtü lastekaitse liit,0,11,1,213,0.051643192488262914,0.0,0.0,-1.0,0.0,0.2472773961504314,-0.0,"Pere, suhted ja sooline võrdsus"
family,mtü lastekaitse liit ja tallinna raamatukogud,0,11,1,213,0.051643192488262914,0.0,0.0,-1.0,0.0,0.2472773961504314,-0.0,"Pere, suhted ja sooline võrdsus"
family,mtü progressiivne liikumine,0,11,2,213,0.10328638497652583,0.0,0.0,-1.0,0.0,0.1804107288536985,-0.0,"Pere, suhted ja sooline võrdsus"
family,mtü teadveloleku kompetentsikeskus toko,0,11,1,213,0.051643192488262914,0.0,0.0,-1.0,0.0,0.2472773961504314,-0.0,"Pere, suhted ja sooline võrdsus"
family,novartis,0,11,1,213,0.051643192488262914,0.0,0.0,-1.0,0.0,0.2472773961504314,-0.0,"Pere, suhted ja sooline võrdsus"
family,paide gümnaasium,0,11,3,213,0.15492957746478872,0.0,0.0,-1.0,0.0,0.13296807339162545,-0.0,"Pere, suhted ja sooline võrdsus"
family,pullivara group,0,11,1,213,0.051643192488262914,0.0,0.0,-1.0,0.0,0.2472773961504314,-0.0,"Pere, suhted ja sooline võrdsus"
family,päästame eesti metsad mtü,0,11,1,213,0.051643192488262914,0.0,0.0,-1.0,0.0,0.2472773961504314,-0.0,"Pere, suhted ja sooline võrdsus"
family,põllumajandus- ja toiduamet,0,11,1,213,0.051643192488262914,0.0,0.0,-1.0,0.0,0.2472773961504314,-0.0,"Pere, suhted ja sooline võrdsus"
family,rail baltic estonia,0,11,2,213,0.10328638497652583,0.0,0.0,-1.0,0.0,0.1804107288536985,-0.0,"Pere, suhted ja sooline võrdsus"
family,regionaal- ja põllumajandusministeerium,0,11,1,213,0.051643192488262914,0.0,0.0,-1.0,0.0,0.2472773961504314,-0.0,"Pere, suhted ja sooline võrdsus"
family,roche,0,11,1,213,0.051643192488262914,0.0,0.0,-1.0,0.0,0.2472773961504314,-0.0,"Pere, suhted ja sooline võrdsus"
family,roche eesti oü,0,11,1,213,0.051643192488262914,0.0,0.0,-1.0,0.0,0.2472773961504314,-0.0,"Pere, suhted ja sooline võrdsus"
family,sa õpilasmalev,0,11,1,213,0.051643192488262914,0.0,0.0,-1.0,0.0,0.2472773961504314,-0.0,"Pere, suhted ja sooline võrdsus"
family,saaremaa gümnaasiumi õpilasesindus,0,11,1,213,0.051643192488262914,0.0,0.0,-1.0,0.0,0.2472773961504314,-0.0,"Pere, suhted ja sooline võrdsus"
family,sihtasutus eesti teadusagentuur (etag),0,11,2,213,0.10328638497652583,0.0,0.0,-1.0,0.0,0.1804107288536985,-0.0,"Pere, suhted ja sooline võrdsus"
family,sihtasutus iga laps on andekas,0,11,1,213,0.051643192488262914,0.0,0.0,-1.0,0.0,0.2472773961504314,-0.0,"Pere, suhted ja sooline võrdsus"
family,sihtasutus järvamaa,0,11,1,213,0.051643192488262914,0.0,0.0,-1.0,0.0,0.2472773961504314,-0.0,"Pere, suhted ja sooline võrdsus"
family,sihtasutus roheriiger,0,11,1,213,0.051643192488262914,0.0,0.0,-1.0,0.0,0.2472773961504314,-0.0,"Pere, suhted ja sooline võrdsus"
family,sihtasutus rohetiiger,0,11,3,213,0.15492957746478872,0.0,0.0,-1.0,0.0,0.13296807339162545,-0.0,"Pere, suhted ja sooline võrdsus"
family,siseministeerium,0,11,1,213,0.051643192488262914,0.0,0.0,-1.0,0.0,0.2472773961504314,-0.0,"Pere, suhted ja sooline võrdsus"
family,synlab,0,11,1,213,0.051643192488262914,0.0,0.0,-1.0,0.0,0.2472773961504314,-0.0,"Pere, suhted ja sooline võrdsus"
family,taastuvenergia koda,0,11,1,213,0.051643192488262914,0.0,0.0,-1.0,0.0,0.2472773961504314,-0.0,"Pere, suhted ja sooline võrdsus"
family,tallinna ettevõtlusinkubaator,0,11,1,213,0.051643192488262914,0.0,0.0,-1.0,0.0,0.2472773961504314,-0.0,"Pere, suhted ja sooline võrdsus"
family,tallinna lastekodu,0,11,1,213,0.051643192488262914,0.0,0.0,-1.0,0.0,0.2472773961504314,-0.0,"Pere, suhted ja sooline võrdsus"
family,tallinna tehnikaülikool,0,11,1,213,0.051643192488262914,0.0,0.0,-1.0,0.0,0.2472773961504314,-0.0,"Pere, suhted ja sooline võrdsus"
family,"tallinna tehnikaülikool, vastutustundliku majanduse ja esg fookustippkeskus",0,11,1,213,0.051643192488262914,0.0,0.0,-1.0,0.0,0.2472773961504314,-0.0,"Pere, suhted ja sooline võrdsus"
family,tallinna vesi,0,11,2,213,0.10328638497652583,0.0,0.0,-1.0,0.0,0.1804107288536985,-0.0,"Pere, suhted ja sooline võrdsus"
family,"tallinna ülikool, tartu ülikool, eesti maaülikool",0,11,1,213,0.051643192488262914,0.0,0.0,-1.0,0.0,0.2472773961504314,-0.0,"Pere, suhted ja sooline võrdsus"
family,taltech,0,11,1,213,0.051643192488262914,0.0,0.0,-1.0,0.0,0.2472773961504314,-0.0,"Pere, suhted ja sooline võrdsus"
family,tartu kristjan jaak petersoni gümnaasium / kultuuriministeerium,0,11,1,213,0.051643192488262914,0.0,0.0,-1.0,0.0,0.2472773961504314,-0.0,"Pere, suhted ja sooline võrdsus"
family,tartu ülikool,0,11,1,213,0.051643192488262914,0.0,0.0,-1.0,0.0,0.2472773961504314,-0.0,"Pere, suhted ja sooline võrdsus"
family,tartumaa omavalitsuste liit,0,11,2,213,0.10328638497652583,0.0,0.0,-1.0,0.0,0.1804107288536985,-0.0,"Pere, suhted ja sooline võrdsus"
family,telia,0,11,5,213,0.25821596244131456,0.0,0.0,-1.0,0.0,0.06610140609489253,-0.0,"Pere, suhted ja sooline võrdsus"
family,"telia, eesti interneti sihtasutus",0,11,1,213,0.051643192488262914,0.0,0.0,-1.0,0.0,0.2472773961504314,-0.0,"Pere, suhted ja sooline võrdsus"
family,tervise tuleviku ala korraldajate ühispaneel,0,11,1,213,0.051643192488262914,0.0,0.0,-1.0,0.0,0.2472773961504314,-0.0,"Pere, suhted ja sooline võrdsus"
family,tuum consulting,0,11,1,213,0.051643192488262914,0.0,0.0,-1.0,0.0,0.2472773961504314,-0.0,"Pere, suhted ja sooline võrdsus"
family,vabaühenduste liit,0,11,2,213,0.10328638497652583,0.0,0.0,-1.0,0.0,0.1804107288536985,-0.0,"Pere, suhted ja sooline võrdsus"
family,vau haldus,0,11,1,213,0.051643192488262914,0.0,0.0,-1.0,0.0,0.2472773961504314,-0.0,"Pere, suhted ja sooline võrdsus"
family,vindr baltic oü ja vkg,0,11,1,213,0.051643192488262914,0.0,0.0,-1.0,0.0,0.2472773961504314,-0.0,"Pere, suhted ja sooline võrdsus"
family,välisministeerium,0,11,6,213,0.30985915492957744,0.0,0.0,-1.0,0.0,0.040679879025232145,-0.0,"Pere, suhted ja sooline võrdsus"
family,välisministeerium & rahvusvaheliste suhete ring,0,11,1,213,0.051643192488262914,0.0,0.0,-1.0,0.0,0.2472773961504314,-0.0,"Pere, suhted ja sooline võrdsus"
family,ühendus kultuuritahe,0,11,3,213,0.15492957746478872,0.0,0.0,-1.0,0.0,0.13296807339162545,-0.0,"Pere, suhted ja sooline võrdsus"
family,üro pagulasamet,0,11,1,213,0.051643192488262914,0.0,0.0,-1.0,0.0,0.2472773961504314,-0.0,"Pere, suhted ja sooline võrdsus"
food,adven eesti as,1,7,2,213,0.06572769953051644,15.214285714285714,0.125,0.5077572256750814,0.5077572256750814,0.523254546767664,0.08462620427918023,"Toit, põllumajandus ja toidujulgeolek"
food,allium upi oü,0,7,1,213,0.03286384976525822,0.0,0.0,-1.0,0.0,0.31414406344716433,-0.0,"Toit, põllumajandus ja toidujulgeolek"
food,apotheka,0,7,1,213,0.03286384976525822,0.0,0.0,-1.0,0.0,0.31414406344716433,-0.0,"Toit, põllumajandus ja toidujulgeolek"
food,arengukoostöö ümarlaud (akü),0,7,1,213,0.03286384976525822,0.0,0.0,-1.0,0.0,0.31414406344716433,-0.0,"Toit, põllumajandus ja toidujulgeolek"
food,avatud eesti fond,0,7,1,213,0.03286384976525822,0.0,0.0,-1.0,0.0,0.31414406344716433,-0.0,"Toit, põllumajandus ja toidujulgeolek"
food,bonava eesti,0,7,1,213,0.03286384976525822,0.0,0.0,-1.0,0.0,0.31414406344716433,-0.0,"Toit, põllumajandus ja toidujulgeolek"
food,confido,0,7,1,213,0.03286384976525822,0.0,0.0,-1.0,0.0,0.31414406344716433,-0.0,"Toit, põllumajandus ja toidujulgeolek"
food,confido meditsiinikeskus,0,7,1,213,0.03286384976525822,0.0,0.0,-1.0,0.0,0.31414406344716433,-0.0,"Toit, põllumajandus ja toidujulgeolek"
food,eena (eesti ettevõtlike naiste assotsiatsioon),0,7,1,213,0.03286384976525822,0.0,0.0,-1.0,0.0,0.31414406344716433,-0.0,"Toit, põllumajandus ja toidujulgeolek"
food,eesti ametiühingute keskliit,0,7,1,213,0.03286384976525822,0.0,0.0,-1.0,0.0,0.31414406344716433,-0.0,"Toit, põllumajandus ja toidujulgeolek"
food,eesti arhitektide liit / maa- ja ruumiamet,0,7,1,213,0.03286384976525822,0.0,0.0,-1.0,0.0,0.31414406344716433,-0.0,"Toit, põllumajandus ja toidujulgeolek"
food,eesti arhitektide liit mtü,0,7,1,213,0.03286384976525822,0.0,0.0,-1.0,0.0,0.31414406344716433,-0.0,"Toit, põllumajandus ja toidujulgeolek"
food,eesti e-residentsuse programm,0,7,8,213,0.26291079812206575,0.0,0.0,-1.0,0.0,0.06610140609489253,-0.0,"Toit, põllumajandus ja toidujulgeolek"
food,eesti hambaarstide liit,0,7,2,213,0.06572769953051644,0.0,0.0,-1.0,0.0,0.2472773961504314,-0.0,"Toit, põllumajandus ja toidujulgeolek"
food,eesti interneti sa,0,7,3,213,0.09859154929577464,0.0,0.0,-1.0,0.0,0.19983474068835833,-0.0,"Toit, põllumajandus ja toidujulgeolek"
food,eesti jõujaamade ja kaugkütte ühing,0,7,1,213,0.03286384976525822,0.0,0.0,-1.0,0.0,0.31414406344716433,-0.0,"Toit, põllumajandus ja toidujulgeolek"
food,eesti kaitsevägi,0,7,2,213,0.06572769953051644,0.0,0.0,-1.0,0.0,0.2472773961504314,-0.0,"Toit, põllumajandus ja toidujulgeolek"
food,eesti kaubandus-tööstuskoda,0,7,1,213,0.03286384976525822,0.0,0.0,-1.0,0.0,0.31414406344716433,-0.0,"Toit, põllumajandus ja toidujulgeolek"
food,eesti keele instituut,0,7,1,213,0.03286384976525822,0.0,0.0,-1.0,0.0,0.31414406344716433,-0.0,"Toit, põllumajandus ja toidujulgeolek"
food,eesti kohtud,0,7,1,213,0.03286384976525822,0.0,0.0,-1.0,0.0,0.31414406344716433,-0.0,"Toit, põllumajandus ja toidujulgeolek"
food,eesti kultuuri koda,0,7,1,213,0.03286384976525822,0.0,0.0,-1.0,0.0,0.31414406344716433,-0.0,"Toit, põllumajandus ja toidujulgeolek"
food,eesti kunstikoolide liidu noorteühendus,0,7,1,213,0.03286384976525822,0.0,0.0,-1.0,0.0,0.31414406344716433,-0.0,"Toit, põllumajandus ja toidujulgeolek"
food,eesti kunstikoolide liit (noored),0,7,1,213,0.03286384976525822,0.0,0.0,-1.0,0.0,0.31414406344716433,-0.0,"Toit, põllumajandus ja toidujulgeolek"
food,eesti lastehoidude liit,0,7,2,213,0.06572769953051644,0.0,0.0,-1.0,0.0,0.2472773961504314,-0.0,"Toit, põllumajandus ja toidujulgeolek"
food,eesti loomaarstide koda (elk),0,7,1,213,0.03286384976525822,0.0,0.0,-1.0,0.0,0.31414406344716433,-0.0,"Toit, põllumajandus ja toidujulgeolek"
food,eesti maaülikool,1,7,2,213,0.06572769953051644,15.214285714285714,0.125,0.5077572256750814,0.5077572256750814,0.523254546767664,0.08462620427918023,"Toit, põllumajandus ja toidujulgeolek"
food,"eesti maaülikool, veterinaarmeditsiini ja loomakasvatuse instituut",0,7,1,213,0.03286384976525822,0.0,0.0,-1.0,0.0,0.31414406344716433,-0.0,"Toit, põllumajandus ja toidujulgeolek"
food,eesti matemaatika selts,0,7,1,213,0.03286384976525822,0.0,0.0,-1.0,0.0,0.31414406344716433,-0.0,"Toit, põllumajandus ja toidujulgeolek"
food,eesti montessori ühing,0,7,1,213,0.03286384976525822,0.0,0.0,-1.0,0.0,0.31414406344716433,-0.0,"Toit, põllumajandus ja toidujulgeolek"
food,eesti muuseumiühing ja eesti muuseumide liit,0,7,1,213,0.03286384976525822,0.0,0.0,-1.0,0.0,0.31414406344716433,-0.0,"Toit, põllumajandus ja toidujulgeolek"
food,eesti muuseumiühing koostöös eesti muuseumide liiduga,0,7,1,213,0.03286384976525822,0.0,0.0,-1.0,0.0,0.31414406344716433,-0.0,"Toit, põllumajandus ja toidujulgeolek"
food,eesti nato ühing,0,7,1,213,0.03286384976525822,0.0,0.0,-1.0,0.0,0.31414406344716433,-0.0,"Toit, põllumajandus ja toidujulgeolek"
food,eesti noorteühenduste liit,0,7,1,213,0.03286384976525822,0.0,0.0,-1.0,0.0,0.31414406344716433,-0.0,"Toit, põllumajandus ja toidujulgeolek"
food,eesti personalijuhtimise ühing pare,0,7,9,213,0.29577464788732394,0.0,0.0,-1.0,0.0,0.04872603542594537,-0.0,"Toit, põllumajandus ja toidujulgeolek"
food,eesti personalijuhtimise ühing pare ja tööinspektsioon,0,7,9,213,0.29577464788732394,0.0,0.0,-1.0,0.0,0.04872603542594537,-0.0,"Toit, põllumajandus ja toidujulgeolek"
food,"eesti puuetega naiste ühenduste liit, helpific mtü",0,7,1,213,0.03286384976525822,0.0,0.0,-1.0,0.0,0.31414406344716433,-0.0,"Toit, põllumajandus ja toidujulgeolek"
food,eesti roheline liikumine,0,7,2,213,0.06572769953051644,0.0,0.0,-1.0,0.0,0.2472773961504314,-0.0,"Toit, põllumajandus ja toidujulgeolek"
food,eesti seksuaaltervise liit,0,7,2,213,0.06572769953051644,0.0,0.0,-1.0,0.0,0.2472773961504314,-0.0,"Toit, põllumajandus ja toidujulgeolek"
food,eesti sõjamuuseum,0,7,1,213,0.03286384976525822,0.0,0.0,-1.0,0.0,0.31414406344716433,-0.0,"Toit, põllumajandus ja toidujulgeolek"
food,eesti tervisemajanduse koda (health founders estonia),0,7,1,213,0.03286384976525822,0.0,0.0,-1.0,0.0,0.31414406344716433,-0.0,"Toit, põllumajandus ja toidujulgeolek"
food,eesti tervisemajanduse koda (health founders),0,7,1,213,0.03286384976525822,0.0,0.0,-1.0,0.0,0.31414406344716433,-0.0,"Toit, põllumajandus ja toidujulgeolek"
food,eesti tuuleenergia assotsiatsioon,0,7,2,213,0.06572769953051644,0.0,0.0,-1.0,0.0,0.2472773961504314,-0.0,"Toit, põllumajandus ja toidujulgeolek"
food,eesti urantia assotsiatsioon mtü,0,7,1,213,0.03286384976525822,0.0,0.0,-1.0,0.0,0.31414406344716433,-0.0,"Toit, põllumajandus ja toidujulgeolek"
food,eesti vaimse tervise ja heaolu koalitsioon vatek,0,7,1,213,0.03286384976525822,0.0,0.0,-1.0,0.0,0.31414406344716433,-0.0,"Toit, põllumajandus ja toidujulgeolek"
food,eesti vähitõrje võrgustik (estcan),0,7,5,213,0.1643192488262911,0.0,0.0,-1.0,0.0,0.13296807339162545,-0.0,"Toit, põllumajandus ja toidujulgeolek"
food,eesti väitlusselts,0,7,1,213,0.03286384976525822,0.0,0.0,-1.0,0.0,0.31414406344716433,-0.0,"Toit, põllumajandus ja toidujulgeolek"
food,eesti õigusteaduse üliõpilaste liit,0,7,2,213,0.06572769953051644,0.0,0.0,-1.0,0.0,0.2472773961504314,-0.0,"Toit, põllumajandus ja toidujulgeolek"
food,"eesti õigusteaduse üliõpilaste liit, rahvusvaheliste suhete ring, feministeerium",0,7,1,213,0.03286384976525822,0.0,0.0,-1.0,0.0,0.31414406344716433,-0.0,"Toit, põllumajandus ja toidujulgeolek"
food,eesti õpilasesinduste liit,0,7,1,213,0.03286384976525822,0.0,0.0,-1.0,0.0,0.31414406344716433,-0.0,"Toit, põllumajandus ja toidujulgeolek"
food,eesti üliõpilaskondade liit,0,7,2,213,0.06572769953051644,0.0,0.0,-1.0,0.0,0.2472773961504314,-0.0,"Toit, põllumajandus ja toidujulgeolek"
food,eesti üro ühing,0,7,2,213,0.06572769953051644,0.0,0.0,-1.0,0.0,0.2472773961504314,-0.0,"Toit, põllumajandus ja toidujulgeolek"
food,eestimaa looduse fond,1,7,2,213,0.06572769953051644,15.214285714285714,0.125,0.5077572256750814,0.5077572256750814,0.523254546767664,0.08462620427918023,"Toit, põllumajandus ja toidujulgeolek"
food,efektiivne altruism eesti,0,7,2,213,0.06572769953051644,0.0,0.0,-1.0,0.0,0.2472773961504314,-0.0,"Toit, põllumajandus ja toidujulgeolek"
food,elisabeth luisk,0,7,1,213,0.03286384976525822,0.0,0.0,-1.0,0.0,0.31414406344716433,-0.0,"Toit, põllumajandus ja toidujulgeolek"
food,emn eesti,0,7,1,213,0.03286384976525822,0.0,0.0,-1.0,0.0,0.31414406344716433,-0.0,"Toit, põllumajandus ja toidujulgeolek"
food,eurooopa parlamendi büroo eestis,0,7,1,213,0.03286384976525822,0.0,0.0,-1.0,0.0,0.31414406344716433,-0.0,"Toit, põllumajandus ja toidujulgeolek"
food,euroopa komisjoni eesti esindus,0,7,1,213,0.03286384976525822,0.0,0.0,-1.0,0.0,0.31414406344716433,-0.0,"Toit, põllumajandus ja toidujulgeolek"
food,"euroopa rändevõrgustiku eesti kontaktpunkt (emn eesti), sisekaitseakadeemia, haridus- ja noorteamet",0,7,1,213,0.03286384976525822,0.0,0.0,-1.0,0.0,0.31414406344716433,-0.0,"Toit, põllumajandus ja toidujulgeolek"
food,fenno-ugria asutus,0,7,1,213,0.03286384976525822,0.0,0.0,-1.0,0.0,0.31414406344716433,-0.0,"Toit, põllumajandus ja toidujulgeolek"
food,filmifestival horisont,0,7,1,213,0.03286384976525822,0.0,0.0,-1.0,0.0,0.31414406344716433,-0.0,"Toit, põllumajandus ja toidujulgeolek"
food,fridays for future eesti (mtü loodusvõlu),0,7,3,213,0.09859154929577464,0.0,0.0,-1.0,0.0,0.19983474068835833,-0.0,"Toit, põllumajandus ja toidujulgeolek"
food,geoteaduste üliõpilaste selts,0,7,1,213,0.03286384976525822,0.0,0.0,-1.0,0.0,0.31414406344716433,-0.0,"Toit, põllumajandus ja toidujulgeolek"
food,heaoluteaduste tippkeskus estwell,0,7,1,213,0.03286384976525822,0.0,0.0,-1.0,0.0,0.31414406344716433,-0.0,"Toit, põllumajandus ja toidujulgeolek"
food,integratsiooni sihtasutus,0,7,1,213,0.03286384976525822,0.0,0.0,-1.0,0.0,0.31414406344716433,-0.0,"Toit, põllumajandus ja toidujulgeolek"
food,justiits- ja digiministeerium,0,7,2,213,0.06572769953051644,0.0,0.0,-1.0,0.0,0.2472773961504314,-0.0,"Toit, põllumajandus ja toidujulgeolek"
food,kaitseliit,0,7,1,213,0.03286384976525822,0.0,0.0,-1.0,0.0,0.31414406344716433,-0.0,"Toit, põllumajandus ja toidujulgeolek"
food,kaitseministeerium,0,7,1,213,0.03286384976525822,0.0,0.0,-1.0,0.0,0.31414406344716433,-0.0,"Toit, põllumajandus ja toidujulgeolek"
food,kaitseministeerium ja parempoolsed,0,7,1,213,0.03286384976525822,0.0,0.0,-1.0,0.0,0.31414406344716433,-0.0,"Toit, põllumajandus ja toidujulgeolek"
food,kaitseressursside amet,0,7,1,213,0.03286384976525822,0.0,0.0,-1.0,0.0,0.31414406344716433,-0.0,"Toit, põllumajandus ja toidujulgeolek"
food,kaja pae,0,7,1,213,0.03286384976525822,0.0,0.0,-1.0,0.0,0.31414406344716433,-0.0,"Toit, põllumajandus ja toidujulgeolek"
food,keskkonnainvesteeringute keskus,0,7,2,213,0.06572769953051644,0.0,0.0,-1.0,0.0,0.2472773961504314,-0.0,"Toit, põllumajandus ja toidujulgeolek"
food,keskkonnainvesteeringute keskus (kik),1,7,1,213,0.03286384976525822,30.428571428571427,0.14285714285714285,0.6370445614769393,0.6370445614769393,0.6049163770079232,0.10617409357948988,"Toit, põllumajandus ja toidujulgeolek"
food,kogu ala ühispaneel,0,7,1,213,0.03286384976525822,0.0,0.0,-1.0,0.0,0.31414406344716433,-0.0,"Toit, põllumajandus ja toidujulgeolek"
food,kood/järva,0,7,1,213,0.03286384976525822,0.0,0.0,-1.0,0.0,0.31414406344716433,-0.0,"Toit, põllumajandus ja toidujulgeolek"
food,kood/jõhvi,0,7,1,213,0.03286384976525822,0.0,0.0,-1.0,0.0,0.31414406344716433,-0.0,"Toit, põllumajandus ja toidujulgeolek"
food,kood/jõhvi ja haridus- ja noorteamet,0,7,1,213,0.03286384976525822,0.0,0.0,-1.0,0.0,0.31414406344716433,-0.0,"Toit, põllumajandus ja toidujulgeolek"
food,korruptsioonivaba eesti mtü,0,7,1,213,0.03286384976525822,0.0,0.0,-1.0,0.0,0.31414406344716433,-0.0,"Toit, põllumajandus ja toidujulgeolek"
food,kultuuriministeerium,0,7,1,213,0.03286384976525822,0.0,0.0,-1.0,0.0,0.31414406344716433,-0.0,"Toit, põllumajandus ja toidujulgeolek"
food,lasteklubi väike päike,0,7,3,213,0.09859154929577464,0.0,0.0,-1.0,0.0,0.19983474068835833,-0.0,"Toit, põllumajandus ja toidujulgeolek"
food,loodushoiu fond,0,7,1,213,0.03286384976525822,0.0,0.0,-1.0,0.0,0.31414406344716433,-0.0,"Toit, põllumajandus ja toidujulgeolek"
food,loomus mtü,0,7,1,213,0.03286384976525822,0.0,0.0,-1.0,0.0,0.31414406344716433,-0.0,"Toit, põllumajandus ja toidujulgeolek"
food,magnum as,0,7,2,213,0.06572769953051644,0.0,0.0,-1.0,0.0,0.2472773961504314,-0.0,"Toit, põllumajandus ja toidujulgeolek"
food,maililii oü,0,7,1,213,0.03286384976525822,0.0,0.0,-1.0,0.0,0.31414406344716433,-0.0,"Toit, põllumajandus ja toidujulgeolek"
food,meta advisory oü,0,7,1,213,0.03286384976525822,0.0,0.0,-1.0,0.0,0.31414406344716433,-0.0,"Toit, põllumajandus ja toidujulgeolek"
food,mtü arvamusfestival,0,7,4,213,0.13145539906103287,0.0,0.0,-1.0,0.0,0.16303535818475132,-0.0,"Toit, põllumajandus ja toidujulgeolek"
food,mtü eesti jõujaamade ja kaugkütte ühing,0,7,1,213,0.03286384976525822,0.0,0.0,-1.0,0.0,0.31414406344716433,-0.0,"Toit, põllumajandus ja toidujulgeolek"
food,mtü eesti psühholoogiaüliõpilaste ühendus,0,7,1,213,0.03286384976525822,0.0,0.0,-1.0,0.0,0.31414406344716433,-0.0,"Toit, põllumajandus ja toidujulgeolek"
food,mtü eesti taastuvenergia koda,0,7,7,213,0.2300469483568075,0.0,0.0,-1.0,0.0,0.08552541792955239,-0.0,"Toit, põllumajandus ja toidujulgeolek"
food,"mtü esto-rada, multikey online school",0,7,1,213,0.03286384976525822,0.0,0.0,-1.0,0.0,0.31414406344716433,-0.0,"Toit, põllumajandus ja toidujulgeolek"
food,mtü kodanikupalga ümarlaud eestis,0,7,1,213,0.03286384976525822,0.0,0.0,-1.0,0.0,0.31414406344716433,-0.0,"Toit, põllumajandus ja toidujulgeolek"
food,mtü lastekaitse liit,0,7,1,213,0.03286384976525822,0.0,0.0,-1.0,0.0,0.31414406344716433,-0.0,"Toit, põllumajandus ja toidujulgeolek"
food,mtü lastekaitse liit ja tallinna raamatukogud,0,7,1,213,0.03286384976525822,0.0,0.0,-1.0,0.0,0.31414406344716433,-0.0,"Toit, põllumajandus ja toidujulgeolek"
food,mtü progressiivne liikumine,0,7,2,213,0.06572769953051644,0.0,0.0,-1.0,0.0,0.2472773961504314,-0.0,"Toit, põllumajandus ja toidujulgeolek"
food,mtü teadveloleku kompetentsikeskus toko,0,7,1,213,0.03286384976525822,0.0,0.0,-1.0,0.0,0.31414406344716433,-0.0,"Toit, põllumajandus ja toidujulgeolek"
food,novartis,0,7,1,213,0.03286384976525822,0.0,0.0,-1.0,0.0,0.31414406344716433,-0.0,"Toit, põllumajandus ja toidujulgeolek"
food,paide gümnaasium,0,7,3,213,0.09859154929577464,0.0,0.0,-1.0,0.0,0.19983474068835833,-0.0,"Toit, põllumajandus ja toidujulgeolek"
food,pullivara group,0,7,1,213,0.03286384976525822,0.0,0.0,-1.0,0.0,0.31414406344716433,-0.0,"Toit, põllumajandus ja toidujulgeolek"
food,päästame eesti metsad mtü,0,7,1,213,0.03286384976525822,0.0,0.0,-1.0,0.0,0.31414406344716433,-0.0,"Toit, põllumajandus ja toidujulgeolek"
food,põllumajandus- ja toiduamet,1,7,1,213,0.03286384976525822,30.428571428571427,0.14285714285714285,0.6370445614769393,0.6370445614769393,0.6049163770079232,0.10617409357948988,"Toit, põllumajandus ja toidujulgeolek"
food,rail baltic estonia,0,7,2,213,0.06572769953051644,0.0,0.0,-1.0,0.0,0.2472773961504314,-0.0,"Toit, põllumajandus ja toidujulgeolek"
food,regionaal- ja põllumajandusministeerium,1,7,1,213,0.03286384976525822,30.428571428571427,0.14285714285714285,0.6370445614769393,0.6370445614769393,0.6049163770079232,0.10617409357948988,"Toit, põllumajandus ja toidujulgeolek"
food,roche,0,7,1,213,0.03286384976525822,0.0,0.0,-1.0,0.0,0.31414406344716433,-0.0,"Toit, põllumajandus ja toidujulgeolek"
food,roche eesti oü,0,7,1,213,0.03286384976525822,0.0,0.0,-1.0,0.0,0.31414406344716433,-0.0,"Toit, põllumajandus ja toidujulgeolek"
food,sa õpilasmalev,0,7,1,213,0.03286384976525822,0.0,0.0,-1.0,0.0,0.31414406344716433,-0.0,"Toit, põllumajandus ja toidujulgeolek"
food,saaremaa gümnaasiumi õpilasesindus,0,7,1,213,0.03286384976525822,0.0,0.0,-1.0,0.0,0.31414406344716433,-0.0,"Toit, põllumajandus ja toidujulgeolek"
food,sihtasutus eesti teadusagentuur (etag),0,7,2,213,0.06572769953051644,0.0,0.0,-1.0,0.0,0.2472773961504314,-0.0,"Toit, põllumajandus ja toidujulgeolek"
food,sihtasutus iga laps on andekas,0,7,1,213,0.03286384976525822,0.0,0.0,-1.0,0.0,0.31414406344716433,-0.0,"Toit, põllumajandus ja toidujulgeolek"
food,sihtasutus järvamaa,0,7,1,213,0.03286384976525822,0.0,0.0,-1.0,0.0,0.31414406344716433,-0.0,"Toit, põllumajandus ja toidujulgeolek"
food,sihtasutus roheriiger,0,7,1,213,0.03286384976525822,0.0,0.0,-1.0,0.0,0.31414406344716433,-0.0,"Toit, põllumajandus ja toidujulgeolek"
food,sihtasutus rohetiiger,0,7,3,213,0.09859154929577464,0.0,0.0,-1.0,0.0,0.19983474068835833,-0.0,"Toit, põllumajandus ja toidujulgeolek"
food,siseministeerium,0,7,1,213,0.03286384976525822,0.0,0.0,-1.0,0.0,0.31414406344716433,-0.0,"Toit, põllumajandus ja toidujulgeolek"
food,synlab,0,7,1,213,0.03286384976525822,0.0,0.0,-1.0,0.0,0.31414406344716433,-0.0,"Toit, põllumajandus ja toidujulgeolek"
food,taastuvenergia koda,0,7,1,213,0.03286384976525822,0.0,0.0,-1.0,0.0,0.31414406344716433,-0.0,"Toit, põllumajandus ja toidujulgeolek"
food,tallinna ettevõtlusinkubaator,0,7,1,213,0.03286384976525822,0.0,0.0,-1.0,0.0,0.31414406344716433,-0.0,"Toit, põllumajandus ja toidujulgeolek"
food,tallinna lastekodu,0,7,1,213,0.03286384976525822,0.0,0.0,-1.0,0.0,0.31414406344716433,-0.0,"Toit, põllumajandus ja toidujulgeolek"
food,tallinna tehnikaülikool,0,7,1,213,0.03286384976525822,0.0,0.0,-1.0,0.0,0.31414406344716433,-0.0,"Toit, põllumajandus ja toidujulgeolek"
food,"tallinna tehnikaülikool, vastutustundliku majanduse ja esg fookustippkeskus",0,7,1,213,0.03286384976525822,0.0,0.0,-1.0,0.0,0.31414406344716433,-0.0,"Toit, põllumajandus ja toidujulgeolek"
food,tallinna vesi,1,7,2,213,0.06572769953051644,15.214285714285714,0.125,0.5077572256750814,0.5077572256750814,0.523254546767664,0.08462620427918023,"Toit, põllumajandus ja toidujulgeolek"
food,"tallinna ülikool, tartu ülikool, eesti maaülikool",0,7,1,213,0.03286384976525822,0.0,0.0,-1.0,0.0,0.31414406344716433,-0.0,"Toit, põllumajandus ja toidujulgeolek"
food,taltech,0,7,1,213,0.03286384976525822,0.0,0.0,-1.0,0.0,0.31414406344716433,-0.0,"Toit, põllumajandus ja toidujulgeolek"
food,tartu kristjan jaak petersoni gümnaasium / kultuuriministeerium,0,7,1,213,0.03286384976525822,0.0,0.0,-1.0,0.0,0.31414406344716433,-0.0,"Toit, põllumajandus ja toidujulgeolek"
food,tartu ülikool,0,7,1,213,0.03286384976525822,0.0,0.0,-1.0,0.0,0.31414406344716433,-0.0,"Toit, põllumajandus ja toidujulgeolek"
food,tartumaa omavalitsuste liit,0,7,2,213,0.06572769953051644,0.0,0.0,-1.0,0.0,0.2472773961504314,-0.0,"Toit, põllumajandus ja toidujulgeolek"
food,telia,0,7,5,213,0.1643192488262911,0.0,0.0,-1.0,0.0,0.13296807339162545,-0.0,"Toit, põllumajandus ja toidujulgeolek"
food,"telia, eesti interneti sihtasutus",0,7,1,213,0.03286384976525822,0.0,0.0,-1.0,0.0,0.31414406344716433,-0.0,"Toit, põllumajandus ja toidujulgeolek"
food,tervise tuleviku ala korraldajate ühispaneel,0,7,1,213,0.03286384976525822,0.0,0.0,-1.0,0.0,0.31414406344716433,-0.0,"Toit, põllumajandus ja toidujulgeolek"
food,tuum consulting,0,7,1,213,0.03286384976525822,0.0,0.0,-1.0,0.0,0.31414406344716433,-0.0,"Toit, põllumajandus ja toidujulgeolek"
food,vabaühenduste liit,0,7,2,213,0.06572769953051644,0.0,0.0,-1.0,0.0,0.2472773961504314,-0.0,"Toit, põllumajandus ja toidujulgeolek"
food,vau haldus,0,7,1,213,0.03286384976525822,0.0,0.0,-1.0,0.0,0.31414406344716433,-0.0,"Toit, põllumajandus ja toidujulgeolek"
food,vindr baltic oü ja vkg,0,7,1,213,0.03286384976525822,0.0,0.0,-1.0,0.0,0.31414406344716433,-0.0,"Toit, põllumajandus ja toidujulgeolek"
food,välisministeerium,0,7,6,213,0.19718309859154928,0.0,0.0,-1.0,0.0,0.10754654632196504,-0.0,"Toit, põllumajandus ja toidujulgeolek"
food,välisministeerium & rahvusvaheliste suhete ring,0,7,1,213,0.03286384976525822,0.0,0.0,-1.0,0.0,0.31414406344716433,-0.0,"Toit, põllumajandus ja toidujulgeolek"
food,ühendus kultuuritahe,0,7,3,213,0.09859154929577464,0.0,0.0,-1.0,0.0,0.19983474068835833,-0.0,"Toit, põllumajandus ja toidujulgeolek"
food,üro pagulasamet,0,7,1,213,0.03286384976525822,0.0,0.0,-1.0,0.0,0.31414406344716433,-0.0,"Toit, põllumajandus ja toidujulgeolek"
governance,adven eesti as,0,42,2,213,0.39436619718309857,0.0,0.0,-1.0,0.0,-0.030067284793125905,-0.0,"Riigijuhtimine, kodanikuühiskond ja õigus"
governance,allium upi oü,0,42,1,213,0.19718309859154928,0.0,0.0,-1.0,0.0,0.036799382503607016,-0.0,"Riigijuhtimine, kodanikuühiskond ja õigus"
governance,apotheka,0,42,1,213,0.19718309859154928,0.0,0.0,-1.0,0.0,0.036799382503607016,-0.0,"Riigijuhtimine, kodanikuühiskond ja õigus"
governance,arengukoostöö ümarlaud (akü),1,42,1,213,0.19718309859154928,5.071428571428572,0.023809523809523808,0.30284164661099255,0.30284164661099255,0.2662053993432979,0.05047360776849876,"Riigijuhtimine, kodanikuühiskond ja õigus"
governance,avatud eesti fond,1,42,1,213,0.19718309859154928,5.071428571428572,0.023809523809523808,0.30284164661099255,0.30284164661099255,0.2662053993432979,0.05047360776849876,"Riigijuhtimine, kodanikuühiskond ja õigus"
governance,bonava eesti,0,42,1,213,0.19718309859154928,0.0,0.0,-1.0,0.0,0.036799382503607016,-0.0,"Riigijuhtimine, kodanikuühiskond ja õigus"
governance,confido,0,42,1,213,0.19718309859154928,0.0,0.0,-1.0,0.0,0.036799382503607016,-0.0,"Riigijuhtimine, kodanikuühiskond ja õigus"
governance,confido meditsiinikeskus,0,42,1,213,0.19718309859154928,0.0,0.0,-1.0,0.0,0.036799382503607016,-0.0,"Riigijuhtimine, kodanikuühiskond ja õigus"
governance,eena (eesti ettevõtlike naiste assotsiatsioon),0,42,1,213,0.19718309859154928,0.0,0.0,-1.0,0.0,0.036799382503607016,-0.0,"Riigijuhtimine, kodanikuühiskond ja õigus"
governance,eesti ametiühingute keskliit,0,42,1,213,0.19718309859154928,0.0,0.0,-1.0,0.0,0.036799382503607016,-0.0,"Riigijuhtimine, kodanikuühiskond ja õigus"
governance,eesti arhitektide liit / maa- ja ruumiamet,1,42,1,213,0.19718309859154928,5.071428571428572,0.023809523809523808,0.30284164661099255,0.30284164661099255,0.2662053993432979,0.05047360776849876,"Riigijuhtimine, kodanikuühiskond ja õigus"
governance,eesti arhitektide liit mtü,0,42,1,213,0.19718309859154928,0.0,0.0,-1.0,0.0,0.036799382503607016,-0.0,"Riigijuhtimine, kodanikuühiskond ja õigus"
governance,eesti e-residentsuse programm,1,42,8,213,1.5774647887323943,0.6339285714285715,0.02040816326530612,-0.08502036079458161,0.0,-0.036720082005369255,-0.014170060132430268,"Riigijuhtimine, kodanikuühiskond ja õigus"
governance,eesti hambaarstide liit,0,42,2,213,0.39436619718309857,0.0,0.0,-1.0,0.0,-0.030067284793125905,-0.0,"Riigijuhtimine, kodanikuühiskond ja õigus"
governance,eesti interneti sa,0,42,3,213,0.5915492957746479,0.0,0.0,-1.0,0.0,-0.07750994025519894,-0.0,"Riigijuhtimine, kodanikuühiskond ja õigus"
governance,eesti jõujaamade ja kaugkütte ühing,0,42,1,213,0.19718309859154928,0.0,0.0,-1.0,0.0,0.036799382503607016,-0.0,"Riigijuhtimine, kodanikuühiskond ja õigus"
governance,eesti kaitsevägi,0,42,2,213,0.39436619718309857,0.0,0.0,-1.0,0.0,-0.030067284793125905,-0.0,"Riigijuhtimine, kodanikuühiskond ja õigus"
governance,eesti kaubandus-tööstuskoda,0,42,1,213,0.19718309859154928,0.0,0.0,-1.0,0.0,0.036799382503607016,-0.0,"Riigijuhtimine, kodanikuühiskond ja õigus"
governance,eesti keele instituut,0,42,1,213,0.19718309859154928,0.0,0.0,-1.0,0.0,0.036799382503607016,-0.0,"Riigijuhtimine, kodanikuühiskond ja õigus"
governance,eesti kohtud,1,42,1,213,0.19718309859154928,5.071428571428572,0.023809523809523808,0.30284164661099255,0.30284164661099255,0.2662053993432979,0.05047360776849876,"Riigijuhtimine, kodanikuühiskond ja õigus"
governance,eesti kultuuri koda,0,42,1,213,0.19718309859154928,0.0,0.0,-1.0,0.0,0.036799382503607016,-0.0,"Riigijuhtimine, kodanikuühiskond ja õigus"
governance,eesti kunstikoolide liidu noorteühendus,1,42,1,213,0.19718309859154928,5.071428571428572,0.023809523809523808,0.30284164661099255,0.30284164661099255,0.2662053993432979,0.05047360776849876,"Riigijuhtimine, kodanikuühiskond ja õigus"
governance,eesti kunstikoolide liit (noored),0,42,1,213,0.19718309859154928,0.0,0.0,-1.0,0.0,0.036799382503607016,-0.0,"Riigijuhtimine, kodanikuühiskond ja õigus"
governance,eesti lastehoidude liit,0,42,2,213,0.39436619718309857,0.0,0.0,-1.0,0.0,-0.030067284793125905,-0.0,"Riigijuhtimine, kodanikuühiskond ja õigus"
governance,eesti loomaarstide koda (elk),0,42,1,213,0.19718309859154928,0.0,0.0,-1.0,0.0,0.036799382503607016,-0.0,"Riigijuhtimine, kodanikuühiskond ja õigus"
governance,eesti maaülikool,0,42,2,213,0.39436619718309857,0.0,0.0,-1.0,0.0,-0.030067284793125905,-0.0,"Riigijuhtimine, kodanikuühiskond ja õigus"
governance,"eesti maaülikool, veterinaarmeditsiini ja loomakasvatuse instituut",0,42,1,213,0.19718309859154928,0.0,0.0,-1.0,0.0,0.036799382503607016,-0.0,"Riigijuhtimine, kodanikuühiskond ja õigus"
governance,eesti matemaatika selts,0,42,1,213,0.19718309859154928,0.0,0.0,-1.0,0.0,0.036799382503607016,-0.0,"Riigijuhtimine, kodanikuühiskond ja õigus"
governance,eesti montessori ühing,0,42,1,213,0.19718309859154928,0.0,0.0,-1.0,0.0,0.036799382503607016,-0.0,"Riigijuhtimine, kodanikuühiskond ja õigus"
governance,eesti muuseumiühing ja eesti muuseumide liit,0,42,1,213,0.19718309859154928,0.0,0.0,-1.0,0.0,0.036799382503607016,-0.0,"Riigijuhtimine, kodanikuühiskond ja õigus"
governance,eesti muuseumiühing koostöös eesti muuseumide liiduga,0,42,1,213,0.19718309859154928,0.0,0.0,-1.0,0.0,0.036799382503607016,-0.0,"Riigijuhtimine, kodanikuühiskond ja õigus"
governance,eesti nato ühing,1,42,1,213,0.19718309859154928,5.071428571428572,0.023809523809523808,0.30284164661099255,0.30284164661099255,0.2662053993432979,0.05047360776849876,"Riigijuhtimine, kodanikuühiskond ja õigus"
governance,eesti noorteühenduste liit,1,42,1,213,0.19718309859154928,5.071428571428572,0.023809523809523808,0.30284164661099255,0.30284164661099255,0.2662053993432979,0.05047360776849876,"Riigijuhtimine, kodanikuühiskond ja õigus"
governance,eesti personalijuhtimise ühing pare,2,42,9,213,1.7746478873239437,1.126984126984127,0.04081632653061224,0.025608705605778166,0.025608705605778166,0.050095678776976564,0.007316773030222333,"Riigijuhtimine, kodanikuühiskond ja õigus"
governance,eesti personalijuhtimise ühing pare ja tööinspektsioon,0,42,9,213,1.7746478873239437,0.0,0.0,-1.0,0.0,-0.2286186455176119,-0.0,"Riigijuhtimine, kodanikuühiskond ja õigus"
governance,"eesti puuetega naiste ühenduste liit, helpific mtü",0,42,1,213,0.19718309859154928,0.0,0.0,-1.0,0.0,0.036799382503607016,-0.0,"Riigijuhtimine, kodanikuühiskond ja õigus"
governance,eesti roheline liikumine,2,42,2,213,0.39436619718309857,5.071428571428572,0.047619047619047616,0.3478089375096961,0.3478089375096961,0.3203873117034396,0.09937398214562745,"Riigijuhtimine, kodanikuühiskond ja õigus"
governance,eesti seksuaaltervise liit,0,42,2,213,0.39436619718309857,0.0,0.0,-1.0,0.0,-0.030067284793125905,-0.0,"Riigijuhtimine, kodanikuühiskond ja õigus"
governance,eesti sõjamuuseum,0,42,1,213,0.19718309859154928,0.0,0.0,-1.0,0.0,0.036799382503607016,-0.0,"Riigijuhtimine, kodanikuühiskond ja õigus"
governance,eesti tervisemajanduse koda (health founders estonia),0,42,1,213,0.19718309859154928,0.0,0.0,-1.0,0.0,0.036799382503607016,-0.0,"Riigijuhtimine, kodanikuühiskond ja õigus"
governance,eesti tervisemajanduse koda (health founders),0,42,1,213,0.19718309859154928,0.0,0.0,-1.0,0.0,0.036799382503607016,-0.0,"Riigijuhtimine, kodanikuühiskond ja õigus"
governance,eesti tuuleenergia assotsiatsioon,0,42,2,213,0.39436619718309857,0.0,0.0,-1.0,0.0,-0.030067284793125905,-0.0,"Riigijuhtimine, kodanikuühiskond ja õigus"
governance,eesti urantia assotsiatsioon mtü,1,42,1,213,0.19718309859154928,5.071428571428572,0.023809523809523808,0.30284164661099255,0.30284164661099255,0.2662053993432979,0.05047360776849876,"Riigijuhtimine, kodanikuühiskond ja õigus"
governance,eesti vaimse tervise ja heaolu koalitsioon vatek,0,42,1,213,0.19718309859154928,0.0,0.0,-1.0,0.0,0.036799382503607016,-0.0,"Riigijuhtimine, kodanikuühiskond ja õigus"
governance,eesti vähitõrje võrgustik (estcan),0,42,5,213,0.9859154929577465,0.0,0.0,-1.0,0.0,-0.14437660755193188,-0.0,"Riigijuhtimine, kodanikuühiskond ja õigus"
governance,eesti väitlusselts,0,42,1,213,0.19718309859154928,0.0,0.0,-1.0,0.0,0.036799382503607016,-0.0,"Riigijuhtimine, kodanikuühiskond ja õigus"
governance,eesti õigusteaduse üliõpilaste liit,2,42,2,213,0.39436619718309857,5.071428571428572,0.047619047619047616,0.3478089375096961,0.3478089375096961,0.3203873117034396,0.09937398214562745,"Riigijuhtimine, kodanikuühiskond ja õigus"
governance,"eesti õigusteaduse üliõpilaste liit, rahvusvaheliste suhete ring, feministeerium",0,42,1,213,0.19718309859154928,0.0,0.0,-1.0,0.0,0.036799382503607016,-0.0,"Riigijuhtimine, kodanikuühiskond ja õigus"
governance,eesti õpilasesinduste liit,0,42,1,213,0.19718309859154928,0.0,0.0,-1.0,0.0,0.036799382503607016,-0.0,"Riigijuhtimine, kodanikuühiskond ja õigus"
governance,eesti üliõpilaskondade liit,0,42,2,213,0.39436619718309857,0.0,0.0,-1.0,0.0,-0.030067284793125905,-0.0,"Riigijuhtimine, kodanikuühiskond ja õigus"
governance,eesti üro ühing,0,42,2,213,0.39436619718309857,0.0,0.0,-1.0,0.0,-0.030067284793125905,-0.0,"Riigijuhtimine, kodanikuühiskond ja õigus"
governance,eestimaa looduse fond,1,42,2,213,0.39436619718309857,2.535714285714286,0.023255813953488372,0.1735543108091345,0.1735543108091345,0.18454356910303876,0.028925718468189084,"Riigijuhtimine, kodanikuühiskond ja õigus"
governance,efektiivne altruism eesti,2,42,2,213,0.39436619718309857,5.071428571428572,0.047619047619047616,0.3478089375096961,0.3478089375096961,0.3203873117034396,0.09937398214562745,"Riigijuhtimine, kodanikuühiskond ja õigus"
governance,elisabeth luisk,0,42,1,213,0.19718309859154928,0.0,0.0,-1.0,0.0,0.036799382503607016,-0.0,"Riigijuhtimine, kodanikuühiskond ja õigus"
governance,emn eesti,0,42,1,213,0.19718309859154928,0.0,0.0,-1.0,0.0,0.036799382503607016,-0.0,"Riigijuhtimine, kodanikuühiskond ja õigus"
governance,eurooopa parlamendi büroo eestis,0,42,1,213,0.19718309859154928,0.0,0.0,-1.0,0.0,0.036799382503607016,-0.0,"Riigijuhtimine, kodanikuühiskond ja õigus"
governance,euroopa komisjoni eesti esindus,0,42,1,213,0.19718309859154928,0.0,0.0,-1.0,0.0,0.036799382503607016,-0.0,"Riigijuhtimine, kodanikuühiskond ja õigus"
governance,"euroopa rändevõrgustiku eesti kontaktpunkt (emn eesti), sisekaitseakadeemia, haridus- ja noorteamet",0,42,1,213,0.19718309859154928,0.0,0.0,-1.0,0.0,0.036799382503607016,-0.0,"Riigijuhtimine, kodanikuühiskond ja õigus"
governance,fenno-ugria asutus,0,42,1,213,0.19718309859154928,0.0,0.0,-1.0,0.0,0.036799382503607016,-0.0,"Riigijuhtimine, kodanikuühiskond ja õigus"
governance,filmifestival horisont,0,42,1,213,0.19718309859154928,0.0,0.0,-1.0,0.0,0.036799382503607016,-0.0,"Riigijuhtimine, kodanikuühiskond ja õigus"
governance,fridays for future eesti (mtü loodusvõlu),1,42,3,213,0.5915492957746479,1.6904761904761905,0.022727272727272728,0.09792606754690376,0.09792606754690376,0.12660357847514914,0.016321011257817295,"Riigijuhtimine, kodanikuühiskond ja õigus"
governance,geoteaduste üliõpilaste selts,1,42,1,213,0.19718309859154928,5.071428571428572,0.023809523809523808,0.30284164661099255,0.30284164661099255,0.2662053993432979,0.05047360776849876,"Riigijuhtimine, kodanikuühiskond ja õigus"
governance,heaoluteaduste tippkeskus estwell,0,42,1,213,0.19718309859154928,0.0,0.0,-1.0,0.0,0.036799382503607016,-0.0,"Riigijuhtimine, kodanikuühiskond ja õigus"
governance,integratsiooni sihtasutus,0,42,1,213,0.19718309859154928,0.0,0.0,-1.0,0.0,0.036799382503607016,-0.0,"Riigijuhtimine, kodanikuühiskond ja õigus"
governance,justiits- ja digiministeerium,1,42,2,213,0.39436619718309857,2.535714285714286,0.023255813953488372,0.1735543108091345,0.1735543108091345,0.18454356910303876,0.028925718468189084,"Riigijuhtimine, kodanikuühiskond ja õigus"
governance,kaitseliit,0,42,1,213,0.19718309859154928,0.0,0.0,-1.0,0.0,0.036799382503607016,-0.0,"Riigijuhtimine, kodanikuühiskond ja õigus"
governance,kaitseministeerium,0,42,1,213,0.19718309859154928,0.0,0.0,-1.0,0.0,0.036799382503607016,-0.0,"Riigijuhtimine, kodanikuühiskond ja õigus"
governance,kaitseministeerium ja parempoolsed,1,42,1,213,0.19718309859154928,5.071428571428572,0.023809523809523808,0.30284164661099255,0.30284164661099255,0.2662053993432979,0.05047360776849876,"Riigijuhtimine, kodanikuühiskond ja õigus"
governance,kaitseressursside amet,0,42,1,213,0.19718309859154928,0.0,0.0,-1.0,0.0,0.036799382503607016,-0.0,"Riigijuhtimine, kodanikuühiskond ja õigus"
governance,kaja pae,0,42,1,213,0.19718309859154928,0.0,0.0,-1.0,0.0,0.036799382503607016,-0.0,"Riigijuhtimine, kodanikuühiskond ja õigus"
governance,keskkonnainvesteeringute keskus,1,42,2,213,0.39436619718309857,2.535714285714286,0.023255813953488372,0.1735543108091345,0.1735543108091345,0.18454356910303876,0.028925718468189084,"Riigijuhtimine, kodanikuühiskond ja õigus"
governance,keskkonnainvesteeringute keskus (kik),0,42,1,213,0.19718309859154928,0.0,0.0,-1.0,0.0,0.036799382503607016,-0.0,"Riigijuhtimine, kodanikuühiskond ja õigus"
governance,kogu ala ühispaneel,0,42,1,213,0.19718309859154928,0.0,0.0,-1.0,0.0,0.036799382503607016,-0.0,"Riigijuhtimine, kodanikuühiskond ja õigus"
governance,kood/järva,0,42,1,213,0.19718309859154928,0.0,0.0,-1.0,0.0,0.036799382503607016,-0.0,"Riigijuhtimine, kodanikuühiskond ja õigus"
governance,kood/jõhvi,0,42,1,213,0.19718309859154928,0.0,0.0,-1.0,0.0,0.036799382503607016,-0.0,"Riigijuhtimine, kodanikuühiskond ja õigus"
governance,kood/jõhvi ja haridus- ja noorteamet,0,42,1,213,0.19718309859154928,0.0,0.0,-1.0,0.0,0.036799382503607016,-0.0,"Riigijuhtimine, kodanikuühiskond ja õigus"
governance,korruptsioonivaba eesti mtü,0,42,1,213,0.19718309859154928,0.0,0.0,-1.0,0.0,0.036799382503607016,-0.0,"Riigijuhtimine, kodanikuühiskond ja õigus"
governance,kultuuriministeerium,0,42,1,213,0.19718309859154928,0.0,0.0,-1.0,0.0,0.036799382503607016,-0.0,"Riigijuhtimine, kodanikuühiskond ja õigus"
governance,lasteklubi väike päike,0,42,3,213,0.5915492957746479,0.0,0.0,-1.0,0.0,-0.07750994025519894,-0.0,"Riigijuhtimine, kodanikuühiskond ja õigus"
governance,loodushoiu fond,0,42,1,213,0.19718309859154928,0.0,0.0,-1.0,0.0,0.036799382503607016,-0.0,"Riigijuhtimine, kodanikuühiskond ja õigus"
governance,loomus mtü,0,42,1,213,0.19718309859154928,0.0,0.0,-1.0,0.0,0.036799382503607016,-0.0,"Riigijuhtimine, kodanikuühiskond ja õigus"
governance,magnum as,0,42,2,213,0.39436619718309857,0.0,0.0,-1.0,0.0,-0.030067284793125905,-0.0,"Riigijuhtimine, kodanikuühiskond ja õigus"
governance,maililii oü,0,42,1,213,0.19718309859154928,0.0,0.0,-1.0,0.0,0.036799382503607016,-0.0,"Riigijuhtimine, kodanikuühiskond ja õigus"
governance,meta advisory oü,1,42,1,213,0.19718309859154928,5.071428571428572,0.023809523809523808,0.30284164661099255,0.30284164661099255,0.2662053993432979,0.05047360776849876,"Riigijuhtimine, kodanikuühiskond ja õigus"
governance,mtü arvamusfestival,3,42,4,213,0.7887323943661971,3.803571428571429,0.06976744186046512,0.3134038946179414,0.3134038946179414,0.30422558974075176,0.11752646048172802,"Riigijuhtimine, kodanikuühiskond ja õigus"
governance,mtü eesti jõujaamade ja kaugkütte ühing,0,42,1,213,0.19718309859154928,0.0,0.0,-1.0,0.0,0.036799382503607016,-0.0,"Riigijuhtimine, kodanikuühiskond ja õigus"
governance,mtü eesti psühholoogiaüliõpilaste ühendus,0,42,1,213,0.19718309859154928,0.0,0.0,-1.0,0.0,0.036799382503607016,-0.0,"Riigijuhtimine, kodanikuühiskond ja õigus"
governance,mtü eesti taastuvenergia koda,0,42,7,213,1.380281690140845,0.0,0.0,-1.0,0.0,-0.1918192630140049,-0.0,"Riigijuhtimine, kodanikuühiskond ja õigus"
governance,"mtü esto-rada, multikey online school",0,42,1,213,0.19718309859154928,0.0,0.0,-1.0,0.0,0.036799382503607016,-0.0,"Riigijuhtimine, kodanikuühiskond ja õigus"
governance,mtü kodanikupalga ümarlaud eestis,0,42,1,213,0.19718309859154928,0.0,0.0,-1.0,0.0,0.036799382503607016,-0.0,"Riigijuhtimine, kodanikuühiskond ja õigus"
governance,mtü lastekaitse liit,0,42,1,213,0.19718309859154928,0.0,0.0,-1.0,0.0,0.036799382503607016,-0.0,"Riigijuhtimine, kodanikuühiskond ja õigus"
governance,mtü lastekaitse liit ja tallinna raamatukogud,0,42,1,213,0.19718309859154928,0.0,0.0,-1.0,0.0,0.036799382503607016,-0.0,"Riigijuhtimine, kodanikuühiskond ja õigus"
governance,mtü progressiivne liikumine,1,42,2,213,0.39436619718309857,2.535714285714286,0.023255813953488372,0.1735543108091345,0.1735543108091345,0.18454356910303876,0.028925718468189084,"Riigijuhtimine, kodanikuühiskond ja õigus"
governance,mtü teadveloleku kompetentsikeskus toko,0,42,1,213,0.19718309859154928,0.0,0.0,-1.0,0.0,0.036799382503607016,-0.0,"Riigijuhtimine, kodanikuühiskond ja õigus"
governance,novartis,0,42,1,213,0.19718309859154928,0.0,0.0,-1.0,0.0,0.036799382503607016,-0.0,"Riigijuhtimine, kodanikuühiskond ja õigus"
governance,paide gümnaasium,0,42,3,213,0.5915492957746479,0.0,0.0,-1.0,0.0,-0.07750994025519894,-0.0,"Riigijuhtimine, kodanikuühiskond ja õigus"
governance,pullivara group,0,42,1,213,0.19718309859154928,0.0,0.0,-1.0,0.0,0.036799382503607016,-0.0,"Riigijuhtimine, kodanikuühiskond ja õigus"
governance,päästame eesti metsad mtü,0,42,1,213,0.19718309859154928,0.0,0.0,-1.0,0.0,0.036799382503607016,-0.0,"Riigijuhtimine, kodanikuühiskond ja õigus"
governance,põllumajandus- ja toiduamet,1,42,1,213,0.19718309859154928,5.071428571428572,0.023809523809523808,0.30284164661099255,0.30284164661099255,0.2662053993432979,0.05047360776849876,"Riigijuhtimine, kodanikuühiskond ja õigus"
governance,rail baltic estonia,1,42,2,213,0.39436619718309857,2.535714285714286,0.023255813953488372,0.1735543108091345,0.1735543108091345,0.18454356910303876,0.028925718468189084,"Riigijuhtimine, kodanikuühiskond ja õigus"
governance,regionaal- ja põllumajandusministeerium,0,42,1,213,0.19718309859154928,0.0,0.0,-1.0,0.0,0.036799382503607016,-0.0,"Riigijuhtimine, kodanikuühiskond ja õigus"
governance,roche,0,42,1,213,0.19718309859154928,0.0,0.0,-1.0,0.0,0.036799382503607016,-0.0,"Riigijuhtimine, kodanikuühiskond ja õigus"
governance,roche eesti oü,0,42,1,213,0.19718309859154928,0.0,0.0,-1.0,0.0,0.036799382503607016,-0.0,"Riigijuhtimine, kodanikuühiskond ja õigus"
governance,sa õpilasmalev,0,42,1,213,0.19718309859154928,0.0,0.0,-1.0,0.0,0.036799382503607016,-0.0,"Riigijuhtimine, kodanikuühiskond ja õigus"
governance,saaremaa gümnaasiumi õpilasesindus,0,42,1,213,0.19718309859154928,0.0,0.0,-1.0,0.0,0.036799382503607016,-0.0,"Riigijuhtimine, kodanikuühiskond ja õigus"
governance,sihtasutus eesti teadusagentuur (etag),0,42,2,213,0.39436619718309857,0.0,0.0,-1.0,0.0,-0.030067284793125905,-0.0,"Riigijuhtimine, kodanikuühiskond ja õigus"
governance,sihtasutus iga laps on andekas,0,42,1,213,0.19718309859154928,0.0,0.0,-1.0,0.0,0.036799382503607016,-0.0,"Riigijuhtimine, kodanikuühiskond ja õigus"
governance,sihtasutus järvamaa,0,42,1,213,0.19718309859154928,0.0,0.0,-1.0,0.0,0.036799382503607016,-0.0,"Riigijuhtimine, kodanikuühiskond ja õigus"
governance,sihtasutus roheriiger,1,42,1,213,0.19718309859154928,5.071428571428572,0.023809523809523808,0.30284164661099255,0.30284164661099255,0.2662053993432979,0.05047360776849876,"Riigijuhtimine, kodanikuühiskond ja õigus"
governance,sihtasutus rohetiiger,2,42,3,213,0.5915492957746479,3.380952380952381,0.046511627906976744,0.2609510722552859,0.2609510722552859,0.2558027489564471,0.07455744921579598,"Riigijuhtimine, kodanikuühiskond ja õigus"
governance,siseministeerium,1,42,1,213,0.19718309859154928,5.071428571428572,0.023809523809523808,0.30284164661099255,0.30284164661099255,0.2662053993432979,0.05047360776849876,"Riigijuhtimine, kodanikuühiskond ja õigus"
governance,synlab,0,42,1,213,0.19718309859154928,0.0,0.0,-1.0,0.0,0.036799382503607016,-0.0,"Riigijuhtimine, kodanikuühiskond ja õigus"
governance,taastuvenergia koda,1,42,1,213,0.19718309859154928,5.071428571428572,0.023809523809523808,0.30284164661099255,0.30284164661099255,0.2662053993432979,0.05047360776849876,"Riigijuhtimine, kodanikuühiskond ja õigus"
governance,tallinna ettevõtlusinkubaator,0,42,1,213,0.19718309859154928,0.0,0.0,-1.0,0.0,0.036799382503607016,-0.0,"Riigijuhtimine, kodanikuühiskond ja õigus"
governance,tallinna lastekodu,0,42,1,213,0.19718309859154928,0.0,0.0,-1.0,0.0,0.036799382503607016,-0.0,"Riigijuhtimine, kodanikuühiskond ja õigus"
governance,tallinna tehnikaülikool,1,42,1,213,0.19718309859154928,5.071428571428572,0.023809523809523808,0.30284164661099255,0.30284164661099255,0.2662053993432979,0.05047360776849876,"Riigijuhtimine, kodanikuühiskond ja õigus"
governance,"tallinna tehnikaülikool, vastutustundliku majanduse ja esg fookustippkeskus",0,42,1,213,0.19718309859154928,0.0,0.0,-1.0,0.0,0.036799382503607016,-0.0,"Riigijuhtimine, kodanikuühiskond ja õigus"
governance,tallinna vesi,0,42,2,213,0.39436619718309857,0.0,0.0,-1.0,0.0,-0.030067284793125905,-0.0,"Riigijuhtimine, kodanikuühiskond ja õigus"
governance,"tallinna ülikool, tartu ülikool, eesti maaülikool",0,42,1,213,0.19718309859154928,0.0,0.0,-1.0,0.0,0.036799382503607016,-0.0,"Riigijuhtimine, kodanikuühiskond ja õigus"
governance,taltech,0,42,1,213,0.19718309859154928,0.0,0.0,-1.0,0.0,0.036799382503607016,-0.0,"Riigijuhtimine, kodanikuühiskond ja õigus"
governance,tartu kristjan jaak petersoni gümnaasium / kultuuriministeerium,0,42,1,213,0.19718309859154928,0.0,0.0,-1.0,0.0,0.036799382503607016,-0.0,"Riigijuhtimine, kodanikuühiskond ja õigus"
governance,tartu ülikool,1,42,1,213,0.19718309859154928,5.071428571428572,0.023809523809523808,0.30284164661099255,0.30284164661099255,0.2662053993432979,0.05047360776849876,"Riigijuhtimine, kodanikuühiskond ja õigus"
governance,tartumaa omavalitsuste liit,0,42,2,213,0.39436619718309857,0.0,0.0,-1.0,0.0,-0.030067284793125905,-0.0,"Riigijuhtimine, kodanikuühiskond ja õigus"
governance,telia,0,42,5,213,0.9859154929577465,0.0,0.0,-1.0,0.0,-0.14437660755193188,-0.0,"Riigijuhtimine, kodanikuühiskond ja õigus"
governance,"telia, eesti interneti sihtasutus",0,42,1,213,0.19718309859154928,0.0,0.0,-1.0,0.0,0.036799382503607016,-0.0,"Riigijuhtimine, kodanikuühiskond ja õigus"
governance,tervise tuleviku ala korraldajate ühispaneel,0,42,1,213,0.19718309859154928,0.0,0.0,-1.0,0.0,0.036799382503607016,-0.0,"Riigijuhtimine, kodanikuühiskond ja õigus"
governance,tuum consulting,1,42,1,213,0.19718309859154928,5.071428571428572,0.023809523809523808,0.30284164661099255,0.30284164661099255,0.2662053993432979,0.05047360776849876,"Riigijuhtimine, kodanikuühiskond ja õigus"
governance,vabaühenduste liit,2,42,2,213,0.39436619718309857,5.071428571428572,0.047619047619047616,0.3478089375096961,0.3478089375096961,0.3203873117034396,0.09937398214562745,"Riigijuhtimine, kodanikuühiskond ja õigus"
governance,vau haldus,0,42,1,213,0.19718309859154928,0.0,0.0,-1.0,0.0,0.036799382503607016,-0.0,"Riigijuhtimine, kodanikuühiskond ja õigus"
governance,vindr baltic oü ja vkg,0,42,1,213,0.19718309859154928,0.0,0.0,-1.0,0.0,0.036799382503607016,-0.0,"Riigijuhtimine, kodanikuühiskond ja õigus"
governance,välisministeerium,1,42,6,213,1.1830985915492958,0.8452380952380952,0.02127659574468085,-0.031361268254954305,0.0,0.013895361269045284,-0.0052268780424923845,"Riigijuhtimine, kodanikuühiskond ja õigus"
governance,välisministeerium & rahvusvaheliste suhete ring,0,42,1,213,0.19718309859154928,0.0,0.0,-1.0,0.0,0.036799382503607016,-0.0,"Riigijuhtimine, kodanikuühiskond ja õigus"
governance,ühendus kultuuritahe,1,42,3,213,0.5915492957746479,1.6904761904761905,0.022727272727272728,0.09792606754690376,0.09792606754690376,0.12660357847514914,0.016321011257817295,"Riigijuhtimine, kodanikuühiskond ja õigus"
governance,üro pagulasamet,0,42,1,213,0.19718309859154928,0.0,0.0,-1.0,0.0,0.036799382503607016,-0.0,"Riigijuhtimine, kodanikuühiskond ja õigus"
healthcare,adven eesti as,0,29,2,213,0.27230046948356806,0.0,0.0,-1.0,0.0,0.02930202359128551,-0.0,"Tervishoid, ravi ja terviseandmed"
healthcare,allium upi oü,1,29,1,213,0.13615023474178403,7.344827586206897,0.034482758620689655,0.371924579763897,0.371924579763897,0.3387109776646252,0.061987429960649494,"Tervishoid, ravi ja terviseandmed"
healthcare,apotheka,0,29,1,213,0.13615023474178403,0.0,0.0,-1.0,0.0,0.09616869088801842,-0.0,"Tervishoid, ravi ja terviseandmed"
healthcare,arengukoostöö ümarlaud (akü),0,29,1,213,0.13615023474178403,0.0,0.0,-1.0,0.0,0.09616869088801842,-0.0,"Tervishoid, ravi ja terviseandmed"
healthcare,avatud eesti fond,0,29,1,213,0.13615023474178403,0.0,0.0,-1.0,0.0,0.09616869088801842,-0.0,"Tervishoid, ravi ja terviseandmed"
healthcare,bonava eesti,0,29,1,213,0.13615023474178403,0.0,0.0,-1.0,0.0,0.09616869088801842,-0.0,"Tervishoid, ravi ja terviseandmed"
healthcare,confido,0,29,1,213,0.13615023474178403,0.0,0.0,-1.0,0.0,0.09616869088801842,-0.0,"Tervishoid, ravi ja terviseandmed"
healthcare,confido meditsiinikeskus,1,29,1,213,0.13615023474178403,7.344827586206897,0.034482758620689655,0.371924579763897,0.371924579763897,0.3387109776646252,0.061987429960649494,"Tervishoid, ravi ja terviseandmed"
healthcare,eena (eesti ettevõtlike naiste assotsiatsioon),0,29,1,213,0.13615023474178403,0.0,0.0,-1.0,0.0,0.09616869088801842,-0.0,"Tervishoid, ravi ja terviseandmed"
healthcare,eesti ametiühingute keskliit,0,29,1,213,0.13615023474178403,0.0,0.0,-1.0,0.0,0.09616869088801842,-0.0,"Tervishoid, ravi ja terviseandmed"
healthcare,eesti arhitektide liit / maa- ja ruumiamet,0,29,1,213,0.13615023474178403,0.0,0.0,-1.0,0.0,0.09616869088801842,-0.0,"Tervishoid, ravi ja terviseandmed"
healthcare,eesti arhitektide liit mtü,0,29,1,213,0.13615023474178403,0.0,0.0,-1.0,0.0,0.09616869088801842,-0.0,"Tervishoid, ravi ja terviseandmed"
healthcare,eesti e-residentsuse programm,0,29,8,213,1.0892018779342723,0.0,0.0,-1.0,0.0,-0.15187396646425336,-0.0,"Tervishoid, ravi ja terviseandmed"
healthcare,eesti hambaarstide liit,2,29,2,213,0.27230046948356806,7.344827586206897,0.06896551724137931,0.4271496155467204,0.4271496155467204,0.40120784725849173,0.12204274729906296,"Tervishoid, ravi ja terviseandmed"
healthcare,eesti interneti sa,1,29,3,213,0.4084507042253521,2.4482758620689653,0.03225806451612903,0.16700900069980815,0.16700900069980815,0.19910915679647645,0.027834833449968024,"Tervishoid, ravi ja terviseandmed"
healthcare,eesti jõujaamade ja kaugkütte ühing,0,29,1,213,0.13615023474178403,0.0,0.0,-1.0,0.0,0.09616869088801842,-0.0,"Tervishoid, ravi ja terviseandmed"
healthcare,eesti kaitsevägi,0,29,2,213,0.27230046948356806,0.0,0.0,-1.0,0.0,0.02930202359128551,-0.0,"Tervishoid, ravi ja terviseandmed"
healthcare,eesti kaubandus-tööstuskoda,0,29,1,213,0.13615023474178403,0.0,0.0,-1.0,0.0,0.09616869088801842,-0.0,"Tervishoid, ravi ja terviseandmed"
healthcare,eesti keele instituut,0,29,1,213,0.13615023474178403,0.0,0.0,-1.0,0.0,0.09616869088801842,-0.0,"Tervishoid, ravi ja terviseandmed"
healthcare,eesti kohtud,0,29,1,213,0.13615023474178403,0.0,0.0,-1.0,0.0,0.09616869088801842,-0.0,"Tervishoid, ravi ja terviseandmed"
healthcare,eesti kultuuri koda,0,29,1,213,0.13615023474178403,0.0,0.0,-1.0,0.0,0.09616869088801842,-0.0,"Tervishoid, ravi ja terviseandmed"
healthcare,eesti kunstikoolide liidu noorteühendus,0,29,1,213,0.13615023474178403,0.0,0.0,-1.0,0.0,0.09616869088801842,-0.0,"Tervishoid, ravi ja terviseandmed"
healthcare,eesti kunstikoolide liit (noored),0,29,1,213,0.13615023474178403,0.0,0.0,-1.0,0.0,0.09616869088801842,-0.0,"Tervishoid, ravi ja terviseandmed"
healthcare,eesti lastehoidude liit,0,29,2,213,0.27230046948356806,0.0,0.0,-1.0,0.0,0.02930202359128551,-0.0,"Tervishoid, ravi ja terviseandmed"
healthcare,eesti loomaarstide koda (elk),1,29,1,213,0.13615023474178403,7.344827586206897,0.034482758620689655,0.371924579763897,0.371924579763897,0.3387109776646252,0.061987429960649494,"Tervishoid, ravi ja terviseandmed"
healthcare,eesti maaülikool,0,29,2,213,0.27230046948356806,0.0,0.0,-1.0,0.0,0.02930202359128551,-0.0,"Tervishoid, ravi ja terviseandmed"
healthcare,"eesti maaülikool, veterinaarmeditsiini ja loomakasvatuse instituut",0,29,1,213,0.13615023474178403,0.0,0.0,-1.0,0.0,0.09616869088801842,-0.0,"Tervishoid, ravi ja terviseandmed"
healthcare,eesti matemaatika selts,0,29,1,213,0.13615023474178403,0.0,0.0,-1.0,0.0,0.09616869088801842,-0.0,"Tervishoid, ravi ja terviseandmed"
healthcare,eesti montessori ühing,0,29,1,213,0.13615023474178403,0.0,0.0,-1.0,0.0,0.09616869088801842,-0.0,"Tervishoid, ravi ja terviseandmed"
healthcare,eesti muuseumiühing ja eesti muuseumide liit,0,29,1,213,0.13615023474178403,0.0,0.0,-1.0,0.0,0.09616869088801842,-0.0,"Tervishoid, ravi ja terviseandmed"
healthcare,eesti muuseumiühing koostöös eesti muuseumide liiduga,0,29,1,213,0.13615023474178403,0.0,0.0,-1.0,0.0,0.09616869088801842,-0.0,"Tervishoid, ravi ja terviseandmed"
healthcare,eesti nato ühing,0,29,1,213,0.13615023474178403,0.0,0.0,-1.0,0.0,0.09616869088801842,-0.0,"Tervishoid, ravi ja terviseandmed"
healthcare,eesti noorteühenduste liit,0,29,1,213,0.13615023474178403,0.0,0.0,-1.0,0.0,0.09616869088801842,-0.0,"Tervishoid, ravi ja terviseandmed"
healthcare,eesti personalijuhtimise ühing pare,0,29,9,213,1.2253521126760563,0.0,0.0,-1.0,0.0,-0.16924933713320053,-0.0,"Tervishoid, ravi ja terviseandmed"
healthcare,eesti personalijuhtimise ühing pare ja tööinspektsioon,1,29,9,213,1.2253521126760563,0.8160919540229885,0.02702702702702703,-0.03790657836428066,0.0,0.014565587693437687,-0.006317763060713443,"Tervishoid, ravi ja terviseandmed"
healthcare,"eesti puuetega naiste ühenduste liit, helpific mtü",1,29,1,213,0.13615023474178403,7.344827586206897,0.034482758620689655,0.371924579763897,0.371924579763897,0.3387109776646252,0.061987429960649494,"Tervishoid, ravi ja terviseandmed"
healthcare,eesti roheline liikumine,0,29,2,213,0.27230046948356806,0.0,0.0,-1.0,0.0,0.02930202359128551,-0.0,"Tervishoid, ravi ja terviseandmed"
healthcare,eesti seksuaaltervise liit,0,29,2,213,0.27230046948356806,0.0,0.0,-1.0,0.0,0.02930202359128551,-0.0,"Tervishoid, ravi ja terviseandmed"
healthcare,eesti sõjamuuseum,0,29,1,213,0.13615023474178403,0.0,0.0,-1.0,0.0,0.09616869088801842,-0.0,"Tervishoid, ravi ja terviseandmed"
healthcare,eesti tervisemajanduse koda (health founders estonia),1,29,1,213,0.13615023474178403,7.344827586206897,0.034482758620689655,0.371924579763897,0.371924579763897,0.3387109776646252,0.061987429960649494,"Tervishoid, ravi ja terviseandmed"
healthcare,eesti tervisemajanduse koda (health founders),1,29,1,213,0.13615023474178403,7.344827586206897,0.034482758620689655,0.371924579763897,0.371924579763897,0.3387109776646252,0.061987429960649494,"Tervishoid, ravi ja terviseandmed"
healthcare,eesti tuuleenergia assotsiatsioon,0,29,2,213,0.27230046948356806,0.0,0.0,-1.0,0.0,0.02930202359128551,-0.0,"Tervishoid, ravi ja terviseandmed"
healthcare,eesti urantia assotsiatsioon mtü,1,29,1,213,0.13615023474178403,7.344827586206897,0.034482758620689655,0.371924579763897,0.371924579763897,0.3387109776646252,0.061987429960649494,"Tervishoid, ravi ja terviseandmed"
healthcare,eesti vaimse tervise ja heaolu koalitsioon vatek,0,29,1,213,0.13615023474178403,0.0,0.0,-1.0,0.0,0.09616869088801842,-0.0,"Tervishoid, ravi ja terviseandmed"
healthcare,eesti vähitõrje võrgustik (estcan),5,29,5,213,0.6807511737089202,7.344827586206896,0.1724137931034483,0.5314695617459595,0.5314695617459595,0.5134985780797195,0.26573478087297975,"Tervishoid, ravi ja terviseandmed"
healthcare,eesti väitlusselts,0,29,1,213,0.13615023474178403,0.0,0.0,-1.0,0.0,0.09616869088801842,-0.0,"Tervishoid, ravi ja terviseandmed"
healthcare,eesti õigusteaduse üliõpilaste liit,0,29,2,213,0.27230046948356806,0.0,0.0,-1.0,0.0,0.02930202359128551,-0.0,"Tervishoid, ravi ja terviseandmed"
healthcare,"eesti õigusteaduse üliõpilaste liit, rahvusvaheliste suhete ring, feministeerium",0,29,1,213,0.13615023474178403,0.0,0.0,-1.0,0.0,0.09616869088801842,-0.0,"Tervishoid, ravi ja terviseandmed"
healthcare,eesti õpilasesinduste liit,0,29,1,213,0.13615023474178403,0.0,0.0,-1.0,0.0,0.09616869088801842,-0.0,"Tervishoid, ravi ja terviseandmed"
healthcare,eesti üliõpilaskondade liit,0,29,2,213,0.27230046948356806,0.0,0.0,-1.0,0.0,0.02930202359128551,-0.0,"Tervishoid, ravi ja terviseandmed"
healthcare,eesti üro ühing,0,29,2,213,0.27230046948356806,0.0,0.0,-1.0,0.0,0.02930202359128551,-0.0,"Tervishoid, ravi ja terviseandmed"
healthcare,eestimaa looduse fond,0,29,2,213,0.27230046948356806,0.0,0.0,-1.0,0.0,0.02930202359128551,-0.0,"Tervishoid, ravi ja terviseandmed"
healthcare,efektiivne altruism eesti,0,29,2,213,0.27230046948356806,0.0,0.0,-1.0,0.0,0.02930202359128551,-0.0,"Tervishoid, ravi ja terviseandmed"
healthcare,elisabeth luisk,1,29,1,213,0.13615023474178403,7.344827586206897,0.034482758620689655,0.371924579763897,0.371924579763897,0.3387109776646252,0.061987429960649494,"Tervishoid, ravi ja terviseandmed"
healthcare,emn eesti,0,29,1,213,0.13615023474178403,0.0,0.0,-1.0,0.0,0.09616869088801842,-0.0,"Tervishoid, ravi ja terviseandmed"
healthcare,eurooopa parlamendi büroo eestis,0,29,1,213,0.13615023474178403,0.0,0.0,-1.0,0.0,0.09616869088801842,-0.0,"Tervishoid, ravi ja terviseandmed"
healthcare,euroopa komisjoni eesti esindus,0,29,1,213,0.13615023474178403,0.0,0.0,-1.0,0.0,0.09616869088801842,-0.0,"Tervishoid, ravi ja terviseandmed"
healthcare,"euroopa rändevõrgustiku eesti kontaktpunkt (emn eesti), sisekaitseakadeemia, haridus- ja noorteamet",0,29,1,213,0.13615023474178403,0.0,0.0,-1.0,0.0,0.09616869088801842,-0.0,"Tervishoid, ravi ja terviseandmed"
healthcare,fenno-ugria asutus,0,29,1,213,0.13615023474178403,0.0,0.0,-1.0,0.0,0.09616869088801842,-0.0,"Tervishoid, ravi ja terviseandmed"
healthcare,filmifestival horisont,0,29,1,213,0.13615023474178403,0.0,0.0,-1.0,0.0,0.09616869088801842,-0.0,"Tervishoid, ravi ja terviseandmed"
healthcare,fridays for future eesti (mtü loodusvõlu),0,29,3,213,0.4084507042253521,0.0,0.0,-1.0,0.0,-0.018140631870787533,-0.0,"Tervishoid, ravi ja terviseandmed"
healthcare,geoteaduste üliõpilaste selts,0,29,1,213,0.13615023474178403,0.0,0.0,-1.0,0.0,0.09616869088801842,-0.0,"Tervishoid, ravi ja terviseandmed"
healthcare,heaoluteaduste tippkeskus estwell,0,29,1,213,0.13615023474178403,0.0,0.0,-1.0,0.0,0.09616869088801842,-0.0,"Tervishoid, ravi ja terviseandmed"
healthcare,integratsiooni sihtasutus,0,29,1,213,0.13615023474178403,0.0,0.0,-1.0,0.0,0.09616869088801842,-0.0,"Tervishoid, ravi ja terviseandmed"
healthcare,justiits- ja digiministeerium,0,29,2,213,0.27230046948356806,0.0,0.0,-1.0,0.0,0.02930202359128551,-0.0,"Tervishoid, ravi ja terviseandmed"
healthcare,kaitseliit,0,29,1,213,0.13615023474178403,0.0,0.0,-1.0,0.0,0.09616869088801842,-0.0,"Tervishoid, ravi ja terviseandmed"
healthcare,kaitseministeerium,0,29,1,213,0.13615023474178403,0.0,0.0,-1.0,0.0,0.09616869088801842,-0.0,"Tervishoid, ravi ja terviseandmed"
healthcare,kaitseministeerium ja parempoolsed,0,29,1,213,0.13615023474178403,0.0,0.0,-1.0,0.0,0.09616869088801842,-0.0,"Tervishoid, ravi ja terviseandmed"
healthcare,kaitseressursside amet,0,29,1,213,0.13615023474178403,0.0,0.0,-1.0,0.0,0.09616869088801842,-0.0,"Tervishoid, ravi ja terviseandmed"
healthcare,kaja pae,0,29,1,213,0.13615023474178403,0.0,0.0,-1.0,0.0,0.09616869088801842,-0.0,"Tervishoid, ravi ja terviseandmed"
healthcare,keskkonnainvesteeringute keskus,0,29,2,213,0.27230046948356806,0.0,0.0,-1.0,0.0,0.02930202359128551,-0.0,"Tervishoid, ravi ja terviseandmed"
healthcare,keskkonnainvesteeringute keskus (kik),0,29,1,213,0.13615023474178403,0.0,0.0,-1.0,0.0,0.09616869088801842,-0.0,"Tervishoid, ravi ja terviseandmed"
healthcare,kogu ala ühispaneel,1,29,1,213,0.13615023474178403,7.344827586206897,0.034482758620689655,0.371924579763897,0.371924579763897,0.3387109776646252,0.061987429960649494,"Tervishoid, ravi ja terviseandmed"
healthcare,kood/järva,0,29,1,213,0.13615023474178403,0.0,0.0,-1.0,0.0,0.09616869088801842,-0.0,"Tervishoid, ravi ja terviseandmed"
healthcare,kood/jõhvi,0,29,1,213,0.13615023474178403,0.0,0.0,-1.0,0.0,0.09616869088801842,-0.0,"Tervishoid, ravi ja terviseandmed"
healthcare,kood/jõhvi ja haridus- ja noorteamet,0,29,1,213,0.13615023474178403,0.0,0.0,-1.0,0.0,0.09616869088801842,-0.0,"Tervishoid, ravi ja terviseandmed"
healthcare,korruptsioonivaba eesti mtü,0,29,1,213,0.13615023474178403,0.0,0.0,-1.0,0.0,0.09616869088801842,-0.0,"Tervishoid, ravi ja terviseandmed"
healthcare,kultuuriministeerium,0,29,1,213,0.13615023474178403,0.0,0.0,-1.0,0.0,0.09616869088801842,-0.0,"Tervishoid, ravi ja terviseandmed"
healthcare,lasteklubi väike päike,0,29,3,213,0.4084507042253521,0.0,0.0,-1.0,0.0,-0.018140631870787533,-0.0,"Tervishoid, ravi ja terviseandmed"
healthcare,loodushoiu fond,0,29,1,213,0.13615023474178403,0.0,0.0,-1.0,0.0,0.09616869088801842,-0.0,"Tervishoid, ravi ja terviseandmed"
healthcare,loomus mtü,0,29,1,213,0.13615023474178403,0.0,0.0,-1.0,0.0,0.09616869088801842,-0.0,"Tervishoid, ravi ja terviseandmed"
healthcare,magnum as,2,29,2,213,0.27230046948356806,7.344827586206897,0.06896551724137931,0.4271496155467204,0.4271496155467204,0.40120784725849173,0.12204274729906296,"Tervishoid, ravi ja terviseandmed"
healthcare,maililii oü,0,29,1,213,0.13615023474178403,0.0,0.0,-1.0,0.0,0.09616869088801842,-0.0,"Tervishoid, ravi ja terviseandmed"
healthcare,meta advisory oü,0,29,1,213,0.13615023474178403,0.0,0.0,-1.0,0.0,0.09616869088801842,-0.0,"Tervishoid, ravi ja terviseandmed"
healthcare,mtü arvamusfestival,2,29,4,213,0.5446009389671361,3.6724137931034484,0.06451612903225806,0.2786651141516229,0.2786651141516229,0.2865276057345227,0.07961860404332081,"Tervishoid, ravi ja terviseandmed"
healthcare,mtü eesti jõujaamade ja kaugkütte ühing,0,29,1,213,0.13615023474178403,0.0,0.0,-1.0,0.0,0.09616869088801842,-0.0,"Tervishoid, ravi ja terviseandmed"
healthcare,mtü eesti psühholoogiaüliõpilaste ühendus,1,29,1,213,0.13615023474178403,7.344827586206897,0.034482758620689655,0.371924579763897,0.371924579763897,0.3387109776646252,0.061987429960649494,"Tervishoid, ravi ja terviseandmed"
healthcare,mtü eesti taastuvenergia koda,0,29,7,213,0.9530516431924883,0.0,0.0,-1.0,0.0,-0.1324499546295935,-0.0,"Tervishoid, ravi ja terviseandmed"
healthcare,"mtü esto-rada, multikey online school",0,29,1,213,0.13615023474178403,0.0,0.0,-1.0,0.0,0.09616869088801842,-0.0,"Tervishoid, ravi ja terviseandmed"
healthcare,mtü kodanikupalga ümarlaud eestis,0,29,1,213,0.13615023474178403,0.0,0.0,-1.0,0.0,0.09616869088801842,-0.0,"Tervishoid, ravi ja terviseandmed"
healthcare,mtü lastekaitse liit,0,29,1,213,0.13615023474178403,0.0,0.0,-1.0,0.0,0.09616869088801842,-0.0,"Tervishoid, ravi ja terviseandmed"
healthcare,mtü lastekaitse liit ja tallinna raamatukogud,0,29,1,213,0.13615023474178403,0.0,0.0,-1.0,0.0,0.09616869088801842,-0.0,"Tervishoid, ravi ja terviseandmed"
healthcare,mtü progressiivne liikumine,0,29,2,213,0.27230046948356806,0.0,0.0,-1.0,0.0,0.02930202359128551,-0.0,"Tervishoid, ravi ja terviseandmed"
healthcare,mtü teadveloleku kompetentsikeskus toko,0,29,1,213,0.13615023474178403,0.0,0.0,-1.0,0.0,0.09616869088801842,-0.0,"Tervishoid, ravi ja terviseandmed"
healthcare,novartis,1,29,1,213,0.13615023474178403,7.344827586206897,0.034482758620689655,0.371924579763897,0.371924579763897,0.3387109776646252,0.061987429960649494,"Tervishoid, ravi ja terviseandmed"
healthcare,paide gümnaasium,0,29,3,213,0.4084507042253521,0.0,0.0,-1.0,0.0,-0.018140631870787533,-0.0,"Tervishoid, ravi ja terviseandmed"
healthcare,pullivara group,0,29,1,213,0.13615023474178403,0.0,0.0,-1.0,0.0,0.09616869088801842,-0.0,"Tervishoid, ravi ja terviseandmed"
healthcare,päästame eesti metsad mtü,0,29,1,213,0.13615023474178403,0.0,0.0,-1.0,0.0,0.09616869088801842,-0.0,"Tervishoid, ravi ja terviseandmed"
healthcare,põllumajandus- ja toiduamet,0,29,1,213,0.13615023474178403,0.0,0.0,-1.0,0.0,0.09616869088801842,-0.0,"Tervishoid, ravi ja terviseandmed"
healthcare,rail baltic estonia,0,29,2,213,0.27230046948356806,0.0,0.0,-1.0,0.0,0.02930202359128551,-0.0,"Tervishoid, ravi ja terviseandmed"
healthcare,regionaal- ja põllumajandusministeerium,0,29,1,213,0.13615023474178403,0.0,0.0,-1.0,0.0,0.09616869088801842,-0.0,"Tervishoid, ravi ja terviseandmed"
healthcare,roche,1,29,1,213,0.13615023474178403,7.344827586206897,0.034482758620689655,0.371924579763897,0.371924579763897,0.3387109776646252,0.061987429960649494,"Tervishoid, ravi ja terviseandmed"
healthcare,roche eesti oü,1,29,1,213,0.13615023474178403,7.344827586206897,0.034482758620689655,0.371924579763897,0.371924579763897,0.3387109776646252,0.061987429960649494,"Tervishoid, ravi ja terviseandmed"
healthcare,sa õpilasmalev,0,29,1,213,0.13615023474178403,0.0,0.0,-1.0,0.0,0.09616869088801842,-0.0,"Tervishoid, ravi ja terviseandmed"
healthcare,saaremaa gümnaasiumi õpilasesindus,0,29,1,213,0.13615023474178403,0.0,0.0,-1.0,0.0,0.09616869088801842,-0.0,"Tervishoid, ravi ja terviseandmed"
healthcare,sihtasutus eesti teadusagentuur (etag),0,29,2,213,0.27230046948356806,0.0,0.0,-1.0,0.0,0.02930202359128551,-0.0,"Tervishoid, ravi ja terviseandmed"
healthcare,sihtasutus iga laps on andekas,0,29,1,213,0.13615023474178403,0.0,0.0,-1.0,0.0,0.09616869088801842,-0.0,"Tervishoid, ravi ja terviseandmed"
healthcare,sihtasutus järvamaa,0,29,1,213,0.13615023474178403,0.0,0.0,-1.0,0.0,0.09616869088801842,-0.0,"Tervishoid, ravi ja terviseandmed"
healthcare,sihtasutus roheriiger,0,29,1,213,0.13615023474178403,0.0,0.0,-1.0,0.0,0.09616869088801842,-0.0,"Tervishoid, ravi ja terviseandmed"
healthcare,sihtasutus rohetiiger,1,29,3,213,0.4084507042253521,2.4482758620689653,0.03225806451612903,0.16700900069980815,0.16700900069980815,0.19910915679647645,0.027834833449968024,"Tervishoid, ravi ja terviseandmed"
healthcare,siseministeerium,0,29,1,213,0.13615023474178403,0.0,0.0,-1.0,0.0,0.09616869088801842,-0.0,"Tervishoid, ravi ja terviseandmed"
healthcare,synlab,1,29,1,213,0.13615023474178403,7.344827586206897,0.034482758620689655,0.371924579763897,0.371924579763897,0.3387109776646252,0.061987429960649494,"Tervishoid, ravi ja terviseandmed"
healthcare,taastuvenergia koda,0,29,1,213,0.13615023474178403,0.0,0.0,-1.0,0.0,0.09616869088801842,-0.0,"Tervishoid, ravi ja terviseandmed"
healthcare,tallinna ettevõtlusinkubaator,0,29,1,213,0.13615023474178403,0.0,0.0,-1.0,0.0,0.09616869088801842,-0.0,"Tervishoid, ravi ja terviseandmed"
healthcare,tallinna lastekodu,0,29,1,213,0.13615023474178403,0.0,0.0,-1.0,0.0,0.09616869088801842,-0.0,"Tervishoid, ravi ja terviseandmed"
healthcare,tallinna tehnikaülikool,0,29,1,213,0.13615023474178403,0.0,0.0,-1.0,0.0,0.09616869088801842,-0.0,"Tervishoid, ravi ja terviseandmed"
healthcare,"tallinna tehnikaülikool, vastutustundliku majanduse ja esg fookustippkeskus",0,29,1,213,0.13615023474178403,0.0,0.0,-1.0,0.0,0.09616869088801842,-0.0,"Tervishoid, ravi ja terviseandmed"
healthcare,tallinna vesi,0,29,2,213,0.27230046948356806,0.0,0.0,-1.0,0.0,0.02930202359128551,-0.0,"Tervishoid, ravi ja terviseandmed"
healthcare,"tallinna ülikool, tartu ülikool, eesti maaülikool",0,29,1,213,0.13615023474178403,0.0,0.0,-1.0,0.0,0.09616869088801842,-0.0,"Tervishoid, ravi ja terviseandmed"
healthcare,taltech,0,29,1,213,0.13615023474178403,0.0,0.0,-1.0,0.0,0.09616869088801842,-0.0,"Tervishoid, ravi ja terviseandmed"
healthcare,tartu kristjan jaak petersoni gümnaasium / kultuuriministeerium,0,29,1,213,0.13615023474178403,0.0,0.0,-1.0,0.0,0.09616869088801842,-0.0,"Tervishoid, ravi ja terviseandmed"
healthcare,tartu ülikool,0,29,1,213,0.13615023474178403,0.0,0.0,-1.0,0.0,0.09616869088801842,-0.0,"Tervishoid, ravi ja terviseandmed"
healthcare,tartumaa omavalitsuste liit,0,29,2,213,0.27230046948356806,0.0,0.0,-1.0,0.0,0.02930202359128551,-0.0,"Tervishoid, ravi ja terviseandmed"
healthcare,telia,0,29,5,213,0.6807511737089202,0.0,0.0,-1.0,0.0,-0.08500729916752045,-0.0,"Tervishoid, ravi ja terviseandmed"
healthcare,"telia, eesti interneti sihtasutus",0,29,1,213,0.13615023474178403,0.0,0.0,-1.0,0.0,0.09616869088801842,-0.0,"Tervishoid, ravi ja terviseandmed"
healthcare,tervise tuleviku ala korraldajate ühispaneel,1,29,1,213,0.13615023474178403,7.344827586206897,0.034482758620689655,0.371924579763897,0.371924579763897,0.3387109776646252,0.061987429960649494,"Tervishoid, ravi ja terviseandmed"
healthcare,tuum consulting,0,29,1,213,0.13615023474178403,0.0,0.0,-1.0,0.0,0.09616869088801842,-0.0,"Tervishoid, ravi ja terviseandmed"
healthcare,vabaühenduste liit,0,29,2,213,0.27230046948356806,0.0,0.0,-1.0,0.0,0.02930202359128551,-0.0,"Tervishoid, ravi ja terviseandmed"
healthcare,vau haldus,0,29,1,213,0.13615023474178403,0.0,0.0,-1.0,0.0,0.09616869088801842,-0.0,"Tervishoid, ravi ja terviseandmed"
healthcare,vindr baltic oü ja vkg,0,29,1,213,0.13615023474178403,0.0,0.0,-1.0,0.0,0.09616869088801842,-0.0,"Tervishoid, ravi ja terviseandmed"
healthcare,välisministeerium,0,29,6,213,0.8169014084507042,0.0,0.0,-1.0,0.0,-0.11042882623718082,-0.0,"Tervishoid, ravi ja terviseandmed"
healthcare,välisministeerium & rahvusvaheliste suhete ring,0,29,1,213,0.13615023474178403,0.0,0.0,-1.0,0.0,0.09616869088801842,-0.0,"Tervishoid, ravi ja terviseandmed"
healthcare,ühendus kultuuritahe,0,29,3,213,0.4084507042253521,0.0,0.0,-1.0,0.0,-0.018140631870787533,-0.0,"Tervishoid, ravi ja terviseandmed"
healthcare,üro pagulasamet,0,29,1,213,0.13615023474178403,0.0,0.0,-1.0,0.0,0.09616869088801842,-0.0,"Tervishoid, ravi ja terviseandmed"
international,adven eesti as,0,16,2,213,0.15023474178403756,0.0,0.0,-1.0,0.0,0.12297025524173814,-0.0,"Rahvusvahelised suhted, Euroopa Liit ja humanitaarabi"
international,allium upi oü,0,16,1,213,0.07511737089201878,0.0,0.0,-1.0,0.0,0.1898369225384711,-0.0,"Rahvusvahelised suhted, Euroopa Liit ja humanitaarabi"
international,apotheka,0,16,1,213,0.07511737089201878,0.0,0.0,-1.0,0.0,0.1898369225384711,-0.0,"Rahvusvahelised suhted, Euroopa Liit ja humanitaarabi"
international,arengukoostöö ümarlaud (akü),0,16,1,213,0.07511737089201878,0.0,0.0,-1.0,0.0,0.1898369225384711,-0.0,"Rahvusvahelised suhted, Euroopa Liit ja humanitaarabi"
international,avatud eesti fond,0,16,1,213,0.07511737089201878,0.0,0.0,-1.0,0.0,0.1898369225384711,-0.0,"Rahvusvahelised suhted, Euroopa Liit ja humanitaarabi"
international,bonava eesti,0,16,1,213,0.07511737089201878,0.0,0.0,-1.0,0.0,0.1898369225384711,-0.0,"Rahvusvahelised suhted, Euroopa Liit ja humanitaarabi"
international,confido,0,16,1,213,0.07511737089201878,0.0,0.0,-1.0,0.0,0.1898369225384711,-0.0,"Rahvusvahelised suhted, Euroopa Liit ja humanitaarabi"
international,confido meditsiinikeskus,0,16,1,213,0.07511737089201878,0.0,0.0,-1.0,0.0,0.1898369225384711,-0.0,"Rahvusvahelised suhted, Euroopa Liit ja humanitaarabi"
international,eena (eesti ettevõtlike naiste assotsiatsioon),1,16,1,213,0.07511737089201878,13.3125,0.0625,0.4828506567925677,0.4828506567925677,0.4531045842429252,0.08047510946542795,"Rahvusvahelised suhted, Euroopa Liit ja humanitaarabi"
international,eesti ametiühingute keskliit,0,16,1,213,0.07511737089201878,0.0,0.0,-1.0,0.0,0.1898369225384711,-0.0,"Rahvusvahelised suhted, Euroopa Liit ja humanitaarabi"
international,eesti arhitektide liit / maa- ja ruumiamet,0,16,1,213,0.07511737089201878,0.0,0.0,-1.0,0.0,0.1898369225384711,-0.0,"Rahvusvahelised suhted, Euroopa Liit ja humanitaarabi"
international,eesti arhitektide liit mtü,0,16,1,213,0.07511737089201878,0.0,0.0,-1.0,0.0,0.1898369225384711,-0.0,"Rahvusvahelised suhted, Euroopa Liit ja humanitaarabi"
international,eesti e-residentsuse programm,0,16,8,213,0.6009389671361502,0.0,0.0,-1.0,0.0,-0.058205734813800675,-0.0,"Rahvusvahelised suhted, Euroopa Liit ja humanitaarabi"
international,eesti hambaarstide liit,0,16,2,213,0.15023474178403756,0.0,0.0,-1.0,0.0,0.12297025524173814,-0.0,"Rahvusvahelised suhted, Euroopa Liit ja humanitaarabi"
international,eesti interneti sa,0,16,3,213,0.22535211267605634,0.0,0.0,-1.0,0.0,0.07552759977966514,-0.0,"Rahvusvahelised suhted, Euroopa Liit ja humanitaarabi"
international,eesti jõujaamade ja kaugkütte ühing,0,16,1,213,0.07511737089201878,0.0,0.0,-1.0,0.0,0.1898369225384711,-0.0,"Rahvusvahelised suhted, Euroopa Liit ja humanitaarabi"
international,eesti kaitsevägi,0,16,2,213,0.15023474178403756,0.0,0.0,-1.0,0.0,0.12297025524173814,-0.0,"Rahvusvahelised suhted, Euroopa Liit ja humanitaarabi"
international,eesti kaubandus-tööstuskoda,0,16,1,213,0.07511737089201878,0.0,0.0,-1.0,0.0,0.1898369225384711,-0.0,"Rahvusvahelised suhted, Euroopa Liit ja humanitaarabi"
international,eesti keele instituut,0,16,1,213,0.07511737089201878,0.0,0.0,-1.0,0.0,0.1898369225384711,-0.0,"Rahvusvahelised suhted, Euroopa Liit ja humanitaarabi"
international,eesti kohtud,0,16,1,213,0.07511737089201878,0.0,0.0,-1.0,0.0,0.1898369225384711,-0.0,"Rahvusvahelised suhted, Euroopa Liit ja humanitaarabi"
international,eesti kultuuri koda,0,16,1,213,0.07511737089201878,0.0,0.0,-1.0,0.0,0.1898369225384711,-0.0,"Rahvusvahelised suhted, Euroopa Liit ja humanitaarabi"
international,eesti kunstikoolide liidu noorteühendus,0,16,1,213,0.07511737089201878,0.0,0.0,-1.0,0.0,0.1898369225384711,-0.0,"Rahvusvahelised suhted, Euroopa Liit ja humanitaarabi"
international,eesti kunstikoolide liit (noored),0,16,1,213,0.07511737089201878,0.0,0.0,-1.0,0.0,0.1898369225384711,-0.0,"Rahvusvahelised suhted, Euroopa Liit ja humanitaarabi"
international,eesti lastehoidude liit,0,16,2,213,0.15023474178403756,0.0,0.0,-1.0,0.0,0.12297025524173814,-0.0,"Rahvusvahelised suhted, Euroopa Liit ja humanitaarabi"
international,eesti loomaarstide koda (elk),0,16,1,213,0.07511737089201878,0.0,0.0,-1.0,0.0,0.1898369225384711,-0.0,"Rahvusvahelised suhted, Euroopa Liit ja humanitaarabi"
international,eesti maaülikool,0,16,2,213,0.15023474178403756,0.0,0.0,-1.0,0.0,0.12297025524173814,-0.0,"Rahvusvahelised suhted, Euroopa Liit ja humanitaarabi"
international,"eesti maaülikool, veterinaarmeditsiini ja loomakasvatuse instituut",0,16,1,213,0.07511737089201878,0.0,0.0,-1.0,0.0,0.1898369225384711,-0.0,"Rahvusvahelised suhted, Euroopa Liit ja humanitaarabi"
international,eesti matemaatika selts,0,16,1,213,0.07511737089201878,0.0,0.0,-1.0,0.0,0.1898369225384711,-0.0,"Rahvusvahelised suhted, Euroopa Liit ja humanitaarabi"
international,eesti montessori ühing,0,16,1,213,0.07511737089201878,0.0,0.0,-1.0,0.0,0.1898369225384711,-0.0,"Rahvusvahelised suhted, Euroopa Liit ja humanitaarabi"
international,eesti muuseumiühing ja eesti muuseumide liit,0,16,1,213,0.07511737089201878,0.0,0.0,-1.0,0.0,0.1898369225384711,-0.0,"Rahvusvahelised suhted, Euroopa Liit ja humanitaarabi"
international,eesti muuseumiühing koostöös eesti muuseumide liiduga,0,16,1,213,0.07511737089201878,0.0,0.0,-1.0,0.0,0.1898369225384711,-0.0,"Rahvusvahelised suhted, Euroopa Liit ja humanitaarabi"
international,eesti nato ühing,0,16,1,213,0.07511737089201878,0.0,0.0,-1.0,0.0,0.1898369225384711,-0.0,"Rahvusvahelised suhted, Euroopa Liit ja humanitaarabi"
international,eesti noorteühenduste liit,0,16,1,213,0.07511737089201878,0.0,0.0,-1.0,0.0,0.1898369225384711,-0.0,"Rahvusvahelised suhted, Euroopa Liit ja humanitaarabi"
international,eesti personalijuhtimise ühing pare,0,16,9,213,0.676056338028169,0.0,0.0,-1.0,0.0,-0.07558110548274785,-0.0,"Rahvusvahelised suhted, Euroopa Liit ja humanitaarabi"
international,eesti personalijuhtimise ühing pare ja tööinspektsioon,0,16,9,213,0.676056338028169,0.0,0.0,-1.0,0.0,-0.07558110548274785,-0.0,"Rahvusvahelised suhted, Euroopa Liit ja humanitaarabi"
international,"eesti puuetega naiste ühenduste liit, helpific mtü",0,16,1,213,0.07511737089201878,0.0,0.0,-1.0,0.0,0.1898369225384711,-0.0,"Rahvusvahelised suhted, Euroopa Liit ja humanitaarabi"
international,eesti roheline liikumine,0,16,2,213,0.15023474178403756,0.0,0.0,-1.0,0.0,0.12297025524173814,-0.0,"Rahvusvahelised suhted, Euroopa Liit ja humanitaarabi"
international,eesti seksuaaltervise liit,0,16,2,213,0.15023474178403756,0.0,0.0,-1.0,0.0,0.12297025524173814,-0.0,"Rahvusvahelised suhted, Euroopa Liit ja humanitaarabi"
international,eesti sõjamuuseum,1,16,1,213,0.07511737089201878,13.3125,0.0625,0.4828506567925677,0.4828506567925677,0.4531045842429252,0.08047510946542795,"Rahvusvahelised suhted, Euroopa Liit ja humanitaarabi"
international,eesti tervisemajanduse koda (health founders estonia),0,16,1,213,0.07511737089201878,0.0,0.0,-1.0,0.0,0.1898369225384711,-0.0,"Rahvusvahelised suhted, Euroopa Liit ja humanitaarabi"
international,eesti tervisemajanduse koda (health founders),0,16,1,213,0.07511737089201878,0.0,0.0,-1.0,0.0,0.1898369225384711,-0.0,"Rahvusvahelised suhted, Euroopa Liit ja humanitaarabi"
international,eesti tuuleenergia assotsiatsioon,0,16,2,213,0.15023474178403756,0.0,0.0,-1.0,0.0,0.12297025524173814,-0.0,"Rahvusvahelised suhted, Euroopa Liit ja humanitaarabi"
international,eesti urantia assotsiatsioon mtü,0,16,1,213,0.07511737089201878,0.0,0.0,-1.0,0.0,0.1898369225384711,-0.0,"Rahvusvahelised suhted, Euroopa Liit ja humanitaarabi"
international,eesti vaimse tervise ja heaolu koalitsioon vatek,0,16,1,213,0.07511737089201878,0.0,0.0,-1.0,0.0,0.1898369225384711,-0.0,"Rahvusvahelised suhted, Euroopa Liit ja humanitaarabi"
international,eesti vähitõrje võrgustik (estcan),0,16,5,213,0.3755868544600939,0.0,0.0,-1.0,0.0,0.008660932482932185,-0.0,"Rahvusvahelised suhted, Euroopa Liit ja humanitaarabi"
international,eesti väitlusselts,0,16,1,213,0.07511737089201878,0.0,0.0,-1.0,0.0,0.1898369225384711,-0.0,"Rahvusvahelised suhted, Euroopa Liit ja humanitaarabi"
international,eesti õigusteaduse üliõpilaste liit,0,16,2,213,0.15023474178403756,0.0,0.0,-1.0,0.0,0.12297025524173814,-0.0,"Rahvusvahelised suhted, Euroopa Liit ja humanitaarabi"
international,"eesti õigusteaduse üliõpilaste liit, rahvusvaheliste suhete ring, feministeerium",0,16,1,213,0.07511737089201878,0.0,0.0,-1.0,0.0,0.1898369225384711,-0.0,"Rahvusvahelised suhted, Euroopa Liit ja humanitaarabi"
international,eesti õpilasesinduste liit,0,16,1,213,0.07511737089201878,0.0,0.0,-1.0,0.0,0.1898369225384711,-0.0,"Rahvusvahelised suhted, Euroopa Liit ja humanitaarabi"
international,eesti üliõpilaskondade liit,0,16,2,213,0.15023474178403756,0.0,0.0,-1.0,0.0,0.12297025524173814,-0.0,"Rahvusvahelised suhted, Euroopa Liit ja humanitaarabi"
international,eesti üro ühing,2,16,2,213,0.15023474178403756,13.3125,0.125,0.5545464958147075,0.5545464958147075,0.5287201402679891,0.15844185594705928,"Rahvusvahelised suhted, Euroopa Liit ja humanitaarabi"
international,eestimaa looduse fond,0,16,2,213,0.15023474178403756,0.0,0.0,-1.0,0.0,0.12297025524173814,-0.0,"Rahvusvahelised suhted, Euroopa Liit ja humanitaarabi"
international,efektiivne altruism eesti,0,16,2,213,0.15023474178403756,0.0,0.0,-1.0,0.0,0.12297025524173814,-0.0,"Rahvusvahelised suhted, Euroopa Liit ja humanitaarabi"
international,elisabeth luisk,0,16,1,213,0.07511737089201878,0.0,0.0,-1.0,0.0,0.1898369225384711,-0.0,"Rahvusvahelised suhted, Euroopa Liit ja humanitaarabi"
international,emn eesti,0,16,1,213,0.07511737089201878,0.0,0.0,-1.0,0.0,0.1898369225384711,-0.0,"Rahvusvahelised suhted, Euroopa Liit ja humanitaarabi"
international,eurooopa parlamendi büroo eestis,1,16,1,213,0.07511737089201878,13.3125,0.0625,0.4828506567925677,0.4828506567925677,0.4531045842429252,0.08047510946542795,"Rahvusvahelised suhted, Euroopa Liit ja humanitaarabi"
international,euroopa komisjoni eesti esindus,1,16,1,213,0.07511737089201878,13.3125,0.0625,0.4828506567925677,0.4828506567925677,0.4531045842429252,0.08047510946542795,"Rahvusvahelised suhted, Euroopa Liit ja humanitaarabi"
international,"euroopa rändevõrgustiku eesti kontaktpunkt (emn eesti), sisekaitseakadeemia, haridus- ja noorteamet",0,16,1,213,0.07511737089201878,0.0,0.0,-1.0,0.0,0.1898369225384711,-0.0,"Rahvusvahelised suhted, Euroopa Liit ja humanitaarabi"
international,fenno-ugria asutus,0,16,1,213,0.07511737089201878,0.0,0.0,-1.0,0.0,0.1898369225384711,-0.0,"Rahvusvahelised suhted, Euroopa Liit ja humanitaarabi"
international,filmifestival horisont,0,16,1,213,0.07511737089201878,0.0,0.0,-1.0,0.0,0.1898369225384711,-0.0,"Rahvusvahelised suhted, Euroopa Liit ja humanitaarabi"
international,fridays for future eesti (mtü loodusvõlu),1,16,3,213,0.22535211267605634,4.4375,0.05555555555555555,0.27793507772847886,0.27793507772847886,0.3135027633747764,0.04632251295474648,"Rahvusvahelised suhted, Euroopa Liit ja humanitaarabi"
international,geoteaduste üliõpilaste selts,0,16,1,213,0.07511737089201878,0.0,0.0,-1.0,0.0,0.1898369225384711,-0.0,"Rahvusvahelised suhted, Euroopa Liit ja humanitaarabi"
international,heaoluteaduste tippkeskus estwell,0,16,1,213,0.07511737089201878,0.0,0.0,-1.0,0.0,0.1898369225384711,-0.0,"Rahvusvahelised suhted, Euroopa Liit ja humanitaarabi"
international,integratsiooni sihtasutus,0,16,1,213,0.07511737089201878,0.0,0.0,-1.0,0.0,0.1898369225384711,-0.0,"Rahvusvahelised suhted, Euroopa Liit ja humanitaarabi"
international,justiits- ja digiministeerium,0,16,2,213,0.15023474178403756,0.0,0.0,-1.0,0.0,0.12297025524173814,-0.0,"Rahvusvahelised suhted, Euroopa Liit ja humanitaarabi"
international,kaitseliit,0,16,1,213,0.07511737089201878,0.0,0.0,-1.0,0.0,0.1898369225384711,-0.0,"Rahvusvahelised suhted, Euroopa Liit ja humanitaarabi"
international,kaitseministeerium,0,16,1,213,0.07511737089201878,0.0,0.0,-1.0,0.0,0.1898369225384711,-0.0,"Rahvusvahelised suhted, Euroopa Liit ja humanitaarabi"
international,kaitseministeerium ja parempoolsed,0,16,1,213,0.07511737089201878,0.0,0.0,-1.0,0.0,0.1898369225384711,-0.0,"Rahvusvahelised suhted, Euroopa Liit ja humanitaarabi"
international,kaitseressursside amet,0,16,1,213,0.07511737089201878,0.0,0.0,-1.0,0.0,0.1898369225384711,-0.0,"Rahvusvahelised suhted, Euroopa Liit ja humanitaarabi"
international,kaja pae,0,16,1,213,0.07511737089201878,0.0,0.0,-1.0,0.0,0.1898369225384711,-0.0,"Rahvusvahelised suhted, Euroopa Liit ja humanitaarabi"
international,keskkonnainvesteeringute keskus,0,16,2,213,0.15023474178403756,0.0,0.0,-1.0,0.0,0.12297025524173814,-0.0,"Rahvusvahelised suhted, Euroopa Liit ja humanitaarabi"
international,keskkonnainvesteeringute keskus (kik),0,16,1,213,0.07511737089201878,0.0,0.0,-1.0,0.0,0.1898369225384711,-0.0,"Rahvusvahelised suhted, Euroopa Liit ja humanitaarabi"
international,kogu ala ühispaneel,0,16,1,213,0.07511737089201878,0.0,0.0,-1.0,0.0,0.1898369225384711,-0.0,"Rahvusvahelised suhted, Euroopa Liit ja humanitaarabi"
international,kood/järva,0,16,1,213,0.07511737089201878,0.0,0.0,-1.0,0.0,0.1898369225384711,-0.0,"Rahvusvahelised suhted, Euroopa Liit ja humanitaarabi"
international,kood/jõhvi,0,16,1,213,0.07511737089201878,0.0,0.0,-1.0,0.0,0.1898369225384711,-0.0,"Rahvusvahelised suhted, Euroopa Liit ja humanitaarabi"
international,kood/jõhvi ja haridus- ja noorteamet,0,16,1,213,0.07511737089201878,0.0,0.0,-1.0,0.0,0.1898369225384711,-0.0,"Rahvusvahelised suhted, Euroopa Liit ja humanitaarabi"
international,korruptsioonivaba eesti mtü,0,16,1,213,0.07511737089201878,0.0,0.0,-1.0,0.0,0.1898369225384711,-0.0,"Rahvusvahelised suhted, Euroopa Liit ja humanitaarabi"
international,kultuuriministeerium,0,16,1,213,0.07511737089201878,0.0,0.0,-1.0,0.0,0.1898369225384711,-0.0,"Rahvusvahelised suhted, Euroopa Liit ja humanitaarabi"
international,lasteklubi väike päike,0,16,3,213,0.22535211267605634,0.0,0.0,-1.0,0.0,0.07552759977966514,-0.0,"Rahvusvahelised suhted, Euroopa Liit ja humanitaarabi"
international,loodushoiu fond,0,16,1,213,0.07511737089201878,0.0,0.0,-1.0,0.0,0.1898369225384711,-0.0,"Rahvusvahelised suhted, Euroopa Liit ja humanitaarabi"
international,loomus mtü,0,16,1,213,0.07511737089201878,0.0,0.0,-1.0,0.0,0.1898369225384711,-0.0,"Rahvusvahelised suhted, Euroopa Liit ja humanitaarabi"
international,magnum as,0,16,2,213,0.15023474178403756,0.0,0.0,-1.0,0.0,0.12297025524173814,-0.0,"Rahvusvahelised suhted, Euroopa Liit ja humanitaarabi"
international,maililii oü,0,16,1,213,0.07511737089201878,0.0,0.0,-1.0,0.0,0.1898369225384711,-0.0,"Rahvusvahelised suhted, Euroopa Liit ja humanitaarabi"
international,meta advisory oü,0,16,1,213,0.07511737089201878,0.0,0.0,-1.0,0.0,0.1898369225384711,-0.0,"Rahvusvahelised suhted, Euroopa Liit ja humanitaarabi"
international,mtü arvamusfestival,1,16,4,213,0.3004694835680751,3.328125,0.05263157894736842,0.2242759851888516,0.2242759851888516,0.26856101513988645,0.0373793308648086,"Rahvusvahelised suhted, Euroopa Liit ja humanitaarabi"
international,mtü eesti jõujaamade ja kaugkütte ühing,0,16,1,213,0.07511737089201878,0.0,0.0,-1.0,0.0,0.1898369225384711,-0.0,"Rahvusvahelised suhted, Euroopa Liit ja humanitaarabi"
international,mtü eesti psühholoogiaüliõpilaste ühendus,0,16,1,213,0.07511737089201878,0.0,0.0,-1.0,0.0,0.1898369225384711,-0.0,"Rahvusvahelised suhted, Euroopa Liit ja humanitaarabi"
international,mtü eesti taastuvenergia koda,1,16,7,213,0.5258215962441315,1.9017857142857142,0.045454545454545456,0.1198952182695072,0.1198952182695072,0.17390094250662763,0.0199825363782512,"Rahvusvahelised suhted, Euroopa Liit ja humanitaarabi"
international,"mtü esto-rada, multikey online school",0,16,1,213,0.07511737089201878,0.0,0.0,-1.0,0.0,0.1898369225384711,-0.0,"Rahvusvahelised suhted, Euroopa Liit ja humanitaarabi"
international,mtü kodanikupalga ümarlaud eestis,0,16,1,213,0.07511737089201878,0.0,0.0,-1.0,0.0,0.1898369225384711,-0.0,"Rahvusvahelised suhted, Euroopa Liit ja humanitaarabi"
international,mtü lastekaitse liit,0,16,1,213,0.07511737089201878,0.0,0.0,-1.0,0.0,0.1898369225384711,-0.0,"Rahvusvahelised suhted, Euroopa Liit ja humanitaarabi"
international,mtü lastekaitse liit ja tallinna raamatukogud,0,16,1,213,0.07511737089201878,0.0,0.0,-1.0,0.0,0.1898369225384711,-0.0,"Rahvusvahelised suhted, Euroopa Liit ja humanitaarabi"
international,mtü progressiivne liikumine,0,16,2,213,0.15023474178403756,0.0,0.0,-1.0,0.0,0.12297025524173814,-0.0,"Rahvusvahelised suhted, Euroopa Liit ja humanitaarabi"
international,mtü teadveloleku kompetentsikeskus toko,0,16,1,213,0.07511737089201878,0.0,0.0,-1.0,0.0,0.1898369225384711,-0.0,"Rahvusvahelised suhted, Euroopa Liit ja humanitaarabi"
international,novartis,0,16,1,213,0.07511737089201878,0.0,0.0,-1.0,0.0,0.1898369225384711,-0.0,"Rahvusvahelised suhted, Euroopa Liit ja humanitaarabi"
international,paide gümnaasium,0,16,3,213,0.22535211267605634,0.0,0.0,-1.0,0.0,0.07552759977966514,-0.0,"Rahvusvahelised suhted, Euroopa Liit ja humanitaarabi"
international,pullivara group,0,16,1,213,0.07511737089201878,0.0,0.0,-1.0,0.0,0.1898369225384711,-0.0,"Rahvusvahelised suhted, Euroopa Liit ja humanitaarabi"
international,päästame eesti metsad mtü,0,16,1,213,0.07511737089201878,0.0,0.0,-1.0,0.0,0.1898369225384711,-0.0,"Rahvusvahelised suhted, Euroopa Liit ja humanitaarabi"
international,põllumajandus- ja toiduamet,0,16,1,213,0.07511737089201878,0.0,0.0,-1.0,0.0,0.1898369225384711,-0.0,"Rahvusvahelised suhted, Euroopa Liit ja humanitaarabi"
international,rail baltic estonia,0,16,2,213,0.15023474178403756,0.0,0.0,-1.0,0.0,0.12297025524173814,-0.0,"Rahvusvahelised suhted, Euroopa Liit ja humanitaarabi"
international,regionaal- ja põllumajandusministeerium,0,16,1,213,0.07511737089201878,0.0,0.0,-1.0,0.0,0.1898369225384711,-0.0,"Rahvusvahelised suhted, Euroopa Liit ja humanitaarabi"
international,roche,0,16,1,213,0.07511737089201878,0.0,0.0,-1.0,0.0,0.1898369225384711,-0.0,"Rahvusvahelised suhted, Euroopa Liit ja humanitaarabi"
international,roche eesti oü,0,16,1,213,0.07511737089201878,0.0,0.0,-1.0,0.0,0.1898369225384711,-0.0,"Rahvusvahelised suhted, Euroopa Liit ja humanitaarabi"
international,sa õpilasmalev,0,16,1,213,0.07511737089201878,0.0,0.0,-1.0,0.0,0.1898369225384711,-0.0,"Rahvusvahelised suhted, Euroopa Liit ja humanitaarabi"
international,saaremaa gümnaasiumi õpilasesindus,0,16,1,213,0.07511737089201878,0.0,0.0,-1.0,0.0,0.1898369225384711,-0.0,"Rahvusvahelised suhted, Euroopa Liit ja humanitaarabi"
international,sihtasutus eesti teadusagentuur (etag),0,16,2,213,0.15023474178403756,0.0,0.0,-1.0,0.0,0.12297025524173814,-0.0,"Rahvusvahelised suhted, Euroopa Liit ja humanitaarabi"
international,sihtasutus iga laps on andekas,0,16,1,213,0.07511737089201878,0.0,0.0,-1.0,0.0,0.1898369225384711,-0.0,"Rahvusvahelised suhted, Euroopa Liit ja humanitaarabi"
international,sihtasutus järvamaa,0,16,1,213,0.07511737089201878,0.0,0.0,-1.0,0.0,0.1898369225384711,-0.0,"Rahvusvahelised suhted, Euroopa Liit ja humanitaarabi"
international,sihtasutus roheriiger,0,16,1,213,0.07511737089201878,0.0,0.0,-1.0,0.0,0.1898369225384711,-0.0,"Rahvusvahelised suhted, Euroopa Liit ja humanitaarabi"
international,sihtasutus rohetiiger,1,16,3,213,0.22535211267605634,4.4375,0.05555555555555555,0.27793507772847886,0.27793507772847886,0.3135027633747764,0.04632251295474648,"Rahvusvahelised suhted, Euroopa Liit ja humanitaarabi"
international,siseministeerium,0,16,1,213,0.07511737089201878,0.0,0.0,-1.0,0.0,0.1898369225384711,-0.0,"Rahvusvahelised suhted, Euroopa Liit ja humanitaarabi"
international,synlab,0,16,1,213,0.07511737089201878,0.0,0.0,-1.0,0.0,0.1898369225384711,-0.0,"Rahvusvahelised suhted, Euroopa Liit ja humanitaarabi"
international,taastuvenergia koda,0,16,1,213,0.07511737089201878,0.0,0.0,-1.0,0.0,0.1898369225384711,-0.0,"Rahvusvahelised suhted, Euroopa Liit ja humanitaarabi"
international,tallinna ettevõtlusinkubaator,0,16,1,213,0.07511737089201878,0.0,0.0,-1.0,0.0,0.1898369225384711,-0.0,"Rahvusvahelised suhted, Euroopa Liit ja humanitaarabi"
international,tallinna lastekodu,0,16,1,213,0.07511737089201878,0.0,0.0,-1.0,0.0,0.1898369225384711,-0.0,"Rahvusvahelised suhted, Euroopa Liit ja humanitaarabi"
international,tallinna tehnikaülikool,0,16,1,213,0.07511737089201878,0.0,0.0,-1.0,0.0,0.1898369225384711,-0.0,"Rahvusvahelised suhted, Euroopa Liit ja humanitaarabi"
international,"tallinna tehnikaülikool, vastutustundliku majanduse ja esg fookustippkeskus",0,16,1,213,0.07511737089201878,0.0,0.0,-1.0,0.0,0.1898369225384711,-0.0,"Rahvusvahelised suhted, Euroopa Liit ja humanitaarabi"
international,tallinna vesi,1,16,2,213,0.15023474178403756,6.65625,0.058823529411764705,0.35356332099070964,0.35356332099070964,0.37144275400266596,0.058927220165118276,"Rahvusvahelised suhted, Euroopa Liit ja humanitaarabi"
international,"tallinna ülikool, tartu ülikool, eesti maaülikool",0,16,1,213,0.07511737089201878,0.0,0.0,-1.0,0.0,0.1898369225384711,-0.0,"Rahvusvahelised suhted, Euroopa Liit ja humanitaarabi"
international,taltech,0,16,1,213,0.07511737089201878,0.0,0.0,-1.0,0.0,0.1898369225384711,-0.0,"Rahvusvahelised suhted, Euroopa Liit ja humanitaarabi"
international,tartu kristjan jaak petersoni gümnaasium / kultuuriministeerium,0,16,1,213,0.07511737089201878,0.0,0.0,-1.0,0.0,0.1898369225384711,-0.0,"Rahvusvahelised suhted, Euroopa Liit ja humanitaarabi"
international,tartu ülikool,0,16,1,213,0.07511737089201878,0.0,0.0,-1.0,0.0,0.1898369225384711,-0.0,"Rahvusvahelised suhted, Euroopa Liit ja humanitaarabi"
international,tartumaa omavalitsuste liit,0,16,2,213,0.15023474178403756,0.0,0.0,-1.0,0.0,0.12297025524173814,-0.0,"Rahvusvahelised suhted, Euroopa Liit ja humanitaarabi"
international,telia,0,16,5,213,0.3755868544600939,0.0,0.0,-1.0,0.0,0.008660932482932185,-0.0,"Rahvusvahelised suhted, Euroopa Liit ja humanitaarabi"
international,"telia, eesti interneti sihtasutus",0,16,1,213,0.07511737089201878,0.0,0.0,-1.0,0.0,0.1898369225384711,-0.0,"Rahvusvahelised suhted, Euroopa Liit ja humanitaarabi"
international,tervise tuleviku ala korraldajate ühispaneel,0,16,1,213,0.07511737089201878,0.0,0.0,-1.0,0.0,0.1898369225384711,-0.0,"Rahvusvahelised suhted, Euroopa Liit ja humanitaarabi"
international,tuum consulting,0,16,1,213,0.07511737089201878,0.0,0.0,-1.0,0.0,0.1898369225384711,-0.0,"Rahvusvahelised suhted, Euroopa Liit ja humanitaarabi"
international,vabaühenduste liit,0,16,2,213,0.15023474178403756,0.0,0.0,-1.0,0.0,0.12297025524173814,-0.0,"Rahvusvahelised suhted, Euroopa Liit ja humanitaarabi"
international,vau haldus,0,16,1,213,0.07511737089201878,0.0,0.0,-1.0,0.0,0.1898369225384711,-0.0,"Rahvusvahelised suhted, Euroopa Liit ja humanitaarabi"
international,vindr baltic oü ja vkg,0,16,1,213,0.07511737089201878,0.0,0.0,-1.0,0.0,0.1898369225384711,-0.0,"Rahvusvahelised suhted, Euroopa Liit ja humanitaarabi"
international,välisministeerium,4,16,6,213,0.4507042253521127,8.875,0.2222222222222222,0.5492426518678102,0.5492426518678102,0.5419782932667951,0.2441078452745823,"Rahvusvahelised suhted, Euroopa Liit ja humanitaarabi"
international,välisministeerium & rahvusvaheliste suhete ring,1,16,1,213,0.07511737089201878,13.3125,0.0625,0.4828506567925677,0.4828506567925677,0.4531045842429252,0.08047510946542795,"Rahvusvahelised suhted, Euroopa Liit ja humanitaarabi"
international,ühendus kultuuritahe,0,16,3,213,0.22535211267605634,0.0,0.0,-1.0,0.0,0.07552759977966514,-0.0,"Rahvusvahelised suhted, Euroopa Liit ja humanitaarabi"
international,üro pagulasamet,0,16,1,213,0.07511737089201878,0.0,0.0,-1.0,0.0,0.1898369225384711,-0.0,"Rahvusvahelised suhted, Euroopa Liit ja humanitaarabi"
media,adven eesti as,0,19,2,213,0.1784037558685446,0.0,0.0,-1.0,0.0,0.09616869088801842,-0.0,"Meedia, avalik arutelu ja infokvaliteet"
media,allium upi oü,0,19,1,213,0.0892018779342723,0.0,0.0,-1.0,0.0,0.16303535818475132,-0.0,"Meedia, avalik arutelu ja infokvaliteet"
media,apotheka,0,19,1,213,0.0892018779342723,0.0,0.0,-1.0,0.0,0.16303535818475132,-0.0,"Meedia, avalik arutelu ja infokvaliteet"
media,arengukoostöö ümarlaud (akü),0,19,1,213,0.0892018779342723,0.0,0.0,-1.0,0.0,0.16303535818475132,-0.0,"Meedia, avalik arutelu ja infokvaliteet"
media,avatud eesti fond,1,19,1,213,0.0892018779342723,11.210526315789474,0.05263157894736842,0.45079676910746724,0.45079676910746724,0.4203728079048844,0.07513279485124454,"Meedia, avalik arutelu ja infokvaliteet"
media,bonava eesti,0,19,1,213,0.0892018779342723,0.0,0.0,-1.0,0.0,0.16303535818475132,-0.0,"Meedia, avalik arutelu ja infokvaliteet"
media,confido,0,19,1,213,0.0892018779342723,0.0,0.0,-1.0,0.0,0.16303535818475132,-0.0,"Meedia, avalik arutelu ja infokvaliteet"
media,confido meditsiinikeskus,0,19,1,213,0.0892018779342723,0.0,0.0,-1.0,0.0,0.16303535818475132,-0.0,"Meedia, avalik arutelu ja infokvaliteet"
media,eena (eesti ettevõtlike naiste assotsiatsioon),0,19,1,213,0.0892018779342723,0.0,0.0,-1.0,0.0,0.16303535818475132,-0.0,"Meedia, avalik arutelu ja infokvaliteet"
media,eesti ametiühingute keskliit,0,19,1,213,0.0892018779342723,0.0,0.0,-1.0,0.0,0.16303535818475132,-0.0,"Meedia, avalik arutelu ja infokvaliteet"
media,eesti arhitektide liit / maa- ja ruumiamet,0,19,1,213,0.0892018779342723,0.0,0.0,-1.0,0.0,0.16303535818475132,-0.0,"Meedia, avalik arutelu ja infokvaliteet"
media,eesti arhitektide liit mtü,0,19,1,213,0.0892018779342723,0.0,0.0,-1.0,0.0,0.16303535818475132,-0.0,"Meedia, avalik arutelu ja infokvaliteet"
media,eesti e-residentsuse programm,1,19,8,213,0.7136150234741784,1.4013157894736843,0.038461538461538464,0.06293476170189305,0.06293476170189305,0.11744732655621726,0.010489126950315508,"Meedia, avalik arutelu ja infokvaliteet"
media,eesti hambaarstide liit,0,19,2,213,0.1784037558685446,0.0,0.0,-1.0,0.0,0.09616869088801842,-0.0,"Meedia, avalik arutelu ja infokvaliteet"
media,eesti interneti sa,0,19,3,213,0.2676056338028169,0.0,0.0,-1.0,0.0,0.04872603542594537,-0.0,"Meedia, avalik arutelu ja infokvaliteet"
media,eesti jõujaamade ja kaugkütte ühing,0,19,1,213,0.0892018779342723,0.0,0.0,-1.0,0.0,0.16303535818475132,-0.0,"Meedia, avalik arutelu ja infokvaliteet"
media,eesti kaitsevägi,0,19,2,213,0.1784037558685446,0.0,0.0,-1.0,0.0,0.09616869088801842,-0.0,"Meedia, avalik arutelu ja infokvaliteet"
media,eesti kaubandus-tööstuskoda,0,19,1,213,0.0892018779342723,0.0,0.0,-1.0,0.0,0.16303535818475132,-0.0,"Meedia, avalik arutelu ja infokvaliteet"
media,eesti keele instituut,0,19,1,213,0.0892018779342723,0.0,0.0,-1.0,0.0,0.16303535818475132,-0.0,"Meedia, avalik arutelu ja infokvaliteet"
media,eesti kohtud,0,19,1,213,0.0892018779342723,0.0,0.0,-1.0,0.0,0.16303535818475132,-0.0,"Meedia, avalik arutelu ja infokvaliteet"
media,eesti kultuuri koda,0,19,1,213,0.0892018779342723,0.0,0.0,-1.0,0.0,0.16303535818475132,-0.0,"Meedia, avalik arutelu ja infokvaliteet"
media,eesti kunstikoolide liidu noorteühendus,1,19,1,213,0.0892018779342723,11.210526315789474,0.05263157894736842,0.45079676910746724,0.45079676910746724,0.4203728079048844,0.07513279485124454,"Meedia, avalik arutelu ja infokvaliteet"
media,eesti kunstikoolide liit (noored),0,19,1,213,0.0892018779342723,0.0,0.0,-1.0,0.0,0.16303535818475132,-0.0,"Meedia, avalik arutelu ja infokvaliteet"
media,eesti lastehoidude liit,0,19,2,213,0.1784037558685446,0.0,0.0,-1.0,0.0,0.09616869088801842,-0.0,"Meedia, avalik arutelu ja infokvaliteet"
media,eesti loomaarstide koda (elk),0,19,1,213,0.0892018779342723,0.0,0.0,-1.0,0.0,0.16303535818475132,-0.0,"Meedia, avalik arutelu ja infokvaliteet"
media,eesti maaülikool,0,19,2,213,0.1784037558685446,0.0,0.0,-1.0,0.0,0.09616869088801842,-0.0,"Meedia, avalik arutelu ja infokvaliteet"
media,"eesti maaülikool, veterinaarmeditsiini ja loomakasvatuse instituut",0,19,1,213,0.0892018779342723,0.0,0.0,-1.0,0.0,0.16303535818475132,-0.0,"Meedia, avalik arutelu ja infokvaliteet"
media,eesti matemaatika selts,0,19,1,213,0.0892018779342723,0.0,0.0,-1.0,0.0,0.16303535818475132,-0.0,"Meedia, avalik arutelu ja infokvaliteet"
media,eesti montessori ühing,0,19,1,213,0.0892018779342723,0.0,0.0,-1.0,0.0,0.16303535818475132,-0.0,"Meedia, avalik arutelu ja infokvaliteet"
media,eesti muuseumiühing ja eesti muuseumide liit,0,19,1,213,0.0892018779342723,0.0,0.0,-1.0,0.0,0.16303535818475132,-0.0,"Meedia, avalik arutelu ja infokvaliteet"
media,eesti muuseumiühing koostöös eesti muuseumide liiduga,0,19,1,213,0.0892018779342723,0.0,0.0,-1.0,0.0,0.16303535818475132,-0.0,"Meedia, avalik arutelu ja infokvaliteet"
media,eesti nato ühing,0,19,1,213,0.0892018779342723,0.0,0.0,-1.0,0.0,0.16303535818475132,-0.0,"Meedia, avalik arutelu ja infokvaliteet"
media,eesti noorteühenduste liit,1,19,1,213,0.0892018779342723,11.210526315789474,0.05263157894736842,0.45079676910746724,0.45079676910746724,0.4203728079048844,0.07513279485124454,"Meedia, avalik arutelu ja infokvaliteet"
media,eesti personalijuhtimise ühing pare,0,19,9,213,0.8028169014084507,0.0,0.0,-1.0,0.0,-0.10238266983646759,-0.0,"Meedia, avalik arutelu ja infokvaliteet"
media,eesti personalijuhtimise ühing pare ja tööinspektsioon,0,19,9,213,0.8028169014084507,0.0,0.0,-1.0,0.0,-0.10238266983646759,-0.0,"Meedia, avalik arutelu ja infokvaliteet"
media,"eesti puuetega naiste ühenduste liit, helpific mtü",0,19,1,213,0.0892018779342723,0.0,0.0,-1.0,0.0,0.16303535818475132,-0.0,"Meedia, avalik arutelu ja infokvaliteet"
media,eesti roheline liikumine,0,19,2,213,0.1784037558685446,0.0,0.0,-1.0,0.0,0.09616869088801842,-0.0,"Meedia, avalik arutelu ja infokvaliteet"
media,eesti seksuaaltervise liit,0,19,2,213,0.1784037558685446,0.0,0.0,-1.0,0.0,0.09616869088801842,-0.0,"Meedia, avalik arutelu ja infokvaliteet"
media,eesti sõjamuuseum,0,19,1,213,0.0892018779342723,0.0,0.0,-1.0,0.0,0.16303535818475132,-0.0,"Meedia, avalik arutelu ja infokvaliteet"
media,eesti tervisemajanduse koda (health founders estonia),0,19,1,213,0.0892018779342723,0.0,0.0,-1.0,0.0,0.16303535818475132,-0.0,"Meedia, avalik arutelu ja infokvaliteet"
media,eesti tervisemajanduse koda (health founders),0,19,1,213,0.0892018779342723,0.0,0.0,-1.0,0.0,0.16303535818475132,-0.0,"Meedia, avalik arutelu ja infokvaliteet"
media,eesti tuuleenergia assotsiatsioon,0,19,2,213,0.1784037558685446,0.0,0.0,-1.0,0.0,0.09616869088801842,-0.0,"Meedia, avalik arutelu ja infokvaliteet"
media,eesti urantia assotsiatsioon mtü,0,19,1,213,0.0892018779342723,0.0,0.0,-1.0,0.0,0.16303535818475132,-0.0,"Meedia, avalik arutelu ja infokvaliteet"
media,eesti vaimse tervise ja heaolu koalitsioon vatek,0,19,1,213,0.0892018779342723,0.0,0.0,-1.0,0.0,0.16303535818475132,-0.0,"Meedia, avalik arutelu ja infokvaliteet"
media,eesti vähitõrje võrgustik (estcan),0,19,5,213,0.4460093896713615,0.0,0.0,-1.0,0.0,-0.018140631870787533,-0.0,"Meedia, avalik arutelu ja infokvaliteet"
media,eesti väitlusselts,1,19,1,213,0.0892018779342723,11.210526315789474,0.05263157894736842,0.45079676910746724,0.45079676910746724,0.4203728079048844,0.07513279485124454,"Meedia, avalik arutelu ja infokvaliteet"
media,eesti õigusteaduse üliõpilaste liit,1,19,2,213,0.1784037558685446,5.605263157894737,0.05,0.32150943330560916,0.32150943330560916,0.3387109776646252,0.05358490555093486,"Meedia, avalik arutelu ja infokvaliteet"
media,"eesti õigusteaduse üliõpilaste liit, rahvusvaheliste suhete ring, feministeerium",0,19,1,213,0.0892018779342723,0.0,0.0,-1.0,0.0,0.16303535818475132,-0.0,"Meedia, avalik arutelu ja infokvaliteet"
media,eesti õpilasesinduste liit,0,19,1,213,0.0892018779342723,0.0,0.0,-1.0,0.0,0.16303535818475132,-0.0,"Meedia, avalik arutelu ja infokvaliteet"
media,eesti üliõpilaskondade liit,0,19,2,213,0.1784037558685446,0.0,0.0,-1.0,0.0,0.09616869088801842,-0.0,"Meedia, avalik arutelu ja infokvaliteet"
media,eesti üro ühing,0,19,2,213,0.1784037558685446,0.0,0.0,-1.0,0.0,0.09616869088801842,-0.0,"Meedia, avalik arutelu ja infokvaliteet"
media,eestimaa looduse fond,0,19,2,213,0.1784037558685446,0.0,0.0,-1.0,0.0,0.09616869088801842,-0.0,"Meedia, avalik arutelu ja infokvaliteet"
media,efektiivne altruism eesti,0,19,2,213,0.1784037558685446,0.0,0.0,-1.0,0.0,0.09616869088801842,-0.0,"Meedia, avalik arutelu ja infokvaliteet"
media,elisabeth luisk,0,19,1,213,0.0892018779342723,0.0,0.0,-1.0,0.0,0.16303535818475132,-0.0,"Meedia, avalik arutelu ja infokvaliteet"
media,emn eesti,0,19,1,213,0.0892018779342723,0.0,0.0,-1.0,0.0,0.16303535818475132,-0.0,"Meedia, avalik arutelu ja infokvaliteet"
media,eurooopa parlamendi büroo eestis,0,19,1,213,0.0892018779342723,0.0,0.0,-1.0,0.0,0.16303535818475132,-0.0,"Meedia, avalik arutelu ja infokvaliteet"
media,euroopa komisjoni eesti esindus,0,19,1,213,0.0892018779342723,0.0,0.0,-1.0,0.0,0.16303535818475132,-0.0,"Meedia, avalik arutelu ja infokvaliteet"
media,"euroopa rändevõrgustiku eesti kontaktpunkt (emn eesti), sisekaitseakadeemia, haridus- ja noorteamet",0,19,1,213,0.0892018779342723,0.0,0.0,-1.0,0.0,0.16303535818475132,-0.0,"Meedia, avalik arutelu ja infokvaliteet"
media,fenno-ugria asutus,0,19,1,213,0.0892018779342723,0.0,0.0,-1.0,0.0,0.16303535818475132,-0.0,"Meedia, avalik arutelu ja infokvaliteet"
media,filmifestival horisont,0,19,1,213,0.0892018779342723,0.0,0.0,-1.0,0.0,0.16303535818475132,-0.0,"Meedia, avalik arutelu ja infokvaliteet"
media,fridays for future eesti (mtü loodusvõlu),0,19,3,213,0.2676056338028169,0.0,0.0,-1.0,0.0,0.04872603542594537,-0.0,"Meedia, avalik arutelu ja infokvaliteet"
media,geoteaduste üliõpilaste selts,0,19,1,213,0.0892018779342723,0.0,0.0,-1.0,0.0,0.16303535818475132,-0.0,"Meedia, avalik arutelu ja infokvaliteet"
media,heaoluteaduste tippkeskus estwell,0,19,1,213,0.0892018779342723,0.0,0.0,-1.0,0.0,0.16303535818475132,-0.0,"Meedia, avalik arutelu ja infokvaliteet"
media,integratsiooni sihtasutus,1,19,1,213,0.0892018779342723,11.210526315789474,0.05263157894736842,0.45079676910746724,0.45079676910746724,0.4203728079048844,0.07513279485124454,"Meedia, avalik arutelu ja infokvaliteet"
media,justiits- ja digiministeerium,0,19,2,213,0.1784037558685446,0.0,0.0,-1.0,0.0,0.09616869088801842,-0.0,"Meedia, avalik arutelu ja infokvaliteet"
media,kaitseliit,1,19,1,213,0.0892018779342723,11.210526315789474,0.05263157894736842,0.45079676910746724,0.45079676910746724,0.4203728079048844,0.07513279485124454,"Meedia, avalik arutelu ja infokvaliteet"
media,kaitseministeerium,0,19,1,213,0.0892018779342723,0.0,0.0,-1.0,0.0,0.16303535818475132,-0.0,"Meedia, avalik arutelu ja infokvaliteet"
media,kaitseministeerium ja parempoolsed,0,19,1,213,0.0892018779342723,0.0,0.0,-1.0,0.0,0.16303535818475132,-0.0,"Meedia, avalik arutelu ja infokvaliteet"
media,kaitseressursside amet,0,19,1,213,0.0892018779342723,0.0,0.0,-1.0,0.0,0.16303535818475132,-0.0,"Meedia, avalik arutelu ja infokvaliteet"
media,kaja pae,0,19,1,213,0.0892018779342723,0.0,0.0,-1.0,0.0,0.16303535818475132,-0.0,"Meedia, avalik arutelu ja infokvaliteet"
media,keskkonnainvesteeringute keskus,0,19,2,213,0.1784037558685446,0.0,0.0,-1.0,0.0,0.09616869088801842,-0.0,"Meedia, avalik arutelu ja infokvaliteet"
media,keskkonnainvesteeringute keskus (kik),0,19,1,213,0.0892018779342723,0.0,0.0,-1.0,0.0,0.16303535818475132,-0.0,"Meedia, avalik arutelu ja infokvaliteet"
media,kogu ala ühispaneel,0,19,1,213,0.0892018779342723,0.0,0.0,-1.0,0.0,0.16303535818475132,-0.0,"Meedia, avalik arutelu ja infokvaliteet"
media,kood/järva,0,19,1,213,0.0892018779342723,0.0,0.0,-1.0,0.0,0.16303535818475132,-0.0,"Meedia, avalik arutelu ja infokvaliteet"
media,kood/jõhvi,0,19,1,213,0.0892018779342723,0.0,0.0,-1.0,0.0,0.16303535818475132,-0.0,"Meedia, avalik arutelu ja infokvaliteet"
media,kood/jõhvi ja haridus- ja noorteamet,0,19,1,213,0.0892018779342723,0.0,0.0,-1.0,0.0,0.16303535818475132,-0.0,"Meedia, avalik arutelu ja infokvaliteet"
media,korruptsioonivaba eesti mtü,0,19,1,213,0.0892018779342723,0.0,0.0,-1.0,0.0,0.16303535818475132,-0.0,"Meedia, avalik arutelu ja infokvaliteet"
media,kultuuriministeerium,0,19,1,213,0.0892018779342723,0.0,0.0,-1.0,0.0,0.16303535818475132,-0.0,"Meedia, avalik arutelu ja infokvaliteet"
media,lasteklubi väike päike,0,19,3,213,0.2676056338028169,0.0,0.0,-1.0,0.0,0.04872603542594537,-0.0,"Meedia, avalik arutelu ja infokvaliteet"
media,loodushoiu fond,0,19,1,213,0.0892018779342723,0.0,0.0,-1.0,0.0,0.16303535818475132,-0.0,"Meedia, avalik arutelu ja infokvaliteet"
media,loomus mtü,1,19,1,213,0.0892018779342723,11.210526315789474,0.05263157894736842,0.45079676910746724,0.45079676910746724,0.4203728079048844,0.07513279485124454,"Meedia, avalik arutelu ja infokvaliteet"
media,magnum as,0,19,2,213,0.1784037558685446,0.0,0.0,-1.0,0.0,0.09616869088801842,-0.0,"Meedia, avalik arutelu ja infokvaliteet"
media,maililii oü,0,19,1,213,0.0892018779342723,0.0,0.0,-1.0,0.0,0.16303535818475132,-0.0,"Meedia, avalik arutelu ja infokvaliteet"
media,meta advisory oü,0,19,1,213,0.0892018779342723,0.0,0.0,-1.0,0.0,0.16303535818475132,-0.0,"Meedia, avalik arutelu ja infokvaliteet"
media,mtü arvamusfestival,0,19,4,213,0.3568075117370892,0.0,0.0,-1.0,0.0,0.011926652922338377,-0.0,"Meedia, avalik arutelu ja infokvaliteet"
media,mtü eesti jõujaamade ja kaugkütte ühing,0,19,1,213,0.0892018779342723,0.0,0.0,-1.0,0.0,0.16303535818475132,-0.0,"Meedia, avalik arutelu ja infokvaliteet"
media,mtü eesti psühholoogiaüliõpilaste ühendus,0,19,1,213,0.0892018779342723,0.0,0.0,-1.0,0.0,0.16303535818475132,-0.0,"Meedia, avalik arutelu ja infokvaliteet"
media,mtü eesti taastuvenergia koda,0,19,7,213,0.6244131455399061,0.0,0.0,-1.0,0.0,-0.06558328733286059,-0.0,"Meedia, avalik arutelu ja infokvaliteet"
media,"mtü esto-rada, multikey online school",0,19,1,213,0.0892018779342723,0.0,0.0,-1.0,0.0,0.16303535818475132,-0.0,"Meedia, avalik arutelu ja infokvaliteet"
media,mtü kodanikupalga ümarlaud eestis,0,19,1,213,0.0892018779342723,0.0,0.0,-1.0,0.0,0.16303535818475132,-0.0,"Meedia, avalik arutelu ja infokvaliteet"
media,mtü lastekaitse liit,0,19,1,213,0.0892018779342723,0.0,0.0,-1.0,0.0,0.16303535818475132,-0.0,"Meedia, avalik arutelu ja infokvaliteet"
media,mtü lastekaitse liit ja tallinna raamatukogud,0,19,1,213,0.0892018779342723,0.0,0.0,-1.0,0.0,0.16303535818475132,-0.0,"Meedia, avalik arutelu ja infokvaliteet"
media,mtü progressiivne liikumine,1,19,2,213,0.1784037558685446,5.605263157894737,0.05,0.32150943330560916,0.32150943330560916,0.3387109776646252,0.05358490555093486,"Meedia, avalik arutelu ja infokvaliteet"
media,mtü teadveloleku kompetentsikeskus toko,0,19,1,213,0.0892018779342723,0.0,0.0,-1.0,0.0,0.16303535818475132,-0.0,"Meedia, avalik arutelu ja infokvaliteet"
media,novartis,0,19,1,213,0.0892018779342723,0.0,0.0,-1.0,0.0,0.16303535818475132,-0.0,"Meedia, avalik arutelu ja infokvaliteet"
media,paide gümnaasium,1,19,3,213,0.2676056338028169,3.7368421052631584,0.047619047619047616,0.24588119004337838,0.24588119004337838,0.28077098703673564,0.040980198340563066,"Meedia, avalik arutelu ja infokvaliteet"
media,pullivara group,0,19,1,213,0.0892018779342723,0.0,0.0,-1.0,0.0,0.16303535818475132,-0.0,"Meedia, avalik arutelu ja infokvaliteet"
media,päästame eesti metsad mtü,0,19,1,213,0.0892018779342723,0.0,0.0,-1.0,0.0,0.16303535818475132,-0.0,"Meedia, avalik arutelu ja infokvaliteet"
media,põllumajandus- ja toiduamet,0,19,1,213,0.0892018779342723,0.0,0.0,-1.0,0.0,0.16303535818475132,-0.0,"Meedia, avalik arutelu ja infokvaliteet"
media,rail baltic estonia,0,19,2,213,0.1784037558685446,0.0,0.0,-1.0,0.0,0.09616869088801842,-0.0,"Meedia, avalik arutelu ja infokvaliteet"
media,regionaal- ja põllumajandusministeerium,0,19,1,213,0.0892018779342723,0.0,0.0,-1.0,0.0,0.16303535818475132,-0.0,"Meedia, avalik arutelu ja infokvaliteet"
media,roche,0,19,1,213,0.0892018779342723,0.0,0.0,-1.0,0.0,0.16303535818475132,-0.0,"Meedia, avalik arutelu ja infokvaliteet"
media,roche eesti oü,0,19,1,213,0.0892018779342723,0.0,0.0,-1.0,0.0,0.16303535818475132,-0.0,"Meedia, avalik arutelu ja infokvaliteet"
media,sa õpilasmalev,0,19,1,213,0.0892018779342723,0.0,0.0,-1.0,0.0,0.16303535818475132,-0.0,"Meedia, avalik arutelu ja infokvaliteet"
media,saaremaa gümnaasiumi õpilasesindus,0,19,1,213,0.0892018779342723,0.0,0.0,-1.0,0.0,0.16303535818475132,-0.0,"Meedia, avalik arutelu ja infokvaliteet"
media,sihtasutus eesti teadusagentuur (etag),0,19,2,213,0.1784037558685446,0.0,0.0,-1.0,0.0,0.09616869088801842,-0.0,"Meedia, avalik arutelu ja infokvaliteet"
media,sihtasutus iga laps on andekas,0,19,1,213,0.0892018779342723,0.0,0.0,-1.0,0.0,0.16303535818475132,-0.0,"Meedia, avalik arutelu ja infokvaliteet"
media,sihtasutus järvamaa,0,19,1,213,0.0892018779342723,0.0,0.0,-1.0,0.0,0.16303535818475132,-0.0,"Meedia, avalik arutelu ja infokvaliteet"
media,sihtasutus roheriiger,0,19,1,213,0.0892018779342723,0.0,0.0,-1.0,0.0,0.16303535818475132,-0.0,"Meedia, avalik arutelu ja infokvaliteet"
media,sihtasutus rohetiiger,1,19,3,213,0.2676056338028169,3.7368421052631584,0.047619047619047616,0.24588119004337838,0.24588119004337838,0.28077098703673564,0.040980198340563066,"Meedia, avalik arutelu ja infokvaliteet"
media,siseministeerium,0,19,1,213,0.0892018779342723,0.0,0.0,-1.0,0.0,0.16303535818475132,-0.0,"Meedia, avalik arutelu ja infokvaliteet"
media,synlab,0,19,1,213,0.0892018779342723,0.0,0.0,-1.0,0.0,0.16303535818475132,-0.0,"Meedia, avalik arutelu ja infokvaliteet"
media,taastuvenergia koda,1,19,1,213,0.0892018779342723,11.210526315789474,0.05263157894736842,0.45079676910746724,0.45079676910746724,0.4203728079048844,0.07513279485124454,"Meedia, avalik arutelu ja infokvaliteet"
media,tallinna ettevõtlusinkubaator,0,19,1,213,0.0892018779342723,0.0,0.0,-1.0,0.0,0.16303535818475132,-0.0,"Meedia, avalik arutelu ja infokvaliteet"
media,tallinna lastekodu,0,19,1,213,0.0892018779342723,0.0,0.0,-1.0,0.0,0.16303535818475132,-0.0,"Meedia, avalik arutelu ja infokvaliteet"
media,tallinna tehnikaülikool,1,19,1,213,0.0892018779342723,11.210526315789474,0.05263157894736842,0.45079676910746724,0.45079676910746724,0.4203728079048844,0.07513279485124454,"Meedia, avalik arutelu ja infokvaliteet"
media,"tallinna tehnikaülikool, vastutustundliku majanduse ja esg fookustippkeskus",0,19,1,213,0.0892018779342723,0.0,0.0,-1.0,0.0,0.16303535818475132,-0.0,"Meedia, avalik arutelu ja infokvaliteet"
media,tallinna vesi,0,19,2,213,0.1784037558685446,0.0,0.0,-1.0,0.0,0.09616869088801842,-0.0,"Meedia, avalik arutelu ja infokvaliteet"
media,"tallinna ülikool, tartu ülikool, eesti maaülikool",1,19,1,213,0.0892018779342723,11.210526315789474,0.05263157894736842,0.45079676910746724,0.45079676910746724,0.4203728079048844,0.07513279485124454,"Meedia, avalik arutelu ja infokvaliteet"
media,taltech,0,19,1,213,0.0892018779342723,0.0,0.0,-1.0,0.0,0.16303535818475132,-0.0,"Meedia, avalik arutelu ja infokvaliteet"
media,tartu kristjan jaak petersoni gümnaasium / kultuuriministeerium,1,19,1,213,0.0892018779342723,11.210526315789474,0.05263157894736842,0.45079676910746724,0.45079676910746724,0.4203728079048844,0.07513279485124454,"Meedia, avalik arutelu ja infokvaliteet"
media,tartu ülikool,0,19,1,213,0.0892018779342723,0.0,0.0,-1.0,0.0,0.16303535818475132,-0.0,"Meedia, avalik arutelu ja infokvaliteet"
media,tartumaa omavalitsuste liit,0,19,2,213,0.1784037558685446,0.0,0.0,-1.0,0.0,0.09616869088801842,-0.0,"Meedia, avalik arutelu ja infokvaliteet"
media,telia,1,19,5,213,0.4460093896713615,2.2421052631578946,0.043478260869565216,0.15060087179599624,0.15060087179599624,0.19910915679647645,0.025100145299332705,"Meedia, avalik arutelu ja infokvaliteet"
media,"telia, eesti interneti sihtasutus",0,19,1,213,0.0892018779342723,0.0,0.0,-1.0,0.0,0.16303535818475132,-0.0,"Meedia, avalik arutelu ja infokvaliteet"
media,tervise tuleviku ala korraldajate ühispaneel,0,19,1,213,0.0892018779342723,0.0,0.0,-1.0,0.0,0.16303535818475132,-0.0,"Meedia, avalik arutelu ja infokvaliteet"
media,tuum consulting,0,19,1,213,0.0892018779342723,0.0,0.0,-1.0,0.0,0.16303535818475132,-0.0,"Meedia, avalik arutelu ja infokvaliteet"
media,vabaühenduste liit,1,19,2,213,0.1784037558685446,5.605263157894737,0.05,0.32150943330560916,0.32150943330560916,0.3387109776646252,0.05358490555093486,"Meedia, avalik arutelu ja infokvaliteet"
media,vau haldus,0,19,1,213,0.0892018779342723,0.0,0.0,-1.0,0.0,0.16303535818475132,-0.0,"Meedia, avalik arutelu ja infokvaliteet"
media,vindr baltic oü ja vkg,0,19,1,213,0.0892018779342723,0.0,0.0,-1.0,0.0,0.16303535818475132,-0.0,"Meedia, avalik arutelu ja infokvaliteet"
media,välisministeerium,1,19,6,213,0.5352112676056338,1.8684210526315792,0.041666666666666664,0.11659385424152034,0.11659385424152034,0.1680627698306318,0.01943230904025339,"Meedia, avalik arutelu ja infokvaliteet"
media,välisministeerium & rahvusvaheliste suhete ring,0,19,1,213,0.0892018779342723,0.0,0.0,-1.0,0.0,0.16303535818475132,-0.0,"Meedia, avalik arutelu ja infokvaliteet"
media,ühendus kultuuritahe,0,19,3,213,0.2676056338028169,0.0,0.0,-1.0,0.0,0.04872603542594537,-0.0,"Meedia, avalik arutelu ja infokvaliteet"
media,üro pagulasamet,0,19,1,213,0.0892018779342723,0.0,0.0,-1.0,0.0,0.16303535818475132,-0.0,"Meedia, avalik arutelu ja infokvaliteet"
migration,adven eesti as,1,20,2,213,0.18779342723004694,5.325,0.047619047619047616,0.3119420952829548,0.3119420952829548,0.3288844993213009,0.0519903492138258,"Ränne, lõimumine ja kuuluvus"
migration,allium upi oü,0,20,1,213,0.09389671361502347,0.0,0.0,-1.0,0.0,0.1549892017840381,-0.0,"Ränne, lõimumine ja kuuluvus"
migration,apotheka,0,20,1,213,0.09389671361502347,0.0,0.0,-1.0,0.0,0.1549892017840381,-0.0,"Ränne, lõimumine ja kuuluvus"
migration,arengukoostöö ümarlaud (akü),0,20,1,213,0.09389671361502347,0.0,0.0,-1.0,0.0,0.1549892017840381,-0.0,"Ränne, lõimumine ja kuuluvus"
migration,avatud eesti fond,0,20,1,213,0.09389671361502347,0.0,0.0,-1.0,0.0,0.1549892017840381,-0.0,"Ränne, lõimumine ja kuuluvus"
migration,bonava eesti,0,20,1,213,0.09389671361502347,0.0,0.0,-1.0,0.0,0.1549892017840381,-0.0,"Ränne, lõimumine ja kuuluvus"
migration,confido,0,20,1,213,0.09389671361502347,0.0,0.0,-1.0,0.0,0.1549892017840381,-0.0,"Ränne, lõimumine ja kuuluvus"
migration,confido meditsiinikeskus,0,20,1,213,0.09389671361502347,0.0,0.0,-1.0,0.0,0.1549892017840381,-0.0,"Ränne, lõimumine ja kuuluvus"
migration,eena (eesti ettevõtlike naiste assotsiatsioon),0,20,1,213,0.09389671361502347,0.0,0.0,-1.0,0.0,0.1549892017840381,-0.0,"Ränne, lõimumine ja kuuluvus"
migration,eesti ametiühingute keskliit,0,20,1,213,0.09389671361502347,0.0,0.0,-1.0,0.0,0.1549892017840381,-0.0,"Ränne, lõimumine ja kuuluvus"
migration,eesti arhitektide liit / maa- ja ruumiamet,0,20,1,213,0.09389671361502347,0.0,0.0,-1.0,0.0,0.1549892017840381,-0.0,"Ränne, lõimumine ja kuuluvus"
migration,eesti arhitektide liit mtü,0,20,1,213,0.09389671361502347,0.0,0.0,-1.0,0.0,0.1549892017840381,-0.0,"Ränne, lõimumine ja kuuluvus"
migration,eesti e-residentsuse programm,0,20,8,213,0.7511737089201878,0.0,0.0,-1.0,0.0,-0.09305345556823365,-0.0,"Ränne, lõimumine ja kuuluvus"
migration,eesti hambaarstide liit,0,20,2,213,0.18779342723004694,0.0,0.0,-1.0,0.0,0.08812253448730521,-0.0,"Ränne, lõimumine ja kuuluvus"
migration,eesti interneti sa,0,20,3,213,0.28169014084507044,0.0,0.0,-1.0,0.0,0.040679879025232145,-0.0,"Ränne, lõimumine ja kuuluvus"
migration,eesti jõujaamade ja kaugkütte ühing,0,20,1,213,0.09389671361502347,0.0,0.0,-1.0,0.0,0.1549892017840381,-0.0,"Ränne, lõimumine ja kuuluvus"
migration,eesti kaitsevägi,0,20,2,213,0.18779342723004694,0.0,0.0,-1.0,0.0,0.08812253448730521,-0.0,"Ränne, lõimumine ja kuuluvus"
migration,eesti kaubandus-tööstuskoda,0,20,1,213,0.09389671361502347,0.0,0.0,-1.0,0.0,0.1549892017840381,-0.0,"Ränne, lõimumine ja kuuluvus"
migration,eesti keele instituut,1,20,1,213,0.09389671361502347,10.65,0.05,0.4412294310848129,0.4412294310848129,0.4105463295615602,0.07353823851413548,"Ränne, lõimumine ja kuuluvus"
migration,eesti kohtud,0,20,1,213,0.09389671361502347,0.0,0.0,-1.0,0.0,0.1549892017840381,-0.0,"Ränne, lõimumine ja kuuluvus"
migration,eesti kultuuri koda,0,20,1,213,0.09389671361502347,0.0,0.0,-1.0,0.0,0.1549892017840381,-0.0,"Ränne, lõimumine ja kuuluvus"
migration,eesti kunstikoolide liidu noorteühendus,0,20,1,213,0.09389671361502347,0.0,0.0,-1.0,0.0,0.1549892017840381,-0.0,"Ränne, lõimumine ja kuuluvus"
migration,eesti kunstikoolide liit (noored),0,20,1,213,0.09389671361502347,0.0,0.0,-1.0,0.0,0.1549892017840381,-0.0,"Ränne, lõimumine ja kuuluvus"
migration,eesti lastehoidude liit,0,20,2,213,0.18779342723004694,0.0,0.0,-1.0,0.0,0.08812253448730521,-0.0,"Ränne, lõimumine ja kuuluvus"
migration,eesti loomaarstide koda (elk),0,20,1,213,0.09389671361502347,0.0,0.0,-1.0,0.0,0.1549892017840381,-0.0,"Ränne, lõimumine ja kuuluvus"
migration,eesti maaülikool,0,20,2,213,0.18779342723004694,0.0,0.0,-1.0,0.0,0.08812253448730521,-0.0,"Ränne, lõimumine ja kuuluvus"
migration,"eesti maaülikool, veterinaarmeditsiini ja loomakasvatuse instituut",0,20,1,213,0.09389671361502347,0.0,0.0,-1.0,0.0,0.1549892017840381,-0.0,"Ränne, lõimumine ja kuuluvus"
migration,eesti matemaatika selts,0,20,1,213,0.09389671361502347,0.0,0.0,-1.0,0.0,0.1549892017840381,-0.0,"Ränne, lõimumine ja kuuluvus"
migration,eesti montessori ühing,0,20,1,213,0.09389671361502347,0.0,0.0,-1.0,0.0,0.1549892017840381,-0.0,"Ränne, lõimumine ja kuuluvus"
migration,eesti muuseumiühing ja eesti muuseumide liit,0,20,1,213,0.09389671361502347,0.0,0.0,-1.0,0.0,0.1549892017840381,-0.0,"Ränne, lõimumine ja kuuluvus"
migration,eesti muuseumiühing koostöös eesti muuseumide liiduga,1,20,1,213,0.09389671361502347,10.65,0.05,0.4412294310848129,0.4412294310848129,0.4105463295615602,0.07353823851413548,"Ränne, lõimumine ja kuuluvus"
migration,eesti nato ühing,0,20,1,213,0.09389671361502347,0.0,0.0,-1.0,0.0,0.1549892017840381,-0.0,"Ränne, lõimumine ja kuuluvus"
migration,eesti noorteühenduste liit,0,20,1,213,0.09389671361502347,0.0,0.0,-1.0,0.0,0.1549892017840381,-0.0,"Ränne, lõimumine ja kuuluvus"
migration,eesti personalijuhtimise ühing pare,2,20,9,213,0.8450704225352113,2.3666666666666667,0.07407407407407407,0.18454493125636592,0.18454493125636592,0.21098966173446343,0.05272712321610455,"Ränne, lõimumine ja kuuluvus"
migration,eesti personalijuhtimise ühing pare ja tööinspektsioon,0,20,9,213,0.8450704225352113,0.0,0.0,-1.0,0.0,-0.11042882623718082,-0.0,"Ränne, lõimumine ja kuuluvus"
migration,"eesti puuetega naiste ühenduste liit, helpific mtü",0,20,1,213,0.09389671361502347,0.0,0.0,-1.0,0.0,0.1549892017840381,-0.0,"Ränne, lõimumine ja kuuluvus"
migration,eesti roheline liikumine,0,20,2,213,0.18779342723004694,0.0,0.0,-1.0,0.0,0.08812253448730521,-0.0,"Ränne, lõimumine ja kuuluvus"
migration,eesti seksuaaltervise liit,0,20,2,213,0.18779342723004694,0.0,0.0,-1.0,0.0,0.08812253448730521,-0.0,"Ränne, lõimumine ja kuuluvus"
migration,eesti sõjamuuseum,0,20,1,213,0.09389671361502347,0.0,0.0,-1.0,0.0,0.1549892017840381,-0.0,"Ränne, lõimumine ja kuuluvus"
migration,eesti tervisemajanduse koda (health founders estonia),0,20,1,213,0.09389671361502347,0.0,0.0,-1.0,0.0,0.1549892017840381,-0.0,"Ränne, lõimumine ja kuuluvus"
migration,eesti tervisemajanduse koda (health founders),0,20,1,213,0.09389671361502347,0.0,0.0,-1.0,0.0,0.1549892017840381,-0.0,"Ränne, lõimumine ja kuuluvus"
migration,eesti tuuleenergia assotsiatsioon,0,20,2,213,0.18779342723004694,0.0,0.0,-1.0,0.0,0.08812253448730521,-0.0,"Ränne, lõimumine ja kuuluvus"
migration,eesti urantia assotsiatsioon mtü,0,20,1,213,0.09389671361502347,0.0,0.0,-1.0,0.0,0.1549892017840381,-0.0,"Ränne, lõimumine ja kuuluvus"
migration,eesti vaimse tervise ja heaolu koalitsioon vatek,0,20,1,213,0.09389671361502347,0.0,0.0,-1.0,0.0,0.1549892017840381,-0.0,"Ränne, lõimumine ja kuuluvus"
migration,eesti vähitõrje võrgustik (estcan),0,20,5,213,0.4694835680751174,0.0,0.0,-1.0,0.0,-0.02618678827150076,-0.0,"Ränne, lõimumine ja kuuluvus"
migration,eesti väitlusselts,0,20,1,213,0.09389671361502347,0.0,0.0,-1.0,0.0,0.1549892017840381,-0.0,"Ränne, lõimumine ja kuuluvus"
migration,eesti õigusteaduse üliõpilaste liit,0,20,2,213,0.18779342723004694,0.0,0.0,-1.0,0.0,0.08812253448730521,-0.0,"Ränne, lõimumine ja kuuluvus"
migration,"eesti õigusteaduse üliõpilaste liit, rahvusvaheliste suhete ring, feministeerium",0,20,1,213,0.09389671361502347,0.0,0.0,-1.0,0.0,0.1549892017840381,-0.0,"Ränne, lõimumine ja kuuluvus"
migration,eesti õpilasesinduste liit,0,20,1,213,0.09389671361502347,0.0,0.0,-1.0,0.0,0.1549892017840381,-0.0,"Ränne, lõimumine ja kuuluvus"
migration,eesti üliõpilaskondade liit,0,20,2,213,0.18779342723004694,0.0,0.0,-1.0,0.0,0.08812253448730521,-0.0,"Ränne, lõimumine ja kuuluvus"
migration,eesti üro ühing,0,20,2,213,0.18779342723004694,0.0,0.0,-1.0,0.0,0.08812253448730521,-0.0,"Ränne, lõimumine ja kuuluvus"
migration,eestimaa looduse fond,0,20,2,213,0.18779342723004694,0.0,0.0,-1.0,0.0,0.08812253448730521,-0.0,"Ränne, lõimumine ja kuuluvus"
migration,efektiivne altruism eesti,0,20,2,213,0.18779342723004694,0.0,0.0,-1.0,0.0,0.08812253448730521,-0.0,"Ränne, lõimumine ja kuuluvus"
migration,elisabeth luisk,0,20,1,213,0.09389671361502347,0.0,0.0,-1.0,0.0,0.1549892017840381,-0.0,"Ränne, lõimumine ja kuuluvus"
migration,emn eesti,1,20,1,213,0.09389671361502347,10.65,0.05,0.4412294310848129,0.4412294310848129,0.4105463295615602,0.07353823851413548,"Ränne, lõimumine ja kuuluvus"
migration,eurooopa parlamendi büroo eestis,0,20,1,213,0.09389671361502347,0.0,0.0,-1.0,0.0,0.1549892017840381,-0.0,"Ränne, lõimumine ja kuuluvus"
migration,euroopa komisjoni eesti esindus,0,20,1,213,0.09389671361502347,0.0,0.0,-1.0,0.0,0.1549892017840381,-0.0,"Ränne, lõimumine ja kuuluvus"
migration,"euroopa rändevõrgustiku eesti kontaktpunkt (emn eesti), sisekaitseakadeemia, haridus- ja noorteamet",1,20,1,213,0.09389671361502347,10.65,0.05,0.4412294310848129,0.4412294310848129,0.4105463295615602,0.07353823851413548,"Ränne, lõimumine ja kuuluvus"
migration,fenno-ugria asutus,1,20,1,213,0.09389671361502347,10.65,0.05,0.4412294310848129,0.4412294310848129,0.4105463295615602,0.07353823851413548,"Ränne, lõimumine ja kuuluvus"
migration,filmifestival horisont,0,20,1,213,0.09389671361502347,0.0,0.0,-1.0,0.0,0.1549892017840381,-0.0,"Ränne, lõimumine ja kuuluvus"
migration,fridays for future eesti (mtü loodusvõlu),0,20,3,213,0.28169014084507044,0.0,0.0,-1.0,0.0,0.040679879025232145,-0.0,"Ränne, lõimumine ja kuuluvus"
migration,geoteaduste üliõpilaste selts,0,20,1,213,0.09389671361502347,0.0,0.0,-1.0,0.0,0.1549892017840381,-0.0,"Ränne, lõimumine ja kuuluvus"
migration,heaoluteaduste tippkeskus estwell,0,20,1,213,0.09389671361502347,0.0,0.0,-1.0,0.0,0.1549892017840381,-0.0,"Ränne, lõimumine ja kuuluvus"
migration,integratsiooni sihtasutus,1,20,1,213,0.09389671361502347,10.65,0.05,0.4412294310848129,0.4412294310848129,0.4105463295615602,0.07353823851413548,"Ränne, lõimumine ja kuuluvus"
migration,justiits- ja digiministeerium,1,20,2,213,0.18779342723004694,5.325,0.047619047619047616,0.3119420952829548,0.3119420952829548,0.3288844993213009,0.0519903492138258,"Ränne, lõimumine ja kuuluvus"
migration,kaitseliit,0,20,1,213,0.09389671361502347,0.0,0.0,-1.0,0.0,0.1549892017840381,-0.0,"Ränne, lõimumine ja kuuluvus"
migration,kaitseministeerium,0,20,1,213,0.09389671361502347,0.0,0.0,-1.0,0.0,0.1549892017840381,-0.0,"Ränne, lõimumine ja kuuluvus"
migration,kaitseministeerium ja parempoolsed,0,20,1,213,0.09389671361502347,0.0,0.0,-1.0,0.0,0.1549892017840381,-0.0,"Ränne, lõimumine ja kuuluvus"
migration,kaitseressursside amet,0,20,1,213,0.09389671361502347,0.0,0.0,-1.0,0.0,0.1549892017840381,-0.0,"Ränne, lõimumine ja kuuluvus"
migration,kaja pae,0,20,1,213,0.09389671361502347,0.0,0.0,-1.0,0.0,0.1549892017840381,-0.0,"Ränne, lõimumine ja kuuluvus"
migration,keskkonnainvesteeringute keskus,0,20,2,213,0.18779342723004694,0.0,0.0,-1.0,0.0,0.08812253448730521,-0.0,"Ränne, lõimumine ja kuuluvus"
migration,keskkonnainvesteeringute keskus (kik),0,20,1,213,0.09389671361502347,0.0,0.0,-1.0,0.0,0.1549892017840381,-0.0,"Ränne, lõimumine ja kuuluvus"
migration,kogu ala ühispaneel,0,20,1,213,0.09389671361502347,0.0,0.0,-1.0,0.0,0.1549892017840381,-0.0,"Ränne, lõimumine ja kuuluvus"
migration,kood/järva,0,20,1,213,0.09389671361502347,0.0,0.0,-1.0,0.0,0.1549892017840381,-0.0,"Ränne, lõimumine ja kuuluvus"
migration,kood/jõhvi,0,20,1,213,0.09389671361502347,0.0,0.0,-1.0,0.0,0.1549892017840381,-0.0,"Ränne, lõimumine ja kuuluvus"
migration,kood/jõhvi ja haridus- ja noorteamet,0,20,1,213,0.09389671361502347,0.0,0.0,-1.0,0.0,0.1549892017840381,-0.0,"Ränne, lõimumine ja kuuluvus"
migration,korruptsioonivaba eesti mtü,1,20,1,213,0.09389671361502347,10.65,0.05,0.4412294310848129,0.4412294310848129,0.4105463295615602,0.07353823851413548,"Ränne, lõimumine ja kuuluvus"
migration,kultuuriministeerium,1,20,1,213,0.09389671361502347,10.65,0.05,0.4412294310848129,0.4412294310848129,0.4105463295615602,0.07353823851413548,"Ränne, lõimumine ja kuuluvus"
migration,lasteklubi väike päike,0,20,3,213,0.28169014084507044,0.0,0.0,-1.0,0.0,0.040679879025232145,-0.0,"Ränne, lõimumine ja kuuluvus"
migration,loodushoiu fond,0,20,1,213,0.09389671361502347,0.0,0.0,-1.0,0.0,0.1549892017840381,-0.0,"Ränne, lõimumine ja kuuluvus"
migration,loomus mtü,0,20,1,213,0.09389671361502347,0.0,0.0,-1.0,0.0,0.1549892017840381,-0.0,"Ränne, lõimumine ja kuuluvus"
migration,magnum as,0,20,2,213,0.18779342723004694,0.0,0.0,-1.0,0.0,0.08812253448730521,-0.0,"Ränne, lõimumine ja kuuluvus"
migration,maililii oü,0,20,1,213,0.09389671361502347,0.0,0.0,-1.0,0.0,0.1549892017840381,-0.0,"Ränne, lõimumine ja kuuluvus"
migration,meta advisory oü,0,20,1,213,0.09389671361502347,0.0,0.0,-1.0,0.0,0.1549892017840381,-0.0,"Ränne, lõimumine ja kuuluvus"
migration,mtü arvamusfestival,0,20,4,213,0.3755868544600939,0.0,0.0,-1.0,0.0,0.0038804965216251426,-0.0,"Ränne, lõimumine ja kuuluvus"
migration,mtü eesti jõujaamade ja kaugkütte ühing,0,20,1,213,0.09389671361502347,0.0,0.0,-1.0,0.0,0.1549892017840381,-0.0,"Ränne, lõimumine ja kuuluvus"
migration,mtü eesti psühholoogiaüliõpilaste ühendus,0,20,1,213,0.09389671361502347,0.0,0.0,-1.0,0.0,0.1549892017840381,-0.0,"Ränne, lõimumine ja kuuluvus"
migration,mtü eesti taastuvenergia koda,0,20,7,213,0.6572769953051644,0.0,0.0,-1.0,0.0,-0.0736294437335738,-0.0,"Ränne, lõimumine ja kuuluvus"
migration,"mtü esto-rada, multikey online school",1,20,1,213,0.09389671361502347,10.65,0.05,0.4412294310848129,0.4412294310848129,0.4105463295615602,0.07353823851413548,"Ränne, lõimumine ja kuuluvus"
migration,mtü kodanikupalga ümarlaud eestis,0,20,1,213,0.09389671361502347,0.0,0.0,-1.0,0.0,0.1549892017840381,-0.0,"Ränne, lõimumine ja kuuluvus"
migration,mtü lastekaitse liit,0,20,1,213,0.09389671361502347,0.0,0.0,-1.0,0.0,0.1549892017840381,-0.0,"Ränne, lõimumine ja kuuluvus"
migration,mtü lastekaitse liit ja tallinna raamatukogud,0,20,1,213,0.09389671361502347,0.0,0.0,-1.0,0.0,0.1549892017840381,-0.0,"Ränne, lõimumine ja kuuluvus"
migration,mtü progressiivne liikumine,0,20,2,213,0.18779342723004694,0.0,0.0,-1.0,0.0,0.08812253448730521,-0.0,"Ränne, lõimumine ja kuuluvus"
migration,mtü teadveloleku kompetentsikeskus toko,0,20,1,213,0.09389671361502347,0.0,0.0,-1.0,0.0,0.1549892017840381,-0.0,"Ränne, lõimumine ja kuuluvus"
migration,novartis,0,20,1,213,0.09389671361502347,0.0,0.0,-1.0,0.0,0.1549892017840381,-0.0,"Ränne, lõimumine ja kuuluvus"
migration,paide gümnaasium,1,20,3,213,0.28169014084507044,3.55,0.045454545454545456,0.23631385202072405,0.23631385202072405,0.27094450869341136,0.039385642003454006,"Ränne, lõimumine ja kuuluvus"
migration,pullivara group,1,20,1,213,0.09389671361502347,10.65,0.05,0.4412294310848129,0.4412294310848129,0.4105463295615602,0.07353823851413548,"Ränne, lõimumine ja kuuluvus"
migration,päästame eesti metsad mtü,0,20,1,213,0.09389671361502347,0.0,0.0,-1.0,0.0,0.1549892017840381,-0.0,"Ränne, lõimumine ja kuuluvus"
migration,põllumajandus- ja toiduamet,0,20,1,213,0.09389671361502347,0.0,0.0,-1.0,0.0,0.1549892017840381,-0.0,"Ränne, lõimumine ja kuuluvus"
migration,rail baltic estonia,0,20,2,213,0.18779342723004694,0.0,0.0,-1.0,0.0,0.08812253448730521,-0.0,"Ränne, lõimumine ja kuuluvus"
migration,regionaal- ja põllumajandusministeerium,0,20,1,213,0.09389671361502347,0.0,0.0,-1.0,0.0,0.1549892017840381,-0.0,"Ränne, lõimumine ja kuuluvus"
migration,roche,0,20,1,213,0.09389671361502347,0.0,0.0,-1.0,0.0,0.1549892017840381,-0.0,"Ränne, lõimumine ja kuuluvus"
migration,roche eesti oü,0,20,1,213,0.09389671361502347,0.0,0.0,-1.0,0.0,0.1549892017840381,-0.0,"Ränne, lõimumine ja kuuluvus"
migration,sa õpilasmalev,0,20,1,213,0.09389671361502347,0.0,0.0,-1.0,0.0,0.1549892017840381,-0.0,"Ränne, lõimumine ja kuuluvus"
migration,saaremaa gümnaasiumi õpilasesindus,0,20,1,213,0.09389671361502347,0.0,0.0,-1.0,0.0,0.1549892017840381,-0.0,"Ränne, lõimumine ja kuuluvus"
migration,sihtasutus eesti teadusagentuur (etag),0,20,2,213,0.18779342723004694,0.0,0.0,-1.0,0.0,0.08812253448730521,-0.0,"Ränne, lõimumine ja kuuluvus"
migration,sihtasutus iga laps on andekas,0,20,1,213,0.09389671361502347,0.0,0.0,-1.0,0.0,0.1549892017840381,-0.0,"Ränne, lõimumine ja kuuluvus"
migration,sihtasutus järvamaa,0,20,1,213,0.09389671361502347,0.0,0.0,-1.0,0.0,0.1549892017840381,-0.0,"Ränne, lõimumine ja kuuluvus"
migration,sihtasutus roheriiger,0,20,1,213,0.09389671361502347,0.0,0.0,-1.0,0.0,0.1549892017840381,-0.0,"Ränne, lõimumine ja kuuluvus"
migration,sihtasutus rohetiiger,0,20,3,213,0.28169014084507044,0.0,0.0,-1.0,0.0,0.040679879025232145,-0.0,"Ränne, lõimumine ja kuuluvus"
migration,siseministeerium,1,20,1,213,0.09389671361502347,10.65,0.05,0.4412294310848129,0.4412294310848129,0.4105463295615602,0.07353823851413548,"Ränne, lõimumine ja kuuluvus"
migration,synlab,0,20,1,213,0.09389671361502347,0.0,0.0,-1.0,0.0,0.1549892017840381,-0.0,"Ränne, lõimumine ja kuuluvus"
migration,taastuvenergia koda,0,20,1,213,0.09389671361502347,0.0,0.0,-1.0,0.0,0.1549892017840381,-0.0,"Ränne, lõimumine ja kuuluvus"
migration,tallinna ettevõtlusinkubaator,0,20,1,213,0.09389671361502347,0.0,0.0,-1.0,0.0,0.1549892017840381,-0.0,"Ränne, lõimumine ja kuuluvus"
migration,tallinna lastekodu,0,20,1,213,0.09389671361502347,0.0,0.0,-1.0,0.0,0.1549892017840381,-0.0,"Ränne, lõimumine ja kuuluvus"
migration,tallinna tehnikaülikool,0,20,1,213,0.09389671361502347,0.0,0.0,-1.0,0.0,0.1549892017840381,-0.0,"Ränne, lõimumine ja kuuluvus"
migration,"tallinna tehnikaülikool, vastutustundliku majanduse ja esg fookustippkeskus",0,20,1,213,0.09389671361502347,0.0,0.0,-1.0,0.0,0.1549892017840381,-0.0,"Ränne, lõimumine ja kuuluvus"
migration,tallinna vesi,0,20,2,213,0.18779342723004694,0.0,0.0,-1.0,0.0,0.08812253448730521,-0.0,"Ränne, lõimumine ja kuuluvus"
migration,"tallinna ülikool, tartu ülikool, eesti maaülikool",0,20,1,213,0.09389671361502347,0.0,0.0,-1.0,0.0,0.1549892017840381,-0.0,"Ränne, lõimumine ja kuuluvus"
migration,taltech,0,20,1,213,0.09389671361502347,0.0,0.0,-1.0,0.0,0.1549892017840381,-0.0,"Ränne, lõimumine ja kuuluvus"
migration,tartu kristjan jaak petersoni gümnaasium / kultuuriministeerium,1,20,1,213,0.09389671361502347,10.65,0.05,0.4412294310848129,0.4412294310848129,0.4105463295615602,0.07353823851413548,"Ränne, lõimumine ja kuuluvus"
migration,tartu ülikool,0,20,1,213,0.09389671361502347,0.0,0.0,-1.0,0.0,0.1549892017840381,-0.0,"Ränne, lõimumine ja kuuluvus"
migration,tartumaa omavalitsuste liit,1,20,2,213,0.18779342723004694,5.325,0.047619047619047616,0.3119420952829548,0.3119420952829548,0.3288844993213009,0.0519903492138258,"Ränne, lõimumine ja kuuluvus"
migration,telia,0,20,5,213,0.4694835680751174,0.0,0.0,-1.0,0.0,-0.02618678827150076,-0.0,"Ränne, lõimumine ja kuuluvus"
migration,"telia, eesti interneti sihtasutus",0,20,1,213,0.09389671361502347,0.0,0.0,-1.0,0.0,0.1549892017840381,-0.0,"Ränne, lõimumine ja kuuluvus"
migration,tervise tuleviku ala korraldajate ühispaneel,0,20,1,213,0.09389671361502347,0.0,0.0,-1.0,0.0,0.1549892017840381,-0.0,"Ränne, lõimumine ja kuuluvus"
migration,tuum consulting,1,20,1,213,0.09389671361502347,10.65,0.05,0.4412294310848129,0.4412294310848129,0.4105463295615602,0.07353823851413548,"Ränne, lõimumine ja kuuluvus"
migration,vabaühenduste liit,0,20,2,213,0.18779342723004694,0.0,0.0,-1.0,0.0,0.08812253448730521,-0.0,"Ränne, lõimumine ja kuuluvus"
migration,vau haldus,0,20,1,213,0.09389671361502347,0.0,0.0,-1.0,0.0,0.1549892017840381,-0.0,"Ränne, lõimumine ja kuuluvus"
migration,vindr baltic oü ja vkg,0,20,1,213,0.09389671361502347,0.0,0.0,-1.0,0.0,0.1549892017840381,-0.0,"Ränne, lõimumine ja kuuluvus"
migration,välisministeerium,0,20,6,213,0.5633802816901409,0.0,0.0,-1.0,0.0,-0.05160831534116115,-0.0,"Ränne, lõimumine ja kuuluvus"
migration,välisministeerium & rahvusvaheliste suhete ring,0,20,1,213,0.09389671361502347,0.0,0.0,-1.0,0.0,0.1549892017840381,-0.0,"Ränne, lõimumine ja kuuluvus"
migration,ühendus kultuuritahe,0,20,3,213,0.28169014084507044,0.0,0.0,-1.0,0.0,0.040679879025232145,-0.0,"Ränne, lõimumine ja kuuluvus"
migration,üro pagulasamet,1,20,1,213,0.09389671361502347,10.65,0.05,0.4412294310848129,0.4412294310848129,0.4105463295615602,0.07353823851413548,"Ränne, lõimumine ja kuuluvus"
nature,adven eesti as,1,17,2,213,0.1596244131455399,6.264705882352941,0.05555555555555555,0.3422554832637924,0.3422554832637924,0.3599308862871456,0.0570425805439654,"Loodus, metsandus ja maavarad"
nature,allium upi oü,0,17,1,213,0.07981220657276995,0.0,0.0,-1.0,0.0,0.1804107288536985,-0.0,"Loodus, metsandus ja maavarad"
nature,apotheka,0,17,1,213,0.07981220657276995,0.0,0.0,-1.0,0.0,0.1804107288536985,-0.0,"Loodus, metsandus ja maavarad"
nature,arengukoostöö ümarlaud (akü),0,17,1,213,0.07981220657276995,0.0,0.0,-1.0,0.0,0.1804107288536985,-0.0,"Loodus, metsandus ja maavarad"
nature,avatud eesti fond,1,17,1,213,0.07981220657276995,12.529411764705882,0.058823529411764705,0.47154281906565043,0.47154281906565043,0.4415927165274048,0.07859046984427508,"Loodus, metsandus ja maavarad"
nature,bonava eesti,0,17,1,213,0.07981220657276995,0.0,0.0,-1.0,0.0,0.1804107288536985,-0.0,"Loodus, metsandus ja maavarad"
nature,confido,0,17,1,213,0.07981220657276995,0.0,0.0,-1.0,0.0,0.1804107288536985,-0.0,"Loodus, metsandus ja maavarad"
nature,confido meditsiinikeskus,0,17,1,213,0.07981220657276995,0.0,0.0,-1.0,0.0,0.1804107288536985,-0.0,"Loodus, metsandus ja maavarad"
nature,eena (eesti ettevõtlike naiste assotsiatsioon),0,17,1,213,0.07981220657276995,0.0,0.0,-1.0,0.0,0.1804107288536985,-0.0,"Loodus, metsandus ja maavarad"
nature,eesti ametiühingute keskliit,0,17,1,213,0.07981220657276995,0.0,0.0,-1.0,0.0,0.1804107288536985,-0.0,"Loodus, metsandus ja maavarad"
nature,eesti arhitektide liit / maa- ja ruumiamet,0,17,1,213,0.07981220657276995,0.0,0.0,-1.0,0.0,0.1804107288536985,-0.0,"Loodus, metsandus ja maavarad"
nature,eesti arhitektide liit mtü,0,17,1,213,0.07981220657276995,0.0,0.0,-1.0,0.0,0.1804107288536985,-0.0,"Loodus, metsandus ja maavarad"
nature,eesti e-residentsuse programm,0,17,8,213,0.6384976525821596,0.0,0.0,-1.0,0.0,-0.06763192849857327,-0.0,"Loodus, metsandus ja maavarad"
nature,eesti hambaarstide liit,0,17,2,213,0.1596244131455399,0.0,0.0,-1.0,0.0,0.11354406155696557,-0.0,"Loodus, metsandus ja maavarad"
nature,eesti interneti sa,0,17,3,213,0.23943661971830985,0.0,0.0,-1.0,0.0,0.06610140609489253,-0.0,"Loodus, metsandus ja maavarad"
nature,eesti jõujaamade ja kaugkütte ühing,0,17,1,213,0.07981220657276995,0.0,0.0,-1.0,0.0,0.1804107288536985,-0.0,"Loodus, metsandus ja maavarad"
nature,eesti kaitsevägi,0,17,2,213,0.1596244131455399,0.0,0.0,-1.0,0.0,0.11354406155696557,-0.0,"Loodus, metsandus ja maavarad"
nature,eesti kaubandus-tööstuskoda,0,17,1,213,0.07981220657276995,0.0,0.0,-1.0,0.0,0.1804107288536985,-0.0,"Loodus, metsandus ja maavarad"
nature,eesti keele instituut,0,17,1,213,0.07981220657276995,0.0,0.0,-1.0,0.0,0.1804107288536985,-0.0,"Loodus, metsandus ja maavarad"
nature,eesti kohtud,0,17,1,213,0.07981220657276995,0.0,0.0,-1.0,0.0,0.1804107288536985,-0.0,"Loodus, metsandus ja maavarad"
nature,eesti kultuuri koda,0,17,1,213,0.07981220657276995,0.0,0.0,-1.0,0.0,0.1804107288536985,-0.0,"Loodus, metsandus ja maavarad"
nature,eesti kunstikoolide liidu noorteühendus,0,17,1,213,0.07981220657276995,0.0,0.0,-1.0,0.0,0.1804107288536985,-0.0,"Loodus, metsandus ja maavarad"
nature,eesti kunstikoolide liit (noored),0,17,1,213,0.07981220657276995,0.0,0.0,-1.0,0.0,0.1804107288536985,-0.0,"Loodus, metsandus ja maavarad"
nature,eesti lastehoidude liit,0,17,2,213,0.1596244131455399,0.0,0.0,-1.0,0.0,0.11354406155696557,-0.0,"Loodus, metsandus ja maavarad"
nature,eesti loomaarstide koda (elk),0,17,1,213,0.07981220657276995,0.0,0.0,-1.0,0.0,0.1804107288536985,-0.0,"Loodus, metsandus ja maavarad"
nature,eesti maaülikool,2,17,2,213,0.1596244131455399,12.529411764705882,0.11764705882352941,0.5415596194410522,0.5415596194410522,0.5158880887824607,0.15473131984030064,"Loodus, metsandus ja maavarad"
nature,"eesti maaülikool, veterinaarmeditsiini ja loomakasvatuse instituut",0,17,1,213,0.07981220657276995,0.0,0.0,-1.0,0.0,0.1804107288536985,-0.0,"Loodus, metsandus ja maavarad"
nature,eesti matemaatika selts,0,17,1,213,0.07981220657276995,0.0,0.0,-1.0,0.0,0.1804107288536985,-0.0,"Loodus, metsandus ja maavarad"
nature,eesti montessori ühing,0,17,1,213,0.07981220657276995,0.0,0.0,-1.0,0.0,0.1804107288536985,-0.0,"Loodus, metsandus ja maavarad"
nature,eesti muuseumiühing ja eesti muuseumide liit,0,17,1,213,0.07981220657276995,0.0,0.0,-1.0,0.0,0.1804107288536985,-0.0,"Loodus, metsandus ja maavarad"
nature,eesti muuseumiühing koostöös eesti muuseumide liiduga,0,17,1,213,0.07981220657276995,0.0,0.0,-1.0,0.0,0.1804107288536985,-0.0,"Loodus, metsandus ja maavarad"
nature,eesti nato ühing,0,17,1,213,0.07981220657276995,0.0,0.0,-1.0,0.0,0.1804107288536985,-0.0,"Loodus, metsandus ja maavarad"
nature,eesti noorteühenduste liit,0,17,1,213,0.07981220657276995,0.0,0.0,-1.0,0.0,0.1804107288536985,-0.0,"Loodus, metsandus ja maavarad"
nature,eesti personalijuhtimise ühing pare,0,17,9,213,0.7183098591549296,0.0,0.0,-1.0,0.0,-0.08500729916752045,-0.0,"Loodus, metsandus ja maavarad"
nature,eesti personalijuhtimise ühing pare ja tööinspektsioon,0,17,9,213,0.7183098591549296,0.0,0.0,-1.0,0.0,-0.08500729916752045,-0.0,"Loodus, metsandus ja maavarad"
nature,"eesti puuetega naiste ühenduste liit, helpific mtü",0,17,1,213,0.07981220657276995,0.0,0.0,-1.0,0.0,0.1804107288536985,-0.0,"Loodus, metsandus ja maavarad"
nature,eesti roheline liikumine,2,17,2,213,0.1596244131455399,12.529411764705882,0.11764705882352941,0.5415596194410522,0.5415596194410522,0.5158880887824607,0.15473131984030064,"Loodus, metsandus ja maavarad"
nature,eesti seksuaaltervise liit,0,17,2,213,0.1596244131455399,0.0,0.0,-1.0,0.0,0.11354406155696557,-0.0,"Loodus, metsandus ja maavarad"
nature,eesti sõjamuuseum,0,17,1,213,0.07981220657276995,0.0,0.0,-1.0,0.0,0.1804107288536985,-0.0,"Loodus, metsandus ja maavarad"
nature,eesti tervisemajanduse koda (health founders estonia),0,17,1,213,0.07981220657276995,0.0,0.0,-1.0,0.0,0.1804107288536985,-0.0,"Loodus, metsandus ja maavarad"
nature,eesti tervisemajanduse koda (health founders),0,17,1,213,0.07981220657276995,0.0,0.0,-1.0,0.0,0.1804107288536985,-0.0,"Loodus, metsandus ja maavarad"
nature,eesti tuuleenergia assotsiatsioon,0,17,2,213,0.1596244131455399,0.0,0.0,-1.0,0.0,0.11354406155696557,-0.0,"Loodus, metsandus ja maavarad"
nature,eesti urantia assotsiatsioon mtü,0,17,1,213,0.07981220657276995,0.0,0.0,-1.0,0.0,0.1804107288536985,-0.0,"Loodus, metsandus ja maavarad"
nature,eesti vaimse tervise ja heaolu koalitsioon vatek,0,17,1,213,0.07981220657276995,0.0,0.0,-1.0,0.0,0.1804107288536985,-0.0,"Loodus, metsandus ja maavarad"
nature,eesti vähitõrje võrgustik (estcan),0,17,5,213,0.39906103286384975,0.0,0.0,-1.0,0.0,-0.0007652612018403843,-0.0,"Loodus, metsandus ja maavarad"
nature,eesti väitlusselts,0,17,1,213,0.07981220657276995,0.0,0.0,-1.0,0.0,0.1804107288536985,-0.0,"Loodus, metsandus ja maavarad"
nature,eesti õigusteaduse üliõpilaste liit,0,17,2,213,0.1596244131455399,0.0,0.0,-1.0,0.0,0.11354406155696557,-0.0,"Loodus, metsandus ja maavarad"
nature,"eesti õigusteaduse üliõpilaste liit, rahvusvaheliste suhete ring, feministeerium",0,17,1,213,0.07981220657276995,0.0,0.0,-1.0,0.0,0.1804107288536985,-0.0,"Loodus, metsandus ja maavarad"
nature,eesti õpilasesinduste liit,0,17,1,213,0.07981220657276995,0.0,0.0,-1.0,0.0,0.1804107288536985,-0.0,"Loodus, metsandus ja maavarad"
nature,eesti üliõpilaskondade liit,0,17,2,213,0.1596244131455399,0.0,0.0,-1.0,0.0,0.11354406155696557,-0.0,"Loodus, metsandus ja maavarad"
nature,eesti üro ühing,0,17,2,213,0.1596244131455399,0.0,0.0,-1.0,0.0,0.11354406155696557,-0.0,"Loodus, metsandus ja maavarad"
nature,eestimaa looduse fond,1,17,2,213,0.1596244131455399,6.264705882352941,0.05555555555555555,0.3422554832637924,0.3422554832637924,0.3599308862871456,0.0570425805439654,"Loodus, metsandus ja maavarad"
nature,efektiivne altruism eesti,0,17,2,213,0.1596244131455399,0.0,0.0,-1.0,0.0,0.11354406155696557,-0.0,"Loodus, metsandus ja maavarad"
nature,elisabeth luisk,0,17,1,213,0.07981220657276995,0.0,0.0,-1.0,0.0,0.1804107288536985,-0.0,"Loodus, metsandus ja maavarad"
nature,emn eesti,0,17,1,213,0.07981220657276995,0.0,0.0,-1.0,0.0,0.1804107288536985,-0.0,"Loodus, metsandus ja maavarad"
nature,eurooopa parlamendi büroo eestis,0,17,1,213,0.07981220657276995,0.0,0.0,-1.0,0.0,0.1804107288536985,-0.0,"Loodus, metsandus ja maavarad"
nature,euroopa komisjoni eesti esindus,0,17,1,213,0.07981220657276995,0.0,0.0,-1.0,0.0,0.1804107288536985,-0.0,"Loodus, metsandus ja maavarad"
nature,"euroopa rändevõrgustiku eesti kontaktpunkt (emn eesti), sisekaitseakadeemia, haridus- ja noorteamet",0,17,1,213,0.07981220657276995,0.0,0.0,-1.0,0.0,0.1804107288536985,-0.0,"Loodus, metsandus ja maavarad"
nature,fenno-ugria asutus,0,17,1,213,0.07981220657276995,0.0,0.0,-1.0,0.0,0.1804107288536985,-0.0,"Loodus, metsandus ja maavarad"
nature,filmifestival horisont,0,17,1,213,0.07981220657276995,0.0,0.0,-1.0,0.0,0.1804107288536985,-0.0,"Loodus, metsandus ja maavarad"
nature,fridays for future eesti (mtü loodusvõlu),0,17,3,213,0.23943661971830985,0.0,0.0,-1.0,0.0,0.06610140609489253,-0.0,"Loodus, metsandus ja maavarad"
nature,geoteaduste üliõpilaste selts,0,17,1,213,0.07981220657276995,0.0,0.0,-1.0,0.0,0.1804107288536985,-0.0,"Loodus, metsandus ja maavarad"
nature,heaoluteaduste tippkeskus estwell,0,17,1,213,0.07981220657276995,0.0,0.0,-1.0,0.0,0.1804107288536985,-0.0,"Loodus, metsandus ja maavarad"
nature,integratsiooni sihtasutus,0,17,1,213,0.07981220657276995,0.0,0.0,-1.0,0.0,0.1804107288536985,-0.0,"Loodus, metsandus ja maavarad"
nature,justiits- ja digiministeerium,0,17,2,213,0.1596244131455399,0.0,0.0,-1.0,0.0,0.11354406155696557,-0.0,"Loodus, metsandus ja maavarad"
nature,kaitseliit,0,17,1,213,0.07981220657276995,0.0,0.0,-1.0,0.0,0.1804107288536985,-0.0,"Loodus, metsandus ja maavarad"
nature,kaitseministeerium,0,17,1,213,0.07981220657276995,0.0,0.0,-1.0,0.0,0.1804107288536985,-0.0,"Loodus, metsandus ja maavarad"
nature,kaitseministeerium ja parempoolsed,0,17,1,213,0.07981220657276995,0.0,0.0,-1.0,0.0,0.1804107288536985,-0.0,"Loodus, metsandus ja maavarad"
nature,kaitseressursside amet,0,17,1,213,0.07981220657276995,0.0,0.0,-1.0,0.0,0.1804107288536985,-0.0,"Loodus, metsandus ja maavarad"
nature,kaja pae,0,17,1,213,0.07981220657276995,0.0,0.0,-1.0,0.0,0.1804107288536985,-0.0,"Loodus, metsandus ja maavarad"
nature,keskkonnainvesteeringute keskus,2,17,2,213,0.1596244131455399,12.529411764705882,0.11764705882352941,0.5415596194410522,0.5415596194410522,0.5158880887824607,0.15473131984030064,"Loodus, metsandus ja maavarad"
nature,keskkonnainvesteeringute keskus (kik),1,17,1,213,0.07981220657276995,12.529411764705882,0.058823529411764705,0.47154281906565043,0.47154281906565043,0.4415927165274048,0.07859046984427508,"Loodus, metsandus ja maavarad"
nature,kogu ala ühispaneel,0,17,1,213,0.07981220657276995,0.0,0.0,-1.0,0.0,0.1804107288536985,-0.0,"Loodus, metsandus ja maavarad"
nature,kood/järva,0,17,1,213,0.07981220657276995,0.0,0.0,-1.0,0.0,0.1804107288536985,-0.0,"Loodus, metsandus ja maavarad"
nature,kood/jõhvi,0,17,1,213,0.07981220657276995,0.0,0.0,-1.0,0.0,0.1804107288536985,-0.0,"Loodus, metsandus ja maavarad"
nature,kood/jõhvi ja haridus- ja noorteamet,0,17,1,213,0.07981220657276995,0.0,0.0,-1.0,0.0,0.1804107288536985,-0.0,"Loodus, metsandus ja maavarad"
nature,korruptsioonivaba eesti mtü,0,17,1,213,0.07981220657276995,0.0,0.0,-1.0,0.0,0.1804107288536985,-0.0,"Loodus, metsandus ja maavarad"
nature,kultuuriministeerium,0,17,1,213,0.07981220657276995,0.0,0.0,-1.0,0.0,0.1804107288536985,-0.0,"Loodus, metsandus ja maavarad"
nature,lasteklubi väike päike,0,17,3,213,0.23943661971830985,0.0,0.0,-1.0,0.0,0.06610140609489253,-0.0,"Loodus, metsandus ja maavarad"
nature,loodushoiu fond,1,17,1,213,0.07981220657276995,12.529411764705882,0.058823529411764705,0.47154281906565043,0.47154281906565043,0.4415927165274048,0.07859046984427508,"Loodus, metsandus ja maavarad"
nature,loomus mtü,0,17,1,213,0.07981220657276995,0.0,0.0,-1.0,0.0,0.1804107288536985,-0.0,"Loodus, metsandus ja maavarad"
nature,magnum as,0,17,2,213,0.1596244131455399,0.0,0.0,-1.0,0.0,0.11354406155696557,-0.0,"Loodus, metsandus ja maavarad"
nature,maililii oü,0,17,1,213,0.07981220657276995,0.0,0.0,-1.0,0.0,0.1804107288536985,-0.0,"Loodus, metsandus ja maavarad"
nature,meta advisory oü,0,17,1,213,0.07981220657276995,0.0,0.0,-1.0,0.0,0.1804107288536985,-0.0,"Loodus, metsandus ja maavarad"
nature,mtü arvamusfestival,0,17,4,213,0.3192488262910798,0.0,0.0,-1.0,0.0,0.02930202359128551,-0.0,"Loodus, metsandus ja maavarad"
nature,mtü eesti jõujaamade ja kaugkütte ühing,1,17,1,213,0.07981220657276995,12.529411764705882,0.058823529411764705,0.47154281906565043,0.47154281906565043,0.4415927165274048,0.07859046984427508,"Loodus, metsandus ja maavarad"
nature,mtü eesti psühholoogiaüliõpilaste ühendus,0,17,1,213,0.07981220657276995,0.0,0.0,-1.0,0.0,0.1804107288536985,-0.0,"Loodus, metsandus ja maavarad"
nature,mtü eesti taastuvenergia koda,0,17,7,213,0.5586854460093896,0.0,0.0,-1.0,0.0,-0.04820791666391343,-0.0,"Loodus, metsandus ja maavarad"
nature,"mtü esto-rada, multikey online school",0,17,1,213,0.07981220657276995,0.0,0.0,-1.0,0.0,0.1804107288536985,-0.0,"Loodus, metsandus ja maavarad"
nature,mtü kodanikupalga ümarlaud eestis,0,17,1,213,0.07981220657276995,0.0,0.0,-1.0,0.0,0.1804107288536985,-0.0,"Loodus, metsandus ja maavarad"
nature,mtü lastekaitse liit,0,17,1,213,0.07981220657276995,0.0,0.0,-1.0,0.0,0.1804107288536985,-0.0,"Loodus, metsandus ja maavarad"
nature,mtü lastekaitse liit ja tallinna raamatukogud,0,17,1,213,0.07981220657276995,0.0,0.0,-1.0,0.0,0.1804107288536985,-0.0,"Loodus, metsandus ja maavarad"
nature,mtü progressiivne liikumine,0,17,2,213,0.1596244131455399,0.0,0.0,-1.0,0.0,0.11354406155696557,-0.0,"Loodus, metsandus ja maavarad"
nature,mtü teadveloleku kompetentsikeskus toko,0,17,1,213,0.07981220657276995,0.0,0.0,-1.0,0.0,0.1804107288536985,-0.0,"Loodus, metsandus ja maavarad"
nature,novartis,0,17,1,213,0.07981220657276995,0.0,0.0,-1.0,0.0,0.1804107288536985,-0.0,"Loodus, metsandus ja maavarad"
nature,paide gümnaasium,0,17,3,213,0.23943661971830985,0.0,0.0,-1.0,0.0,0.06610140609489253,-0.0,"Loodus, metsandus ja maavarad"
nature,pullivara group,0,17,1,213,0.07981220657276995,0.0,0.0,-1.0,0.0,0.1804107288536985,-0.0,"Loodus, metsandus ja maavarad"
nature,päästame eesti metsad mtü,1,17,1,213,0.07981220657276995,12.529411764705882,0.058823529411764705,0.47154281906565043,0.47154281906565043,0.4415927165274048,0.07859046984427508,"Loodus, metsandus ja maavarad"
nature,põllumajandus- ja toiduamet,0,17,1,213,0.07981220657276995,0.0,0.0,-1.0,0.0,0.1804107288536985,-0.0,"Loodus, metsandus ja maavarad"
nature,rail baltic estonia,0,17,2,213,0.1596244131455399,0.0,0.0,-1.0,0.0,0.11354406155696557,-0.0,"Loodus, metsandus ja maavarad"
nature,regionaal- ja põllumajandusministeerium,0,17,1,213,0.07981220657276995,0.0,0.0,-1.0,0.0,0.1804107288536985,-0.0,"Loodus, metsandus ja maavarad"
nature,roche,0,17,1,213,0.07981220657276995,0.0,0.0,-1.0,0.0,0.1804107288536985,-0.0,"Loodus, metsandus ja maavarad"
nature,roche eesti oü,0,17,1,213,0.07981220657276995,0.0,0.0,-1.0,0.0,0.1804107288536985,-0.0,"Loodus, metsandus ja maavarad"
nature,sa õpilasmalev,0,17,1,213,0.07981220657276995,0.0,0.0,-1.0,0.0,0.1804107288536985,-0.0,"Loodus, metsandus ja maavarad"
nature,saaremaa gümnaasiumi õpilasesindus,0,17,1,213,0.07981220657276995,0.0,0.0,-1.0,0.0,0.1804107288536985,-0.0,"Loodus, metsandus ja maavarad"
nature,sihtasutus eesti teadusagentuur (etag),0,17,2,213,0.1596244131455399,0.0,0.0,-1.0,0.0,0.11354406155696557,-0.0,"Loodus, metsandus ja maavarad"
nature,sihtasutus iga laps on andekas,0,17,1,213,0.07981220657276995,0.0,0.0,-1.0,0.0,0.1804107288536985,-0.0,"Loodus, metsandus ja maavarad"
nature,sihtasutus järvamaa,0,17,1,213,0.07981220657276995,0.0,0.0,-1.0,0.0,0.1804107288536985,-0.0,"Loodus, metsandus ja maavarad"
nature,sihtasutus roheriiger,0,17,1,213,0.07981220657276995,0.0,0.0,-1.0,0.0,0.1804107288536985,-0.0,"Loodus, metsandus ja maavarad"
nature,sihtasutus rohetiiger,1,17,3,213,0.23943661971830985,4.176470588235294,0.05263157894736842,0.2666272400015617,0.2666272400015617,0.30199089565925596,0.044437873333593614,"Loodus, metsandus ja maavarad"
nature,siseministeerium,0,17,1,213,0.07981220657276995,0.0,0.0,-1.0,0.0,0.1804107288536985,-0.0,"Loodus, metsandus ja maavarad"
nature,synlab,0,17,1,213,0.07981220657276995,0.0,0.0,-1.0,0.0,0.1804107288536985,-0.0,"Loodus, metsandus ja maavarad"
nature,taastuvenergia koda,0,17,1,213,0.07981220657276995,0.0,0.0,-1.0,0.0,0.1804107288536985,-0.0,"Loodus, metsandus ja maavarad"
nature,tallinna ettevõtlusinkubaator,0,17,1,213,0.07981220657276995,0.0,0.0,-1.0,0.0,0.1804107288536985,-0.0,"Loodus, metsandus ja maavarad"
nature,tallinna lastekodu,0,17,1,213,0.07981220657276995,0.0,0.0,-1.0,0.0,0.1804107288536985,-0.0,"Loodus, metsandus ja maavarad"
nature,tallinna tehnikaülikool,0,17,1,213,0.07981220657276995,0.0,0.0,-1.0,0.0,0.1804107288536985,-0.0,"Loodus, metsandus ja maavarad"
nature,"tallinna tehnikaülikool, vastutustundliku majanduse ja esg fookustippkeskus",0,17,1,213,0.07981220657276995,0.0,0.0,-1.0,0.0,0.1804107288536985,-0.0,"Loodus, metsandus ja maavarad"
nature,tallinna vesi,1,17,2,213,0.1596244131455399,6.264705882352941,0.05555555555555555,0.3422554832637924,0.3422554832637924,0.3599308862871456,0.0570425805439654,"Loodus, metsandus ja maavarad"
nature,"tallinna ülikool, tartu ülikool, eesti maaülikool",0,17,1,213,0.07981220657276995,0.0,0.0,-1.0,0.0,0.1804107288536985,-0.0,"Loodus, metsandus ja maavarad"
nature,taltech,0,17,1,213,0.07981220657276995,0.0,0.0,-1.0,0.0,0.1804107288536985,-0.0,"Loodus, metsandus ja maavarad"
nature,tartu kristjan jaak petersoni gümnaasium / kultuuriministeerium,0,17,1,213,0.07981220657276995,0.0,0.0,-1.0,0.0,0.1804107288536985,-0.0,"Loodus, metsandus ja maavarad"
nature,tartu ülikool,1,17,1,213,0.07981220657276995,12.529411764705882,0.058823529411764705,0.47154281906565043,0.47154281906565043,0.4415927165274048,0.07859046984427508,"Loodus, metsandus ja maavarad"
nature,tartumaa omavalitsuste liit,0,17,2,213,0.1596244131455399,0.0,0.0,-1.0,0.0,0.11354406155696557,-0.0,"Loodus, metsandus ja maavarad"
nature,telia,0,17,5,213,0.39906103286384975,0.0,0.0,-1.0,0.0,-0.0007652612018403843,-0.0,"Loodus, metsandus ja maavarad"
nature,"telia, eesti interneti sihtasutus",0,17,1,213,0.07981220657276995,0.0,0.0,-1.0,0.0,0.1804107288536985,-0.0,"Loodus, metsandus ja maavarad"
nature,tervise tuleviku ala korraldajate ühispaneel,0,17,1,213,0.07981220657276995,0.0,0.0,-1.0,0.0,0.1804107288536985,-0.0,"Loodus, metsandus ja maavarad"
nature,tuum consulting,1,17,1,213,0.07981220657276995,12.529411764705882,0.058823529411764705,0.47154281906565043,0.47154281906565043,0.4415927165274048,0.07859046984427508,"Loodus, metsandus ja maavarad"
nature,vabaühenduste liit,0,17,2,213,0.1596244131455399,0.0,0.0,-1.0,0.0,0.11354406155696557,-0.0,"Loodus, metsandus ja maavarad"
nature,vau haldus,0,17,1,213,0.07981220657276995,0.0,0.0,-1.0,0.0,0.1804107288536985,-0.0,"Loodus, metsandus ja maavarad"
nature,vindr baltic oü ja vkg,0,17,1,213,0.07981220657276995,0.0,0.0,-1.0,0.0,0.1804107288536985,-0.0,"Loodus, metsandus ja maavarad"
nature,välisministeerium,0,17,6,213,0.4788732394366197,0.0,0.0,-1.0,0.0,-0.02618678827150076,-0.0,"Loodus, metsandus ja maavarad"
nature,välisministeerium & rahvusvaheliste suhete ring,0,17,1,213,0.07981220657276995,0.0,0.0,-1.0,0.0,0.1804107288536985,-0.0,"Loodus, metsandus ja maavarad"
nature,ühendus kultuuritahe,0,17,3,213,0.23943661971830985,0.0,0.0,-1.0,0.0,0.06610140609489253,-0.0,"Loodus, metsandus ja maavarad"
nature,üro pagulasamet,0,17,1,213,0.07981220657276995,0.0,0.0,-1.0,0.0,0.1804107288536985,-0.0,"Loodus, metsandus ja maavarad"
place,adven eesti as,1,19,2,213,0.1784037558685446,5.605263157894737,0.05,0.32150943330560916,0.32150943330560916,0.3387109776646252,0.05358490555093486,"Eluase, ruum ja ühendused"
place,allium upi oü,0,19,1,213,0.0892018779342723,0.0,0.0,-1.0,0.0,0.16303535818475132,-0.0,"Eluase, ruum ja ühendused"
place,apotheka,0,19,1,213,0.0892018779342723,0.0,0.0,-1.0,0.0,0.16303535818475132,-0.0,"Eluase, ruum ja ühendused"
place,arengukoostöö ümarlaud (akü),0,19,1,213,0.0892018779342723,0.0,0.0,-1.0,0.0,0.16303535818475132,-0.0,"Eluase, ruum ja ühendused"
place,avatud eesti fond,0,19,1,213,0.0892018779342723,0.0,0.0,-1.0,0.0,0.16303535818475132,-0.0,"Eluase, ruum ja ühendused"
place,bonava eesti,1,19,1,213,0.0892018779342723,11.210526315789474,0.05263157894736842,0.45079676910746724,0.45079676910746724,0.4203728079048844,0.07513279485124454,"Eluase, ruum ja ühendused"
place,confido,0,19,1,213,0.0892018779342723,0.0,0.0,-1.0,0.0,0.16303535818475132,-0.0,"Eluase, ruum ja ühendused"
place,confido meditsiinikeskus,0,19,1,213,0.0892018779342723,0.0,0.0,-1.0,0.0,0.16303535818475132,-0.0,"Eluase, ruum ja ühendused"
place,eena (eesti ettevõtlike naiste assotsiatsioon),0,19,1,213,0.0892018779342723,0.0,0.0,-1.0,0.0,0.16303535818475132,-0.0,"Eluase, ruum ja ühendused"
place,eesti ametiühingute keskliit,0,19,1,213,0.0892018779342723,0.0,0.0,-1.0,0.0,0.16303535818475132,-0.0,"Eluase, ruum ja ühendused"
place,eesti arhitektide liit / maa- ja ruumiamet,1,19,1,213,0.0892018779342723,11.210526315789474,0.05263157894736842,0.45079676910746724,0.45079676910746724,0.4203728079048844,0.07513279485124454,"Eluase, ruum ja ühendused"
place,eesti arhitektide liit mtü,1,19,1,213,0.0892018779342723,11.210526315789474,0.05263157894736842,0.45079676910746724,0.45079676910746724,0.4203728079048844,0.07513279485124454,"Eluase, ruum ja ühendused"
place,eesti e-residentsuse programm,0,19,8,213,0.7136150234741784,0.0,0.0,-1.0,0.0,-0.08500729916752045,-0.0,"Eluase, ruum ja ühendused"
place,eesti hambaarstide liit,0,19,2,213,0.1784037558685446,0.0,0.0,-1.0,0.0,0.09616869088801842,-0.0,"Eluase, ruum ja ühendused"
place,eesti interneti sa,0,19,3,213,0.2676056338028169,0.0,0.0,-1.0,0.0,0.04872603542594537,-0.0,"Eluase, ruum ja ühendused"
place,eesti jõujaamade ja kaugkütte ühing,0,19,1,213,0.0892018779342723,0.0,0.0,-1.0,0.0,0.16303535818475132,-0.0,"Eluase, ruum ja ühendused"
place,eesti kaitsevägi,0,19,2,213,0.1784037558685446,0.0,0.0,-1.0,0.0,0.09616869088801842,-0.0,"Eluase, ruum ja ühendused"
place,eesti kaubandus-tööstuskoda,0,19,1,213,0.0892018779342723,0.0,0.0,-1.0,0.0,0.16303535818475132,-0.0,"Eluase, ruum ja ühendused"
place,eesti keele instituut,0,19,1,213,0.0892018779342723,0.0,0.0,-1.0,0.0,0.16303535818475132,-0.0,"Eluase, ruum ja ühendused"
place,eesti kohtud,0,19,1,213,0.0892018779342723,0.0,0.0,-1.0,0.0,0.16303535818475132,-0.0,"Eluase, ruum ja ühendused"
place,eesti kultuuri koda,1,19,1,213,0.0892018779342723,11.210526315789474,0.05263157894736842,0.45079676910746724,0.45079676910746724,0.4203728079048844,0.07513279485124454,"Eluase, ruum ja ühendused"
place,eesti kunstikoolide liidu noorteühendus,0,19,1,213,0.0892018779342723,0.0,0.0,-1.0,0.0,0.16303535818475132,-0.0,"Eluase, ruum ja ühendused"
place,eesti kunstikoolide liit (noored),0,19,1,213,0.0892018779342723,0.0,0.0,-1.0,0.0,0.16303535818475132,-0.0,"Eluase, ruum ja ühendused"
place,eesti lastehoidude liit,0,19,2,213,0.1784037558685446,0.0,0.0,-1.0,0.0,0.09616869088801842,-0.0,"Eluase, ruum ja ühendused"
place,eesti loomaarstide koda (elk),0,19,1,213,0.0892018779342723,0.0,0.0,-1.0,0.0,0.16303535818475132,-0.0,"Eluase, ruum ja ühendused"
place,eesti maaülikool,0,19,2,213,0.1784037558685446,0.0,0.0,-1.0,0.0,0.09616869088801842,-0.0,"Eluase, ruum ja ühendused"
place,"eesti maaülikool, veterinaarmeditsiini ja loomakasvatuse instituut",0,19,1,213,0.0892018779342723,0.0,0.0,-1.0,0.0,0.16303535818475132,-0.0,"Eluase, ruum ja ühendused"
place,eesti matemaatika selts,0,19,1,213,0.0892018779342723,0.0,0.0,-1.0,0.0,0.16303535818475132,-0.0,"Eluase, ruum ja ühendused"
place,eesti montessori ühing,0,19,1,213,0.0892018779342723,0.0,0.0,-1.0,0.0,0.16303535818475132,-0.0,"Eluase, ruum ja ühendused"
place,eesti muuseumiühing ja eesti muuseumide liit,0,19,1,213,0.0892018779342723,0.0,0.0,-1.0,0.0,0.16303535818475132,-0.0,"Eluase, ruum ja ühendused"
place,eesti muuseumiühing koostöös eesti muuseumide liiduga,0,19,1,213,0.0892018779342723,0.0,0.0,-1.0,0.0,0.16303535818475132,-0.0,"Eluase, ruum ja ühendused"
place,eesti nato ühing,0,19,1,213,0.0892018779342723,0.0,0.0,-1.0,0.0,0.16303535818475132,-0.0,"Eluase, ruum ja ühendused"
place,eesti noorteühenduste liit,0,19,1,213,0.0892018779342723,0.0,0.0,-1.0,0.0,0.16303535818475132,-0.0,"Eluase, ruum ja ühendused"
place,eesti personalijuhtimise ühing pare,0,19,9,213,0.8028169014084507,0.0,0.0,-1.0,0.0,-0.10238266983646759,-0.0,"Eluase, ruum ja ühendused"
place,eesti personalijuhtimise ühing pare ja tööinspektsioon,1,19,9,213,0.8028169014084507,1.2456140350877192,0.037037037037037035,0.0409656109792896,0.0409656109792896,0.09622741793369693,0.0068276018298816,"Eluase, ruum ja ühendused"
place,"eesti puuetega naiste ühenduste liit, helpific mtü",0,19,1,213,0.0892018779342723,0.0,0.0,-1.0,0.0,0.16303535818475132,-0.0,"Eluase, ruum ja ühendused"
place,eesti roheline liikumine,0,19,2,213,0.1784037558685446,0.0,0.0,-1.0,0.0,0.09616869088801842,-0.0,"Eluase, ruum ja ühendused"
place,eesti seksuaaltervise liit,0,19,2,213,0.1784037558685446,0.0,0.0,-1.0,0.0,0.09616869088801842,-0.0,"Eluase, ruum ja ühendused"
place,eesti sõjamuuseum,0,19,1,213,0.0892018779342723,0.0,0.0,-1.0,0.0,0.16303535818475132,-0.0,"Eluase, ruum ja ühendused"
place,eesti tervisemajanduse koda (health founders estonia),0,19,1,213,0.0892018779342723,0.0,0.0,-1.0,0.0,0.16303535818475132,-0.0,"Eluase, ruum ja ühendused"
place,eesti tervisemajanduse koda (health founders),0,19,1,213,0.0892018779342723,0.0,0.0,-1.0,0.0,0.16303535818475132,-0.0,"Eluase, ruum ja ühendused"
place,eesti tuuleenergia assotsiatsioon,0,19,2,213,0.1784037558685446,0.0,0.0,-1.0,0.0,0.09616869088801842,-0.0,"Eluase, ruum ja ühendused"
place,eesti urantia assotsiatsioon mtü,0,19,1,213,0.0892018779342723,0.0,0.0,-1.0,0.0,0.16303535818475132,-0.0,"Eluase, ruum ja ühendused"
place,eesti vaimse tervise ja heaolu koalitsioon vatek,1,19,1,213,0.0892018779342723,11.210526315789474,0.05263157894736842,0.45079676910746724,0.45079676910746724,0.4203728079048844,0.07513279485124454,"Eluase, ruum ja ühendused"
place,eesti vähitõrje võrgustik (estcan),0,19,5,213,0.4460093896713615,0.0,0.0,-1.0,0.0,-0.018140631870787533,-0.0,"Eluase, ruum ja ühendused"
place,eesti väitlusselts,0,19,1,213,0.0892018779342723,0.0,0.0,-1.0,0.0,0.16303535818475132,-0.0,"Eluase, ruum ja ühendused"
place,eesti õigusteaduse üliõpilaste liit,0,19,2,213,0.1784037558685446,0.0,0.0,-1.0,0.0,0.09616869088801842,-0.0,"Eluase, ruum ja ühendused"
place,"eesti õigusteaduse üliõpilaste liit, rahvusvaheliste suhete ring, feministeerium",0,19,1,213,0.0892018779342723,0.0,0.0,-1.0,0.0,0.16303535818475132,-0.0,"Eluase, ruum ja ühendused"
place,eesti õpilasesinduste liit,0,19,1,213,0.0892018779342723,0.0,0.0,-1.0,0.0,0.16303535818475132,-0.0,"Eluase, ruum ja ühendused"
place,eesti üliõpilaskondade liit,0,19,2,213,0.1784037558685446,0.0,0.0,-1.0,0.0,0.09616869088801842,-0.0,"Eluase, ruum ja ühendused"
place,eesti üro ühing,0,19,2,213,0.1784037558685446,0.0,0.0,-1.0,0.0,0.09616869088801842,-0.0,"Eluase, ruum ja ühendused"
place,eestimaa looduse fond,0,19,2,213,0.1784037558685446,0.0,0.0,-1.0,0.0,0.09616869088801842,-0.0,"Eluase, ruum ja ühendused"
place,efektiivne altruism eesti,0,19,2,213,0.1784037558685446,0.0,0.0,-1.0,0.0,0.09616869088801842,-0.0,"Eluase, ruum ja ühendused"
place,elisabeth luisk,0,19,1,213,0.0892018779342723,0.0,0.0,-1.0,0.0,0.16303535818475132,-0.0,"Eluase, ruum ja ühendused"
place,emn eesti,0,19,1,213,0.0892018779342723,0.0,0.0,-1.0,0.0,0.16303535818475132,-0.0,"Eluase, ruum ja ühendused"
place,eurooopa parlamendi büroo eestis,0,19,1,213,0.0892018779342723,0.0,0.0,-1.0,0.0,0.16303535818475132,-0.0,"Eluase, ruum ja ühendused"
place,euroopa komisjoni eesti esindus,1,19,1,213,0.0892018779342723,11.210526315789474,0.05263157894736842,0.45079676910746724,0.45079676910746724,0.4203728079048844,0.07513279485124454,"Eluase, ruum ja ühendused"
place,"euroopa rändevõrgustiku eesti kontaktpunkt (emn eesti), sisekaitseakadeemia, haridus- ja noorteamet",0,19,1,213,0.0892018779342723,0.0,0.0,-1.0,0.0,0.16303535818475132,-0.0,"Eluase, ruum ja ühendused"
place,fenno-ugria asutus,0,19,1,213,0.0892018779342723,0.0,0.0,-1.0,0.0,0.16303535818475132,-0.0,"Eluase, ruum ja ühendused"
place,filmifestival horisont,0,19,1,213,0.0892018779342723,0.0,0.0,-1.0,0.0,0.16303535818475132,-0.0,"Eluase, ruum ja ühendused"
place,fridays for future eesti (mtü loodusvõlu),1,19,3,213,0.2676056338028169,3.7368421052631584,0.047619047619047616,0.24588119004337838,0.24588119004337838,0.28077098703673564,0.040980198340563066,"Eluase, ruum ja ühendused"
place,geoteaduste üliõpilaste selts,0,19,1,213,0.0892018779342723,0.0,0.0,-1.0,0.0,0.16303535818475132,-0.0,"Eluase, ruum ja ühendused"
place,heaoluteaduste tippkeskus estwell,0,19,1,213,0.0892018779342723,0.0,0.0,-1.0,0.0,0.16303535818475132,-0.0,"Eluase, ruum ja ühendused"
place,integratsiooni sihtasutus,0,19,1,213,0.0892018779342723,0.0,0.0,-1.0,0.0,0.16303535818475132,-0.0,"Eluase, ruum ja ühendused"
place,justiits- ja digiministeerium,0,19,2,213,0.1784037558685446,0.0,0.0,-1.0,0.0,0.09616869088801842,-0.0,"Eluase, ruum ja ühendused"
place,kaitseliit,0,19,1,213,0.0892018779342723,0.0,0.0,-1.0,0.0,0.16303535818475132,-0.0,"Eluase, ruum ja ühendused"
place,kaitseministeerium,0,19,1,213,0.0892018779342723,0.0,0.0,-1.0,0.0,0.16303535818475132,-0.0,"Eluase, ruum ja ühendused"
place,kaitseministeerium ja parempoolsed,0,19,1,213,0.0892018779342723,0.0,0.0,-1.0,0.0,0.16303535818475132,-0.0,"Eluase, ruum ja ühendused"
place,kaitseressursside amet,0,19,1,213,0.0892018779342723,0.0,0.0,-1.0,0.0,0.16303535818475132,-0.0,"Eluase, ruum ja ühendused"
place,kaja pae,1,19,1,213,0.0892018779342723,11.210526315789474,0.05263157894736842,0.45079676910746724,0.45079676910746724,0.4203728079048844,0.07513279485124454,"Eluase, ruum ja ühendused"
place,keskkonnainvesteeringute keskus,1,19,2,213,0.1784037558685446,5.605263157894737,0.05,0.32150943330560916,0.32150943330560916,0.3387109776646252,0.05358490555093486,"Eluase, ruum ja ühendused"
place,keskkonnainvesteeringute keskus (kik),0,19,1,213,0.0892018779342723,0.0,0.0,-1.0,0.0,0.16303535818475132,-0.0,"Eluase, ruum ja ühendused"
place,kogu ala ühispaneel,0,19,1,213,0.0892018779342723,0.0,0.0,-1.0,0.0,0.16303535818475132,-0.0,"Eluase, ruum ja ühendused"
place,kood/järva,0,19,1,213,0.0892018779342723,0.0,0.0,-1.0,0.0,0.16303535818475132,-0.0,"Eluase, ruum ja ühendused"
place,kood/jõhvi,0,19,1,213,0.0892018779342723,0.0,0.0,-1.0,0.0,0.16303535818475132,-0.0,"Eluase, ruum ja ühendused"
place,kood/jõhvi ja haridus- ja noorteamet,0,19,1,213,0.0892018779342723,0.0,0.0,-1.0,0.0,0.16303535818475132,-0.0,"Eluase, ruum ja ühendused"
place,korruptsioonivaba eesti mtü,0,19,1,213,0.0892018779342723,0.0,0.0,-1.0,0.0,0.16303535818475132,-0.0,"Eluase, ruum ja ühendused"
place,kultuuriministeerium,0,19,1,213,0.0892018779342723,0.0,0.0,-1.0,0.0,0.16303535818475132,-0.0,"Eluase, ruum ja ühendused"
place,lasteklubi väike päike,0,19,3,213,0.2676056338028169,0.0,0.0,-1.0,0.0,0.04872603542594537,-0.0,"Eluase, ruum ja ühendused"
place,loodushoiu fond,0,19,1,213,0.0892018779342723,0.0,0.0,-1.0,0.0,0.16303535818475132,-0.0,"Eluase, ruum ja ühendused"
place,loomus mtü,0,19,1,213,0.0892018779342723,0.0,0.0,-1.0,0.0,0.16303535818475132,-0.0,"Eluase, ruum ja ühendused"
place,magnum as,0,19,2,213,0.1784037558685446,0.0,0.0,-1.0,0.0,0.09616869088801842,-0.0,"Eluase, ruum ja ühendused"
place,maililii oü,0,19,1,213,0.0892018779342723,0.0,0.0,-1.0,0.0,0.16303535818475132,-0.0,"Eluase, ruum ja ühendused"
place,meta advisory oü,0,19,1,213,0.0892018779342723,0.0,0.0,-1.0,0.0,0.16303535818475132,-0.0,"Eluase, ruum ja ühendused"
place,mtü arvamusfestival,0,19,4,213,0.3568075117370892,0.0,0.0,-1.0,0.0,0.011926652922338377,-0.0,"Eluase, ruum ja ühendused"
place,mtü eesti jõujaamade ja kaugkütte ühing,0,19,1,213,0.0892018779342723,0.0,0.0,-1.0,0.0,0.16303535818475132,-0.0,"Eluase, ruum ja ühendused"
place,mtü eesti psühholoogiaüliõpilaste ühendus,0,19,1,213,0.0892018779342723,0.0,0.0,-1.0,0.0,0.16303535818475132,-0.0,"Eluase, ruum ja ühendused"
place,mtü eesti taastuvenergia koda,1,19,7,213,0.6244131455399061,1.6015037593984962,0.04,0.08784133058440668,0.08784133058440668,0.14116916616858685,0.014640221764067781,"Eluase, ruum ja ühendused"
place,"mtü esto-rada, multikey online school",0,19,1,213,0.0892018779342723,0.0,0.0,-1.0,0.0,0.16303535818475132,-0.0,"Eluase, ruum ja ühendused"
place,mtü kodanikupalga ümarlaud eestis,0,19,1,213,0.0892018779342723,0.0,0.0,-1.0,0.0,0.16303535818475132,-0.0,"Eluase, ruum ja ühendused"
place,mtü lastekaitse liit,0,19,1,213,0.0892018779342723,0.0,0.0,-1.0,0.0,0.16303535818475132,-0.0,"Eluase, ruum ja ühendused"
place,mtü lastekaitse liit ja tallinna raamatukogud,0,19,1,213,0.0892018779342723,0.0,0.0,-1.0,0.0,0.16303535818475132,-0.0,"Eluase, ruum ja ühendused"
place,mtü progressiivne liikumine,0,19,2,213,0.1784037558685446,0.0,0.0,-1.0,0.0,0.09616869088801842,-0.0,"Eluase, ruum ja ühendused"
place,mtü teadveloleku kompetentsikeskus toko,0,19,1,213,0.0892018779342723,0.0,0.0,-1.0,0.0,0.16303535818475132,-0.0,"Eluase, ruum ja ühendused"
place,novartis,0,19,1,213,0.0892018779342723,0.0,0.0,-1.0,0.0,0.16303535818475132,-0.0,"Eluase, ruum ja ühendused"
place,paide gümnaasium,0,19,3,213,0.2676056338028169,0.0,0.0,-1.0,0.0,0.04872603542594537,-0.0,"Eluase, ruum ja ühendused"
place,pullivara group,0,19,1,213,0.0892018779342723,0.0,0.0,-1.0,0.0,0.16303535818475132,-0.0,"Eluase, ruum ja ühendused"
place,päästame eesti metsad mtü,0,19,1,213,0.0892018779342723,0.0,0.0,-1.0,0.0,0.16303535818475132,-0.0,"Eluase, ruum ja ühendused"
place,põllumajandus- ja toiduamet,0,19,1,213,0.0892018779342723,0.0,0.0,-1.0,0.0,0.16303535818475132,-0.0,"Eluase, ruum ja ühendused"
place,rail baltic estonia,2,19,2,213,0.1784037558685446,11.210526315789474,0.10526315789473684,0.5177331025989104,0.5177331025989104,0.4922346759139932,0.14792374359968868,"Eluase, ruum ja ühendused"
place,regionaal- ja põllumajandusministeerium,0,19,1,213,0.0892018779342723,0.0,0.0,-1.0,0.0,0.16303535818475132,-0.0,"Eluase, ruum ja ühendused"
place,roche,0,19,1,213,0.0892018779342723,0.0,0.0,-1.0,0.0,0.16303535818475132,-0.0,"Eluase, ruum ja ühendused"
place,roche eesti oü,0,19,1,213,0.0892018779342723,0.0,0.0,-1.0,0.0,0.16303535818475132,-0.0,"Eluase, ruum ja ühendused"
place,sa õpilasmalev,0,19,1,213,0.0892018779342723,0.0,0.0,-1.0,0.0,0.16303535818475132,-0.0,"Eluase, ruum ja ühendused"
place,saaremaa gümnaasiumi õpilasesindus,0,19,1,213,0.0892018779342723,0.0,0.0,-1.0,0.0,0.16303535818475132,-0.0,"Eluase, ruum ja ühendused"
place,sihtasutus eesti teadusagentuur (etag),0,19,2,213,0.1784037558685446,0.0,0.0,-1.0,0.0,0.09616869088801842,-0.0,"Eluase, ruum ja ühendused"
place,sihtasutus iga laps on andekas,0,19,1,213,0.0892018779342723,0.0,0.0,-1.0,0.0,0.16303535818475132,-0.0,"Eluase, ruum ja ühendused"
place,sihtasutus järvamaa,1,19,1,213,0.0892018779342723,11.210526315789474,0.05263157894736842,0.45079676910746724,0.45079676910746724,0.4203728079048844,0.07513279485124454,"Eluase, ruum ja ühendused"
place,sihtasutus roheriiger,0,19,1,213,0.0892018779342723,0.0,0.0,-1.0,0.0,0.16303535818475132,-0.0,"Eluase, ruum ja ühendused"
place,sihtasutus rohetiiger,1,19,3,213,0.2676056338028169,3.7368421052631584,0.047619047619047616,0.24588119004337838,0.24588119004337838,0.28077098703673564,0.040980198340563066,"Eluase, ruum ja ühendused"
place,siseministeerium,0,19,1,213,0.0892018779342723,0.0,0.0,-1.0,0.0,0.16303535818475132,-0.0,"Eluase, ruum ja ühendused"
place,synlab,0,19,1,213,0.0892018779342723,0.0,0.0,-1.0,0.0,0.16303535818475132,-0.0,"Eluase, ruum ja ühendused"
place,taastuvenergia koda,0,19,1,213,0.0892018779342723,0.0,0.0,-1.0,0.0,0.16303535818475132,-0.0,"Eluase, ruum ja ühendused"
place,tallinna ettevõtlusinkubaator,0,19,1,213,0.0892018779342723,0.0,0.0,-1.0,0.0,0.16303535818475132,-0.0,"Eluase, ruum ja ühendused"
place,tallinna lastekodu,0,19,1,213,0.0892018779342723,0.0,0.0,-1.0,0.0,0.16303535818475132,-0.0,"Eluase, ruum ja ühendused"
place,tallinna tehnikaülikool,0,19,1,213,0.0892018779342723,0.0,0.0,-1.0,0.0,0.16303535818475132,-0.0,"Eluase, ruum ja ühendused"
place,"tallinna tehnikaülikool, vastutustundliku majanduse ja esg fookustippkeskus",0,19,1,213,0.0892018779342723,0.0,0.0,-1.0,0.0,0.16303535818475132,-0.0,"Eluase, ruum ja ühendused"
place,tallinna vesi,0,19,2,213,0.1784037558685446,0.0,0.0,-1.0,0.0,0.09616869088801842,-0.0,"Eluase, ruum ja ühendused"
place,"tallinna ülikool, tartu ülikool, eesti maaülikool",0,19,1,213,0.0892018779342723,0.0,0.0,-1.0,0.0,0.16303535818475132,-0.0,"Eluase, ruum ja ühendused"
place,taltech,0,19,1,213,0.0892018779342723,0.0,0.0,-1.0,0.0,0.16303535818475132,-0.0,"Eluase, ruum ja ühendused"
place,tartu kristjan jaak petersoni gümnaasium / kultuuriministeerium,0,19,1,213,0.0892018779342723,0.0,0.0,-1.0,0.0,0.16303535818475132,-0.0,"Eluase, ruum ja ühendused"
place,tartu ülikool,1,19,1,213,0.0892018779342723,11.210526315789474,0.05263157894736842,0.45079676910746724,0.45079676910746724,0.4203728079048844,0.07513279485124454,"Eluase, ruum ja ühendused"
place,tartumaa omavalitsuste liit,0,19,2,213,0.1784037558685446,0.0,0.0,-1.0,0.0,0.09616869088801842,-0.0,"Eluase, ruum ja ühendused"
place,telia,0,19,5,213,0.4460093896713615,0.0,0.0,-1.0,0.0,-0.018140631870787533,-0.0,"Eluase, ruum ja ühendused"
place,"telia, eesti interneti sihtasutus",0,19,1,213,0.0892018779342723,0.0,0.0,-1.0,0.0,0.16303535818475132,-0.0,"Eluase, ruum ja ühendused"
place,tervise tuleviku ala korraldajate ühispaneel,0,19,1,213,0.0892018779342723,0.0,0.0,-1.0,0.0,0.16303535818475132,-0.0,"Eluase, ruum ja ühendused"
place,tuum consulting,0,19,1,213,0.0892018779342723,0.0,0.0,-1.0,0.0,0.16303535818475132,-0.0,"Eluase, ruum ja ühendused"
place,vabaühenduste liit,0,19,2,213,0.1784037558685446,0.0,0.0,-1.0,0.0,0.09616869088801842,-0.0,"Eluase, ruum ja ühendused"
place,vau haldus,1,19,1,213,0.0892018779342723,11.210526315789474,0.05263157894736842,0.45079676910746724,0.45079676910746724,0.4203728079048844,0.07513279485124454,"Eluase, ruum ja ühendused"
place,vindr baltic oü ja vkg,0,19,1,213,0.0892018779342723,0.0,0.0,-1.0,0.0,0.16303535818475132,-0.0,"Eluase, ruum ja ühendused"
place,välisministeerium,1,19,6,213,0.5352112676056338,1.8684210526315792,0.041666666666666664,0.11659385424152034,0.11659385424152034,0.1680627698306318,0.01943230904025339,"Eluase, ruum ja ühendused"
place,välisministeerium & rahvusvaheliste suhete ring,0,19,1,213,0.0892018779342723,0.0,0.0,-1.0,0.0,0.16303535818475132,-0.0,"Eluase, ruum ja ühendused"
place,ühendus kultuuritahe,0,19,3,213,0.2676056338028169,0.0,0.0,-1.0,0.0,0.04872603542594537,-0.0,"Eluase, ruum ja ühendused"
place,üro pagulasamet,0,19,1,213,0.0892018779342723,0.0,0.0,-1.0,0.0,0.16303535818475132,-0.0,"Eluase, ruum ja ühendused"
wellbeing,adven eesti as,0,33,2,213,0.30985915492957744,0.0,0.0,-1.0,0.0,0.008660932482932185,-0.0,"Vaimne tervis, tervisekäitumine ja ennetus"
wellbeing,allium upi oü,1,33,1,213,0.15492957746478872,6.454545454545455,0.030303030303030304,0.3478237235735855,0.3478237235735855,0.3135027633747764,0.05797062059559758,"Vaimne tervis, tervisekäitumine ja ennetus"
wellbeing,apotheka,1,33,1,213,0.15492957746478872,6.454545454545455,0.030303030303030304,0.3478237235735855,0.3478237235735855,0.3135027633747764,0.05797062059559758,"Vaimne tervis, tervisekäitumine ja ennetus"
wellbeing,arengukoostöö ümarlaud (akü),0,33,1,213,0.15492957746478872,0.0,0.0,-1.0,0.0,0.07552759977966514,-0.0,"Vaimne tervis, tervisekäitumine ja ennetus"
wellbeing,avatud eesti fond,0,33,1,213,0.15492957746478872,0.0,0.0,-1.0,0.0,0.07552759977966514,-0.0,"Vaimne tervis, tervisekäitumine ja ennetus"
wellbeing,bonava eesti,0,33,1,213,0.15492957746478872,0.0,0.0,-1.0,0.0,0.07552759977966514,-0.0,"Vaimne tervis, tervisekäitumine ja ennetus"
wellbeing,confido,1,33,1,213,0.15492957746478872,6.454545454545455,0.030303030303030304,0.3478237235735855,0.3478237235735855,0.3135027633747764,0.05797062059559758,"Vaimne tervis, tervisekäitumine ja ennetus"
wellbeing,confido meditsiinikeskus,0,33,1,213,0.15492957746478872,0.0,0.0,-1.0,0.0,0.07552759977966514,-0.0,"Vaimne tervis, tervisekäitumine ja ennetus"
wellbeing,eena (eesti ettevõtlike naiste assotsiatsioon),0,33,1,213,0.15492957746478872,0.0,0.0,-1.0,0.0,0.07552759977966514,-0.0,"Vaimne tervis, tervisekäitumine ja ennetus"
wellbeing,eesti ametiühingute keskliit,1,33,1,213,0.15492957746478872,6.454545454545455,0.030303030303030304,0.3478237235735855,0.3478237235735855,0.3135027633747764,0.05797062059559758,"Vaimne tervis, tervisekäitumine ja ennetus"
wellbeing,eesti arhitektide liit / maa- ja ruumiamet,0,33,1,213,0.15492957746478872,0.0,0.0,-1.0,0.0,0.07552759977966514,-0.0,"Vaimne tervis, tervisekäitumine ja ennetus"
wellbeing,eesti arhitektide liit mtü,0,33,1,213,0.15492957746478872,0.0,0.0,-1.0,0.0,0.07552759977966514,-0.0,"Vaimne tervis, tervisekäitumine ja ennetus"
wellbeing,eesti e-residentsuse programm,0,33,8,213,1.2394366197183098,0.0,0.0,-1.0,0.0,-0.17251505757260663,-0.0,"Vaimne tervis, tervisekäitumine ja ennetus"
wellbeing,eesti hambaarstide liit,0,33,2,213,0.30985915492957744,0.0,0.0,-1.0,0.0,0.008660932482932185,-0.0,"Vaimne tervis, tervisekäitumine ja ennetus"
wellbeing,eesti interneti sa,1,33,3,213,0.4647887323943662,2.1515151515151514,0.02857142857142857,0.1429081445094967,0.1429081445094967,0.17390094250662763,0.02381802408491612,"Vaimne tervis, tervisekäitumine ja ennetus"
wellbeing,eesti jõujaamade ja kaugkütte ühing,0,33,1,213,0.15492957746478872,0.0,0.0,-1.0,0.0,0.07552759977966514,-0.0,"Vaimne tervis, tervisekäitumine ja ennetus"
wellbeing,eesti kaitsevägi,0,33,2,213,0.30985915492957744,0.0,0.0,-1.0,0.0,0.008660932482932185,-0.0,"Vaimne tervis, tervisekäitumine ja ennetus"
wellbeing,eesti kaubandus-tööstuskoda,1,33,1,213,0.15492957746478872,6.454545454545455,0.030303030303030304,0.3478237235735855,0.3478237235735855,0.3135027633747764,0.05797062059559758,"Vaimne tervis, tervisekäitumine ja ennetus"
wellbeing,eesti keele instituut,0,33,1,213,0.15492957746478872,0.0,0.0,-1.0,0.0,0.07552759977966514,-0.0,"Vaimne tervis, tervisekäitumine ja ennetus"
wellbeing,eesti kohtud,0,33,1,213,0.15492957746478872,0.0,0.0,-1.0,0.0,0.07552759977966514,-0.0,"Vaimne tervis, tervisekäitumine ja ennetus"
wellbeing,eesti kultuuri koda,0,33,1,213,0.15492957746478872,0.0,0.0,-1.0,0.0,0.07552759977966514,-0.0,"Vaimne tervis, tervisekäitumine ja ennetus"
wellbeing,eesti kunstikoolide liidu noorteühendus,0,33,1,213,0.15492957746478872,0.0,0.0,-1.0,0.0,0.07552759977966514,-0.0,"Vaimne tervis, tervisekäitumine ja ennetus"
wellbeing,eesti kunstikoolide liit (noored),0,33,1,213,0.15492957746478872,0.0,0.0,-1.0,0.0,0.07552759977966514,-0.0,"Vaimne tervis, tervisekäitumine ja ennetus"
wellbeing,eesti lastehoidude liit,0,33,2,213,0.30985915492957744,0.0,0.0,-1.0,0.0,0.008660932482932185,-0.0,"Vaimne tervis, tervisekäitumine ja ennetus"
wellbeing,eesti loomaarstide koda (elk),0,33,1,213,0.15492957746478872,0.0,0.0,-1.0,0.0,0.07552759977966514,-0.0,"Vaimne tervis, tervisekäitumine ja ennetus"
wellbeing,eesti maaülikool,0,33,2,213,0.30985915492957744,0.0,0.0,-1.0,0.0,0.008660932482932185,-0.0,"Vaimne tervis, tervisekäitumine ja ennetus"
wellbeing,"eesti maaülikool, veterinaarmeditsiini ja loomakasvatuse instituut",0,33,1,213,0.15492957746478872,0.0,0.0,-1.0,0.0,0.07552759977966514,-0.0,"Vaimne tervis, tervisekäitumine ja ennetus"
wellbeing,eesti matemaatika selts,0,33,1,213,0.15492957746478872,0.0,0.0,-1.0,0.0,0.07552759977966514,-0.0,"Vaimne tervis, tervisekäitumine ja ennetus"
wellbeing,eesti montessori ühing,0,33,1,213,0.15492957746478872,0.0,0.0,-1.0,0.0,0.07552759977966514,-0.0,"Vaimne tervis, tervisekäitumine ja ennetus"
wellbeing,eesti muuseumiühing ja eesti muuseumide liit,0,33,1,213,0.15492957746478872,0.0,0.0,-1.0,0.0,0.07552759977966514,-0.0,"Vaimne tervis, tervisekäitumine ja ennetus"
wellbeing,eesti muuseumiühing koostöös eesti muuseumide liiduga,0,33,1,213,0.15492957746478872,0.0,0.0,-1.0,0.0,0.07552759977966514,-0.0,"Vaimne tervis, tervisekäitumine ja ennetus"
wellbeing,eesti nato ühing,0,33,1,213,0.15492957746478872,0.0,0.0,-1.0,0.0,0.07552759977966514,-0.0,"Vaimne tervis, tervisekäitumine ja ennetus"
wellbeing,eesti noorteühenduste liit,0,33,1,213,0.15492957746478872,0.0,0.0,-1.0,0.0,0.07552759977966514,-0.0,"Vaimne tervis, tervisekäitumine ja ennetus"
wellbeing,eesti personalijuhtimise ühing pare,2,33,9,213,1.3943661971830985,1.4343434343434345,0.05,0.07726992383787763,0.07726992383787763,0.10281711593903206,0.022077121096536468,"Vaimne tervis, tervisekäitumine ja ennetus"
wellbeing,eesti personalijuhtimise ühing pare ja tööinspektsioon,3,33,9,213,1.3943661971830985,2.151515151515152,0.07692307692307693,0.1797395858181656,0.1797395858181656,0.19292848071105992,0.0674023446818121,"Vaimne tervis, tervisekäitumine ja ennetus"
wellbeing,"eesti puuetega naiste ühenduste liit, helpific mtü",0,33,1,213,0.15492957746478872,0.0,0.0,-1.0,0.0,0.07552759977966514,-0.0,"Vaimne tervis, tervisekäitumine ja ennetus"
wellbeing,eesti roheline liikumine,0,33,2,213,0.30985915492957744,0.0,0.0,-1.0,0.0,0.008660932482932185,-0.0,"Vaimne tervis, tervisekäitumine ja ennetus"
wellbeing,eesti seksuaaltervise liit,0,33,2,213,0.30985915492957744,0.0,0.0,-1.0,0.0,0.008660932482932185,-0.0,"Vaimne tervis, tervisekäitumine ja ennetus"
wellbeing,eesti sõjamuuseum,0,33,1,213,0.15492957746478872,0.0,0.0,-1.0,0.0,0.07552759977966514,-0.0,"Vaimne tervis, tervisekäitumine ja ennetus"
wellbeing,eesti tervisemajanduse koda (health founders estonia),0,33,1,213,0.15492957746478872,0.0,0.0,-1.0,0.0,0.07552759977966514,-0.0,"Vaimne tervis, tervisekäitumine ja ennetus"
wellbeing,eesti tervisemajanduse koda (health founders),1,33,1,213,0.15492957746478872,6.454545454545455,0.030303030303030304,0.3478237235735855,0.3478237235735855,0.3135027633747764,0.05797062059559758,"Vaimne tervis, tervisekäitumine ja ennetus"
wellbeing,eesti tuuleenergia assotsiatsioon,0,33,2,213,0.30985915492957744,0.0,0.0,-1.0,0.0,0.008660932482932185,-0.0,"Vaimne tervis, tervisekäitumine ja ennetus"
wellbeing,eesti urantia assotsiatsioon mtü,0,33,1,213,0.15492957746478872,0.0,0.0,-1.0,0.0,0.07552759977966514,-0.0,"Vaimne tervis, tervisekäitumine ja ennetus"
wellbeing,eesti vaimse tervise ja heaolu koalitsioon vatek,1,33,1,213,0.15492957746478872,6.454545454545455,0.030303030303030304,0.3478237235735855,0.3478237235735855,0.3135027633747764,0.05797062059559758,"Vaimne tervis, tervisekäitumine ja ennetus"
wellbeing,eesti vähitõrje võrgustik (estcan),1,33,5,213,0.7746478873239436,1.290909090909091,0.02702702702702703,0.047627826262114585,0.047627826262114585,0.0922391122663684,0.007937971043685764,"Vaimne tervis, tervisekäitumine ja ennetus"
wellbeing,eesti väitlusselts,0,33,1,213,0.15492957746478872,0.0,0.0,-1.0,0.0,0.07552759977966514,-0.0,"Vaimne tervis, tervisekäitumine ja ennetus"
wellbeing,eesti õigusteaduse üliõpilaste liit,1,33,2,213,0.30985915492957744,3.2272727272727275,0.029411764705882353,0.21853638777172749,0.21853638777172749,0.2318409331345172,0.03642273129528791,"Vaimne tervis, tervisekäitumine ja ennetus"
wellbeing,"eesti õigusteaduse üliõpilaste liit, rahvusvaheliste suhete ring, feministeerium",0,33,1,213,0.15492957746478872,0.0,0.0,-1.0,0.0,0.07552759977966514,-0.0,"Vaimne tervis, tervisekäitumine ja ennetus"
wellbeing,eesti õpilasesinduste liit,0,33,1,213,0.15492957746478872,0.0,0.0,-1.0,0.0,0.07552759977966514,-0.0,"Vaimne tervis, tervisekäitumine ja ennetus"
wellbeing,eesti üliõpilaskondade liit,0,33,2,213,0.30985915492957744,0.0,0.0,-1.0,0.0,0.008660932482932185,-0.0,"Vaimne tervis, tervisekäitumine ja ennetus"
wellbeing,eesti üro ühing,0,33,2,213,0.30985915492957744,0.0,0.0,-1.0,0.0,0.008660932482932185,-0.0,"Vaimne tervis, tervisekäitumine ja ennetus"
wellbeing,eestimaa looduse fond,0,33,2,213,0.30985915492957744,0.0,0.0,-1.0,0.0,0.008660932482932185,-0.0,"Vaimne tervis, tervisekäitumine ja ennetus"
wellbeing,efektiivne altruism eesti,0,33,2,213,0.30985915492957744,0.0,0.0,-1.0,0.0,0.008660932482932185,-0.0,"Vaimne tervis, tervisekäitumine ja ennetus"
wellbeing,elisabeth luisk,1,33,1,213,0.15492957746478872,6.454545454545455,0.030303030303030304,0.3478237235735855,0.3478237235735855,0.3135027633747764,0.05797062059559758,"Vaimne tervis, tervisekäitumine ja ennetus"
wellbeing,emn eesti,0,33,1,213,0.15492957746478872,0.0,0.0,-1.0,0.0,0.07552759977966514,-0.0,"Vaimne tervis, tervisekäitumine ja ennetus"
wellbeing,eurooopa parlamendi büroo eestis,0,33,1,213,0.15492957746478872,0.0,0.0,-1.0,0.0,0.07552759977966514,-0.0,"Vaimne tervis, tervisekäitumine ja ennetus"
wellbeing,euroopa komisjoni eesti esindus,0,33,1,213,0.15492957746478872,0.0,0.0,-1.0,0.0,0.07552759977966514,-0.0,"Vaimne tervis, tervisekäitumine ja ennetus"
wellbeing,"euroopa rändevõrgustiku eesti kontaktpunkt (emn eesti), sisekaitseakadeemia, haridus- ja noorteamet",0,33,1,213,0.15492957746478872,0.0,0.0,-1.0,0.0,0.07552759977966514,-0.0,"Vaimne tervis, tervisekäitumine ja ennetus"
wellbeing,fenno-ugria asutus,0,33,1,213,0.15492957746478872,0.0,0.0,-1.0,0.0,0.07552759977966514,-0.0,"Vaimne tervis, tervisekäitumine ja ennetus"
wellbeing,filmifestival horisont,1,33,1,213,0.15492957746478872,6.454545454545455,0.030303030303030304,0.3478237235735855,0.3478237235735855,0.3135027633747764,0.05797062059559758,"Vaimne tervis, tervisekäitumine ja ennetus"
wellbeing,fridays for future eesti (mtü loodusvõlu),0,33,3,213,0.4647887323943662,0.0,0.0,-1.0,0.0,-0.03878172297914082,-0.0,"Vaimne tervis, tervisekäitumine ja ennetus"
wellbeing,geoteaduste üliõpilaste selts,0,33,1,213,0.15492957746478872,0.0,0.0,-1.0,0.0,0.07552759977966514,-0.0,"Vaimne tervis, tervisekäitumine ja ennetus"
wellbeing,heaoluteaduste tippkeskus estwell,1,33,1,213,0.15492957746478872,6.454545454545455,0.030303030303030304,0.3478237235735855,0.3478237235735855,0.3135027633747764,0.05797062059559758,"Vaimne tervis, tervisekäitumine ja ennetus"
wellbeing,integratsiooni sihtasutus,0,33,1,213,0.15492957746478872,0.0,0.0,-1.0,0.0,0.07552759977966514,-0.0,"Vaimne tervis, tervisekäitumine ja ennetus"
wellbeing,justiits- ja digiministeerium,0,33,2,213,0.30985915492957744,0.0,0.0,-1.0,0.0,0.008660932482932185,-0.0,"Vaimne tervis, tervisekäitumine ja ennetus"
wellbeing,kaitseliit,0,33,1,213,0.15492957746478872,0.0,0.0,-1.0,0.0,0.07552759977966514,-0.0,"Vaimne tervis, tervisekäitumine ja ennetus"
wellbeing,kaitseministeerium,0,33,1,213,0.15492957746478872,0.0,0.0,-1.0,0.0,0.07552759977966514,-0.0,"Vaimne tervis, tervisekäitumine ja ennetus"
wellbeing,kaitseministeerium ja parempoolsed,0,33,1,213,0.15492957746478872,0.0,0.0,-1.0,0.0,0.07552759977966514,-0.0,"Vaimne tervis, tervisekäitumine ja ennetus"
wellbeing,kaitseressursside amet,0,33,1,213,0.15492957746478872,0.0,0.0,-1.0,0.0,0.07552759977966514,-0.0,"Vaimne tervis, tervisekäitumine ja ennetus"
wellbeing,kaja pae,0,33,1,213,0.15492957746478872,0.0,0.0,-1.0,0.0,0.07552759977966514,-0.0,"Vaimne tervis, tervisekäitumine ja ennetus"
wellbeing,keskkonnainvesteeringute keskus,0,33,2,213,0.30985915492957744,0.0,0.0,-1.0,0.0,0.008660932482932185,-0.0,"Vaimne tervis, tervisekäitumine ja ennetus"
wellbeing,keskkonnainvesteeringute keskus (kik),0,33,1,213,0.15492957746478872,0.0,0.0,-1.0,0.0,0.07552759977966514,-0.0,"Vaimne tervis, tervisekäitumine ja ennetus"
wellbeing,kogu ala ühispaneel,1,33,1,213,0.15492957746478872,6.454545454545455,0.030303030303030304,0.3478237235735855,0.3478237235735855,0.3135027633747764,0.05797062059559758,"Vaimne tervis, tervisekäitumine ja ennetus"
wellbeing,kood/järva,0,33,1,213,0.15492957746478872,0.0,0.0,-1.0,0.0,0.07552759977966514,-0.0,"Vaimne tervis, tervisekäitumine ja ennetus"
wellbeing,kood/jõhvi,0,33,1,213,0.15492957746478872,0.0,0.0,-1.0,0.0,0.07552759977966514,-0.0,"Vaimne tervis, tervisekäitumine ja ennetus"
wellbeing,kood/jõhvi ja haridus- ja noorteamet,0,33,1,213,0.15492957746478872,0.0,0.0,-1.0,0.0,0.07552759977966514,-0.0,"Vaimne tervis, tervisekäitumine ja ennetus"
wellbeing,korruptsioonivaba eesti mtü,0,33,1,213,0.15492957746478872,0.0,0.0,-1.0,0.0,0.07552759977966514,-0.0,"Vaimne tervis, tervisekäitumine ja ennetus"
wellbeing,kultuuriministeerium,0,33,1,213,0.15492957746478872,0.0,0.0,-1.0,0.0,0.07552759977966514,-0.0,"Vaimne tervis, tervisekäitumine ja ennetus"
wellbeing,lasteklubi väike päike,0,33,3,213,0.4647887323943662,0.0,0.0,-1.0,0.0,-0.03878172297914082,-0.0,"Vaimne tervis, tervisekäitumine ja ennetus"
wellbeing,loodushoiu fond,0,33,1,213,0.15492957746478872,0.0,0.0,-1.0,0.0,0.07552759977966514,-0.0,"Vaimne tervis, tervisekäitumine ja ennetus"
wellbeing,loomus mtü,0,33,1,213,0.15492957746478872,0.0,0.0,-1.0,0.0,0.07552759977966514,-0.0,"Vaimne tervis, tervisekäitumine ja ennetus"
wellbeing,magnum as,0,33,2,213,0.30985915492957744,0.0,0.0,-1.0,0.0,0.008660932482932185,-0.0,"Vaimne tervis, tervisekäitumine ja ennetus"
wellbeing,maililii oü,0,33,1,213,0.15492957746478872,0.0,0.0,-1.0,0.0,0.07552759977966514,-0.0,"Vaimne tervis, tervisekäitumine ja ennetus"
wellbeing,meta advisory oü,0,33,1,213,0.15492957746478872,0.0,0.0,-1.0,0.0,0.07552759977966514,-0.0,"Vaimne tervis, tervisekäitumine ja ennetus"
wellbeing,mtü arvamusfestival,1,33,4,213,0.6197183098591549,1.6136363636363638,0.027777777777777776,0.0892490519698694,0.0892490519698694,0.12895919427173766,0.014874841994978233,"Vaimne tervis, tervisekäitumine ja ennetus"
wellbeing,mtü eesti jõujaamade ja kaugkütte ühing,0,33,1,213,0.15492957746478872,0.0,0.0,-1.0,0.0,0.07552759977966514,-0.0,"Vaimne tervis, tervisekäitumine ja ennetus"
wellbeing,mtü eesti psühholoogiaüliõpilaste ühendus,0,33,1,213,0.15492957746478872,0.0,0.0,-1.0,0.0,0.07552759977966514,-0.0,"Vaimne tervis, tervisekäitumine ja ennetus"
wellbeing,mtü eesti taastuvenergia koda,0,33,7,213,1.0845070422535212,0.0,0.0,-1.0,0.0,-0.15309104573794677,-0.0,"Vaimne tervis, tervisekäitumine ja ennetus"
wellbeing,"mtü esto-rada, multikey online school",0,33,1,213,0.15492957746478872,0.0,0.0,-1.0,0.0,0.07552759977966514,-0.0,"Vaimne tervis, tervisekäitumine ja ennetus"
wellbeing,mtü kodanikupalga ümarlaud eestis,0,33,1,213,0.15492957746478872,0.0,0.0,-1.0,0.0,0.07552759977966514,-0.0,"Vaimne tervis, tervisekäitumine ja ennetus"
wellbeing,mtü lastekaitse liit,1,33,1,213,0.15492957746478872,6.454545454545455,0.030303030303030304,0.3478237235735855,0.3478237235735855,0.3135027633747764,0.05797062059559758,"Vaimne tervis, tervisekäitumine ja ennetus"
wellbeing,mtü lastekaitse liit ja tallinna raamatukogud,0,33,1,213,0.15492957746478872,0.0,0.0,-1.0,0.0,0.07552759977966514,-0.0,"Vaimne tervis, tervisekäitumine ja ennetus"
wellbeing,mtü progressiivne liikumine,0,33,2,213,0.30985915492957744,0.0,0.0,-1.0,0.0,0.008660932482932185,-0.0,"Vaimne tervis, tervisekäitumine ja ennetus"
wellbeing,mtü teadveloleku kompetentsikeskus toko,1,33,1,213,0.15492957746478872,6.454545454545455,0.030303030303030304,0.3478237235735855,0.3478237235735855,0.3135027633747764,0.05797062059559758,"Vaimne tervis, tervisekäitumine ja ennetus"
wellbeing,novartis,0,33,1,213,0.15492957746478872,0.0,0.0,-1.0,0.0,0.07552759977966514,-0.0,"Vaimne tervis, tervisekäitumine ja ennetus"
wellbeing,paide gümnaasium,2,33,3,213,0.4647887323943662,4.303030303030303,0.058823529411764705,0.31261229048738537,0.31261229048738537,0.3085241861185026,0.0893177972821101,"Vaimne tervis, tervisekäitumine ja ennetus"
wellbeing,pullivara group,0,33,1,213,0.15492957746478872,0.0,0.0,-1.0,0.0,0.07552759977966514,-0.0,"Vaimne tervis, tervisekäitumine ja ennetus"
wellbeing,päästame eesti metsad mtü,0,33,1,213,0.15492957746478872,0.0,0.0,-1.0,0.0,0.07552759977966514,-0.0,"Vaimne tervis, tervisekäitumine ja ennetus"
wellbeing,põllumajandus- ja toiduamet,0,33,1,213,0.15492957746478872,0.0,0.0,-1.0,0.0,0.07552759977966514,-0.0,"Vaimne tervis, tervisekäitumine ja ennetus"
wellbeing,rail baltic estonia,0,33,2,213,0.30985915492957744,0.0,0.0,-1.0,0.0,0.008660932482932185,-0.0,"Vaimne tervis, tervisekäitumine ja ennetus"
wellbeing,regionaal- ja põllumajandusministeerium,0,33,1,213,0.15492957746478872,0.0,0.0,-1.0,0.0,0.07552759977966514,-0.0,"Vaimne tervis, tervisekäitumine ja ennetus"
wellbeing,roche,0,33,1,213,0.15492957746478872,0.0,0.0,-1.0,0.0,0.07552759977966514,-0.0,"Vaimne tervis, tervisekäitumine ja ennetus"
wellbeing,roche eesti oü,1,33,1,213,0.15492957746478872,6.454545454545455,0.030303030303030304,0.3478237235735855,0.3478237235735855,0.3135027633747764,0.05797062059559758,"Vaimne tervis, tervisekäitumine ja ennetus"
wellbeing,sa õpilasmalev,0,33,1,213,0.15492957746478872,0.0,0.0,-1.0,0.0,0.07552759977966514,-0.0,"Vaimne tervis, tervisekäitumine ja ennetus"
wellbeing,saaremaa gümnaasiumi õpilasesindus,1,33,1,213,0.15492957746478872,6.454545454545455,0.030303030303030304,0.3478237235735855,0.3478237235735855,0.3135027633747764,0.05797062059559758,"Vaimne tervis, tervisekäitumine ja ennetus"
wellbeing,sihtasutus eesti teadusagentuur (etag),0,33,2,213,0.30985915492957744,0.0,0.0,-1.0,0.0,0.008660932482932185,-0.0,"Vaimne tervis, tervisekäitumine ja ennetus"
wellbeing,sihtasutus iga laps on andekas,0,33,1,213,0.15492957746478872,0.0,0.0,-1.0,0.0,0.07552759977966514,-0.0,"Vaimne tervis, tervisekäitumine ja ennetus"
wellbeing,sihtasutus järvamaa,0,33,1,213,0.15492957746478872,0.0,0.0,-1.0,0.0,0.07552759977966514,-0.0,"Vaimne tervis, tervisekäitumine ja ennetus"
wellbeing,sihtasutus roheriiger,0,33,1,213,0.15492957746478872,0.0,0.0,-1.0,0.0,0.07552759977966514,-0.0,"Vaimne tervis, tervisekäitumine ja ennetus"
wellbeing,sihtasutus rohetiiger,0,33,3,213,0.4647887323943662,0.0,0.0,-1.0,0.0,-0.03878172297914082,-0.0,"Vaimne tervis, tervisekäitumine ja ennetus"
wellbeing,siseministeerium,0,33,1,213,0.15492957746478872,0.0,0.0,-1.0,0.0,0.07552759977966514,-0.0,"Vaimne tervis, tervisekäitumine ja ennetus"
wellbeing,synlab,1,33,1,213,0.15492957746478872,6.454545454545455,0.030303030303030304,0.3478237235735855,0.3478237235735855,0.3135027633747764,0.05797062059559758,"Vaimne tervis, tervisekäitumine ja ennetus"
wellbeing,taastuvenergia koda,0,33,1,213,0.15492957746478872,0.0,0.0,-1.0,0.0,0.07552759977966514,-0.0,"Vaimne tervis, tervisekäitumine ja ennetus"
wellbeing,tallinna ettevõtlusinkubaator,0,33,1,213,0.15492957746478872,0.0,0.0,-1.0,0.0,0.07552759977966514,-0.0,"Vaimne tervis, tervisekäitumine ja ennetus"
wellbeing,tallinna lastekodu,0,33,1,213,0.15492957746478872,0.0,0.0,-1.0,0.0,0.07552759977966514,-0.0,"Vaimne tervis, tervisekäitumine ja ennetus"
wellbeing,tallinna tehnikaülikool,0,33,1,213,0.15492957746478872,0.0,0.0,-1.0,0.0,0.07552759977966514,-0.0,"Vaimne tervis, tervisekäitumine ja ennetus"
wellbeing,"tallinna tehnikaülikool, vastutustundliku majanduse ja esg fookustippkeskus",0,33,1,213,0.15492957746478872,0.0,0.0,-1.0,0.0,0.07552759977966514,-0.0,"Vaimne tervis, tervisekäitumine ja ennetus"
wellbeing,tallinna vesi,0,33,2,213,0.30985915492957744,0.0,0.0,-1.0,0.0,0.008660932482932185,-0.0,"Vaimne tervis, tervisekäitumine ja ennetus"
wellbeing,"tallinna ülikool, tartu ülikool, eesti maaülikool",0,33,1,213,0.15492957746478872,0.0,0.0,-1.0,0.0,0.07552759977966514,-0.0,"Vaimne tervis, tervisekäitumine ja ennetus"
wellbeing,taltech,0,33,1,213,0.15492957746478872,0.0,0.0,-1.0,0.0,0.07552759977966514,-0.0,"Vaimne tervis, tervisekäitumine ja ennetus"
wellbeing,tartu kristjan jaak petersoni gümnaasium / kultuuriministeerium,1,33,1,213,0.15492957746478872,6.454545454545455,0.030303030303030304,0.3478237235735855,0.3478237235735855,0.3135027633747764,0.05797062059559758,"Vaimne tervis, tervisekäitumine ja ennetus"
wellbeing,tartu ülikool,0,33,1,213,0.15492957746478872,0.0,0.0,-1.0,0.0,0.07552759977966514,-0.0,"Vaimne tervis, tervisekäitumine ja ennetus"
wellbeing,tartumaa omavalitsuste liit,0,33,2,213,0.30985915492957744,0.0,0.0,-1.0,0.0,0.008660932482932185,-0.0,"Vaimne tervis, tervisekäitumine ja ennetus"
wellbeing,telia,3,33,5,213,0.7746478873239436,3.872727272727273,0.08571428571428572,0.3176309316046327,0.3176309316046327,0.3169792633036733,0.11911159935173726,"Vaimne tervis, tervisekäitumine ja ennetus"
wellbeing,"telia, eesti interneti sihtasutus",0,33,1,213,0.15492957746478872,0.0,0.0,-1.0,0.0,0.07552759977966514,-0.0,"Vaimne tervis, tervisekäitumine ja ennetus"
wellbeing,tervise tuleviku ala korraldajate ühispaneel,0,33,1,213,0.15492957746478872,0.0,0.0,-1.0,0.0,0.07552759977966514,-0.0,"Vaimne tervis, tervisekäitumine ja ennetus"
wellbeing,tuum consulting,0,33,1,213,0.15492957746478872,0.0,0.0,-1.0,0.0,0.07552759977966514,-0.0,"Vaimne tervis, tervisekäitumine ja ennetus"
wellbeing,vabaühenduste liit,0,33,2,213,0.30985915492957744,0.0,0.0,-1.0,0.0,0.008660932482932185,-0.0,"Vaimne tervis, tervisekäitumine ja ennetus"
wellbeing,vau haldus,1,33,1,213,0.15492957746478872,6.454545454545455,0.030303030303030304,0.3478237235735855,0.3478237235735855,0.3135027633747764,0.05797062059559758,"Vaimne tervis, tervisekäitumine ja ennetus"
wellbeing,vindr baltic oü ja vkg,0,33,1,213,0.15492957746478872,0.0,0.0,-1.0,0.0,0.07552759977966514,-0.0,"Vaimne tervis, tervisekäitumine ja ennetus"
wellbeing,välisministeerium,0,33,6,213,0.9295774647887324,0.0,0.0,-1.0,0.0,-0.1310699173455341,-0.0,"Vaimne tervis, tervisekäitumine ja ennetus"
wellbeing,välisministeerium & rahvusvaheliste suhete ring,0,33,1,213,0.15492957746478872,0.0,0.0,-1.0,0.0,0.07552759977966514,-0.0,"Vaimne tervis, tervisekäitumine ja ennetus"
wellbeing,ühendus kultuuritahe,1,33,3,213,0.4647887323943662,2.1515151515151514,0.02857142857142857,0.1429081445094967,0.1429081445094967,0.17390094250662763,0.02381802408491612,"Vaimne tervis, tervisekäitumine ja ennetus"
wellbeing,üro pagulasamet,0,33,1,213,0.15492957746478872,0.0,0.0,-1.0,0.0,0.07552759977966514,-0.0,"Vaimne tervis, tervisekäitumine ja ennetus"
work,adven eesti as,0,35,2,213,0.3286384976525822,0.0,0.0,-1.0,0.0,-0.0007652612018403843,-0.0,"Tööelu, juhtimine ja töötajate õigused"
work,allium upi oü,0,35,1,213,0.1643192488262911,0.0,0.0,-1.0,0.0,0.06610140609489253,-0.0,"Tööelu, juhtimine ja töötajate õigused"
work,apotheka,0,35,1,213,0.1643192488262911,0.0,0.0,-1.0,0.0,0.06610140609489253,-0.0,"Tööelu, juhtimine ja töötajate õigused"
work,arengukoostöö ümarlaud (akü),0,35,1,213,0.1643192488262911,0.0,0.0,-1.0,0.0,0.06610140609489253,-0.0,"Tööelu, juhtimine ja töötajate õigused"
work,avatud eesti fond,0,35,1,213,0.1643192488262911,0.0,0.0,-1.0,0.0,0.06610140609489253,-0.0,"Tööelu, juhtimine ja töötajate õigused"
work,bonava eesti,0,35,1,213,0.1643192488262911,0.0,0.0,-1.0,0.0,0.06610140609489253,-0.0,"Tööelu, juhtimine ja töötajate õigused"
work,confido,0,35,1,213,0.1643192488262911,0.0,0.0,-1.0,0.0,0.06610140609489253,-0.0,"Tööelu, juhtimine ja töötajate õigused"
work,confido meditsiinikeskus,0,35,1,213,0.1643192488262911,0.0,0.0,-1.0,0.0,0.06610140609489253,-0.0,"Tööelu, juhtimine ja töötajate õigused"
work,eena (eesti ettevõtlike naiste assotsiatsioon),0,35,1,213,0.1643192488262911,0.0,0.0,-1.0,0.0,0.06610140609489253,-0.0,"Tööelu, juhtimine ja töötajate õigused"
work,eesti ametiühingute keskliit,1,35,1,213,0.1643192488262911,6.085714285714285,0.02857142857142857,0.33684866416546844,0.33684866416546844,0.30199089565925596,0.05614144402757807,"Tööelu, juhtimine ja töötajate õigused"
work,eesti arhitektide liit / maa- ja ruumiamet,0,35,1,213,0.1643192488262911,0.0,0.0,-1.0,0.0,0.06610140609489253,-0.0,"Tööelu, juhtimine ja töötajate õigused"
work,eesti arhitektide liit mtü,0,35,1,213,0.1643192488262911,0.0,0.0,-1.0,0.0,0.06610140609489253,-0.0,"Tööelu, juhtimine ja töötajate õigused"
work,eesti e-residentsuse programm,0,35,8,213,1.3145539906103287,0.0,0.0,-1.0,0.0,-0.18194125125737923,-0.0,"Tööelu, juhtimine ja töötajate õigused"
work,eesti hambaarstide liit,0,35,2,213,0.3286384976525822,0.0,0.0,-1.0,0.0,-0.0007652612018403843,-0.0,"Tööelu, juhtimine ja töötajate õigused"
work,eesti interneti sa,1,35,3,213,0.49295774647887325,2.0285714285714285,0.02702702702702703,0.13193308510137966,0.13193308510137966,0.1623890747911072,0.02198884751689661,"Tööelu, juhtimine ja töötajate õigused"
work,eesti jõujaamade ja kaugkütte ühing,1,35,1,213,0.1643192488262911,6.085714285714285,0.02857142857142857,0.33684866416546844,0.33684866416546844,0.30199089565925596,0.05614144402757807,"Tööelu, juhtimine ja töötajate õigused"
work,eesti kaitsevägi,1,35,2,213,0.3286384976525822,3.0428571428571427,0.027777777777777776,0.2075613283636104,0.2075613283636104,0.22032906541899683,0.034593554727268404,"Tööelu, juhtimine ja töötajate õigused"
work,eesti kaubandus-tööstuskoda,0,35,1,213,0.1643192488262911,0.0,0.0,-1.0,0.0,0.06610140609489253,-0.0,"Tööelu, juhtimine ja töötajate õigused"
work,eesti keele instituut,0,35,1,213,0.1643192488262911,0.0,0.0,-1.0,0.0,0.06610140609489253,-0.0,"Tööelu, juhtimine ja töötajate õigused"
work,eesti kohtud,0,35,1,213,0.1643192488262911,0.0,0.0,-1.0,0.0,0.06610140609489253,-0.0,"Tööelu, juhtimine ja töötajate õigused"
work,eesti kultuuri koda,0,35,1,213,0.1643192488262911,0.0,0.0,-1.0,0.0,0.06610140609489253,-0.0,"Tööelu, juhtimine ja töötajate õigused"
work,eesti kunstikoolide liidu noorteühendus,0,35,1,213,0.1643192488262911,0.0,0.0,-1.0,0.0,0.06610140609489253,-0.0,"Tööelu, juhtimine ja töötajate õigused"
work,eesti kunstikoolide liit (noored),0,35,1,213,0.1643192488262911,0.0,0.0,-1.0,0.0,0.06610140609489253,-0.0,"Tööelu, juhtimine ja töötajate õigused"
work,eesti lastehoidude liit,0,35,2,213,0.3286384976525822,0.0,0.0,-1.0,0.0,-0.0007652612018403843,-0.0,"Tööelu, juhtimine ja töötajate õigused"
work,eesti loomaarstide koda (elk),0,35,1,213,0.1643192488262911,0.0,0.0,-1.0,0.0,0.06610140609489253,-0.0,"Tööelu, juhtimine ja töötajate õigused"
work,eesti maaülikool,0,35,2,213,0.3286384976525822,0.0,0.0,-1.0,0.0,-0.0007652612018403843,-0.0,"Tööelu, juhtimine ja töötajate õigused"
work,"eesti maaülikool, veterinaarmeditsiini ja loomakasvatuse instituut",0,35,1,213,0.1643192488262911,0.0,0.0,-1.0,0.0,0.06610140609489253,-0.0,"Tööelu, juhtimine ja töötajate õigused"
work,eesti matemaatika selts,0,35,1,213,0.1643192488262911,0.0,0.0,-1.0,0.0,0.06610140609489253,-0.0,"Tööelu, juhtimine ja töötajate õigused"
work,eesti montessori ühing,0,35,1,213,0.1643192488262911,0.0,0.0,-1.0,0.0,0.06610140609489253,-0.0,"Tööelu, juhtimine ja töötajate õigused"
work,eesti muuseumiühing ja eesti muuseumide liit,0,35,1,213,0.1643192488262911,0.0,0.0,-1.0,0.0,0.06610140609489253,-0.0,"Tööelu, juhtimine ja töötajate õigused"
work,eesti muuseumiühing koostöös eesti muuseumide liiduga,0,35,1,213,0.1643192488262911,0.0,0.0,-1.0,0.0,0.06610140609489253,-0.0,"Tööelu, juhtimine ja töötajate õigused"
work,eesti nato ühing,1,35,1,213,0.1643192488262911,6.085714285714285,0.02857142857142857,0.33684866416546844,0.33684866416546844,0.30199089565925596,0.05614144402757807,"Tööelu, juhtimine ja töötajate õigused"
work,eesti noorteühenduste liit,0,35,1,213,0.1643192488262911,0.0,0.0,-1.0,0.0,0.06610140609489253,-0.0,"Tööelu, juhtimine ja töötajate õigused"
work,eesti personalijuhtimise ühing pare,9,35,9,213,1.4788732394366197,6.085714285714285,0.2571428571428571,0.5707666014645821,0.5707666014645821,0.5564710255169266,0.3669213866558028,"Tööelu, juhtimine ja töötajate õigused"
work,eesti personalijuhtimise ühing pare ja tööinspektsioon,7,35,9,213,1.4788732394366197,4.733333333333333,0.1891891891891892,0.45518471092206036,0.45518471092206036,0.4468281952628566,0.2655244147045352,"Tööelu, juhtimine ja töötajate õigused"
work,"eesti puuetega naiste ühenduste liit, helpific mtü",0,35,1,213,0.1643192488262911,0.0,0.0,-1.0,0.0,0.06610140609489253,-0.0,"Tööelu, juhtimine ja töötajate õigused"
work,eesti roheline liikumine,0,35,2,213,0.3286384976525822,0.0,0.0,-1.0,0.0,-0.0007652612018403843,-0.0,"Tööelu, juhtimine ja töötajate õigused"
work,eesti seksuaaltervise liit,0,35,2,213,0.3286384976525822,0.0,0.0,-1.0,0.0,-0.0007652612018403843,-0.0,"Tööelu, juhtimine ja töötajate õigused"
work,eesti sõjamuuseum,0,35,1,213,0.1643192488262911,0.0,0.0,-1.0,0.0,0.06610140609489253,-0.0,"Tööelu, juhtimine ja töötajate õigused"
work,eesti tervisemajanduse koda (health founders estonia),0,35,1,213,0.1643192488262911,0.0,0.0,-1.0,0.0,0.06610140609489253,-0.0,"Tööelu, juhtimine ja töötajate õigused"
work,eesti tervisemajanduse koda (health founders),0,35,1,213,0.1643192488262911,0.0,0.0,-1.0,0.0,0.06610140609489253,-0.0,"Tööelu, juhtimine ja töötajate õigused"
work,eesti tuuleenergia assotsiatsioon,0,35,2,213,0.3286384976525822,0.0,0.0,-1.0,0.0,-0.0007652612018403843,-0.0,"Tööelu, juhtimine ja töötajate õigused"
work,eesti urantia assotsiatsioon mtü,0,35,1,213,0.1643192488262911,0.0,0.0,-1.0,0.0,0.06610140609489253,-0.0,"Tööelu, juhtimine ja töötajate õigused"
work,eesti vaimse tervise ja heaolu koalitsioon vatek,0,35,1,213,0.1643192488262911,0.0,0.0,-1.0,0.0,0.06610140609489253,-0.0,"Tööelu, juhtimine ja töötajate õigused"
work,eesti vähitõrje võrgustik (estcan),0,35,5,213,0.8215962441314554,0.0,0.0,-1.0,0.0,-0.11507458396064633,-0.0,"Tööelu, juhtimine ja töötajate õigused"
work,eesti väitlusselts,0,35,1,213,0.1643192488262911,0.0,0.0,-1.0,0.0,0.06610140609489253,-0.0,"Tööelu, juhtimine ja töötajate õigused"
work,eesti õigusteaduse üliõpilaste liit,1,35,2,213,0.3286384976525822,3.0428571428571427,0.027777777777777776,0.2075613283636104,0.2075613283636104,0.22032906541899683,0.034593554727268404,"Tööelu, juhtimine ja töötajate õigused"
work,"eesti õigusteaduse üliõpilaste liit, rahvusvaheliste suhete ring, feministeerium",0,35,1,213,0.1643192488262911,0.0,0.0,-1.0,0.0,0.06610140609489253,-0.0,"Tööelu, juhtimine ja töötajate õigused"
work,eesti õpilasesinduste liit,0,35,1,213,0.1643192488262911,0.0,0.0,-1.0,0.0,0.06610140609489253,-0.0,"Tööelu, juhtimine ja töötajate õigused"
work,eesti üliõpilaskondade liit,0,35,2,213,0.3286384976525822,0.0,0.0,-1.0,0.0,-0.0007652612018403843,-0.0,"Tööelu, juhtimine ja töötajate õigused"
work,eesti üro ühing,0,35,2,213,0.3286384976525822,0.0,0.0,-1.0,0.0,-0.0007652612018403843,-0.0,"Tööelu, juhtimine ja töötajate õigused"
work,eestimaa looduse fond,0,35,2,213,0.3286384976525822,0.0,0.0,-1.0,0.0,-0.0007652612018403843,-0.0,"Tööelu, juhtimine ja töötajate õigused"
work,efektiivne altruism eesti,0,35,2,213,0.3286384976525822,0.0,0.0,-1.0,0.0,-0.0007652612018403843,-0.0,"Tööelu, juhtimine ja töötajate õigused"
work,elisabeth luisk,0,35,1,213,0.1643192488262911,0.0,0.0,-1.0,0.0,0.06610140609489253,-0.0,"Tööelu, juhtimine ja töötajate õigused"
work,emn eesti,0,35,1,213,0.1643192488262911,0.0,0.0,-1.0,0.0,0.06610140609489253,-0.0,"Tööelu, juhtimine ja töötajate õigused"
work,eurooopa parlamendi büroo eestis,0,35,1,213,0.1643192488262911,0.0,0.0,-1.0,0.0,0.06610140609489253,-0.0,"Tööelu, juhtimine ja töötajate õigused"
work,euroopa komisjoni eesti esindus,0,35,1,213,0.1643192488262911,0.0,0.0,-1.0,0.0,0.06610140609489253,-0.0,"Tööelu, juhtimine ja töötajate õigused"
work,"euroopa rändevõrgustiku eesti kontaktpunkt (emn eesti), sisekaitseakadeemia, haridus- ja noorteamet",0,35,1,213,0.1643192488262911,0.0,0.0,-1.0,0.0,0.06610140609489253,-0.0,"Tööelu, juhtimine ja töötajate õigused"
work,fenno-ugria asutus,0,35,1,213,0.1643192488262911,0.0,0.0,-1.0,0.0,0.06610140609489253,-0.0,"Tööelu, juhtimine ja töötajate õigused"
work,filmifestival horisont,0,35,1,213,0.1643192488262911,0.0,0.0,-1.0,0.0,0.06610140609489253,-0.0,"Tööelu, juhtimine ja töötajate õigused"
work,fridays for future eesti (mtü loodusvõlu),1,35,3,213,0.49295774647887325,2.0285714285714285,0.02702702702702703,0.13193308510137966,0.13193308510137966,0.1623890747911072,0.02198884751689661,"Tööelu, juhtimine ja töötajate õigused"
work,geoteaduste üliõpilaste selts,0,35,1,213,0.1643192488262911,0.0,0.0,-1.0,0.0,0.06610140609489253,-0.0,"Tööelu, juhtimine ja töötajate õigused"
work,heaoluteaduste tippkeskus estwell,0,35,1,213,0.1643192488262911,0.0,0.0,-1.0,0.0,0.06610140609489253,-0.0,"Tööelu, juhtimine ja töötajate õigused"
work,integratsiooni sihtasutus,0,35,1,213,0.1643192488262911,0.0,0.0,-1.0,0.0,0.06610140609489253,-0.0,"Tööelu, juhtimine ja töötajate õigused"
work,justiits- ja digiministeerium,1,35,2,213,0.3286384976525822,3.0428571428571427,0.027777777777777776,0.2075613283636104,0.2075613283636104,0.22032906541899683,0.034593554727268404,"Tööelu, juhtimine ja töötajate õigused"
work,kaitseliit,0,35,1,213,0.1643192488262911,0.0,0.0,-1.0,0.0,0.06610140609489253,-0.0,"Tööelu, juhtimine ja töötajate õigused"
work,kaitseministeerium,0,35,1,213,0.1643192488262911,0.0,0.0,-1.0,0.0,0.06610140609489253,-0.0,"Tööelu, juhtimine ja töötajate õigused"
work,kaitseministeerium ja parempoolsed,0,35,1,213,0.1643192488262911,0.0,0.0,-1.0,0.0,0.06610140609489253,-0.0,"Tööelu, juhtimine ja töötajate õigused"
work,kaitseressursside amet,0,35,1,213,0.1643192488262911,0.0,0.0,-1.0,0.0,0.06610140609489253,-0.0,"Tööelu, juhtimine ja töötajate õigused"
work,kaja pae,0,35,1,213,0.1643192488262911,0.0,0.0,-1.0,0.0,0.06610140609489253,-0.0,"Tööelu, juhtimine ja töötajate õigused"
work,keskkonnainvesteeringute keskus,0,35,2,213,0.3286384976525822,0.0,0.0,-1.0,0.0,-0.0007652612018403843,-0.0,"Tööelu, juhtimine ja töötajate õigused"
work,keskkonnainvesteeringute keskus (kik),0,35,1,213,0.1643192488262911,0.0,0.0,-1.0,0.0,0.06610140609489253,-0.0,"Tööelu, juhtimine ja töötajate õigused"
work,kogu ala ühispaneel,0,35,1,213,0.1643192488262911,0.0,0.0,-1.0,0.0,0.06610140609489253,-0.0,"Tööelu, juhtimine ja töötajate õigused"
work,kood/järva,1,35,1,213,0.1643192488262911,6.085714285714285,0.02857142857142857,0.33684866416546844,0.33684866416546844,0.30199089565925596,0.05614144402757807,"Tööelu, juhtimine ja töötajate õigused"
work,kood/jõhvi,1,35,1,213,0.1643192488262911,6.085714285714285,0.02857142857142857,0.33684866416546844,0.33684866416546844,0.30199089565925596,0.05614144402757807,"Tööelu, juhtimine ja töötajate õigused"
work,kood/jõhvi ja haridus- ja noorteamet,1,35,1,213,0.1643192488262911,6.085714285714285,0.02857142857142857,0.33684866416546844,0.33684866416546844,0.30199089565925596,0.05614144402757807,"Tööelu, juhtimine ja töötajate õigused"
work,korruptsioonivaba eesti mtü,0,35,1,213,0.1643192488262911,0.0,0.0,-1.0,0.0,0.06610140609489253,-0.0,"Tööelu, juhtimine ja töötajate õigused"
work,kultuuriministeerium,0,35,1,213,0.1643192488262911,0.0,0.0,-1.0,0.0,0.06610140609489253,-0.0,"Tööelu, juhtimine ja töötajate õigused"
work,lasteklubi väike päike,1,35,3,213,0.49295774647887325,2.0285714285714285,0.02702702702702703,0.13193308510137966,0.13193308510137966,0.1623890747911072,0.02198884751689661,"Tööelu, juhtimine ja töötajate õigused"
work,loodushoiu fond,0,35,1,213,0.1643192488262911,0.0,0.0,-1.0,0.0,0.06610140609489253,-0.0,"Tööelu, juhtimine ja töötajate õigused"
work,loomus mtü,0,35,1,213,0.1643192488262911,0.0,0.0,-1.0,0.0,0.06610140609489253,-0.0,"Tööelu, juhtimine ja töötajate õigused"
work,magnum as,0,35,2,213,0.3286384976525822,0.0,0.0,-1.0,0.0,-0.0007652612018403843,-0.0,"Tööelu, juhtimine ja töötajate õigused"
work,maililii oü,0,35,1,213,0.1643192488262911,0.0,0.0,-1.0,0.0,0.06610140609489253,-0.0,"Tööelu, juhtimine ja töötajate õigused"
work,meta advisory oü,0,35,1,213,0.1643192488262911,0.0,0.0,-1.0,0.0,0.06610140609489253,-0.0,"Tööelu, juhtimine ja töötajate õigused"
work,mtü arvamusfestival,0,35,4,213,0.6572769953051644,0.0,0.0,-1.0,0.0,-0.08500729916752045,-0.0,"Tööelu, juhtimine ja töötajate õigused"
work,mtü eesti jõujaamade ja kaugkütte ühing,0,35,1,213,0.1643192488262911,0.0,0.0,-1.0,0.0,0.06610140609489253,-0.0,"Tööelu, juhtimine ja töötajate õigused"
work,mtü eesti psühholoogiaüliõpilaste ühendus,0,35,1,213,0.1643192488262911,0.0,0.0,-1.0,0.0,0.06610140609489253,-0.0,"Tööelu, juhtimine ja töötajate õigused"
work,mtü eesti taastuvenergia koda,1,35,7,213,1.1502347417840375,0.8693877551020408,0.024390243902439025,-0.026106774357592035,0.0,0.022787253922958394,-0.004351129059598673,"Tööelu, juhtimine ja töötajate õigused"
work,"mtü esto-rada, multikey online school",0,35,1,213,0.1643192488262911,0.0,0.0,-1.0,0.0,0.06610140609489253,-0.0,"Tööelu, juhtimine ja töötajate õigused"
work,mtü kodanikupalga ümarlaud eestis,0,35,1,213,0.1643192488262911,0.0,0.0,-1.0,0.0,0.06610140609489253,-0.0,"Tööelu, juhtimine ja töötajate õigused"
work,mtü lastekaitse liit,0,35,1,213,0.1643192488262911,0.0,0.0,-1.0,0.0,0.06610140609489253,-0.0,"Tööelu, juhtimine ja töötajate õigused"
work,mtü lastekaitse liit ja tallinna raamatukogud,0,35,1,213,0.1643192488262911,0.0,0.0,-1.0,0.0,0.06610140609489253,-0.0,"Tööelu, juhtimine ja töötajate õigused"
work,mtü progressiivne liikumine,0,35,2,213,0.3286384976525822,0.0,0.0,-1.0,0.0,-0.0007652612018403843,-0.0,"Tööelu, juhtimine ja töötajate õigused"
work,mtü teadveloleku kompetentsikeskus toko,1,35,1,213,0.1643192488262911,6.085714285714285,0.02857142857142857,0.33684866416546844,0.33684866416546844,0.30199089565925596,0.05614144402757807,"Tööelu, juhtimine ja töötajate õigused"
work,novartis,0,35,1,213,0.1643192488262911,0.0,0.0,-1.0,0.0,0.06610140609489253,-0.0,"Tööelu, juhtimine ja töötajate õigused"
work,paide gümnaasium,1,35,3,213,0.49295774647887325,2.0285714285714285,0.02702702702702703,0.13193308510137966,0.13193308510137966,0.1623890747911072,0.02198884751689661,"Tööelu, juhtimine ja töötajate õigused"
work,pullivara group,0,35,1,213,0.1643192488262911,0.0,0.0,-1.0,0.0,0.06610140609489253,-0.0,"Tööelu, juhtimine ja töötajate õigused"
work,päästame eesti metsad mtü,0,35,1,213,0.1643192488262911,0.0,0.0,-1.0,0.0,0.06610140609489253,-0.0,"Tööelu, juhtimine ja töötajate õigused"
work,põllumajandus- ja toiduamet,0,35,1,213,0.1643192488262911,0.0,0.0,-1.0,0.0,0.06610140609489253,-0.0,"Tööelu, juhtimine ja töötajate õigused"
work,rail baltic estonia,0,35,2,213,0.3286384976525822,0.0,0.0,-1.0,0.0,-0.0007652612018403843,-0.0,"Tööelu, juhtimine ja töötajate õigused"
work,regionaal- ja põllumajandusministeerium,0,35,1,213,0.1643192488262911,0.0,0.0,-1.0,0.0,0.06610140609489253,-0.0,"Tööelu, juhtimine ja töötajate õigused"
work,roche,1,35,1,213,0.1643192488262911,6.085714285714285,0.02857142857142857,0.33684866416546844,0.33684866416546844,0.30199089565925596,0.05614144402757807,"Tööelu, juhtimine ja töötajate õigused"
work,roche eesti oü,0,35,1,213,0.1643192488262911,0.0,0.0,-1.0,0.0,0.06610140609489253,-0.0,"Tööelu, juhtimine ja töötajate õigused"
work,sa õpilasmalev,0,35,1,213,0.1643192488262911,0.0,0.0,-1.0,0.0,0.06610140609489253,-0.0,"Tööelu, juhtimine ja töötajate õigused"
work,saaremaa gümnaasiumi õpilasesindus,0,35,1,213,0.1643192488262911,0.0,0.0,-1.0,0.0,0.06610140609489253,-0.0,"Tööelu, juhtimine ja töötajate õigused"
work,sihtasutus eesti teadusagentuur (etag),0,35,2,213,0.3286384976525822,0.0,0.0,-1.0,0.0,-0.0007652612018403843,-0.0,"Tööelu, juhtimine ja töötajate õigused"
work,sihtasutus iga laps on andekas,0,35,1,213,0.1643192488262911,0.0,0.0,-1.0,0.0,0.06610140609489253,-0.0,"Tööelu, juhtimine ja töötajate õigused"
work,sihtasutus järvamaa,1,35,1,213,0.1643192488262911,6.085714285714285,0.02857142857142857,0.33684866416546844,0.33684866416546844,0.30199089565925596,0.05614144402757807,"Tööelu, juhtimine ja töötajate õigused"
work,sihtasutus roheriiger,0,35,1,213,0.1643192488262911,0.0,0.0,-1.0,0.0,0.06610140609489253,-0.0,"Tööelu, juhtimine ja töötajate õigused"
work,sihtasutus rohetiiger,0,35,3,213,0.49295774647887325,0.0,0.0,-1.0,0.0,-0.04820791666391343,-0.0,"Tööelu, juhtimine ja töötajate õigused"
work,siseministeerium,0,35,1,213,0.1643192488262911,0.0,0.0,-1.0,0.0,0.06610140609489253,-0.0,"Tööelu, juhtimine ja töötajate õigused"
work,synlab,0,35,1,213,0.1643192488262911,0.0,0.0,-1.0,0.0,0.06610140609489253,-0.0,"Tööelu, juhtimine ja töötajate õigused"
work,taastuvenergia koda,0,35,1,213,0.1643192488262911,0.0,0.0,-1.0,0.0,0.06610140609489253,-0.0,"Tööelu, juhtimine ja töötajate õigused"
work,tallinna ettevõtlusinkubaator,0,35,1,213,0.1643192488262911,0.0,0.0,-1.0,0.0,0.06610140609489253,-0.0,"Tööelu, juhtimine ja töötajate õigused"
work,tallinna lastekodu,0,35,1,213,0.1643192488262911,0.0,0.0,-1.0,0.0,0.06610140609489253,-0.0,"Tööelu, juhtimine ja töötajate õigused"
work,tallinna tehnikaülikool,0,35,1,213,0.1643192488262911,0.0,0.0,-1.0,0.0,0.06610140609489253,-0.0,"Tööelu, juhtimine ja töötajate õigused"
work,"tallinna tehnikaülikool, vastutustundliku majanduse ja esg fookustippkeskus",0,35,1,213,0.1643192488262911,0.0,0.0,-1.0,0.0,0.06610140609489253,-0.0,"Tööelu, juhtimine ja töötajate õigused"
work,tallinna vesi,0,35,2,213,0.3286384976525822,0.0,0.0,-1.0,0.0,-0.0007652612018403843,-0.0,"Tööelu, juhtimine ja töötajate õigused"
work,"tallinna ülikool, tartu ülikool, eesti maaülikool",0,35,1,213,0.1643192488262911,0.0,0.0,-1.0,0.0,0.06610140609489253,-0.0,"Tööelu, juhtimine ja töötajate õigused"
work,taltech,1,35,1,213,0.1643192488262911,6.085714285714285,0.02857142857142857,0.33684866416546844,0.33684866416546844,0.30199089565925596,0.05614144402757807,"Tööelu, juhtimine ja töötajate õigused"
work,tartu kristjan jaak petersoni gümnaasium / kultuuriministeerium,0,35,1,213,0.1643192488262911,0.0,0.0,-1.0,0.0,0.06610140609489253,-0.0,"Tööelu, juhtimine ja töötajate õigused"
work,tartu ülikool,0,35,1,213,0.1643192488262911,0.0,0.0,-1.0,0.0,0.06610140609489253,-0.0,"Tööelu, juhtimine ja töötajate õigused"
work,tartumaa omavalitsuste liit,0,35,2,213,0.3286384976525822,0.0,0.0,-1.0,0.0,-0.0007652612018403843,-0.0,"Tööelu, juhtimine ja töötajate õigused"
work,telia,1,35,5,213,0.8215962441314554,1.217142857142857,0.02564102564102564,0.036652766853997515,0.036652766853997515,0.08072724455084801,0.006108794475666253,"Tööelu, juhtimine ja töötajate õigused"
work,"telia, eesti interneti sihtasutus",0,35,1,213,0.1643192488262911,0.0,0.0,-1.0,0.0,0.06610140609489253,-0.0,"Tööelu, juhtimine ja töötajate õigused"
work,tervise tuleviku ala korraldajate ühispaneel,0,35,1,213,0.1643192488262911,0.0,0.0,-1.0,0.0,0.06610140609489253,-0.0,"Tööelu, juhtimine ja töötajate õigused"
work,tuum consulting,0,35,1,213,0.1643192488262911,0.0,0.0,-1.0,0.0,0.06610140609489253,-0.0,"Tööelu, juhtimine ja töötajate õigused"
work,vabaühenduste liit,0,35,2,213,0.3286384976525822,0.0,0.0,-1.0,0.0,-0.0007652612018403843,-0.0,"Tööelu, juhtimine ja töötajate õigused"
work,vau haldus,0,35,1,213,0.1643192488262911,0.0,0.0,-1.0,0.0,0.06610140609489253,-0.0,"Tööelu, juhtimine ja töötajate õigused"
work,vindr baltic oü ja vkg,0,35,1,213,0.1643192488262911,0.0,0.0,-1.0,0.0,0.06610140609489253,-0.0,"Tööelu, juhtimine ja töötajate õigused"
work,välisministeerium,0,35,6,213,0.9859154929577465,0.0,0.0,-1.0,0.0,-0.1404961110303067,-0.0,"Tööelu, juhtimine ja töötajate õigused"
work,välisministeerium & rahvusvaheliste suhete ring,0,35,1,213,0.1643192488262911,0.0,0.0,-1.0,0.0,0.06610140609489253,-0.0,"Tööelu, juhtimine ja töötajate õigused"
work,ühendus kultuuritahe,0,35,3,213,0.49295774647887325,0.0,0.0,-1.0,0.0,-0.04820791666391343,-0.0,"Tööelu, juhtimine ja töötajate õigused"
work,üro pagulasamet,0,35,1,213,0.1643192488262911,0.0,0.0,-1.0,0.0,0.06610140609489253,-0.0,"Tööelu, juhtimine ja töötajate õigused"
