id,rss_guid,title,published_at,published_raw,page_url,audio_url,audio_bytes,duration_seconds,episode_id,audio_sha256,duplicate_episode_ids,organizer,organizer_source,organizer_evidence,organizer_match_status,organizer_match_method,organizer_match_note,programme_event_ids,programme_year,programme_title,programme_start,programme_end,programme_moderator,programme_panelists,programme_support_text,programme_language,programme_recording_link,programme_stage,programme_curator
2383011942,"tag:soundcloud,2010:tracks/2383011942",Kuidas hoida tervet mõistust kriiside ajastul_ teadveloleku ja kaastunde praktiline jõud,2026-08-17T10:21:44Z,"Mon, 17 Aug 2026 10:21:44 +0000",https://soundcloud.com/arvamusfestival/kuidas-hoida-tervet-moistust-kriiside-ajastul_teadveloleku-ja-kaastunde-praktiline-joud-3,https://feeds.soundcloud.com/stream/2383011942-arvamusfestival-kuidas-hoida-tervet-moistust-kriiside-ajastul_teadveloleku-ja-kaastunde-praktiline-joud-3.mp3,85181797,5323.0,2383011942,1dba10f81fb73eec819a817ee29eec6e26e60c2e12fe36af8f1ebbe5a92f6c3d,"[""2383011942"", ""2383055901""]",MTÜ Teadveloleku kompetentsikeskus Toko,https://arvamusfestival.ee/kava2026/,"[{""id"": 13129, ""title"": ""Kuidas hoida tervet mõistust kriiside ajastul: teadveloleku ja kaastunde praktiline jõud"", ""organizer"": ""MTÜ Teadveloleku kompetentsikeskus Toko"", ""date"": ""2026-08-07T12:00:00"", ""source"": ""https://arvamusfestival.ee/kava2026/""}]",matched,normalized_exact,,[13129],2026,Kuidas hoida tervet mõistust kriiside ajastul: teadveloleku ja kaastunde praktiline jõud,2026-08-07T12:00:00,2026-08-07T13:30:00,Piret Maiberg-Nõu,Margus Veem (Viljandi Haigla psühholoog) Ann-Liis Ojaots (kliiniline psühholoog) Kadri Mägi-Lehtsi (tippjuht ja coach),Hoidmise kunsti aruteluala toetab MTÜ Arvamusfestival.,et,,24 Hoidmise kunst,
2383011945,"tag:soundcloud,2010:tracks/2383011945",Koduseinte vahelt rahvusvahelise poliitikani_ naistevastane vägivald on meie kõigi lahendada,2026-08-17T10:21:44Z,"Mon, 17 Aug 2026 10:21:44 +0000",https://soundcloud.com/arvamusfestival/koduseinte-vahelt-rahvusvahelise-poliitikani_naistevastane-vagivald-on-meie-koigi-lahendada-2,https://feeds.soundcloud.com/stream/2383011945-arvamusfestival-koduseinte-vahelt-rahvusvahelise-poliitikani_naistevastane-vagivald-on-meie-koigi-lahendada-2.mp3,90334816,5645.0,2383011945,285fac7c57b1d8c35366b38de6fd7f9039cc2734dd670702f4ebe0585d66dc88,"[""2383011945"", ""2383055895""]","Eesti Õigusteaduse Üliõpilaste Liit, Rahvusvaheliste Suhete Ring, Feministeerium",https://arvamusfestival.ee/kava2026/,"[{""id"": 13130, ""title"": ""Koduseinte vahelt rahvusvahelise poliitikani: naistevastane vägivald on meie kõigi lahendada"", ""organizer"": ""Eesti Õigusteaduse Üliõpilaste Liit, Rahvusvaheliste Suhete Ring, Feministeerium"", ""date"": ""2026-08-07T14:00:00"", ""source"": ""https://arvamusfestival.ee/kava2026/""}]",matched,normalized_exact,,[13130],2026,Koduseinte vahelt rahvusvahelise poliitikani: naistevastane vägivald on meie kõigi lahendada,2026-08-07T14:00:00,2026-08-07T15:30:00,Esme Püss ja Helena Tõnise,"Marianne Mikko (ÜRO naisteõiguste komisjoni asejuht) Elise Rohtmets (Feministeerium, huvikaitsja, nõusolekuseadus) Kristiina Luht (Sotsiaalministeeriumi ohvriabi poliitika valdkonna juht)",Hoidmise kunsti aruteluala toetab MTÜ Arvamusfestival.,et,,24 Hoidmise kunst,
2383011948,"tag:soundcloud,2010:tracks/2383011948",Nõusolek – seksikuse summutaja või hoopis võimendaja_,2026-08-17T10:21:44Z,"Mon, 17 Aug 2026 10:21:44 +0000",https://soundcloud.com/arvamusfestival/nousolek-seksikuse-summutaja-voi-hoopis-voimendaja-1,https://feeds.soundcloud.com/stream/2383011948-arvamusfestival-nousolek-seksikuse-summutaja-voi-hoopis-voimendaja-1.mp3,88019322,5501.0,2383011948,982aff98309250271c9b623e5948a327ff02fe40b6b04004925504b178e777d9,"[""2383011948"", ""2383055904""]",Eesti Seksuaaltervise Liit,https://arvamusfestival.ee/kava2026/,"[{""id"": 13131, ""title"": ""Nõusolek – seksikuse summutaja või hoopis võimendaja?"", ""organizer"": ""Eesti Seksuaaltervise Liit"", ""date"": ""2026-08-07T16:00:00"", ""source"": ""https://arvamusfestival.ee/kava2026/""}]",matched,normalized_exact,,[13131],2026,Nõusolek – seksikuse summutaja või hoopis võimendaja?,2026-08-07T16:00:00,2026-08-07T17:30:00,Jonas Grauberg,"Olga Gerassimenko (Seksuaalnõustaja, ESTL-i koolitaja) noorteorganisatsiooni esindaja",Hoidmise kunsti aruteluala toetab MTÜ Arvamusfestival.,et,,24 Hoidmise kunst,
2383055898,"tag:soundcloud,2010:tracks/2383055898","Kes õpetab tervena elama enne, kui tuleb õppida haigusega elama_ (1)",2026-08-17T12:09:55Z,"Mon, 17 Aug 2026 12:09:55 +0000",https://soundcloud.com/arvamusfestival/kes-opetab-tervena-elama-enne-kui-tuleb-oppida-haigusega-elama_1-4,https://feeds.soundcloud.com/stream/2383055898-arvamusfestival-kes-opetab-tervena-elama-enne-kui-tuleb-oppida-haigusega-elama_1-4.mp3,84869164,5304.0,2383055898,b9c8fc467a1126d785a45be470063427106482cdd90ca98f1d95639a374988ae,"[""2383055898""]",Elisabeth Luisk,https://arvamusfestival.ee/kava2026/,"[{""id"": 13132, ""title"": ""Kes õpetab tervena elama enne, kui tuleb õppida haigusega elama?"", ""organizer"": ""Elisabeth Luisk"", ""date"": ""2026-08-07T18:00:00"", ""source"": ""https://arvamusfestival.ee/kava2026/""}]",matched,normalized_exact,,[13132],2026,"Kes õpetab tervena elama enne, kui tuleb õppida haigusega elama?",2026-08-07T18:00:00,2026-08-07T19:30:00,Elisabeth Luisk,Maiu Merihein (Liikumisharrastuse kompetentsikeskus) Kariina Laas (kliinilise ja tervisepsühholoogia lektor) Taavi Tillmann (rahvatervishoiu kaasprofessor),Hoidmise kunsti aruteluala toetab MTÜ Arvamusfestival.,et,,24 Hoidmise kunst,
2387966361,"tag:soundcloud,2010:tracks/2387966361",Euroopa Liidu heitekaubandus_ rohepöörasus või nutikas poliitika_,2026-08-25T12:51:46Z,"Tue, 25 Aug 2026 12:51:46 +0000",https://soundcloud.com/arvamusfestival/euroopa-liidu-heitekaubandus_rohepoorasus-voi-nutikas-poliitika-6,https://feeds.soundcloud.com/stream/2387966361-arvamusfestival-euroopa-liidu-heitekaubandus_rohepoorasus-voi-nutikas-poliitika-6.mp3,59308452,3706.0,2387966361,b25ef2feecd3e67f00603763257b9cbfa7a30a7769b47f6334ac4713ee352023,"[""2387966361""]",MTÜ Eesti Taastuvenergia Koda,https://arvamusfestival.ee/kava2026/,"[{""id"": 13195, ""title"": ""Euroopa Liidu heitekaubandus: rohepöörasus või nutikas poliitika?"", ""organizer"": ""MTÜ Eesti Taastuvenergia Koda"", ""date"": ""2026-08-07T16:30:00"", ""source"": ""https://arvamusfestival.ee/kava2026/""}]",matched,normalized_exact,,[13195],2026,Euroopa Liidu heitekaubandus: rohepöörasus või nutikas poliitika?,2026-08-07T16:30:00,2026-08-07T17:30:00,Silver Sillak,Laura Remmelgas (Kliimaministeeriumi kliimaosakonna juhataja) Margo Külaots (Gren Eesti äride juht) Arvi Hamburg (Eesti Teaduste Akadeemia energeetikakomisjoni liige) Ivo Krustok (SEI Tallinn kliimasüsteemide ja energiapoliitika üksuse juht),Energilise Majanduse aruteluala toetab Utilitas.,et,,28 Energiline majandus,
2387966364,"tag:soundcloud,2010:tracks/2387966364",Millised on kohaliku kaugkütte tulevikustsenaariumid_,2026-08-25T12:51:46Z,"Tue, 25 Aug 2026 12:51:46 +0000",https://soundcloud.com/arvamusfestival/millised-on-kohaliku-kaugkutte-tulevikustsenaariumid-4,https://feeds.soundcloud.com/stream/2387966364-arvamusfestival-millised-on-kohaliku-kaugkutte-tulevikustsenaariumid-4.mp3,83285516,5205.0,2387966364,f857bc4ba285966b212ed71713cd4e9d512399ca6242442810bc295fd02f1d17,"[""2387966364""]",MTÜ Eesti jõujaamade ja kaugkütte ühing,https://arvamusfestival.ee/kava2026/,"[{""id"": 13199, ""title"": ""Millised on kohaliku kaugkütte tulevikustsenaariumid?"", ""organizer"": ""MTÜ Eesti jõujaamade ja kaugkütte ühing"", ""date"": ""2026-08-07T14:30:00"", ""source"": ""https://arvamusfestival.ee/kava2026/""}]",matched,normalized_exact,,[13199],2026,Millised on kohaliku kaugkütte tulevikustsenaariumid?,2026-08-07T14:30:00,2026-08-07T16:00:00,Kristjan Pihl,"Rein Vaks (Kliimaministeeriumi energeetikaosakonna juhataja), Evelin Pärn-Lee (Konkurentsiameti peadirektor), Robert Kitt (Utilitase kaugenergiaettevõtete juht), Andry Krass (Eesti Omanike Keskliidu juhatuse esimees), Kristel Järve (Eesti Erametsaliidu tegevjuht)",Energilise Majanduse aruteluala toetab Utilitas.,et,,28 Energiline majandus,
2387966370,"tag:soundcloud,2010:tracks/2387966370",Kuidas edasi_ Eesti energeetika järgmise kümne aasta vaade,2026-08-25T12:51:46Z,"Tue, 25 Aug 2026 12:51:46 +0000",https://soundcloud.com/arvamusfestival/kuidas-edasi_eesti-energeetika-jargmise-kumne-aasta-vaade-1,https://feeds.soundcloud.com/stream/2387966370-arvamusfestival-kuidas-edasi_eesti-energeetika-jargmise-kumne-aasta-vaade-1.mp3,91297794,5706.0,2387966370,b987af03684e40df1c7d24db390f06dea9c884028d62fc5c25f1e1eeef65f019,"[""2387966370""]",Eesti Tuuleenergia Assotsiatsioon,https://arvamusfestival.ee/kava2026/,"[{""id"": 13193, ""title"": ""Kuidas edasi? Eesti energeetika järgmise kümne aasta vaade"", ""organizer"": ""Eesti Tuuleenergia Assotsiatsioon"", ""date"": ""2026-08-07T12:30:00"", ""source"": ""https://arvamusfestival.ee/kava2026/""}]",matched,normalized_exact,,[13193],2026,Kuidas edasi? Eesti energeetika järgmise kümne aasta vaade,2026-08-07T12:30:00,2026-08-07T14:00:00,Terje Talv,Priit Koit (Utilitas kontserni juht) Andrus Durejko (Eesti Energia juhatuse esimees) Jevgeni Ossinovski (Sotsiaaldemokraatliku Erakonna aseesimees) Jaanus Uiga (Kliimaministeeriumu asekantsler),Energilise Majanduse aruteluala toetab Utilitas.,et,,28 Energiline majandus,
2387966373,"tag:soundcloud,2010:tracks/2387966373",Miks peab elektriga kauplema börsil_ (1),2026-08-25T12:51:46Z,"Tue, 25 Aug 2026 12:51:46 +0000",https://soundcloud.com/arvamusfestival/miks-peab-elektriga-kauplema-borsil_1-5,https://feeds.soundcloud.com/stream/2387966373-arvamusfestival-miks-peab-elektriga-kauplema-borsil_1-5.mp3,60324928,3770.0,2387966373,66d54ff36fe13c1c1148c5142bb8b773ccdf1c7ea4584fbf66a074f628bdccaf,"[""2387966373""]",MTÜ Eesti Taastuvenergia Koda,https://arvamusfestival.ee/kava2026/,"[{""id"": 13196, ""title"": ""Miks peab elektriga kauplema börsil?"", ""organizer"": ""MTÜ Eesti Taastuvenergia Koda"", ""date"": ""2026-08-08T10:00:00"", ""source"": ""https://arvamusfestival.ee/kava2026/""}]",matched,normalized_exact,,[13196],2026,Miks peab elektriga kauplema börsil?,2026-08-08T10:00:00,2026-08-08T11:00:00,Arp Müller,Marko Allikson (Baltic Energy Partners juhatuse liige),Energilise Majanduse aruteluala toetab Utilitas.,et,,28 Energiline majandus,
2387966376,"tag:soundcloud,2010:tracks/2387966376",Milliseid riske toob kliima ettevõtete tegevusse ja kuidas neid maandada_ Ettevalmistused ja õppetunnid,2026-08-25T12:51:46Z,"Tue, 25 Aug 2026 12:51:46 +0000",https://soundcloud.com/arvamusfestival/milliseid-riske-toob-kliima-ettevotete-tegevusse-ja-kuidas-neid-maandada_ettevalmistused-ja-oppetunnid-7,https://feeds.soundcloud.com/stream/2387966376-arvamusfestival-milliseid-riske-toob-kliima-ettevotete-tegevusse-ja-kuidas-neid-maandada_ettevalmistused-ja-oppetunnid-7.mp3,83755720,5234.0,2387966376,2ff6e7a0c2b6f6c2572da7210cc6cffbf0010db5698507aedbd8e9358198fda7,"[""2387966376""]",Tallinna Vesi,https://arvamusfestival.ee/kava2026/,"[{""id"": 13194, ""title"": ""Milliseid riske toob kliima ettevõtete tegevusse ja kuidas neid maandada? Ettevalmistused ja õppetunnid"", ""organizer"": ""Tallinna Vesi"", ""date"": ""2026-08-08T14:00:00"", ""source"": ""https://arvamusfestival.ee/kava2026/""}]",matched,normalized_exact,,[13194],2026,Milliseid riske toob kliima ettevõtete tegevusse ja kuidas neid maandada? Ettevalmistused ja õppetunnid,2026-08-08T14:00:00,2026-08-08T15:30:00,Mirko Ojakivi,"Aleksandr Timofejev (Tallinna Vee tegevjuht), Jaanus Terasmaa (Tallinna Ülikooli ökohüdroloogia professor), Kaire Kuldpere (Utilitase keskkonnajuht) ja Evelin Heiberg (Orkla Snacks jätkusuutlikkuse juht).",Energilise Majanduse aruteluala toetab Utilitas.,et,,28 Energiline majandus,
2387966379,"tag:soundcloud,2010:tracks/2387966379",Elektridefitsiit Eestis_ kui suur on tegelik majandus- ja julgeolekurisk_,2026-08-25T12:51:46Z,"Tue, 25 Aug 2026 12:51:46 +0000",https://soundcloud.com/arvamusfestival/elektridefitsiit-eestis_kui-suur-on-tegelik-majandus-ja-julgeolekurisk-3,https://feeds.soundcloud.com/stream/2387966379-arvamusfestival-elektridefitsiit-eestis_kui-suur-on-tegelik-majandus-ja-julgeolekurisk-3.mp3,88855240,5553.0,2387966379,5b90a2abdbd65a4bd1dec57a33e41a5c218fb05b7724329245e800c337654e35,"[""2387966379""]",MTÜ Eesti Taastuvenergia Koda,https://arvamusfestival.ee/kava2026/,"[{""id"": 13197, ""title"": ""Elektridefitsiit Eestis: kui suur on tegelik majandus- ja julgeolekurisk?"", ""organizer"": ""MTÜ Eesti Taastuvenergia Koda"", ""date"": ""2026-08-08T12:00:00"", ""source"": ""https://arvamusfestival.ee/kava2026/""}]",matched,normalized_exact,,[13197],2026,Elektridefitsiit Eestis: kui suur on tegelik majandus- ja julgeolekurisk?,2026-08-08T12:00:00,2026-08-08T13:30:00,Kadri Inselberg,Erkki Sapp (Elering juhatuse liige) Kadri Männasoo (TalTechi majandusanalüüsi ja rahanduse professor) Gerrit Mäesalu (Enefiti juhatuse esimees) Rene Tammist (Utilitas Windi juhatuse esimees),Energilise Majanduse aruteluala toetab Utilitas.,et,,28 Energiline majandus,
2387966382,"tag:soundcloud,2010:tracks/2387966382",Miks me pelgame energiat kui majandusarengu mootorit,2026-08-25T12:51:46Z,"Tue, 25 Aug 2026 12:51:46 +0000",https://soundcloud.com/arvamusfestival/miks-me-pelgame-energiat-kui-majandusarengu-mootorit-2,https://feeds.soundcloud.com/stream/2387966382-arvamusfestival-miks-me-pelgame-energiat-kui-majandusarengu-mootorit-2.mp3,89842460,5615.0,2387966382,fe8ba0ac4aaf2af2e683e9e6f908d3f9331bddf1387eabdadceea0a39eb27390,"[""2387966382""]",MTÜ Eesti Taastuvenergia Koda,https://arvamusfestival.ee/kava2026/,"[{""id"": 13198, ""title"": ""Miks me pelgame energiat kui majandusarengu mootorit?"", ""organizer"": ""MTÜ Eesti Taastuvenergia Koda"", ""date"": ""2026-08-08T16:00:00"", ""source"": ""https://arvamusfestival.ee/kava2026/""}]",matched,normalized_exact,,[13198],2026,Miks me pelgame energiat kui majandusarengu mootorit?,2026-08-08T16:00:00,2026-08-08T17:30:00,Mirko Ojakivi,Robert Kitt (Utilitas Tallinna juht) Triinu Tapver (LHV majandusanalüütik) Andres Sutt (energeetika- ja keskkonnaminister),Energilise Majanduse aruteluala toetab Utilitas.,et,,28 Energiline majandus,
2393585466,"tag:soundcloud,2010:tracks/2393585466",Matemaatikatund ja -ring kui mõtlemise laborid,2026-09-03T07:51:33Z,"Thu, 03 Sep 2026 07:51:33 +0000",https://soundcloud.com/arvamusfestival/matemaatikatund-ja-ring-kui-motlemise-laborid-7,https://feeds.soundcloud.com/stream/2393585466-arvamusfestival-matemaatikatund-ja-ring-kui-motlemise-laborid-7.mp3,63750104,3984.0,2393585466,737403fb8f6c8f97be9b540c56cdb167a610019d9f5db214dd6d79243f9cec17,"[""2393585466""]",Eesti Matemaatika Selts,https://arvamusfestival.ee/kava2026/,"[{""id"": 13243, ""title"": ""Matemaatikatund ja -ring kui mõtlemise laborid"", ""organizer"": ""Eesti Matemaatika Selts"", ""date"": ""2026-08-07T12:00:00"", ""source"": ""https://arvamusfestival.ee/kava2026/""}]",matched,normalized_exact,,[13243],2026,Matemaatikatund ja -ring kui mõtlemise laborid,2026-08-07T12:00:00,2026-08-07T13:30:00,Annika Volt,"Raili Vilt (Tartu Ülikooli teaduskool, metoodik) Annika Volt (Tallinna Ülikooli digitehnoloogiate instituut, matemaatika didaktik, nooremteadur)",Vabaühenduste foorumi toimumist toetavad Kodanikuühiskonna Sihtkapital ja Siseministeerium.,et,,13 Vabaühenduste foorum A,
2393585469,"tag:soundcloud,2010:tracks/2393585469",Mida Eesti tegelikult kõrghariduselt ootab_,2026-09-03T07:51:33Z,"Thu, 03 Sep 2026 07:51:33 +0000",https://soundcloud.com/arvamusfestival/mida-eesti-tegelikult-korghariduselt-ootab-2,https://feeds.soundcloud.com/stream/2393585469-arvamusfestival-mida-eesti-tegelikult-korghariduselt-ootab-2.mp3,87754336,5484.0,2393585469,ee08facabaa0da15b940abd9cff9e185ec89ab31d8f28a597bba75b9d200f69e,"[""2393585469""]",Eesti Üliõpilaskondade Liit,https://arvamusfestival.ee/kava2026/,"[{""id"": 13245, ""title"": ""Mida Eesti tegelikult kõrghariduselt ootab?"", ""organizer"": ""Eesti Üliõpilaskondade Liit"", ""date"": ""2026-08-08T10:30:00"", ""source"": ""https://arvamusfestival.ee/kava2026/""}]",matched,normalized_exact,,[13245],2026,Mida Eesti tegelikult kõrghariduselt ootab?,2026-08-08T10:30:00,2026-08-08T12:00:00,Allan Aksiim,"Piret Viirpalu (Rakenduskõrgkoolide Rektorite Nõukogu esimees, Kõrgema Kunstikool Pallas rektor), Robin Liiber (Eesti Üliõpilaskondade Liidu juht), Tiit Land (Rektorite Nõukogu esimees, Tallinna Tehnikaülikooli rektor), Kristina Kallas (Haridus- ja Teadusminister)",Vabaühenduste foorumi toimumist toetavad Kodanikuühiskonna Sihtkapital ja Siseministeerium.,et,,13 Vabaühenduste foorum A,
2393585472,"tag:soundcloud,2010:tracks/2393585472",Kas lapsel on päriselt koht Eestis_ Elu asendushooldusel täna ja homme,2026-09-03T07:51:33Z,"Thu, 03 Sep 2026 07:51:33 +0000",https://soundcloud.com/arvamusfestival/kas-lapsel-on-pariselt-koht-eestis_elu-asendushooldusel-tana-ja-homme-1,https://feeds.soundcloud.com/stream/2393585472-arvamusfestival-kas-lapsel-on-pariselt-koht-eestis_elu-asendushooldusel-tana-ja-homme-1.mp3,89648527,5602.0,2393585472,c98300ab5cdce4d577c934ac51fc96140516d3e0f3d8a62504a8542fc05b20d4,"[""2393585472""]",Tallinna Lastekodu,https://arvamusfestival.ee/kava2026/,"[{""id"": 13250, ""title"": ""Kas lapsel on päriselt koht Eestis? Elu asendushooldusel täna ja homme"", ""organizer"": ""Tallinna Lastekodu"", ""date"": ""2026-08-08T18:30:00"", ""source"": ""https://arvamusfestival.ee/kava2026/""}]",matched,normalized_exact,,[13250],2026,Kas lapsel on päriselt koht Eestis? Elu asendushooldusel täna ja homme,2026-08-08T18:30:00,2026-08-08T20:00:00,Meelis Kukk (Tallinna Lastekodu juhataja),"Arutelus kohtuvad asendushooldusel kasvanud noore kogemus, poliitikakujundaja vastutus, teadlase teadmine ning asendushoolduse spetsialistide igapäevane praktiline vaade. Riina Solman (Tallinna abilinnapea), Marina Sepp (kasvataja, kes on töötanud üle 40 aasta asenduskodus), Kristiina Ansip (haridusinnovatsiooni magistrant), Kaarel Hallikas (ettevõtja, asenduskodus elanud noor)",Vabaühenduste foorumi toimumist toetavad Kodanikuühiskonna Sihtkapital ja Siseministeerium.,et,,13 Vabaühenduste foorum A,
2393585475,"tag:soundcloud,2010:tracks/2393585475",Kas internet vajab korrakaitsjat_,2026-09-03T07:51:33Z,"Thu, 03 Sep 2026 07:51:33 +0000",https://soundcloud.com/arvamusfestival/kas-internet-vajab-korrakaitsjat-3,https://feeds.soundcloud.com/stream/2393585475-arvamusfestival-kas-internet-vajab-korrakaitsjat-3.mp3,86164419,5385.0,2393585475,5fe6805c8b7f1fdcd8e3b1d03148d5810d5cea6af92e0fba22f016428e8c8b39,"[""2393585475""]",Eesti Õigusteaduse Üliõpilaste Liit,https://arvamusfestival.ee/kava2026/,"[{""id"": 13248, ""title"": ""Kas internet vajab korrakaitsjat?"", ""organizer"": ""Eesti Õigusteaduse Üliõpilaste Liit"", ""date"": ""2026-08-08T14:30:00"", ""source"": ""https://arvamusfestival.ee/kava2026/""}]",matched,normalized_exact,,[13248],2026,Kas internet vajab korrakaitsjat?,2026-08-08T14:30:00,2026-08-08T16:00:00,Aurelia Pärtelson ja Emma Priisaar,"Kristjan Kers (Advokaadibüroo Emerald Legal advokaat) Märt Koik (Eesti näitleja, saatejuht ja videoblogija) Maarja Punak (endine veebikonstaabel, PPA kommunikatsioonispetsialist, politseikapten) Maria Murumaa-Mengel (eesti sotsiaalteadlane, sotsiaalmeedia uurija)",Vabaühenduste foorumi toimumist toetavad Kodanikuühiskonna Sihtkapital ja Siseministeerium.,et,,13 Vabaühenduste foorum A,
2393585478,"tag:soundcloud,2010:tracks/2393585478",Tehisintellekt kõrghariduses_ reeglid alles kujunemas,2026-09-03T07:51:33Z,"Thu, 03 Sep 2026 07:51:33 +0000",https://soundcloud.com/arvamusfestival/tehisintellekt-korghariduses_reeglid-alles-kujunemas-6,https://feeds.soundcloud.com/stream/2393585478-arvamusfestival-tehisintellekt-korghariduses_reeglid-alles-kujunemas-6.mp3,68309621,4269.0,2393585478,81c059f626c143b7fbb92e1887480305024a2e02c743add89f73534f148495c6,"[""2393585478""]",Eesti Üliõpilaskondade Liit,https://arvamusfestival.ee/kava2026/,"[{""id"": 13246, ""title"": ""Tehisintellekt kõrghariduses: reeglid alles kujunemas"", ""organizer"": ""Eesti Üliõpilaskondade Liit"", ""date"": ""2026-08-07T16:00:00"", ""source"": ""https://arvamusfestival.ee/kava2026/""}]",matched,normalized_exact,,[13246],2026,Tehisintellekt kõrghariduses: reeglid alles kujunemas,2026-08-07T16:00:00,2026-08-07T17:30:00,Eleri Karu,"Martin A. Noorkõiv (Strateon Consulting), Sirely Veri (TalTechi üliõpilasesindaja), Margit Sutrop (Riigikogu liige ja Riigikogu kõrgharidus toetusrühma liige)",Vabaühenduste foorumi toimumist toetavad Kodanikuühiskonna Sihtkapital ja Siseministeerium.,et,,13 Vabaühenduste foorum A,
2393585481,"tag:soundcloud,2010:tracks/2393585481","Ekspert ekraanil, märklaud seljal_ mis on ekspertarvamuse hind_",2026-09-03T07:51:33Z,"Thu, 03 Sep 2026 07:51:33 +0000",https://soundcloud.com/arvamusfestival/ekspert-ekraanil-marklaud-seljal_mis-on-ekspertarvamuse-hind-4,https://feeds.soundcloud.com/stream/2393585481-arvamusfestival-ekspert-ekraanil-marklaud-seljal_mis-on-ekspertarvamuse-hind-4.mp3,84455802,5278.0,2393585481,8388a6776afd13e32d3cb906eeadbcd49949f04ff023ed99ad4a711670abe3ec,"[""2393585481""]","Tallinna Ülikool, Tartu Ülikool, Eesti Maaülikool",https://arvamusfestival.ee/kava2026/,"[{""id"": 13247, ""title"": ""Ekspert ekraanil, märklaud seljal: mis on ekspertarvamuse hind?"", ""organizer"": ""Tallinna Ülikool, Tartu Ülikool, Eesti Maaülikool"", ""date"": ""2026-08-08T12:30:00"", ""source"": ""https://arvamusfestival.ee/kava2026/""}]",matched,normalized_exact,,[13247],2026,"Ekspert ekraanil, märklaud seljal: mis on ekspertarvamuse hind?",2026-08-08T12:30:00,2026-08-08T14:00:00,"Mari-Liis Jakobson, Tallinna Ülikool",Kalle Olli (Eesti Maaülikooli professor ja teadusprorektor) Jaanus Terasmaa (Tallinna Ülikooli ökohüdroloogia professor) Mari-Liisa Parder (Tartu Ülikooli eetikakeskuse teadur) Marta Vunš (Delfi valeinfo reporter),Vabaühenduste foorumi toimumist toetavad Kodanikuühiskonna Sihtkapital ja Siseministeerium.,et,,13 Vabaühenduste foorum A,
2393585484,"tag:soundcloud,2010:tracks/2393585484",Hinded ja heaolu – kas kool hindab õigesti_,2026-09-03T07:51:33Z,"Thu, 03 Sep 2026 07:51:33 +0000",https://soundcloud.com/arvamusfestival/hinded-ja-heaolu-kas-kool-hindab-oigesti-5,https://feeds.soundcloud.com/stream/2393585484-arvamusfestival-hinded-ja-heaolu-kas-kool-hindab-oigesti-5.mp3,71711808,4481.0,2393585484,47136f080c3e1e1b3f746988b3ee2058dd8951575597bcac4d7adc6eb72055bf,"[""2393585484""]",Eesti Õpilasesinduste Liit,https://arvamusfestival.ee/kava2026/,"[{""id"": 13244, ""title"": ""Hinded ja heaolu – kas kool hindab õigesti?"", ""organizer"": ""Eesti Õpilasesinduste Liit"", ""date"": ""2026-08-07T14:00:00"", ""source"": ""https://arvamusfestival.ee/kava2026/""}]",matched,normalized_exact,,[13244],2026,Hinded ja heaolu – kas kool hindab õigesti?,2026-08-07T14:00:00,2026-08-07T15:30:00,Karl Erik Kirss,Anete Põldoja (Tartu Karlova Kooli õpilane ja õpilasesinduse president) Pille Liblik (Setomaa koolide direktor) Margit Timakov (Eesti Õpetajate Liidu juhatuse liige) Kati Aus (Tallinna Ülikooli hariduspsühholoogia külalisteadur),Vabaühenduste foorumi toimumist toetavad Kodanikuühiskonna Sihtkapital ja Siseministeerium.,et,,13 Vabaühenduste foorum A,
2394248493,"tag:soundcloud,2010:tracks/2394248493","Kuidas rääkida vähist ja tervisest nii, et kasvaks teadlikkus, mitte ärevus_",2026-09-04T07:09:19Z,"Fri, 04 Sep 2026 07:09:19 +0000",https://soundcloud.com/arvamusfestival/kuidas-raakida-vahist-ja-tervisest-nii-et-kasvaks-teadlikkus-mitte-arevus-3,https://feeds.soundcloud.com/stream/2394248493-arvamusfestival-kuidas-raakida-vahist-ja-tervisest-nii-et-kasvaks-teadlikkus-mitte-arevus-3.mp3,90536272,5658.0,2394248493,06a1e73f90ba769d440bcfc9255956f30aef1dc45f5325c3fb5110d2898bcdca,"[""2394248493""]",Eesti vähitõrje võrgustik (ESTCAN),https://arvamusfestival.ee/kava2026/,"[{""id"": 13137, ""title"": ""Kuidas rääkida vähist ja tervisest nii, et kasvaks teadlikkus, mitte ärevus?"", ""organizer"": ""Eesti vähitõrje võrgustik (ESTCAN)"", ""date"": ""2026-08-08T18:00:00"", ""source"": ""https://arvamusfestival.ee/kava2026/""}]",matched,normalized_exact,,[13137],2026,"Kuidas rääkida vähist ja tervisest nii, et kasvaks teadlikkus, mitte ärevus?",2026-08-08T18:00:00,2026-08-08T19:30:00,Kristina Seimann,"Marianne Annion (Tallinna Tervishoiu Kõrgkooli vaimse tervise õenduse mooduli juht) Kristi Paron (õigus- ja sotsiaalteadlane, laste õiguste ekspert) Kadri Saks (Tallinna Lastehaigla onkoloogia-hematoloogia osakonna juhataja) Veronika Kukk (Tartu Ülikooli kaasaegsete tervisetähenduste uurija) Nette Junkur (Tallinna Ülikooli kaasaegsete tervisetähenduste uurija)",Ausalt Vähist! aruteluala toetab ESTCAN – Eesti vähitõrje võrgustik.,et,,24 Ausalt vähist!,
2394248496,"tag:soundcloud,2010:tracks/2394248496",Surm ei küsi diagnoosi – kas sina oled valmis_,2026-09-04T07:09:19Z,"Fri, 04 Sep 2026 07:09:19 +0000",https://soundcloud.com/arvamusfestival/surm-ei-kusi-diagnoosi-kas-sina-oled-valmis-4,https://feeds.soundcloud.com/stream/2394248496-arvamusfestival-surm-ei-kusi-diagnoosi-kas-sina-oled-valmis-4.mp3,87812850,5488.0,2394248496,d7809786e5884748de93db87fe7f09886fea199516624b67071e490103a9c1e3,"[""2394248496""]",Eesti vähitõrje võrgustik (ESTCAN),https://arvamusfestival.ee/kava2026/,"[{""id"": 13135, ""title"": ""Surm ei küsi diagnoosi – kas sina oled valmis?"", ""organizer"": ""Eesti vähitõrje võrgustik (ESTCAN)"", ""date"": ""2026-08-08T14:00:00"", ""source"": ""https://arvamusfestival.ee/kava2026/""}]",matched,normalized_exact,,[13135],2026,Surm ei küsi diagnoosi – kas sina oled valmis?,2026-08-08T14:00:00,2026-08-08T15:30:00,Rille Pihlak,"Pille Retter (vähidiagnoosiga patsient, Onkoloogika kaasasutaja, raamatu „Ma valin elu“ autor) Vahur Valvere (Põhja-Eesti Regionaalhaigla onkoloog-ülemarst; Eesti Vähiliidu president) Marju Kõivupuu (folklorist ja kultuuriloolane, Tallinna Ülikooli meditsiinipärimuse ja surmakultuuri uurija) Katrin Elmet (Tartu Ülikooli Kliinikumi anestesioloog; Tartu Ülikooli eetikaõppejõud) Susan Sündema (Põhja-Eesti Regionaalhaigla palliatiivravi arst; Viljandi haigla toitmisravi arst)",Ausalt Vähist! aruteluala toetab ESTCAN – Eesti vähitõrje võrgustik.,et,,24 Ausalt vähist!,
2394248499,"tag:soundcloud,2010:tracks/2394248499",Vähipatsiendi infoauk_ kelle vastutus on seda täita_,2026-09-04T07:09:19Z,"Fri, 04 Sep 2026 07:09:19 +0000",https://soundcloud.com/arvamusfestival/vahipatsiendi-infoauk_kelle-vastutus-on-seda-taita-1,https://feeds.soundcloud.com/stream/2394248499-arvamusfestival-vahipatsiendi-infoauk_kelle-vastutus-on-seda-taita-1.mp3,94049219,5878.0,2394248499,28514111af6eedb85db38f158ec160afd02f5a557c0ff4ae5553b9728482ad86,"[""2394248499""]",Eesti vähitõrje võrgustik (ESTCAN),https://arvamusfestival.ee/kava2026/,"[{""id"": 13133, ""title"": ""Vähipatsiendi infoauk: kelle vastutus on seda täita?"", ""organizer"": ""Eesti vähitõrje võrgustik (ESTCAN)"", ""date"": ""2026-08-08T10:00:00"", ""source"": ""https://arvamusfestival.ee/kava2026/""}]",matched,normalized_exact,,[13133],2026,Vähipatsiendi infoauk: kelle vastutus on seda täita?,2026-08-08T10:00:00,2026-08-08T11:30:00,Valerija Strelovskaja,"Kadi Krinal (Tallinna Tehnikaülikooli vanemteadur, e-tervise keskuse juht) Pille Retter (vähidiagnoosiga patsient, Onkoloogika kaasasutaja, raamatu „Ma valin elu“ autor) Signe Punnisk (Tartu Ülikooli Kliinikumi psühholoog) Helis Pokker (Põhja-Eesti Regionaalhaigla onkoloogia-hematoloogia kliiniku juhataja, onkoloog) Henriette Liis Meeliste (Tartu Ülikooli tervisekommunikatsiooni uurija)",Ausalt Vähist! aruteluala toetab ESTCAN – Eesti vähitõrje võrgustik.,et,,24 Ausalt vähist!,
2394248502,"tag:soundcloud,2010:tracks/2394248502",Vähitõrje järgmised viis aastat – mida peab Eesti teisiti tegema_,2026-09-04T07:09:19Z,"Fri, 04 Sep 2026 07:09:19 +0000",https://soundcloud.com/arvamusfestival/vahitorje-jargmised-viis-aastat-mida-peab-eesti-teisiti-tegema-2,https://feeds.soundcloud.com/stream/2394248502-arvamusfestival-vahitorje-jargmised-viis-aastat-mida-peab-eesti-teisiti-tegema-2.mp3,92317196,5769.0,2394248502,f500219966512f219bbbf7ab7d3846dbc99dc7c5f0b349de70650ca06517fbfa,"[""2394248502""]",Eesti vähitõrje võrgustik (ESTCAN),https://arvamusfestival.ee/kava2026/,"[{""id"": 13134, ""title"": ""Vähitõrje järgmised viis aastat – mida peab Eesti teisiti tegema?"", ""organizer"": ""Eesti vähitõrje võrgustik (ESTCAN)"", ""date"": ""2026-08-08T12:00:00"", ""source"": ""https://arvamusfestival.ee/kava2026/""}]",matched,normalized_exact,,[13134],2026,Vähitõrje järgmised viis aastat – mida peab Eesti teisiti tegema?,2026-08-08T12:00:00,2026-08-08T13:30:00,Kadri Põlendik,"Riina Sikkut (endine terviseminister, riigikogu liige) Kaire Innos (Tervise Arengu Instituudi teadusdirektor ja juhtivteadur) Kristel Leif (Onkoloogika kogukonna asutaja ja eestvedaja, patsient) Made Bambus (Sotsiaalministeeriumi tervishoiuteenuste osakonna nõunik) Kristiina Ojamaa (Põhja-Eesti regionaalhaigla onkoloog-vanemarst, Eesti Onkoloogide Seltsi liige)",Ausalt Vähist! aruteluala toetab ESTCAN – Eesti vähitõrje võrgustik.,et,,24 Ausalt vähist!,
2394248505,"tag:soundcloud,2010:tracks/2394248505",Tehisintellekti tulevik vähiravis,2026-09-04T07:09:19Z,"Fri, 04 Sep 2026 07:09:19 +0000",https://soundcloud.com/arvamusfestival/tehisintellekti-tulevik-vahiravis-5,https://feeds.soundcloud.com/stream/2394248505-arvamusfestival-tehisintellekti-tulevik-vahiravis-5.mp3,89206744,5575.0,2394248505,7d91eba2a8d41db7919996a04ee31f624f83a0cf7d4168a3bc257d6c2b9f0ce7,"[""2394248505""]",Eesti vähitõrje võrgustik (ESTCAN),https://arvamusfestival.ee/kava2026/,"[{""id"": 13136, ""title"": ""Tehisintellekti tulevik vähiravis"", ""organizer"": ""Eesti vähitõrje võrgustik (ESTCAN)"", ""date"": ""2026-08-08T16:00:00"", ""source"": ""https://arvamusfestival.ee/kava2026/""}]",matched,normalized_exact,,[13136],2026,Tehisintellekti tulevik vähiravis,2026-08-08T16:00:00,2026-08-08T17:30:00,Priit Tohver,Janne Pullat (Selfdiagnosticsi Euroopa haru äriarenduse ja tehisintellekti osakonna juhataja) Priit Salumaa (Better Medicine’i tegevjuht) Nikita Umov (Gosta Labsi Eesti esindaja) Ann Valter (Põhja-Eesti Regionaalhaigla onkoloog) Kristin Kuusk (Tervisekassa onkoloogia osateenusejuht),Ausalt Vähist! aruteluala toetab ESTCAN – Eesti vähitõrje võrgustik.,et,,24 Ausalt vähist!,
2395857120,"tag:soundcloud,2010:tracks/2395857120",Muutuv rändemaastik_ milleks peab Eesti Euroopa piiririigina valmis olema_,2026-09-07T07:34:21Z,"Mon, 07 Sep 2026 07:34:21 +0000",https://soundcloud.com/arvamusfestival/muutuv-randemaastik_milleks-peab-eesti-euroopa-piiririigina-valmis-olema-1,https://feeds.soundcloud.com/stream/2395857120-arvamusfestival-muutuv-randemaastik_milleks-peab-eesti-euroopa-piiririigina-valmis-olema-1.mp3,87592208,5474.0,2395857120,6bfc2281c3ccc54576dde81dc746d4ee09645422dbdc74ea295ae4f8de96c18c,"[""2395857120""]",EMN Eesti,https://arvamusfestival.ee/kava2026/,"[{""id"": 13097, ""title"": ""Muutuv rändemaastik: milleks peab Eesti Euroopa piiririigina valmis olema?"", ""organizer"": ""EMN Eesti"", ""date"": ""2026-08-07T14:30:00"", ""source"": ""https://arvamusfestival.ee/kava2026/""}]",matched,normalized_exact,,[13097],2026,Muutuv rändemaastik: milleks peab Eesti Euroopa piiririigina valmis olema?,2026-08-07T14:30:00,2026-08-07T16:00:00,"Ave Lauren, rändeekspert",Joosep Kaasik (Siseministeerium) Ringo Ringvee (Sisekaitseakadeemia usundiloolane ja ekspert) David Vseviov (ajaloolane) Sigrid Solnik (Pagulasabi),Kultuuririkkuse aruteluala toetavad Eesti Kultuuriministeerium ja Euroopa Liit.,et,,3 Kultuuririkkus,
2395857123,"tag:soundcloud,2010:tracks/2395857123","Uus elu, uued rollid_ pagulaste identiteet ja kuuluvus Eestis",2026-09-07T07:34:21Z,"Mon, 07 Sep 2026 07:34:21 +0000",https://soundcloud.com/arvamusfestival/uus-elu-uued-rollid_pagulaste-identiteet-ja-kuuluvus-eestis-4,https://feeds.soundcloud.com/stream/2395857123-arvamusfestival-uus-elu-uued-rollid_pagulaste-identiteet-ja-kuuluvus-eestis-4.mp3,77386480,4836.0,2395857123,0193c4add19437fc8b54779f6932fd7f569f61087fab214cc02a3d2fa4b31620,"[""2395857123""]",ÜRO Pagulasamet,https://arvamusfestival.ee/kava2026/,"[{""id"": 13096, ""title"": ""Uus elu, uued rollid: pagulaste identiteet ja kuuluvus Eestis"", ""organizer"": ""ÜRO Pagulasamet"", ""date"": ""2026-08-07T12:30:00"", ""source"": ""https://arvamusfestival.ee/kava2026/""}]",matched,normalized_exact,,[13096],2026,"Uus elu, uued rollid: pagulaste identiteet ja kuuluvus Eestis",2026-08-07T12:30:00,2026-08-07T14:00:00,Egle Sander (UNHCR Assistant Protection Officer - UNHCR kaitseametnik),"Triin Vihalemm (PhD, kommunikatsiooniuuringute professor) Iryna Zotovych (Pärnu linnavalitsus, lõimumise koordinaator) Shorok Alsulaiman (tudeng)",Kultuuririkkuse aruteluala toetavad Eesti Kultuuriministeerium ja Euroopa Liit.,et,,3 Kultuuririkkus,
2395857126,"tag:soundcloud,2010:tracks/2395857126",Kuuluvustunne või äärmuslus_ Kuidas ennetada radikaliseerumist,2026-09-07T07:34:21Z,"Mon, 07 Sep 2026 07:34:21 +0000",https://soundcloud.com/arvamusfestival/kuuluvustunne-voi-aarmuslus_kuidas-ennetada-radikaliseerumist-2,https://feeds.soundcloud.com/stream/2395857126-arvamusfestival-kuuluvustunne-voi-aarmuslus_kuidas-ennetada-radikaliseerumist-2.mp3,85209840,5325.0,2395857126,0027900f07ac504b872fb9bf080147efdbf017a900e4948bec47df45ceced086,"[""2395857126""]",Integratsiooni Sihtasutus,https://arvamusfestival.ee/kava2026/,"[{""id"": 13098, ""title"": ""Kuuluvustunne või äärmuslus? Kuidas ennetada radikaliseerumist"", ""organizer"": ""Integratsiooni Sihtasutus"", ""date"": ""2026-08-07T18:30:00"", ""source"": ""https://arvamusfestival.ee/kava2026/""}]",matched,normalized_exact,,[13098],2026,Kuuluvustunne või äärmuslus? Kuidas ennetada radikaliseerumist,2026-08-07T18:30:00,2026-08-07T20:00:00,Kristjan Pihl,Heidi Maiberg (Siseministeeriumi nõunik) Oksana Belova-Dalton (Johan Skytte poliitikauuringute instituudi rahvusvaheliste suhete teadur) Ringo Ringvee (Sisekaitseakadeemia teadur) Dmitri Moskovtsev (Integratsiooni Sihtasutuse juhataja) Sting Marek Frank Valgus (PPA Põhja prefektuuri radikaliseerumise ennetamise grupp),Kultuuririkkuse aruteluala toetavad Eesti Kultuuriministeerium ja Euroopa Liit.,et,,3 Kultuuririkkus,
2395857129,"tag:soundcloud,2010:tracks/2395857129",Pagulus ja rahvus,2026-09-07T07:34:21Z,"Mon, 07 Sep 2026 07:34:21 +0000",https://soundcloud.com/arvamusfestival/pagulus-ja-rahvus-3,https://feeds.soundcloud.com/stream/2395857129-arvamusfestival-pagulus-ja-rahvus-3.mp3,80310105,5019.0,2395857129,835d4213bfe4a9ab69535d2bda087db5517de6130afd84e517af00be8f315363,"[""2395857129""]",Fenno-Ugria Asutus,https://arvamusfestival.ee/kava2026/,"[{""id"": 13099, ""title"": ""Pagulus ja rahvus"", ""organizer"": ""Fenno-Ugria Asutus"", ""date"": ""2026-08-08T10:00:00"", ""source"": ""https://arvamusfestival.ee/kava2026/""}]",matched,normalized_exact,,[13099],2026,Pagulus ja rahvus,2026-08-08T10:00:00,2026-08-08T11:30:00,Fenno-Ugria direktor Barbi Pilvre,Renee Meriste ja Ede Schank-Tamkivi (USAs pikka aega elanud eestlased) Anna Kuznetsova (Eesti komi) Madis Arukask (folklorist) Tõnu Seilenthal (keeleteadlane),Kultuuririkkuse aruteluala toetavad Eesti Kultuuriministeerium ja Euroopa Liit.,et,,3 Kultuuririkkus,
2395857132,"tag:soundcloud,2010:tracks/2395857132","Kes vastutab, kui välistöötajad elavad kümnekesi kitsas köögis ega saa palka_",2026-09-07T07:34:21Z,"Mon, 07 Sep 2026 07:34:21 +0000",https://soundcloud.com/arvamusfestival/kes-vastutab-kui-valistootajad-elavad-kumnekesi-kitsas-koogis-ega-saa-palka-5,https://feeds.soundcloud.com/stream/2395857132-arvamusfestival-kes-vastutab-kui-valistootajad-elavad-kumnekesi-kitsas-koogis-ega-saa-palka-5.mp3,86296952,5393.0,2395857132,081e3bf926e59512141e104aef45867ad07c8cd41aa39986b376d0c9e66d0438,"[""2395857132""]",Justiits- ja Digiministeerium,https://arvamusfestival.ee/kava2026/,"[{""id"": 13095, ""title"": ""Kes vastutab, kui välistöötajad elavad kümnekesi kitsas köögis ega saa palka?"", ""organizer"": ""Justiits- ja Digiministeerium"", ""date"": ""2026-08-07T16:30:00"", ""source"": ""https://arvamusfestival.ee/kava2026/""}]",matched,normalized_exact,,[13095],2026,"Kes vastutab, kui välistöötajad elavad kümnekesi kitsas köögis ega saa palka?",2026-08-07T16:30:00,2026-08-07T18:00:00,"Kaire Saarep, Tööinspektsiooni peadirektor",Margo Peters (Politsei- ja Piirivalveamet) Sirle Blumberg (Sotsiaalkindlustusamet) Eda Silberg (Kultuuriministeerium) Külli Kraner (Eesti Hotellide ja Restoranide Liit) Kairit Kuusemaa (Sorainen),Kultuuririkkuse aruteluala toetavad Eesti Kultuuriministeerium ja Euroopa Liit.,et,,3 Kultuuririkkus,
2395857135,"tag:soundcloud,2010:tracks/2395857135","Kellel lubame otsustada, kes Eestisse elama tuleb_",2026-09-07T07:34:21Z,"Mon, 07 Sep 2026 07:34:21 +0000",https://soundcloud.com/arvamusfestival/kellel-lubame-otsustada-kes-eestisse-elama-tuleb-7,https://feeds.soundcloud.com/stream/2395857135-arvamusfestival-kellel-lubame-otsustada-kes-eestisse-elama-tuleb-7.mp3,89355577,5584.0,2395857135,6c5fc57a162fe300dd6d749070b1185f588b906b5b013dae2b5cbbca3c6b5f3b,"[""2395857135""]",Kultuuriministeerium,https://arvamusfestival.ee/kava2026/,"[{""id"": 13101, ""title"": ""Kellel lubame otsustada, kes Eestisse elama tuleb?"", ""organizer"": ""Kultuuriministeerium"", ""date"": ""2026-08-08T14:00:00"", ""source"": ""https://arvamusfestival.ee/kava2026/""}]",matched,normalized_exact,,[13101],2026,"Kellel lubame otsustada, kes Eestisse elama tuleb?",2026-08-08T14:00:00,2026-08-08T15:30:00,Ronald Liive,Jüri Vlassov (Sisekaitseakadeemia turvalise tehisaru teemajuht) Sofia Paes (Justiits- ja Digiministeeriumi andmete ja usaldusväärse tehisaru nõunik) Andres Karjus (Tallinna Ülikooli digihumanitaaria ja tehisaru lektor) Pärtel Preinvalts (PPA radikaliseerumise ennetamise grupi juht),Kultuuririkkuse aruteluala toetavad Eesti Kultuuriministeerium ja Euroopa Liit.,et,,3 Kultuuririkkus,
2395857138,"tag:soundcloud,2010:tracks/2395857138","Do They Belong Here, Or Do They Just Live Here_",2026-09-07T07:34:21Z,"Mon, 07 Sep 2026 07:34:21 +0000",https://soundcloud.com/arvamusfestival/do-they-belong-here-or-do-they-just-live-here-9,https://feeds.soundcloud.com/stream/2395857138-arvamusfestival-do-they-belong-here-or-do-they-just-live-here-9.mp3,76197386,4762.0,2395857138,b85aa58281304a4dc81bff97161a2ffe28bc34e32ba5c22d45e1896eac8fc0cf,"[""2395857138""]",Pullivara Group,https://arvamusfestival.ee/kava2026/,"[{""id"": 13100, ""title"": ""Do They Belong Here, Or Do They Just Live Here?"", ""organizer"": ""Pullivara Group"", ""date"": ""2026-08-08T12:00:00"", ""source"": ""https://arvamusfestival.ee/kava2026/""}]",matched,normalized_exact,,[13100],2026,"Do They Belong Here, Or Do They Just Live Here?",2026-08-08T12:00:00,2026-08-08T13:30:00,Marcus Turovski,"Uwanma Obasi Odefa (Nigerian, has lived and worked in Estonia 4.5 years) Hafiz Abdul Manan (Pakistani, has lived in Estonia over a decade) Renita Käsper (Talent Acquisition and Recruitment, currently Head of Expansion at Teamdash) Raivo Vetik (Professor of Comparative Politics at the Tallinn University, focusing on multicultural society)",Kultuuririkkuse aruteluala toetavad Eesti Kultuuriministeerium ja Euroopa Liit.,en,,3 Kultuuririkkus,
2395857141,"tag:soundcloud,2010:tracks/2395857141","Kes ütleb meile, et nemad pole meie_",2026-09-07T07:34:21Z,"Mon, 07 Sep 2026 07:34:21 +0000",https://soundcloud.com/arvamusfestival/kes-utleb-meile-et-nemad-pole-meie-8,https://feeds.soundcloud.com/stream/2395857141-arvamusfestival-kes-utleb-meile-et-nemad-pole-meie-8.mp3,83816782,5238.0,2395857141,a07e67f4a2cecfd76f19dc4bd7e4400a4e4790925698a2dd2657e3ea1c19dc6c,"[""2395857141""]",Tartu Kristjan Jaak Petersoni Gümnaasium / Kultuuriministeerium,https://arvamusfestival.ee/kava2026/,"[{""id"": 13102, ""title"": ""Kes ütleb meile, et nemad pole meie?"", ""organizer"": ""Tartu Kristjan Jaak Petersoni Gümnaasium / Kultuuriministeerium"", ""date"": ""2026-08-08T16:00:00"", ""source"": ""https://arvamusfestival.ee/kava2026/""}]",matched,normalized_exact,,[13102],2026,"Kes ütleb meile, et nemad pole meie?",2026-08-08T16:00:00,2026-08-08T17:30:00,Toomas Tikerperi (Tartu Kristjan Jaak Petersoni Gümnaasiumi õpilasnõustaja),"Maksim Krikuhhin, Mira M M Ali, Katriina Luiize Supe ja Jürgen Öebius (Tartu Kirstjan Jaak Petersoni Gümnaasiumi õpilased) Saara Podekrat.",Kultuuririkkuse aruteluala toetavad Eesti Kultuuriministeerium ja Euroopa Liit.,et,,3 Kultuuririkkus,
2395857144,"tag:soundcloud,2010:tracks/2395857144",Vabatahtlikkus_ lõimumise mootor või lõhede peegel_,2026-09-07T07:34:21Z,"Mon, 07 Sep 2026 07:34:21 +0000",https://soundcloud.com/arvamusfestival/vabatahtlikkus_loimumise-mootor-voi-lohede-peegel-6,https://feeds.soundcloud.com/stream/2395857144-arvamusfestival-vabatahtlikkus_loimumise-mootor-voi-lohede-peegel-6.mp3,73481906,4592.0,2395857144,50c7d2767258e69ccb619b336dd5ad96ef477880242734c0c07aa1ad6edac6cb,"[""2395857144""]",Siseministeerium,https://arvamusfestival.ee/kava2026/,"[{""id"": 13103, ""title"": ""Vabatahtlikkus: lõimumise mootor või lõhede peegel?"", ""organizer"": ""Siseministeerium"", ""date"": ""2026-08-08T18:00:00"", ""source"": ""https://arvamusfestival.ee/kava2026/""}]",matched,normalized_exact,,[13103],2026,Vabatahtlikkus: lõimumise mootor või lõhede peegel?,2026-08-08T18:00:00,2026-08-08T19:30:00,Häli Allas,"Kadi Kass (TÜ ühiskonnateaduste instituut, kogukonnatöö nooremteadur (VABU uuring)) Krista Pegolainen-Saar (Juhatuse liige, MTÜ Vabatahtlikud Seltsilised) Tiina Zujenkov (varjevõrkude ja kaevikuküünalde aktiivne valmistaja Viljandis, toetab oma tegevusega ka Viljandis elavaid sisserändajaid) Piet Boerefijn (Toidupanga eestvedaja) Celal Yildirim (õpetaja)",Kultuuririkkuse aruteluala toetavad Eesti Kultuuriministeerium ja Euroopa Liit.,et,,3 Kultuuririkkus,
2395991448,"tag:soundcloud,2010:tracks/2395991448",Töö ei küsi vanust_,2026-09-07T12:33:03Z,"Mon, 07 Sep 2026 12:33:03 +0000",https://soundcloud.com/arvamusfestival/too-ei-kusi-vanust-6,https://feeds.soundcloud.com/stream/2395991448-arvamusfestival-too-ei-kusi-vanust-6.mp3,83825977,5239.0,2395991448,93866e9fbafe18d96c520c9319ff1e341c1eb243a10648fddff1043c94bd8e99,"[""2395991448""]",Eesti Personalijuhtimise Ühing PARE ja Tööinspektsioon,https://arvamusfestival.ee/kava2026/,"[{""id"": 13223, ""title"": ""Töö ei küsi vanust?"", ""organizer"": ""Eesti Personalijuhtimise Ühing PARE ja Tööinspektsioon"", ""date"": ""2026-08-08T14:30:00"", ""source"": ""https://arvamusfestival.ee/kava2026/""}]",matched,normalized_exact,,[13223],2026,Töö ei küsi vanust?,2026-08-08T14:30:00,2026-08-08T16:00:00,"Birgit Ruunik, sotsiaalmeediakonto Palgajutud eestvedaja",Henri Ige (Tööinspektsiooni vaimse tervise konsultant) Kärt Kinnas (SMIT-i tugiteenuste valdkonnajuht) Jüri Ross (AS-i Infotark juhatuse esimees) Emöke Sogenbits (Raumedic Estonia juht),Tööelu aruteluala toetavad PARE - Eesti Personalijuhtimise Ühing ja Tööinspektsioon.,et,,7 Tööelu,
2395991451,"tag:soundcloud,2010:tracks/2395991451",Kas lapsed maksavad karjääris kätte_,2026-09-07T12:33:03Z,"Mon, 07 Sep 2026 12:33:03 +0000",https://soundcloud.com/arvamusfestival/kas-lapsed-maksavad-karjaaris-katte-4,https://feeds.soundcloud.com/stream/2395991451-arvamusfestival-kas-lapsed-maksavad-karjaaris-katte-4.mp3,88935488,5558.0,2395991451,27b041ad5ab50e872ccc97629b88bf85494857a208a2019a50bb66727c8c8a3d,"[""2395991451""]",Eesti Personalijuhtimise Ühing PARE ja Tööinspektsioon,https://arvamusfestival.ee/kava2026/,"[{""id"": 13224, ""title"": ""Kas lapsed maksavad karjääris kätte?"", ""organizer"": ""Eesti Personalijuhtimise Ühing PARE ja Tööinspektsioon"", ""date"": ""2026-08-08T16:30:00"", ""source"": ""https://arvamusfestival.ee/kava2026/""}]",matched,normalized_exact,,[13224],2026,Kas lapsed maksavad karjääris kätte?,2026-08-08T16:30:00,2026-08-08T18:00:00,"Kristjan Vanaselja, PARE juhatuse liige ja GoWorkaBiti tegevjuht","Katariina Krjutškova-Tamlak (ajakirjanik ja platvormi Julge Ema looja) Maria Kütt (Threod Systemsi personalidirektor, PARE juhatuse aseesimees) Kristjan Järvan (Tallinna abilinnapea) Janer Gorohhov (isa², Roleo asutaja ja tegevjuht, Veriffi kaasasutaja)",Tööelu aruteluala toetavad PARE - Eesti Personalijuhtimise Ühing ja Tööinspektsioon.,et,,7 Tööelu,
2395991454,"tag:soundcloud,2010:tracks/2395991454",Kas süsteem hoiab naisi tagasi_,2026-09-07T12:33:03Z,"Mon, 07 Sep 2026 12:33:03 +0000",https://soundcloud.com/arvamusfestival/kas-susteem-hoiab-naisi-tagasi-9,https://feeds.soundcloud.com/stream/2395991454-arvamusfestival-kas-susteem-hoiab-naisi-tagasi-9.mp3,79932230,4995.0,2395991454,05ac7416ecf4cb401e24ee4aa5171a94fb0fceb53685c905dc4776d487ab5d46,"[""2395991454""]",Eesti Personalijuhtimise Ühing PARE ja Tööinspektsioon,https://arvamusfestival.ee/kava2026/,"[{""id"": 13219, ""title"": ""Kas süsteem hoiab naisi tagasi?"", ""organizer"": ""Eesti Personalijuhtimise Ühing PARE ja Tööinspektsioon"", ""date"": ""2026-08-07T16:00:00"", ""source"": ""https://arvamusfestival.ee/kava2026/""}]",matched,normalized_exact,,[13219],2026,Kas süsteem hoiab naisi tagasi?,2026-08-07T16:00:00,2026-08-07T17:30:00,"Kai Saard, PARE tegevjuht",Sveta Grigorjeva (koreograaf ja luuletaja) Greta Roosaar (soolise võrdsuse ekspert ja Feministeeriumi huvikaitsja) Rainer Rohtla (Coop Eesti Keskühistu juhatuse esimees) Ansi Arumeel (ettevõtja ja nõukogu liige (Baltic Institute of Corporate Governance'i nõukogu esimees; Mobire Grupi nõukogu liige),Tööelu aruteluala toetavad PARE - Eesti Personalijuhtimise Ühing ja Tööinspektsioon.,et,,7 Tööelu,
2395991457,"tag:soundcloud,2010:tracks/2395991457",Paindlikkus või kontroll_,2026-09-07T12:33:03Z,"Mon, 07 Sep 2026 12:33:03 +0000",https://soundcloud.com/arvamusfestival/paindlikkus-voi-kontroll-5,https://feeds.soundcloud.com/stream/2395991457-arvamusfestival-paindlikkus-voi-kontroll-5.mp3,85746082,5359.0,2395991457,9685c505343c100f8b04361f09655b372ea82820ca30be68c43324dc887e4b11,"[""2395991457""]",Eesti Personalijuhtimise Ühing PARE ja Tööinspektsioon,https://arvamusfestival.ee/kava2026/,"[{""id"": 13222, ""title"": ""Paindlikkus või kontroll?"", ""organizer"": ""Eesti Personalijuhtimise Ühing PARE ja Tööinspektsioon"", ""date"": ""2026-08-08T12:30:00"", ""source"": ""https://arvamusfestival.ee/kava2026/""}]",matched,normalized_exact,,[13222],2026,Paindlikkus või kontroll?,2026-08-08T12:30:00,2026-08-08T14:00:00,"Kaili Rätsepp, LEADELL Pilv advokaadibüroo vandeadvokaat","Kerstin Jaani (Coop Eesti Keskühistu personalidirektor, PARE juhatuse liige) Leila Mäll (Bolti töötajakogemuse ja personalipartnerluse juht) Vladimir Logatšev (Tööinspektsiooni juhtiv nõustamisjurist) Krista Laever (Orkla Eesti personalidirektor)",Tööelu aruteluala toetavad PARE - Eesti Personalijuhtimise Ühing ja Tööinspektsioon.,et,,7 Tööelu,
2395991460,"tag:soundcloud,2010:tracks/2395991460",Kriis ei vabasta juhtimisest,2026-09-07T12:33:03Z,"Mon, 07 Sep 2026 12:33:03 +0000",https://soundcloud.com/arvamusfestival/kriis-ei-vabasta-juhtimisest-7,https://feeds.soundcloud.com/stream/2395991460-arvamusfestival-kriis-ei-vabasta-juhtimisest-7.mp3,83138395,5196.0,2395991460,cef7312755f239e61cedfb08581ebd1ad39bab705fbd84b25aaf671e547e03a5,"[""2395991460""]",Eesti Personalijuhtimise Ühing PARE ja Tööinspektsioon,https://arvamusfestival.ee/kava2026/,"[{""id"": 13221, ""title"": ""Kriis ei vabasta juhtimisest"", ""organizer"": ""Eesti Personalijuhtimise Ühing PARE ja Tööinspektsioon"", ""date"": ""2026-08-08T10:30:00"", ""source"": ""https://arvamusfestival.ee/kava2026/""}]",matched,normalized_exact,,[13221],2026,Kriis ei vabasta juhtimisest,2026-08-08T10:30:00,2026-08-08T12:00:00,"Ave Laas, Targa Töö Ühingu juht",Martin Karro (Tallinna Linnaplaneerimise Ameti juhataja) Aaro Lode (Baltic Restaurants Estonia tegevjuht) Tarmo Hõbe (T1 Keskuse tegevjuht) Hanne-Loore Mööl (Hedman Legali vandeadvokaat),Tööelu aruteluala toetavad PARE - Eesti Personalijuhtimise Ühing ja Tööinspektsioon.,et,,7 Tööelu,
2395991463,"tag:soundcloud,2010:tracks/2395991463","Mees, kus su lapsed on_",2026-09-07T12:33:03Z,"Mon, 07 Sep 2026 12:33:03 +0000",https://soundcloud.com/arvamusfestival/mees-kus-su-lapsed-on-3,https://feeds.soundcloud.com/stream/2395991463-arvamusfestival-mees-kus-su-lapsed-on-3.mp3,88397615,5524.0,2395991463,8bea3d3fc119a1277ab185b12979b468d7ffabe5e1772a5bfbdba46aaf2bb9cb,"[""2395991463""]",Eesti Personalijuhtimise Ühing PARE ja Tööinspektsioon,https://arvamusfestival.ee/kava2026/,"[{""id"": 13225, ""title"": ""Mees, kus su lapsed on?"", ""organizer"": ""Eesti Personalijuhtimise Ühing PARE ja Tööinspektsioon"", ""date"": ""2026-08-08T18:30:00"", ""source"": ""https://arvamusfestival.ee/kava2026/""}]",matched,normalized_exact,,[13225],2026,"Mees, kus su lapsed on?",2026-08-08T18:30:00,2026-08-08T20:00:00,"Martin Kuustik, vabakutseline agitaator","Kristjan Vanaselja (GoWorkaBiti tegevjuht, PARE juhatuse liige) Kristo Tuurmann (PAPSID.EE kaasasutaja, koolitaja ja podcasti saatejuht) Jüri Ratas (Euroopa Parlamendi saadik) Harrys Puusepp",Tööelu aruteluala toetavad PARE - Eesti Personalijuhtimise Ühing ja Tööinspektsioon.,et,,7 Tööelu,
2395991466,"tag:soundcloud,2010:tracks/2395991466",Miks noored mehed surevad_,2026-09-07T12:33:03Z,"Mon, 07 Sep 2026 12:33:03 +0000",https://soundcloud.com/arvamusfestival/miks-noored-mehed-surevad-1,https://feeds.soundcloud.com/stream/2395991466-arvamusfestival-miks-noored-mehed-surevad-1.mp3,87761063,5484.0,2395991466,93f7eba1f901e295189986b11b2fb6d7fe96f6999535662856d1d91179d4ccb3,"[""2395991466""]",Eesti Personalijuhtimise Ühing PARE ja Tööinspektsioon,https://arvamusfestival.ee/kava2026/,"[{""id"": 13217, ""title"": ""Miks noored mehed surevad?"", ""organizer"": ""Eesti Personalijuhtimise Ühing PARE ja Tööinspektsioon"", ""date"": ""2026-08-07T12:00:00"", ""source"": ""https://arvamusfestival.ee/kava2026/""}]",matched,normalized_exact,,[13217],2026,Miks noored mehed surevad?,2026-08-07T12:00:00,2026-08-07T13:30:00,"Jaanika Jelistratov, VITS tegevjuht",Robert Reisman (Thermory ostuarenduse juht) Siim Ansberg (ProOhutuse tegevjuht) Kaire Saarep (Tööinspektsiooni peadirektor) Mari-Liis Ivask (Protect Estonia ja Taltech),Tööelu aruteluala toetavad PARE - Eesti Personalijuhtimise Ühing ja Tööinspektsioon.,et,,7 Tööelu,
2395991469,"tag:soundcloud,2010:tracks/2395991469",Kes võidab AI-ajastul_,2026-09-07T12:33:03Z,"Mon, 07 Sep 2026 12:33:03 +0000",https://soundcloud.com/arvamusfestival/kes-voidab-ai-ajastul-2,https://feeds.soundcloud.com/stream/2395991469-arvamusfestival-kes-voidab-ai-ajastul-2.mp3,85401226,5337.0,2395991469,e142bc8434031d4f4ac28c492764046fe99b51495749cc6989115cebc3ac3407,"[""2395991469""]",Eesti Personalijuhtimise Ühing PARE ja Tööinspektsioon,https://arvamusfestival.ee/kava2026/,"[{""id"": 13220, ""title"": ""Kes võidab AI-ajastul?"", ""organizer"": ""Eesti Personalijuhtimise Ühing PARE ja Tööinspektsioon"", ""date"": ""2026-08-07T18:00:00"", ""source"": ""https://arvamusfestival.ee/kava2026/""}]",matched,normalized_exact,,[13220],2026,Kes võidab AI-ajastul?,2026-08-07T18:00:00,2026-08-07T19:30:00,"Kirke Maar, eesti.ai algatuse juht",Kei Olbrei (personalijuhtimise taustaga vaibkoodija) Ott Pärna (Tallinna Tehnoloogiakolledži direktor) Indrek Seppo (tehisintellekti konsultant),Tööelu aruteluala toetavad PARE - Eesti Personalijuhtimise Ühing ja Tööinspektsioon.,et,,7 Tööelu,
2395991472,"tag:soundcloud,2010:tracks/2395991472",Kas iga ebamugavus on kiusamine_,2026-09-07T12:33:03Z,"Mon, 07 Sep 2026 12:33:03 +0000",https://soundcloud.com/arvamusfestival/kas-iga-ebamugavus-on-kiusamine-8,https://feeds.soundcloud.com/stream/2395991472-arvamusfestival-kas-iga-ebamugavus-on-kiusamine-8.mp3,84746284,5296.0,2395991472,9451fcc6fd258b1754b73039ecd86bbcd928ab91b22936f938da20dee9def3ce,"[""2395991472""]",Eesti Personalijuhtimise Ühing PARE ja Tööinspektsioon,https://arvamusfestival.ee/kava2026/,"[{""id"": 13218, ""title"": ""Kas iga ebamugavus on kiusamine?"", ""organizer"": ""Eesti Personalijuhtimise Ühing PARE ja Tööinspektsioon"", ""date"": ""2026-08-07T14:00:00"", ""source"": ""https://arvamusfestival.ee/kava2026/""}]",matched,normalized_exact,,[13218],2026,Kas iga ebamugavus on kiusamine?,2026-08-07T14:00:00,2026-08-07T15:30:00,"Tanel Talve, ajakirjanik",Helen Tonkson (Tööinspektsiooni töövaidluskomisjoni juhataja) Heli Raidve (Eesti üks parimaid tööõiguse eksperte) Kaido Padar (Tallinna Linnatranspordi esimees),Tööelu aruteluala toetavad PARE - Eesti Personalijuhtimise Ühing ja Tööinspektsioon.,et,,7 Tööelu,
2396670915,"tag:soundcloud,2010:tracks/2396670915",Pedofiilia uus nägu_ kuidas avatus loob uusi riske,2026-09-08T11:21:41Z,"Tue, 08 Sep 2026 11:21:41 +0000",https://soundcloud.com/arvamusfestival/pedofiilia-uus-nagu_kuidas-avatus-loob-uusi-riske-3,https://feeds.soundcloud.com/stream/2396670915-arvamusfestival-pedofiilia-uus-nagu_kuidas-avatus-loob-uusi-riske-3.mp3,89745533,5609.0,2396670915,7c939eb47d2cea787f51065502929c668376c6f581a3d8b576729a0927968382,"[""2396670915""]",Eesti Seksuaaltervise Liit,https://arvamusfestival.ee/kava2026/,"[{""id"": 13259, ""title"": ""Pedofiilia uus nägu: kuidas avatus loob uusi riske"", ""organizer"": ""Eesti Seksuaaltervise Liit"", ""date"": ""2026-08-08T18:00:00"", ""source"": ""https://arvamusfestival.ee/kava2026/""}]",matched,normalized_exact,,[13259],2026,Pedofiilia uus nägu: kuidas avatus loob uusi riske,2026-08-08T18:00:00,2026-08-08T19:30:00,Jonas Grauberg,Margus Veem (SA Viljandi Haigla psühhiaatriakliiniku sundravi osakonna psühholoog) Margus Raspel (Lääne prefektuuri kriminaalbüroo juht) Inger Klesment (Tartu Ülikooli ühiskonnateaduste instituudi meediapädevuse projektijuht) Marilin Küünarpuu (Sotsiaalkindlustusamet lastemaja teenusejuht),Vabaühenduste foorumi toimumist toetavad Kodanikuühiskonna Sihtkapital ja Siseministeerium.,et,,14 Vabaühenduste foorum B,
2396670918,"tag:soundcloud,2010:tracks/2396670918",Kas töötamine päästab Eestis vaesusest_ Räägime miinimumpalgast,2026-09-08T11:21:41Z,"Tue, 08 Sep 2026 11:21:41 +0000",https://soundcloud.com/arvamusfestival/kas-tootamine-paastab-eestis-vaesusest_raagime-miinimumpalgast-4,https://feeds.soundcloud.com/stream/2396670918-arvamusfestival-kas-tootamine-paastab-eestis-vaesusest_raagime-miinimumpalgast-4.mp3,83192351,5199.0,2396670918,a60229030ce208fcdefe56c5550f13b00ff33579f037986237fb4289fcab32e3,"[""2396670918""]",Eesti Ametiühingute Keskliit,https://arvamusfestival.ee/kava2026/,"[{""id"": 13257, ""title"": ""Kas töötamine päästab Eestis vaesusest? Räägime miinimumpalgast"", ""organizer"": ""Eesti Ametiühingute Keskliit"", ""date"": ""2026-08-08T14:00:00"", ""source"": ""https://arvamusfestival.ee/kava2026/""}]",matched,normalized_exact,,[13257],2026,Kas töötamine päästab Eestis vaesusest? Räägime miinimumpalgast,2026-08-08T14:00:00,2026-08-08T15:30:00,Märt Treier,"Kaia Vask (Eesti Ametiühingute Keskliidu esimees), Kristjan Vanaselja (GoWorkaBit tegevjuht), Lenno Uusküla (Luminor Eesti peaökonomist), Kairit Kall (Tallinna Ülikool, sotsiaalteadlane).",Vabaühenduste foorumi toimumist toetavad Kodanikuühiskonna Sihtkapital ja Siseministeerium.,et,,14 Vabaühenduste foorum B,
2396670921,"tag:soundcloud,2010:tracks/2396670921",Kas Eesti tulevik on parkla või meeldiv elukeskkond_,2026-09-08T11:21:41Z,"Tue, 08 Sep 2026 11:21:41 +0000",https://soundcloud.com/arvamusfestival/kas-eesti-tulevik-on-parkla-voi-meeldiv-elukeskkond-1,https://feeds.soundcloud.com/stream/2396670921-arvamusfestival-kas-eesti-tulevik-on-parkla-voi-meeldiv-elukeskkond-1.mp3,95527163,5970.0,2396670921,922ddd63c86ed75ee18474374b0c79c3642bc0519c72f945888eb90e876dc2be,"[""2396670921""]",Kaja Pae,https://arvamusfestival.ee/kava2026/,"[{""id"": 13251, ""title"": ""Kas Eesti tulevik on parkla või meeldiv elukeskkond?"", ""organizer"": ""Kaja Pae"", ""date"": ""2026-08-07T12:30:00"", ""source"": ""https://arvamusfestival.ee/kava2026/""}]",matched,normalized_exact,,[13251],2026,Kas Eesti tulevik on parkla või meeldiv elukeskkond?,2026-08-07T12:30:00,2026-08-07T14:00:00,"Kaja Pae, PhD (arhitekt ja füüsik)","Mart Võrklaev (Reformierakond, Riigikogu liige) Vladimir Svet (Sotsiaaldemokraadid, Tallinna linnavolikogu liige) Kristjan Järvan (Isamaa, Tallinna abilinnapea) Tiit Terik (Keskerakond, Tallinna abilinnapea) Ivan Sergejev (Majandus- ja kommunikatsiooniministeeriumi planeeringute asekantsler) Eksperdi kommentaar: Pille Metspalu, PhD (ruumilise planeerimise ekspert ja üleriigilise planeeringu ""Eesti 2050” üks autoritest)",Vabaühenduste foorumi toimumist toetavad Kodanikuühiskonna Sihtkapital ja Siseministeerium.,et,,14 Vabaühenduste foorum B,
2396670924,"tag:soundcloud,2010:tracks/2396670924",Loodusrahvas või ressursirahvas_ miks keskkond valimiskasti juures kaotab_,2026-09-08T11:21:41Z,"Tue, 08 Sep 2026 11:21:41 +0000",https://soundcloud.com/arvamusfestival/loodusrahvas-voi-ressursirahvas_miks-keskkond-valimiskasti-juures-kaotab-2,https://feeds.soundcloud.com/stream/2396670924-arvamusfestival-loodusrahvas-voi-ressursirahvas_miks-keskkond-valimiskasti-juures-kaotab-2.mp3,90259205,5641.0,2396670924,de1df9551675d798cf4f5081e776c8d45bd7a9ecec74c435054b5d73706d75d4,"[""2396670924""]",Eestimaa Looduse Fond,https://arvamusfestival.ee/kava2026/,"[{""id"": 13252, ""title"": ""Loodusrahvas või ressursirahvas: miks keskkond valimiskasti juures kaotab?"", ""organizer"": ""Eestimaa Looduse Fond"", ""date"": ""2026-08-07T14:30:00"", ""source"": ""https://arvamusfestival.ee/kava2026/""}]",matched,normalized_exact,,[13252],2026,Loodusrahvas või ressursirahvas: miks keskkond valimiskasti juures kaotab?,2026-08-07T14:30:00,2026-08-07T16:00:00,Ivo Krustok,"Anu Realo (Warwicki Ülikooli ja Tallinna Ülikooli professor, Tartu Ülikooli külalisprofessor) Tarmo Jüristo (kodanikuaktivist, sihtasutuse SALK eestvedaja) Siim Kiisler (endine keskkonnaminister, Parempoolsete aseesimees) Elo Kiivet (endine Tartu abilinnapea (SDE), arhitekt ja linnaplaneerija)",Vabaühenduste foorumi toimumist toetavad Kodanikuühiskonna Sihtkapital ja Siseministeerium.,et,,14 Vabaühenduste foorum B,
2396670927,"tag:soundcloud,2010:tracks/2396670927",Kodude kättesaadavus_ kas Eestil on plaan_,2026-09-08T11:21:41Z,"Tue, 08 Sep 2026 11:21:41 +0000",https://soundcloud.com/arvamusfestival/kodude-kattesaadavus_kas-eestil-on-plaan-5,https://feeds.soundcloud.com/stream/2396670927-arvamusfestival-kodude-kattesaadavus_kas-eestil-on-plaan-5.mp3,83042304,5190.0,2396670927,df18e42ba0f180c85f84eb658eacdf0b7be98d20377843feaa2a1fc814534d07,"[""2396670927""]",Eesti Arhitektide Liit MTÜ,https://arvamusfestival.ee/kava2026/,"[{""id"": 13253, ""title"": ""Kodude kättesaadavus: kas Eestil on plaan?"", ""organizer"": ""Eesti Arhitektide Liit MTÜ"", ""date"": ""2026-08-07T16:30:00"", ""source"": ""https://arvamusfestival.ee/kava2026/""}]",matched,normalized_exact,,[13253],2026,Kodude kättesaadavus: kas Eestil on plaan?,2026-08-07T16:30:00,2026-08-07T18:00:00,Aet Ader,"Eneli Kleemann (Tallinna Linnaplaneerimise Ameti arhitekt-linnaplaneerija), Ivo Jaanisoo (Kliimaministeeriumi elukeskkonna ja ringmajanduse asekantsler), Peeter Pärtel (investor ja kinnisvaraekspert), Triin Tippi (Järva valla abivallavanem), Andres Ojari (Eesti Kunstiakadeemia arhitektuuriteaduskonna professor)",Vabaühenduste foorumi toimumist toetavad Kodanikuühiskonna Sihtkapital ja Siseministeerium.,et,,14 Vabaühenduste foorum B,
2396670930,"tag:soundcloud,2010:tracks/2396670930",ÜRO kõnnib Rahvasteliidu teed,2026-09-08T11:21:41Z,"Tue, 08 Sep 2026 11:21:41 +0000",https://soundcloud.com/arvamusfestival/uro-konnib-rahvasteliidu-teed-6,https://feeds.soundcloud.com/stream/2396670930-arvamusfestival-uro-konnib-rahvasteliidu-teed-6.mp3,86780949,5423.0,2396670930,d67a2094ff81653b62616d4d804a5572e515951ecf67556efd1fcff004b46c93,"[""2396670930""]",Eesti ÜRO Ühing,https://arvamusfestival.ee/kava2026/,"[{""id"": 13255, ""title"": ""ÜRO kõnnib Rahvasteliidu teed"", ""organizer"": ""Eesti ÜRO Ühing"", ""date"": ""2026-08-08T10:00:00"", ""source"": ""https://arvamusfestival.ee/kava2026/""}]",matched,normalized_exact,,[13255],2026,ÜRO kõnnib Rahvasteliidu teed,2026-08-08T10:00:00,2026-08-08T11:30:00,Kjete Trutin,,Vabaühenduste foorumi toimumist toetavad Kodanikuühiskonna Sihtkapital ja Siseministeerium.,et,,14 Vabaühenduste foorum B,
2396670933,"tag:soundcloud,2010:tracks/2396670933","Kui pole mugav, siis ei kaasa_!",2026-09-08T11:21:41Z,"Tue, 08 Sep 2026 11:21:41 +0000",https://soundcloud.com/arvamusfestival/kui-pole-mugav-siis-ei-kaasa-7,https://feeds.soundcloud.com/stream/2396670933-arvamusfestival-kui-pole-mugav-siis-ei-kaasa-7.mp3,77216789,4825.0,2396670933,9c13485cf790455ef325bb22933c9ce472c4c977cc6c9e08fe87c8e11a9e5ff6,"[""2396670933""]",Korruptsioonivaba Eesti MTÜ,https://arvamusfestival.ee/kava2026/,"[{""id"": 13258, ""title"": ""Kui pole mugav, siis ei kaasa?!"", ""organizer"": ""Korruptsioonivaba Eesti MTÜ"", ""date"": ""2026-08-08T16:00:00"", ""source"": ""https://arvamusfestival.ee/kava2026/""}]",matched,normalized_exact,,[13258],2026,"Kui pole mugav, siis ei kaasa?!",2026-08-08T16:00:00,2026-08-08T17:30:00,Roger Tibar,Irene Käosaar (Narva Eesti Gümnaasiumi juht) Karl Erik Kirss (Eesti Õpilasesinduste Liidu juht) Natalja Mjalitsina (Tallinna Õpetajate Maja metoodika- ja kompetentsikeskuse juht) Anastasia Kotšura (Eesti Noorte Arenguliidu koolitusjuht) Ruslan Kapitonenko (Narva Eesti Gümnaasiumi abiturient),Vabaühenduste foorumi toimumist toetavad Kodanikuühiskonna Sihtkapital ja Siseministeerium.,et,,14 Vabaühenduste foorum B,
2396670936,"tag:soundcloud,2010:tracks/2396670936","Kas Eesti on valmis järgmiseks kriisiks, mis ei tule tankiga_ Keemilised, bioloogilised, radioloogilised ja tuumariskid",2026-09-08T11:21:41Z,"Tue, 08 Sep 2026 11:21:41 +0000",https://soundcloud.com/arvamusfestival/kas-eesti-on-valmis-jargmiseks-kriisiks-mis-ei-tule-tankiga_keemilised-bioloogilised-radioloogilised-ja-tuumariskid-8,https://feeds.soundcloud.com/stream/2396670936-arvamusfestival-kas-eesti-on-valmis-jargmiseks-kriisiks-mis-ei-tule-tankiga_keemilised-bioloogilised-radioloogilised-ja-tuumariskid-8.mp3,71631182,4476.0,2396670936,ba4cbf0516f2baeccd6653c9710ee0746b8e33b8a1d2aa989462c17a095c81d5,"[""2396670936""]","Eesti Maaülikool, veterinaarmeditsiini ja loomakasvatuse instituut",https://arvamusfestival.ee/kava2026/,"[{""id"": 13254, ""title"": ""Kas Eesti on valmis järgmiseks kriisiks, mis ei tule tankiga? Keemilised, bioloogilised, radioloogilised ja tuumariskid"", ""organizer"": ""Eesti Maaülikool, veterinaarmeditsiini ja loomakasvatuse instituut"", ""date"": ""2026-08-07T18:30:00"", ""source"": ""https://arvamusfestival.ee/kava2026/""}]",matched,normalized_exact,,[13254],2026,"Kas Eesti on valmis järgmiseks kriisiks, mis ei tule tankiga? Keemilised, bioloogilised, radioloogilised ja tuumariskid",2026-08-07T18:30:00,2026-08-07T20:00:00,Alireza Fazeli,"Michał Bijak (Łódźi ülikooli professor, bioloogiliste ohtude ennetamise keskuse juht) Olgert (ekspert keemiliste, bioloogiliste, radioloogiliste ja tuumaohtude alal, igapäevaselt töötab KAPOs) Reelika Runnel (Siseministeeriumi nõunik) Jan Raidloo (Sisekaitseakadeemia CBRN valdkonna lektor)",Vabaühenduste foorumi toimumist toetavad Kodanikuühiskonna Sihtkapital ja Siseministeerium.,en,,14 Vabaühenduste foorum B,
2396692734,"tag:soundcloud,2010:tracks/2396692734",Kas rohereform vajab ebapopulaarseid otsuseid_,2026-09-08T12:24:29Z,"Tue, 08 Sep 2026 12:24:29 +0000",https://soundcloud.com/arvamusfestival/kas-rohereform-vajab-ebapopulaarseid-otsuseid-6,https://feeds.soundcloud.com/stream/2396692734-arvamusfestival-kas-rohereform-vajab-ebapopulaarseid-otsuseid-6.mp3,84442845,5277.0,2396692734,95c88792e5be89c37d9d43b76374d802dec7d69ba343451ef7b007cd73b7f7ed,"[""2396692734"", ""2396706165"", ""2396712579""]",Taastuvenergia Koda,https://arvamusfestival.ee/kava2026/,"[{""id"": 13110, ""title"": ""Kas rohereform vajab ebapopulaarseid otsuseid?"", ""organizer"": ""Taastuvenergia Koda"", ""date"": ""2026-08-08T14:00:00"", ""source"": ""https://arvamusfestival.ee/kava2026/""}]",matched,normalized_exact,,[13110],2026,Kas rohereform vajab ebapopulaarseid otsuseid?,2026-08-08T14:00:00,2026-08-08T15:30:00,Marko Pomerants,Jürgen Ligi (rahandusminister) Veikko Luhalaid (Eesti Linnade ja Valdade Liidu tegevdirektor) Keiu Telve (Antropoloogia Keskuse antropoloog) Marko Viiding (Vindr kaasasutaja ja tegevjuht),TUULEenergia TUHINal aruteluala toetab Vindr.,et,https://arileht.delfi.ee/,21 TUULEenergia TUHINal,
2396692737,"tag:soundcloud,2010:tracks/2396692737",Keskkonnahoid vastutuules_ kas keskkonnaprojektid on vaid kulu või ka väärtus inimestele ja ettevõtetele_,2026-09-08T12:24:29Z,"Tue, 08 Sep 2026 12:24:29 +0000",https://soundcloud.com/arvamusfestival/keskkonnahoid-vastutuules_kas-keskkonnaprojektid-on-vaid-kulu-voi-ka-vaartus-inimestele-ja-ettevotetele-2,https://feeds.soundcloud.com/stream/2396692737-arvamusfestival-keskkonnahoid-vastutuules_kas-keskkonnaprojektid-on-vaid-kulu-voi-ka-vaartus-inimestele-ja-ettevotetele-2.mp3,90422587,5651.0,2396692737,b3bc76c9eab0edf78926ecaa1b6b3995ca47f06d934311655dbd45b53925dbb3,"[""2396692737"", ""2396706162"", ""2396712573""]",Keskkonnainvesteeringute Keskus,https://arvamusfestival.ee/kava2026/,"[{""id"": 13106, ""title"": ""Keskkonnahoid vastutuules: kas keskkonnaprojektid on vaid kulu või ka väärtus inimestele ja ettevõtetele?"", ""organizer"": ""Keskkonnainvesteeringute Keskus"", ""date"": ""2026-08-07T16:00:00"", ""source"": ""https://arvamusfestival.ee/kava2026/""}]",matched,normalized_exact,,[13106],2026,Keskkonnahoid vastutuules: kas keskkonnaprojektid on vaid kulu või ka väärtus inimestele ja ettevõtetele?,2026-08-07T16:00:00,2026-08-07T17:30:00,Andrus Treier,Kertu Vuks (Tartu abilinnapea) Tarmo Soomere (Eesti Teaduste Akadeemia) Martti Talgre (Infortar AS tegevjuht) Robert Kitt (AS Utilitas Eesti juhatuse liige),TUULEenergia TUHINal aruteluala toetab Vindr.,et,,21 TUULEenergia TUHINal,
2396692740,"tag:soundcloud,2010:tracks/2396692740",Kas tööstus julgeb investeerida_ Energiamajanduslikud otsused ebakindla poliitika ja turu tingimustes,2026-09-08T12:24:29Z,"Tue, 08 Sep 2026 12:24:29 +0000",https://soundcloud.com/arvamusfestival/kas-toostus-julgeb-investeerida_energiamajanduslikud-otsused-ebakindla-poliitika-ja-turu-tingimustes-7,https://feeds.soundcloud.com/stream/2396692740-arvamusfestival-kas-toostus-julgeb-investeerida_energiamajanduslikud-otsused-ebakindla-poliitika-ja-turu-tingimustes-7.mp3,81901235,5118.0,2396692740,c17f3e23c18fd1014ff43c931128967b934c4ba5af38cf14ef00794c70c95b48,"[""2396692740"", ""2396706156"", ""2396712561""]",Adven Eesti AS,https://arvamusfestival.ee/kava2026/,"[{""id"": 13112, ""title"": ""Kas tööstus julgeb investeerida? Energiamajanduslikud otsused ebakindla poliitika ja turu tingimustes"", ""organizer"": ""Adven Eesti AS"", ""date"": ""2026-08-08T18:00:00"", ""source"": ""https://arvamusfestival.ee/kava2026/""}]",matched,normalized_exact,,[13112],2026,Kas tööstus julgeb investeerida? Energiamajanduslikud otsused ebakindla poliitika ja turu tingimustes,2026-08-08T18:00:00,2026-08-08T19:30:00,Mart Valner,Einari Kisel (Kliimaministeeriumi energeetika nõunik) Timo Hermlin (ESTPLY juhatuse liige) Martin Küüsmaa (Maag Food OÜ juhatuse liige) Raivo Melsas (Adven Eesti AS äri juht),TUULEenergia TUHINal aruteluala toetab Vindr.,et,,21 TUULEenergia TUHINal,
2396692743,"tag:soundcloud,2010:tracks/2396692743",Järgmise põlvkonna õpilasmalev,2026-09-08T12:24:29Z,"Tue, 08 Sep 2026 12:24:29 +0000",https://soundcloud.com/arvamusfestival/jargmise-polvkonna-opilasmalev-8,https://feeds.soundcloud.com/stream/2396692743-arvamusfestival-jargmise-polvkonna-opilasmalev-8.mp3,84956935,5309.0,2396692743,f85c38b8004a6703bb61c2715fcd1e47477a2102ddeedac0c989eadf8ee14cd2,"[""2396692743"", ""2396706159"", ""2396712564""]",SA Õpilasmalev,https://arvamusfestival.ee/kava2026/,"[{""id"": 13104, ""title"": ""Järgmise põlvkonna õpilasmalev"", ""organizer"": ""SA Õpilasmalev"", ""date"": ""2026-08-07T12:00:00"", ""source"": ""https://arvamusfestival.ee/kava2026/""}]",matched,normalized_exact,,[13104],2026,Järgmise põlvkonna õpilasmalev,2026-08-07T12:00:00,2026-08-07T13:30:00,Annela Tammiste,"Hendrik Speek (noorte esindaja) Külli Tatter (SA Õpilasmalev juhataja) Are Tints (Mulgi Kultuuri Instituudi ja MTÜ Mulgi Elamuskeskus juhataja, endine Viljandi abilinnapea) Valter Parve (õppejõud, sotsiaalvaldkonna eestvedaja ja üks esimestest Eesti Õpilasmaleva komandöridest)",TUULEenergia TUHINal aruteluala toetab Vindr.,et,,21 TUULEenergia TUHINal,
2396692746,"tag:soundcloud,2010:tracks/2396692746",Kuidas hoida kokkuleppeid ruumis_,2026-09-08T12:24:29Z,"Tue, 08 Sep 2026 12:24:29 +0000",https://soundcloud.com/arvamusfestival/kuidas-hoida-kokkuleppeid-ruumis-1,https://feeds.soundcloud.com/stream/2396692746-arvamusfestival-kuidas-hoida-kokkuleppeid-ruumis-1.mp3,98786786,6174.0,2396692746,16fc25191cbf776dd323cfcd75d6607ac3a87c9dcfb362444e6031cb81b2c0a0,"[""2396692746"", ""2396706153"", ""2396712567""]",Eesti Arhitektide Liit / Maa- ja Ruumiamet,https://arvamusfestival.ee/kava2026/,"[{""id"": 13109, ""title"": ""Kuidas hoida kokkuleppeid ruumis?"", ""organizer"": ""Eesti Arhitektide Liit / Maa- ja Ruumiamet"", ""date"": ""2026-08-08T12:00:00"", ""source"": ""https://arvamusfestival.ee/kava2026/""}]",matched,normalized_exact,,[13109],2026,Kuidas hoida kokkuleppeid ruumis?,2026-08-08T12:00:00,2026-08-08T13:30:00,Siim Tanel Tõnisson,"Tõnis Arjus (Maa- ja Ruumiamet, riigiarhitekt) Maris Neeno (Põlva vallavanem, SDE) Priit Värk (endine Paide linnapea) Villy Lopman (Advokaadibüroo RASK, planeerimisõiguse advokaat)",TUULEenergia TUHINal aruteluala toetab Vindr.,et,,21 TUULEenergia TUHINal,
2396692749,"tag:soundcloud,2010:tracks/2396692749","Kas elekter saab olla korraga odav, roheline ja kindel ning hoida Eesti majanduse konkurentsivõimelisena_",2026-09-08T12:24:29Z,"Tue, 08 Sep 2026 12:24:29 +0000",https://soundcloud.com/arvamusfestival/kas-elekter-saab-olla-korraga-odav-roheline-ja-kindel-ning-hoida-eesti-majanduse-konkurentsivoimelisena-3,https://feeds.soundcloud.com/stream/2396692749-arvamusfestival-kas-elekter-saab-olla-korraga-odav-roheline-ja-kindel-ning-hoida-eesti-majanduse-konkurentsivoimelisena-3.mp3,90677542,5667.0,2396692749,62dd0fff85ddc0c4d904e0c6d3991006a07ec8e27e2586562533772435bffdb0,"[""2396692749"", ""2396706171"", ""2396712582""]",Vindr Baltic OÜ ja VKG,https://arvamusfestival.ee/kava2026/,"[{""id"": 13111, ""title"": ""Kas elekter saab olla korraga odav, roheline ja kindel ning hoida Eesti majanduse konkurentsivõimelisena?"", ""organizer"": ""Vindr Baltic OÜ ja VKG"", ""date"": ""2026-08-08T16:00:00"", ""source"": ""https://arvamusfestival.ee/kava2026/""}]",matched,normalized_exact,,[13111],2026,"Kas elekter saab olla korraga odav, roheline ja kindel ning hoida Eesti majanduse konkurentsivõimelisena?",2026-08-08T16:00:00,2026-08-08T17:30:00,Jaanus Purga,"Renee Joost (VKG) Marko Allikson (Baltic Energy Partners) Lauri Läänemets (SDE esimees) Birgitta Ots (Elering, Riigiabi ja hangete valdkonna juht)",TUULEenergia TUHINal aruteluala toetab Vindr.,et,,21 TUULEenergia TUHINal,
2396692752,"tag:soundcloud,2010:tracks/2396692752",Tuleviku Eesti edulugu_ majanduskasv või tasaareng_,2026-09-08T12:24:29Z,"Tue, 08 Sep 2026 12:24:29 +0000",https://soundcloud.com/arvamusfestival/tuleviku-eesti-edulugu_majanduskasv-voi-tasaareng-5,https://feeds.soundcloud.com/stream/2396692752-arvamusfestival-tuleviku-eesti-edulugu_majanduskasv-voi-tasaareng-5.mp3,81878666,5117.0,2396692752,7ec96d643becdf336b756de31a7bedfceb8f2265f3b7d9b74cf63d93277ad01c,"[""2396692752"", ""2396706168"", ""2396712576""]","Tallinna Tehnikaülikool, Vastutustundliku Majanduse ja ESG Fookustippkeskus",https://arvamusfestival.ee/kava2026/,"[{""id"": 13107, ""title"": ""Tuleviku Eesti edulugu: majanduskasv või tasaareng?"", ""organizer"": ""Tallinna Tehnikaülikool, Vastutustundliku Majanduse ja ESG Fookustippkeskus"", ""date"": ""2026-08-07T18:00:00"", ""source"": ""https://arvamusfestival.ee/kava2026/""}]",matched,normalized_exact,,[13107],2026,Tuleviku Eesti edulugu: majanduskasv või tasaareng?,2026-08-07T18:00:00,2026-08-07T19:30:00,Merle Ojasoo,Helery Tasane (PhD) Jaan Kers (PhD),TUULEenergia TUHINal aruteluala toetab Vindr.,et,,21 TUULEenergia TUHINal,
2396692755,"tag:soundcloud,2010:tracks/2396692755",Tehisintellekti nähtamatu jalajälg_ kas digiareng tuleb keskkonna arvelt_,2026-09-08T12:24:29Z,"Tue, 08 Sep 2026 12:24:29 +0000",https://soundcloud.com/arvamusfestival/tehisintellekti-nahtamatu-jalajalg_kas-digiareng-tuleb-keskkonna-arvelt-4,https://feeds.soundcloud.com/stream/2396692755-arvamusfestival-tehisintellekti-nahtamatu-jalajalg_kas-digiareng-tuleb-keskkonna-arvelt-4.mp3,84379733,5273.0,2396692755,64c1d285c5a17bcee55ca49c8cd1f6898989e1532d4bd44091658d5918497741,"[""2396692755"", ""2396706174"", ""2396712570""]",Geoteaduste Üliõpilaste Selts,https://arvamusfestival.ee/kava2026/,"[{""id"": 13105, ""title"": ""Tehisintellekti nähtamatu jalajälg: kas digiareng tuleb keskkonna arvelt?"", ""organizer"": ""Geoteaduste Üliõpilaste Selts"", ""date"": ""2026-08-07T14:00:00"", ""source"": ""https://arvamusfestival.ee/kava2026/""}]",matched,normalized_exact,,[13105],2026,Tehisintellekti nähtamatu jalajälg: kas digiareng tuleb keskkonna arvelt?,2026-08-07T14:00:00,2026-08-07T15:30:00,Richard Pihel,"Margit Sutrop (Eesti tehisintellekti tippkeskuse eetikanõukogu juhataja) Madis Vasser (Tartu Ülikooli arvutiteaduse instituudi teadur) Kaarel Aus (energiakeskuste arendusjuht, Sunly) Merilin-Ingrid Kaalep (Bisly esindaja)",TUULEenergia TUHINal aruteluala toetab Vindr.,et,,21 TUULEenergia TUHINal,
2397177237,"tag:soundcloud,2010:tracks/2397177237",Kas sotsiaalmeediasse mahub sisukas poliitiline diskussioon_,2026-09-09T07:13:59Z,"Wed, 09 Sep 2026 07:13:59 +0000",https://soundcloud.com/arvamusfestival/kas-sotsiaalmeediasse-mahub-sisukas-poliitiline-diskussioon-6,https://feeds.soundcloud.com/stream/2397177237-arvamusfestival-kas-sotsiaalmeediasse-mahub-sisukas-poliitiline-diskussioon-6.mp3,85478170,5342.0,2397177237,55bbf961cabde30148032df40caeb6aeae1978ae32c873eeb0deb97661af033a,"[""2397177237""]",Eesti Väitlusselts,https://arvamusfestival.ee/kava2026/,"[{""id"": 13127, ""title"": ""Kas sotsiaalmeediasse mahub sisukas poliitiline diskussioon?"", ""organizer"": ""Eesti Väitlusselts"", ""date"": ""2026-08-08T16:00:00"", ""source"": ""https://arvamusfestival.ee/kava2026/""}]",matched,normalized_exact,,[13127],2026,Kas sotsiaalmeediasse mahub sisukas poliitiline diskussioon?,2026-08-08T16:00:00,2026-08-08T17:30:00,Kristin Parts,"Herman Kelomees (Delfi poliitikatoimetaja) Heliis Raudsik (ERR, Pealtnägija toimetaja) Natalie Mets (Tallinna linnavolikogu liige, SDE) Sandra Laur (Tartu linnavolikogu liige, Isamaa)",,et,,23 Kultuur ja Vastutus,
2397177240,"tag:soundcloud,2010:tracks/2397177240",Kultuur on majandusharu,2026-09-09T07:13:59Z,"Wed, 09 Sep 2026 07:13:59 +0000",https://soundcloud.com/arvamusfestival/kultuur-on-majandusharu-3,https://feeds.soundcloud.com/stream/2397177240-arvamusfestival-kultuur-on-majandusharu-3.mp3,89508551,5594.0,2397177240,fa68e1db6d6ddeb4a7070b955f4656181a6e6581108efabc1914e0519e6e24b3,"[""2397177240""]",Ühendus KULTUURITAHE,https://arvamusfestival.ee/kava2026/,"[{""id"": 13123, ""title"": ""Kultuur on majandusharu"", ""organizer"": ""Ühendus KULTUURITAHE"", ""date"": ""2026-08-07T16:30:00"", ""source"": ""https://arvamusfestival.ee/kava2026/""}]",matched,normalized_exact,,[13123],2026,Kultuur on majandusharu,2026-08-07T16:30:00,2026-08-07T18:00:00,Piret Tibbo-Hudgins,"Siim Raie (galerii Artrovert juht), Aivar Sirelpuu (Alexela kontserdimaja juhataja), Evelin Penttilä (Stellar Film produtsent), Xenia Joost (kultuuriministeeriumi asekantsler) ja Sven Kirsipuu (rahandusministeeriumi asekantsler)",,et,,23 Kultuur ja Vastutus,
2397177243,"tag:soundcloud,2010:tracks/2397177243",Kultuuriretsept – ravi positiivsete kõrvaltoimetega,2026-09-09T07:13:59Z,"Wed, 09 Sep 2026 07:13:59 +0000",https://soundcloud.com/arvamusfestival/kultuuriretsept-ravi-positiivsete-korvaltoimetega-5,https://feeds.soundcloud.com/stream/2397177243-arvamusfestival-kultuuriretsept-ravi-positiivsete-korvaltoimetega-5.mp3,83349922,5209.0,2397177243,640327c6533b0aef6104f87cee77b5908f222aac15cac6b80502328b8327b673,"[""2397177243""]",Eesti Vaimse Tervise ja Heaolu Koalitsioon VATEK,https://arvamusfestival.ee/kava2026/,"[{""id"": 13128, ""title"": ""Kultuuriretsept – ravi positiivsete kõrvaltoimetega"", ""organizer"": ""Eesti Vaimse Tervise ja Heaolu Koalitsioon VATEK"", ""date"": ""2026-08-08T18:00:00"", ""source"": ""https://arvamusfestival.ee/kava2026/""}]",matched,normalized_exact,,[13128],2026,Kultuuriretsept – ravi positiivsete kõrvaltoimetega,2026-08-08T18:00:00,2026-08-08T19:30:00,Martin Junna,"Mihkel Lees (Riigikogu liige, Tartu Linnavolikogu liige) Ülla-Karin Nurm (EL Läänemere Strateegia tervisepoliitika juht) Vanda Kristjan (perearst, Eesti Perearstide Seltsi juhatuse liige ja vaimse tervise töörühma juht) Liina Lepik (Kumu kunstimuuseumi haridusprogrammide kuraator) Tiina Tõemets (Harjumaa Omavalitsuste Liidu rahvatervise nõunik)",,et,,23 Kultuur ja Vastutus,
2397177246,"tag:soundcloud,2010:tracks/2397177246",Reklaamide vastutamatusest ja vastutusest,2026-09-09T07:13:59Z,"Wed, 09 Sep 2026 07:13:59 +0000",https://soundcloud.com/arvamusfestival/reklaamide-vastutamatusest-ja-vastutusest-8,https://feeds.soundcloud.com/stream/2397177246-arvamusfestival-reklaamide-vastutamatusest-ja-vastutusest-8.mp3,78981413,4936.0,2397177246,c906e2d9319891c8720917723d61f8a302d2c8de3acde9aaa50841a28ea972e9,"[""2397177246""]",Loomus MTÜ,https://arvamusfestival.ee/kava2026/,"[{""id"": 13122, ""title"": ""Reklaamide vastutamatusest ja vastutusest"", ""organizer"": ""Loomus MTÜ"", ""date"": ""2026-08-07T14:30:00"", ""source"": ""https://arvamusfestival.ee/kava2026/""}]",matched,normalized_exact,,[13122],2026,Reklaamide vastutamatusest ja vastutusest,2026-08-07T14:30:00,2026-08-07T16:00:00,Farištamo Eller,Triin Toom (vandeadvokaat) Alvar Lonks (Tabasco loovjuht) Merike Koppel (TTJA tarbijaõiguste valdkonna direktori asetäitja),,et,https://www.facebook.com/loomadeeestkoste,23 Kultuur ja Vastutus,
2397177249,"tag:soundcloud,2010:tracks/2397177249",AI ajastu ettevõtlus – kas miljon mikroettevõtjat või paar suurt võitjat_,2026-09-09T07:13:59Z,"Wed, 09 Sep 2026 07:13:59 +0000",https://soundcloud.com/arvamusfestival/ai-ajastu-ettevotlus-kas-miljon-mikroettevotjat-voi-paar-suurt-voitjat-4,https://feeds.soundcloud.com/stream/2397177249-arvamusfestival-ai-ajastu-ettevotlus-kas-miljon-mikroettevotjat-voi-paar-suurt-voitjat-4.mp3,90997321,5687.0,2397177249,cac7e8c42987671ef506cb9e927778c4d08de6722355ea9c313030bcd47967b2,"[""2397177249""]",Tallinna Ettevõtlusinkubaator,https://arvamusfestival.ee/kava2026/,"[{""id"": 13126, ""title"": ""AI ajastu ettevõtlus – kas miljon mikroettevõtjat või paar suurt võitjat?"", ""organizer"": ""Tallinna Ettevõtlusinkubaator"", ""date"": ""2026-08-08T14:00:00"", ""source"": ""https://arvamusfestival.ee/kava2026/""}]",matched,normalized_exact,,[13126],2026,AI ajastu ettevõtlus – kas miljon mikroettevõtjat või paar suurt võitjat?,2026-08-08T14:00:00,2026-08-08T15:30:00,Eve Peeterson,Kei Olbrei (ettevõtja ja vaibkoodija) Linnar Viik (IT-visionäär) Einar Tiimla (häk agency) Joosep Laats (noor ettevõtja),,et,,23 Kultuur ja Vastutus,
2397177252,"tag:soundcloud,2010:tracks/2397177252",Tehisintellekt kultuuris – kas loovisik on järgmine väljasureja_,2026-09-09T07:13:59Z,"Wed, 09 Sep 2026 07:13:59 +0000",https://soundcloud.com/arvamusfestival/tehisintellekt-kultuuris-kas-loovisik-on-jargmine-valjasureja-1,https://feeds.soundcloud.com/stream/2397177252-arvamusfestival-tehisintellekt-kultuuris-kas-loovisik-on-jargmine-valjasureja-1.mp3,93848221,5865.0,2397177252,7438d0c6e73ebc868c93198ea04bf1a03f622285ededc67690b3b02a13990f75,"[""2397177252""]",Ühendus KULTUURITAHE,https://arvamusfestival.ee/kava2026/,"[{""id"": 13125, ""title"": ""Tehisintellekt kultuuris – kas loovisik on järgmine väljasureja?"", ""organizer"": ""Ühendus KULTUURITAHE"", ""date"": ""2026-08-08T12:00:00"", ""source"": ""https://arvamusfestival.ee/kava2026/""}]",matched,normalized_exact,,[13125],2026,Tehisintellekt kultuuris – kas loovisik on järgmine väljasureja?,2026-08-08T12:00:00,2026-08-08T13:30:00,Reimo Sagor,"Priit Lätt (Advokaadibüroo TEGOS partner ja vandeadvokaat, IP/IT töögrupi juht) Liina Triškina-Vanhatalo (Eesti Audiovisuaalautorite Liidu juhatuse esimees, filmirežissöör ja stsenarist) Keaty Siivelt (Justiits- ja Digiministeeriumi AI ja andmete talituse juhataja) Sten-Kristian Saluveer (Tallinn Digital Summiti direktor, Cannes Next innovatsiooniprogrammi juht, Marché du Film’i strateegiline nõustaja Cannes’i filmifestivalil, Taani Rahvusliku Filmikooli tehisintellekti MiniMBA programmi juht ja Future Media Hubs’i nõuandva kogu liige)",,et,,23 Kultuur ja Vastutus,
2397177255,"tag:soundcloud,2010:tracks/2397177255",Vabakutseliste loovisikute toimetulek,2026-09-09T07:13:59Z,"Wed, 09 Sep 2026 07:13:59 +0000",https://soundcloud.com/arvamusfestival/vabakutseliste-loovisikute-toimetulek-2,https://feeds.soundcloud.com/stream/2397177255-arvamusfestival-vabakutseliste-loovisikute-toimetulek-2.mp3,88592802,5536.0,2397177255,1d08f8e04f560116d0a4f33994ff263bb81e91d4aacde9ef1a02e21fd14f9084,"[""2397177255""]",Ühendus KULTUURITAHE,https://arvamusfestival.ee/kava2026/,"[{""id"": 13124, ""title"": ""Vabakutseliste loovisikute toimetulek"", ""organizer"": ""Ühendus KULTUURITAHE"", ""date"": ""2026-08-07T18:30:00"", ""source"": ""https://arvamusfestival.ee/kava2026/""}]",matched,normalized_exact,,[13124],2026,Vabakutseliste loovisikute toimetulek,2026-08-07T18:30:00,2026-08-07T20:00:00,Elin Kard,"Signe Riisalo (Reformierakond, Riigikogu sotsiaalkomisjoni liige), Riina Sikkut (Sotsiaaldemokraatlik erakond, erakonna aseesimees ja Riigikogu liige), Anna Hints (filmirežissöör), Henrik Kalmet (näitleja), Flo Kasearu (kunstnik), Florian Wahl (muusik)",,et,,23 Kultuur ja Vastutus,
2397177258,"tag:soundcloud,2010:tracks/2397177258",Kas tänavakunst peaks olema legaalne_,2026-09-09T07:13:59Z,"Wed, 09 Sep 2026 07:13:59 +0000",https://soundcloud.com/arvamusfestival/kas-tanavakunst-peaks-olema-legaalne-7,https://feeds.soundcloud.com/stream/2397177258-arvamusfestival-kas-tanavakunst-peaks-olema-legaalne-7.mp3,80909040,5056.0,2397177258,79af7ade56f696bb34b777af6fe05ce679b6da3a5c1b31f2399dbe5bf40aed53,"[""2397177258""]",Eesti Kunstikoolide Liit (Noored),https://arvamusfestival.ee/kava2026/,"[{""id"": 13121, ""title"": ""Kas tänavakunst peaks olema legaalne?"", ""organizer"": ""Eesti Kunstikoolide Liit (Noored)"", ""date"": ""2026-08-07T12:30:00"", ""source"": ""https://arvamusfestival.ee/kava2026/""}]",matched,normalized_exact,,[13121],2026,Kas tänavakunst peaks olema legaalne?,2026-08-07T12:30:00,2026-08-07T14:00:00,Sirje Joala,"Margus Tamm (kunstnik ja kunstiteadlane), Kairo (Kairi Kliimand) (tegev tänavakunstnik)",,et,,23 Kultuur ja Vastutus,
2397264564,"tag:soundcloud,2010:tracks/2397264564",Küberturvalisus vs ettevõtlusvõime_ kus on tasakaal_,2026-09-09T11:49:50Z,"Wed, 09 Sep 2026 11:49:50 +0000",https://soundcloud.com/arvamusfestival/kuberturvalisus-vs-ettevotlusvoime_kus-on-tasakaal-3,https://feeds.soundcloud.com/stream/2397264564-arvamusfestival-kuberturvalisus-vs-ettevotlusvoime_kus-on-tasakaal-3.mp3,86016084,5375.0,2397264564,713e31bb27fc805fd96835da737c9635b3534ef17605d2a69e544b8265d8a651,"[""2397264564"", ""2397270063""]",Eesti Interneti SA,https://arvamusfestival.ee/kava2026/,"[{""id"": 13141, ""title"": ""Küberturvalisus vs ettevõtlusvõime: kus on tasakaal?"", ""organizer"": ""Eesti Interneti SA"", ""date"": ""2026-08-07T18:00:00"", ""source"": ""https://arvamusfestival.ee/kava2026/""}]",matched,normalized_exact,,[13141],2026,Küberturvalisus vs ettevõtlusvõime: kus on tasakaal?,2026-08-07T18:00:00,2026-08-07T19:30:00,Anett Numa,Karl Roben (Meliva AS tehnoloogiadirektor) Taavi Viilukas (Justiits- ja Digiministeeriumi riikliku küberturvalisuse talituse juhataja) Henri Ratnik (WIDEN Legal advokaat) Reet Laidoja (perearst ja Eesti Perearstide Seltsi IT-grupi juht),,et,https://www.facebook.com/events/1017364124527182/,25 Võim ja vastutus,
2397264567,"tag:soundcloud,2010:tracks/2397264567",Teadmussiirdedoktorantuur – Eesti majanduse kasutamata potentsiaal_,2026-09-09T11:49:50Z,"Wed, 09 Sep 2026 11:49:50 +0000",https://soundcloud.com/arvamusfestival/teadmussiirdedoktorantuur-eesti-majanduse-kasutamata-potentsiaal-1,https://feeds.soundcloud.com/stream/2397264567-arvamusfestival-teadmussiirdedoktorantuur-eesti-majanduse-kasutamata-potentsiaal-1.mp3,86113886,5382.0,2397264567,6d5635980e5ca1f6067592e27a0b92c27bb570b454c0e0be76e5c194f0f71542,"[""2397264567"", ""2397270045""]",Sihtasutus Eesti Teadusagentuur (ETAG),https://arvamusfestival.ee/kava2026/,"[{""id"": 13145, ""title"": ""Teadmussiirdedoktorantuur – Eesti majanduse kasutamata potentsiaal?"", ""organizer"": ""Sihtasutus Eesti Teadusagentuur (ETAG)"", ""date"": ""2026-08-08T16:30:00"", ""source"": ""https://arvamusfestival.ee/kava2026/""}]",matched,normalized_exact,,[13145],2026,Teadmussiirdedoktorantuur – Eesti majanduse kasutamata potentsiaal?,2026-08-08T16:30:00,2026-08-08T18:00:00,Keiu Telve,Andri Haran (Eesti Masinatööstuse Liidu tegevjuht) Jaan Vihalemm (BiotaTec OÜ teadmussiirdedoktorant) Jarek Kurnitski (TalTechi teadusprorektor) Katrin Kiisler (Haridus- ja Teadusministeeriumi teadusosakonna juhataja),,et,,25 Võim ja vastutus,
2397264570,"tag:soundcloud,2010:tracks/2397264570","Miljon sensorit, üks planeet_ kuidas tehisintellekt asjades (AIoT) muudab teadust_",2026-09-09T11:49:50Z,"Wed, 09 Sep 2026 11:49:50 +0000",https://soundcloud.com/arvamusfestival/miljon-sensorit-uks-planeet_kuidas-tehisintellekt-asjades-aiot-muudab-teadust-9,https://feeds.soundcloud.com/stream/2397264570-arvamusfestival-miljon-sensorit-uks-planeet_kuidas-tehisintellekt-asjades-aiot-muudab-teadust-9.mp3,80587630,5036.0,2397264570,3124b0deba08af9e0740450c974fc41ca29554a9aa5c361fd92cf01e3697979b,"[""2397264570"", ""2397270066""]",Sihtasutus Eesti Teadusagentuur (ETAG),https://arvamusfestival.ee/kava2026/,"[{""id"": 13138, ""title"": ""Miljon sensorit, üks planeet: kuidas tehisintellekt asjades (AIoT) muudab teadust?"", ""organizer"": ""Sihtasutus Eesti Teadusagentuur (ETAG)"", ""date"": ""2026-08-07T12:00:00"", ""source"": ""https://arvamusfestival.ee/kava2026/""}]",matched,normalized_exact,,[13138],2026,"Miljon sensorit, üks planeet: kuidas tehisintellekt asjades (AIoT) muudab teadust?",2026-08-07T12:00:00,2026-08-07T13:30:00,Brent Pere,"Sven Nõmm (masinõppe töörühma juht, Tarkvarateaduste instituut, TalTech) Helen Eenmaa (TÜ Johan Skytte poliitikauuringute instituudi valitsemise ja õiguspoliitika kaasprofessor) Alar Kuusik (TalTechi Thomas Johann Seebecki elektroonikainstituudi direktor) Uku Sildoja (TalTechi tarkvarateaduse instituudi doktorant-nooremteadur) Külle Tärnov (FinEst Targa linna tippkeskuse innovatsioonijuht)",,et,,25 Võim ja vastutus,
2397264573,"tag:soundcloud,2010:tracks/2397264573",Kas oleme tehisaru nimel valmis ohverdama oma inimõigused_,2026-09-09T11:49:50Z,"Wed, 09 Sep 2026 11:49:50 +0000",https://soundcloud.com/arvamusfestival/kas-oleme-tehisaru-nimel-valmis-ohverdama-oma-inimoigused-8,https://feeds.soundcloud.com/stream/2397264573-arvamusfestival-kas-oleme-tehisaru-nimel-valmis-ohverdama-oma-inimoigused-8.mp3,82797798,5174.0,2397264573,14227d50ffca4d0ff4e2ce59790dc135a24294b45274ed7cea7285b68789f382,"[""2397264573"", ""2397270060""]",Eesti Interneti SA,https://arvamusfestival.ee/kava2026/,"[{""id"": 13140, ""title"": ""Kas oleme tehisaru nimel valmis ohverdama oma inimõigused?"", ""organizer"": ""Eesti Interneti SA"", ""date"": ""2026-08-07T16:00:00"", ""source"": ""https://arvamusfestival.ee/kava2026/""}]",matched,normalized_exact,,[13140],2026,Kas oleme tehisaru nimel valmis ohverdama oma inimõigused?,2026-08-07T16:00:00,2026-08-07T17:30:00,Brent Pere,Christian Veske (soolise võrdõiguslikkuse ja võrdse kohtlemise volinik) Anu Masso (TalTechi sotsiaalteaduslike suurandmete kaasprofessor) Paloma Krõõt Tupay (Tartu Ülikooli riigiõiguste kaasprofessor) Gerlyn Tiigemäe (tehisintellekti koolitaja ja konsultant),,et,https://www.facebook.com/events/1682136719507871/,25 Võim ja vastutus,
2397264576,"tag:soundcloud,2010:tracks/2397264576",Kas linnud ja loomad keedavad meile uut superhaigust_,2026-09-09T11:49:50Z,"Wed, 09 Sep 2026 11:49:50 +0000",https://soundcloud.com/arvamusfestival/kas-linnud-ja-loomad-keedavad-meile-uut-superhaigust-2,https://feeds.soundcloud.com/stream/2397264576-arvamusfestival-kas-linnud-ja-loomad-keedavad-meile-uut-superhaigust-2.mp3,89194245,5574.0,2397264576,48c5e26dc14530f28b049012070eb529f299983410b5f98b39bc98b8a0f15a1b,"[""2397264576"", ""2397270048""]",Eesti Loomaarstide Koda (ELK),https://arvamusfestival.ee/kava2026/,"[{""id"": 13139, ""title"": ""Kas linnud ja loomad keedavad meile uut superhaigust?"", ""organizer"": ""Eesti Loomaarstide Koda (ELK)"", ""date"": ""2026-08-07T14:00:00"", ""source"": ""https://arvamusfestival.ee/kava2026/""}]",matched,normalized_exact,,[13139],2026,Kas linnud ja loomad keedavad meile uut superhaigust?,2026-08-07T14:00:00,2026-08-07T15:30:00,Marek Strandberg,"Arvo Viltrop (EMU veterinaarse bio- ja populatsioonimeditsiini tenuuriprofessor, õppetooli juht) Margus Varjak (TÜ PhD (biomeditsiini tehnoloogia) loodus- ja täppisteaduste valdkond, bioinseneeria instituudi viroloogia kaasprofessor) Imbi Nurmoja (PhD, DVM Labris direktori asetäitja) Kadri Kaugerand (Regionaal ja Põllumajandusministeeriumi toiduohutuse valdkonna juht) Karmel Ritson (Keskkonnameti jahinduse ja vee-elustiku osakonna loomaabi peaspetsialist) Priit Dreimann (AS Maag Agro juhatuse liige, algtootmise ja loomade varumise direktor) Katrin Idla (MSc, keemiatehnika ökoloogia ja maateaduste instituudi zooloogia osakond, loomaökoloogia õppetooli loomaökoloogia nooremteadur; Eesti Metsloomaühingu juhatuse liige) Enel Hakmann (Eesti Loomaarstide Koda, loomaarst)",,et,,25 Võim ja vastutus,
2397264579,"tag:soundcloud,2010:tracks/2397264579",Elu võimalikkusest pealinnast eemal,2026-09-09T11:49:50Z,"Wed, 09 Sep 2026 11:49:50 +0000",https://soundcloud.com/arvamusfestival/elu-voimalikkusest-pealinnast-eemal-6,https://feeds.soundcloud.com/stream/2397264579-arvamusfestival-elu-voimalikkusest-pealinnast-eemal-6.mp3,89725053,5607.0,2397264579,344264d24bc0af0edeb2ae687f51a3190ad886c69879f842cd278a1f4620dd5b,"[""2397264579"", ""2397270042""]",Rail Baltic Estonia,https://arvamusfestival.ee/kava2026/,"[{""id"": 13144, ""title"": ""Elu võimalikkusest pealinnast eemal"", ""organizer"": ""Rail Baltic Estonia"", ""date"": ""2026-08-08T14:30:00"", ""source"": ""https://arvamusfestival.ee/kava2026/""}]",matched,normalized_exact,,[13144],2026,Elu võimalikkusest pealinnast eemal,2026-08-08T14:30:00,2026-08-08T16:00:00,Kaarel Kose,"Sigrid Soomlais (Regionaal- ja Põllumajandusministeeriumi regionaalarengu asekantsler) Rain Terras (Rapla vallavanem) Marie Johanna Univer (Tartu Ülikooli nooremteadur, Eesti noordelegaat ÜRO kliimakonventsioonis) Eva Killar (Kliimaministeriumi transpordi arengu ja investeeringute osakonna juhataja)",,et,,25 Võim ja vastutus,
2397264582,"tag:soundcloud,2010:tracks/2397264582",Kes vastutab Eesti toidujulgeoleku eest_,2026-09-09T11:49:50Z,"Wed, 09 Sep 2026 11:49:50 +0000",https://soundcloud.com/arvamusfestival/kes-vastutab-eesti-toidujulgeoleku-eest-5,https://feeds.soundcloud.com/stream/2397264582-arvamusfestival-kes-vastutab-eesti-toidujulgeoleku-eest-5.mp3,85089468,5318.0,2397264582,369ab436ecbef942e86ef3a0e3152c51066dda63cdec36b1c5b415968d9f98b6,"[""2397264582"", ""2397270054""]",Regionaal- ja Põllumajandusministeerium,https://arvamusfestival.ee/kava2026/,"[{""id"": 13142, ""title"": ""Kes vastutab Eesti toidujulgeoleku eest?"", ""organizer"": ""Regionaal- ja Põllumajandusministeerium"", ""date"": ""2026-08-08T10:30:00"", ""source"": ""https://arvamusfestival.ee/kava2026/""}]",matched,normalized_exact,,[13142],2026,Kes vastutab Eesti toidujulgeoleku eest?,2026-08-08T10:30:00,2026-08-08T12:00:00,Elmar Reinhold,Toomas Kevvai (Eesti Kalatootjate Keskühistu tegevjuht) Hannes Prits (Põllumeeste ühistu KEVILI juhataja) Rando Värnik (Eesti Maaülikooli maamajanduse ökonoomika professor) Hendrik Johannes Terras (Regionaal- ja põllumajandusminister) Martin Küüsmaa (Maag Food juhatuse liige) Hannes Oks (Coop Eesti Keskühistu logistikadirektor),,et,https://www.facebook.com/agriestonia/posts/pfbid02ReV2A56m57A4jKBaEoqB1PHJrgvcH2QXhjgZZfUBtjq3ZH5Awm1St5yCXRgAqMExl,25 Võim ja vastutus,
2397264585,"tag:soundcloud,2010:tracks/2397264585",Toiduraiskamine või toiduohutus – kas peame valima_,2026-09-09T11:49:50Z,"Wed, 09 Sep 2026 11:49:50 +0000",https://soundcloud.com/arvamusfestival/toiduraiskamine-voi-toiduohutus-kas-peame-valima-7,https://feeds.soundcloud.com/stream/2397264585-arvamusfestival-toiduraiskamine-voi-toiduohutus-kas-peame-valima-7.mp3,80269145,5016.0,2397264585,9edc6ae69162b19710a8667b2dfba6ee16f6651020148a142c07fe50bc2dba90,"[""2397264585"", ""2397270057""]",Põllumajandus- ja Toiduamet,https://arvamusfestival.ee/kava2026/,"[{""id"": 13143, ""title"": ""Toiduraiskamine või toiduohutus – kas peame valima?"", ""organizer"": ""Põllumajandus- ja Toiduamet"", ""date"": ""2026-08-08T12:30:00"", ""source"": ""https://arvamusfestival.ee/kava2026/""}]",matched,normalized_exact,,[13143],2026,Toiduraiskamine või toiduohutus – kas peame valima?,2026-08-08T12:30:00,2026-08-08T14:00:00,Mirjam Mõttus,Katrin Jõgi (Prisma kestlikkuse- ja kvaliteedijuht) Triinu Allika (Põllumajandus ja Toiduameti toiduohutuse valdkonnajuht) Kristel Kibin (Kliimaministeeriumi jäätmekorralduse valdkonna juht) Jaana Taar (Tallinna ülikooli Teadusköögi juht ja Eesti kodunduse valdkonna edendaja),,et,,25 Võim ja vastutus,
2397264588,"tag:soundcloud,2010:tracks/2397264588",Mille taha jääb majanduskasv_,2026-09-09T11:49:50Z,"Wed, 09 Sep 2026 11:49:50 +0000",https://soundcloud.com/arvamusfestival/mille-taha-jaab-majanduskasv-4,https://feeds.soundcloud.com/stream/2397264588-arvamusfestival-mille-taha-jaab-majanduskasv-4.mp3,84077171,5254.0,2397264588,d3b92364f7eb1148699a6756c9d6e91c671a326e822bf7032697b9b86ef49586,"[""2397264588"", ""2397270051""]",Rail Baltic Estonia,https://arvamusfestival.ee/kava2026/,"[{""id"": 13146, ""title"": ""Mille taha jääb majanduskasv?"", ""organizer"": ""Rail Baltic Estonia"", ""date"": ""2026-08-08T18:30:00"", ""source"": ""https://arvamusfestival.ee/kava2026/""}]",matched,normalized_exact,,[13146],2026,Mille taha jääb majanduskasv?,2026-08-08T18:30:00,2026-08-08T20:00:00,Priit Pruul,"Marten Kokk (Kliimaministeeriumi kantsler) Anvar Salomets (Rail Baltic Estonia juhatuse esimees) Vladimir Svet (poliitik, endine taristuminister) Merle Kurvits (Eesti Raudtee juhatuse esinaine)",,et,,25 Võim ja vastutus,
2397829623,"tag:soundcloud,2010:tracks/2397829623",Noorte julm vägivald – kas sinu kodukant on järgmine_,2026-09-10T10:43:25Z,"Thu, 10 Sep 2026 10:43:25 +0000",https://soundcloud.com/arvamusfestival/noorte-julm-vagivald-kas-sinu-kodukant-on-jargmine-2,https://feeds.soundcloud.com/stream/2397829623-arvamusfestival-noorte-julm-vagivald-kas-sinu-kodukant-on-jargmine-2.mp3,85608155,5350.0,2397829623,c5d2c2db93b09039422bac2798b09f84c462f3cbbc502e3ef4ede134794715ef,"[""2397829623""]",Justiits- ja digiministeerium,https://arvamusfestival.ee/kava2026/,"[{""id"": 13227, ""title"": ""Noorte julm vägivald – kas sinu kodukant on järgmine?"", ""organizer"": ""Justiits- ja digiministeerium"", ""date"": ""2026-08-07T14:30:00"", ""source"": ""https://arvamusfestival.ee/kava2026/""}]",matched,normalized_exact,,[13227],2026,Noorte julm vägivald – kas sinu kodukant on järgmine?,2026-08-07T14:30:00,2026-08-07T16:00:00,Jako Salla,"Triin Tarendi (Viru vanglas noortega tegelev sotsiaaltöötaja), Ingrid Sogenbits (Lääne-Harju valla laste heaolu spetsialist), Agne-Andra (MTÜ Sa Suudad), Art Oskar (Lootuse küla noor)",,et,,26 Hooliv Ühiskond,
2397829626,"tag:soundcloud,2010:tracks/2397829626","Kui sensoreid saab rohkem kui inimesi, siis kes hoiab piirialade Eestit_",2026-09-10T10:43:25Z,"Thu, 10 Sep 2026 10:43:25 +0000",https://soundcloud.com/arvamusfestival/kui-sensoreid-saab-rohkem-kui-inimesi-siis-kes-hoiab-piirialade-eestit-4,https://feeds.soundcloud.com/stream/2397829626-arvamusfestival-kui-sensoreid-saab-rohkem-kui-inimesi-siis-kes-hoiab-piirialade-eestit-4.mp3,88026049,5501.0,2397829626,668587c2d3fa54447331786d0f9ed2f7e04e565f47fc381e2f8fc34be13f4b82,"[""2397829626""]",Tartu Ülikool,https://arvamusfestival.ee/kava2026/,"[{""id"": 13231, ""title"": ""Kui sensoreid saab rohkem kui inimesi, siis kes hoiab piirialade Eestit?"", ""organizer"": ""Tartu Ülikool"", ""date"": ""2026-08-08T12:00:00"", ""source"": ""https://arvamusfestival.ee/kava2026/""}]",matched,normalized_exact,,[13231],2026,"Kui sensoreid saab rohkem kui inimesi, siis kes hoiab piirialade Eestit?",2026-08-08T12:00:00,2026-08-08T13:30:00,Margit Keller,"Lauri Jalonen (Ida-Virumaa Ettevõtluskeskuse vanemkonsultant) Triin Vihalemm (Tartu Ülikooli professor, Õiglase Ülemineku Fondi uuringuprojekti “Ida-Viru elanike sotsiaalmajanduslik heaolu” juht) Meel Valk (Võrumaa Arenduskeskuse koostööjuht) Kai Kalmann-Jotautas (Regionaal- ja Põllumajandusministeeriumi regionaapoliitika osakonna juhataja)",,et,https://www.facebook.com/events/1498856618232598/?acontext=event_action_history[mechanismyour_upcoming_events_unitsurfacebookmark]ref_notif_typenull,26 Hooliv Ühiskond,
2397829629,"tag:soundcloud,2010:tracks/2397829629",Religioossete ühenduste roll ühiskonna toetaja ja tasakaalustajana,2026-09-10T10:43:25Z,"Thu, 10 Sep 2026 10:43:25 +0000",https://soundcloud.com/arvamusfestival/religioossete-uhenduste-roll-uhiskonna-toetaja-ja-tasakaalustajana-1,https://feeds.soundcloud.com/stream/2397829629-arvamusfestival-religioossete-uhenduste-roll-uhiskonna-toetaja-ja-tasakaalustajana-1.mp3,88889135,5555.0,2397829629,50a51ca43e62555e761f19895637fd3671be87378e363c37ac872db50a866c1d,"[""2397829629""]",Eesti Urantia Assotsiatsioon MTÜ,https://arvamusfestival.ee/kava2026/,"[{""id"": 13230, ""title"": ""Religioossete ühenduste roll ühiskonna toetaja ja tasakaalustajana"", ""organizer"": ""Eesti Urantia Assotsiatsioon MTÜ"", ""date"": ""2026-08-08T10:00:00"", ""source"": ""https://arvamusfestival.ee/kava2026/""}]",matched,normalized_exact,,[13230],2026,Religioossete ühenduste roll ühiskonna toetaja ja tasakaalustajana,2026-08-08T10:00:00,2026-08-08T11:30:00,Andres Raid,Aivar Loopalu Karmo Kalda Urmas Viilma,,et,,26 Hooliv Ühiskond,
2397829632,"tag:soundcloud,2010:tracks/2397829632",Appi! Mind ei lasta muuseumisse! Kultuuriharidus kui regionaalpoliitika,2026-09-10T10:43:25Z,"Thu, 10 Sep 2026 10:43:25 +0000",https://soundcloud.com/arvamusfestival/appi-mind-ei-lasta-muuseumisse-kultuuriharidus-kui-regionaalpoliitika-3,https://feeds.soundcloud.com/stream/2397829632-arvamusfestival-appi-mind-ei-lasta-muuseumisse-kultuuriharidus-kui-regionaalpoliitika-3.mp3,89865906,5616.0,2397829632,edaad7447f62946fb38756d276582f4aff981a8b3fc55d4e6216e7d2b5a84c5e,"[""2397829632""]",Eesti Muuseumiühing koostöös Eesti Muuseumide Liiduga,https://arvamusfestival.ee/kava2026/,"[{""id"": 13229, ""title"": ""Appi! Mind ei lasta muuseumisse! Kultuuriharidus kui regionaalpoliitika"", ""organizer"": ""Eesti Muuseumiühing koostöös Eesti Muuseumide Liiduga"", ""date"": ""2026-08-07T18:30:00"", ""source"": ""https://arvamusfestival.ee/kava2026/""}]",matched,normalized_exact,,[13229],2026,Appi! Mind ei lasta muuseumisse! Kultuuriharidus kui regionaalpoliitika,2026-08-07T18:30:00,2026-08-07T20:00:00,Stella Porss,"Sõna saavad noored ise: Nora Lember, Elis Kannik, Anna Oras, Siim Alve",,et,,26 Hooliv Ühiskond,
2397829635,"tag:soundcloud,2010:tracks/2397829635",„Veibi-Vellod“ ja veipivad noored – miks salaturg võidab ja mida teha teisiti_,2026-09-10T10:43:25Z,"Thu, 10 Sep 2026 10:43:25 +0000",https://soundcloud.com/arvamusfestival/veibi-vellod-ja-veipivad-noored-miks-salaturg-voidab-ja-mida-teha-teisiti-7,https://feeds.soundcloud.com/stream/2397829635-arvamusfestival-veibi-vellod-ja-veipivad-noored-miks-salaturg-voidab-ja-mida-teha-teisiti-7.mp3,83693066,5230.0,2397829635,c1ad32d778ce2bd517c7e61a9931a95a4e9e318c13ee0624dd4b1f61e7720ea4,"[""2397829635""]",Eesti Kaubandus-Tööstuskoda,https://arvamusfestival.ee/kava2026/,"[{""id"": 13228, ""title"": ""„Veibi-Vellod“ ja veipivad noored – miks salaturg võidab ja mida teha teisiti?"", ""organizer"": ""Eesti Kaubandus-Tööstuskoda"", ""date"": ""2026-08-07T16:30:00"", ""source"": ""https://arvamusfestival.ee/kava2026/""}]",matched,normalized_exact,,[13228],2026,„Veibi-Vellod“ ja veipivad noored – miks salaturg võidab ja mida teha teisiti?,2026-08-07T16:30:00,2026-08-07T18:00:00,Kristjan Pihl,Paneelis osalevad Mait Palts (Eesti Kaubandus-Tööstuskoja peadirektor) Jekaterina Nikitina (Maksu- ja Tolliameti aktsiiside osakonna juhataja) Tristan Eriste (Õpilasesinduste Liidu aseesimees) Lea Danilson-Järg (Riigikogu liige) Vaatlevad Brit Mesipuu (lapsevanem) Margus Lõokene (psühhiaater),,et,https://youtube.com/live/pTLW9n_etug?feature=share,26 Hooliv Ühiskond,
2397829638,"tag:soundcloud,2010:tracks/2397829638",Kus on noore kodu_ Kuidas elatakse tulevikus ja kas kodu peab tingimata omama_,2026-09-10T10:43:25Z,"Thu, 10 Sep 2026 10:43:25 +0000",https://soundcloud.com/arvamusfestival/kus-on-noore-kodu_kuidas-elatakse-tulevikus-ja-kas-kodu-peab-tingimata-omama-6,https://feeds.soundcloud.com/stream/2397829638-arvamusfestival-kus-on-noore-kodu_kuidas-elatakse-tulevikus-ja-kas-kodu-peab-tingimata-omama-6.mp3,71268394,4454.0,2397829638,99d8ab1f4f11939b7e6a9c5a2a7bcac7416c2bc104ee72d0120a3799b5177021,"[""2397829638""]",Bonava Eesti,https://arvamusfestival.ee/kava2026/,"[{""id"": 13233, ""title"": ""Kus on noore kodu? Kuidas elatakse tulevikus ja kas kodu peab tingimata omama?"", ""organizer"": ""Bonava Eesti"", ""date"": ""2026-08-08T16:00:00"", ""source"": ""https://arvamusfestival.ee/kava2026/""}]",matched,normalized_exact,,[13233],2026,Kus on noore kodu? Kuidas elatakse tulevikus ja kas kodu peab tingimata omama?,2026-08-08T16:00:00,2026-08-08T17:30:00,Brent Pere,"Tiit Tammaru (Tartu ülikooli linna- ja rahvastikugeograafia professor), Kätriin Vares (sisulooja ja investor), Taavi Soorm (elamuarendusettevõtte Bonava Eesti tegevjuht), Meriliis Kivimägi (tudeng, EL rahastuse konsultant).",,et,,26 Hooliv Ühiskond,
2397829641,"tag:soundcloud,2010:tracks/2397829641","Kelle vastutus on NEET-olukorras noor – tema enda, spetsialistide või kogu ühiskonna_",2026-09-10T10:43:25Z,"Thu, 10 Sep 2026 10:43:25 +0000",https://soundcloud.com/arvamusfestival/kelle-vastutus-on-neet-olukorras-noor-tema-enda-spetsialistide-voi-kogu-uhiskonna-5,https://feeds.soundcloud.com/stream/2397829641-arvamusfestival-kelle-vastutus-on-neet-olukorras-noor-tema-enda-spetsialistide-voi-kogu-uhiskonna-5.mp3,76446490,4777.0,2397829641,8b0f9edf0104a6d6277fe1e588a69502ee02516e7fd9cff4a626b628aaf0984d,"[""2397829641""]",Tartumaa Omavalitsuste Liit,https://arvamusfestival.ee/kava2026/,"[{""id"": 13226, ""title"": ""Kelle vastutus on NEET-olukorras noor – tema enda, spetsialistide või kogu ühiskonna?"", ""organizer"": ""Tartumaa Omavalitsuste Liit"", ""date"": ""2026-08-07T12:30:00"", ""source"": ""https://arvamusfestival.ee/kava2026/""}]",matched,normalized_exact,,[13226],2026,"Kelle vastutus on NEET-olukorras noor – tema enda, spetsialistide või kogu ühiskonna?",2026-08-07T12:30:00,2026-08-07T14:00:00,Mirjam Mõttus,"Jaanika Orav (Tartumaa Omavalitsuste Liidu noortegarantii tugisüsteemi koordinaator) Reelika Roosileht-Bork (Sotsiaalkindlustusameti noortegarantii tugisüsteemi peaspetsialist) Mirjam Kase (Peaasjad MTÜ raviteenuste suunajuht) Kirke Parksepp (MTÜ Uuskasutuskeskus noorte juhendaja) Marii Elyse Meos (TÜ Narva Kolledži üliõpilane, endine NEET-olukorras noor)",,et,,26 Hooliv Ühiskond,
2400164898,"tag:soundcloud,2010:tracks/2400164898",Kas lapsevanem on partner või lihtsalt teenusetarbija_,2026-09-14T11:29:05Z,"Mon, 14 Sep 2026 11:29:05 +0000",https://soundcloud.com/arvamusfestival/kas-lapsevanem-on-partner-voi-lihtsalt-teenusetarbija-5,https://feeds.soundcloud.com/stream/2400164898-arvamusfestival-kas-lapsevanem-on-partner-voi-lihtsalt-teenusetarbija-5.mp3,79017357,4938.0,2400164898,16f9566a9648bbab35048c36ab393ff2b0a299eee304ae5c54cf819c6650096e,"[""2400164898""]",Eesti Montessori Ühing,https://arvamusfestival.ee/kava2026/,"[{""id"": 13115, ""title"": ""Kas lapsevanem on partner või lihtsalt teenusetarbija?"", ""organizer"": ""Eesti Montessori Ühing"", ""date"": ""2026-08-07T16:00:00"", ""source"": ""https://arvamusfestival.ee/kava2026/""}]",matched,normalized_exact,,[13115],2026,Kas lapsevanem on partner või lihtsalt teenusetarbija?,2026-08-07T16:00:00,2026-08-07T17:30:00,Helis Luik,Osaleb publik.,Alushariduse ala toetab Eesti Lastehoidude Liit.,et,,22 Alusharidus,
2400164901,"tag:soundcloud,2010:tracks/2400164901",Ühiskondlik ebavõrdsus algab enne kooli – kas me tunnistame seda_,2026-09-14T11:29:05Z,"Mon, 14 Sep 2026 11:29:05 +0000",https://soundcloud.com/arvamusfestival/uhiskondlik-ebavordsus-algab-enne-kooli-kas-me-tunnistame-seda-2,https://feeds.soundcloud.com/stream/2400164901-arvamusfestival-uhiskondlik-ebavordsus-algab-enne-kooli-kas-me-tunnistame-seda-2.mp3,86497991,5406.0,2400164901,61b2ae45805c2b371ed07296863058d56962574065068c43ac1b693188004ffb,"[""2400164901""]",Lasteklubi Väike Päike,https://arvamusfestival.ee/kava2026/,"[{""id"": 13119, ""title"": ""Ühiskondlik ebavõrdsus algab enne kooli – kas me tunnistame seda?"", ""organizer"": ""Lasteklubi Väike Päike"", ""date"": ""2026-08-08T14:30:00"", ""source"": ""https://arvamusfestival.ee/kava2026/""}]",matched,normalized_exact,,[13119],2026,Ühiskondlik ebavõrdsus algab enne kooli – kas me tunnistame seda?,2026-08-08T14:30:00,2026-08-08T16:00:00,Annika Räim,Indrek Lillemägi (Tallinna Pelgulinna riigigümnaasiumi koolijuht) Ott Oja (Haridus- ja Teadusministeeriumi alus- ja põhihariduse osakonna juht) Teele-Triin Klimov (eripedagoog-nõustaja) Grete Miilen (Lasteklubi Väike Päike partner),Alushariduse ala toetab Eesti Lastehoidude Liit.,et,,22 Alusharidus,
2400164904,"tag:soundcloud,2010:tracks/2400164904",Kuidas toetada lapse keele ja kõne arengut liikumismängude kaudu_,2026-09-14T11:29:05Z,"Mon, 14 Sep 2026 11:29:05 +0000",https://soundcloud.com/arvamusfestival/kuidas-toetada-lapse-keele-ja-kone-arengut-liikumismangude-kaudu-6,https://feeds.soundcloud.com/stream/2400164904-arvamusfestival-kuidas-toetada-lapse-keele-ja-kone-arengut-liikumismangude-kaudu-6.mp3,63925687,3995.0,2400164904,6ba129f6fb89eb15d293e3aa862729616ad81c42607b4d242c9865b87cf0ac21,"[""2400164904""]",Maililii OÜ,https://arvamusfestival.ee/kava2026/,"[{""id"": 13113, ""title"": ""Kuidas toetada lapse keele ja kõne arengut liikumismängude kaudu?"", ""organizer"": ""Maililii OÜ"", ""date"": ""2026-08-07T12:00:00"", ""source"": ""https://arvamusfestival.ee/kava2026/""}]",matched,normalized_exact,,[13113],2026,Kuidas toetada lapse keele ja kõne arengut liikumismängude kaudu?,2026-08-07T12:00:00,2026-08-07T13:30:00,Maili Liinev,Osaleb publik.,Alushariduse ala toetab Eesti Lastehoidude Liit.,et,,22 Alusharidus,
2400164907,"tag:soundcloud,2010:tracks/2400164907",Iga lapse tulevik on Eesti arenguküsimus,2026-09-14T11:29:05Z,"Mon, 14 Sep 2026 11:29:05 +0000",https://soundcloud.com/arvamusfestival/iga-lapse-tulevik-on-eesti-arengukusimus-1,https://feeds.soundcloud.com/stream/2400164907-arvamusfestival-iga-lapse-tulevik-on-eesti-arengukusimus-1.mp3,92014216,5750.0,2400164907,3c00e0042467a72f01627311bd5349b19c27d4dfd7a10c6064b5797da22374b0,"[""2400164907""]",Eesti Lastehoidude Liit,https://arvamusfestival.ee/kava2026/,"[{""id"": 13117, ""title"": ""Iga lapse tulevik on Eesti arenguküsimus"", ""organizer"": ""Eesti Lastehoidude Liit"", ""date"": ""2026-08-08T10:30:00"", ""source"": ""https://arvamusfestival.ee/kava2026/""}]",matched,normalized_exact,,[13117],2026,Iga lapse tulevik on Eesti arenguküsimus,2026-08-08T10:30:00,2026-08-08T12:00:00,Anne-Mai Meesak,Maarja Oviir-Neivelt (Lapse Heaolu Arengukeskuse asutaja ja juhatuse esimees) Lavly Perling (erakonna Parempoolsed esimees) Lemmit Kaplinski (endine Tartu haridusvaldkonna abilinnapea) Jaak Raie (Haridus- ja Noorteameti peadirektor) Marju Saar (Lasteklubi Väike Päike juhatuse liige),Alushariduse ala toetab Eesti Lastehoidude Liit.,et,,22 Alusharidus,
2400164910,"tag:soundcloud,2010:tracks/2400164910","Mida laps tegelikult tahab, et me märkaks_",2026-09-14T11:29:05Z,"Mon, 14 Sep 2026 11:29:05 +0000",https://soundcloud.com/arvamusfestival/mida-laps-tegelikult-tahab-et-me-markaks-4,https://feeds.soundcloud.com/stream/2400164910-arvamusfestival-mida-laps-tegelikult-tahab-et-me-markaks-4.mp3,77713742,4857.0,2400164910,fff7a714f94e31393935d87cd5e6bee1db407466b5ce86813dea4b1c96e7f6b8,"[""2400164910""]",Eesti Lastehoidude Liit,https://arvamusfestival.ee/kava2026/,"[{""id"": 13114, ""title"": ""Mida laps tegelikult tahab, et me märkaks?"", ""organizer"": ""Eesti Lastehoidude Liit"", ""date"": ""2026-08-07T14:00:00"", ""source"": ""https://arvamusfestival.ee/kava2026/""}]",matched,normalized_exact,,[13114],2026,"Mida laps tegelikult tahab, et me märkaks?",2026-08-07T14:00:00,2026-08-07T15:30:00,Birgit Anette Bibikov,"Mari Kummer (Eesti Lastehoidude Liidu tegevjuht) Merilin Mandel (kasvatuspsühholoog, vanemahariduse ja vaimse tervise edendaja) Kätlin Varandi (eripedagoog) Eliisa Silmet (Eesti Montessori Ühingu juhatuse liige)",Alushariduse ala toetab Eesti Lastehoidude Liit.,et,,22 Alusharidus,
2400164913,"tag:soundcloud,2010:tracks/2400164913",Alushariduse agenda 2027–2031_ mida Eesti peab nüüd otsustama_,2026-09-14T11:29:05Z,"Mon, 14 Sep 2026 11:29:05 +0000",https://soundcloud.com/arvamusfestival/alushariduse-agenda-2027-2031_mida-eesti-peab-nuud-otsustama-3,https://feeds.soundcloud.com/stream/2400164913-arvamusfestival-alushariduse-agenda-2027-2031_mida-eesti-peab-nuud-otsustama-3.mp3,86795995,5424.0,2400164913,c7605941e20823032148b0643be72655f0a848a3529d76290609999ddb825987,"[""2400164913""]",Lasteklubi Väike Päike,https://arvamusfestival.ee/kava2026/,"[{""id"": 13120, ""title"": ""Alushariduse agenda 2027–2031: mida Eesti peab nüüd otsustama?"", ""organizer"": ""Lasteklubi Väike Päike"", ""date"": ""2026-08-08T16:30:00"", ""source"": ""https://arvamusfestival.ee/kava2026/""}]",matched,normalized_exact,,[13120],2026,Alushariduse agenda 2027–2031: mida Eesti peab nüüd otsustama?,2026-08-08T16:30:00,2026-08-08T18:00:00,Kristina Šadeiko-Liiva,Maila Rajamets (Haridus- ja Teadusministeeriumi vanemnõunik) Grete Arro (Tallinna Ülikooli hariduspsühholoogia vanemteadur) Kristina Mägi (Kohila lasteaia Sipsik direktor) Atko-Madis Tammar (Õiguskantsleri Kantselei vanemnõunik) Sven Soomuste (Lasteklubi Väike Päike partner),Alushariduse ala toetab Eesti Lastehoidude Liit.,et,,22 Alusharidus,
2400164916,"tag:soundcloud,2010:tracks/2400164916",Aga kes hoiab õpetajat_,2026-09-14T11:29:05Z,"Mon, 14 Sep 2026 11:29:05 +0000",https://soundcloud.com/arvamusfestival/aga-kes-hoiab-opetajat-7,https://feeds.soundcloud.com/stream/2400164916-arvamusfestival-aga-kes-hoiab-opetajat-7.mp3,57766640,3610.0,2400164916,b10cbe995cec542a85661dae86abbcdf1f9b4351bbcc398955d239d6080a66ef,"[""2400164916""]",Lasteklubi Väike Päike,https://arvamusfestival.ee/kava2026/,"[{""id"": 13116, ""title"": ""Aga kes hoiab õpetajat?"", ""organizer"": ""Lasteklubi Väike Päike"", ""date"": ""2026-08-07T18:00:00"", ""source"": ""https://arvamusfestival.ee/kava2026/""}]",matched,normalized_exact,,[13116],2026,Aga kes hoiab õpetajat?,2026-08-07T18:00:00,2026-08-07T19:30:00,Kristi Liiva ja Leila Feldmann,,Alushariduse ala toetab Eesti Lastehoidude Liit.,et,,22 Alusharidus,
2400184974,"tag:soundcloud,2010:tracks/2400184974","Väike rahvas, suur mudel_ kas tehisaru on Eesti jaoks loodud_",2026-09-14T12:18:02Z,"Mon, 14 Sep 2026 12:18:02 +0000",https://soundcloud.com/arvamusfestival/vaike-rahvas-suur-mudel_kas-tehisaru-on-eesti-jaoks-loodud-4,https://feeds.soundcloud.com/stream/2400184974-arvamusfestival-vaike-rahvas-suur-mudel_kas-tehisaru-on-eesti-jaoks-loodud-4.mp3,79073364,4942.0,2400184974,6a76d1bd619d60c218705de62c02a5e5ca50414397b2f4cb00517e6fd307fea2,"[""2400184974""]",Eesti e-residentsuse programm,https://arvamusfestival.ee/kava2026/,"[{""id"": 13425, ""title"": ""Väike rahvas, suur mudel: kas tehisaru on Eesti jaoks loodud?"", ""organizer"": ""Eesti e-residentsuse programm"", ""date"": ""2026-08-07T16:00:00"", ""source"": ""https://arvamusfestival.ee/kava2026/""}]",matched,normalized_exact,,[13425],2026,"Väike rahvas, suur mudel: kas tehisaru on Eesti jaoks loodud?",2026-08-07T16:00:00,2026-08-07T17:30:00,,Krister Kruusmaa (andmeteadlane ja ajaloolane) ja Katrin Vaga (tehnoloogiakommunikatsiooni strateeg),,et,,4 Eesti.ai,
2400184977,"tag:soundcloud,2010:tracks/2400184977","Post-it, pastakas ja AI-agent - Eesti.ai praktiline töötuba nutikama tööpäeva disainimiseks 2",2026-09-14T12:18:02Z,"Mon, 14 Sep 2026 12:18:02 +0000",https://soundcloud.com/arvamusfestival/post-it-pastakas-ja-ai-agent-eestiai-praktiline-tootuba-nutikama-toopaeva-disainimiseks-2-7,https://feeds.soundcloud.com/stream/2400184977-arvamusfestival-post-it-pastakas-ja-ai-agent-eestiai-praktiline-tootuba-nutikama-toopaeva-disainimiseks-2-7.mp3,69752874,4359.0,2400184977,a7c757ebbfe20ab91e9e65729c0c6535023b6971df2518ccccd588a4ee533c06,"[""2400184977""]",Eesti e-residentsuse programm,https://arvamusfestival.ee/kava2026/,"[{""id"": 13424, ""title"": ""Post-it, pastakas ja AI-agent - Eesti.ai praktiline töötuba nutikama tööpäeva disainimiseks"", ""organizer"": ""Eesti e-residentsuse programm"", ""date"": ""2026-08-07T14:00:00"", ""source"": ""https://arvamusfestival.ee/kava2026/""}, {""id"": 13430, ""title"": ""Post-it, pastakas ja AI-agent - Eesti.ai praktiline töötuba nutikama tööpäeva disainimiseks"", ""organizer"": ""Eesti e-residentsuse programm"", ""date"": ""2026-08-08T16:30:00"", ""source"": ""https://arvamusfestival.ee/kava2026/""}]",matched,normalized_exact_without_part_suffix,,"[13424, 13430]",2026,"Post-it, pastakas ja AI-agent - Eesti.ai praktiline töötuba nutikama tööpäeva disainimiseks",,,Andres Kostiv (pika kogemusega koolitaja ja tehisaru-entusiast),,,et,,4 Eesti.ai,
2400184980,"tag:soundcloud,2010:tracks/2400184980","Eesti, Singapur, Dubai, Delaware. Kui konkurentsivõimelised me globaalselt oleme_",2026-09-14T12:18:02Z,"Mon, 14 Sep 2026 12:18:02 +0000",https://soundcloud.com/arvamusfestival/eesti-singapur-dubai-delaware-kui-konkurentsivoimelised-me-globaalselt-oleme-8,https://feeds.soundcloud.com/stream/2400184980-arvamusfestival-eesti-singapur-dubai-delaware-kui-konkurentsivoimelised-me-globaalselt-oleme-8.mp3,87957504,5497.0,2400184980,fd20d766169e872b5fde764840cb4a9cfddf60061f578314ed56ef729a6bf20d,"[""2400184980""]",Eesti e-residentsuse programm,https://arvamusfestival.ee/kava2026/,"[{""id"": 13426, ""title"": ""Eesti, Singapur, Dubai, Delaware. Kui konkurentsivõimelised me globaalselt oleme?"", ""organizer"": ""Eesti e-residentsuse programm"", ""date"": ""2026-08-07T18:00:00"", ""source"": ""https://arvamusfestival.ee/kava2026/""}]",matched,normalized_exact,,[13426],2026,"Eesti, Singapur, Dubai, Delaware. Kui konkurentsivõimelised me globaalselt oleme?",2026-08-07T18:00:00,2026-08-07T19:30:00,Karl Aleksius (Riigikantselei kommunikatsiooninõunik),"Liina Vahtras (E-residentsuse juht), Kärt Siilats (investor ja investeerimisettevõtete mojo.capital ning GoBeyond Capital kaasasutaja), Hedi Mardisoo (Cacheti kaasasutaja ja tegevjuht)",,et,,4 Eesti.ai,
2400184983,"tag:soundcloud,2010:tracks/2400184983","Post-it, pastakas ja AI-agent - Eesti.ai praktiline töötuba nutikama tööpäeva disainimiseks",2026-09-14T12:18:02Z,"Mon, 14 Sep 2026 12:18:02 +0000",https://soundcloud.com/arvamusfestival/post-it-pastakas-ja-ai-agent-eestiai-praktiline-tootuba-nutikama-toopaeva-disainimiseks-5,https://feeds.soundcloud.com/stream/2400184983-arvamusfestival-post-it-pastakas-ja-ai-agent-eestiai-praktiline-tootuba-nutikama-toopaeva-disainimiseks-5.mp3,58750516,3671.0,2400184983,6f20e86a9160b73645e8df2f29a996b0cd9f080e0f06ae90f621cecc5b9e55f9,"[""2400184983""]",Eesti e-residentsuse programm,https://arvamusfestival.ee/kava2026/,"[{""id"": 13424, ""title"": ""Post-it, pastakas ja AI-agent - Eesti.ai praktiline töötuba nutikama tööpäeva disainimiseks"", ""organizer"": ""Eesti e-residentsuse programm"", ""date"": ""2026-08-07T14:00:00"", ""source"": ""https://arvamusfestival.ee/kava2026/""}, {""id"": 13430, ""title"": ""Post-it, pastakas ja AI-agent - Eesti.ai praktiline töötuba nutikama tööpäeva disainimiseks"", ""organizer"": ""Eesti e-residentsuse programm"", ""date"": ""2026-08-08T16:30:00"", ""source"": ""https://arvamusfestival.ee/kava2026/""}]",matched,normalized_exact,,"[13424, 13430]",2026,"Post-it, pastakas ja AI-agent - Eesti.ai praktiline töötuba nutikama tööpäeva disainimiseks",,,Andres Kostiv (pika kogemusega koolitaja ja tehisaru-entusiast),,,et,,4 Eesti.ai,
2400184986,"tag:soundcloud,2010:tracks/2400184986",Eesti loob maailma esimese agentide riigi,2026-09-14T12:18:02Z,"Mon, 14 Sep 2026 12:18:02 +0000",https://soundcloud.com/arvamusfestival/eesti-loob-maailma-esimese-agentide-riigi-3,https://feeds.soundcloud.com/stream/2400184986-arvamusfestival-eesti-loob-maailma-esimese-agentide-riigi-3.mp3,90762428,5672.0,2400184986,3019898e781003863a64c890bf5bdc47d356e620e6881b4d19b5a02b0b372fbf,"[""2400184986""]",Eesti e-residentsuse programm,https://arvamusfestival.ee/kava2026/,"[{""id"": 13423, ""title"": ""Eesti loob maailma esimese agentide riigi"", ""organizer"": ""Eesti e-residentsuse programm"", ""date"": ""2026-08-07T12:00:00"", ""source"": ""https://arvamusfestival.ee/kava2026/""}]",matched,normalized_exact,,[13423],2026,Eesti loob maailma esimese agentide riigi,2026-08-07T12:00:00,2026-08-07T13:30:00,Henrik Roonemaa (valitsuse kommunikatsioonibüroo),"Linnar Viik (Eesti infotehnoloog ja IT-visionäär), Kalev Pihl (SK ID Solutions tegevjuht)",,et,,4 Eesti.ai,
2400184989,"tag:soundcloud,2010:tracks/2400184989",Tiigri üleandmine. Kes kannab Eesti digilugu edasi_,2026-09-14T12:18:02Z,"Mon, 14 Sep 2026 12:18:02 +0000",https://soundcloud.com/arvamusfestival/tiigri-uleandmine-kes-kannab-eesti-digilugu-edasi-6,https://feeds.soundcloud.com/stream/2400184989-arvamusfestival-tiigri-uleandmine-kes-kannab-eesti-digilugu-edasi-6.mp3,77569964,4848.0,2400184989,9a50dc861b1537714feaf9b022c51e51ecca83a5d87e209ac5fc006f187a3cb5,"[""2400184989""]",Eesti e-residentsuse programm,https://arvamusfestival.ee/kava2026/,"[{""id"": 13429, ""title"": ""Tiigri üleandmine. Kes kannab Eesti digilugu edasi?"", ""organizer"": ""Eesti e-residentsuse programm"", ""date"": ""2026-08-08T14:30:00"", ""source"": ""https://arvamusfestival.ee/kava2026/""}]",matched,normalized_exact,,[13429],2026,Tiigri üleandmine. Kes kannab Eesti digilugu edasi?,2026-08-08T14:30:00,2026-08-08T16:00:00,"Triin Hertmann (Eesti Asutajate Seltsi president, startup-meediaportaali Fomo.Observer kaasasutaja ning ingelinvestor)","Jaanek Sildam (ettevõtja ja AI kasvustrateegia ekspert), Uku Joost Annus (Eesti uue põlvkonna ettevõtja ja Bilt.me juht), Enel Teinemaa (Eesti Asutajate Seltsi endine tegevjuht)",,et,,4 Eesti.ai,
2400184992,"tag:soundcloud,2010:tracks/2400184992","Usalda, aga kontrolli – mis saab valesti minna, kui AI-agent saab isikukoodi_",2026-09-14T12:18:02Z,"Mon, 14 Sep 2026 12:18:02 +0000",https://soundcloud.com/arvamusfestival/usalda-aga-kontrolli-mis-saab-valesti-minna-kui-ai-agent-saab-isikukoodi-1,https://feeds.soundcloud.com/stream/2400184992-arvamusfestival-usalda-aga-kontrolli-mis-saab-valesti-minna-kui-ai-agent-saab-isikukoodi-1.mp3,95987336,5999.0,2400184992,7b9e4130bbedc9b093ce0778720bf5ff8a4530c495abe90d53613ed1a27eca1e,"[""2400184992""]",Eesti e-residentsuse programm,https://arvamusfestival.ee/kava2026/,"[{""id"": 13427, ""title"": ""Usalda, aga kontrolli – mis saab valesti minna, kui AI-agent saab isikukoodi?"", ""organizer"": ""Eesti e-residentsuse programm"", ""date"": ""2026-08-08T10:00:00"", ""source"": ""https://arvamusfestival.ee/kava2026/""}]",matched,normalized_exact,,[13427],2026,"Usalda, aga kontrolli – mis saab valesti minna, kui AI-agent saab isikukoodi?",2026-08-08T10:00:00,2026-08-08T11:30:00,Ronald Liive (ajakirjanik),"Ruth Annus (E-residentsuse kaasasutaja ja Sisekaitseakadeemia justiitskolledži nooremlektor), Andres Kütt (E-riigi ekspert), Risto Uuk (Future of Life Institute'i Euroopa poliitika ja teadustöö juht)",,et,,4 Eesti.ai,
2400184995,"tag:soundcloud,2010:tracks/2400184995",Kas annaksid AI-le õiguse enda nimel tegutseda_,2026-09-14T12:18:02Z,"Mon, 14 Sep 2026 12:18:02 +0000",https://soundcloud.com/arvamusfestival/kas-annaksid-ai-le-oiguse-enda-nimel-tegutseda-2,https://feeds.soundcloud.com/stream/2400184995-arvamusfestival-kas-annaksid-ai-le-oiguse-enda-nimel-tegutseda-2.mp3,86278980,5392.0,2400184995,c082742f82857d05d9dd58e7ff3da566076f67f388f88c6b4c6726bd4a703ca9,"[""2400184995""]",Eesti e-residentsuse programm,https://arvamusfestival.ee/kava2026/,"[{""id"": 13428, ""title"": ""Kas annaksid AI-le õiguse enda nimel tegutseda?"", ""organizer"": ""Eesti e-residentsuse programm"", ""date"": ""2026-08-08T12:00:00"", ""source"": ""https://arvamusfestival.ee/kava2026/""}]",matched,normalized_exact,,[13428],2026,Kas annaksid AI-le õiguse enda nimel tegutseda?,2026-08-08T12:00:00,2026-08-08T13:30:00,Sandra Särav-Tammus (Majandus- ja Kommunikatsiooniministeeriumi majanduse ja innovatsiooni asekantsler),"Peeter P. Mõtsküla (Triniti vandeadvokaat), Laura Kask (Proud Engineers tegevjuht), Jüri Vlassov (Sisekaitseakadeemia Turvalise Tehisaru Teemajuht)",,et,,4 Eesti.ai,
2400207741,"tag:soundcloud,2010:tracks/2400207741","Kuidas rahastada terviseidusid nii, et uued lahendused jõuaksid ka Eestis kasutusele_",2026-09-14T13:20:46Z,"Mon, 14 Sep 2026 13:20:46 +0000",https://soundcloud.com/arvamusfestival/kuidas-rahastada-terviseidusid-nii-et-uued-lahendused-jouaksid-ka-eestis-kasutusele-2,https://feeds.soundcloud.com/stream/2400207741-arvamusfestival-kuidas-rahastada-terviseidusid-nii-et-uued-lahendused-jouaksid-ka-eestis-kasutusele-2.mp3,87355225,5459.0,2400207741,16ea43eafbca42a4f474351e57d33ff5cb2ee63a235d1cfd616a5a64c20fa71f,"[""2400207741"", ""2400217794""]",Eesti Tervisemajanduse Koda (Health Founders Estonia),https://arvamusfestival.ee/kava2026/,"[{""id"": 13215, ""title"": ""Kuidas rahastada terviseidusid nii, et uued lahendused jõuaksid ka Eestis kasutusele?"", ""organizer"": ""Eesti Tervisemajanduse Koda (Health Founders Estonia)"", ""date"": ""2026-08-08T16:00:00"", ""source"": ""https://arvamusfestival.ee/kava2026/""}]",matched,normalized_exact,,[13215],2026,"Kuidas rahastada terviseidusid nii, et uued lahendused jõuaksid ka Eestis kasutusele?",2026-08-08T16:00:00,2026-08-08T17:30:00,"Mart Toots, Metroserdi Terviseandmete valdkonnajuht","Eva Paalma (Tervisekassa), Kitty Kubo (Sotsiaalministeerium), Martin Goroško (EstBAN) ja Andreas Kotsjuba (SALU)",Arutelu toetab Eesti Tervisemajanduse Koda (Health Founders Estonia).,et,,6 Tervisevabadus,
2400207744,"tag:soundcloud,2010:tracks/2400207744",Konkurents tervishoius – kas oht või lahendus_,2026-09-14T13:20:46Z,"Mon, 14 Sep 2026 13:20:46 +0000",https://soundcloud.com/arvamusfestival/konkurents-tervishoius-kas-oht-voi-lahendus-5,https://feeds.soundcloud.com/stream/2400207744-arvamusfestival-konkurents-tervishoius-kas-oht-voi-lahendus-5.mp3,85695509,5355.0,2400207744,433dc143d973786a3c999398f0f5c8aefb1236358c2084f920b455e35f2eaa3b,"[""2400207744"", ""2400217800""]",Magnum AS,https://arvamusfestival.ee/kava2026/,"[{""id"": 13213, ""title"": ""Konkurents tervishoius – kas oht või lahendus?"", ""organizer"": ""Magnum AS"", ""date"": ""2026-08-08T12:00:00"", ""source"": ""https://arvamusfestival.ee/kava2026/""}]",matched,normalized_exact,,[13213],2026,Konkurents tervishoius – kas oht või lahendus?,2026-08-08T12:00:00,2026-08-08T13:30:00,"Mart Mardisalu, ajakirjanik",Mari Krass (Magnum AS juhatuse esimees) Marja-Liisa Alop (Meliva juhatuse esimees) Jaanus Karilaid (sotsiaalkomisjoni aseesimees (Isamaa)) dr Raul Adlas (Tallinna Kiirabi peaarst ja juht) Tanel Kiik (riigikogu ja sotsiaalkomisjoni liige (SDE)) Rein Lang (Eesti Ringhäälingute Liidu tegevjuht (Reformierakond)),Arutelu toetab Magnum AS.,et,,6 Tervisevabadus,
2400207747,"tag:soundcloud,2010:tracks/2400207747",Kuidas tehnoloogia areng meie aju mõjutab_,2026-09-14T13:20:46Z,"Mon, 14 Sep 2026 13:20:46 +0000",https://soundcloud.com/arvamusfestival/kuidas-tehnoloogia-areng-meie-aju-mojutab-8,https://feeds.soundcloud.com/stream/2400207747-arvamusfestival-kuidas-tehnoloogia-areng-meie-aju-mojutab-8.mp3,79334170,4958.0,2400207747,bcf1171a4c918edbec02d62771848663ebe0a1c62c425e82c0b173e7401bd334,"[""2400207747"", ""2400217809""]",Confido,https://arvamusfestival.ee/kava2026/,"[{""id"": 13209, ""title"": ""Kuidas tehnoloogia areng meie aju mõjutab?"", ""organizer"": ""Confido"", ""date"": ""2026-08-07T14:30:00"", ""source"": ""https://arvamusfestival.ee/kava2026/""}]",matched,normalized_exact,,[13209],2026,Kuidas tehnoloogia areng meie aju mõjutab?,2026-08-07T14:30:00,2026-08-07T16:00:00,"Piret Põldre-Vahur, personalijuht, juhatuse liige, Confido Meditsiinikeskus","dr Siim Schneider (neuroloog, Confido Neuroloogiakeskuse juht) dr Mari-Liis Laanetu (psühhiaater, Confido Vaimse tervise kliiniku juht) prof Maie Bachmann (TalTechi Terviseteaduste instituudi Biosignaalide töötluse labori juhataja) Grete Arro (Tallinna ülikooli hariduspsühholoogia vanemteadur)",Arutelu toetab Confido.,et,,6 Tervisevabadus,
2400207750,"tag:soundcloud,2010:tracks/2400207750",Eesti terviseandmed_ kristallkuul või kompass_,2026-09-14T13:20:46Z,"Mon, 14 Sep 2026 13:20:46 +0000",https://soundcloud.com/arvamusfestival/eesti-terviseandmed_kristallkuul-voi-kompass-7,https://feeds.soundcloud.com/stream/2400207750-arvamusfestival-eesti-terviseandmed_kristallkuul-voi-kompass-7.mp3,89862980,5616.0,2400207750,22655e2f7e6d01d213d75205b08aa3320cda46cb13f74d15d141fc4f55fe8aed,"[""2400207750"", ""2400217806""]",Novartis,https://arvamusfestival.ee/kava2026/,"[{""id"": 13211, ""title"": ""Eesti terviseandmed: kristallkuul või kompass?"", ""organizer"": ""Novartis"", ""date"": ""2026-08-07T18:30:00"", ""source"": ""https://arvamusfestival.ee/kava2026/""}]",matched,normalized_exact,,[13211],2026,Eesti terviseandmed: kristallkuul või kompass?,2026-08-07T18:30:00,2026-08-07T20:00:00,"Johannes Tralla, ajakirjanik",Liisi Lillipuu (Sotsiaalministeeriumi andmepoliitika juht) Henri Kaljumäe (ITK kardioloog) Elen Kirt (Eesti Insuldipatsientide Seltsi juht) Raivo Kolde (Tartu Ülikooli terviseinformaatika kaasprofessor) Brigitha Kask (SIA Novartis Baltics Eesti filiaali tervishoiu lahenduste juht),Arutelu toetab Novartis.,et,,6 Tervisevabadus,
2400207753,"tag:soundcloud,2010:tracks/2400207753","Uued hambad Türgist – kes parandab, kui midagi läheb valesti_",2026-09-14T13:20:46Z,"Mon, 14 Sep 2026 13:20:46 +0000",https://soundcloud.com/arvamusfestival/uued-hambad-turgist-kes-parandab-kui-midagi-laheb-valesti-3,https://feeds.soundcloud.com/stream/2400207753-arvamusfestival-uued-hambad-turgist-kes-parandab-kui-midagi-laheb-valesti-3.mp3,84182497,5261.0,2400207753,1020248b25eeedcd33674cefc25a287fd69f0f245ad200b40c3d07e621c4d4a8,"[""2400207753"", ""2400217797""]",Eesti Hambaarstide Liit,https://arvamusfestival.ee/kava2026/,"[{""id"": 13210, ""title"": ""Uued hambad Türgist – kes parandab, kui midagi läheb valesti?"", ""organizer"": ""Eesti Hambaarstide Liit"", ""date"": ""2026-08-07T16:30:00"", ""source"": ""https://arvamusfestival.ee/kava2026/""}]",matched,normalized_exact,,[13210],2026,"Uued hambad Türgist – kes parandab, kui midagi läheb valesti?",2026-08-07T16:30:00,2026-08-07T18:00:00,"Elo Mõttus-Leppik, ajakirjanik","dr Kristjan Gutmann (hambaarst) dr Martin Martma (proteesiarst) Triin Randloo (Dentakay Scandinavia, Nordic & Baltics kliendisuhete juht).",Arutelu toetab Eesti Hambaarstide Liit.,et,,6 Tervisevabadus,
2400207756,"tag:soundcloud,2010:tracks/2400207756",Kuhu kaovad töötajad_,2026-09-14T13:20:46Z,"Mon, 14 Sep 2026 13:20:46 +0000",https://soundcloud.com/arvamusfestival/kuhu-kaovad-tootajad-4,https://feeds.soundcloud.com/stream/2400207756-arvamusfestival-kuhu-kaovad-tootajad-4.mp3,87049279,5440.0,2400207756,732740fa42b9f4509de85dba9444218b78bf8ebde0d9c1eedd9612999e0bda5f,"[""2400207756"", ""2400217791""]",Roche,https://arvamusfestival.ee/kava2026/,"[{""id"": 13212, ""title"": ""Kuhu kaovad töötajad?"", ""organizer"": ""Roche"", ""date"": ""2026-08-08T10:00:00"", ""source"": ""https://arvamusfestival.ee/kava2026/""}]",matched,normalized_exact,,[13212],2026,Kuhu kaovad töötajad?,2026-08-08T10:00:00,2026-08-08T11:30:00,"Keret Einaste, arendus- ja juhtimiskonsultant",Maiu Maasi (Lääne-Viru Sclerosis Multipleksi Ühingu juhatuse esimees) Tuuli Seinberg (EPIKoja tervishoiualase huvikaitse nõunik) Maivi Parv (Tervisekassa juhatuse liige) dr Rille Pihlak (Eesti vähitõrje võrgustiku (ESTCAN) kliiniline juht),Arutelu toetab Roche.,et,,6 Tervisevabadus,
2400207759,"tag:soundcloud,2010:tracks/2400207759",Tervishoid aastal 2050_ milliseid otsuseid peame tegema juba täna_,2026-09-14T13:20:46Z,"Mon, 14 Sep 2026 13:20:46 +0000",https://soundcloud.com/arvamusfestival/tervishoid-aastal-2050_milliseid-otsuseid-peame-tegema-juba-tana-9,https://feeds.soundcloud.com/stream/2400207759-arvamusfestival-tervishoid-aastal-2050_milliseid-otsuseid-peame-tegema-juba-tana-9.mp3,86986167,5436.0,2400207759,31770645eaa087336130907f063deeb1a1f070eadd38ac9cbd9b5dede97d9513,"[""2400207759"", ""2400217812""]",Kogu ala ühispaneel,https://arvamusfestival.ee/kava2026/,"[{""id"": 13216, ""title"": ""Tervishoid aastal 2050: milliseid otsuseid peame tegema juba täna?"", ""organizer"": ""Kogu ala ühispaneel"", ""date"": ""2026-08-08T18:00:00"", ""source"": ""https://arvamusfestival.ee/kava2026/""}]",matched,normalized_exact,,[13216],2026,Tervishoid aastal 2050: milliseid otsuseid peame tegema juba täna?,2026-08-08T18:00:00,2026-08-08T19:30:00,"Kristel Leif, MTÜ Onkoloogika eestvedaja",dr Jüri Teras (Confido kirurg) dr Alar Irs (SA Tartu Ülikooli Kliinikumi südamekliiniku juht) Nele Labi (Sotsiaalministeeriumi innovatsiooni asekantsler) Taavi Einaste (Nortali Lähis-Ida ja Aafrika piirkonna tegevjuht ning tehnoloogia- ja innovatsioonientusiast) Merlin Liis-Toomela (Ellex Raidla assotsieerunud partner),"Arutelu toetavad: Apotheka, Confodo, Eesti Hambaarstide Liit, Novartis, Roche, Magnum AS, SYNLAB ja Eesti Tervisemajanduse Koda.",et,,6 Tervisevabadus,
2400207762,"tag:soundcloud,2010:tracks/2400207762",Kelle vastutus on ennetus tervishoius_,2026-09-14T13:20:46Z,"Mon, 14 Sep 2026 13:20:46 +0000",https://soundcloud.com/arvamusfestival/kelle-vastutus-on-ennetus-tervishoius-6,https://feeds.soundcloud.com/stream/2400207762-arvamusfestival-kelle-vastutus-on-ennetus-tervishoius-6.mp3,86222137,5388.0,2400207762,3641d8824955512e7d85325ed1d561378cf65840b5b81c280fbb115ef86806ee,"[""2400207762"", ""2400217815""]",SYNLAB,https://arvamusfestival.ee/kava2026/,"[{""id"": 13214, ""title"": ""Kelle vastutus on ennetus tervishoius?"", ""organizer"": ""SYNLAB"", ""date"": ""2026-08-08T14:00:00"", ""source"": ""https://arvamusfestival.ee/kava2026/""}]",matched,normalized_exact,,[13214],2026,Kelle vastutus on ennetus tervishoius?,2026-08-08T14:00:00,2026-08-08T15:30:00,"Taavi Eilat, ajakirjanik",Kadi Krinal (teadlane ja juhtimis-coach) dr Henri Kaljumäe (kardioloog) Ceilis Keermann (Tervisekassa perearstiabi) dr Katrin Martinson (perearst),Arutelu toetab SYNLAB.,et,,6 Tervisevabadus,
2400207765,"tag:soundcloud,2010:tracks/2400207765",Üksilduse rohi_ kes vastutab üksilduse eest_,2026-09-14T13:20:46Z,"Mon, 14 Sep 2026 13:20:46 +0000",https://soundcloud.com/arvamusfestival/uksilduse-rohi_kes-vastutab-uksilduse-eest-1,https://feeds.soundcloud.com/stream/2400207765-arvamusfestival-uksilduse-rohi_kes-vastutab-uksilduse-eest-1.mp3,87854268,5490.0,2400207765,98a20a59a017190404aab09c212d498ef5d3eeaf9efdb1c2f0aa6363d11e391b,"[""2400207765"", ""2400217803""]",Apotheka,https://arvamusfestival.ee/kava2026/,"[{""id"": 13208, ""title"": ""Üksilduse rohi: kes vastutab üksilduse eest?"", ""organizer"": ""Apotheka"", ""date"": ""2026-08-07T12:30:00"", ""source"": ""https://arvamusfestival.ee/kava2026/""}]",matched,normalized_exact,,[13208],2026,Üksilduse rohi: kes vastutab üksilduse eest?,2026-08-07T12:30:00,2026-08-07T14:00:00,"Kaidor Kahar, ajakirjanik",Kädi Koppe (Eesti Linnade ja Valdade Liit) Anna-Kaisa Oidermaa (Peaasjad.ee) Janika Tähnas (Apotheka proviisor) Ele Laks (kogukonna arendaja) Olga Lupanova (Tallinna Ülikooli nooremteadur),Arutelu toetab Apotheka.,et,,6 Tervisevabadus,
