episode_id,title,topic_id,passage_count,covered_seconds,fraction_of_analyzed_talk
2247188684,Kas kiirustades elad kauem?,-1,14,3343.521,0.6432419807842403
2247188684,Kas kiirustades elad kauem?,15,1,199.76000000000025,0.0384307495246657
2247188684,Kas kiirustades elad kauem?,31,1,235.2800000000001,0.0452642508418269
2247188684,Kas kiirustades elad kauem?,57,1,92.39999999999964,0.0177763378858585
2247188684,Kas kiirustades elad kauem?,187,3,1326.9600000000005,0.2552866809634083
2247188687,Kes koristab?!,-1,7,1494.7599999999995,0.2770250772968463
2247188687,Kes koristab?!,81,2,287.6399999999994,0.0533085533688784
2247188687,Kes koristab?!,145,2,676.4799999999998,0.1253725844214259
2247188687,Kes koristab?!,188,7,2936.8770000000013,0.5442937849128494
2247188690,Kas kõik on kiusamine?,-1,2,400.6400000000003,0.0764840840790392
2247188690,Kas kõik on kiusamine?,13,1,129.0,0.0246267143724941
2247188690,Kas kõik on kiusamine?,37,2,686.48,0.1310523014141843
2247188690,Kas kõik on kiusamine?,48,1,93.44000000000004,0.0178381410152391
2247188690,Kas kõik on kiusamine?,57,2,447.3739999999998,0.0854058272533347
2247188690,Kas kõik on kiusamine?,72,1,158.27999999999997,0.0302164058207625
2247188690,Kas kõik on kiusamine?,97,1,597.48,0.1140617775447891
2247188690,Kas kõik on kiusamine?,184,2,971.4399999999996,0.1854525225582612
2247188690,Kas kõik on kiusamine?,189,1,358.44000000000005,0.0684279030982697
2247188690,Kas kõik on kiusamine?,209,3,1258.96,0.2403414598945366
2247188690,Kas kõik on kiusamine?,210,1,136.68000000000006,0.0260928629490891
2247188693,Töökius otse laval,-1,9,3033.09,0.5663557684228216
2247188693,Töökius otse laval,14,2,201.8800000000001,0.0376961786591229
2247188693,Töökius otse laval,97,1,577.48,0.1078303410544398
2247188693,Töökius otse laval,184,1,590.3999999999999,0.1102428367364086
2247188693,Töökius otse laval,187,1,100.52,0.0187696645473302
2247188693,Töökius otse laval,189,2,494.08000000000027,0.0922574200113903
2247188693,Töökius otse laval,209,2,357.9999999999991,0.0668477905684861
2247188696,Juhi võim versus töötaja julgus,-1,7,1449.771000000001,0.2750607078980128
2247188696,Juhi võim versus töötaja julgus,37,1,448.96,0.0851798355863731
2247188696,Juhi võim versus töötaja julgus,57,1,97.92000000000009,0.0185780682034427
2247188696,Juhi võim versus töötaja julgus,72,6,2085.359999999999,0.3956491044600832
2247188696,Juhi võim versus töötaja julgus,144,1,159.67999999999984,0.0302956079526729
2247188696,Juhi võim versus töötaja julgus,184,2,726.2400000000002,0.1377873391755337
2247188696,Juhi võim versus töötaja julgus,209,1,302.8,0.0574493367238813
2247188699,Õpiamps kui osa tööst,-1,12,4087.682999999999,0.7473400000694742
2247188699,Õpiamps kui osa tööst,16,1,159.03999999999996,0.0290768519992986
2247188699,Õpiamps kui osa tööst,37,1,161.8800000000001,0.0295960814992861
2247188699,Õpiamps kui osa tööst,68,1,164.04,0.0299909884429385
2247188699,Õpiamps kui osa tööst,77,2,559.6400000000002,0.1023174638637293
2247188699,Õpiamps kui osa tööst,101,1,337.3600000000006,0.061678614125273
2247188702,Kuidas juhtida riiki? Visiooni põhjal? Väärtuste põhjal?,-1,1,235.36000000000013,0.0488735270817608
2247188702,Kuidas juhtida riiki? Visiooni põhjal? Väärtuste põhjal?,39,10,3929.855,0.8160514733595048
2247188702,Kuidas juhtida riiki? Visiooni põhjal? Väärtuste põhjal?,55,2,229.9599999999996,0.0477521936086067
2247188702,Kuidas juhtida riiki? Visiooni põhjal? Väärtuste põhjal?,82,1,225.92000000000007,0.0469132700472102
2247188702,Kuidas juhtida riiki? Visiooni põhjal? Väärtuste põhjal?,100,1,194.5999999999999,0.0404095359029174
2247188705,Kas töötaja on alati nõrgem osapool?,-1,13,3445.4,0.624224339567605
2247188705,Kas töötaja on alati nõrgem osapool?,14,1,261.4799999999996,0.0473739421576992
2247188705,Kas töötaja on alati nõrgem osapool?,30,1,96.9599999999998,0.0175668404146034
2247188705,Kas töötaja on alati nõrgem osapool?,37,1,96.27999999999976,0.0174436406262172
2247188705,Kas töötaja on alati nõrgem osapool?,97,3,1426.0500000000002,0.2583662621003028
2247188705,Kas töötaja on alati nõrgem osapool?,189,1,193.32000000000065,0.0350249751335722
2247188708,Disainime tööd,-1,9,1551.2009999999998,0.2999622340210557
2247188708,Disainime tööd,0,1,228.5599999999995,0.0441976044418823
2247188708,Disainime tööd,36,1,230.6000000000001,0.0445920877856934
2247188708,Disainime tööd,37,4,2204.040000000001,0.4262044456339107
2247188708,Disainime tööd,57,2,254.3999999999999,0.0491943934634883
2247188708,Disainime tööd,72,1,368.6800000000003,0.0712931956844296
2247188708,Disainime tööd,191,2,333.8399999999997,0.0645560389695398
2250797864,Kuidas luua hoolivamat ühiskonda_ Pihlakodu juhtumist edasi!,-1,17,5795.743,0.956774839073604
2250797864,Kuidas luua hoolivamat ühiskonda_ Pihlakodu juhtumist edasi!,14,1,261.84000000000015,0.0432251609263959
2250797867,"Loodus, majandus ja julgeolek. Kas valida tuleb ainult kaks_",-1,4,1337.7999999999995,0.2536784609389591
2250797867,"Loodus, majandus ja julgeolek. Kas valida tuleb ainult kaks_",1,2,329.1200000000001,0.0624089214114443
2250797867,"Loodus, majandus ja julgeolek. Kas valida tuleb ainult kaks_",20,2,624.6450000000004,0.1184474377584215
2250797867,"Loodus, majandus ja julgeolek. Kas valida tuleb ainult kaks_",48,1,227.1200000000001,0.0430673135359967
2250797867,"Loodus, majandus ja julgeolek. Kas valida tuleb ainult kaks_",56,2,716.8,0.1359222012266751
2250797867,"Loodus, majandus ja julgeolek. Kas valida tuleb ainult kaks_",71,2,748.7600000000002,0.1419825716943153
2250797867,"Loodus, majandus ja julgeolek. Kas valida tuleb ainult kaks_",100,1,191.23999999999975,0.036263618530398
2250797867,"Loodus, majandus ja julgeolek. Kas valida tuleb ainult kaks_",190,1,409.0799999999999,0.0775712249969423
2250797867,"Loodus, majandus ja julgeolek. Kas valida tuleb ainult kaks_",197,1,398.7599999999993,0.0756143093766027
2250797867,"Loodus, majandus ja julgeolek. Kas valida tuleb ainult kaks_",207,1,97.67999999999996,0.0185224338948404
2250797867,"Loodus, majandus ja julgeolek. Kas valida tuleb ainult kaks_",208,1,192.6000000000004,0.0365215066354041
2250797870,Noored ja äärmuslus. Mida saame teha_,-1,4,939.5700000000002,0.1837146505184493
2250797870,Noored ja äärmuslus. Mida saame teha_,27,1,101.07999999999991,0.0197642292478525
2250797870,Noored ja äärmuslus. Mida saame teha_,32,1,127.32000000000016,0.0248949512053481
2250797870,Noored ja äärmuslus. Mida saame teha_,45,8,2732.6400000000003,0.5343146360491876
2250797870,Noored ja äärmuslus. Mida saame teha_,183,3,655.7599999999995,0.1282211216024119
2250797870,Noored ja äärmuslus. Mida saame teha_,206,2,557.9200000000001,0.1090904113767502
2250797873,Vasakpoolsus Eestis. Kas turumõtlemine on piisav_,-1,2,193.83999999999992,0.0342851119059402
2250797873,Vasakpoolsus Eestis. Kas turumõtlemine on piisav_,32,1,285.52,0.0505008519984732
2250797873,Vasakpoolsus Eestis. Kas turumõtlemine on piisav_,43,15,4815.766,0.8517802116323879
2250797873,Vasakpoolsus Eestis. Kas turumõtlemine on piisav_,58,3,358.6400000000003,0.0634338244631985
2250797876,Kas öko-eluviis on ainult rikastele_,-1,2,791.7599999999999,0.163254802939972
2250797876,Kas öko-eluviis on ainult rikastele_,0,1,325.1200000000008,0.0670372354398351
2250797876,Kas öko-eluviis on ainult rikastele_,24,1,139.36,0.0287349567264253
2250797876,Kas öko-eluviis on ainult rikastele_,34,1,127.88000000000012,0.0263678693037835
2250797876,Kas öko-eluviis on ainult rikastele_,36,1,98.16000000000032,0.0202398346172927
2250797876,Kas öko-eluviis on ainult rikastele_,40,1,165.67999999999938,0.0341619376466283
2250797876,Kas öko-eluviis on ainult rikastele_,70,1,97.2800000000002,0.0200583854071947
2250797876,Kas öko-eluviis on ainult rikastele_,85,6,1789.0,0.3688779964378221
2250797876,Kas öko-eluviis on ainult rikastele_,100,1,558.7199999999998,0.1152037530294801
2250797876,Kas öko-eluviis on ainult rikastele_,197,1,371.7619999999997,0.0766544559595961
2250797876,Kas öko-eluviis on ainult rikastele_,208,1,385.1199999999999,0.0794087724919698
2250797879,Looduskaitse ja riigikaitse – teineteist võimendavad jõud_,-1,2,360.5200000000002,0.0686162758674243
2250797879,Looduskaitse ja riigikaitse – teineteist võimendavad jõud_,1,1,159.20000000000073,0.0302998755078608
2250797879,Looduskaitse ja riigikaitse – teineteist võimendavad jõud_,24,11,3826.439999999999,0.728270449989313
2250797879,Looduskaitse ja riigikaitse – teineteist võimendavad jõud_,44,1,231.64000000000036,0.0440870801673421
2250797879,Looduskaitse ja riigikaitse – teineteist võimendavad jõud_,70,1,121.54699999999956,0.023133536233379
2250797879,Looduskaitse ja riigikaitse – teineteist võimendavad jõud_,83,1,131.35999999999967,0.0250012038110086
2250797879,Looduskaitse ja riigikaitse – teineteist võimendavad jõud_,85,1,194.07999999999996,0.0369384411970201
2250797879,Looduskaitse ja riigikaitse – teineteist võimendavad jõud_,165,2,229.36000000000013,0.0436531372266516
2250797882,Meedia roll progressiivsete teemade kajastamisel,-1,8,1765.1999999999998,0.3560334581090896
2250797882,Meedia roll progressiivsete teemade kajastamisel,2,2,590.4800000000005,0.1190973466713434
2250797882,Meedia roll progressiivsete teemade kajastamisel,45,1,293.64,0.0592259600267126
2250797882,Meedia roll progressiivsete teemade kajastamisel,102,4,1084.7199999999998,0.2187834878087988
2250797882,Meedia roll progressiivsete teemade kajastamisel,182,3,1223.9209999999996,0.2468597473840556
2250797888,Rohkem kui kondoom ja video. Seksuaalhariduse tulevik Eestis,-1,3,541.72,0.1039660918387616
2250797888,Rohkem kui kondoom ja video. Seksuaalhariduse tulevik Eestis,7,1,133.48000000000002,0.0256172818774235
2250797888,Rohkem kui kondoom ja video. Seksuaalhariduse tulevik Eestis,11,16,4439.385,0.8520001266662125
2250797888,Rohkem kui kondoom ja video. Seksuaalhariduse tulevik Eestis,210,1,95.96000000000004,0.0184164996176023
2254333406,"Kuhu pöörad, rohepööre_",-1,8,2072.853,0.3616122665904662
2254333406,"Kuhu pöörad, rohepööre_",1,5,1085.4,0.1893496326836934
2254333406,"Kuhu pöörad, rohepööre_",44,1,129.4399999999996,0.0225809991289637
2254333406,"Kuhu pöörad, rohepööre_",84,1,100.20000000000005,0.0174800379536632
2254333406,"Kuhu pöörad, rohepööre_",100,1,97.84000000000016,0.0170683324689262
2254333406,"Kuhu pöörad, rohepööre_",138,4,946.6799999999998,0.1651497238520351
2254333406,"Kuhu pöörad, rohepööre_",194,3,1073.52,0.1872771491418819
2254333406,"Kuhu pöörad, rohepööre_",197,1,127.20000000000029,0.0221902278214168
2254333406,"Kuhu pöörad, rohepööre_",205,1,99.11999999999988,0.017291630358953
2254333409,Kust tuleb raha aastal 2040_,-1,8,2235.0399999999995,0.4241931932919838
2254333409,Kust tuleb raha aastal 2040_,1,1,289.6400000000003,0.0549714172923484
2254333409,Kust tuleb raha aastal 2040_,4,4,488.9599999999998,0.0928008016823181
2254333409,Kust tuleb raha aastal 2040_,15,4,1102.7199999999996,0.209287671856851
2254333409,Kust tuleb raha aastal 2040_,48,1,488.2000000000003,0.0926565595985515
2254333409,Kust tuleb raha aastal 2040_,67,1,297.8000000000002,0.0565201217706854
2254333409,Kust tuleb raha aastal 2040_,100,1,366.5600000000004,0.0695702345072615
2254333412,Millist väliruumi ootame oma linnadesse_ LIFE Tartu ROHEringiga.alp,-1,12,3311.3880000000004,0.5864405194783116
2254333412,Millist väliruumi ootame oma linnadesse_ LIFE Tartu ROHEringiga.alp,8,5,1547.4,0.2740415982182514
2254333412,Millist väliruumi ootame oma linnadesse_ LIFE Tartu ROHEringiga.alp,20,1,161.0,0.0285127939208598
2254333412,Millist väliruumi ootame oma linnadesse_ LIFE Tartu ROHEringiga.alp,40,1,128.51999999999953,0.0227606476689993
2254333412,Millist väliruumi ootame oma linnadesse_ LIFE Tartu ROHEringiga.alp,186,1,498.28,0.0882444407135778
2254333415,Hakkab looma! Unistades loome Eesti tulevikku,-1,4,1013.36,0.1976339932964833
2254333415,Hakkab looma! Unistades loome Eesti tulevikku,0,1,256.32000000000005,0.0499896829969158
2254333415,Hakkab looma! Unistades loome Eesti tulevikku,116,11,3762.818,0.7338564255426373
2254333415,Hakkab looma! Unistades loome Eesti tulevikku,127,1,94.96000000000004,0.0185198981639635
2258666735,Milliseid lasteraamatuid tahame – lastega ja lastele,-1,1,372.859,1.0
2258666738,Mitmekultuuriline maailm Eesti koolis,-1,1,100.92000000000009,0.0192799036234068
2258666738,Mitmekultuuriline maailm Eesti koolis,13,1,261.19999999999936,0.0499000280066771
2258666738,Mitmekultuuriline maailm Eesti koolis,16,14,3990.186000000001,0.762290938559922
2258666738,Mitmekultuuriline maailm Eesti koolis,99,1,296.8800000000001,0.0567163871157058
2258666738,Mitmekultuuriline maailm Eesti koolis,120,1,585.2799999999997,0.1118127426942881
2258666741,Me paneme selle muuseumi kinni!,-1,5,780.1999999999999,0.1855581001152781
2258666741,Me paneme selle muuseumi kinni!,115,10,3317.5330000000004,0.7890222001406553
2258666741,Me paneme selle muuseumi kinni!,117,1,106.88000000000012,0.0254196997440668
2258666744,Rahvus: inimene,-1,3,365.4799999999999,0.0882806836849576
2258666744,Rahvus: inimene,13,2,667.36,0.1611989631826457
2258666744,Rahvus: inimene,16,2,452.36,0.1092663075181335
2258666744,Rahvus: inimene,32,3,675.8800000000001,0.1632569456303743
2258666744,Rahvus: inimene,99,1,98.24000000000024,0.0237296004301473
2258666744,Rahvus: inimene,120,1,332.52,0.0803192867979701
2258666744,Rahvus: inimene,203,1,264.55999999999995,0.0639037366632713
2258666744,Rahvus: inimene,204,3,1283.5769999999998,0.3100444760924999
2258666747,"Kaua säilib Eesti kultuur, kui meid saab olema nii vähe",-1,7,2389.5200000000004,0.4537766932214173
2258666747,"Kaua säilib Eesti kultuur, kui meid saab olema nii vähe",13,1,261.4,0.0496406088285841
2258666747,"Kaua säilib Eesti kultuur, kui meid saab olema nii vähe",35,1,229.23999999999975,0.0435333327003237
2258666747,"Kaua säilib Eesti kultuur, kui meid saab olema nii vähe",99,4,668.6100000000008,0.1269709543568466
2258666747,"Kaua säilib Eesti kultuur, kui meid saab olema nii vähe",120,4,1717.0799999999997,0.3260784108928282
2267420987,Kliimatark metsandus. Kuidas kohaneda ja tegutseda muutuvas keskkonnas_,-1,6,1137.7599999999993,0.2008607054946283
2267420987,Kliimatark metsandus. Kuidas kohaneda ja tegutseda muutuvas keskkonnas_,1,1,95.60000000000002,0.0168772706416876
2267420987,Kliimatark metsandus. Kuidas kohaneda ja tegutseda muutuvas keskkonnas_,3,13,4431.063000000001,0.782262023863684
2267420990,Püsimetsandus – kas kesktee metsakaitse ja metsamajanduse vahel_,-1,2,299.7599999999993,0.0525787918875427
2267420990,Püsimetsandus – kas kesktee metsakaitse ja metsamajanduse vahel_,51,16,5000.72,0.8771411001063293
2267420990,Püsimetsandus – kas kesktee metsakaitse ja metsamajanduse vahel_,202,2,400.67800000000057,0.0702801080061279
2267420993,"Mõõdame eurodes, mitte tihumeetrites",-1,7,1637.2799999999995,0.4419630601504145
2267420993,"Mõõdame eurodes, mitte tihumeetrites",1,2,199.92000000000007,0.0539658793763259
2267420993,"Mõõdame eurodes, mitte tihumeetrites",44,1,230.4029999999998,0.0621943802818307
2267420993,"Mõõdame eurodes, mitte tihumeetrites",48,2,258.84000000000003,0.0698705893245708
2267420993,"Mõõdame eurodes, mitte tihumeetrites",85,1,259.84000000000015,0.0701405266964012
2267420993,"Mõõdame eurodes, mitte tihumeetrites",165,1,425.8800000000001,0.1149609279151144
2267420993,"Mõõdame eurodes, mitte tihumeetrites",185,1,452.96,0.1222708319442806
2267420993,"Mõõdame eurodes, mitte tihumeetrites",201,1,139.76,0.0377264470870113
2267420993,"Mõõdame eurodes, mitte tihumeetrites",202,1,99.68,0.0269073572240504
2267420996,"Eesti inimesed soovivad, ökoloogid soovitavad ja prognoosid näitavad, et raiemahtu peaks vähendama. Mis seda takistab_",-1,2,252.39999999999964,0.0433233916105041
2267420996,"Eesti inimesed soovivad, ökoloogid soovitavad ja prognoosid näitavad, et raiemahtu peaks vähendama. Mis seda takistab_",0,1,203.63999999999987,0.0349539440077775
2267420996,"Eesti inimesed soovivad, ökoloogid soovitavad ja prognoosid näitavad, et raiemahtu peaks vähendama. Mis seda takistab_",3,14,4539.56,0.7791962583969108
2267420996,"Eesti inimesed soovivad, ökoloogid soovitavad ja prognoosid näitavad, et raiemahtu peaks vähendama. Mis seda takistab_",165,3,830.3520000000003,0.1425264059848073
2267420999,Kas tulevikumetsad vajavad rangemat kaitset või paindlikumat majandamist_,-1,5,1334.84,0.2679199194738907
2267420999,Kas tulevikumetsad vajavad rangemat kaitset või paindlikumat majandamist_,3,6,2336.155,0.4688969910090551
2267420999,Kas tulevikumetsad vajavad rangemat kaitset või paindlikumat majandamist_,24,1,172.44000000000003,0.0346109727863097
2267420999,Kas tulevikumetsad vajavad rangemat kaitset või paindlikumat majandamist_,165,1,264.84000000000015,0.0531568663461278
2267420999,Kas tulevikumetsad vajavad rangemat kaitset või paindlikumat majandamist_,202,3,873.9599999999999,0.1754152503846165
2271676346,Ajateenistuse tulevikuvaade – kuhu liigume ja miks_,-1,4,654.7039999999995,0.1177198274436019
2271676346,Ajateenistuse tulevikuvaade – kuhu liigume ja miks_,0,1,133.48000000000002,0.0240005293494036
2271676346,Ajateenistuse tulevikuvaade – kuhu liigume ja miks_,56,1,327.96000000000004,0.0589692358812588
2271676346,Ajateenistuse tulevikuvaade – kuhu liigume ja miks_,94,11,3951.400000000001,0.7104861527662104
2271676346,Ajateenistuse tulevikuvaade – kuhu liigume ja miks_,139,1,235.51999999999956,0.0423479522952618
2271676346,Ajateenistuse tulevikuvaade – kuhu liigume ja miks_,192,1,258.48,0.0464763022642633
2271676349,Millised on minu kui kodaniku võimalused toetada laiapõhjalist riigikaitset,-1,4,581.6000000000006,0.1001780157828604
2271676349,Millised on minu kui kodaniku võimalused toetada laiapõhjalist riigikaitset,35,1,560.8649999999998,0.0966065041644669
2271676349,Millised on minu kui kodaniku võimalused toetada laiapõhjalist riigikaitset,39,1,325.84000000000015,0.0561244921985681
2271676349,Millised on minu kui kodaniku võimalused toetada laiapõhjalist riigikaitset,114,1,264.9200000000001,0.0456312928837609
2271676349,Millised on minu kui kodaniku võimalused toetada laiapõhjalist riigikaitset,125,8,2476.999999999998,0.4266522439720512
2271676349,Millised on minu kui kodaniku võimalused toetada laiapõhjalist riigikaitset,137,1,491.00000000000045,0.0845725683448839
2271676349,Millised on minu kui kodaniku võimalused toetada laiapõhjalist riigikaitset,192,3,1104.4399999999998,0.1902348826534083
2271676352,Ajalugu oleviku teejuhina – kristallkuul või kõverpeegel_,-1,10,3344.9400000000005,0.6016836652096488
2271676352,Ajalugu oleviku teejuhina – kristallkuul või kõverpeegel_,33,7,1540.96,0.2771859766517367
2271676352,Ajalugu oleviku teejuhina – kristallkuul või kõverpeegel_,43,1,319.0799999999999,0.0573957152878959
2271676352,Ajalugu oleviku teejuhina – kristallkuul või kõverpeegel_,44,1,97.2,0.0174842156386595
2271676352,Ajalugu oleviku teejuhina – kristallkuul või kõverpeegel_,125,1,161.68,0.0290827981940172
2271676352,Ajalugu oleviku teejuhina – kristallkuul või kõverpeegel_,203,1,95.44000000000004,0.0171676290180418
2271676355,Valel on ohtlikud jalad ehk kuidas väärinfo ohustab meie julgeolekut.,-1,10,3675.8,0.6426878823488477
2271676355,Valel on ohtlikud jalad ehk kuidas väärinfo ohustab meie julgeolekut.,32,1,138.56000000000006,0.0242262454372534
2271676355,Valel on ohtlikud jalad ehk kuidas väärinfo ohustab meie julgeolekut.,58,1,349.0570000000007,0.0610301714318086
2271676355,Valel on ohtlikud jalad ehk kuidas väärinfo ohustab meie julgeolekut.,102,1,135.4400000000005,0.0236807352917265
2271676355,Valel on ohtlikud jalad ehk kuidas väärinfo ohustab meie julgeolekut.,126,2,660.9199999999998,0.115557232494151
2271676355,Valel on ohtlikud jalad ehk kuidas väärinfo ohustab meie julgeolekut.,164,1,132.67999999999995,0.0231981686245293
2271676355,Valel on ohtlikud jalad ehk kuidas väärinfo ohustab meie julgeolekut.,181,2,494.52,0.0864633580660406
2271676355,Valel on ohtlikud jalad ehk kuidas väärinfo ohustab meie julgeolekut.,199,1,132.43999999999994,0.0231562063056426
2271676358,Kaitsekulud Eestis. Ühiskonna roll kaitsevõime tagajana,-1,6,1938.92,0.3620935360368899
2271676358,Kaitsekulud Eestis. Ühiskonna roll kaitsevõime tagajana,0,1,133.6400000000001,0.0249572855795855
2271676358,Kaitsekulud Eestis. Ühiskonna roll kaitsevõime tagajana,56,10,2853.029,0.5328034983525839
2271676358,Kaitsekulud Eestis. Ühiskonna roll kaitsevõime tagajana,84,1,264.5999999999999,0.0494140808467399
2271676358,Kaitsekulud Eestis. Ühiskonna roll kaitsevõime tagajana,139,1,164.55999999999997,0.0307315991842007
2271676361,"“Kogu rahvas peab sõda. Sõjavägi peab lahinguid.” – Kindralleitnant Nikolai Reek, Sõjavägede staabi ülem 1937.",-1,8,2372.16,0.4483441115144843
2271676361,"“Kogu rahvas peab sõda. Sõjavägi peab lahinguid.” – Kindralleitnant Nikolai Reek, Sõjavägede staabi ülem 1937.",114,1,191.32000000000016,0.0361599535507517
2271676361,"“Kogu rahvas peab sõda. Sõjavägi peab lahinguid.” – Kindralleitnant Nikolai Reek, Sõjavägede staabi ülem 1937.",125,1,171.24,0.0323647838492092
2271676361,"“Kogu rahvas peab sõda. Sõjavägi peab lahinguid.” – Kindralleitnant Nikolai Reek, Sõjavägede staabi ülem 1937.",139,2,737.7360000000003,0.1394339300267476
2271676361,"“Kogu rahvas peab sõda. Sõjavägi peab lahinguid.” – Kindralleitnant Nikolai Reek, Sõjavägede staabi ülem 1937.",180,1,98.68000000000028,0.0186507642504086
2271676361,"“Kogu rahvas peab sõda. Sõjavägi peab lahinguid.” – Kindralleitnant Nikolai Reek, Sõjavägede staabi ülem 1937.",192,3,871.84,0.1647799179578055
2271676361,"“Kogu rahvas peab sõda. Sõjavägi peab lahinguid.” – Kindralleitnant Nikolai Reek, Sõjavägede staabi ülem 1937.",198,1,253.76,0.047961268100767
2271676361,"“Kogu rahvas peab sõda. Sõjavägi peab lahinguid.” – Kindralleitnant Nikolai Reek, Sõjavägede staabi ülem 1937.",207,2,594.1999999999998,0.1123052707498256
2271676364,"Rahvaarv kahaneb, aga ohud kasvavad. Kas Eesti riigikaitse vajab uut lähenemist_",-1,6,1270.68,0.2573336276572692
2271676364,"Rahvaarv kahaneb, aga ohud kasvavad. Kas Eesti riigikaitse vajab uut lähenemist_",2,1,125.16000000000032,0.0253469613416311
2271676364,"Rahvaarv kahaneb, aga ohud kasvavad. Kas Eesti riigikaitse vajab uut lähenemist_",44,2,226.83999999999975,0.0459388359758356
2271676364,"Rahvaarv kahaneb, aga ohud kasvavad. Kas Eesti riigikaitse vajab uut lähenemist_",94,1,383.12000000000006,0.0775881098530338
2271676364,"Rahvaarv kahaneb, aga ohud kasvavad. Kas Eesti riigikaitse vajab uut lähenemist_",137,8,2839.3899999999994,0.5750232387648925
2271676364,"Rahvaarv kahaneb, aga ohud kasvavad. Kas Eesti riigikaitse vajab uut lähenemist_",200,1,92.68000000000028,0.0187692264073376
2271676367,"Kui sõda algab, kolin Hispaaniasse_",-1,8,1954.4200000000003,0.3463330958785649
2271676367,"Kui sõda algab, kolin Hispaaniasse_",2,1,134.2800000000002,0.0237950942553666
2271676367,"Kui sõda algab, kolin Hispaaniasse_",46,1,326.3199999999997,0.0578255522595415
2271676367,"Kui sõda algab, kolin Hispaaniasse_",58,1,391.3199999999997,0.0693438805779719
2271676367,"Kui sõda algab, kolin Hispaaniasse_",163,8,2836.8400000000006,0.5027023770285548
2277338243,Maailmahariduslik mälumäng ja mõtteharjutused koos Ivo Linnaga,-1,10,3112.24,0.648551145942346
2277338243,Maailmahariduslik mälumäng ja mõtteharjutused koos Ivo Linnaga,0,2,453.8779999999997,0.0945823898600429
2277338243,Maailmahariduslik mälumäng ja mõtteharjutused koos Ivo Linnaga,1,2,595.8799999999997,0.1241737966365463
2277338243,Maailmahariduslik mälumäng ja mõtteharjutused koos Ivo Linnaga,33,1,110.08000000000038,0.0229392688691533
2277338243,Maailmahariduslik mälumäng ja mõtteharjutused koos Ivo Linnaga,40,1,105.48000000000002,0.0219806875028913
2277338243,Maailmahariduslik mälumäng ja mõtteharjutused koos Ivo Linnaga,83,1,421.1999999999998,0.0877727111890201
2277338246,Ettevõtjad ja noored - kas parallelmaailmad või partnerid ettevõtliku tulevikupõlvkonna kujundamisel_,-1,4,971.197,0.1768424529536987
2277338246,Ettevõtjad ja noored - kas parallelmaailmad või partnerid ettevõtliku tulevikupõlvkonna kujundamisel_,96,9,3817.72,0.6951575936606009
2277338246,Ettevõtjad ja noored - kas parallelmaailmad või partnerid ettevõtliku tulevikupõlvkonna kujundamisel_,124,1,102.88,0.0187331216631399
2277338246,Ettevõtjad ja noored - kas parallelmaailmad või partnerid ettevõtliku tulevikupõlvkonna kujundamisel_,136,1,403.5200000000002,0.0734757897891741
2277338246,Ettevõtjad ja noored - kas parallelmaailmad või partnerid ettevõtliku tulevikupõlvkonna kujundamisel_,144,1,196.55999999999997,0.0357910419333863
2277338249,Kas lapsi saab panna liikuma_,-1,4,910.3200000000006,0.1735355601874746
2277338249,Kas lapsi saab panna liikuma_,30,11,3643.766,0.6946161503669844
2277338249,Kas lapsi saab panna liikuma_,95,1,168.8800000000001,0.0321938278896
2277338249,Kas lapsi saab panna liikuma_,193,2,522.7599999999999,0.0996544615559409
2280202454,Oskusi kombineerides saame tõenäolisemalt olümpiavõitjaks,-1,9,2851.5599999999995,0.5340007000009176
2280202454,Oskusi kombineerides saame tõenäolisemalt olümpiavõitjaks,4,1,527.4000000000001,0.0987641744099664
2280202454,Oskusi kombineerides saame tõenäolisemalt olümpiavõitjaks,19,1,95.03999999999996,0.0177977761394069
2280202454,Oskusi kombineerides saame tõenäolisemalt olümpiavõitjaks,29,2,367.44,0.0688090789632121
2280202454,Oskusi kombineerides saame tõenäolisemalt olümpiavõitjaks,30,1,161.92000000000002,0.0303221371263969
2280202454,Oskusi kombineerides saame tõenäolisemalt olümpiavõitjaks,44,1,93.92,0.0175880380367539
2280202454,Oskusi kombineerides saame tõenäolisemalt olümpiavõitjaks,86,1,99.32000000000062,0.0185992753174022
2280202454,Oskusi kombineerides saame tõenäolisemalt olümpiavõitjaks,113,2,758.44,0.1420301487286594
2280202454,Oskusi kombineerides saame tõenäolisemalt olümpiavõitjaks,127,1,256.8800000000001,0.0481049319727572
2280202454,Oskusi kombineerides saame tõenäolisemalt olümpiavõitjaks,199,1,128.0729999999994,0.023983739304527
2280202457,Naised ettevõtluses sotsiodraama_ Kuidas tappa ettevõtjat_,-1,6,1588.699,0.3489974801078779
2280202457,Naised ettevõtluses sotsiodraama_ Kuidas tappa ettevõtjat_,48,1,391.59999999999945,0.0860247367249836
2280202457,Naised ettevõtluses sotsiodraama_ Kuidas tappa ettevõtjat_,59,1,229.36,0.0503846619388209
2280202457,Naised ettevõtluses sotsiodraama_ Kuidas tappa ettevõtjat_,67,1,581.7600000000002,0.1277981379906194
2280202457,Naised ettevõtluses sotsiodraama_ Kuidas tappa ettevõtjat_,136,5,1760.760000000001,0.3867949832376979
2280202460,Tööstusinvesteeringud ja energiajulgeolek. Kuidas tagada tööstuse edukas tulevik muutuvas geopoliitilises olukorras_,-1,8,2571.04,0.4690413789857407
2280202460,Tööstusinvesteeringud ja energiajulgeolek. Kuidas tagada tööstuse edukas tulevik muutuvas geopoliitilises olukorras_,15,3,828.3180000000001,0.151112163544212
2280202460,Tööstusinvesteeringud ja energiajulgeolek. Kuidas tagada tööstuse edukas tulevik muutuvas geopoliitilises olukorras_,19,1,223.15999999999983,0.0407116474790193
2280202460,Tööstusinvesteeringud ja energiajulgeolek. Kuidas tagada tööstuse edukas tulevik muutuvas geopoliitilises olukorras_,48,2,405.44000000000017,0.073965452383463
2280202460,Tööstusinvesteeringud ja energiajulgeolek. Kuidas tagada tööstuse edukas tulevik muutuvas geopoliitilises olukorras_,52,1,99.27999999999996,0.0181119033953981
2280202460,Tööstusinvesteeringud ja energiajulgeolek. Kuidas tagada tööstuse edukas tulevik muutuvas geopoliitilises olukorras_,67,2,224.87999999999963,0.0410254314620983
2280202460,Tööstusinvesteeringud ja energiajulgeolek. Kuidas tagada tööstuse edukas tulevik muutuvas geopoliitilises olukorras_,107,1,325.0800000000001,0.0593051728019341
2280202460,Tööstusinvesteeringud ja energiajulgeolek. Kuidas tagada tööstuse edukas tulevik muutuvas geopoliitilises olukorras_,111,1,160.36000000000013,0.0292548834456692
2280202460,Tööstusinvesteeringud ja energiajulgeolek. Kuidas tagada tööstuse edukas tulevik muutuvas geopoliitilises olukorras_,177,1,129.51999999999998,0.0236286636560431
2280202460,Tööstusinvesteeringud ja energiajulgeolek. Kuidas tagada tööstuse edukas tulevik muutuvas geopoliitilises olukorras_,185,1,514.4000000000001,0.093843302846422
2280202463,Kohalikud bioressursid majanduse hüvanguks. Miks on see päriselus nii raske_,-1,6,1523.145000000001,0.2797623256817755
2280202463,Kohalikud bioressursid majanduse hüvanguks. Miks on see päriselus nii raske_,3,1,518.8799999999997,0.0953048301703117
2280202463,Kohalikud bioressursid majanduse hüvanguks. Miks on see päriselus nii raske_,71,9,2732.5199999999995,0.5018932210472179
2280202463,Kohalikud bioressursid majanduse hüvanguks. Miks on see päriselus nii raske_,154,1,194.63999999999987,0.0357503317613889
2280202463,Kohalikud bioressursid majanduse hüvanguks. Miks on see päriselus nii raske_,208,2,475.2400000000002,0.0872892913393058
2280202466,Kas Eestist võiks saada uute keskkonnasõbralike kütuste tootja_,-1,1,171.08000000000015,0.0334453848868227
2280202466,Kas Eestist võiks saada uute keskkonnasõbralike kütuste tootja_,1,1,300.04,0.0586564956829687
2280202466,Kas Eestist võiks saada uute keskkonnasõbralike kütuste tootja_,28,14,4514.965,0.8826557293402708
2280202466,Kas Eestist võiks saada uute keskkonnasõbralike kütuste tootja_,112,1,129.1199999999999,0.0252423900899377
2280202469,Eesti Looduskapital. Kas roheinvestori järgmine edulugu või riiklikult pidurdatud potentsiaal_,-1,6,1255.6,0.2390187666662097
2280202469,Eesti Looduskapital. Kas roheinvestori järgmine edulugu või riiklikult pidurdatud potentsiaal_,1,1,97.96,0.018647880202789
2280202469,Eesti Looduskapital. Kas roheinvestori järgmine edulugu või riiklikult pidurdatud potentsiaal_,85,1,291.8800000000001,0.05556291622693
2280202469,Eesti Looduskapital. Kas roheinvestori järgmine edulugu või riiklikult pidurdatud potentsiaal_,98,12,3607.704,0.6867704369040711
2280202472,Rändepööre - võimalus või identiteedikriis_,-1,5,984.3269999999998,0.1724720864134517
2280202472,Rändepööre - võimalus või identiteedikriis_,32,2,254.24000000000024,0.044547496157025
2280202472,Rändepööre - võimalus või identiteedikriis_,58,1,100.59999999999944,0.0176269592251285
2280202472,Rändepööre - võimalus või identiteedikriis_,83,1,160.80000000000018,0.0281750998349969
2280202472,Rändepööre - võimalus või identiteedikriis_,120,1,131.87999999999988,0.0231077871034788
2280202472,Rändepööre - võimalus või identiteedikriis_,204,1,98.96000000000004,0.0173396012417369
2280202472,Rändepööre - võimalus või identiteedikriis_,205,2,511.55999999999926,0.0896346646243222
2280202472,Rändepööre - võimalus või identiteedikriis_,211,5,2524.84,0.4423981285285677
2280202472,Rändepööre - võimalus või identiteedikriis_,212,4,939.9600000000008,0.1646981768712919
2280202475,"Kes ütles, et tehnoloogiasektoris töötamine pole naistele_",-1,9,2182.0400000000004,0.4047994007149347
2280202475,"Kes ütles, et tehnoloogiasektoris töötamine pole naistele_",19,1,426.8800000000001,0.0791923008639581
2280202475,"Kes ütles, et tehnoloogiasektoris töötamine pole naistele_",29,1,229.52,0.0425792187366371
2280202475,"Kes ütles, et tehnoloogiasektoris töötamine pole naistele_",77,1,323.0,0.0599210859704331
2280202475,"Kes ütles, et tehnoloogiasektoris töötamine pole naistele_",81,1,126.87999999999964,0.0235380414486951
2280202475,"Kes ütles, et tehnoloogiasektoris töötamine pole naistele_",113,1,160.8,0.0298306830465809
2280202475,"Kes ütles, et tehnoloogiasektoris töötamine pole naistele_",176,7,1941.3030000000003,0.3601392692187608
2289585014,Küberkurjategija mõtteviis. Kuidas mõelda nagu häkker_,-1,12,3477.255,0.6419514113310791
2289585014,Küberkurjategija mõtteviis. Kuidas mõelda nagu häkker_,32,1,131.1199999999999,0.0242066426114078
2289585014,Küberkurjategija mõtteviis. Kuidas mõelda nagu häkker_,155,7,1808.32,0.333841946057513
2289585017,Vanematega kohtupinki – digilaste tulevik_,-1,3,354.5599999999995,0.0671056342159999
2289585017,Vanematega kohtupinki – digilaste tulevik_,18,2,264.7200000000007,0.050102108217677
2289585017,Vanematega kohtupinki – digilaste tulevik_,25,14,4332.33,0.8199564313035973
2289585017,Vanematega kohtupinki – digilaste tulevik_,219,2,332.0000000000001,0.0628358262627256
2289585020,"Zoomer vs Boomer. Arija ja Marii Laser Techist võtavad ette sotsiaalmeedias levinud trendid ja vaidlevad selgeks, miks mingi asi trendib.",-1,6,1066.9999999999998,0.196445641079269
2289585020,"Zoomer vs Boomer. Arija ja Marii Laser Techist võtavad ette sotsiaalmeedias levinud trendid ja vaidlevad selgeks, miks mingi asi trendib.",16,1,452.96,0.0833945806778497
2289585020,"Zoomer vs Boomer. Arija ja Marii Laser Techist võtavad ette sotsiaalmeedias levinud trendid ja vaidlevad selgeks, miks mingi asi trendib.",18,6,2247.44,0.413776749378812
2289585020,"Zoomer vs Boomer. Arija ja Marii Laser Techist võtavad ette sotsiaalmeedias levinud trendid ja vaidlevad selgeks, miks mingi asi trendib.",25,1,355.96799999999985,0.0655373589163123
2289585020,"Zoomer vs Boomer. Arija ja Marii Laser Techist võtavad ette sotsiaalmeedias levinud trendid ja vaidlevad selgeks, miks mingi asi trendib.",27,5,1172.4400000000005,0.2158582262670836
2289585020,"Zoomer vs Boomer. Arija ja Marii Laser Techist võtavad ette sotsiaalmeedias levinud trendid ja vaidlevad selgeks, miks mingi asi trendib.",95,1,135.72000000000003,0.0249874436806732
2289585023,TI-hüppe ootuses. Kas Eesti haridus on valmis tehisintellekti revolutsiooniks_,-1,9,2441.436999999999,0.4553053533840698
2289585023,TI-hüppe ootuses. Kas Eesti haridus on valmis tehisintellekti revolutsiooniks_,21,2,386.20000000000016,0.0720227175540175
2289585023,TI-hüppe ootuses. Kas Eesti haridus on valmis tehisintellekti revolutsiooniks_,29,1,138.79999999999995,0.0258849124715112
2289585023,TI-hüppe ootuses. Kas Eesti haridus on valmis tehisintellekti revolutsiooniks_,101,1,221.96000000000004,0.0413934810675549
2289585023,TI-hüppe ootuses. Kas Eesti haridus on valmis tehisintellekti revolutsiooniks_,156,2,735.0799999999999,0.1370856012936488
2289585023,TI-hüppe ootuses. Kas Eesti haridus on valmis tehisintellekti revolutsiooniks_,205,1,512.5200000000004,0.095580225791779
2289585023,TI-hüppe ootuses. Kas Eesti haridus on valmis tehisintellekti revolutsiooniks_,220,2,926.2,0.1727277084374184
2289585026,Kuidas kaitsta lapsi AI-ajastul internetis kurjade kavatsustega inimeste eest_,-1,7,1411.5200000000002,0.271812421083564
2289585026,Kuidas kaitsta lapsi AI-ajastul internetis kurjade kavatsustega inimeste eest_,25,3,1298.7199999999998,0.2500908435655507
2289585026,Kuidas kaitsta lapsi AI-ajastul internetis kurjade kavatsustega inimeste eest_,63,1,91.96000000000004,0.0177084775581249
2289585026,Kuidas kaitsta lapsi AI-ajastul internetis kurjade kavatsustega inimeste eest_,86,1,123.64,0.0238090057121201
2289585026,Kuidas kaitsta lapsi AI-ajastul internetis kurjade kavatsustega inimeste eest_,103,5,1444.8329999999996,0.2782274114369112
2289585026,Kuidas kaitsta lapsi AI-ajastul internetis kurjade kavatsustega inimeste eest_,153,1,133.67999999999998,0.0257423801649645
2289585026,Kuidas kaitsta lapsi AI-ajastul internetis kurjade kavatsustega inimeste eest_,156,2,688.6399999999999,0.1326094604787643
2289585029,Alati ühenduses. Suurem produktiivsus või läbipõlemise oht_,-1,6,1634.514,0.305965346562454
2289585029,Alati ühenduses. Suurem produktiivsus või läbipõlemise oht_,0,1,163.19999999999982,0.0305494749870557
2289585029,Alati ühenduses. Suurem produktiivsus või läbipõlemise oht_,14,1,229.15999999999983,0.0428965544609908
2289585029,Alati ühenduses. Suurem produktiivsus või läbipõlemise oht_,34,1,195.80000000000015,0.0366518823680485
2289585029,Alati ühenduses. Suurem produktiivsus või läbipõlemise oht_,37,2,341.55999999999995,0.0639367565966836
2289585029,Alati ühenduses. Suurem produktiivsus või läbipõlemise oht_,62,1,129.84000000000017,0.0243048028941135
2289585029,Alati ühenduses. Suurem produktiivsus või läbipõlemise oht_,127,3,960.6400000000004,0.179822595904199
2289585029,Alati ühenduses. Suurem produktiivsus või läbipõlemise oht_,144,2,507.28,0.0949579514180983
2289585029,Alati ühenduses. Suurem produktiivsus või läbipõlemise oht_,191,4,1054.7600000000002,0.1974409573366848
2289585029,Alati ühenduses. Suurem produktiivsus või läbipõlemise oht_,210,1,125.39999999999964,0.0234736774716714
2289585032,Tehisaru koolipingis. Kas õpetaja parim abiline või oht kriitilisele mõtlemisele_,-1,3,715.8399999999998,0.1571423898753094
2289585032,Tehisaru koolipingis. Kas õpetaja parim abiline või oht kriitilisele mõtlemisele_,7,3,682.4390000000008,0.149810146686573
2289585032,Tehisaru koolipingis. Kas õpetaja parim abiline või oht kriitilisele mõtlemisele_,19,1,126.56000000000006,0.0277826621348613
2289585032,Tehisaru koolipingis. Kas õpetaja parim abiline või oht kriitilisele mõtlemisele_,77,1,508.1599999999999,0.1115521301394686
2289585032,Tehisaru koolipingis. Kas õpetaja parim abiline või oht kriitilisele mõtlemisele_,101,1,102.96000000000004,0.0226019508012431
2289585032,Tehisaru koolipingis. Kas õpetaja parim abiline või oht kriitilisele mõtlemisele_,141,1,162.75999999999976,0.0357293464686317
2289585032,Tehisaru koolipingis. Kas õpetaja parim abiline või oht kriitilisele mõtlemisele_,156,1,101.48000000000002,0.0222770587345585
2289585032,Tehisaru koolipingis. Kas õpetaja parim abiline või oht kriitilisele mõtlemisele_,174,4,1568.44,0.3443065628856035
2289585032,Tehisaru koolipingis. Kas õpetaja parim abiline või oht kriitilisele mõtlemisele_,220,1,586.7199999999999,0.1287977522737505
2293106213,Ulmefilmidest igapäevaellu_ tervisetehnoloogiad tuleviku kodus,-1,6,1576.6000000000008,0.2841779603643305
2293106213,Ulmefilmidest igapäevaellu_ tervisetehnoloogiad tuleviku kodus,0,1,127.51999999999953,0.0229851411300642
2293106213,Ulmefilmidest igapäevaellu_ tervisetehnoloogiad tuleviku kodus,4,2,357.7600000000002,0.0644852892933799
2293106213,Ulmefilmidest igapäevaellu_ tervisetehnoloogiad tuleviku kodus,90,1,127.07999999999991,0.0229058322993144
2293106213,Ulmefilmidest igapäevaellu_ tervisetehnoloogiad tuleviku kodus,95,1,100.79999999999971,0.0181689321354334
2293106213,Ulmefilmidest igapäevaellu_ tervisetehnoloogiad tuleviku kodus,104,7,2491.452,0.4490776022489101
2293106213,Ulmefilmidest igapäevaellu_ tervisetehnoloogiad tuleviku kodus,106,1,298.3599999999999,0.0537785971421423
2293106213,Ulmefilmidest igapäevaellu_ tervisetehnoloogiad tuleviku kodus,110,1,367.0399999999995,0.0661579846328324
2293106213,Ulmefilmidest igapäevaellu_ tervisetehnoloogiad tuleviku kodus,213,1,101.32000000000016,0.0182626607535925
2293106216,"Kuidas KOOSTÖÖS kasutada ära Eesti tervishoiu ressurss, et päästa esmatasand_",-1,4,608.7200000000003,0.1180163588913302
2293106216,"Kuidas KOOSTÖÖS kasutada ära Eesti tervishoiu ressurss, et päästa esmatasand_",12,12,4194.209000000001,0.8131575676981982
2293106216,"Kuidas KOOSTÖÖS kasutada ära Eesti tervishoiu ressurss, et päästa esmatasand_",95,1,102.55999999999948,0.0198839495464166
2293106216,"Kuidas KOOSTÖÖS kasutada ära Eesti tervishoiu ressurss, et päästa esmatasand_",150,1,93.64,0.0181545732793142
2293106216,"Kuidas KOOSTÖÖS kasutada ära Eesti tervishoiu ressurss, et päästa esmatasand_",218,1,158.80000000000018,0.0307875505847405
2293106219,Ravivalikute loterii - miks mõni haigus saab kõik ja teine mitte midagi_,-1,3,487.6000000000004,0.0891523397003999
2293106219,Ravivalikute loterii - miks mõni haigus saab kõik ja teine mitte midagi_,12,1,190.76000000000025,0.0348783845800826
2293106219,Ravivalikute loterii - miks mõni haigus saab kõik ja teine mitte midagi_,38,1,132.92999999999938,0.0243048000745982
2293106219,Ravivalikute loterii - miks mõni haigus saab kõik ja teine mitte midagi_,60,7,2009.32,0.3673822379138792
2293106219,Ravivalikute loterii - miks mõni haigus saab kõik ja teine mitte midagi_,90,1,329.4799999999999,0.0602418229788509
2293106219,Ravivalikute loterii - miks mõni haigus saab kõik ja teine mitte midagi_,128,2,800.9199999999996,0.1464394830041924
2293106219,Ravivalikute loterii - miks mõni haigus saab kõik ja teine mitte midagi_,142,1,479.3599999999997,0.0876457456086621
2293106219,Ravivalikute loterii - miks mõni haigus saab kõik ja teine mitte midagi_,152,1,391.0,0.0714900837220187
2293106219,Ravivalikute loterii - miks mõni haigus saab kõik ja teine mitte midagi_,216,2,647.9200000000005,0.1184651024173157
2293106222,Süstime rahva saledaks_,-1,7,1551.28,0.2966475317968451
2293106222,Süstime rahva saledaks_,0,1,199.5599999999995,0.03816137734347
2293106222,Süstime rahva saledaks_,5,1,99.0,0.0189315311535555
2293106222,Süstime rahva saledaks_,7,1,96.08000000000084,0.0183731465983195
2293106222,Süstime rahva saledaks_,60,7,2560.7599999999998,0.4896879567351406
2293106222,Süstime rahva saledaks_,87,1,104.59999999999992,0.0200024056430495
2293106222,Süstime rahva saledaks_,95,1,158.20000000000027,0.030252204328207
2293106222,Süstime rahva saledaks_,142,2,459.8910000000002,0.0879438464014123
2293106225,"Kui keha haigestub, mis saab vaimust_",-1,1,163.32000000000016,0.0298668827986359
2293106225,"Kui keha haigestub, mis saab vaimust_",38,16,4554.744000000001,0.8329414966066013
2293106225,"Kui keha haigestub, mis saab vaimust_",95,1,130.35999999999967,0.0238393757141205
2293106225,"Kui keha haigestub, mis saab vaimust_",142,2,619.8399999999999,0.1133522448806421
2293106228,Kelle mure on laste suutervis_,-1,6,1388.0930000000003,0.2744952285919437
2293106228,Kelle mure on laste suutervis_,35,1,126.12000000000006,0.0249402152665678
2293106228,Kelle mure on laste suutervis_,76,1,132.16,0.0261346245609705
2293106228,Kelle mure on laste suutervis_,88,12,3410.519999999999,0.6744299315805178
2293106231,Haigekassa nõukogu kriisikoosolek - Copy (2),-1,2,654.4000000000003,0.1134047381137312
2293106231,Haigekassa nõukogu kriisikoosolek - Copy (2),12,2,912.5600000000002,0.158142768662999
2293106231,Haigekassa nõukogu kriisikoosolek - Copy (2),31,1,584.9199999999996,0.1013641494765947
2293106231,Haigekassa nõukogu kriisikoosolek - Copy (2),90,1,329.5199999999995,0.0571044151944325
2293106231,Haigekassa nõukogu kriisikoosolek - Copy (2),110,1,192.84000000000012,0.0334183522277688
2293106231,Haigekassa nõukogu kriisikoosolek - Copy (2),128,1,292.1199999999999,0.0506231541836539
2293106231,Haigekassa nõukogu kriisikoosolek - Copy (2),180,6,1410.2019999999998,0.2443820117626222
2293106231,Haigekassa nõukogu kriisikoosolek - Copy (2),213,1,99.80000000000018,0.0172949157453398
2293106231,Haigekassa nõukogu kriisikoosolek - Copy (2),216,3,1104.04,0.1913254386721941
2293106231,Haigekassa nõukogu kriisikoosolek - Copy (2),217,1,190.08000000000013,0.0329400559606632
2300040479,"Mida teha, kui hea nimi satub laimulõksu_",-1,6,1756.9999999999995,0.3212270177334864
2300040479,"Mida teha, kui hea nimi satub laimulõksu_",0,1,231.24,0.0422769126810992
2300040479,"Mida teha, kui hea nimi satub laimulõksu_",22,4,1392.132,0.2545193003138042
2300040479,"Mida teha, kui hea nimi satub laimulõksu_",58,1,133.20000000000027,0.0243525547877635
2300040479,"Mida teha, kui hea nimi satub laimulõksu_",83,1,98.12000000000003,0.0179389840523675
2300040479,"Mida teha, kui hea nimi satub laimulõksu_",126,1,527.1199999999999,0.0963717618598038
2300040479,"Mida teha, kui hea nimi satub laimulõksu_",129,5,908.3599999999998,0.1660727227253214
2300040479,"Mida teha, kui hea nimi satub laimulõksu_",179,1,422.48,0.0772407458463536
2300040482,Kes ja kuidas peaks valvama valimisi_,-1,9,1897.92,0.3494366339548522
2300040482,Kes ja kuidas peaks valvama valimisi_,22,1,190.61099999999988,0.0350944540522089
2300040482,Kes ja kuidas peaks valvama valimisi_,55,8,3009.44,0.5540847789628071
2300040482,Kes ja kuidas peaks valvama valimisi_,179,1,130.60000000000036,0.0240454942223612
2300040482,Kes ja kuidas peaks valvama valimisi_,201,1,98.80000000000008,0.0181906189063498
2300040482,Kes ja kuidas peaks valvama valimisi_,215,1,104.0,0.0191480199014208
2300040485,Mis on heategija palk_,-1,5,955.64,0.1669022983035396
2300040485,Mis on heategija palk_,23,11,3760.225000000001,0.6567224003164657
2300040485,Mis on heategija palk_,40,1,96.59999999999944,0.0168711669835103
2300040485,Mis on heategija palk_,81,1,316.59999999999945,0.0552941145650041
2300040485,Mis on heategija palk_,114,1,596.6799999999998,0.1042100198314804
2300040488,"Kas rahvuse kestmise hind saab olla liiga kõrge_ Sotsiaalkaitse võimalustest sündimus tõusule aidata, maksuteemat vältimata",-1,8,1107.7200000000007,0.1873303897440113
2300040488,"Kas rahvuse kestmise hind saab olla liiga kõrge_ Sotsiaalkaitse võimalustest sündimus tõusule aidata, maksuteemat vältimata",34,2,295.32000000000016,0.0499425944274739
2300040488,"Kas rahvuse kestmise hind saab olla liiga kõrge_ Sotsiaalkaitse võimalustest sündimus tõusule aidata, maksuteemat vältimata",35,9,3498.1089999999995,0.5915774043413798
2300040488,"Kas rahvuse kestmise hind saab olla liiga kõrge_ Sotsiaalkaitse võimalustest sündimus tõusule aidata, maksuteemat vältimata",44,1,162.48000000000002,0.0274775590633074
2300040488,"Kas rahvuse kestmise hind saab olla liiga kõrge_ Sotsiaalkaitse võimalustest sündimus tõusule aidata, maksuteemat vältimata",81,1,484.32000000000016,0.0819050431163286
2300040488,"Kas rahvuse kestmise hind saab olla liiga kõrge_ Sotsiaalkaitse võimalustest sündimus tõusule aidata, maksuteemat vältimata",83,1,235.96,0.0399040179503817
2300040488,"Kas rahvuse kestmise hind saab olla liiga kõrge_ Sotsiaalkaitse võimalustest sündimus tõusule aidata, maksuteemat vältimata",151,1,129.27999999999977,0.021862991357117
2300040491,Lastekaitsetöö nähtamatu vastutus ja avalik kriitika,-1,1,163.15999999999983,0.0331923465560905
2300040491,Lastekaitsetöö nähtamatu vastutus ja avalik kriitika,46,1,98.24000000000024,0.0199853893458589
2300040491,Lastekaitsetöö nähtamatu vastutus ja avalik kriitika,50,2,663.8800000000001,0.1350559881812787
2300040491,Lastekaitsetöö nähtamatu vastutus ja avalik kriitika,76,1,97.2,0.0197738176345428
2300040491,Lastekaitsetöö nähtamatu vastutus ja avalik kriitika,135,8,2567.911,0.5224012738244496
2300040491,Lastekaitsetöö nähtamatu vastutus ja avalik kriitika,196,4,1325.1999999999998,0.2695911844577793
2300040494,Õigusmõistmine kriisi äärel. Kuidas kindlustada õiguse tulevik_,-1,3,616.3999999999996,0.1125157940121298
2300040494,Õigusmõistmine kriisi äärel. Kuidas kindlustada õiguse tulevik_,22,14,4501.599999999999,0.8217084658095458
2300040494,Õigusmõistmine kriisi äärel. Kuidas kindlustada õiguse tulevik_,179,2,262.9600000000004,0.0479999240646166
2300040494,Õigusmõistmine kriisi äärel. Kuidas kindlustada õiguse tulevik_,191,1,97.38200000000052,0.0177758161137074
2300040497,Korteriühistud kui kogukonnad. Kuidas panna need ühes rütmis hingama_,-1,4,768.1600000000001,0.1381840959128873
2300040497,Korteriühistud kui kogukonnad. Kuidas panna need ühes rütmis hingama_,0,4,463.8399999999998,0.0834400529163632
2300040497,Korteriühistud kui kogukonnad. Kuidas panna need ühes rütmis hingama_,14,1,132.92000000000007,0.0239109430701168
2300040497,Korteriühistud kui kogukonnad. Kuidas panna need ühes rütmis hingama_,36,10,3842.761,0.6912732433273052
2300040497,Korteriühistud kui kogukonnad. Kuidas panna need ühes rütmis hingama_,83,1,253.4000000000001,0.0455840578841981
2300040497,Korteriühistud kui kogukonnad. Kuidas panna need ühes rütmis hingama_,121,1,97.88,0.0176076068891291
2300040503,Annetuskultuur. Kuidas Eestist saab helde rahvas_,-1,7,1320.3600000000006,0.2461009689447478
2300040503,Annetuskultuur. Kuidas Eestist saab helde rahvas_,13,1,159.5999999999999,0.0297477314092987
2300040503,Annetuskultuur. Kuidas Eestist saab helde rahvas_,15,1,281.5549999999994,0.0524788378254705
2300040503,Annetuskultuur. Kuidas Eestist saab helde rahvas_,23,9,3368.7599999999998,0.6279007998896574
2300040503,Annetuskultuur. Kuidas Eestist saab helde rahvas_,34,1,234.84000000000012,0.0437716619308253
2300040506,"Pärisvabakond teeb asju riigi rahata, eks_",-1,7,1400.920000000001,0.2620794469714347
2300040506,"Pärisvabakond teeb asju riigi rahata, eks_",39,1,127.11999999999988,0.0237811861483944
2300040506,"Pärisvabakond teeb asju riigi rahata, eks_",40,1,116.44,0.021783207324725
2300040506,"Pärisvabakond teeb asju riigi rahata, eks_",70,1,100.03999999999996,0.0187151499550454
2300040506,"Pärisvabakond teeb asju riigi rahata, eks_",89,12,3600.8819999999987,0.6736410096004003
2302899422,Suur teadlaste debatt „Teadlaste roll energiapöördes“,-1,7,1635.8559999999998,0.2990390422888663
2302899422,Suur teadlaste debatt „Teadlaste roll energiapöördes“,68,6,1073.84,0.196300948965848
2302899422,Suur teadlaste debatt „Teadlaste roll energiapöördes“,75,1,423.1200000000004,0.0773475168800097
2302899422,Suur teadlaste debatt „Teadlaste roll energiapöördes“,105,2,796.92,0.1456792001134839
2302899422,Suur teadlaste debatt „Teadlaste roll energiapöördes“,107,2,655.6399999999994,0.1198528218170011
2302899422,Suur teadlaste debatt „Teadlaste roll energiapöördes“,111,1,261.44000000000005,0.0477919616494369
2302899422,Suur teadlaste debatt „Teadlaste roll energiapöördes“,134,1,385.4399999999998,0.0704595077193962
2302899422,Suur teadlaste debatt „Teadlaste roll energiapöördes“,195,1,238.1200000000008,0.0435290005659575
2302899425,Energiapööre noorte pilgu läbi. Mida tahab uus põlvkond_,-1,5,1000.2400000000004,0.1831351401627205
2302899425,Energiapööre noorte pilgu läbi. Mida tahab uus põlvkond_,68,7,2428.24,0.4445893712996124
2302899425,Energiapööre noorte pilgu läbi. Mida tahab uus põlvkond_,112,2,840.0799999999999,0.1538112538469749
2302899425,Energiapööre noorte pilgu läbi. Mida tahab uus põlvkond_,134,2,474.9189999999999,0.0869534887936285
2302899425,Energiapööre noorte pilgu läbi. Mida tahab uus põlvkond_,195,2,519.44,0.0951048920320358
2302899425,Energiapööre noorte pilgu läbi. Mida tahab uus põlvkond_,214,1,198.84000000000012,0.0364058538650277
2302899428,"Tere tulemast, uued juhitavad võimsused!",-1,6,1617.2,0.3003281844964396
2302899428,"Tere tulemast, uued juhitavad võimsused!",28,1,94.40000000000008,0.0175309056495572
2302899428,"Tere tulemast, uued juhitavad võimsused!",39,1,95.48000000000002,0.0177314710955478
2302899428,"Tere tulemast, uued juhitavad võimsused!",105,1,229.0,0.0425273028998792
2302899428,"Tere tulemast, uued juhitavad võimsused!",112,4,1167.6399999999996,0.2168409605153491
2302899428,"Tere tulemast, uued juhitavad võimsused!",122,6,1788.9200000000003,0.3322180904089605
2302899428,"Tere tulemast, uued juhitavad võimsused!",134,2,293.6559999999996,0.0545344875998555
2302899428,"Tere tulemast, uued juhitavad võimsused!",195,1,98.48000000000002,0.0182885973344109
2302899431,Kas elekter lahendab tulevikus kõik meie energiaprobleemid_,-1,4,847.3599999999999,0.1656792377534993
2302899431,Kas elekter lahendab tulevikus kõik meie energiaprobleemid_,10,11,4069.141000000001,0.7956148262739712
2302899431,Kas elekter lahendab tulevikus kõik meie energiaprobleemid_,15,1,100.7199999999998,0.01969317978962
2302899431,Kas elekter lahendab tulevikus kõik meie energiaprobleemid_,198,1,97.24,0.0190127561829096
2302899434,Infraheli ja tuulepargid – müüt või tegelik mõju tervisele_,-1,11,1994.000000000001,0.3585442313038245
2302899434,Infraheli ja tuulepargid – müüt või tegelik mõju tervisele_,47,10,3107.7379999999994,0.558807187714987
2302899434,Infraheli ja tuulepargid – müüt või tegelik mõju tervisele_,106,1,99.19999999999992,0.0178373057900397
2302899434,Infraheli ja tuulepargid – müüt või tegelik mõju tervisele_,150,2,360.4399999999996,0.0648112751911486
2302899437,Kas väike saab olla suur_ Kuivõrd suudab Eesti oma kestlike lahenduste või innovatsiooniga maailmas mõju avaldada_,-1,8,2194.283000000001,0.3721720732924993
2302899437,Kas väike saab olla suur_ Kuivõrd suudab Eesti oma kestlike lahenduste või innovatsiooniga maailmas mõju avaldada_,1,2,692.5199999999995,0.1174582331433645
2302899437,Kas väike saab olla suur_ Kuivõrd suudab Eesti oma kestlike lahenduste või innovatsiooniga maailmas mõju avaldada_,3,1,426.9199999999999,0.0724098493813394
2302899437,Kas väike saab olla suur_ Kuivõrd suudab Eesti oma kestlike lahenduste või innovatsiooniga maailmas mõju avaldada_,4,4,1208.36,0.2049497929317797
2302899437,Kas väike saab olla suur_ Kuivõrd suudab Eesti oma kestlike lahenduste või innovatsiooniga maailmas mõju avaldada_,13,1,132.0,0.0223885039781149
2302899437,Kas väike saab olla suur_ Kuivõrd suudab Eesti oma kestlike lahenduste või innovatsiooniga maailmas mõju avaldada_,67,1,255.48,0.0433319317903696
2302899437,Kas väike saab olla suur_ Kuivõrd suudab Eesti oma kestlike lahenduste või innovatsiooniga maailmas mõju avaldada_,71,1,300.2800000000002,0.0509304543526389
2302899437,Kas väike saab olla suur_ Kuivõrd suudab Eesti oma kestlike lahenduste või innovatsiooniga maailmas mõju avaldada_,111,1,128.08,0.0217236332539163
2302899437,Kas väike saab olla suur_ Kuivõrd suudab Eesti oma kestlike lahenduste või innovatsiooniga maailmas mõju avaldada_,112,1,260.71999999999935,0.0442206875543492
2302899437,Kas väike saab olla suur_ Kuivõrd suudab Eesti oma kestlike lahenduste või innovatsiooniga maailmas mõju avaldada_,165,1,203.75999999999976,0.0345597088680355
2302899437,Kas väike saab olla suur_ Kuivõrd suudab Eesti oma kestlike lahenduste või innovatsiooniga maailmas mõju avaldada_,185,1,93.48000000000002,0.0158551314535922
2302899440,Rohetehnoloogiad – puhta tööstuse ja julgeoleku alustala_,-1,8,1436.6800000000003,0.4221928355226425
2302899440,Rohetehnoloogiad – puhta tööstuse ja julgeoleku alustala_,4,4,1700.9799999999996,0.4998618825119749
2302899440,Rohetehnoloogiad – puhta tööstuse ja julgeoleku alustala_,208,1,265.24,0.0779452819653824
2302899443,Kohalik energiatootmine on kaitseinvesteering,-1,6,1958.1199999999992,0.348622713104829
2302899443,Kohalik energiatootmine on kaitseinvesteering,74,1,459.84,0.081869685409538
2302899443,Kohalik energiatootmine on kaitseinvesteering,105,3,1022.1310000000004,0.1819796960189121
2302899443,Kohalik energiatootmine on kaitseinvesteering,112,2,662.56,0.1179618536120031
2302899443,Kohalik energiatootmine on kaitseinvesteering,134,3,852.1200000000001,0.1517110219449712
2302899443,Kohalik energiatootmine on kaitseinvesteering,138,2,366.5600000000004,0.0652621604986958
2302899443,Kohalik energiatootmine on kaitseinvesteering,198,2,295.39999999999986,0.0525928694110506
2302899446,"Kuidas planeerida tuuleparke nii, et kogukonnad tunneksid end päriselt kaasatuna_",-1,13,2793.3790000000013,0.4753021877098735
2302899446,"Kuidas planeerida tuuleparke nii, et kogukonnad tunneksid end päriselt kaasatuna_",1,1,224.51999999999956,0.0382027813571379
2302899446,"Kuidas planeerida tuuleparke nii, et kogukonnad tunneksid end päriselt kaasatuna_",47,3,619.9200000000001,0.1054813300325894
2302899446,"Kuidas planeerida tuuleparke nii, et kogukonnad tunneksid end päriselt kaasatuna_",85,1,130.1199999999999,0.0221403256288561
2302899446,"Kuidas planeerida tuuleparke nii, et kogukonnad tunneksid end päriselt kaasatuna_",126,1,457.1199999999999,0.0777804000266119
2302899446,"Kuidas planeerida tuuleparke nii, et kogukonnad tunneksid end päriselt kaasatuna_",175,3,1126.9999999999995,0.1917625805696351
2302899446,"Kuidas planeerida tuuleparke nii, et kogukonnad tunneksid end päriselt kaasatuna_",177,1,132.95999999999998,0.0226235605257663
2302899446,"Kuidas planeerida tuuleparke nii, et kogukonnad tunneksid end päriselt kaasatuna_",201,2,392.04,0.0667068341495295
2310594914,Õpetaja ajamasinas. Õpetaja missioon ja rollid erinevates tulevikustsenaariumides aastaks 2035,-1,4,879.3350000000002,0.3072304416108954
2310594914,Õpetaja ajamasinas. Õpetaja missioon ja rollid erinevates tulevikustsenaariumides aastaks 2035,0,2,232.43999999999983,0.0812121021545104
2310594914,Õpetaja ajamasinas. Õpetaja missioon ja rollid erinevates tulevikustsenaariumides aastaks 2035,7,4,1115.88,0.3898767877825468
2310594914,Õpetaja ajamasinas. Õpetaja missioon ja rollid erinevates tulevikustsenaariumides aastaks 2035,54,2,634.48,0.2216806684520471
2310594917,"Milline koolivõrk suudab kasvatada korraga tarka last, tugevat kogukonda ja koostöist haridusvõrgustikku",-1,5,775.1650000000006,0.1781544143587175
2310594917,"Milline koolivõrk suudab kasvatada korraga tarka last, tugevat kogukonda ja koostöist haridusvõrgustikku",39,1,130.99999999999957,0.0301074329736145
2310594917,"Milline koolivõrk suudab kasvatada korraga tarka last, tugevat kogukonda ja koostöist haridusvõrgustikku",54,9,3349.96,0.7699137111777866
2310594917,"Milline koolivõrk suudab kasvatada korraga tarka last, tugevat kogukonda ja koostöist haridusvõrgustikku",77,1,94.96000000000004,0.0218244414898812
2310594920,Mul jäi isegi Tiigrihüpe tegemata.alp,-1,7,1893.916,0.3469933361133117
2310594920,Mul jäi isegi Tiigrihüpe tegemata.alp,7,5,1327.12,0.2431479517690849
2310594920,Mul jäi isegi Tiigrihüpe tegemata.alp,77,1,130.08000000000004,0.0238325739692888
2310594920,Mul jäi isegi Tiigrihüpe tegemata.alp,101,2,804.8799999999997,0.1474658835824198
2310594920,Mul jäi isegi Tiigrihüpe tegemata.alp,174,3,839.9200000000002,0.1538857282309737
2310594920,Mul jäi isegi Tiigrihüpe tegemata.alp,220,2,462.16,0.0846745263349209
2310594923,Koolijuht on tippjuht,-1,4,584.6000000000004,0.1140096083225844
2310594923,Koolijuht on tippjuht,54,1,127.5600000000004,0.0248769511420268
2310594923,Koolijuht on tippjuht,64,13,3958.8779999999992,0.7720665928445025
2310594923,Koolijuht on tippjuht,124,1,456.5999999999999,0.0890468476908861
2310594926,Mis on Eesti hariduse eesmärk.alp,-1,10,2518.6,0.4818410437274669
2310594926,Mis on Eesti hariduse eesmärk.alp,7,1,326.60000000000014,0.0624828416109706
2310594926,Mis on Eesti hariduse eesmärk.alp,19,1,524.72,0.1003857827621204
2310594926,Mis on Eesti hariduse eesmärk.alp,54,3,1108.7950000000003,0.2121269515126645
2310594926,Mis on Eesti hariduse eesmärk.alp,67,1,97.80000000000018,0.0187104161345772
2310594926,Mis on Eesti hariduse eesmärk.alp,96,1,232.75999999999976,0.0445300251481001
2310594926,Mis on Eesti hariduse eesmärk.alp,124,1,229.27999999999972,0.0438642557396305
2310594926,Mis on Eesti hariduse eesmärk.alp,199,1,188.48,0.0360586833644695
2314163810,Maailm täna - vaade julgeolekuolukorrale Euroopa pealinnadest,-1,3,594.8399999999997,0.1118905637904498
2314163810,Maailm täna - vaade julgeolekuolukorrale Euroopa pealinnadest,53,13,4291.906000000001,0.8073158867520926
2314163810,Maailm täna - vaade julgeolekuolukorrale Euroopa pealinnadest,190,1,429.52,0.0807935494574575
2314163813,ÜRO – lootusetult rikkis või asendamatu_,-1,6,2132.0800000000004,0.3603446469194393
2314163813,ÜRO – lootusetult rikkis või asendamatu_,0,1,93.2800000000002,0.0157653318189961
2314163813,ÜRO – lootusetult rikkis või asendamatu_,2,11,2253.579999999999,0.3808794648440535
2314163813,ÜRO – lootusetult rikkis või asendamatu_,22,1,101.36000000000058,0.0171309394636948
2314163813,ÜRO – lootusetult rikkis või asendamatu_,139,1,231.72000000000023,0.0391631934937584
2314163813,ÜRO – lootusetult rikkis või asendamatu_,159,5,1104.7599999999998,0.1867164234600576
2314163816,Kuidas mõista USA-d_,-1,2,866.08,0.157536487882907
2314163816,Kuidas mõista USA-d_,0,1,133.3199999999997,0.0242503747512344
2314163816,Kuidas mõista USA-d_,33,10,3085.887,0.5613105024749678
2314163816,Kuidas mõista USA-d_,139,3,1068.4800000000005,0.1943522383303257
2314163816,Kuidas mõista USA-d_,171,1,242.19999999999985,0.044055211256743
2314163816,Kuidas mõista USA-d_,182,1,101.68,0.0184951853038218
2314163819,Miks peaks Lähis-Idas toimuv meile korda minema_,-1,4,943.0000000000008,0.1693070243742868
2314163819,Miks peaks Lähis-Idas toimuv meile korda minema_,2,19,4626.762999999999,0.8306929756257132
2314163822,"Marshall Plan 2.0_ Estonia, Ukraine and the Path Forward",-1,3,908.4800000000004,0.1633469144104458
2314163822,"Marshall Plan 2.0_ Estonia, Ukraine and the Path Forward",40,1,192.5999999999999,0.0346299486124646
2314163822,"Marshall Plan 2.0_ Estonia, Ukraine and the Path Forward",52,13,4104.219999999999,0.7379487419223756
2314163822,"Marshall Plan 2.0_ Estonia, Ukraine and the Path Forward",139,1,356.3600000000006,0.0640743950547139
2314163825,"Kriise rohkem, raha vähem",-1,10,2897.156,0.5833329977553863
2314163825,"Kriise rohkem, raha vähem",29,2,427.52,0.0860797703680377
2314163825,"Kriise rohkem, raha vähem",84,1,229.84000000000012,0.0462775412176969
2314163825,"Kriise rohkem, raha vähem",208,1,226.5999999999999,0.0456251776885229
2314163825,"Kriise rohkem, raha vähem",221,3,1185.4399999999998,0.2386845129703561
2314163828,"Tahaks jääda iseendaks, aga raha tahaks ka",-1,6,1479.0800000000004,0.2901541637714942
2314163828,"Tahaks jääda iseendaks, aga raha tahaks ka",48,4,1219.2459999999994,0.2391819939163121
2314163828,"Tahaks jääda iseendaks, aga raha tahaks ka",52,1,328.84000000000015,0.0645092187134016
2314163828,"Tahaks jääda iseendaks, aga raha tahaks ka",67,1,528.96,0.1037671704495832
2314163828,"Tahaks jääda iseendaks, aga raha tahaks ka",84,1,167.64,0.0328862833752422
2314163828,"Tahaks jääda iseendaks, aga raha tahaks ka",171,4,1015.04,0.1991224831615716
2314163828,"Tahaks jääda iseendaks, aga raha tahaks ka",205,1,358.75999999999976,0.0703786866123949
2314163831,Kuidas reisides mitte lolliks jääda_,-1,5,1335.5599999999995,0.2467314402279987
2314163831,Kuidas reisides mitte lolliks jääda_,0,1,98.07999999999991,0.0181193055029815
2314163831,Kuidas reisides mitte lolliks jääda_,16,1,99.96,0.0184666168237973
2314163831,Kuidas reisides mitte lolliks jääda_,42,14,3879.411000000001,0.7166826374452223
2314163834,Kilud versus karud - Läänemeremaade koostöö tulevik,-1,4,1165.4,0.2161965618921559
2314163834,Kilud versus karud - Läänemeremaade koostöö tulevik,53,2,366.8,0.0680460776574933
2314163834,Kilud versus karud - Läänemeremaade koostöö tulevik,178,7,2212.2249999999995,0.4103959491435339
2314163834,Kilud versus karud - Läänemeremaade koostöö tulevik,190,4,1646.04,0.3053614113068167
2318409173,Õpilaste tugevustel põhinev haridus – miks ja kuidas_,-1,3,1285.6800000000003,0.241089380163569
2318409173,Õpilaste tugevustel põhinev haridus – miks ja kuidas_,0,1,97.27400000000034,0.0182407195927688
2318409173,Õpilaste tugevustel põhinev haridus – miks ja kuidas_,7,7,2084.88,0.3909545352773798
2318409173,Õpilaste tugevustel põhinev haridus – miks ja kuidas_,19,2,264.83999999999924,0.0496625221225494
2318409173,Õpilaste tugevustel põhinev haridus – miks ja kuidas_,77,5,1600.1200000000008,0.3000528428437327
2318409176,Kaamera ei mõista hukka,18,1,166.27999999999977,0.0426733186537937
2318409176,Kaamera ei mõista hukka,66,11,3730.3000000000006,0.9573266813462062
2318409179,"Kas noortelt nõutakse rohkem, kui vastu pakutakse_",-1,10,3199.5600000000004,0.5885812413597729
2318409179,"Kas noortelt nõutakse rohkem, kui vastu pakutakse_",7,2,297.4799999999999,0.054723508132276
2318409179,"Kas noortelt nõutakse rohkem, kui vastu pakutakse_",14,1,98.36000000000011,0.0180940038318229
2318409179,"Kas noortelt nõutakse rohkem, kui vastu pakutakse_",25,1,442.87999999999965,0.0814708460455237
2318409179,"Kas noortelt nõutakse rohkem, kui vastu pakutakse_",32,1,96.44000000000004,0.0177408065223769
2318409179,"Kas noortelt nõutakse rohkem, kui vastu pakutakse_",40,1,163.92000000000007,0.0301542202939447
2318409179,"Kas noortelt nõutakse rohkem, kui vastu pakutakse_",121,1,111.29500000000009,0.0204734867472827
2318409179,"Kas noortelt nõutakse rohkem, kui vastu pakutakse_",124,1,301.55999999999995,0.0554740524148486
2318409179,"Kas noortelt nõutakse rohkem, kui vastu pakutakse_",144,1,492.2800000000002,0.0905583184864759
2318409179,"Kas noortelt nõutakse rohkem, kui vastu pakutakse_",193,1,232.28,0.0427295161656752
2318409182,"Ma tahan õppida, andke mulle tagasisidet!",-1,5,914.32,0.1701910312051636
2318409182,"Ma tahan õppida, andke mulle tagasisidet!",7,2,297.7600000000001,0.0554248856545296
2318409182,"Ma tahan õppida, andke mulle tagasisidet!",40,3,375.9200000000001,0.0699735458599233
2318409182,"Ma tahan õppida, andke mulle tagasisidet!",160,1,485.04,0.0902850837515887
2318409182,"Ma tahan õppida, andke mulle tagasisidet!",161,7,3043.7200000000003,0.5665563976504734
2318409182,"Ma tahan õppida, andke mulle tagasisidet!",210,1,255.5559999999996,0.0475690558783213
2318409185,Nutiseadmete kasutus koolikeskkonnas. Millal ja millal mitte_,-1,3,727.3200000000004,0.1350551133378902
2318409185,Nutiseadmete kasutus koolikeskkonnas. Millal ja millal mitte_,7,1,124.11699999999928,0.0230471257522944
2318409185,Nutiseadmete kasutus koolikeskkonnas. Millal ja millal mitte_,18,13,4165.64,0.7735123223957112
2318409185,Nutiseadmete kasutus koolikeskkonnas. Millal ja millal mitte_,27,1,98.96000000000004,0.0183757548478216
2318409185,Nutiseadmete kasutus koolikeskkonnas. Millal ja millal mitte_,76,1,269.31999999999994,0.0500096836662824
2318409188,Programmeerimine kui uus emakeel,-1,5,1315.6,0.2650097313926144
2318409188,Programmeerimine kui uus emakeel,19,1,586.1999999999999,0.1180820192629602
2318409188,Programmeerimine kui uus emakeel,81,1,489.0,0.0985024009204837
2318409188,Programmeerimine kui uus emakeel,109,1,453.2000000000001,0.0912909777038103
2318409188,Programmeerimine kui uus emakeel,113,8,1859.0660000000007,0.374483567422577
2318409188,Programmeerimine kui uus emakeel,170,1,261.27999999999975,0.0526313032975541
2318409191,Tark pidu ei vaja tõukeainet,-1,4,696.7200000000005,0.1274436205753621
2318409191,Tark pidu ei vaja tõukeainet,61,1,94.92000000000009,0.0173627116560646
2318409191,Tark pidu ei vaja tõukeainet,87,11,3801.048,0.6952855079526049
2318409191,Tark pidu ei vaja tõukeainet,95,1,96.47999999999956,0.0176480659563538
2318409191,Tark pidu ei vaja tõukeainet,121,1,349.1199999999999,0.0638608290493604
2318409191,Tark pidu ei vaja tõukeainet,129,1,263.79999999999995,0.0482541438566145
2318409191,Tark pidu ei vaja tõukeainet,162,1,164.79999999999973,0.0301451209536393
2323554785,Miks kaasamine pekki läheb_ + Demokraatiatrenn,-1,7,2923.809,0.5558224590134951
2323554785,Miks kaasamine pekki läheb_ + Demokraatiatrenn,0,4,896.2399999999998,0.1703771760283434
2323554785,Miks kaasamine pekki läheb_ + Demokraatiatrenn,1,1,287.96000000000004,0.0547418231825423
2323554785,Miks kaasamine pekki läheb_ + Demokraatiatrenn,40,1,206.23999999999975,0.0392066731947754
2323554785,Miks kaasamine pekki läheb_ + Demokraatiatrenn,44,1,397.84000000000015,0.075630250503343
2323554785,Miks kaasamine pekki läheb_ + Demokraatiatrenn,175,1,292.7600000000001,0.0556543136370367
2323554785,Miks kaasamine pekki läheb_ + Demokraatiatrenn,213,1,255.48,0.0485673044404637
2323554788,Parlamendierakondade noorte debatt,-1,7,1679.9999999999995,0.3075092101754064
2323554788,Parlamendierakondade noorte debatt,8,1,94.96000000000004,0.0173815920227717
2323554788,Parlamendierakondade noorte debatt,44,1,166.12,0.0304068035680586
2323554788,Parlamendierakondade noorte debatt,55,4,1242.9200000000003,0.2275055639947716
2323554788,Parlamendierakondade noorte debatt,58,1,181.3710000000001,0.0331983648563831
2323554788,Parlamendierakondade noorte debatt,69,1,168.1199999999999,0.0307728859611245
2323554788,Parlamendierakondade noorte debatt,77,1,321.4000000000001,0.0588294405656998
2323554788,Parlamendierakondade noorte debatt,78,1,483.4000000000001,0.0884821144040425
2323554788,Parlamendierakondade noorte debatt,101,1,256.6399999999999,0.0469756926782239
2323554788,Parlamendierakondade noorte debatt,156,1,330.32000000000016,0.060462168038774
2323554788,Parlamendierakondade noorte debatt,158,1,442.6400000000003,0.0810213552333583
2323554788,Parlamendierakondade noorte debatt,170,1,95.36000000000011,0.017454808501385
2323554791,Parlamendierakondade esimeeste debatt,-1,8,1633.845,0.3039505224296396
2323554791,Parlamendierakondade esimeeste debatt,15,2,391.1999999999998,0.072776453319914
2323554791,Parlamendierakondade esimeeste debatt,44,1,125.64,0.0233732965110276
2323554791,Parlamendierakondade esimeeste debatt,56,2,851.1999999999998,0.1583520374895471
2323554791,Parlamendierakondade esimeeste debatt,78,3,870.44,0.1619313293143814
2323554791,Parlamendierakondade esimeeste debatt,100,1,91.64000000000031,0.01704814463762
2323554791,Parlamendierakondade esimeeste debatt,158,5,1411.4,0.26256821629787
2323554794,Kas me siin Järvamaal oleme tõesti kõige rumalamad,-1,14,4181.08,0.735600038283546
2323554794,Kas me siin Järvamaal oleme tõesti kõige rumalamad,16,2,332.14400000000023,0.0584358919503215
2323554794,Kas me siin Järvamaal oleme tõesti kõige rumalamad,44,1,225.96,0.039754366013219
2323554794,Kas me siin Järvamaal oleme tõesti kõige rumalamad,81,1,97.07999999999991,0.0170798099334541
2323554794,Kas me siin Järvamaal oleme tõesti kõige rumalamad,214,3,847.6399999999999,0.1491298938194593
2323554797,"Mida on vaja teha senisest teisiti, et Eesti majandus järjekindlalt ja kiiremini kasvaks_",-1,8,1763.7900000000006,0.3569969821662421
2323554797,"Mida on vaja teha senisest teisiti, et Eesti majandus järjekindlalt ja kiiremini kasvaks_",0,1,94.0,0.019025913699265
2323554797,"Mida on vaja teha senisest teisiti, et Eesti majandus järjekindlalt ja kiiremini kasvaks_",15,1,558.0,0.1129410621722331
2323554797,"Mida on vaja teha senisest teisiti, et Eesti majandus järjekindlalt ja kiiremini kasvaks_",39,1,452.27999999999975,0.0915429813606766
2323554797,"Mida on vaja teha senisest teisiti, et Eesti majandus järjekindlalt ja kiiremini kasvaks_",48,3,390.5999999999999,0.0790587435205631
2323554797,"Mida on vaja teha senisest teisiti, et Eesti majandus järjekindlalt ja kiiremini kasvaks_",100,2,706.3999999999999,0.1429777174166047
2323554797,"Mida on vaja teha senisest teisiti, et Eesti majandus järjekindlalt ja kiiremini kasvaks_",158,2,778.3200000000002,0.1575345654299148
2323554797,"Mida on vaja teha senisest teisiti, et Eesti majandus järjekindlalt ja kiiremini kasvaks_",223,1,197.23999999999975,0.0399220342345004
2323554800,Mis on fosforiidi kaevandamise hind_,-1,1,191.4000000000001,0.0343007925024274
2323554800,Mis on fosforiidi kaevandamise hind_,6,13,4049.68,0.7257431211140553
2323554800,Mis on fosforiidi kaevandamise hind_,70,1,165.20000000000027,0.0296054907074243
2323554800,Mis on fosforiidi kaevandamise hind_,148,5,1173.7659999999996,0.2103505956760929
2323554803,Mis on fosforiidi kaevandamise hind + Demokraatiatrenn,-1,4,1118.5199999999995,0.1483090878497846
2323554803,Mis on fosforiidi kaevandamise hind + Demokraatiatrenn,6,15,4455.240000000001,0.5907382796479947
2323554803,Mis on fosforiidi kaevandamise hind + Demokraatiatrenn,70,3,858.7369999999987,0.1138634098387694
2323554803,Mis on fosforiidi kaevandamise hind + Demokraatiatrenn,148,3,1109.3200000000006,0.1470892226634511
2323554806,Eesti uued valikud ELi rahastuse kasutamisel,-1,9,2136.916,0.3808524729471834
2323554806,Eesti uued valikud ELi rahastuse kasutamisel,17,7,2424.36,0.4320822630904694
2323554806,Eesti uued valikud ELi rahastuse kasutamisel,20,3,823.2799999999997,0.1467293164204662
2323554806,Eesti uued valikud ELi rahastuse kasutamisel,138,1,226.3199999999997,0.0403359475418811
2323554809,Miks kaasamine pekki läheb_,-1,8,2194.84,0.609286987873611
2323554809,Miks kaasamine pekki läheb_,1,1,287.55999999999995,0.0798265778976761
2323554809,Miks kaasamine pekki läheb_,175,1,359.40000000000003,0.0997693423856754
2323554809,Miks kaasamine pekki läheb_,213,2,760.5090000000002,0.2111170918430374
2323554812,Kaasamine infosõja ajal. Mis tegelikult lõhestab Eesti ühiskonda,-1,8,2573.04,0.4771665537594038
2323554812,Kaasamine infosõja ajal. Mis tegelikult lõhestab Eesti ühiskonda,36,2,288.3600000000001,0.0534759457459121
2323554812,Kaasamine infosõja ajal. Mis tegelikult lõhestab Eesti ühiskonda,44,1,133.32,0.0247240015496081
2323554812,Kaasamine infosõja ajal. Mis tegelikult lõhestab Eesti ühiskonda,47,1,193.04,0.0357989893424569
2323554812,Kaasamine infosõja ajal. Mis tegelikult lõhestab Eesti ühiskonda,70,3,1251.1710000000005,0.2320278558567714
2323554812,Kaasamine infosõja ajal. Mis tegelikult lõhestab Eesti ühiskonda,102,1,131.03999999999996,0.0243011788408389
2323554812,Kaasamine infosõja ajal. Mis tegelikult lõhestab Eesti ühiskonda,181,4,594.56,0.1102602937393865
2323554812,Kaasamine infosõja ajal. Mis tegelikult lõhestab Eesti ühiskonda,200,1,227.80000000000015,0.0422451811656221
2323554815,Kuidas tõsta Euroopa Liidu konkurentsivõimet ja panna majandus kiiremini kasvama_,17,13,3659.395,1.0
2383011942,Kuidas hoida tervet mõistust kriiside ajastul_ teadveloleku ja kaastunde praktiline jõud,-1,5,1299.0399999999993,0.2444993113199129
2383011942,Kuidas hoida tervet mõistust kriiside ajastul_ teadveloleku ja kaastunde praktiline jõud,14,1,423.4,0.0796903932233427
2383011942,Kuidas hoida tervet mõistust kriiside ajastul_ teadveloleku ja kaastunde praktiline jõud,57,1,197.1600000000003,0.0371085449407517
2383011942,Kuidas hoida tervet mõistust kriiside ajastul_ teadveloleku ja kaastunde praktiline jõud,162,3,756.72,0.1424263447330371
2383011942,Kuidas hoida tervet mõistust kriiside ajastul_ teadveloleku ja kaastunde praktiline jõud,169,7,2636.742,0.4962754057829552
2383011945,Koduseinte vahelt rahvusvahelise poliitikani_ naistevastane vägivald on meie kõigi lahendada,-1,3,763.6799999999997,0.1355430186861513
2383011945,Koduseinte vahelt rahvusvahelise poliitikani_ naistevastane vägivald on meie kõigi lahendada,14,1,124.4399999999996,0.0220864409769859
2383011945,Koduseinte vahelt rahvusvahelise poliitikani_ naistevastane vägivald on meie kõigi lahendada,70,2,561.6399999999996,0.0996836122654646
2383011945,Koduseinte vahelt rahvusvahelise poliitikani_ naistevastane vägivald on meie kõigi lahendada,73,13,4086.266000000001,0.7252577372650656
2383011945,Koduseinte vahelt rahvusvahelise poliitikani_ naistevastane vägivald on meie kõigi lahendada,121,1,98.19999999999982,0.0174291908063325
2383011948,Nõusolek – seksikuse summutaja või hoopis võimendaja_,-1,3,346.6400000000003,0.0631326997843792
2383011948,Nõusolek – seksikuse summutaja või hoopis võimendaja_,7,1,96.07999999999991,0.0174988166261341
2383011948,Nõusolek – seksikuse summutaja või hoopis võimendaja_,11,3,373.0569999999998,0.0679439637187316
2383011948,Nõusolek – seksikuse summutaja või hoopis võimendaja_,93,11,3861.399999999999,0.7032673867626406
2383011948,Nõusolek – seksikuse summutaja või hoopis võimendaja_,121,3,813.4800000000002,0.1481571331081144
2383055898,"Kes õpetab tervena elama enne, kui tuleb õppida haigusega elama_ (1)",-1,5,1086.5600000000004,0.2052620890616367
2383055898,"Kes õpetab tervena elama enne, kui tuleb õppida haigusega elama_ (1)",30,6,2129.0800000000004,0.4022045801238306
2383055898,"Kes õpetab tervena elama enne, kui tuleb õppida haigusega elama_ (1)",32,1,132.03999999999996,0.0249436811954227
2383055898,"Kes õpetab tervena elama enne, kui tuleb õppida haigusega elama_ (1)",62,1,192.55999999999997,0.0363765165933853
2383055898,"Kes õpetab tervena elama enne, kui tuleb õppida haigusega elama_ (1)",95,2,676.8449999999998,0.1278628135316258
2383055898,"Kes õpetab tervena elama enne, kui tuleb õppida haigusega elama_ (1)",142,2,458.43999999999977,0.086603917049603
2383055898,"Kes õpetab tervena elama enne, kui tuleb õppida haigusega elama_ (1)",222,2,617.9999999999997,0.1167464024444958
2387966361,Euroopa Liidu heitekaubandus_ rohepöörasus või nutikas poliitika_,-1,1,96.08,0.0259993500162495
2387966361,Euroopa Liidu heitekaubandus_ rohepöörasus või nutikas poliitika_,10,1,392.6,0.1062379768565735
2387966361,Euroopa Liidu heitekaubandus_ rohepöörasus või nutikas poliitika_,138,1,395.3199999999997,0.1069740117446272
2387966361,Euroopa Liidu heitekaubandus_ rohepöörasus või nutikas poliitika_,171,1,97.72000000000004,0.026443135757576
2387966361,Euroopa Liidu heitekaubandus_ rohepöörasus või nutikas poliitika_,173,7,2457.8770000000004,0.6651041259355694
2387966361,Euroopa Liidu heitekaubandus_ rohepöörasus või nutikas poliitika_,194,1,255.8800000000001,0.0692413996894041
2387966364,Millised on kohaliku kaugkütte tulevikustsenaariumid_,-1,6,837.3599999999992,0.1612096189022011
2387966364,Millised on kohaliku kaugkütte tulevikustsenaariumid_,10,13,4356.871000000001,0.8387903810977989
2387966370,Kuidas edasi_ Eesti energeetika järgmise kümne aasta vaade,-1,7,2130.72,0.3741410832447755
2387966370,Kuidas edasi_ Eesti energeetika järgmise kümne aasta vaade,28,1,264.5999999999999,0.046462102306529
2387966370,Kuidas edasi_ Eesti energeetika järgmise kümne aasta vaade,74,3,1375.64,0.2415537657481241
2387966370,Kuidas edasi_ Eesti energeetika järgmise kümne aasta vaade,105,2,358.7199999999998,0.0629889846538098
2387966370,Kuidas edasi_ Eesti energeetika järgmise kümne aasta vaade,111,2,419.8399999999999,0.0737212737429068
2387966370,Kuidas edasi_ Eesti energeetika järgmise kümne aasta vaade,122,1,516.0400000000004,0.0906133910591885
2387966370,Kuidas edasi_ Eesti energeetika järgmise kümne aasta vaade,134,1,223.04,0.0391644266759192
2387966370,Kuidas edasi_ Eesti energeetika järgmise kümne aasta vaade,177,1,98.28,0.0172573522852822
2387966370,Kuidas edasi_ Eesti energeetika järgmise kümne aasta vaade,198,1,308.08399999999983,0.0540976202834644
2387966373,Miks peab elektriga kauplema börsil_ (1),92,12,3591.287,0.9553716673401528
2387966373,Miks peab elektriga kauplema börsil_ (1),177,1,167.76000000000002,0.044628332659847
2387966376,Milliseid riske toob kliima ettevõtete tegevusse ja kuidas neid maandada_ Ettevalmistused ja õppetunnid,-1,4,1027.4799999999996,0.1967165407847753
2387966376,Milliseid riske toob kliima ettevõtete tegevusse ja kuidas neid maandada_ Ettevalmistused ja õppetunnid,1,15,3808.110000000001,0.7290830246115851
2387966376,Milliseid riske toob kliima ettevõtete tegevusse ja kuidas neid maandada_ Ettevalmistused ja õppetunnid,107,1,100.4399999999996,0.0192297751356938
2387966376,Milliseid riske toob kliima ettevõtete tegevusse ja kuidas neid maandada_ Ettevalmistused ja õppetunnid,138,1,287.1199999999999,0.0549706594679455
2387966379,Elektridefitsiit Eestis_ kui suur on tegelik majandus- ja julgeolekurisk_,-1,10,2302.3999999999987,0.4154411897381115
2387966379,Elektridefitsiit Eestis_ kui suur on tegelik majandus- ja julgeolekurisk_,59,1,93.1200000000008,0.0168024164299918
2387966379,Elektridefitsiit Eestis_ kui suur on tegelik majandus- ja julgeolekurisk_,74,4,1813.9600000000005,0.3273078963417935
2387966379,Elektridefitsiit Eestis_ kui suur on tegelik majandus- ja julgeolekurisk_,105,1,194.32000000000016,0.0350627744917955
2387966379,Elektridefitsiit Eestis_ kui suur on tegelik majandus- ja julgeolekurisk_,111,2,461.84000000000015,0.0833336340638679
2387966379,Elektridefitsiit Eestis_ kui suur on tegelik majandus- ja julgeolekurisk_,112,1,213.69999999999985,0.038559669148295
2387966379,Elektridefitsiit Eestis_ kui suur on tegelik majandus- ja julgeolekurisk_,122,2,363.72000000000025,0.0656290260300321
2387966379,Elektridefitsiit Eestis_ kui suur on tegelik majandus- ja julgeolekurisk_,177,1,99.0,0.0178633937561123
2387966382,Miks me pelgame energiat kui majandusarengu mootorit,-1,9,2606.336,0.4650703332657646
2387966382,Miks me pelgame energiat kui majandusarengu mootorit,10,1,232.07999999999996,0.0414119756410219
2387966382,Miks me pelgame energiat kui majandusarengu mootorit,17,1,195.07999999999996,0.0348097561532685
2387966382,Miks me pelgame energiat kui majandusarengu mootorit,28,1,169.80000000000018,0.0302988342978522
2387966382,Miks me pelgame energiat kui majandusarengu mootorit,74,2,1125.08,0.2007574351697734
2387966382,Miks me pelgame energiat kui majandusarengu mootorit,107,1,195.44000000000003,0.0348739939645007
2387966382,Miks me pelgame energiat kui majandusarengu mootorit,111,2,453.92,0.080996742429217
2387966382,Miks me pelgame energiat kui majandusarengu mootorit,175,1,269.55999999999995,0.0480998455437516
2387966382,Miks me pelgame energiat kui majandusarengu mootorit,195,1,356.8800000000001,0.0636810835348497
2393585466,Matemaatikatund ja -ring kui mõtlemise laborid,19,11,3971.397,1.0
2393585469,Mida Eesti tegelikult kõrghariduselt ootab_,-1,8,1962.8,0.3585922750293864
2393585469,Mida Eesti tegelikult kõrghariduselt ootab_,1,1,261.9859999999999,0.0478633359312455
2393585469,Mida Eesti tegelikult kõrghariduselt ootab_,39,1,164.68000000000006,0.0300860891847561
2393585469,Mida Eesti tegelikult kõrghariduselt ootab_,78,8,2699.0800000000004,0.4931063978430386
2393585469,Mida Eesti tegelikult kõrghariduselt ootab_,101,1,164.23999999999978,0.0300057037145029
2393585469,Mida Eesti tegelikult kõrghariduselt ootab_,106,1,126.84000000000016,0.0231729387429831
2393585469,Mida Eesti tegelikult kõrghariduselt ootab_,205,1,94.0,0.0171732595540871
2393585472,Kas lapsel on päriselt koht Eestis_ Elu asendushooldusel täna ja homme,-1,5,924.4579999999992,0.1653363446363309
2393585472,Kas lapsel on päriselt koht Eestis_ Elu asendushooldusel täna ja homme,34,3,429.9200000000005,0.076889811420369
2393585472,Kas lapsel on päriselt koht Eestis_ Elu asendushooldusel täna ja homme,35,4,658.6399999999999,0.1177956489437844
2393585472,Kas lapsel on päriselt koht Eestis_ Elu asendushooldusel täna ja homme,50,12,3578.3600000000006,0.6399781949995154
2393585475,Kas internet vajab korrakaitsjat_,-1,9,2333.489,0.4341916916511809
2393585475,Kas internet vajab korrakaitsjat_,0,1,95.87999999999988,0.0178403666764725
2393585475,Kas internet vajab korrakaitsjat_,27,8,2250.1200000000013,0.4186792434925367
2393585475,Kas internet vajab korrakaitsjat_,83,1,203.27999999999972,0.0378242567583785
2393585475,Kas internet vajab korrakaitsjat_,179,2,264.67999999999984,0.049248938797755
2393585475,Kas internet vajab korrakaitsjat_,206,1,226.87999999999963,0.0422155026236763
2393585478,Tehisintellekt kõrghariduses_ reeglid alles kujunemas,-1,9,2620.68,0.6154724862417704
2393585478,Tehisintellekt kõrghariduses_ reeglid alles kujunemas,21,1,228.96000000000004,0.0537717616992214
2393585478,Tehisintellekt kõrghariduses_ reeglid alles kujunemas,78,1,93.47699999999986,0.0219532799107185
2393585478,Tehisintellekt kõrghariduses_ reeglid alles kujunemas,101,2,357.2800000000004,0.0839079971169543
2393585478,Tehisintellekt kõrghariduses_ reeglid alles kujunemas,106,1,189.55999999999997,0.0445185846772555
2393585478,Tehisintellekt kõrghariduses_ reeglid alles kujunemas,156,2,393.4800000000002,0.0924096470711464
2393585478,Tehisintellekt kõrghariduses_ reeglid alles kujunemas,220,1,374.56,0.0879662432829332
2393585481,"Ekspert ekraanil, märklaud seljal_ mis on ekspertarvamuse hind_",-1,4,762.9999999999995,0.1448678247232226
2393585481,"Ekspert ekraanil, märklaud seljal_ mis on ekspertarvamuse hind_",1,1,261.9200000000001,0.049729725624517
2393585481,"Ekspert ekraanil, märklaud seljal_ mis on ekspertarvamuse hind_",118,10,3338.550000000001,0.6338774262512652
2393585481,"Ekspert ekraanil, märklaud seljal_ mis on ekspertarvamuse hind_",119,1,97.15999999999984,0.0184473890564984
2393585481,"Ekspert ekraanil, märklaud seljal_ mis on ekspertarvamuse hind_",200,1,93.60000000000014,0.0177714657851817
2393585481,"Ekspert ekraanil, märklaud seljal_ mis on ekspertarvamuse hind_",201,1,192.8399999999997,0.036613776303573
2393585481,"Ekspert ekraanil, märklaud seljal_ mis on ekspertarvamuse hind_",206,2,519.8,0.098692392255742
2393585484,Hinded ja heaolu – kas kool hindab õigesti_,-1,7,1467.04,0.328149150570946
2393585484,Hinded ja heaolu – kas kool hindab õigesti_,35,1,99.92000000000009,0.0223502175298894
2393585484,Hinded ja heaolu – kas kool hindab õigesti_,160,7,2617.8500000000004,0.5855636205026115
2393585484,Hinded ja heaolu – kas kool hindab õigesti_,161,1,285.84000000000015,0.0639370113965531
2394248493,"Kuidas rääkida vähist ja tervisest nii, et kasvaks teadlikkus, mitte ärevus_",-1,7,1869.577999999999,0.3310781878603943
2394248493,"Kuidas rääkida vähist ja tervisest nii, et kasvaks teadlikkus, mitte ärevus_",5,10,3224.12,0.570950132620546
2394248493,"Kuidas rääkida vähist ja tervisest nii, et kasvaks teadlikkus, mitte ärevus_",95,3,455.8400000000005,0.0807233938109468
2394248493,"Kuidas rääkida vähist ja tervisest nii, et kasvaks teadlikkus, mitte ärevus_",150,1,97.40000000000008,0.0172482857081129
2394248496,Surm ei küsi diagnoosi – kas sina oled valmis_,-1,13,3726.265000000001,0.6802701900915088
2394248496,Surm ei küsi diagnoosi – kas sina oled valmis_,5,3,838.6399999999999,0.1531028502316241
2394248496,Surm ei küsi diagnoosi – kas sina oled valmis_,26,1,96.36000000000011,0.017591565687684
2394248496,Surm ei küsi diagnoosi – kas sina oled valmis_,34,1,130.79999999999927,0.0238789621414389
2394248496,Surm ei küsi diagnoosi – kas sina oled valmis_,121,1,290.96000000000004,0.0531179115036169
2394248496,Surm ei küsi diagnoosi – kas sina oled valmis_,150,1,394.60000000000014,0.0720385203441272
2394248499,Vähipatsiendi infoauk_ kelle vastutus on seda täita_,-1,7,1943.6000000000008,0.3312743734489624
2394248499,Vähipatsiendi infoauk_ kelle vastutus on seda täita_,5,13,3923.439999999999,0.6687256265510375
2394248502,Vähitõrje järgmised viis aastat – mida peab Eesti teisiti tegema_,-1,4,1020.1479999999992,0.1771438414632874
2394248502,Vähitõrje järgmised viis aastat – mida peab Eesti teisiti tegema_,5,2,589.4800000000005,0.1023603944386293
2394248502,Vähitõrje järgmised viis aastat – mida peab Eesti teisiti tegema_,128,5,1641.9199999999992,0.2851115879023446
2394248502,Vähitõrje järgmised viis aastat – mida peab Eesti teisiti tegema_,152,1,320.1600000000008,0.0555942591495413
2394248502,Vähitõrje järgmised viis aastat – mida peab Eesti teisiti tegema_,168,7,2187.16,0.3797899170461973
2394248505,Tehisintellekti tulevik vähiravis,-1,8,1733.923999999999,0.3116234532267559
2394248505,Tehisintellekti tulevik vähiravis,5,2,328.5600000000004,0.0590493019256802
2394248505,Tehisintellekti tulevik vähiravis,12,2,420.9200000000001,0.0756483813201767
2394248505,Tehisintellekti tulevik vähiravis,106,1,484.52,0.0870786698594793
2394248505,Tehisintellekti tulevik vähiravis,128,1,95.63999999999942,0.017188565973253
2394248505,Tehisintellekti tulevik vähiravis,153,6,1564.12,0.2811060205989615
2394248505,Tehisintellekti tulevik vähiravis,218,3,936.4800000000004,0.1683056070956931
2395857120,Muutuv rändemaastik_ milleks peab Eesti Euroopa piiririigina valmis olema_,-1,14,3869.079999999999,0.7082604081831397
2395857120,Muutuv rändemaastik_ milleks peab Eesti Euroopa piiririigina valmis olema_,13,1,98.1200000000008,0.0179615079685429
2395857120,Muutuv rändemaastik_ milleks peab Eesti Euroopa piiririigina valmis olema_,84,1,195.5999999999999,0.0358058597497653
2395857120,Muutuv rändemaastik_ milleks peab Eesti Euroopa piiririigina valmis olema_,203,1,98.20000000000029,0.0179761524919579
2395857120,Muutuv rändemaastik_ milleks peab Eesti Euroopa piiririigina valmis olema_,211,1,533.7999999999997,0.097715582486834
2395857120,Muutuv rändemaastik_ milleks peab Eesti Euroopa piiririigina valmis olema_,212,2,537.1930000000003,0.0983366933361744
2395857120,Muutuv rändemaastik_ milleks peab Eesti Euroopa piiririigina valmis olema_,215,1,130.80000000000018,0.0239437957835854
2395857123,"Uus elu, uued rollid_ pagulaste identiteet ja kuuluvus Eestis",-1,8,3120.1890000000003,0.6466191637606834
2395857123,"Uus elu, uued rollid_ pagulaste identiteet ja kuuluvus Eestis",13,3,785.3599999999999,0.1627557902585677
2395857123,"Uus elu, uued rollid_ pagulaste identiteet ja kuuluvus Eestis",120,1,98.7199999999998,0.0204584542303221
2395857123,"Uus elu, uued rollid_ pagulaste identiteet ja kuuluvus Eestis",203,2,821.1199999999999,0.1701665917504267
2395857126,Kuuluvustunne või äärmuslus_ Kuidas ennetada radikaliseerumist,-1,10,1957.0529999999992,0.3682649282975422
2395857126,Kuuluvustunne või äärmuslus_ Kuidas ennetada radikaliseerumist,45,7,2600.760000000001,0.4893933352439187
2395857126,Kuuluvustunne või äärmuslus_ Kuidas ennetada radikaliseerumist,129,1,232.0,0.0436561827222
2395857126,Kuuluvustunne või äärmuslus_ Kuidas ennetada radikaliseerumist,147,1,96.32000000000016,0.0181248427577686
2395857126,Kuuluvustunne või äärmuslus_ Kuidas ennetada radikaliseerumist,203,1,428.1199999999999,0.0805607109785702
2395857129,Pagulus ja rahvus,-1,2,223.83999999999992,0.0447023144191924
2395857129,Pagulus ja rahvus,13,13,4005.907,0.800005871372605
2395857129,Pagulus ja rahvus,16,2,483.4399999999998,0.0965461351090707
2395857129,Pagulus ja rahvus,26,1,131.84000000000017,0.0263293117093742
2395857129,Pagulus ja rahvus,120,1,162.32000000000016,0.0324163673897575
2395857132,"Kes vastutab, kui välistöötajad elavad kümnekesi kitsas köögis ega saa palka_",-1,5,1298.0400000000006,0.2411828371555053
2395857132,"Kes vastutab, kui välistöötajad elavad kümnekesi kitsas köögis ega saa palka_",14,2,354.52,0.0658717292443759
2395857132,"Kes vastutab, kui välistöötajad elavad kümnekesi kitsas köögis ega saa palka_",36,1,386.5199999999995,0.0718175019393437
2395857132,"Kes vastutab, kui välistöötajad elavad kümnekesi kitsas köögis ega saa palka_",37,1,297.0800000000004,0.0551990672569085
2395857132,"Kes vastutab, kui välistöötajad elavad kümnekesi kitsas köögis ega saa palka_",42,2,373.6149999999998,0.0694196832947012
2395857132,"Kes vastutab, kui välistöötajad elavad kümnekesi kitsas köögis ega saa palka_",81,1,330.2800000000002,0.0613678064279377
2395857132,"Kes vastutab, kui välistöötajad elavad kümnekesi kitsas köögis ega saa palka_",97,1,288.75999999999976,0.0536531663562167
2395857132,"Kes vastutab, kui välistöötajad elavad kümnekesi kitsas köögis ega saa palka_",145,5,1650.9999999999995,0.3067647099810013
2395857132,"Kes vastutab, kui välistöötajad elavad kümnekesi kitsas köögis ega saa palka_",179,1,402.1600000000001,0.0747234983440094
2395857135,"Kellel lubame otsustada, kes Eestisse elama tuleb_",-1,5,715.7200000000009,0.1284203961130098
2395857135,"Kellel lubame otsustada, kes Eestisse elama tuleb_",0,1,353.0799999999999,0.0633525309612438
2395857135,"Kellel lubame otsustada, kes Eestisse elama tuleb_",21,14,4274.097999999999,0.7668939783516211
2395857135,"Kellel lubame otsustada, kes Eestisse elama tuleb_",129,1,230.35999999999967,0.0413330945741251
2395857138,"Do They Belong Here, Or Do They Just Live Here_",-1,5,845.1599999999999,0.1778798879295248
2395857138,"Do They Belong Here, Or Do They Just Live Here_",24,1,261.9200000000001,0.055126011934428
2395857138,"Do They Belong Here, Or Do They Just Live Here_",40,1,100.48000000000002,0.0211479141691024
2395857138,"Do They Belong Here, Or Do They Just Live Here_",143,9,3292.8160000000003,0.6930353318336724
2395857138,"Do They Belong Here, Or Do They Just Live Here_",204,1,250.92000000000007,0.0528108541332722
2395857141,"Kes ütleb meile, et nemad pole meie_",-1,1,475.2800000000002,0.0909175425635579
2395857141,"Kes ütleb meile, et nemad pole meie_",27,2,789.0,0.1509298541547029
2395857141,"Kes ütleb meile, et nemad pole meie_",32,4,1323.6,0.253194873205532
2395857141,"Kes ütleb meile, et nemad pole meie_",58,1,591.2800000000002,0.1131074830983431
2395857141,"Kes ütleb meile, et nemad pole meie_",83,1,226.2,0.0432703840428311
2395857141,"Kes ütleb meile, et nemad pole meie_",124,1,566.1199999999999,0.1082945615133845
2395857141,"Kes ütleb meile, et nemad pole meie_",182,1,266.3600000000001,0.0509526944900464
2395857141,"Kes ütleb meile, et nemad pole meie_",200,1,262.2399999999999,0.0501645690158799
2395857141,"Kes ütleb meile, et nemad pole meie_",206,1,272.67999999999984,0.0521616636640106
2395857141,"Kes ütleb meile, et nemad pole meie_",219,1,331.36000000000007,0.0633867128931588
2395857141,"Kes ütleb meile, et nemad pole meie_",225,1,123.47400000000016,0.0236196613585523
2395857144,Vabatahtlikkus_ lõimumise mootor või lõhede peegel_,-1,4,591.3119999999997,0.1290681958671075
2395857144,Vabatahtlikkus_ lõimumise mootor või lõhede peegel_,0,1,99.43999999999994,0.0217051935306998
2395857144,Vabatahtlikkus_ lõimumise mootor või lõhede peegel_,36,1,360.6399999999999,0.0787184331748953
2395857144,Vabatahtlikkus_ lõimumise mootor või lõhede peegel_,77,1,133.27999999999977,0.029091594868983
2395857144,Vabatahtlikkus_ lõimumise mootor või lõhede peegel_,114,8,3107.36,0.6782567394363983
2395857144,Vabatahtlikkus_ lõimumise mootor või lõhede peegel_,144,1,129.32000000000062,0.0282272287549287
2395857144,Vabatahtlikkus_ lõimumise mootor või lõhede peegel_,166,1,160.03999999999996,0.0349326143669871
2395991448,Töö ei küsi vanust_,-1,11,3232.48,0.6183002710400324
2395991448,Töö ei küsi vanust_,34,1,96.39999999999998,0.0184391384102172
2395991448,Töö ei küsi vanust_,57,3,622.0500000000002,0.1189840876356396
2395991448,Töö ei küsi vanust_,184,2,898.2,0.1718053331956136
2395991448,Töö ei küsi vanust_,214,2,378.8800000000001,0.0724711697184971
2395991451,Kas lapsed maksavad karjääris kätte_,-1,7,1637.12,0.295095571872045
2395991451,Kas lapsed maksavad karjääris kätte_,14,5,780.7599999999998,0.1407342276038517
2395991451,Kas lapsed maksavad karjääris kätte_,35,1,239.8819999999996,0.0432394179851261
2395991451,Kas lapsed maksavad karjääris kätte_,37,1,98.0,0.0176647808611833
2395991451,Kas lapsed maksavad karjääris kätte_,46,1,199.96000000000004,0.0360433630714511
2395991451,Kas lapsed maksavad karjääris kätte_,65,5,1446.8,0.2607898464281633
2395991451,Kas lapsed maksavad karjääris kätte_,81,2,1014.4400000000004,0.1828557173144775
2395991451,Kas lapsed maksavad karjääris kätte_,151,1,130.80000000000018,0.0235770748637018
2395991454,Kas süsteem hoiab naisi tagasi_,-1,7,2150.13,0.4313502452529265
2395991454,Kas süsteem hoiab naisi tagasi_,14,1,198.5999999999999,0.0398423159098432
2395991454,Kas süsteem hoiab naisi tagasi_,37,1,97.56,0.0195720863049562
2395991454,Kas süsteem hoiab naisi tagasi_,57,1,249.36000000000013,0.050025578526075
2395991454,Kas süsteem hoiab naisi tagasi_,65,2,418.32,0.0839216394330594
2395991454,Kas süsteem hoiab naisi tagasi_,144,1,227.72000000000003,0.0456842506494939
2395991454,Kas süsteem hoiab naisi tagasi_,151,5,1642.9599999999998,0.3296038839236456
2395991457,Paindlikkus või kontroll_,-1,16,4692.040000000001,0.8774217484667223
2395991457,Paindlikkus või kontroll_,0,1,91.99999999999989,0.0172042013407682
2395991457,Paindlikkus või kontroll_,14,1,187.39999999999964,0.0350442101223909
2395991457,Paindlikkus või kontroll_,37,1,277.3710000000001,0.05186898402272
2395991457,Paindlikkus või kontroll_,210,1,98.72000000000004,0.0184608560473983
2395991460,Kriis ei vabasta juhtimisest,-1,11,2329.9260000000004,0.4493480004150333
2395991460,Kriis ei vabasta juhtimisest,1,1,97.27999999999976,0.018761357004632
2395991460,Kriis ei vabasta juhtimisest,8,1,163.2,0.0314746449748762
2395991460,Kriis ei vabasta juhtimisest,14,1,127.24,0.0245394229571277
2395991460,Kriis ei vabasta juhtimisest,72,5,1909.0,0.3681684880945998
2395991460,Kriis ei vabasta juhtimisest,108,1,356.4000000000001,0.0687350702760164
2395991460,Kriis ei vabasta juhtimisest,207,1,202.08,0.0389730162777143
2395991463,"Mees, kus su lapsed on_",-1,5,1274.612,0.2311704667546409
2395991463,"Mees, kus su lapsed on_",14,1,94.43999999999984,0.0171281447846938
2395991463,"Mees, kus su lapsed on_",34,1,228.27999999999972,0.0414020848311089
2395991463,"Mees, kus su lapsed on_",58,1,162.20000000000073,0.0294174617119585
2395991463,"Mees, kus su lapsed on_",65,7,3073.8,0.5574808496314293
2395991463,"Mees, kus su lapsed on_",151,1,291.72,0.0529079033946517
2395991463,"Mees, kus su lapsed on_",162,1,285.04,0.0516963827766746
2395991463,"Mees, kus su lapsed on_",200,1,103.63999999999942,0.0187967061148418
2395991466,Miks noored mehed surevad_,-1,10,2439.0380000000005,0.445620038009573
2395991466,Miks noored mehed surevad_,0,1,129.68,0.0236929504702597
2395991466,Miks noored mehed surevad_,27,1,96.63999999999989,0.0176564368711127
2395991466,Miks noored mehed surevad_,31,2,657.3599999999999,0.1201017729883555
2395991466,Miks noored mehed surevad_,37,2,1013.6799999999998,0.1852025758227398
2395991466,Miks noored mehed surevad_,91,1,129.8800000000001,0.0237294911094797
2395991466,Miks noored mehed surevad_,187,3,1007.0799999999996,0.1839967347284792
2395991469,Kes võidab AI-ajastul_,-1,7,1265.599999999999,0.237627182927493
2395991469,Kes võidab AI-ajastul_,101,1,537.8400000000001,0.1009840424033841
2395991469,Kes võidab AI-ajastul_,109,5,1894.4000000000003,0.355689740311191
2395991469,Kes võidab AI-ajastul_,164,1,93.92000000000009,0.0176342801995497
2395991469,Kes võidab AI-ajastul_,199,2,424.4799999999998,0.0796997365747963
2395991469,Kes võidab AI-ajastul_,223,2,822.6300000000006,0.1544557913176706
2395991469,Kes võidab AI-ajastul_,224,1,287.1200000000001,0.0539092262659149
2395991472,Kas iga ebamugavus on kiusamine_,-1,7,1529.106,0.2892995349960061
2395991472,Kas iga ebamugavus on kiusamine_,14,1,196.1199999999999,0.0371049651256464
2395991472,Kas iga ebamugavus on kiusamine_,22,1,259.76,0.0491453484654187
2395991472,Kas iga ebamugavus on kiusamine_,97,6,2969.28,0.5617735613312229
2395991472,Kas iga ebamugavus on kiusamine_,189,2,203.07999999999996,0.038421763806426
2395991472,Kas iga ebamugavus on kiusamine_,223,1,128.20000000000027,0.0242548262752798
2396670915,Pedofiilia uus nägu_ kuidas avatus loob uusi riske,-1,5,1148.014,0.2050620412283995
2396670915,Pedofiilia uus nägu_ kuidas avatus loob uusi riske,0,1,97.31999999999994,0.0173836188864838
2396670915,Pedofiilia uus nägu_ kuidas avatus loob uusi riske,11,7,1196.2000000000005,0.2136691832307024
2396670915,Pedofiilia uus nägu_ kuidas avatus loob uusi riske,25,1,304.6400000000003,0.054415800016219
2396670915,Pedofiilia uus nägu_ kuidas avatus loob uusi riske,86,1,297.4399999999996,0.0531297123057515
2396670915,Pedofiilia uus nägu_ kuidas avatus loob uusi riske,103,6,2239.8,0.4000804519312215
2396670915,Pedofiilia uus nägu_ kuidas avatus loob uusi riske,219,2,314.96000000000004,0.0562591924012222
2396670918,Kas töötamine päästab Eestis vaesusest_ Räägime miinimumpalgast,-1,4,750.8400000000003,0.1447223302677529
2396670918,Kas töötamine päästab Eestis vaesusest_ Räägime miinimumpalgast,57,1,129.03999999999996,0.0248721025754499
2396670918,Kas töötamine päästab Eestis vaesusest_ Räägime miinimumpalgast,81,2,612.96,0.1181463421779897
2396670918,Kas töötamine päästab Eestis vaesusest_ Räägime miinimumpalgast,140,9,3695.302,0.7122592249788073
2396670921,Kas Eesti tulevik on parkla või meeldiv elukeskkond_,-1,5,707.6109999999999,0.1187503681523041
2396670921,Kas Eesti tulevik on parkla või meeldiv elukeskkond_,8,7,1667.3999999999996,0.2798209240064838
2396670921,Kas Eesti tulevik on parkla või meeldiv elukeskkond_,20,2,257.32000000000016,0.0431831115301358
2396670921,Kas Eesti tulevik on parkla või meeldiv elukeskkond_,59,1,161.76,0.0271463552040835
2396670921,Kas Eesti tulevik on parkla või meeldiv elukeskkond_,119,5,1391.3200000000006,0.2334895333985254
2396670921,Kas Eesti tulevik on parkla või meeldiv elukeskkond_,172,4,1676.9599999999996,0.2814252709139457
2396670921,Kas Eesti tulevik on parkla või meeldiv elukeskkond_,186,1,96.44000000000004,0.0161844367945216
2396670924,Loodusrahvas või ressursirahvas_ miks keskkond valimiskasti juures kaotab_,-1,8,2205.843,0.3918292284553635
2396670924,Loodusrahvas või ressursirahvas_ miks keskkond valimiskasti juures kaotab_,1,2,435.0399999999996,0.0772772076467913
2396670924,Loodusrahvas või ressursirahvas_ miks keskkond valimiskasti juures kaotab_,24,4,1124.84,0.1998080504078174
2396670924,Loodusrahvas või ressursirahvas_ miks keskkond valimiskasti juures kaotab_,58,1,94.19999999999992,0.016732973888212
2396670924,Loodusrahvas või ressursirahvas_ miks keskkond valimiskasti juures kaotab_,84,1,224.56000000000017,0.0398891360545317
2396670924,Loodusrahvas või ressursirahvas_ miks keskkond valimiskasti juures kaotab_,85,1,315.96000000000004,0.0561247391689964
2396670924,Loodusrahvas või ressursirahvas_ miks keskkond valimiskasti juures kaotab_,194,3,898.8399999999999,0.1596631236696442
2396670924,Loodusrahvas või ressursirahvas_ miks keskkond valimiskasti juures kaotab_,201,1,99.88000000000012,0.0177419260292422
2396670924,Loodusrahvas või ressursirahvas_ miks keskkond valimiskasti juures kaotab_,215,1,230.44000000000003,0.040933614679401
2396670927,Kodude kättesaadavus_ kas Eestil on plaan_,-1,8,2434.541,0.470124655764284
2396670927,Kodude kättesaadavus_ kas Eestil on plaan_,8,2,232.72000000000023,0.0449396456619396
2396670927,Kodude kättesaadavus_ kas Eestil on plaan_,20,1,162.92000000000007,0.03146084166055
2396670927,Kodude kättesaadavus_ kas Eestil on plaan_,59,1,355.5999999999999,0.0686685200987698
2396670927,Kodude kättesaadavus_ kas Eestil on plaan_,69,5,1171.479999999999,0.2262199041769036
2396670927,Kodude kättesaadavus_ kas Eestil on plaan_,119,1,161.51999999999998,0.0311904931562241
2396670927,Kodude kättesaadavus_ kas Eestil on plaan_,186,2,659.7200000000003,0.1273959394813287
2396670930,ÜRO kõnnib Rahvasteliidu teed,-1,7,1945.4800000000007,0.3594480757089866
2396670930,ÜRO kõnnib Rahvasteliidu teed,84,1,91.64000000000031,0.0169314624966443
2396670930,ÜRO kõnnib Rahvasteliidu teed,159,3,1063.369,0.1964687073722625
2396670930,ÜRO kõnnib Rahvasteliidu teed,190,1,331.71999999999935,0.0612887902595682
2396670930,ÜRO kõnnib Rahvasteliidu teed,215,3,588.6399999999999,0.1087574867309547
2396670930,ÜRO kõnnib Rahvasteliidu teed,221,3,1391.56,0.2571054774315836
2396670933,"Kui pole mugav, siis ei kaasa_!",-1,5,1107.6000000000004,0.2300417589346799
2396670933,"Kui pole mugav, siis ei kaasa_!",64,1,99.16000000000032,0.0205949267027473
2396670933,"Kui pole mugav, siis ei kaasa_!",124,5,2056.16,0.4270518806889953
2396670933,"Kui pole mugav, siis ei kaasa_!",181,1,100.63999999999989,0.0209023136684598
2396670933,"Kui pole mugav, siis ei kaasa_!",193,4,1139.0,0.2365633472612859
2396670933,"Kui pole mugav, siis ei kaasa_!",210,1,312.21799999999985,0.0648457727438315
2396670936,"Kas Eesti on valmis järgmiseks kriisiks, mis ei tule tankiga_ Keemilised, bioloogilised, radioloogilised ja tuumariskid",49,16,4465.203,1.0
2396692734,Kas rohereform vajab ebapopulaarseid otsuseid_,-1,11,3455.6110000000003,0.6562402732667258
2396692734,Kas rohereform vajab ebapopulaarseid otsuseid_,0,2,304.23999999999955,0.0577769143397993
2396692734,Kas rohereform vajab ebapopulaarseid otsuseid_,39,1,514.5999999999999,0.0977254802762976
2396692734,Kas rohereform vajab ebapopulaarseid otsuseid_,47,1,193.0,0.0366518027464544
2396692734,Kas rohereform vajab ebapopulaarseid otsuseid_,58,1,218.12,0.0414222342749048
2396692734,Kas rohereform vajab ebapopulaarseid otsuseid_,79,1,162.91999999999996,0.0309394388779914
2396692734,Kas rohereform vajab ebapopulaarseid otsuseid_,105,1,288.31999999999994,0.0547536153775012
2396692734,Kas rohereform vajab ebapopulaarseid otsuseid_,177,1,128.96000000000004,0.0244902408403251
2396692737,Keskkonnahoid vastutuules_ kas keskkonnaprojektid on vaid kulu või ka väärtus inimestele ja ettevõtetele_,-1,7,2618.96,0.4643199505852488
2396692737,Keskkonnahoid vastutuules_ kas keskkonnaprojektid on vaid kulu või ka väärtus inimestele ja ettevõtetele_,0,1,111.42100000000028,0.01975402190723
2396692737,Keskkonnahoid vastutuules_ kas keskkonnaprojektid on vaid kulu või ka väärtus inimestele ja ettevõtetele_,8,1,387.6399999999999,0.0687253664221163
2396692737,Keskkonnahoid vastutuules_ kas keskkonnaprojektid on vaid kulu või ka väärtus inimestele ja ettevõtetele_,15,1,286.44000000000005,0.0507834432926194
2396692737,Keskkonnahoid vastutuules_ kas keskkonnaprojektid on vaid kulu või ka väärtus inimestele ja ettevõtetele_,24,2,397.6400000000001,0.0704982837274026
2396692737,Keskkonnahoid vastutuules_ kas keskkonnaprojektid on vaid kulu või ka väärtus inimestele ja ettevõtetele_,28,1,382.67999999999984,0.0678459994386943
2396692737,Keskkonnahoid vastutuules_ kas keskkonnaprojektid on vaid kulu või ka väärtus inimestele ja ettevõtetele_,59,1,552.5200000000004,0.0979572269516761
2396692737,Keskkonnahoid vastutuules_ kas keskkonnaprojektid on vaid kulu või ka väärtus inimestele ja ettevõtetele_,197,3,903.12,0.1601157076750121
2396692740,Kas tööstus julgeb investeerida_ Energiamajanduslikud otsused ebakindla poliitika ja turu tingimustes,-1,3,1337.7600000000002,0.2619154229488862
2396692740,Kas tööstus julgeb investeerida_ Energiamajanduslikud otsused ebakindla poliitika ja turu tingimustes,15,4,917.6030000000004,0.1796543310041912
2396692740,Kas tööstus julgeb investeerida_ Energiamajanduslikud otsused ebakindla poliitika ja turu tingimustes,28,1,386.8800000000001,0.0757459027257991
2396692740,Kas tööstus julgeb investeerida_ Energiamajanduslikud otsused ebakindla poliitika ja turu tingimustes,107,3,1005.2,0.1968046459366556
2396692740,Kas tööstus julgeb investeerida_ Energiamajanduslikud otsused ebakindla poliitika ja turu tingimustes,111,2,486.0799999999999,0.0951679290657476
2396692740,Kas tööstus julgeb investeerida_ Energiamajanduslikud otsused ebakindla poliitika ja turu tingimustes,185,4,974.0799999999994,0.19071176831872
2396692743,Järgmise põlvkonna õpilasmalev,-1,3,573.4529999999993,0.1082253680294365
2396692743,Järgmise põlvkonna õpilasmalev,14,1,97.51999999999953,0.0184045386286768
2396692743,Järgmise põlvkonna õpilasmalev,57,2,460.1200000000008,0.0868365085503162
2396692743,Järgmise põlvkonna õpilasmalev,91,3,723.9199999999995,0.1366223708374875
2396692743,Järgmise põlvkonna õpilasmalev,93,1,129.56000000000017,0.0244513128048747
2396692743,Järgmise põlvkonna õpilasmalev,108,10,3314.120000000001,0.625459901149208
2396692746,Kuidas hoida kokkuleppeid ruumis_,-1,10,2182.3570000000013,0.3541156451160401
2396692746,Kuidas hoida kokkuleppeid ruumis_,0,2,223.7199999999998,0.0363014631086299
2396692746,Kuidas hoida kokkuleppeid ruumis_,8,8,2641.0399999999995,0.4285428934758455
2396692746,Kuidas hoida kokkuleppeid ruumis_,47,1,128.76,0.0208929751022134
2396692746,Kuidas hoida kokkuleppeid ruumis_,172,3,986.9599999999996,0.1601470231972709
2396692749,"Kas elekter saab olla korraga odav, roheline ja kindel ning hoida Eesti majanduse konkurentsivõimelisena_",-1,6,1510.7270000000017,0.2671315583940001
2396692749,"Kas elekter saab olla korraga odav, roheline ja kindel ning hoida Eesti majanduse konkurentsivõimelisena_",74,3,1479.2799999999995,0.2615709997246862
2396692749,"Kas elekter saab olla korraga odav, roheline ja kindel ning hoida Eesti majanduse konkurentsivõimelisena_",105,1,297.44,0.0525942878684973
2396692749,"Kas elekter saab olla korraga odav, roheline ja kindel ning hoida Eesti majanduse konkurentsivõimelisena_",107,2,719.8399999999997,0.1272844008178425
2396692749,"Kas elekter saab olla korraga odav, roheline ja kindel ning hoida Eesti majanduse konkurentsivõimelisena_",122,1,349.67999999999984,0.0618315310040886
2396692749,"Kas elekter saab olla korraga odav, roheline ja kindel ning hoida Eesti majanduse konkurentsivõimelisena_",175,1,266.1199999999999,0.04705618574356
2396692749,"Kas elekter saab olla korraga odav, roheline ja kindel ning hoida Eesti majanduse konkurentsivõimelisena_",177,1,199.44000000000003,0.0352656158300601
2396692749,"Kas elekter saab olla korraga odav, roheline ja kindel ning hoida Eesti majanduse konkurentsivõimelisena_",195,2,636.3599999999997,0.1125232014120391
2396692749,"Kas elekter saab olla korraga odav, roheline ja kindel ning hoida Eesti majanduse konkurentsivõimelisena_",198,1,196.48,0.0347422192052257
2396692752,Tuleviku Eesti edulugu_ majanduskasv või tasaareng_,-1,9,2762.0399999999995,0.5408992858940326
2396692752,Tuleviku Eesti edulugu_ majanduskasv või tasaareng_,0,3,335.5600000000006,0.065713807321618
2396692752,Tuleviku Eesti edulugu_ majanduskasv või tasaareng_,71,1,361.6800000000003,0.0708289719635319
2396692752,Tuleviku Eesti edulugu_ majanduskasv või tasaareng_,84,1,101.23999999999978,0.019826158818812
2396692752,Tuleviku Eesti edulugu_ majanduskasv või tasaareng_,100,2,609.9449999999997,0.1194475152186918
2396692752,Tuleviku Eesti edulugu_ majanduskasv või tasaareng_,136,1,133.72000000000023,0.0261868229677159
2396692752,Tuleviku Eesti edulugu_ majanduskasv või tasaareng_,141,1,271.5200000000002,0.0531726456191611
2396692752,Tuleviku Eesti edulugu_ majanduskasv või tasaareng_,145,1,335.0,0.0656041406983609
2396692752,Tuleviku Eesti edulugu_ majanduskasv või tasaareng_,223,1,195.67999999999984,0.0383206514980754
2396692755,Tehisintellekti nähtamatu jalajälg_ kas digiareng tuleb keskkonna arvelt_,-1,10,2687.160000000001,0.5105957025868771
2396692755,Tehisintellekti nähtamatu jalajälg_ kas digiareng tuleb keskkonna arvelt_,0,1,160.15999999999983,0.0304325041033336
2396692755,Tehisintellekti nähtamatu jalajälg_ kas digiareng tuleb keskkonna arvelt_,141,6,2021.273999999999,0.3840686145040066
2396692755,Tehisintellekti nähtamatu jalajälg_ kas digiareng tuleb keskkonna arvelt_,146,1,134.07999999999993,0.0254769614771165
2396692755,Tehisintellekti nähtamatu jalajälg_ kas digiareng tuleb keskkonna arvelt_,224,1,260.12,0.0494262173286661
2397177237,Kas sotsiaalmeediasse mahub sisukas poliitiline diskussioon_,-1,1,131.24,0.0246192633917893
2397177237,Kas sotsiaalmeediasse mahub sisukas poliitiline diskussioon_,17,1,130.84000000000003,0.0245442275387208
2397177237,Kas sotsiaalmeediasse mahub sisukas poliitiline diskussioon_,27,1,129.20000000000027,0.0242365805411398
2397177237,Kas sotsiaalmeediasse mahub sisukas poliitiline diskussioon_,44,2,205.96,0.0386359607449934
2397177237,Kas sotsiaalmeediasse mahub sisukas poliitiline diskussioon_,55,1,194.15999999999983,0.0364224030794713
2397177237,Kas sotsiaalmeediasse mahub sisukas poliitiline diskussioon_,102,5,1873.7450000000008,0.351495136269799
2397177237,Kas sotsiaalmeediasse mahub sisukas poliitiline diskussioon_,126,6,2143.88,0.4021696616914769
2397177237,Kas sotsiaalmeediasse mahub sisukas poliitiline diskussioon_,182,2,355.7199999999998,0.0667293841338564
2397177237,Kas sotsiaalmeediasse mahub sisukas poliitiline diskussioon_,219,1,166.03999999999996,0.0311473826087527
2397177240,Kultuur on majandusharu,-1,5,626.0399999999995,0.1121336232142606
2397177240,Kultuur on majandusharu,15,1,398.8800000000001,0.0714456897765388
2397177240,Kultuur on majandusharu,66,1,102.44,0.018348617280156
2397177240,Kultuur on majandusharu,82,11,4455.621999999999,0.7980720697290443
2397177243,Kultuuriretsept – ravi positiivsete kõrvaltoimetega,-1,12,3828.3089999999993,0.73650943100389
2397177243,Kultuuriretsept – ravi positiivsete kõrvaltoimetega,14,1,99.60000000000036,0.0191615513084204
2397177243,Kultuuriretsept – ravi positiivsete kõrvaltoimetega,120,1,104.11999999999988,0.0200311317493245
2397177243,Kultuuriretsept – ravi positiivsete kõrvaltoimetega,225,4,1165.8800000000003,0.2242978859383648
2397177246,Reklaamide vastutamatusest ja vastutusest,-1,2,421.64000000000055,0.0856080457431702
2397177246,Reklaamide vastutamatusest ja vastutusest,1,1,457.08,0.0928036371034252
2397177246,Reklaamide vastutamatusest ja vastutusest,32,1,105.07999999999991,0.0213350095975057
2397177246,Reklaamide vastutamatusest ja vastutusest,62,11,3941.438,0.8002533075558987
2397177249,AI ajastu ettevõtlus – kas miljon mikroettevõtjat või paar suurt võitjat_,-1,14,3657.212,0.6443686117471614
2397177249,AI ajastu ettevõtlus – kas miljon mikroettevõtjat või paar suurt võitjat_,29,1,161.92000000000007,0.0285288809109508
2397177249,AI ajastu ettevõtlus – kas miljon mikroettevõtjat või paar suurt võitjat_,109,5,1587.4399999999998,0.2796929762430818
2397177249,AI ajastu ettevõtlus – kas miljon mikroettevõtjat või paar suurt võitjat_,164,1,269.0799999999999,0.0474095310988059
2397177252,Tehisintellekt kultuuris – kas loovisik on järgmine väljasureja_,-1,11,3236.08,0.552782789406921
2397177252,Tehisintellekt kultuuris – kas loovisik on järgmine väljasureja_,21,1,363.1600000000001,0.0620344978495641
2397177252,Tehisintellekt kultuuris – kas loovisik on järgmine väljasureja_,32,1,164.35999999999967,0.028075751918037
2397177252,Tehisintellekt kultuuris – kas loovisik on järgmine väljasureja_,40,1,164.92000000000007,0.0281714103572808
2397177252,Tehisintellekt kultuuris – kas loovisik on järgmine väljasureja_,66,1,131.6800000000003,0.022493398713599
2397177252,Tehisintellekt kultuuris – kas loovisik on järgmine väljasureja_,84,1,102.40000000000056,0.0174918288902836
2397177252,Tehisintellekt kultuuris – kas loovisik on järgmine väljasureja_,164,3,1141.5219999999997,0.1949932372899827
2397177252,Tehisintellekt kultuuris – kas loovisik on järgmine väljasureja_,170,1,164.64,0.0281235811376589
2397177252,Tehisintellekt kultuuris – kas loovisik on järgmine väljasureja_,171,1,217.71999999999932,0.0371906346288331
2397177252,Tehisintellekt kultuuris – kas loovisik on järgmine väljasureja_,183,1,167.6800000000003,0.0286428698078393
2397177255,Vabakutseliste loovisikute toimetulek,-1,1,227.79999999999973,0.0412245985985445
2397177255,Vabakutseliste loovisikute toimetulek,0,1,132.24,0.0239312595200682
2397177255,Vabakutseliste loovisikute toimetulek,58,2,656.2399999999999,0.1187586943999513
2397177255,Vabakutseliste loovisikute toimetulek,99,4,1022.7470000000004,0.1850848750784272
2397177255,Vabakutseliste loovisikute toimetulek,132,9,3223.44,0.5833407379565085
2397177255,Vabakutseliste loovisikute toimetulek,142,1,128.51999999999998,0.0232580571197759
2397177255,Vabakutseliste loovisikute toimetulek,152,1,134.84000000000017,0.0244017773267241
2397177258,Kas tänavakunst peaks olema legaalne_,-1,4,768.56,0.1523350737355193
2397177258,Kas tänavakunst peaks olema legaalne_,62,1,320.0739999999996,0.0634413661793777
2397177258,Kas tänavakunst peaks olema legaalne_,131,9,3372.36,0.6684301931699753
2397177258,Kas tänavakunst peaks olema legaalne_,183,3,584.2000000000003,0.1157933669151276
2397264564,Küberturvalisus vs ettevõtlusvõime_ kus on tasakaal_,-1,10,2855.203,0.532222127570259
2397264564,Küberturvalisus vs ettevõtlusvõime_ kus on tasakaal_,5,1,183.4000000000001,0.0341865493264001
2397264564,Küberturvalisus vs ettevõtlusvõime_ kus on tasakaal_,12,3,1256.5999999999997,0.2342356482200345
2397264564,Küberturvalisus vs ettevõtlusvõime_ kus on tasakaal_,110,2,614.52,0.114549172802941
2397264564,Küberturvalisus vs ettevõtlusvõime_ kus on tasakaal_,155,1,454.96,0.0848065020803652
2397264567,Teadmussiirdedoktorantuur – Eesti majanduse kasutamata potentsiaal_,-1,3,882.1600000000001,0.1642500653995142
2397264567,Teadmussiirdedoktorantuur – Eesti majanduse kasutamata potentsiaal_,75,12,3995.195,0.7438685046179969
2397264567,Teadmussiirdedoktorantuur – Eesti majanduse kasutamata potentsiaal_,96,1,493.48,0.0918814299824887
2397264570,"Miljon sensorit, üks planeet_ kuidas tehisintellekt asjades (AIoT) muudab teadust_",-1,8,2459.217000000001,0.4893597037595389
2397264570,"Miljon sensorit, üks planeet_ kuidas tehisintellekt asjades (AIoT) muudab teadust_",21,1,504.0400000000001,0.100298942745987
2397264570,"Miljon sensorit, üks planeet_ kuidas tehisintellekt asjades (AIoT) muudab teadust_",40,1,107.44000000000004,0.021379490533745
2397264570,"Miljon sensorit, üks planeet_ kuidas tehisintellekt asjades (AIoT) muudab teadust_",83,1,233.3199999999997,0.046428357514272
2397264570,"Miljon sensorit, üks planeet_ kuidas tehisintellekt asjades (AIoT) muudab teadust_",85,1,180.59999999999943,0.0359376022933203
2397264570,"Miljon sensorit, üks planeet_ kuidas tehisintellekt asjades (AIoT) muudab teadust_",106,2,434.72000000000025,0.0865049527627479
2397264570,"Miljon sensorit, üks planeet_ kuidas tehisintellekt asjades (AIoT) muudab teadust_",141,1,507.5999999999999,0.1010073473094655
2397264570,"Miljon sensorit, üks planeet_ kuidas tehisintellekt asjades (AIoT) muudab teadust_",153,1,598.4399999999999,0.119083603080923
2397264573,Kas oleme tehisaru nimel valmis ohverdama oma inimõigused_,-1,5,1827.36,0.3545299300508817
2397264573,Kas oleme tehisaru nimel valmis ohverdama oma inimõigused_,21,1,580.4400000000005,0.1126123766519645
2397264573,Kas oleme tehisaru nimel valmis ohverdama oma inimõigused_,29,3,839.6799999999998,0.1629080704760552
2397264573,Kas oleme tehisaru nimel valmis ohverdama oma inimõigused_,40,1,175.68000000000006,0.0340840437085954
2397264573,Kas oleme tehisaru nimel valmis ohverdama oma inimõigused_,70,1,199.83999999999924,0.0387713757668811
2397264573,Kas oleme tehisaru nimel valmis ohverdama oma inimõigused_,84,1,305.1600000000001,0.05920472892825
2397264573,Kas oleme tehisaru nimel valmis ohverdama oma inimõigused_,106,1,494.3180000000002,0.0959036675657187
2397264573,Kas oleme tehisaru nimel valmis ohverdama oma inimõigused_,189,1,232.15999999999983,0.0450418464673696
2397264573,Kas oleme tehisaru nimel valmis ohverdama oma inimõigused_,227,1,499.67999999999984,0.0969439603842836
2397264576,Kas linnud ja loomad keedavad meile uut superhaigust_,-1,4,1425.2400000000002,0.2575329247832345
2397264576,Kas linnud ja loomad keedavad meile uut superhaigust_,0,1,156.39999999999998,0.0282606083439265
2397264576,Kas linnud ja loomad keedavad meile uut superhaigust_,40,2,223.1199999999999,0.0403165404967831
2397264576,Kas linnud ja loomad keedavad meile uut superhaigust_,42,1,194.1200000000001,0.0350764021209912
2397264576,Kas linnud ja loomad keedavad meile uut superhaigust_,84,1,286.3600000000001,0.0517436560445448
2397264576,Kas linnud ja loomad keedavad meile uut superhaigust_,100,1,107.03999999999996,0.019341531439475
2397264576,Kas linnud ja loomad keedavad meile uut superhaigust_,133,9,2781.44,0.5025907063435489
2397264576,Kas linnud ja loomad keedavad meile uut superhaigust_,213,1,360.4849999999997,0.0651376304274958
2397264579,Elu võimalikkusest pealinnast eemal,-1,6,1581.24,0.2825262337875818
2397264579,Elu võimalikkusest pealinnast eemal,0,1,97.52000000000044,0.0174242735568067
2397264579,Elu võimalikkusest pealinnast eemal,8,2,782.48,0.1398087117794307
2397264579,Elu võimalikkusest pealinnast eemal,20,9,2133.44,0.3811899320860707
2397264579,Elu võimalikkusest pealinnast eemal,119,3,805.2699999999995,0.1438806887519452
2397264579,Elu võimalikkusest pealinnast eemal,136,1,196.84000000000012,0.0351701600381647
2397264582,Kes vastutab Eesti toidujulgeoleku eest_,-1,2,750.1200000000001,0.1413616946216522
2397264582,Kes vastutab Eesti toidujulgeoleku eest_,2,1,148.90800000000036,0.0280620263727417
2397264582,Kes vastutab Eesti toidujulgeoleku eest_,154,7,2046.12,0.385595625498927
2397264582,Kes vastutab Eesti toidujulgeoleku eest_,207,2,506.1999999999998,0.0953944566435774
2397264582,Kes vastutab Eesti toidujulgeoleku eest_,226,6,1855.04,0.3495861968631016
2397264585,Toiduraiskamine või toiduohutus – kas peame valima_,-1,3,670.1199999999999,0.1338686053229411
2397264585,Toiduraiskamine või toiduohutus – kas peame valima_,130,9,2157.44,0.4309877094668508
2397264585,Toiduraiskamine või toiduohutus – kas peame valima_,166,6,2178.2440000000006,0.4351436852102081
2397264588,Mille taha jääb majanduskasv_,-1,3,770.2800000000007,0.1469002536064254
2397264588,Mille taha jääb majanduskasv_,15,1,328.2399999999998,0.0625987163677792
2397264588,Mille taha jääb majanduskasv_,20,4,856.4799999999991,0.1633394729304031
2397264588,Mille taha jääb majanduskasv_,44,1,95.72,0.0182547804372527
2397264588,Mille taha jääb majanduskasv_,59,9,2737.798,0.5221260068068284
2397264588,Mille taha jääb majanduskasv_,107,1,455.0400000000004,0.0867807698513109
2397829623,Noorte julm vägivald – kas sinu kodukant on järgmine_,-1,9,1853.6,0.3471551110611679
2397829623,Noorte julm vägivald – kas sinu kodukant on järgmine_,34,3,482.7599999999999,0.090414653331835
2397829623,Noorte julm vägivald – kas sinu kodukant on järgmine_,57,1,327.2000000000003,0.061280293665955
2397829623,Noorte julm vägivald – kas sinu kodukant on järgmine_,91,1,99.52,0.0186387983668577
2397829623,Noorte julm vägivald – kas sinu kodukant on järgmine_,129,2,423.2800000000001,0.0792748248866914
2397829623,Noorte julm vägivald – kas sinu kodukant on järgmine_,147,4,1880.1999999999996,0.3521369442259429
2397829623,Noorte julm vägivald – kas sinu kodukant on järgmine_,162,1,272.84000000000003,0.0510993744615499
2397829626,"Kui sensoreid saab rohkem kui inimesi, siis kes hoiab piirialade Eestit_",-1,6,1627.0799999999997,0.2963264070669007
2397829626,"Kui sensoreid saab rohkem kui inimesi, siis kes hoiab piirialade Eestit_",15,1,162.32000000000016,0.0295619775272877
2397829626,"Kui sensoreid saab rohkem kui inimesi, siis kes hoiab piirialade Eestit_",79,12,3403.317,0.6198175250877052
2397829626,"Kui sensoreid saab rohkem kui inimesi, siis kes hoiab piirialade Eestit_",136,1,298.1200000000001,0.0542940903181063
2397829629,Religioossete ühenduste roll ühiskonna toetaja ja tasakaalustajana,-1,3,1010.2399999999998,0.1822072683428758
2397829629,Religioossete ühenduste roll ühiskonna toetaja ja tasakaalustajana,26,18,4534.215,0.8177927316571242
2397829632,Appi! Mind ei lasta muuseumisse! Kultuuriharidus kui regionaalpoliitika,-1,5,1084.1599999999994,0.1934332674318046
2397829632,Appi! Mind ei lasta muuseumisse! Kultuuriharidus kui regionaalpoliitika,19,2,637.1599999999999,0.113680582826196
2397829632,Appi! Mind ei lasta muuseumisse! Kultuuriharidus kui regionaalpoliitika,27,1,158.79999999999973,0.0283327210634689
2397829632,Appi! Mind ei lasta muuseumisse! Kultuuriharidus kui regionaalpoliitika,99,1,159.0,0.0283684045912567
2397829632,Appi! Mind ei lasta muuseumisse! Kultuuriharidus kui regionaalpoliitika,115,1,526.96,0.0940189590151489
2397829632,Appi! Mind ei lasta muuseumisse! Kultuuriharidus kui regionaalpoliitika,117,9,2491.3470000000007,0.4445002495170682
2397829632,Appi! Mind ei lasta muuseumisse! Kultuuriharidus kui regionaalpoliitika,225,1,547.4000000000001,0.0976658155550564
2397829635,„Veibi-Vellod“ ja veipivad noored – miks salaturg võidab ja mida teha teisiti_,-1,4,1067.5399999999995,0.2044978257954523
2397829635,„Veibi-Vellod“ ja veipivad noored – miks salaturg võidab ja mida teha teisiti_,61,13,3698.88,0.7085569794839378
2397829635,„Veibi-Vellod“ ja veipivad noored – miks salaturg võidab ja mida teha teisiti_,147,1,453.8800000000001,0.0869451947206099
2397829638,Kus on noore kodu_ Kuidas elatakse tulevikus ja kas kodu peab tingimata omama_,-1,8,1652.0800000000002,0.3718444550030352
2397829638,Kus on noore kodu_ Kuidas elatakse tulevikus ja kas kodu peab tingimata omama_,15,1,95.51999999999998,0.0214993113783169
2397829638,Kus on noore kodu_ Kuidas elatakse tulevikus ja kas kodu peab tingimata omama_,69,6,1726.533,0.3886020788519655
2397829638,Kus on noore kodu_ Kuidas elatakse tulevikus ja kas kodu peab tingimata omama_,186,3,968.7999999999996,0.2180541547666822
2397829641,"Kelle vastutus on NEET-olukorras noor – tema enda, spetsialistide või kogu ühiskonna_",-1,6,1422.8069999999998,0.2984897057432132
2397829641,"Kelle vastutus on NEET-olukorras noor – tema enda, spetsialistide või kogu ühiskonna_",91,7,2792.5200000000004,0.5858408576019362
2397829641,"Kelle vastutus on NEET-olukorras noor – tema enda, spetsialistide või kogu ühiskonna_",142,1,423.0799999999999,0.088757663341436
2397829641,"Kelle vastutus on NEET-olukorras noor – tema enda, spetsialistide või kogu ühiskonna_",147,1,128.27999999999977,0.0269117733134144
2400164898,Kas lapsevanem on partner või lihtsalt teenusetarbija_,-1,4,885.7199999999997,0.1797363007179954
2400164898,Kas lapsevanem on partner või lihtsalt teenusetarbija_,46,5,1945.56,0.3948062110203037
2400164898,Kas lapsevanem on partner või lihtsalt teenusetarbija_,50,1,200.76,0.0407395787970744
2400164898,Kas lapsevanem on partner või lihtsalt teenusetarbija_,76,1,189.55999999999997,0.0384667989478652
2400164898,Kas lapsevanem on partner või lihtsalt teenusetarbija_,167,5,1706.286,0.3462511105167611
2400164901,Ühiskondlik ebavõrdsus algab enne kooli – kas me tunnistame seda_,-1,5,854.0400000000002,0.1583100544420203
2400164901,Ühiskondlik ebavõrdsus algab enne kooli – kas me tunnistame seda_,9,5,1503.36,0.2786719631937093
2400164901,Ühiskondlik ebavõrdsus algab enne kooli – kas me tunnistame seda_,46,3,1124.239999999999,0.208395971624159
2400164901,Ühiskondlik ebavõrdsus algab enne kooli – kas me tunnistame seda_,83,1,225.31999999999996,0.0417666871187251
2400164901,Ühiskondlik ebavõrdsus algab enne kooli – kas me tunnistame seda_,106,1,127.60000000000036,0.023652712925392
2400164901,Ühiskondlik ebavõrdsus algab enne kooli – kas me tunnistame seda_,135,1,126.88000000000012,0.0235192493414869
2400164901,Ühiskondlik ebavõrdsus algab enne kooli – kas me tunnistame seda_,157,4,1193.1299999999997,0.2211658414786281
2400164901,Ühiskondlik ebavõrdsus algab enne kooli – kas me tunnistame seda_,167,1,240.1600000000008,0.044517519875879
2400164904,Kuidas toetada lapse keele ja kõne arengut liikumismängude kaudu_,9,2,477.44,0.1198467876898994
2400164904,Kuidas toetada lapse keele ja kõne arengut liikumismängude kaudu_,32,1,153.76,0.0385967704323034
2400164904,Kuidas toetada lapse keele ja kõne arengut liikumismängude kaudu_,63,11,3255.673,0.8172376650861637
2400164904,Kuidas toetada lapse keele ja kõne arengut liikumismängude kaudu_,76,1,96.88000000000012,0.0243187767916334
2400164907,Iga lapse tulevik on Eesti arenguküsimus,-1,7,1356.32,0.2363250438126196
2400164907,Iga lapse tulevik on Eesti arenguküsimus,0,1,136.84000000000017,0.0238429861650045
2400164907,Iga lapse tulevik on Eesti arenguküsimus,9,8,2623.8540000000007,0.4571800249999391
2400164907,Iga lapse tulevik on Eesti arenguküsimus,46,2,717.1200000000001,0.1249509079117802
2400164907,Iga lapse tulevik on Eesti arenguküsimus,59,1,226.87999999999988,0.0395315456088586
2400164907,Iga lapse tulevik on Eesti arenguküsimus,157,2,678.1999999999994,0.1181694915017978
2400164910,"Mida laps tegelikult tahab, et me märkaks_",-1,2,503.32000000000016,0.1038594649293751
2400164910,"Mida laps tegelikult tahab, et me märkaks_",34,1,280.7640000000001,0.0579353071831659
2400164910,"Mida laps tegelikult tahab, et me märkaks_",50,1,368.28,0.0759941264884968
2400164910,"Mida laps tegelikult tahab, et me märkaks_",63,1,95.83999999999992,0.0197764665001019
2400164910,"Mida laps tegelikult tahab, et me märkaks_",76,6,1639.6799999999994,0.3383459577513265
2400164910,"Mida laps tegelikult tahab, et me märkaks_",162,1,438.5999999999999,0.0905045722761342
2400164910,"Mida laps tegelikult tahab, et me märkaks_",167,1,417.6400000000003,0.086179501973107
2400164910,"Mida laps tegelikult tahab, et me märkaks_",196,3,1102.04,0.2274046028982923
2400164913,Alushariduse agenda 2027–2031_ mida Eesti peab nüüd otsustama_,-1,3,357.9200000000001,0.0661145911126931
2400164913,Alushariduse agenda 2027–2031_ mida Eesti peab nüüd otsustama_,9,7,2551.4000000000005,0.4712918187442033
2400164913,Alushariduse agenda 2027–2031_ mida Eesti peab nüüd otsustama_,15,1,97.67999999999984,0.0180433428137233
2400164913,Alushariduse agenda 2027–2031_ mida Eesti peab nüüd otsustama_,46,3,770.8709999999999,0.1423944483840882
2400164913,Alushariduse agenda 2027–2031_ mida Eesti peab nüüd otsustama_,76,2,561.4000000000001,0.1037011942631479
2400164913,Alushariduse agenda 2027–2031_ mida Eesti peab nüüd otsustama_,83,1,291.4399999999998,0.053834478190331
2400164913,Alushariduse agenda 2027–2031_ mida Eesti peab nüüd otsustama_,157,2,782.9200000000001,0.144620126491813
2400164916,Aga kes hoiab õpetajat_,-1,7,1635.2800000000002,0.4544269726117769
2400164916,Aga kes hoiab õpetajat_,9,5,1667.9939999999997,0.4635178463349444
2400164916,Aga kes hoiab õpetajat_,32,1,199.44,0.0554222612749454
2400164916,Aga kes hoiab õpetajat_,63,1,95.84000000000016,0.0266329197783332
2400184974,"Väike rahvas, suur mudel_ kas tehisaru on Eesti jaoks loodud_",-1,5,1254.3030000000003,0.2543800497401752
2400184974,"Väike rahvas, suur mudel_ kas tehisaru on Eesti jaoks loodud_",146,7,2024.16,0.4105115920810785
2400184974,"Väike rahvas, suur mudel_ kas tehisaru on Eesti jaoks loodud_",228,6,1652.3599999999997,0.3351083581787461
2400184977,"Post-it, pastakas ja AI-agent - Eesti.ai praktiline töötuba nutikama tööpäeva disainimiseks 2",-1,5,1202.6350000000002,0.276541878457104
2400184977,"Post-it, pastakas ja AI-agent - Eesti.ai praktiline töötuba nutikama tööpäeva disainimiseks 2",86,5,1473.3199999999997,0.3387849849442435
2400184977,"Post-it, pastakas ja AI-agent - Eesti.ai praktiline töötuba nutikama tööpäeva disainimiseks 2",170,3,818.8800000000003,0.1882987052854385
2400184977,"Post-it, pastakas ja AI-agent - Eesti.ai praktiline töötuba nutikama tööpäeva disainimiseks 2",224,2,854.0,0.1963744313132137
2400184980,"Eesti, Singapur, Dubai, Delaware. Kui konkurentsivõimelised me globaalselt oleme_",-1,4,1098.8390000000004,0.2002871141834808
2400184980,"Eesti, Singapur, Dubai, Delaware. Kui konkurentsivõimelised me globaalselt oleme_",4,10,2781.64,0.5070139013061398
2400184980,"Eesti, Singapur, Dubai, Delaware. Kui konkurentsivõimelised me globaalselt oleme_",29,2,396.4799999999996,0.0722670336887081
2400184980,"Eesti, Singapur, Dubai, Delaware. Kui konkurentsivõimelised me globaalselt oleme_",67,5,973.9600000000004,0.1775252222847414
2400184980,"Eesti, Singapur, Dubai, Delaware. Kui konkurentsivõimelised me globaalselt oleme_",80,1,235.40000000000052,0.0429067285369298
2400184983,"Post-it, pastakas ja AI-agent - Eesti.ai praktiline töötuba nutikama tööpäeva disainimiseks",-1,6,1221.04,0.3335532363301605
2400184983,"Post-it, pastakas ja AI-agent - Eesti.ai praktiline töötuba nutikama tööpäeva disainimiseks",86,4,1483.36,0.4052115644390903
2400184983,"Post-it, pastakas ja AI-agent - Eesti.ai praktiline töötuba nutikama tööpäeva disainimiseks",170,1,132.6800000000003,0.0362443846199025
2400184983,"Post-it, pastakas ja AI-agent - Eesti.ai praktiline töötuba nutikama tööpäeva disainimiseks",224,2,823.6249999999998,0.2249908146108468
2400184986,Eesti loob maailma esimese agentide riigi,-1,14,3677.16,0.6495016347228918
2400184986,Eesti loob maailma esimese agentide riigi,21,1,162.03999999999996,0.0286213395366253
2400184986,Eesti loob maailma esimese agentide riigi,29,2,670.8800000000001,0.1184984217991313
2400184986,Eesti loob maailma esimese agentide riigi,34,1,100.2800000000002,0.0177125890442656
2400184986,Eesti loob maailma esimese agentide riigi,66,1,101.0,0.0178397635966376
2400184986,Eesti loob maailma esimese agentide riigi,67,1,169.11000000000058,0.0298701229883901
2400184986,Eesti loob maailma esimese agentide riigi,80,1,330.8800000000001,0.0584437720678759
2400184986,Eesti loob maailma esimese agentide riigi,101,1,358.0799999999999,0.0632481440463763
2400184986,Eesti loob maailma esimese agentide riigi,223,1,92.07999999999991,0.0162642121978058
2400184989,Tiigri üleandmine. Kes kannab Eesti digilugu edasi_,-1,3,595.4569999999999,0.1231184315295266
2400184989,Tiigri üleandmine. Kes kannab Eesti digilugu edasi_,4,10,3309.5199999999995,0.6842860383127565
2400184989,Tiigri üleandmine. Kes kannab Eesti digilugu edasi_,19,1,96.84000000000016,0.0200229217379582
2400184989,Tiigri üleandmine. Kes kannab Eesti digilugu edasi_,29,1,385.52,0.0797112431682944
2400184989,Tiigri üleandmine. Kes kannab Eesti digilugu edasi_,67,1,128.8800000000001,0.0266476058817436
2400184989,Tiigri üleandmine. Kes kannab Eesti digilugu edasi_,96,1,320.24,0.0662137593697204
2400184992,"Usalda, aga kontrolli – mis saab valesti minna, kui AI-agent saab isikukoodi_",-1,9,2084.947,0.3481929495564979
2400184992,"Usalda, aga kontrolli – mis saab valesti minna, kui AI-agent saab isikukoodi_",29,1,323.55999999999995,0.0540355753688225
2400184992,"Usalda, aga kontrolli – mis saab valesti minna, kui AI-agent saab isikukoodi_",80,6,2128.6800000000003,0.3554965032022041
2400184992,"Usalda, aga kontrolli – mis saab valesti minna, kui AI-agent saab isikukoodi_",84,1,93.72000000000024,0.0156515456903389
2400184992,"Usalda, aga kontrolli – mis saab valesti minna, kui AI-agent saab isikukoodi_",123,3,1007.64,0.168279166660404
2400184992,"Usalda, aga kontrolli – mis saab valesti minna, kui AI-agent saab isikukoodi_",164,2,349.35999999999945,0.0583442595217326
2400184995,Kas annaksid AI-le õiguse enda nimel tegutseda_,-1,6,1174.2399999999998,0.2182031171024385
2400184995,Kas annaksid AI-le õiguse enda nimel tegutseda_,29,1,230.4399999999996,0.0428215069364745
2400184995,Kas annaksid AI-le õiguse enda nimel tegutseda_,69,1,96.0,0.0178391974739696
2400184995,Kas annaksid AI-le õiguse enda nimel tegutseda_,80,5,1740.7999999999995,0.3234841141946493
2400184995,Kas annaksid AI-le õiguse enda nimel tegutseda_,106,1,98.24000000000068,0.018255445415029
2400184995,Kas annaksid AI-le õiguse enda nimel tegutseda_,123,7,2041.6880000000008,0.3793966188774388
2400207741,"Kuidas rahastada terviseidusid nii, et uued lahendused jõuaksid ka Eestis kasutusele_",-1,6,1660.24,0.3047104732937854
2400207741,"Kuidas rahastada terviseidusid nii, et uued lahendused jõuaksid ka Eestis kasutusele_",29,1,95.64,0.0175531909036149
2400207741,"Kuidas rahastada terviseidusid nii, et uued lahendused jõuaksid ka Eestis kasutusele_",48,1,94.59999999999992,0.0173623155529273
2400207741,"Kuidas rahastada terviseidusid nii, et uued lahendused jõuaksid ka Eestis kasutusele_",90,1,295.27999999999975,0.0541939168759871
2400207741,"Kuidas rahastada terviseidusid nii, et uued lahendused jõuaksid ka Eestis kasutusele_",104,2,451.36000000000064,0.0828399021984069
2400207741,"Kuidas rahastada terviseidusid nii, et uued lahendused jõuaksid ka Eestis kasutusele_",110,3,877.9999999999999,0.1611428441381628
2400207741,"Kuidas rahastada terviseidusid nii, et uued lahendused jõuaksid ka Eestis kasutusele_",199,1,96.80000000000018,0.017766090333228
2400207741,"Kuidas rahastada terviseidusid nii, et uued lahendused jõuaksid ka Eestis kasutusele_",227,5,1876.662,0.3444312667038873
2400207744,Konkurents tervishoius – kas oht või lahendus_,-1,3,646.5599999999998,0.1209657050551675
2400207744,Konkurents tervishoius – kas oht või lahendus_,58,1,95.0,0.0177736667598381
2400207744,Konkurents tervishoius – kas oht või lahendus_,90,1,237.90599999999995,0.0445101259385899
2400207744,Konkurents tervishoius – kas oht või lahendus_,152,1,158.36000000000013,0.0296277670325048
2400207744,Konkurents tervishoius – kas oht või lahendus_,216,1,164.55999999999997,0.0307877326526205
2400207744,Konkurents tervishoius – kas oht või lahendus_,217,4,1324.64,0.2478285256500204
2400207744,Konkurents tervishoius – kas oht või lahendus_,229,6,2717.96,0.5085064769112585
2400207747,Kuidas tehnoloogia areng meie aju mõjutab_,-1,13,3489.76,0.7054000368288612
2400207747,Kuidas tehnoloogia areng meie aju mõjutab_,127,5,1229.0870000000004,0.2484405847582283
2400207747,Kuidas tehnoloogia areng meie aju mõjutab_,200,1,228.35999999999967,0.0461593784129104
2400207750,Eesti terviseandmed_ kristallkuul või kompass_,-1,7,2060.44,0.3675789657716127
2400207750,Eesti terviseandmed_ kristallkuul või kompass_,12,1,428.6399999999994,0.076468641595166
2400207750,Eesti terviseandmed_ kristallkuul või kompass_,90,6,1508.84,0.269174470848382
2400207750,Eesti terviseandmed_ kristallkuul või kompass_,106,1,197.80000000000015,0.0352871811019127
2400207750,Eesti terviseandmed_ kristallkuul või kompass_,128,1,432.44000000000005,0.0771465550844849
2400207750,Eesti terviseandmed_ kristallkuul või kompass_,150,3,880.1150000000004,0.1570110080662786
2400207750,Eesti terviseandmed_ kristallkuul või kompass_,152,1,97.15999999999984,0.0173331775321629
2400207753,"Uued hambad Türgist – kes parandab, kui midagi läheb valesti_",12,1,120.17900000000007,0.0228892369219529
2400207753,"Uued hambad Türgist – kes parandab, kui midagi läheb valesti_",41,17,5000.839999999999,0.9524576803666116
2400207753,"Uued hambad Türgist – kes parandab, kui midagi läheb valesti_",162,1,129.4400000000005,0.0246530827114354
2400207756,Kuhu kaovad töötajad_,-1,4,604.1170000000001,0.1112645101616946
2400207756,Kuhu kaovad töötajad_,31,14,4663.799999999999,0.8589651052562851
2400207756,Kuhu kaovad töötajad_,144,1,161.63999999999987,0.0297703845820202
2400207759,Tervishoid aastal 2050_ milliseid otsuseid peame tegema juba täna_,-1,8,2288.9600000000005,0.421862401155949
2400207759,Tervishoid aastal 2050_ milliseid otsuseid peame tegema juba täna_,29,1,94.40000000000008,0.0173982117071166
2400207759,Tervishoid aastal 2050_ milliseid otsuseid peame tegema juba täna_,104,2,893.6399999999998,0.1647006134528354
2400207759,Tervishoid aastal 2050_ milliseid otsuseid peame tegema juba täna_,110,4,1224.884999999999,0.2257500905388928
2400207759,Tervishoid aastal 2050_ milliseid otsuseid peame tegema juba täna_,217,1,592.1999999999998,0.1091442899677377
2400207759,Tervishoid aastal 2050_ milliseid otsuseid peame tegema juba täna_,222,2,331.7600000000002,0.0611443931774682
2400207762,Kelle vastutus on ennetus tervishoius_,-1,5,1092.9219999999996,0.2032359404805338
2400207762,Kelle vastutus on ennetus tervishoius_,5,1,323.2000000000003,0.060101138016536
2400207762,Kelle vastutus on ennetus tervishoius_,12,3,1163.0,0.2162673994840079
2400207762,Kelle vastutus on ennetus tervishoius_,31,1,461.8800000000001,0.0858895842421957
2400207762,Kelle vastutus on ennetus tervishoius_,83,1,167.71999999999937,0.0311886227355611
2400207762,Kelle vastutus on ennetus tervishoius_,90,1,188.36000000000055,0.0350267647178055
2400207762,Kelle vastutus on ennetus tervishoius_,121,1,287.52,0.0534662104038193
2400207762,Kelle vastutus on ennetus tervishoius_,152,3,677.5199999999999,0.1259892420450602
2400207762,Kelle vastutus on ennetus tervishoius_,204,1,96.03999999999996,0.017859261432884
2400207762,Kelle vastutus on ennetus tervishoius_,218,2,691.24,0.1285405651069008
2400207762,Kelle vastutus on ennetus tervishoius_,222,2,228.20000000000005,0.0424352713346952
2400207765,Üksilduse rohi_ kes vastutab üksilduse eest_,-1,8,1226.239999999999,0.2237757337349071
2400207765,Üksilduse rohi_ kes vastutab üksilduse eest_,14,1,124.53200000000017,0.0227257630426959
2400207765,Üksilduse rohi_ kes vastutab üksilduse eest_,34,2,254.27999999999972,0.0464033905060283
2400207765,Üksilduse rohi_ kes vastutab üksilduse eest_,36,1,431.1599999999999,0.0786821057518451
2400207765,Üksilduse rohi_ kes vastutab üksilduse eest_,121,1,327.0800000000004,0.0596886147817829
2400207765,Üksilduse rohi_ kes vastutab üksilduse eest_,147,1,519.3200000000002,0.0947703663583083
2400207765,Üksilduse rohi_ kes vastutab üksilduse eest_,149,8,2597.1600000000003,0.4739540258244322
