episode_id,title,topic_id,passage_count,covered_seconds,fraction_of_analyzed_talk
2247188684,Kas kiirustades elad kauem?,-1,11,3036.3610000000003,0.5841491242364014
2247188684,Kas kiirustades elad kauem?,6,4,1116.8400000000004,0.2148628268879039
2247188684,Kas kiirustades elad kauem?,20,2,284.0399999999995,0.0546449243841912
2247188684,Kas kiirustades elad kauem?,42,1,199.76000000000025,0.0384307495246657
2247188684,Kas kiirustades elad kauem?,49,1,325.6399999999999,0.0626481241250107
2247188684,Kas kiirustades elad kauem?,56,1,235.2800000000001,0.0452642508418269
2247188687,Kes koristab?!,-1,5,1163.9999999999995,0.2157250595236219
2247188687,Kes koristab?!,2,1,100.72000000000004,0.0186665188962364
2247188687,Kes koristab?!,49,10,3843.397000000001,0.7122998682112633
2247188687,Kes koristab?!,105,2,287.6399999999994,0.0533085533688784
2247188690,Kas kõik on kiusamine?,-1,2,403.8799999999999,0.0771026155097901
2247188690,Kas kõik on kiusamine?,6,2,955.92,0.1824896806430589
2247188690,Kas kõik on kiusamine?,11,6,2388.6799999999994,0.4560103882735603
2247188690,Kas kõik on kiusamine?,16,1,129.0,0.0246267143724941
2247188690,Kas kõik on kiusamine?,20,5,1267.2940000000003,0.2419324601858573
2247188690,Kas kõik on kiusamine?,97,1,93.44000000000004,0.0178381410152391
2247188693,Töökius otse laval,-1,7,1501.1300000000008,0.2802995079778544
2247188693,Töökius otse laval,6,6,2246.96,0.4195651159099608
2247188693,Töökius otse laval,11,4,1505.9199999999994,0.2811939239466337
2247188693,Töökius otse laval,55,1,101.44000000000004,0.0189414521655509
2247188696,Juhi võim versus töötaja julgus,-1,4,763.6910000000007,0.144892805191538
2247188696,Juhi võim versus töötaja julgus,6,1,523.1999999999998,0.0992651683419244
2247188696,Juhi võim versus töötaja julgus,11,11,3474.64,0.6592330361765758
2247188696,Juhi võim versus töötaja julgus,20,1,97.92000000000009,0.0185780682034427
2247188696,Juhi võim versus töötaja julgus,70,2,411.2800000000002,0.0780309220865189
2247188699,Õpiamps kui osa tööst,-1,8,2535.6,0.4635768732986778
2247188699,Õpiamps kui osa tööst,2,2,850.2800000000003,0.1554543870596308
2247188699,Õpiamps kui osa tööst,20,1,161.8800000000001,0.0295960814992861
2247188699,Õpiamps kui osa tööst,46,1,159.03999999999996,0.0290768519992986
2247188699,Õpiamps kui osa tööst,70,2,701.802999999999,0.1283087397111656
2247188699,Õpiamps kui osa tööst,102,1,164.04,0.0299909884429385
2247188699,Õpiamps kui osa tööst,117,2,559.6400000000002,0.1023174638637293
2247188699,Õpiamps kui osa tööst,123,1,337.3600000000006,0.061678614125273
2247188702,Kuidas juhtida riiki? Visiooni põhjal? Väärtuste põhjal?,-1,2,331.4000000000001,0.0688166505561502
2247188702,Kuidas juhtida riiki? Visiooni põhjal? Väärtuste põhjal?,78,10,3929.855,0.8160514733595048
2247188702,Kuidas juhtida riiki? Visiooni põhjal? Väärtuste põhjal?,88,1,133.91999999999962,0.0278090701342173
2247188702,Kuidas juhtida riiki? Visiooni põhjal? Väärtuste põhjal?,112,1,225.92000000000007,0.0469132700472102
2247188702,Kuidas juhtida riiki? Visiooni põhjal? Väärtuste põhjal?,118,1,194.5999999999999,0.0404095359029174
2247188705,Kas töötaja on alati nõrgem osapool?,-1,7,1725.0800000000002,0.3125433690431544
2247188705,Kas töötaja on alati nõrgem osapool?,6,8,2952.970000000001,0.5350077633984301
2247188705,Kas töötaja on alati nõrgem osapool?,11,1,189.35999999999967,0.0343075175423815
2247188705,Kas töötaja on alati nõrgem osapool?,20,1,96.27999999999976,0.0174436406262172
2247188705,Kas töötaja on alati nõrgem osapool?,55,1,261.4799999999996,0.0473739421576992
2247188705,Kas töötaja on alati nõrgem osapool?,59,1,96.9599999999998,0.0175668404146034
2247188705,Kas töötaja on alati nõrgem osapool?,64,1,197.35999999999967,0.0357569268175138
2247188708,Disainime tööd,-1,7,1032.841,0.1997247898554353
2247188708,Disainime tööd,4,1,228.5599999999995,0.0441976044418823
2247188708,Disainime tööd,11,1,368.6800000000003,0.0712931956844296
2247188708,Disainime tööd,20,8,2976.8000000000006,0.5756362832630194
2247188708,Disainime tööd,69,1,230.6000000000001,0.0445920877856934
2247188708,Disainime tööd,70,2,333.8399999999997,0.0645560389695398
2250797864,Kuidas luua hoolivamat ühiskonda_ Pihlakodu juhtumist edasi!,-1,17,5795.743,0.956774839073604
2250797864,Kuidas luua hoolivamat ühiskonda_ Pihlakodu juhtumist edasi!,55,1,261.84000000000015,0.0432251609263959
2250797867,"Loodus, majandus ja julgeolek. Kas valida tuleb ainult kaks_",-1,9,2903.9600000000005,0.5506593686861265
2250797867,"Loodus, majandus ja julgeolek. Kas valida tuleb ainult kaks_",7,1,97.67999999999996,0.0185224338948404
2250797867,"Loodus, majandus ja julgeolek. Kas valida tuleb ainult kaks_",9,2,329.1200000000001,0.0624089214114443
2250797867,"Loodus, majandus ja julgeolek. Kas valida tuleb ainult kaks_",21,1,409.0799999999999,0.0775712249969423
2250797867,"Loodus, majandus ja julgeolek. Kas valida tuleb ainult kaks_",45,2,624.6450000000004,0.1184474377584215
2250797867,"Loodus, majandus ja julgeolek. Kas valida tuleb ainult kaks_",65,1,398.7599999999993,0.0756143093766027
2250797867,"Loodus, majandus ja julgeolek. Kas valida tuleb ainult kaks_",118,1,191.23999999999975,0.036263618530398
2250797867,"Loodus, majandus ja julgeolek. Kas valida tuleb ainult kaks_",130,1,319.1199999999999,0.0605126853452239
2250797870,Noored ja äärmuslus. Mida saame teha_,-1,6,1497.4900000000002,0.2928050618951995
2250797870,Noored ja äärmuslus. Mida saame teha_,29,1,101.07999999999991,0.0197642292478525
2250797870,Noored ja äärmuslus. Mida saame teha_,72,3,655.7599999999995,0.1282211216024119
2250797870,Noored ja äärmuslus. Mida saame teha_,75,1,127.32000000000016,0.0248949512053481
2250797870,Noored ja äärmuslus. Mida saame teha_,77,8,2732.6400000000003,0.5343146360491876
2250797873,Vasakpoolsus Eestis. Kas turumõtlemine on piisav_,-1,2,193.83999999999992,0.0342851119059402
2250797873,Vasakpoolsus Eestis. Kas turumõtlemine on piisav_,75,1,285.52,0.0505008519984732
2250797873,Vasakpoolsus Eestis. Kas turumõtlemine on piisav_,76,15,4815.766,0.8517802116323879
2250797873,Vasakpoolsus Eestis. Kas turumõtlemine on piisav_,96,3,358.6400000000003,0.0634338244631985
2250797876,Kas öko-eluviis on ainult rikastele_,-1,3,1176.8799999999997,0.2426635754319418
2250797876,Kas öko-eluviis on ainult rikastele_,4,1,325.1200000000008,0.0670372354398351
2250797876,Kas öko-eluviis on ainult rikastele_,65,7,2160.762,0.4455324523974183
2250797876,Kas öko-eluviis on ainult rikastele_,66,1,139.36,0.0287349567264253
2250797876,Kas öko-eluviis on ainult rikastele_,67,1,127.88000000000012,0.0263678693037835
2250797876,Kas öko-eluviis on ainult rikastele_,68,1,165.67999999999938,0.0341619376466283
2250797876,Kas öko-eluviis on ainult rikastele_,69,1,98.16000000000032,0.0202398346172927
2250797876,Kas öko-eluviis on ainult rikastele_,113,1,97.2800000000002,0.0200583854071947
2250797876,Kas öko-eluviis on ainult rikastele_,118,1,558.7199999999998,0.1152037530294801
2250797879,Looduskaitse ja riigikaitse – teineteist võimendavad jõud_,-1,3,519.7200000000009,0.0989161513752852
2250797879,Looduskaitse ja riigikaitse – teineteist võimendavad jõud_,65,1,194.07999999999996,0.0369384411970201
2250797879,Looduskaitse ja riigikaitse – teineteist võimendavad jõud_,66,11,3826.439999999999,0.728270449989313
2250797879,Looduskaitse ja riigikaitse – teineteist võimendavad jõud_,73,1,231.64000000000036,0.0440870801673421
2250797879,Looduskaitse ja riigikaitse – teineteist võimendavad jõud_,82,2,229.36000000000013,0.0436531372266516
2250797879,Looduskaitse ja riigikaitse – teineteist võimendavad jõud_,95,1,131.35999999999967,0.0250012038110086
2250797879,Looduskaitse ja riigikaitse – teineteist võimendavad jõud_,113,1,121.54699999999956,0.023133536233379
2250797882,Meedia roll progressiivsete teemade kajastamisel,-1,6,1014.4000000000002,0.2046002378800479
2250797882,Meedia roll progressiivsete teemade kajastamisel,15,2,590.4800000000005,0.1190973466713434
2250797882,Meedia roll progressiivsete teemade kajastamisel,41,6,2106.8809999999994,0.4249490869331161
2250797882,Meedia roll progressiivsete teemade kajastamisel,77,1,293.64,0.0592259600267126
2250797882,Meedia roll progressiivsete teemade kajastamisel,121,3,952.5599999999998,0.1921273684887799
2250797888,Rohkem kui kondoom ja video. Seksuaalhariduse tulevik Eestis,-1,4,637.6800000000001,0.1223825914563639
2250797888,Rohkem kui kondoom ja video. Seksuaalhariduse tulevik Eestis,34,16,4439.385,0.8520001266662125
2250797888,Rohkem kui kondoom ja video. Seksuaalhariduse tulevik Eestis,44,1,133.48000000000002,0.0256172818774235
2254333406,"Kuhu pöörad, rohepööre_",-1,10,2758.013,0.4811394402863934
2254333406,"Kuhu pöörad, rohepööre_",9,5,1085.4,0.1893496326836934
2254333406,"Kuhu pöörad, rohepööre_",23,1,388.3600000000001,0.0677499754459546
2254333406,"Kuhu pöörad, rohepööre_",36,1,99.11999999999988,0.017291630358953
2254333406,"Kuhu pöörad, rohepööre_",57,4,946.6799999999998,0.1651497238520351
2254333406,"Kuhu pöörad, rohepööre_",65,1,127.20000000000029,0.0221902278214168
2254333406,"Kuhu pöörad, rohepööre_",73,1,129.4399999999996,0.0225809991289637
2254333406,"Kuhu pöörad, rohepööre_",111,1,100.20000000000005,0.0174800379536632
2254333406,"Kuhu pöörad, rohepööre_",118,1,97.84000000000016,0.0170683324689262
2254333409,Kust tuleb raha aastal 2040_,-1,8,2268.6,0.4305626200435762
2254333409,Kust tuleb raha aastal 2040_,9,1,289.6400000000003,0.0549714172923484
2254333409,Kust tuleb raha aastal 2040_,17,3,325.9599999999998,0.0618646705586723
2254333409,Kust tuleb raha aastal 2040_,28,1,129.4399999999996,0.0245667043720534
2254333409,Kust tuleb raha aastal 2040_,42,4,1102.7199999999996,0.209287671856851
2254333409,Kust tuleb raha aastal 2040_,97,1,488.2000000000003,0.0926565595985515
2254333409,Kust tuleb raha aastal 2040_,99,1,297.8000000000002,0.0565201217706854
2254333409,Kust tuleb raha aastal 2040_,118,1,366.5600000000004,0.0695702345072615
2254333412,Millist väliruumi ootame oma linnadesse_ LIFE Tartu ROHEringiga.alp,-1,11,3186.908,0.5643953481288169
2254333412,Millist väliruumi ootame oma linnadesse_ LIFE Tartu ROHEringiga.alp,30,6,1808.36,0.3202571181038885
2254333412,Millist väliruumi ootame oma linnadesse_ LIFE Tartu ROHEringiga.alp,45,1,161.0,0.0285127939208598
2254333412,Millist väliruumi ootame oma linnadesse_ LIFE Tartu ROHEringiga.alp,68,1,128.51999999999953,0.0227606476689993
2254333412,Millist väliruumi ootame oma linnadesse_ LIFE Tartu ROHEringiga.alp,81,1,361.8000000000002,0.0640740921774353
2254333415,Hakkab looma! Unistades loome Eesti tulevikku,-1,4,1013.36,0.1976339932964833
2254333415,Hakkab looma! Unistades loome Eesti tulevikku,4,1,256.32000000000005,0.0499896829969158
2254333415,Hakkab looma! Unistades loome Eesti tulevikku,35,1,94.96000000000004,0.0185198981639635
2254333415,Hakkab looma! Unistades loome Eesti tulevikku,122,11,3762.818,0.7338564255426373
2258666735,Milliseid lasteraamatuid tahame – lastega ja lastele,-1,1,372.859,1.0
2258666738,Mitmekultuuriline maailm Eesti koolis,-1,2,610.6400000000003,0.1166575539892704
2258666738,Mitmekultuuriline maailm Eesti koolis,16,1,261.19999999999936,0.0499000280066771
2258666738,Mitmekultuuriline maailm Eesti koolis,39,2,882.1599999999999,0.1685291298099939
2258666738,Mitmekultuuriline maailm Eesti koolis,46,13,3480.466000000001,0.6649132881940585
2258666741,Me paneme selle muuseumi kinni!,-1,2,230.0,0.0547018239252934
2258666741,Me paneme selle muuseumi kinni!,25,14,3974.613,0.9452981760747066
2258666744,Rahvus: inimene,-1,2,231.68000000000012,0.0559616635551357
2258666744,Rahvus: inimene,16,4,1065.7199999999998,0.257421719975739
2258666744,Rahvus: inimene,27,3,1283.5769999999998,0.3100444760924999
2258666744,Rahvus: inimene,39,2,430.7600000000002,0.1040488872281175
2258666744,Rahvus: inimene,46,2,452.36,0.1092663075181335
2258666744,Rahvus: inimene,75,3,675.8800000000001,0.1632569456303743
2258666747,"Kaua säilib Eesti kultuur, kui meid saab olema nii vähe",-1,5,1702.64,0.323336213526781
2258666747,"Kaua säilib Eesti kultuur, kui meid saab olema nii vähe",16,1,261.4,0.0496406088285841
2258666747,"Kaua säilib Eesti kultuur, kui meid saab olema nii vähe",39,10,3072.5700000000006,0.5834898449443111
2258666747,"Kaua säilib Eesti kultuur, kui meid saab olema nii vähe",63,1,229.23999999999975,0.0435333327003237
2267420987,Kliimatark metsandus. Kuidas kohaneda ja tegutseda muutuvas keskkonnas_,-1,7,1430.7199999999991,0.2525800068250551
2267420987,Kliimatark metsandus. Kuidas kohaneda ja tegutseda muutuvas keskkonnas_,9,1,95.60000000000002,0.0168772706416876
2267420987,Kliimatark metsandus. Kuidas kohaneda ja tegutseda muutuvas keskkonnas_,19,12,4138.103000000001,0.7305427225332572
2267420990,Püsimetsandus – kas kesktee metsakaitse ja metsamajanduse vahel_,-1,1,192.0,0.0336773687029898
2267420990,Püsimetsandus – kas kesktee metsakaitse ja metsamajanduse vahel_,79,16,5000.72,0.8771411001063293
2267420990,Püsimetsandus – kas kesktee metsakaitse ja metsamajanduse vahel_,82,3,508.4379999999999,0.0891815311906808
2267420993,"Mõõdame eurodes, mitte tihumeetrites",-1,10,2329.68,0.6288676964057569
2267420993,"Mõõdame eurodes, mitte tihumeetrites",36,1,100.24,0.0270585221522754
2267420993,"Mõõdame eurodes, mitte tihumeetrites",65,1,259.84000000000015,0.0701405266964012
2267420993,"Mõõdame eurodes, mitte tihumeetrites",73,1,230.4029999999998,0.0621943802818307
2267420993,"Mõõdame eurodes, mitte tihumeetrites",82,2,525.5600000000001,0.1418682851391648
2267420993,"Mõõdame eurodes, mitte tihumeetrites",97,2,258.84000000000003,0.0698705893245708
2267420996,"Eesti inimesed soovivad, ökoloogid soovitavad ja prognoosid näitavad, et raiemahtu peaks vähendama. Mis seda takistab_",-1,3,831.04,0.1426444982725569
2267420996,"Eesti inimesed soovivad, ökoloogid soovitavad ja prognoosid näitavad, et raiemahtu peaks vähendama. Mis seda takistab_",4,1,203.63999999999987,0.0349539440077775
2267420996,"Eesti inimesed soovivad, ökoloogid soovitavad ja prognoosid näitavad, et raiemahtu peaks vähendama. Mis seda takistab_",19,13,3960.92,0.679875151734858
2267420996,"Eesti inimesed soovivad, ökoloogid soovitavad ja prognoosid näitavad, et raiemahtu peaks vähendama. Mis seda takistab_",82,3,830.3520000000003,0.1425264059848073
2267420999,Kas tulevikumetsad vajavad rangemat kaitset või paindlikumat majandamist_,-1,4,946.7200000000004,0.1900191379973044
2267420999,Kas tulevikumetsad vajavad rangemat kaitset või paindlikumat majandamist_,19,7,2724.275,0.5467977724856414
2267420999,Kas tulevikumetsad vajavad rangemat kaitset või paindlikumat majandamist_,66,1,172.44000000000003,0.0346109727863097
2267420999,Kas tulevikumetsad vajavad rangemat kaitset või paindlikumat majandamist_,82,4,1138.8000000000002,0.2285721167307443
2271676346,Ajateenistuse tulevikuvaade – kuhu liigume ja miks_,-1,3,501.72,0.0902123582947469
2271676346,Ajateenistuse tulevikuvaade – kuhu liigume ja miks_,4,1,133.48000000000002,0.0240005293494036
2271676346,Ajateenistuse tulevikuvaade – kuhu liigume ja miks_,10,2,411.4639999999995,0.0739837714131182
2271676346,Ajateenistuse tulevikuvaade – kuhu liigume ja miks_,18,1,235.51999999999956,0.0423479522952618
2271676346,Ajateenistuse tulevikuvaade – kuhu liigume ja miks_,110,11,3951.400000000001,0.7104861527662104
2271676346,Ajateenistuse tulevikuvaade – kuhu liigume ja miks_,130,1,327.96000000000004,0.0589692358812588
2271676349,Millised on minu kui kodaniku võimalused toetada laiapõhjalist riigikaitset,-1,4,581.6000000000006,0.1001780157828604
2271676349,Millised on minu kui kodaniku võimalused toetada laiapõhjalist riigikaitset,10,12,4072.439999999999,0.7014596949703434
2271676349,Millised on minu kui kodaniku võimalused toetada laiapõhjalist riigikaitset,63,1,560.8649999999998,0.0966065041644669
2271676349,Millised on minu kui kodaniku võimalused toetada laiapõhjalist riigikaitset,78,1,325.84000000000015,0.0561244921985681
2271676349,Millised on minu kui kodaniku võimalused toetada laiapõhjalist riigikaitset,120,1,264.9200000000001,0.0456312928837609
2271676352,Ajalugu oleviku teejuhina – kristallkuul või kõverpeegel_,-1,7,2527.100000000001,0.4545716187289768
2271676352,Ajalugu oleviku teejuhina – kristallkuul või kõverpeegel_,10,1,161.68,0.0290827981940172
2271676352,Ajalugu oleviku teejuhina – kristallkuul või kõverpeegel_,16,1,95.44000000000004,0.0171676290180418
2271676352,Ajalugu oleviku teejuhina – kristallkuul või kõverpeegel_,18,10,2358.7999999999997,0.4242980231324086
2271676352,Ajalugu oleviku teejuhina – kristallkuul või kõverpeegel_,73,1,97.2,0.0174842156386595
2271676352,Ajalugu oleviku teejuhina – kristallkuul või kõverpeegel_,76,1,319.0799999999999,0.0573957152878959
2271676355,Valel on ohtlikud jalad ehk kuidas väärinfo ohustab meie julgeolekut.,-1,12,4351.537,0.7608357635052664
2271676355,Valel on ohtlikud jalad ehk kuidas väärinfo ohustab meie julgeolekut.,0,2,265.1199999999999,0.046354374930172
2271676355,Valel on ohtlikud jalad ehk kuidas väärinfo ohustab meie julgeolekut.,18,1,471.68,0.0824699440519899
2271676355,Valel on ohtlikud jalad ehk kuidas väärinfo ohustab meie julgeolekut.,29,1,99.16000000000008,0.0173374314200206
2271676355,Valel on ohtlikud jalad ehk kuidas väärinfo ohustab meie julgeolekut.,75,1,138.56000000000006,0.0242262454372534
2271676355,Valel on ohtlikud jalad ehk kuidas väärinfo ohustab meie julgeolekut.,121,2,393.3600000000006,0.0687762406552976
2271676358,Kaitsekulud Eestis. Ühiskonna roll kaitsevõime tagajana,-1,9,2938.989,0.5488565383736941
2271676358,Kaitsekulud Eestis. Ühiskonna roll kaitsevõime tagajana,4,1,133.6400000000001,0.0249572855795855
2271676358,Kaitsekulud Eestis. Ühiskonna roll kaitsevõime tagajana,10,1,317.3199999999997,0.0592595469927721
2271676358,Kaitsekulud Eestis. Ühiskonna roll kaitsevõime tagajana,18,1,164.55999999999997,0.0307315991842007
2271676358,Kaitsekulud Eestis. Ühiskonna roll kaitsevõime tagajana,111,1,264.5999999999999,0.0494140808467399
2271676358,Kaitsekulud Eestis. Ühiskonna roll kaitsevõime tagajana,130,6,1535.6400000000003,0.2867809490230075
2271676361,"“Kogu rahvas peab sõda. Sõjavägi peab lahinguid.” – Kindralleitnant Nikolai Reek, Sõjavägede staabi ülem 1937.",-1,8,2181.6400000000003,0.4123353599438738
2271676361,"“Kogu rahvas peab sõda. Sõjavägi peab lahinguid.” – Kindralleitnant Nikolai Reek, Sõjavägede staabi ülem 1937.",7,2,594.1999999999998,0.1123052707498256
2271676361,"“Kogu rahvas peab sõda. Sõjavägi peab lahinguid.” – Kindralleitnant Nikolai Reek, Sõjavägede staabi ülem 1937.",10,4,1043.08,0.1971447018070148
2271676361,"“Kogu rahvas peab sõda. Sõjavägi peab lahinguid.” – Kindralleitnant Nikolai Reek, Sõjavägede staabi ülem 1937.",12,1,253.76,0.047961268100767
2271676361,"“Kogu rahvas peab sõda. Sõjavägi peab lahinguid.” – Kindralleitnant Nikolai Reek, Sõjavägede staabi ülem 1937.",18,2,737.7360000000003,0.1394339300267476
2271676361,"“Kogu rahvas peab sõda. Sõjavägi peab lahinguid.” – Kindralleitnant Nikolai Reek, Sõjavägede staabi ülem 1937.",37,1,289.1999999999998,0.0546595158210191
2271676361,"“Kogu rahvas peab sõda. Sõjavägi peab lahinguid.” – Kindralleitnant Nikolai Reek, Sõjavägede staabi ülem 1937.",120,1,191.32000000000016,0.0361599535507517
2271676364,"Rahvaarv kahaneb, aga ohud kasvavad. Kas Eesti riigikaitse vajab uut lähenemist_",-1,6,1034.8400000000006,0.2095721434545665
2271676364,"Rahvaarv kahaneb, aga ohud kasvavad. Kas Eesti riigikaitse vajab uut lähenemist_",10,9,3167.9099999999994,0.6415539493749328
2271676364,"Rahvaarv kahaneb, aga ohud kasvavad. Kas Eesti riigikaitse vajab uut lähenemist_",15,1,125.16000000000032,0.0253469613416311
2271676364,"Rahvaarv kahaneb, aga ohud kasvavad. Kas Eesti riigikaitse vajab uut lähenemist_",73,2,226.83999999999975,0.0459388359758356
2271676364,"Rahvaarv kahaneb, aga ohud kasvavad. Kas Eesti riigikaitse vajab uut lähenemist_",110,1,383.12000000000006,0.0775881098530338
2271676367,"Kui sõda algab, kolin Hispaaniasse_",-1,8,2053.34,0.3638622195287054
2271676367,"Kui sõda algab, kolin Hispaaniasse_",10,8,2836.8400000000006,0.5027023770285548
2271676367,"Kui sõda algab, kolin Hispaaniasse_",15,1,134.2800000000002,0.0237950942553666
2271676367,"Kui sõda algab, kolin Hispaaniasse_",95,1,227.4000000000001,0.040296428609401
2271676367,"Kui sõda algab, kolin Hispaaniasse_",96,1,391.3199999999997,0.0693438805779719
2277338243,Maailmahariduslik mälumäng ja mõtteharjutused koos Ivo Linnaga,-1,10,3112.24,0.648551145942346
2277338243,Maailmahariduslik mälumäng ja mõtteharjutused koos Ivo Linnaga,4,1,187.79799999999975,0.0391347094394007
2277338243,Maailmahariduslik mälumäng ja mõtteharjutused koos Ivo Linnaga,9,2,595.8799999999997,0.1241737966365463
2277338243,Maailmahariduslik mälumäng ja mõtteharjutused koos Ivo Linnaga,18,1,110.08000000000038,0.0229392688691533
2277338243,Maailmahariduslik mälumäng ja mõtteharjutused koos Ivo Linnaga,68,1,105.48000000000002,0.0219806875028913
2277338243,Maailmahariduslik mälumäng ja mõtteharjutused koos Ivo Linnaga,95,2,687.2799999999997,0.1432203916096623
2277338246,Ettevõtjad ja noored - kas parallelmaailmad või partnerid ettevõtliku tulevikupõlvkonna kujundamisel_,-1,1,158.19700000000012,0.0288056342121282
2277338246,Ettevõtjad ja noored - kas parallelmaailmad või partnerid ettevõtliku tulevikupõlvkonna kujundamisel_,3,2,491.87999999999977,0.0895650066452689
2277338246,Ettevõtjad ja noored - kas parallelmaailmad või partnerid ettevõtliku tulevikupõlvkonna kujundamisel_,23,12,4645.24,0.8458383172092163
2277338246,Ettevõtjad ja noored - kas parallelmaailmad või partnerid ettevõtliku tulevikupõlvkonna kujundamisel_,70,1,196.55999999999997,0.0357910419333863
2277338249,Kas lapsi saab panna liikuma_,-1,6,1406.1200000000003,0.2680505996691402
2277338249,Kas lapsi saab panna liikuma_,3,1,195.84000000000012,0.0373332499638753
2277338249,Kas lapsi saab panna liikuma_,59,11,3643.766,0.6946161503669844
2280202454,Oskusi kombineerides saame tõenäolisemalt olümpiavõitjaks,-1,1,163.51999999999998,0.0306217629873297
2280202454,Oskusi kombineerides saame tõenäolisemalt olümpiavõitjaks,0,3,560.2729999999997,0.1049201749889933
2280202454,Oskusi kombineerides saame tõenäolisemalt olümpiavõitjaks,2,7,2693.96,0.5044875526990391
2280202454,Oskusi kombineerides saame tõenäolisemalt olümpiavõitjaks,5,1,320.3199999999997,0.0599850973587418
2280202454,Oskusi kombineerides saame tõenäolisemalt olümpiavõitjaks,17,1,527.4000000000001,0.0987641744099664
2280202454,Oskusi kombineerides saame tõenäolisemalt olümpiavõitjaks,32,1,99.32000000000062,0.0185992753174022
2280202454,Oskusi kombineerides saame tõenäolisemalt olümpiavõitjaks,35,1,256.8800000000001,0.0481049319727572
2280202454,Oskusi kombineerides saame tõenäolisemalt olümpiavõitjaks,48,1,95.03999999999996,0.0177977761394069
2280202454,Oskusi kombineerides saame tõenäolisemalt olümpiavõitjaks,59,1,161.92000000000002,0.0303221371263969
2280202454,Oskusi kombineerides saame tõenäolisemalt olümpiavõitjaks,62,2,367.44,0.0688090789632121
2280202454,Oskusi kombineerides saame tõenäolisemalt olümpiavõitjaks,73,1,93.92,0.0175880380367539
2280202457,Naised ettevõtluses sotsiodraama_ Kuidas tappa ettevõtjat_,-1,4,747.5390000000002,0.1642156426625578
2280202457,Naised ettevõtluses sotsiodraama_ Kuidas tappa ettevõtjat_,23,7,2601.9200000000005,0.571576820683018
2280202457,Naised ettevõtluses sotsiodraama_ Kuidas tappa ettevõtjat_,97,1,391.59999999999945,0.0860247367249836
2280202457,Naised ettevõtluses sotsiodraama_ Kuidas tappa ettevõtjat_,99,1,581.7600000000002,0.1277981379906194
2280202457,Naised ettevõtluses sotsiodraama_ Kuidas tappa ettevõtjat_,101,1,229.36,0.0503846619388209
2280202460,Tööstusinvesteeringud ja energiajulgeolek. Kuidas tagada tööstuse edukas tulevik muutuvas geopoliitilises olukorras_,-1,9,2882.48,0.5258581718288388
2280202460,Tööstusinvesteeringud ja energiajulgeolek. Kuidas tagada tööstuse edukas tulevik muutuvas geopoliitilises olukorras_,2,1,195.5600000000004,0.035676509145891
2280202460,Tööstusinvesteeringud ja energiajulgeolek. Kuidas tagada tööstuse edukas tulevik muutuvas geopoliitilises olukorras_,13,2,485.4400000000003,0.0885600562476033
2280202460,Tööstusinvesteeringud ja energiajulgeolek. Kuidas tagada tööstuse edukas tulevik muutuvas geopoliitilises olukorras_,23,1,291.24,0.0531316553674027
2280202460,Tööstusinvesteeringud ja energiajulgeolek. Kuidas tagada tööstuse edukas tulevik muutuvas geopoliitilises olukorras_,42,3,828.3180000000001,0.151112163544212
2280202460,Tööstusinvesteeringud ja energiajulgeolek. Kuidas tagada tööstuse edukas tulevik muutuvas geopoliitilises olukorras_,48,1,223.15999999999983,0.0407116474790193
2280202460,Tööstusinvesteeringud ja energiajulgeolek. Kuidas tagada tööstuse edukas tulevik muutuvas geopoliitilises olukorras_,85,1,99.27999999999996,0.0181119033953981
2280202460,Tööstusinvesteeringud ja energiajulgeolek. Kuidas tagada tööstuse edukas tulevik muutuvas geopoliitilises olukorras_,97,1,251.12000000000003,0.0458124615295363
2280202460,Tööstusinvesteeringud ja energiajulgeolek. Kuidas tagada tööstuse edukas tulevik muutuvas geopoliitilises olukorras_,99,2,224.87999999999963,0.0410254314620983
2280202463,Kohalikud bioressursid majanduse hüvanguks. Miks on see päriselus nii raske_,-1,7,1512.425000000001,0.2777933390578437
2280202463,Kohalikud bioressursid majanduse hüvanguks. Miks on see päriselus nii raske_,7,2,680.5999999999999,0.1250086097246265
2280202463,Kohalikud bioressursid majanduse hüvanguks. Miks on see päriselus nii raske_,19,1,518.8799999999997,0.0953048301703117
2280202463,Kohalikud bioressursid majanduse hüvanguks. Miks on see päriselus nii raske_,124,9,2732.5199999999995,0.5018932210472179
2280202466,Kas Eestist võiks saada uute keskkonnasõbralike kütuste tootja_,-1,1,171.08000000000015,0.0334453848868227
2280202466,Kas Eestist võiks saada uute keskkonnasõbralike kütuste tootja_,9,1,300.04,0.0586564956829687
2280202466,Kas Eestist võiks saada uute keskkonnasõbralike kütuste tootja_,60,14,4514.965,0.8826557293402708
2280202466,Kas Eestist võiks saada uute keskkonnasõbralike kütuste tootja_,125,1,129.1199999999999,0.0252423900899377
2280202469,Eesti Looduskapital. Kas roheinvestori järgmine edulugu või riiklikult pidurdatud potentsiaal_,-1,5,999.16,0.1902022864783451
2280202469,Eesti Looduskapital. Kas roheinvestori järgmine edulugu või riiklikult pidurdatud potentsiaal_,9,1,97.96,0.018647880202789
2280202469,Eesti Looduskapital. Kas roheinvestori järgmine edulugu või riiklikult pidurdatud potentsiaal_,57,1,256.4399999999998,0.0488164801878646
2280202469,Eesti Looduskapital. Kas roheinvestori järgmine edulugu või riiklikult pidurdatud potentsiaal_,65,1,291.8800000000001,0.05556291622693
2280202469,Eesti Looduskapital. Kas roheinvestori järgmine edulugu või riiklikult pidurdatud potentsiaal_,116,12,3607.704,0.6867704369040711
2280202472,Rändepööre - võimalus või identiteedikriis_,-1,2,315.3199999999997,0.0552498288555424
2280202472,Rändepööre - võimalus või identiteedikriis_,23,1,129.8800000000001,0.0227573505383669
2280202472,Rändepööre - võimalus või identiteedikriis_,27,12,4102.887000000001,0.7189008136611389
2280202472,Rändepööre - võimalus või identiteedikriis_,36,2,511.55999999999926,0.0896346646243222
2280202472,Rändepööre - võimalus või identiteedikriis_,39,1,131.87999999999988,0.0231077871034788
2280202472,Rändepööre - võimalus või identiteedikriis_,75,2,254.24000000000024,0.044547496157025
2280202472,Rändepööre - võimalus või identiteedikriis_,95,1,160.80000000000018,0.0281750998349969
2280202472,Rändepööre - võimalus või identiteedikriis_,96,1,100.59999999999944,0.0176269592251285
2280202475,"Kes ütles, et tehnoloogiasektoris töötamine pole naistele_",-1,1,101.39999999999998,0.0188111396823588
2280202475,"Kes ütles, et tehnoloogiasektoris töötamine pole naistele_",2,16,4182.743,0.7759582132979176
2280202475,"Kes ütles, et tehnoloogiasektoris töötamine pole naistele_",48,1,426.8800000000001,0.0791923008639581
2280202475,"Kes ütles, et tehnoloogiasektoris töötamine pole naistele_",62,1,229.52,0.0425792187366371
2280202475,"Kes ütles, et tehnoloogiasektoris töötamine pole naistele_",105,1,126.87999999999964,0.0235380414486951
2280202475,"Kes ütles, et tehnoloogiasektoris töötamine pole naistele_",117,1,323.0,0.0599210859704331
2289585014,Küberkurjategija mõtteviis. Kuidas mõelda nagu häkker_,-1,9,2649.694999999999,0.4891719027931236
2289585014,Küberkurjategija mõtteviis. Kuidas mõelda nagu häkker_,35,10,2635.880000000001,0.4866214545954684
2289585014,Küberkurjategija mõtteviis. Kuidas mõelda nagu häkker_,75,1,131.1199999999999,0.0242066426114078
2289585017,Vanematega kohtupinki – digilaste tulevik_,-1,3,354.5599999999995,0.0671056342159999
2289585017,Vanematega kohtupinki – digilaste tulevik_,29,2,332.0000000000001,0.0628358262627256
2289585017,Vanematega kohtupinki – digilaste tulevik_,50,2,264.7200000000007,0.050102108217677
2289585017,Vanematega kohtupinki – digilaste tulevik_,52,14,4332.33,0.8199564313035973
2289585020,"Zoomer vs Boomer. Arija ja Marii Laser Techist võtavad ette sotsiaalmeedias levinud trendid ja vaidlevad selgeks, miks mingi asi trendib.",-1,8,1660.7599999999998,0.3057629455284038
2289585020,"Zoomer vs Boomer. Arija ja Marii Laser Techist võtavad ette sotsiaalmeedias levinud trendid ja vaidlevad selgeks, miks mingi asi trendib.",29,5,1172.4400000000005,0.2158582262670836
2289585020,"Zoomer vs Boomer. Arija ja Marii Laser Techist võtavad ette sotsiaalmeedias levinud trendid ja vaidlevad selgeks, miks mingi asi trendib.",46,1,452.96,0.0833945806778497
2289585020,"Zoomer vs Boomer. Arija ja Marii Laser Techist võtavad ette sotsiaalmeedias levinud trendid ja vaidlevad selgeks, miks mingi asi trendib.",50,5,1789.4,0.3294468886103505
2289585020,"Zoomer vs Boomer. Arija ja Marii Laser Techist võtavad ette sotsiaalmeedias levinud trendid ja vaidlevad selgeks, miks mingi asi trendib.",52,1,355.96799999999985,0.0655373589163123
2289585023,TI-hüppe ootuses. Kas Eesti haridus on valmis tehisintellekti revolutsiooniks_,-1,8,2184.76,0.4074374738563316
2289585023,TI-hüppe ootuses. Kas Eesti haridus on valmis tehisintellekti revolutsiooniks_,5,6,2112.757,0.3940095822663731
2289585023,TI-hüppe ootuses. Kas Eesti haridus on valmis tehisintellekti revolutsiooniks_,36,1,512.5200000000004,0.095580225791779
2289585023,TI-hüppe ootuses. Kas Eesti haridus on valmis tehisintellekti revolutsiooniks_,61,1,191.4,0.0356943245464498
2289585023,TI-hüppe ootuses. Kas Eesti haridus on valmis tehisintellekti revolutsiooniks_,62,1,138.79999999999995,0.0258849124715112
2289585023,TI-hüppe ootuses. Kas Eesti haridus on valmis tehisintellekti revolutsiooniks_,123,1,221.96000000000004,0.0413934810675549
2289585026,Kuidas kaitsta lapsi AI-ajastul internetis kurjade kavatsustega inimeste eest_,-1,5,940.64,0.1811363889764535
2289585026,Kuidas kaitsta lapsi AI-ajastul internetis kurjade kavatsustega inimeste eest_,5,5,1293.2,0.2490278727508394
2289585026,Kuidas kaitsta lapsi AI-ajastul internetis kurjade kavatsustega inimeste eest_,32,1,123.64,0.0238090057121201
2289585026,Kuidas kaitsta lapsi AI-ajastul internetis kurjade kavatsustega inimeste eest_,52,3,1298.7199999999998,0.2500908435655507
2289585026,Kuidas kaitsta lapsi AI-ajastul internetis kurjade kavatsustega inimeste eest_,90,1,91.96000000000004,0.0177084775581249
2289585026,Kuidas kaitsta lapsi AI-ajastul internetis kurjade kavatsustega inimeste eest_,127,5,1444.8329999999996,0.2782274114369112
2289585029,Alati ühenduses. Suurem produktiivsus või läbipõlemise oht_,-1,8,1679.4739999999997,0.3143814274167311
2289585029,Alati ühenduses. Suurem produktiivsus või läbipõlemise oht_,2,1,223.39999999999984,0.0418183376967417
2289585029,Alati ühenduses. Suurem produktiivsus või läbipõlemise oht_,20,1,236.76,0.044319201580486
2289585029,Alati ühenduses. Suurem produktiivsus või läbipõlemise oht_,35,4,1246.4800000000005,0.233329102830057
2289585029,Alati ühenduses. Suurem produktiivsus või läbipõlemise oht_,55,1,229.15999999999983,0.0428965544609908
2289585029,Alati ühenduses. Suurem produktiivsus või läbipõlemise oht_,67,1,195.80000000000015,0.0366518823680485
2289585029,Alati ühenduses. Suurem produktiivsus või läbipõlemise oht_,70,5,1401.2400000000002,0.2622986907528312
2289585029,Alati ühenduses. Suurem produktiivsus või läbipõlemise oht_,87,1,129.84000000000017,0.0243048028941135
2289585032,Tehisaru koolipingis. Kas õpetaja parim abiline või oht kriitilisele mõtlemisele_,-1,7,2662.7200000000003,0.5845247322988155
2289585032,Tehisaru koolipingis. Kas õpetaja parim abiline või oht kriitilisele mõtlemisele_,5,3,817.9199999999997,0.1795511616098752
2289585032,Tehisaru koolipingis. Kas õpetaja parim abiline või oht kriitilisele mõtlemisele_,44,3,682.4390000000008,0.149810146686573
2289585032,Tehisaru koolipingis. Kas õpetaja parim abiline või oht kriitilisele mõtlemisele_,48,1,126.56000000000006,0.0277826621348613
2289585032,Tehisaru koolipingis. Kas õpetaja parim abiline või oht kriitilisele mõtlemisele_,57,1,162.75999999999976,0.0357293464686317
2289585032,Tehisaru koolipingis. Kas õpetaja parim abiline või oht kriitilisele mõtlemisele_,123,1,102.96000000000004,0.0226019508012431
2293106213,Ulmefilmidest igapäevaellu_ tervisetehnoloogiad tuleviku kodus,-1,6,885.4799999999996,0.159605416937338
2293106213,Ulmefilmidest igapäevaellu_ tervisetehnoloogiad tuleviku kodus,1,10,3777.492,0.6808828947434828
2293106213,Ulmefilmidest igapäevaellu_ tervisetehnoloogiad tuleviku kodus,4,1,127.51999999999953,0.0229851411300642
2293106213,Ulmefilmidest igapäevaellu_ tervisetehnoloogiad tuleviku kodus,17,2,357.7600000000002,0.0644852892933799
2293106213,Ulmefilmidest igapäevaellu_ tervisetehnoloogiad tuleviku kodus,37,1,101.32000000000016,0.0182626607535925
2293106213,Ulmefilmidest igapäevaellu_ tervisetehnoloogiad tuleviku kodus,131,1,298.3599999999999,0.0537785971421423
2293106216,"Kuidas KOOSTÖÖS kasutada ära Eesti tervishoiu ressurss, et päästa esmatasand_",-1,6,804.9199999999997,0.1560548817170611
2293106216,"Kuidas KOOSTÖÖS kasutada ära Eesti tervishoiu ressurss, et päästa esmatasand_",51,12,4194.209000000001,0.8131575676981982
2293106216,"Kuidas KOOSTÖÖS kasutada ära Eesti tervishoiu ressurss, et päästa esmatasand_",81,1,158.80000000000018,0.0307875505847405
2293106219,Ravivalikute loterii - miks mõni haigus saab kõik ja teine mitte midagi_,-1,7,1878.2000000000005,0.3434083765900145
2293106219,Ravivalikute loterii - miks mõni haigus saab kõik ja teine mitte midagi_,43,7,2009.32,0.3673822379138792
2293106219,Ravivalikute loterii - miks mõni haigus saab kõik ja teine mitte midagi_,86,1,132.92999999999938,0.0243048000745982
2293106219,Ravivalikute loterii - miks mõni haigus saab kõik ja teine mitte midagi_,100,4,1448.84,0.2649045854215082
2293106222,Süstime rahva saledaks_,-1,9,2039.9310000000005,0.3900910836121591
2293106222,Süstime rahva saledaks_,4,1,199.5599999999995,0.03816137734347
2293106222,Süstime rahva saledaks_,7,1,129.44,0.0247524989143053
2293106222,Süstime rahva saledaks_,24,1,99.0,0.0189315311535555
2293106222,Süstime rahva saledaks_,43,7,2560.7599999999998,0.4896879567351406
2293106222,Süstime rahva saledaks_,44,1,96.08000000000084,0.0183731465983195
2293106222,Süstime rahva saledaks_,109,1,104.59999999999992,0.0200024056430495
2293106225,"Kui keha haigestub, mis saab vaimust_",-1,6,1346.2399999999998,0.2461914786850085
2293106225,"Kui keha haigestub, mis saab vaimust_",86,14,4122.023999999999,0.7538085213149912
2293106228,Kelle mure on laste suutervis_,-1,7,1514.8530000000003,0.2995620037837463
2293106228,Kelle mure on laste suutervis_,38,1,132.16,0.0261346245609705
2293106228,Kelle mure on laste suutervis_,63,1,126.12000000000006,0.0249402152665678
2293106228,Kelle mure on laste suutervis_,126,11,3283.76,0.6493631563887153
2293106231,Haigekassa nõukogu kriisikoosolek - Copy (2),-1,12,3486.8820000000005,0.6042618276948096
2293106231,Haigekassa nõukogu kriisikoosolek - Copy (2),1,1,192.84000000000012,0.0334183522277688
2293106231,Haigekassa nõukogu kriisikoosolek - Copy (2),37,1,99.80000000000018,0.0172949157453398
2293106231,Haigekassa nõukogu kriisikoosolek - Copy (2),51,1,460.9199999999999,0.0798754766066335
2293106231,Haigekassa nõukogu kriisikoosolek - Copy (2),56,1,584.9199999999996,0.1013641494765947
2293106231,Haigekassa nõukogu kriisikoosolek - Copy (2),100,3,945.12,0.1637852782488533
2300040479,"Mida teha, kui hea nimi satub laimulõksu_",-1,7,2190.16,0.4004203558105707
2300040479,"Mida teha, kui hea nimi satub laimulõksu_",4,1,231.24,0.0422769126810992
2300040479,"Mida teha, kui hea nimi satub laimulõksu_",33,4,1392.132,0.2545193003138042
2300040479,"Mida teha, kui hea nimi satub laimulõksu_",41,1,192.07999999999996,0.0351174078350871
2300040479,"Mida teha, kui hea nimi satub laimulõksu_",96,1,133.20000000000027,0.0243525547877635
2300040479,"Mida teha, kui hea nimi satub laimulõksu_",128,6,1330.8399999999997,0.243313468571675
2300040482,Kes ja kuidas peaks valvama valimisi_,-1,11,2100.72,0.3867752727626229
2300040482,Kes ja kuidas peaks valvama valimisi_,33,2,321.21100000000024,0.0591399482745701
2300040482,Kes ja kuidas peaks valvama valimisi_,88,8,3009.44,0.5540847789628071
2300040485,Mis on heategija palk_,-1,4,722.0000000000002,0.1260971279719932
2300040485,Mis on heategija palk_,11,1,233.63999999999987,0.0408051703315463
2300040485,Mis on heategija palk_,53,11,3760.225000000001,0.6567224003164657
2300040485,Mis on heategija palk_,68,1,96.59999999999944,0.0168711669835103
2300040485,Mis on heategija palk_,105,1,316.59999999999945,0.0552941145650041
2300040485,Mis on heategija palk_,120,1,596.6799999999998,0.1042100198314804
2300040488,"Kas rahvuse kestmise hind saab olla liiga kõrge_ Sotsiaalkaitse võimalustest sündimus tõusule aidata, maksuteemat vältimata",-1,8,1426.3600000000006,0.2412167106446285
2300040488,"Kas rahvuse kestmise hind saab olla liiga kõrge_ Sotsiaalkaitse võimalustest sündimus tõusule aidata, maksuteemat vältimata",31,1,129.27999999999977,0.021862991357117
2300040488,"Kas rahvuse kestmise hind saab olla liiga kõrge_ Sotsiaalkaitse võimalustest sündimus tõusule aidata, maksuteemat vältimata",37,1,165.6800000000003,0.0280187222157114
2300040488,"Kas rahvuse kestmise hind saab olla liiga kõrge_ Sotsiaalkaitse võimalustest sündimus tõusule aidata, maksuteemat vältimata",63,9,3498.1089999999995,0.5915774043413798
2300040488,"Kas rahvuse kestmise hind saab olla liiga kõrge_ Sotsiaalkaitse võimalustest sündimus tõusule aidata, maksuteemat vältimata",67,2,295.32000000000016,0.0499425944274739
2300040488,"Kas rahvuse kestmise hind saab olla liiga kõrge_ Sotsiaalkaitse võimalustest sündimus tõusule aidata, maksuteemat vältimata",73,1,162.48000000000002,0.0274775590633074
2300040488,"Kas rahvuse kestmise hind saab olla liiga kõrge_ Sotsiaalkaitse võimalustest sündimus tõusule aidata, maksuteemat vältimata",95,1,235.96,0.0399040179503817
2300040491,Lastekaitsetöö nähtamatu vastutus ja avalik kriitika,-1,12,3710.991,0.7549429966813755
2300040491,Lastekaitsetöö nähtamatu vastutus ja avalik kriitika,38,3,540.72,0.1100010151373456
2300040491,Lastekaitsetöö nähtamatu vastutus ja avalik kriitika,83,2,663.8800000000001,0.1350559881812787
2300040494,Õigusmõistmine kriisi äärel. Kuidas kindlustada õiguse tulevik_,-1,3,616.3999999999996,0.1125157940121298
2300040494,Õigusmõistmine kriisi äärel. Kuidas kindlustada õiguse tulevik_,33,16,4764.56,0.8697083898741627
2300040494,Õigusmõistmine kriisi äärel. Kuidas kindlustada õiguse tulevik_,70,1,97.38200000000052,0.0177758161137074
2300040497,Korteriühistud kui kogukonnad. Kuidas panna need ühes rütmis hingama_,-1,5,867.0799999999997,0.1559787881224566
2300040497,Korteriühistud kui kogukonnad. Kuidas panna need ühes rütmis hingama_,4,3,364.9200000000002,0.0656453607067939
2300040497,Korteriühistud kui kogukonnad. Kuidas panna need ühes rütmis hingama_,40,1,97.88,0.0176076068891291
2300040497,Korteriühistud kui kogukonnad. Kuidas panna need ühes rütmis hingama_,55,1,132.92000000000007,0.0239109430701168
2300040497,Korteriühistud kui kogukonnad. Kuidas panna need ühes rütmis hingama_,69,10,3842.761,0.6912732433273052
2300040497,Korteriühistud kui kogukonnad. Kuidas panna need ühes rütmis hingama_,95,1,253.4000000000001,0.0455840578841981
2300040503,Annetuskultuur. Kuidas Eestist saab helde rahvas_,-1,6,953.6400000000004,0.1777482868493966
2300040503,Annetuskultuur. Kuidas Eestist saab helde rahvas_,16,1,159.5999999999999,0.0297477314092987
2300040503,Annetuskultuur. Kuidas Eestist saab helde rahvas_,18,1,366.72000000000025,0.0683526820953512
2300040503,Annetuskultuur. Kuidas Eestist saab helde rahvas_,42,1,281.5549999999994,0.0524788378254705
2300040503,Annetuskultuur. Kuidas Eestist saab helde rahvas_,53,9,3368.7599999999998,0.6279007998896574
2300040503,Annetuskultuur. Kuidas Eestist saab helde rahvas_,67,1,234.84000000000012,0.0437716619308253
2300040506,"Pärisvabakond teeb asju riigi rahata, eks_",-1,7,1400.920000000001,0.2620794469714347
2300040506,"Pärisvabakond teeb asju riigi rahata, eks_",68,1,116.44,0.021783207324725
2300040506,"Pärisvabakond teeb asju riigi rahata, eks_",78,1,127.11999999999988,0.0237811861483944
2300040506,"Pärisvabakond teeb asju riigi rahata, eks_",113,1,100.03999999999996,0.0187151499550454
2300040506,"Pärisvabakond teeb asju riigi rahata, eks_",114,12,3600.8819999999987,0.6736410096004003
2302899422,Suur teadlaste debatt „Teadlaste roll energiapöördes“,-1,7,1744.3759999999995,0.3188768011558985
2302899422,Suur teadlaste debatt „Teadlaste roll energiapöördes“,12,1,159.24,0.0291095164208091
2302899422,Suur teadlaste debatt „Teadlaste roll energiapöördes“,13,3,917.0799999999996,0.167644783466438
2302899422,Suur teadlaste debatt „Teadlaste roll energiapöördes“,84,2,623.5600000000006,0.1139885082853538
2302899422,Suur teadlaste debatt „Teadlaste roll energiapöördes“,102,5,806.0800000000002,0.1473536736780068
2302899422,Suur teadlaste debatt „Teadlaste roll energiapöördes“,103,1,423.1200000000004,0.0773475168800097
2302899422,Suur teadlaste debatt „Teadlaste roll energiapöördes“,132,2,796.92,0.1456792001134839
2302899425,Energiapööre noorte pilgu läbi. Mida tahab uus põlvkond_,-1,4,770.4400000000003,0.1410607827990946
2302899425,Energiapööre noorte pilgu läbi. Mida tahab uus põlvkond_,2,1,96.48000000000002,0.0176646388095849
2302899425,Energiapööre noorte pilgu läbi. Mida tahab uus põlvkond_,13,1,332.1600000000003,0.0608155724190687
2302899425,Energiapööre noorte pilgu läbi. Mida tahab uus põlvkond_,84,4,994.359,0.1820583808256644
2302899425,Energiapööre noorte pilgu läbi. Mida tahab uus põlvkond_,102,7,2428.24,0.4445893712996124
2302899425,Energiapööre noorte pilgu läbi. Mida tahab uus põlvkond_,125,2,840.0799999999999,0.1538112538469749
2302899428,"Tere tulemast, uued juhitavad võimsused!",-1,4,874.3199999999999,0.1623688710542462
2302899428,"Tere tulemast, uued juhitavad võimsused!",12,9,2760.8000000000006,0.5127047067510331
2302899428,"Tere tulemast, uued juhitavad võimsused!",60,1,94.40000000000008,0.0175309056495572
2302899428,"Tere tulemast, uued juhitavad võimsused!",78,1,95.48000000000002,0.0177314710955478
2302899428,"Tere tulemast, uued juhitavad võimsused!",84,3,392.1359999999996,0.0728230849342664
2302899428,"Tere tulemast, uued juhitavad võimsused!",125,4,1167.6399999999996,0.2168409605153491
2302899431,Kas elekter lahendab tulevikus kõik meie energiaprobleemid_,-1,3,683.48,0.1336367605501342
2302899431,Kas elekter lahendab tulevikus kõik meie energiaprobleemid_,12,2,261.1199999999999,0.0510552333862747
2302899431,Kas elekter lahendab tulevikus kõik meie energiaprobleemid_,28,11,4069.141000000001,0.7956148262739712
2302899431,Kas elekter lahendab tulevikus kõik meie energiaprobleemid_,42,1,100.7199999999998,0.01969317978962
2302899434,Infraheli ja tuulepargid – müüt või tegelik mõju tervisele_,-1,12,2131.4400000000005,0.3832575307774441
2302899434,Infraheli ja tuulepargid – müüt või tegelik mõju tervisele_,5,1,223.0,0.040097975717529
2302899434,Infraheli ja tuulepargid – müüt või tegelik mõju tervisele_,26,10,3107.7379999999994,0.558807187714987
2302899434,Infraheli ja tuulepargid – müüt või tegelik mõju tervisele_,131,1,99.19999999999992,0.0178373057900397
2302899437,Kas väike saab olla suur_ Kuivõrd suudab Eesti oma kestlike lahenduste või innovatsiooniga maailmas mõju avaldada_,-1,7,1725.7230000000006,0.2926996685653363
2302899437,Kas väike saab olla suur_ Kuivõrd suudab Eesti oma kestlike lahenduste või innovatsiooniga maailmas mõju avaldada_,5,1,164.72000000000023,0.0279381392066294
2302899437,Kas väike saab olla suur_ Kuivõrd suudab Eesti oma kestlike lahenduste või innovatsiooniga maailmas mõju avaldada_,9,2,692.5199999999995,0.1174582331433645
2302899437,Kas väike saab olla suur_ Kuivõrd suudab Eesti oma kestlike lahenduste või innovatsiooniga maailmas mõju avaldada_,13,1,128.08,0.0217236332539163
2302899437,Kas väike saab olla suur_ Kuivõrd suudab Eesti oma kestlike lahenduste või innovatsiooniga maailmas mõju avaldada_,16,1,132.0,0.0223885039781149
2302899437,Kas väike saab olla suur_ Kuivõrd suudab Eesti oma kestlike lahenduste või innovatsiooniga maailmas mõju avaldada_,17,4,1208.36,0.2049497929317797
2302899437,Kas väike saab olla suur_ Kuivõrd suudab Eesti oma kestlike lahenduste või innovatsiooniga maailmas mõju avaldada_,19,1,426.9199999999999,0.0724098493813394
2302899437,Kas väike saab olla suur_ Kuivõrd suudab Eesti oma kestlike lahenduste või innovatsiooniga maailmas mõju avaldada_,39,1,397.32,0.0673893969741258
2302899437,Kas väike saab olla suur_ Kuivõrd suudab Eesti oma kestlike lahenduste või innovatsiooniga maailmas mõju avaldada_,82,1,203.75999999999976,0.0345597088680355
2302899437,Kas väike saab olla suur_ Kuivõrd suudab Eesti oma kestlike lahenduste või innovatsiooniga maailmas mõju avaldada_,99,1,255.48,0.0433319317903696
2302899437,Kas väike saab olla suur_ Kuivõrd suudab Eesti oma kestlike lahenduste või innovatsiooniga maailmas mõju avaldada_,124,1,300.2800000000002,0.0509304543526389
2302899437,Kas väike saab olla suur_ Kuivõrd suudab Eesti oma kestlike lahenduste või innovatsiooniga maailmas mõju avaldada_,125,1,260.71999999999935,0.0442206875543492
2302899440,Rohetehnoloogiad – puhta tööstuse ja julgeoleku alustala_,-1,9,1701.9200000000003,0.500138117488025
2302899440,Rohetehnoloogiad – puhta tööstuse ja julgeoleku alustala_,17,4,1700.9799999999996,0.4998618825119749
2302899443,Kohalik energiatootmine on kaitseinvesteering,-1,3,880.6399999999993,0.1567887085922397
2302899443,Kohalik energiatootmine on kaitseinvesteering,12,5,1372.8799999999997,0.2444268739236398
2302899443,Kohalik energiatootmine on kaitseinvesteering,13,1,459.84,0.081869685409538
2302899443,Kohalik energiatootmine on kaitseinvesteering,57,2,366.5600000000004,0.0652621604986958
2302899443,Kohalik energiatootmine on kaitseinvesteering,84,3,852.1200000000001,0.1517110219449712
2302899443,Kohalik energiatootmine on kaitseinvesteering,125,2,662.56,0.1179618536120031
2302899443,Kohalik energiatootmine on kaitseinvesteering,132,3,1022.1310000000004,0.1819796960189121
2302899446,"Kuidas planeerida tuuleparke nii, et kogukonnad tunneksid end päriselt kaasatuna_",-1,16,3573.259000000001,0.6080012128515301
2302899446,"Kuidas planeerida tuuleparke nii, et kogukonnad tunneksid end päriselt kaasatuna_",9,1,224.51999999999956,0.0382027813571379
2302899446,"Kuidas planeerida tuuleparke nii, et kogukonnad tunneksid end päriselt kaasatuna_",26,7,1949.16,0.3316556801624757
2302899446,"Kuidas planeerida tuuleparke nii, et kogukonnad tunneksid end päriselt kaasatuna_",65,1,130.1199999999999,0.0221403256288561
2310594914,Õpetaja ajamasinas. Õpetaja missioon ja rollid erinevates tulevikustsenaariumides aastaks 2035,-1,4,813.5200000000001,0.2842353697502039
2310594914,Õpetaja ajamasinas. Õpetaja missioon ja rollid erinevates tulevikustsenaariumides aastaks 2035,3,3,861.335,0.3009414300862817
2310594914,Õpetaja ajamasinas. Õpetaja missioon ja rollid erinevates tulevikustsenaariumides aastaks 2035,4,2,232.43999999999983,0.0812121021545104
2310594914,Õpetaja ajamasinas. Õpetaja missioon ja rollid erinevates tulevikustsenaariumides aastaks 2035,44,3,954.84,0.3336110980090037
2310594917,"Milline koolivõrk suudab kasvatada korraga tarka last, tugevat kogukonda ja koostöist haridusvõrgustikku",-1,5,748.4850000000001,0.1720226104523354
2310594917,"Milline koolivõrk suudab kasvatada korraga tarka last, tugevat kogukonda ja koostöist haridusvõrgustikku",3,10,3507.6400000000003,0.8061529480577834
2310594917,"Milline koolivõrk suudab kasvatada korraga tarka last, tugevat kogukonda ja koostöist haridusvõrgustikku",117,1,94.96000000000004,0.0218244414898812
2310594920,Mul jäi isegi Tiigrihüpe tegemata.alp,-1,10,2769.916,0.507489452327157
2310594920,Mul jäi isegi Tiigrihüpe tegemata.alp,5,3,755.8000000000001,0.1384737039205756
2310594920,Mul jäi isegi Tiigrihüpe tegemata.alp,44,4,997.4,0.1827383862005586
2310594920,Mul jäi isegi Tiigrihüpe tegemata.alp,117,1,130.08000000000004,0.0238325739692888
2310594920,Mul jäi isegi Tiigrihüpe tegemata.alp,123,2,804.8799999999997,0.1474658835824198
2310594923,Koolijuht on tippjuht,-1,3,482.9200000000001,0.0941798153457791
2310594923,Koolijuht on tippjuht,3,3,685.8400000000006,0.1337535918097183
2310594923,Koolijuht on tippjuht,94,13,3958.8779999999992,0.7720665928445025
2310594926,Mis on Eesti hariduse eesmärk.alp,-1,7,1511.2399999999996,0.2891199312803529
2310594926,Mis on Eesti hariduse eesmärk.alp,0,1,188.48,0.0360586833644695
2310594926,Mis on Eesti hariduse eesmärk.alp,2,1,131.80000000000018,0.0252150597805448
2310594926,Mis on Eesti hariduse eesmärk.alp,3,6,2213.635,0.4234972599188641
2310594926,Mis on Eesti hariduse eesmärk.alp,23,1,232.75999999999976,0.0445300251481001
2310594926,Mis on Eesti hariduse eesmärk.alp,44,1,326.60000000000014,0.0624828416109706
2310594926,Mis on Eesti hariduse eesmärk.alp,48,1,524.72,0.1003857827621204
2310594926,Mis on Eesti hariduse eesmärk.alp,99,1,97.80000000000018,0.0187104161345772
2314163810,Maailm täna - vaade julgeolekuolukorrale Euroopa pealinnadest,-1,3,594.8399999999997,0.1118905637904498
2314163810,Maailm täna - vaade julgeolekuolukorrale Euroopa pealinnadest,21,14,4721.426000000001,0.8881094362095503
2314163813,ÜRO – lootusetult rikkis või asendamatu_,-1,1,96.32,0.0162791247942292
2314163813,ÜRO – lootusetult rikkis või asendamatu_,4,1,93.2800000000002,0.0157653318189961
2314163813,ÜRO – lootusetult rikkis või asendamatu_,15,11,2253.579999999999,0.3808794648440535
2314163813,ÜRO – lootusetult rikkis või asendamatu_,18,1,231.72000000000023,0.0391631934937584
2314163813,ÜRO – lootusetult rikkis või asendamatu_,21,1,330.1999999999998,0.0558073817177586
2314163813,ÜRO – lootusetult rikkis või asendamatu_,22,9,2810.32,0.4749745638675089
2314163813,ÜRO – lootusetult rikkis või asendamatu_,33,1,101.36000000000058,0.0171309394636948
2314163816,Kuidas mõista USA-d_,-1,1,242.19999999999985,0.044055211256743
2314163816,Kuidas mõista USA-d_,4,1,133.3199999999997,0.0242503747512344
2314163816,Kuidas mõista USA-d_,18,14,4655.847,0.8468799470027814
2314163816,Kuidas mõista USA-d_,41,2,466.28,0.084814466989241
2314163819,Miks peaks Lähis-Idas toimuv meile korda minema_,-1,3,412.80000000000064,0.0741144641163368
2314163819,Miks peaks Lähis-Idas toimuv meile korda minema_,15,19,4626.762999999999,0.8306929756257132
2314163819,Miks peaks Lähis-Idas toimuv meile korda minema_,21,1,530.2,0.0951925602579499
2314163822,"Marshall Plan 2.0_ Estonia, Ukraine and the Path Forward",-1,3,908.4800000000004,0.1633469144104458
2314163822,"Marshall Plan 2.0_ Estonia, Ukraine and the Path Forward",18,1,356.3600000000006,0.0640743950547139
2314163822,"Marshall Plan 2.0_ Estonia, Ukraine and the Path Forward",68,1,192.5999999999999,0.0346299486124646
2314163822,"Marshall Plan 2.0_ Estonia, Ukraine and the Path Forward",85,13,4104.219999999999,0.7379487419223756
2314163825,"Kriise rohkem, raha vähem",-1,3,423.8,0.0853307603900972
2314163825,"Kriise rohkem, raha vähem",22,11,3885.396,0.782311928024168
2314163825,"Kriise rohkem, raha vähem",62,2,427.52,0.0860797703680377
2314163825,"Kriise rohkem, raha vähem",111,1,229.84000000000012,0.0462775412176969
2314163828,"Tahaks jääda iseendaks, aga raha tahaks ka",-1,10,2494.1200000000003,0.4892766469330659
2314163828,"Tahaks jääda iseendaks, aga raha tahaks ka",36,1,358.75999999999976,0.0703786866123949
2314163828,"Tahaks jääda iseendaks, aga raha tahaks ka",85,1,328.84000000000015,0.0645092187134016
2314163828,"Tahaks jääda iseendaks, aga raha tahaks ka",97,4,1219.2459999999994,0.2391819939163121
2314163828,"Tahaks jääda iseendaks, aga raha tahaks ka",99,1,528.96,0.1037671704495832
2314163828,"Tahaks jääda iseendaks, aga raha tahaks ka",111,1,167.64,0.0328862833752422
2314163831,Kuidas reisides mitte lolliks jääda_,-1,5,1335.5599999999995,0.2467314402279987
2314163831,Kuidas reisides mitte lolliks jääda_,4,1,98.07999999999991,0.0181193055029815
2314163831,Kuidas reisides mitte lolliks jääda_,46,1,99.96,0.0184666168237973
2314163831,Kuidas reisides mitte lolliks jääda_,71,14,3879.411000000001,0.7166826374452223
2314163834,Kilud versus karud - Läänemeremaade koostöö tulevik,-1,2,632.6799999999998,0.1173702083215455
2314163834,Kilud versus karud - Läänemeremaade koostöö tulevik,18,1,231.44,0.0429350714641501
2314163834,Kilud versus karud - Läänemeremaade koostöö tulevik,21,14,4526.345,0.8396947202143044
2318409173,Õpilaste tugevustel põhinev haridus – miks ja kuidas_,-1,5,1878.8800000000003,0.3523256289292255
2318409173,Õpilaste tugevustel põhinev haridus – miks ja kuidas_,3,1,274.4399999999996,0.0514627041659587
2318409173,Õpilaste tugevustel põhinev haridus – miks ja kuidas_,4,1,97.27400000000034,0.0182407195927688
2318409173,Õpilaste tugevustel põhinev haridus – miks ja kuidas_,44,5,1381.16,0.2589936907369757
2318409173,Õpilaste tugevustel põhinev haridus – miks ja kuidas_,48,2,264.83999999999924,0.0496625221225494
2318409173,Õpilaste tugevustel põhinev haridus – miks ja kuidas_,117,4,1436.2000000000007,0.2693147344525216
2318409176,Kaamera ei mõista hukka,50,1,166.27999999999977,0.0426733186537937
2318409176,Kaamera ei mõista hukka,93,11,3730.3000000000006,0.9573266813462062
2318409179,"Kas noortelt nõutakse rohkem, kui vastu pakutakse_",-1,11,3053.1200000000003,0.5616425882372419
2318409179,"Kas noortelt nõutakse rohkem, kui vastu pakutakse_",3,1,301.55999999999995,0.0554740524148486
2318409179,"Kas noortelt nõutakse rohkem, kui vastu pakutakse_",36,1,478.72,0.0880638624885142
2318409179,"Kas noortelt nõutakse rohkem, kui vastu pakutakse_",40,1,111.29500000000009,0.0204734867472827
2318409179,"Kas noortelt nõutakse rohkem, kui vastu pakutakse_",44,1,197.4799999999998,0.036327814931968
2318409179,"Kas noortelt nõutakse rohkem, kui vastu pakutakse_",52,1,442.87999999999965,0.0814708460455237
2318409179,"Kas noortelt nõutakse rohkem, kui vastu pakutakse_",55,1,98.36000000000011,0.0180940038318229
2318409179,"Kas noortelt nõutakse rohkem, kui vastu pakutakse_",68,1,163.92000000000007,0.0301542202939447
2318409179,"Kas noortelt nõutakse rohkem, kui vastu pakutakse_",70,1,492.2800000000002,0.0905583184864759
2318409179,"Kas noortelt nõutakse rohkem, kui vastu pakutakse_",75,1,96.44000000000004,0.0177408065223769
2318409182,"Ma tahan õppida, andke mulle tagasisidet!",-1,5,842.5959999999995,0.1568403645653009
2318409182,"Ma tahan õppida, andke mulle tagasisidet!",44,2,297.7600000000001,0.0554248856545296
2318409182,"Ma tahan õppida, andke mulle tagasisidet!",58,9,3856.04,0.717761203920246
2318409182,"Ma tahan õppida, andke mulle tagasisidet!",68,3,375.9200000000001,0.0699735458599233
2318409185,Nutiseadmete kasutus koolikeskkonnas. Millal ja millal mitte_,-1,3,727.3200000000004,0.1350551133378902
2318409185,Nutiseadmete kasutus koolikeskkonnas. Millal ja millal mitte_,29,1,98.96000000000004,0.0183757548478216
2318409185,Nutiseadmete kasutus koolikeskkonnas. Millal ja millal mitte_,38,1,269.31999999999994,0.0500096836662824
2318409185,Nutiseadmete kasutus koolikeskkonnas. Millal ja millal mitte_,44,1,124.11699999999928,0.0230471257522944
2318409185,Nutiseadmete kasutus koolikeskkonnas. Millal ja millal mitte_,50,13,4165.64,0.7735123223957112
2318409188,Programmeerimine kui uus emakeel,-1,4,1088.2799999999995,0.2192192083307649
2318409188,Programmeerimine kui uus emakeel,2,9,2086.386000000001,0.4202740904844265
2318409188,Programmeerimine kui uus emakeel,32,1,261.27999999999975,0.0526313032975541
2318409188,Programmeerimine kui uus emakeel,48,1,586.1999999999999,0.1180820192629602
2318409188,Programmeerimine kui uus emakeel,64,1,453.2000000000001,0.0912909777038103
2318409188,Programmeerimine kui uus emakeel,105,1,489.0,0.0985024009204837
2318409191,Tark pidu ei vaja tõukeainet,-1,4,632.8399999999999,0.1157587278173615
2318409191,Tark pidu ei vaja tõukeainet,16,1,160.36000000000013,0.0293329587143545
2318409191,Tark pidu ei vaja tõukeainet,40,2,513.9199999999996,0.0940059500029998
2318409191,Tark pidu ei vaja tõukeainet,89,1,94.92000000000009,0.0173627116560646
2318409191,Tark pidu ei vaja tõukeainet,109,11,3801.048,0.6952855079526049
2318409191,Tark pidu ei vaja tõukeainet,128,1,263.79999999999995,0.0482541438566145
2323554785,Miks kaasamine pekki läheb_ + Demokraatiatrenn,-1,3,846.089,0.1608433616984793
2323554785,Miks kaasamine pekki läheb_ + Demokraatiatrenn,4,4,896.2399999999998,0.1703771760283434
2323554785,Miks kaasamine pekki läheb_ + Demokraatiatrenn,9,1,287.96000000000004,0.0547418231825423
2323554785,Miks kaasamine pekki läheb_ + Demokraatiatrenn,26,2,878.12,0.1669325245626271
2323554785,Miks kaasamine pekki läheb_ + Demokraatiatrenn,37,4,1747.84,0.3322681908298892
2323554785,Miks kaasamine pekki läheb_ + Demokraatiatrenn,68,1,206.23999999999975,0.0392066731947754
2323554785,Miks kaasamine pekki läheb_ + Demokraatiatrenn,73,1,397.84000000000015,0.075630250503343
2323554788,Parlamendierakondade noorte debatt,-1,7,1867.2,0.3417745221663804
2323554788,Parlamendierakondade noorte debatt,5,2,625.56,0.114503250903171
2323554788,Parlamendierakondade noorte debatt,30,1,94.96000000000004,0.0173815920227717
2323554788,Parlamendierakondade noorte debatt,32,2,223.6800000000003,0.040942654840497
2323554788,Parlamendierakondade noorte debatt,36,1,483.4000000000001,0.0884821144040425
2323554788,Parlamendierakondade noorte debatt,73,1,166.12,0.0304068035680586
2323554788,Parlamendierakondade noorte debatt,88,4,1242.9200000000003,0.2275055639947716
2323554788,Parlamendierakondade noorte debatt,96,1,181.3710000000001,0.0331983648563831
2323554788,Parlamendierakondade noorte debatt,117,1,321.4000000000001,0.0588294405656998
2323554788,Parlamendierakondade noorte debatt,123,1,256.6399999999999,0.0469756926782239
2323554791,Parlamendierakondade esimeeste debatt,-1,13,3045.245,0.5665187387275097
2323554791,Parlamendierakondade esimeeste debatt,36,3,870.44,0.1619313293143814
2323554791,Parlamendierakondade esimeeste debatt,42,2,391.1999999999998,0.072776453319914
2323554791,Parlamendierakondade esimeeste debatt,73,1,125.64,0.0233732965110276
2323554791,Parlamendierakondade esimeeste debatt,118,1,91.64000000000031,0.01704814463762
2323554791,Parlamendierakondade esimeeste debatt,130,2,851.1999999999998,0.1583520374895471
2323554794,Kas me siin Järvamaal oleme tõesti kõige rumalamad,-1,14,4278.64,0.7527642972154351
2323554794,Kas me siin Järvamaal oleme tõesti kõige rumalamad,2,2,588.9999999999995,0.1036259584961321
2323554794,Kas me siin Järvamaal oleme tõesti kõige rumalamad,36,1,161.07999999999993,0.0283396763914379
2323554794,Kas me siin Järvamaal oleme tõesti kõige rumalamad,46,2,332.14400000000023,0.0584358919503215
2323554794,Kas me siin Järvamaal oleme tõesti kõige rumalamad,73,1,225.96,0.039754366013219
2323554794,Kas me siin Järvamaal oleme tõesti kõige rumalamad,105,1,97.07999999999991,0.0170798099334541
2323554797,"Mida on vaja teha senisest teisiti, et Eesti majandus järjekindlalt ja kiiremini kasvaks_",-1,9,2445.1100000000006,0.4948984238852131
2323554797,"Mida on vaja teha senisest teisiti, et Eesti majandus järjekindlalt ja kiiremini kasvaks_",4,1,94.0,0.019025913699265
2323554797,"Mida on vaja teha senisest teisiti, et Eesti majandus järjekindlalt ja kiiremini kasvaks_",11,1,97.0,0.0196331237109437
2323554797,"Mida on vaja teha senisest teisiti, et Eesti majandus järjekindlalt ja kiiremini kasvaks_",42,1,558.0,0.1129410621722331
2323554797,"Mida on vaja teha senisest teisiti, et Eesti majandus järjekindlalt ja kiiremini kasvaks_",64,1,197.23999999999975,0.0399220342345004
2323554797,"Mida on vaja teha senisest teisiti, et Eesti majandus järjekindlalt ja kiiremini kasvaks_",78,1,452.27999999999975,0.0915429813606766
2323554797,"Mida on vaja teha senisest teisiti, et Eesti majandus järjekindlalt ja kiiremini kasvaks_",97,3,390.5999999999999,0.0790587435205631
2323554797,"Mida on vaja teha senisest teisiti, et Eesti majandus järjekindlalt ja kiiremini kasvaks_",118,2,706.3999999999999,0.1429777174166047
2323554800,Mis on fosforiidi kaevandamise hind_,-1,1,191.4000000000001,0.0343007925024274
2323554800,Mis on fosforiidi kaevandamise hind_,14,18,5223.445999999999,0.936093716790148
2323554800,Mis on fosforiidi kaevandamise hind_,113,1,165.20000000000027,0.0296054907074243
2323554803,Mis on fosforiidi kaevandamise hind + Demokraatiatrenn,-1,4,1118.5199999999995,0.1483090878497846
2323554803,Mis on fosforiidi kaevandamise hind + Demokraatiatrenn,14,18,5564.560000000002,0.7378275023114459
2323554803,Mis on fosforiidi kaevandamise hind + Demokraatiatrenn,113,3,858.7369999999987,0.1138634098387694
2323554806,Eesti uued valikud ELi rahastuse kasutamisel,-1,9,2136.916,0.3808524729471834
2323554806,Eesti uued valikud ELi rahastuse kasutamisel,45,3,823.2799999999997,0.1467293164204662
2323554806,Eesti uued valikud ELi rahastuse kasutamisel,47,7,2424.36,0.4320822630904694
2323554806,Eesti uued valikud ELi rahastuse kasutamisel,57,1,226.3199999999997,0.0403359475418811
2323554809,Miks kaasamine pekki läheb_,-1,3,611.3600000000001,0.1697133699524388
2323554809,Miks kaasamine pekki läheb_,9,1,287.55999999999995,0.0798265778976761
2323554809,Miks kaasamine pekki läheb_,12,1,167.36000000000013,0.0464590905444258
2323554809,Miks kaasamine pekki läheb_,26,3,918.36,0.2549364865701415
2323554809,Miks kaasamine pekki läheb_,37,4,1617.669,0.4490644750353175
2323554812,Kaasamine infosõja ajal. Mis tegelikult lõhestab Eesti ühiskonda,-1,13,3395.4,0.6296720286644125
2323554812,Kaasamine infosõja ajal. Mis tegelikult lõhestab Eesti ühiskonda,26,1,193.04,0.0357989893424569
2323554812,Kaasamine infosõja ajal. Mis tegelikult lõhestab Eesti ühiskonda,69,2,288.3600000000001,0.0534759457459121
2323554812,Kaasamine infosõja ajal. Mis tegelikult lõhestab Eesti ühiskonda,73,1,133.32,0.0247240015496081
2323554812,Kaasamine infosõja ajal. Mis tegelikult lõhestab Eesti ühiskonda,113,3,1251.1710000000005,0.2320278558567714
2323554812,Kaasamine infosõja ajal. Mis tegelikult lõhestab Eesti ühiskonda,121,1,131.03999999999996,0.0243011788408389
2323554815,Kuidas tõsta Euroopa Liidu konkurentsivõimet ja panna majandus kiiremini kasvama_,47,13,3659.395,1.0
2383011942,Kuidas hoida tervet mõistust kriiside ajastul_ teadveloleku ja kaastunde praktiline jõud,-1,11,3521.982000000001,0.662891191557712
2383011942,Kuidas hoida tervet mõistust kriiside ajastul_ teadveloleku ja kaastunde praktiline jõud,11,1,505.6399999999994,0.0951692263331388
2383011942,Kuidas hoida tervet mõistust kriiside ajastul_ teadveloleku ja kaastunde praktiline jõud,20,1,105.31999999999972,0.0198228441527691
2383011942,Kuidas hoida tervet mõistust kriiside ajastul_ teadveloleku ja kaastunde praktiline jõud,40,3,756.72,0.1424263447330371
2383011942,Kuidas hoida tervet mõistust kriiside ajastul_ teadveloleku ja kaastunde praktiline jõud,55,1,423.4,0.0796903932233427
2383011945,Koduseinte vahelt rahvusvahelise poliitikani_ naistevastane vägivald on meie kõigi lahendada,-1,5,1050.9199999999996,0.1865242892280146
2383011945,Koduseinte vahelt rahvusvahelise poliitikani_ naistevastane vägivald on meie kõigi lahendada,40,1,98.19999999999982,0.0174291908063325
2383011945,Koduseinte vahelt rahvusvahelise poliitikani_ naistevastane vägivald on meie kõigi lahendada,113,2,561.6399999999996,0.0996836122654646
2383011945,Koduseinte vahelt rahvusvahelise poliitikani_ naistevastane vägivald on meie kõigi lahendada,115,12,3923.466000000001,0.6963629077001883
2383011948,Nõusolek – seksikuse summutaja või hoopis võimendaja_,-1,3,346.6400000000003,0.0631326997843792
2383011948,Nõusolek – seksikuse summutaja või hoopis võimendaja_,34,3,373.0569999999998,0.0679439637187316
2383011948,Nõusolek – seksikuse summutaja või hoopis võimendaja_,40,3,813.4800000000002,0.1481571331081144
2383011948,Nõusolek – seksikuse summutaja või hoopis võimendaja_,44,1,96.07999999999991,0.0174988166261341
2383011948,Nõusolek – seksikuse summutaja või hoopis võimendaja_,106,11,3861.399999999999,0.7032673867626406
2383055898,"Kes õpetab tervena elama enne, kui tuleb õppida haigusega elama_ (1)",-1,8,2004.885,0.3787428981633222
2383055898,"Kes õpetab tervena elama enne, kui tuleb õppida haigusega elama_ (1)",59,6,2129.0800000000004,0.4022045801238306
2383055898,"Kes õpetab tervena elama enne, kui tuleb õppida haigusega elama_ (1)",75,1,132.03999999999996,0.0249436811954227
2383055898,"Kes õpetab tervena elama enne, kui tuleb õppida haigusega elama_ (1)",81,3,834.9599999999997,0.1577323239240392
2383055898,"Kes õpetab tervena elama enne, kui tuleb õppida haigusega elama_ (1)",87,1,192.55999999999997,0.0363765165933853
2387966361,Euroopa Liidu heitekaubandus_ rohepöörasus või nutikas poliitika_,-1,10,2907.557,0.7867880113987992
2387966361,Euroopa Liidu heitekaubandus_ rohepöörasus või nutikas poliitika_,28,1,392.6,0.1062379768565735
2387966361,Euroopa Liidu heitekaubandus_ rohepöörasus või nutikas poliitika_,57,1,395.3199999999997,0.1069740117446272
2387966364,Millised on kohaliku kaugkütte tulevikustsenaariumid_,-1,5,703.9199999999996,0.1355195793179009
2387966364,Millised on kohaliku kaugkütte tulevikustsenaariumid_,12,1,133.4399999999996,0.0256900395843002
2387966364,Millised on kohaliku kaugkütte tulevikustsenaariumid_,28,13,4356.871000000001,0.8387903810977989
2387966370,Kuidas edasi_ Eesti energeetika järgmise kümne aasta vaade,-1,6,1548.9600000000005,0.2719876719150464
2387966370,Kuidas edasi_ Eesti energeetika järgmise kümne aasta vaade,12,4,1504.1639999999998,0.2641217749576643
2387966370,Kuidas edasi_ Eesti energeetika järgmise kümne aasta vaade,13,5,1795.48,0.315275039491031
2387966370,Kuidas edasi_ Eesti energeetika järgmise kümne aasta vaade,60,1,264.5999999999999,0.046462102306529
2387966370,Kuidas edasi_ Eesti energeetika järgmise kümne aasta vaade,84,1,223.04,0.0391644266759192
2387966370,Kuidas edasi_ Eesti energeetika järgmise kümne aasta vaade,132,2,358.7199999999998,0.0629889846538098
2387966373,Miks peab elektriga kauplema börsil_ (1),-1,1,167.76000000000002,0.044628332659847
2387966373,Miks peab elektriga kauplema börsil_ (1),107,12,3591.287,0.9553716673401528
2387966376,Milliseid riske toob kliima ettevõtete tegevusse ja kuidas neid maandada_ Ettevalmistused ja õppetunnid,-1,3,862.6799999999998,0.1651646994629677
2387966376,Milliseid riske toob kliima ettevõtete tegevusse ja kuidas neid maandada_ Ettevalmistused ja õppetunnid,9,15,3808.110000000001,0.7290830246115851
2387966376,Milliseid riske toob kliima ettevõtete tegevusse ja kuidas neid maandada_ Ettevalmistused ja õppetunnid,13,1,100.4399999999996,0.0192297751356938
2387966376,Milliseid riske toob kliima ettevõtete tegevusse ja kuidas neid maandada_ Ettevalmistused ja õppetunnid,37,1,164.79999999999973,0.0315518413218076
2387966376,Milliseid riske toob kliima ettevõtete tegevusse ja kuidas neid maandada_ Ettevalmistused ja õppetunnid,57,1,287.1199999999999,0.0549706594679455
2387966379,Elektridefitsiit Eestis_ kui suur on tegelik majandus- ja julgeolekurisk_,-1,7,1615.9199999999998,0.291573891296738
2387966379,Elektridefitsiit Eestis_ kui suur on tegelik majandus- ja julgeolekurisk_,12,6,1149.1999999999991,0.2073597182275181
2387966379,Elektridefitsiit Eestis_ kui suur on tegelik majandus- ja julgeolekurisk_,13,6,2275.8000000000006,0.4106415304056615
2387966379,Elektridefitsiit Eestis_ kui suur on tegelik majandus- ja julgeolekurisk_,101,1,93.1200000000008,0.0168024164299918
2387966379,Elektridefitsiit Eestis_ kui suur on tegelik majandus- ja julgeolekurisk_,125,1,213.69999999999985,0.038559669148295
2387966379,Elektridefitsiit Eestis_ kui suur on tegelik majandus- ja julgeolekurisk_,132,1,194.32000000000016,0.0350627744917955
2387966382,Miks me pelgame energiat kui majandusarengu mootorit,-1,6,1768.6399999999996,0.3155932290491947
2387966382,Miks me pelgame energiat kui majandusarengu mootorit,12,2,484.96,0.0865354692643486
2387966382,Miks me pelgame energiat kui majandusarengu mootorit,13,6,2127.176,0.3795698065157126
2387966382,Miks me pelgame energiat kui majandusarengu mootorit,26,1,269.55999999999995,0.0480998455437516
2387966382,Miks me pelgame energiat kui majandusarengu mootorit,28,1,232.07999999999996,0.0414119756410219
2387966382,Miks me pelgame energiat kui majandusarengu mootorit,47,1,195.07999999999996,0.0348097561532685
2387966382,Miks me pelgame energiat kui majandusarengu mootorit,60,1,169.80000000000018,0.0302988342978522
2387966382,Miks me pelgame energiat kui majandusarengu mootorit,84,1,356.8800000000001,0.0636810835348497
2393585466,Matemaatikatund ja -ring kui mõtlemise laborid,48,11,3971.397,1.0
2393585469,Mida Eesti tegelikult kõrghariduselt ootab_,-1,6,993.6,0.181525007371713
2393585469,Mida Eesti tegelikult kõrghariduselt ootab_,9,1,261.9859999999999,0.0478633359312455
2393585469,Mida Eesti tegelikult kõrghariduselt ootab_,36,11,3762.28,0.6873469250547991
2393585469,Mida Eesti tegelikult kõrghariduselt ootab_,78,1,164.68000000000006,0.0300860891847561
2393585469,Mida Eesti tegelikult kõrghariduselt ootab_,123,1,164.23999999999978,0.0300057037145029
2393585469,Mida Eesti tegelikult kõrghariduselt ootab_,131,1,126.84000000000016,0.0231729387429831
2393585472,Kas lapsel on päriselt koht Eestis_ Elu asendushooldusel täna ja homme,-1,5,924.4579999999992,0.1653363446363309
2393585472,Kas lapsel on päriselt koht Eestis_ Elu asendushooldusel täna ja homme,63,4,658.6399999999999,0.1177956489437844
2393585472,Kas lapsel on päriselt koht Eestis_ Elu asendushooldusel täna ja homme,67,3,429.9200000000005,0.076889811420369
2393585472,Kas lapsel on päriselt koht Eestis_ Elu asendushooldusel täna ja homme,83,12,3578.3600000000006,0.6399781949995154
2393585475,Kas internet vajab korrakaitsjat_,-1,11,2660.768999999999,0.4950885961763783
2393585475,Kas internet vajab korrakaitsjat_,4,1,95.87999999999988,0.0178403666764725
2393585475,Kas internet vajab korrakaitsjat_,29,8,2250.1200000000013,0.4186792434925367
2393585475,Kas internet vajab korrakaitsjat_,33,1,164.2800000000002,0.0305675368962339
2393585475,Kas internet vajab korrakaitsjat_,95,1,203.27999999999972,0.0378242567583785
2393585478,Tehisintellekt kõrghariduses_ reeglid alles kujunemas,-1,5,1201.16,0.2820950789772749
2393585478,Tehisintellekt kõrghariduses_ reeglid alles kujunemas,5,7,2187.56,0.513753297618575
2393585478,Tehisintellekt kõrghariduses_ reeglid alles kujunemas,36,1,93.47699999999986,0.0219532799107185
2393585478,Tehisintellekt kõrghariduses_ reeglid alles kujunemas,61,1,228.96000000000004,0.0537717616992214
2393585478,Tehisintellekt kõrghariduses_ reeglid alles kujunemas,123,2,357.2800000000004,0.0839079971169543
2393585478,Tehisintellekt kõrghariduses_ reeglid alles kujunemas,131,1,189.55999999999997,0.0445185846772555
2393585481,"Ekspert ekraanil, märklaud seljal_ mis on ekspertarvamuse hind_",-1,7,1347.999999999999,0.2559394858806083
2393585481,"Ekspert ekraanil, märklaud seljal_ mis on ekspertarvamuse hind_",9,1,261.9200000000001,0.049729725624517
2393585481,"Ekspert ekraanil, märklaud seljal_ mis on ekspertarvamuse hind_",41,11,3559.790000000001,0.6758833994383763
2393585481,"Ekspert ekraanil, märklaud seljal_ mis on ekspertarvamuse hind_",119,1,97.15999999999984,0.0184473890564984
2393585484,Hinded ja heaolu – kas kool hindab õigesti_,-1,3,557.7199999999996,0.1247514343551831
2393585484,Hinded ja heaolu – kas kool hindab õigesti_,3,2,262.44000000000017,0.0587028731839889
2393585484,Hinded ja heaolu – kas kool hindab õigesti_,58,10,3550.5700000000006,0.7941954749309384
2393585484,Hinded ja heaolu – kas kool hindab õigesti_,63,1,99.92000000000009,0.0223502175298894
2394248493,"Kuidas rääkida vähist ja tervisest nii, et kasvaks teadlikkus, mitte ärevus_",-1,10,1843.258,0.3264172548025142
2394248493,"Kuidas rääkida vähist ja tervisest nii, et kasvaks teadlikkus, mitte ärevus_",24,10,3224.12,0.570950132620546
2394248493,"Kuidas rääkida vähist ja tervisest nii, et kasvaks teadlikkus, mitte ärevus_",81,1,579.56,0.1026326125769399
2394248496,Surm ei küsi diagnoosi – kas sina oled valmis_,-1,14,4120.865000000001,0.752308710435636
2394248496,Surm ei küsi diagnoosi – kas sina oled valmis_,24,3,838.6399999999999,0.1531028502316241
2394248496,Surm ei küsi diagnoosi – kas sina oled valmis_,40,1,290.96000000000004,0.0531179115036169
2394248496,Surm ei küsi diagnoosi – kas sina oled valmis_,54,1,96.36000000000011,0.017591565687684
2394248496,Surm ei küsi diagnoosi – kas sina oled valmis_,67,1,130.79999999999927,0.0238789621414389
2394248499,Vähipatsiendi infoauk_ kelle vastutus on seda täita_,-1,8,2042.2000000000007,0.3480801221740436
2394248499,Vähipatsiendi infoauk_ kelle vastutus on seda täita_,24,12,3824.8399999999992,0.6519198778259564
2394248502,Vähitõrje järgmised viis aastat – mida peab Eesti teisiti tegema_,-1,12,3456.5080000000003,0.6002061516256321
2394248502,Vähitõrje järgmised viis aastat – mida peab Eesti teisiti tegema_,1,2,515.56,0.089524538503053
2394248502,Vähitõrje järgmised viis aastat – mida peab Eesti teisiti tegema_,24,1,429.2000000000003,0.0745285358164139
2394248502,Vähitõrje järgmised viis aastat – mida peab Eesti teisiti tegema_,100,4,1357.599999999999,0.2357407740549009
2394248505,Tehisintellekti tulevik vähiravis,-1,9,1759.6039999999994,0.3162387018067762
2394248505,Tehisintellekti tulevik vähiravis,5,7,1856.04,0.3335703261082887
2394248505,Tehisintellekti tulevik vähiravis,24,1,133.8800000000001,0.0240611168182677
2394248505,Tehisintellekti tulevik vähiravis,43,1,95.63999999999942,0.017188565973253
2394248505,Tehisintellekti tulevik vähiravis,51,1,298.0,0.0535570123382416
2394248505,Tehisintellekti tulevik vähiravis,81,3,936.4800000000004,0.1683056070956931
2394248505,Tehisintellekti tulevik vähiravis,131,1,484.52,0.0870786698594793
2395857120,Muutuv rändemaastik_ milleks peab Eesti Euroopa piiririigina valmis olema_,-1,10,2188.2,0.4005643267097983
2395857120,Muutuv rändemaastik_ milleks peab Eesti Euroopa piiririigina valmis olema_,16,2,196.32000000000107,0.0359376604605008
2395857120,Muutuv rändemaastik_ milleks peab Eesti Euroopa piiririigina valmis olema_,27,8,2882.673,0.5276921530799353
2395857120,Muutuv rändemaastik_ milleks peab Eesti Euroopa piiririigina valmis olema_,111,1,195.5999999999999,0.0358058597497653
2395857123,"Uus elu, uued rollid_ pagulaste identiteet ja kuuluvus Eestis",-1,8,3120.1890000000003,0.6466191637606834
2395857123,"Uus elu, uued rollid_ pagulaste identiteet ja kuuluvus Eestis",16,5,1606.4799999999998,0.3329223820089944
2395857123,"Uus elu, uued rollid_ pagulaste identiteet ja kuuluvus Eestis",39,1,98.7199999999998,0.0204584542303221
2395857126,Kuuluvustunne või äärmuslus_ Kuidas ennetada radikaliseerumist,-1,10,1780.9329999999995,0.335123864068948
2395857126,Kuuluvustunne või äärmuslus_ Kuidas ennetada radikaliseerumist,16,1,428.1199999999999,0.0805607109785702
2395857126,Kuuluvustunne või äärmuslus_ Kuidas ennetada radikaliseerumist,27,1,272.43999999999994,0.0512659069863628
2395857126,Kuuluvustunne või äärmuslus_ Kuidas ennetada radikaliseerumist,77,7,2600.760000000001,0.4893933352439187
2395857126,Kuuluvustunne või äärmuslus_ Kuidas ennetada radikaliseerumist,128,1,232.0,0.0436561827222
2395857129,Pagulus ja rahvus,16,15,4229.746999999999,0.8447081857917974
2395857129,Pagulus ja rahvus,39,1,162.32000000000016,0.0324163673897575
2395857129,Pagulus ja rahvus,46,2,483.4399999999998,0.0965461351090707
2395857129,Pagulus ja rahvus,54,1,131.84000000000017,0.0263293117093742
2395857132,"Kes vastutab, kui välistöötajad elavad kümnekesi kitsas köögis ega saa palka_",-1,2,783.3200000000006,0.1455450833569462
2395857132,"Kes vastutab, kui välistöötajad elavad kümnekesi kitsas köögis ega saa palka_",6,1,288.75999999999976,0.0536531663562167
2395857132,"Kes vastutab, kui välistöötajad elavad kümnekesi kitsas köögis ega saa palka_",20,1,297.0800000000004,0.0551990672569085
2395857132,"Kes vastutab, kui välistöötajad elavad kümnekesi kitsas köögis ega saa palka_",33,1,402.1600000000001,0.0747234983440094
2395857132,"Kes vastutab, kui välistöötajad elavad kümnekesi kitsas köögis ega saa palka_",49,8,2165.72,0.4024024637795603
2395857132,"Kes vastutab, kui välistöötajad elavad kümnekesi kitsas köögis ega saa palka_",55,2,354.52,0.0658717292443759
2395857132,"Kes vastutab, kui välistöötajad elavad kümnekesi kitsas köögis ega saa palka_",69,1,386.5199999999995,0.0718175019393437
2395857132,"Kes vastutab, kui välistöötajad elavad kümnekesi kitsas köögis ega saa palka_",71,2,373.6149999999998,0.0694196832947012
2395857132,"Kes vastutab, kui välistöötajad elavad kümnekesi kitsas köögis ega saa palka_",105,1,330.2800000000002,0.0613678064279377
2395857135,"Kellel lubame otsustada, kes Eestisse elama tuleb_",-1,3,422.08000000000027,0.0757330810811199
2395857135,"Kellel lubame otsustada, kes Eestisse elama tuleb_",0,1,195.40000000000003,0.035060282513388
2395857135,"Kellel lubame otsustada, kes Eestisse elama tuleb_",4,1,353.0799999999999,0.0633525309612438
2395857135,"Kellel lubame otsustada, kes Eestisse elama tuleb_",27,1,98.24000000000068,0.0176270325185018
2395857135,"Kellel lubame otsustada, kes Eestisse elama tuleb_",61,14,4274.097999999999,0.7668939783516211
2395857135,"Kellel lubame otsustada, kes Eestisse elama tuleb_",128,1,230.35999999999967,0.0413330945741251
2395857138,"Do They Belong Here, Or Do They Just Live Here_",-1,14,4137.976000000001,0.8709152197631973
2395857138,"Do They Belong Here, Or Do They Just Live Here_",27,1,250.92000000000007,0.0528108541332722
2395857138,"Do They Belong Here, Or Do They Just Live Here_",66,1,261.9200000000001,0.055126011934428
2395857138,"Do They Belong Here, Or Do They Just Live Here_",68,1,100.48000000000002,0.0211479141691024
2395857141,"Kes ütleb meile, et nemad pole meie_",-1,5,1265.554,0.2420911034789618
2395857141,"Kes ütleb meile, et nemad pole meie_",3,1,566.1199999999999,0.1082945615133845
2395857141,"Kes ütleb meile, et nemad pole meie_",29,3,1120.36,0.2143165670478618
2395857141,"Kes ütleb meile, et nemad pole meie_",41,1,266.3600000000001,0.0509526944900464
2395857141,"Kes ütleb meile, et nemad pole meie_",75,3,1191.7199999999998,0.227967206328571
2395857141,"Kes ütleb meile, et nemad pole meie_",95,1,226.2,0.0432703840428311
2395857141,"Kes ütleb meile, et nemad pole meie_",96,1,591.2800000000002,0.1131074830983431
2395857144,Vabatahtlikkus_ lõimumise mootor või lõhede peegel_,-1,3,495.9919999999997,0.1082622923338583
2395857144,Vabatahtlikkus_ lõimumise mootor või lõhede peegel_,4,1,99.43999999999994,0.0217051935306998
2395857144,Vabatahtlikkus_ lõimumise mootor või lõhede peegel_,7,1,160.03999999999996,0.0349326143669871
2395857144,Vabatahtlikkus_ lõimumise mootor või lõhede peegel_,16,1,95.31999999999994,0.0208059035332492
2395857144,Vabatahtlikkus_ lõimumise mootor või lõhede peegel_,69,1,360.6399999999999,0.0787184331748953
2395857144,Vabatahtlikkus_ lõimumise mootor või lõhede peegel_,70,1,129.32000000000062,0.0282272287549287
2395857144,Vabatahtlikkus_ lõimumise mootor või lõhede peegel_,117,1,133.27999999999977,0.029091594868983
2395857144,Vabatahtlikkus_ lõimumise mootor või lõhede peegel_,120,8,3107.36,0.6782567394363983
2395991448,Töö ei küsi vanust_,-1,12,3220.56,0.6160202447967773
2395991448,Töö ei küsi vanust_,6,1,390.8,0.0747511959617521
2395991448,Töö ei küsi vanust_,11,2,898.2,0.1718053331956136
2395991448,Töö ei küsi vanust_,20,3,622.0500000000002,0.1189840876356396
2395991448,Töö ei küsi vanust_,67,1,96.39999999999998,0.0184391384102172
2395991451,Kas lapsed maksavad karjääris kätte_,-1,8,1734.32,0.3126161504404839
2395991451,Kas lapsed maksavad karjääris kätte_,20,1,98.0,0.0176647808611833
2395991451,Kas lapsed maksavad karjääris kätte_,31,6,1577.6,0.2843669212918651
2395991451,Kas lapsed maksavad karjääris kätte_,55,4,683.56,0.1232136490354128
2395991451,Kas lapsed maksavad karjääris kätte_,63,1,239.8819999999996,0.0432394179851261
2395991451,Kas lapsed maksavad karjääris kätte_,92,1,199.96000000000004,0.0360433630714511
2395991451,Kas lapsed maksavad karjääris kätte_,105,2,1014.4400000000004,0.1828557173144775
2395991454,Kas süsteem hoiab naisi tagasi_,-1,6,1623.4499999999998,0.3256898678944359
2395991454,Kas süsteem hoiab naisi tagasi_,20,2,346.92000000000013,0.0695976648310313
2395991454,Kas süsteem hoiab naisi tagasi_,31,8,2587.96,0.5191859007151957
2395991454,Kas süsteem hoiab naisi tagasi_,55,1,198.5999999999999,0.0398423159098432
2395991454,Kas süsteem hoiab naisi tagasi_,70,1,227.72000000000003,0.0456842506494939
2395991457,Paindlikkus või kontroll_,-1,10,2104.88,0.3936171665016995
2395991457,Paindlikkus või kontroll_,4,1,91.99999999999989,0.0172042013407682
2395991457,Paindlikkus või kontroll_,6,5,2367.6400000000003,0.4427538615484417
2395991457,Paindlikkus või kontroll_,20,2,465.53100000000086,0.087055315808361
2395991457,Paindlikkus või kontroll_,40,1,130.07999999999993,0.0243252446783384
2395991457,Paindlikkus või kontroll_,55,1,187.39999999999964,0.0350442101223909
2395991460,Kriis ei vabasta juhtimisest,-1,9,1481.0460000000005,0.2856335603030669
2395991460,Kriis ei vabasta juhtimisest,6,1,322.15999999999985,0.062131566330307
2395991460,Kriis ei vabasta juhtimisest,7,1,202.08,0.0389730162777143
2395991460,Kriis ei vabasta juhtimisest,9,1,97.27999999999976,0.018761357004632
2395991460,Kriis ei vabasta juhtimisest,11,6,2435.7200000000003,0.4697513618762591
2395991460,Kriis ei vabasta juhtimisest,30,1,163.2,0.0314746449748762
2395991460,Kriis ei vabasta juhtimisest,55,1,127.24,0.0245394229571277
2395991460,Kriis ei vabasta juhtimisest,133,1,356.4000000000001,0.0687350702760164
2395991463,"Mees, kus su lapsed on_",-1,4,555.4399999999994,0.1007375766540701
2395991463,"Mees, kus su lapsed on_",31,10,4188.332,0.7596183492414939
2395991463,"Mees, kus su lapsed on_",40,1,285.04,0.0516963827766746
2395991463,"Mees, kus su lapsed on_",55,1,94.43999999999984,0.0171281447846938
2395991463,"Mees, kus su lapsed on_",67,1,228.27999999999972,0.0414020848311089
2395991463,"Mees, kus su lapsed on_",96,1,162.20000000000073,0.0294174617119585
2395991466,Miks noored mehed surevad_,-1,10,3587.5579999999995,0.6554583127944489
2395991466,Miks noored mehed surevad_,2,1,191.72000000000023,0.0350278567563094
2395991466,Miks noored mehed surevad_,4,1,129.68,0.0236929504702597
2395991466,Miks noored mehed surevad_,6,2,223.39999999999964,0.0408158940087601
2395991466,Miks noored mehed surevad_,23,1,95.60000000000002,0.0174664255471686
2395991466,Miks noored mehed surevad_,29,1,96.63999999999989,0.0176564368711127
2395991466,Miks noored mehed surevad_,49,1,361.52,0.0660508594541047
2395991466,Miks noored mehed surevad_,56,2,657.3599999999999,0.1201017729883555
2395991466,Miks noored mehed surevad_,98,1,129.8800000000001,0.0237294911094797
2395991469,Kes võidab AI-ajastul_,-1,4,539.9999999999992,0.1013896008066104
2395991469,Kes võidab AI-ajastul_,0,6,1092.4799999999996,0.2051224279429738
2395991469,Kes võidab AI-ajastul_,64,8,3155.670000000001,0.5925039288470314
2395991469,Kes võidab AI-ajastul_,123,1,537.8400000000001,0.1009840424033841
2395991472,Kas iga ebamugavus on kiusamine_,-1,2,527.0660000000003,0.0997183640062919
2395991472,Kas iga ebamugavus on kiusamine_,0,2,516.3600000000001,0.0976928400585294
2395991472,Kas iga ebamugavus on kiusamine_,6,9,3363.2,0.6363013395399453
2395991472,Kas iga ebamugavus on kiusamine_,11,3,423.0400000000002,0.0800371428041682
2395991472,Kas iga ebamugavus on kiusamine_,33,1,259.76,0.0491453484654187
2395991472,Kas iga ebamugavus on kiusamine_,55,1,196.1199999999999,0.0371049651256464
2396670915,Pedofiilia uus nägu_ kuidas avatus loob uusi riske,-1,4,985.174,0.1759750241766627
2396670915,Pedofiilia uus nägu_ kuidas avatus loob uusi riske,4,1,97.31999999999994,0.0173836188864838
2396670915,Pedofiilia uus nägu_ kuidas avatus loob uusi riske,29,2,314.96000000000004,0.0562591924012222
2396670915,Pedofiilia uus nägu_ kuidas avatus loob uusi riske,32,1,297.4399999999996,0.0531297123057515
2396670915,Pedofiilia uus nägu_ kuidas avatus loob uusi riske,34,7,1196.2000000000005,0.2136691832307024
2396670915,Pedofiilia uus nägu_ kuidas avatus loob uusi riske,40,1,162.83999999999992,0.0290870170517367
2396670915,Pedofiilia uus nägu_ kuidas avatus loob uusi riske,52,1,304.6400000000003,0.054415800016219
2396670915,Pedofiilia uus nägu_ kuidas avatus loob uusi riske,127,6,2239.8,0.4000804519312215
2396670918,Kas töötamine päästab Eestis vaesusest_ Räägime miinimumpalgast,-1,14,4575.182000000001,0.8818536578220103
2396670918,Kas töötamine päästab Eestis vaesusest_ Räägime miinimumpalgast,105,2,612.96,0.1181463421779897
2396670921,Kas Eesti tulevik on parkla või meeldiv elukeskkond_,-1,11,2945.0109999999995,0.4942279592354917
2396670921,Kas Eesti tulevik on parkla või meeldiv elukeskkond_,8,1,127.84000000000016,0.0214539444194488
2396670921,Kas Eesti tulevik on parkla või meeldiv elukeskkond_,30,6,1237.3199999999997,0.2076454514163983
2396670921,Kas Eesti tulevik on parkla või meeldiv elukeskkond_,45,2,257.32000000000016,0.0431831115301358
2396670921,Kas Eesti tulevik on parkla või meeldiv elukeskkond_,119,5,1391.3200000000006,0.2334895333985254
2396670924,Loodusrahvas või ressursirahvas_ miks keskkond valimiskasti juures kaotab_,-1,13,3732.403,0.6629957743023799
2396670924,Loodusrahvas või ressursirahvas_ miks keskkond valimiskasti juures kaotab_,9,2,435.0399999999996,0.0772772076467913
2396670924,Loodusrahvas või ressursirahvas_ miks keskkond valimiskasti juures kaotab_,12,1,130.23999999999978,0.0231348462760162
2396670924,Loodusrahvas või ressursirahvas_ miks keskkond valimiskasti juures kaotab_,65,1,315.96000000000004,0.0561247391689964
2396670924,Loodusrahvas või ressursirahvas_ miks keskkond valimiskasti juures kaotab_,66,3,697.2,0.1238453226630723
2396670924,Loodusrahvas või ressursirahvas_ miks keskkond valimiskasti juures kaotab_,96,1,94.19999999999992,0.016732973888212
2396670924,Loodusrahvas või ressursirahvas_ miks keskkond valimiskasti juures kaotab_,111,1,224.56000000000017,0.0398891360545317
2396670927,Kodude kättesaadavus_ kas Eestil on plaan_,-1,9,2792.5810000000006,0.5392643546848791
2396670927,Kodude kättesaadavus_ kas Eestil on plaan_,30,2,232.72000000000023,0.0449396456619396
2396670927,Kodude kättesaadavus_ kas Eestil on plaan_,45,1,162.92000000000007,0.03146084166055
2396670927,Kodude kättesaadavus_ kas Eestil on plaan_,101,1,355.5999999999999,0.0686685200987698
2396670927,Kodude kättesaadavus_ kas Eestil on plaan_,119,2,463.1999999999998,0.0894467337169578
2396670927,Kodude kättesaadavus_ kas Eestil on plaan_,129,5,1171.479999999999,0.2262199041769036
2396670930,ÜRO kõnnib Rahvasteliidu teed,-1,5,786.4000000000001,0.1452957453880518
2396670930,ÜRO kõnnib Rahvasteliidu teed,21,1,331.71999999999935,0.0612887902595682
2396670930,ÜRO kõnnib Rahvasteliidu teed,22,11,4202.649000000001,0.7764840018557357
2396670930,ÜRO kõnnib Rahvasteliidu teed,111,1,91.64000000000031,0.0169314624966443
2396670933,"Kui pole mugav, siis ei kaasa_!",-1,11,2659.458,0.5523531926082573
2396670933,"Kui pole mugav, siis ei kaasa_!",3,5,2056.16,0.4270518806889953
2396670933,"Kui pole mugav, siis ei kaasa_!",94,1,99.16000000000032,0.0205949267027473
2396670936,"Kas Eesti on valmis järgmiseks kriisiks, mis ei tule tankiga_ Keemilised, bioloogilised, radioloogilised ja tuumariskid",80,16,4465.203,1.0
2396692734,Kas rohereform vajab ebapopulaarseid otsuseid_,-1,10,2673.400000000001,0.5076939350381932
2396692734,Kas rohereform vajab ebapopulaarseid otsuseid_,4,1,132.4399999999996,0.0251511127240435
2396692734,Kas rohereform vajab ebapopulaarseid otsuseid_,26,3,1104.1709999999996,0.2096883818153124
2396692734,Kas rohereform vajab ebapopulaarseid otsuseid_,78,1,514.5999999999999,0.0977254802762976
2396692734,Kas rohereform vajab ebapopulaarseid otsuseid_,95,1,171.79999999999998,0.0326258016157557
2396692734,Kas rohereform vajab ebapopulaarseid otsuseid_,96,1,218.12,0.0414222342749048
2396692734,Kas rohereform vajab ebapopulaarseid otsuseid_,104,1,162.91999999999996,0.0309394388779914
2396692734,Kas rohereform vajab ebapopulaarseid otsuseid_,132,1,288.31999999999994,0.0547536153775012
2396692737,Keskkonnahoid vastutuules_ kas keskkonnaprojektid on vaid kulu või ka väärtus inimestele ja ettevõtetele_,-1,8,2817.84,0.4995797299527819
2396692737,Keskkonnahoid vastutuules_ kas keskkonnaprojektid on vaid kulu või ka väärtus inimestele ja ettevõtetele_,4,1,111.42100000000028,0.01975402190723
2396692737,Keskkonnahoid vastutuules_ kas keskkonnaprojektid on vaid kulu või ka väärtus inimestele ja ettevõtetele_,30,1,387.6399999999999,0.0687253664221163
2396692737,Keskkonnahoid vastutuules_ kas keskkonnaprojektid on vaid kulu või ka väärtus inimestele ja ettevõtetele_,42,1,286.44000000000005,0.0507834432926194
2396692737,Keskkonnahoid vastutuules_ kas keskkonnaprojektid on vaid kulu või ka väärtus inimestele ja ettevõtetele_,60,1,382.67999999999984,0.0678459994386943
2396692737,Keskkonnahoid vastutuules_ kas keskkonnaprojektid on vaid kulu või ka väärtus inimestele ja ettevõtetele_,65,3,903.12,0.1601157076750121
2396692737,Keskkonnahoid vastutuules_ kas keskkonnaprojektid on vaid kulu või ka väärtus inimestele ja ettevõtetele_,66,1,198.76000000000025,0.0352385043598696
2396692737,Keskkonnahoid vastutuules_ kas keskkonnaprojektid on vaid kulu või ka väärtus inimestele ja ettevõtetele_,101,1,552.5200000000004,0.0979572269516761
2396692740,Kas tööstus julgeb investeerida_ Energiamajanduslikud otsused ebakindla poliitika ja turu tingimustes,-1,7,2311.84,0.4526271912676063
2396692740,Kas tööstus julgeb investeerida_ Energiamajanduslikud otsused ebakindla poliitika ja turu tingimustes,13,5,1491.28,0.2919725750024032
2396692740,Kas tööstus julgeb investeerida_ Energiamajanduslikud otsused ebakindla poliitika ja turu tingimustes,42,4,917.6030000000004,0.1796543310041912
2396692740,Kas tööstus julgeb investeerida_ Energiamajanduslikud otsused ebakindla poliitika ja turu tingimustes,60,1,386.8800000000001,0.0757459027257991
2396692743,Järgmise põlvkonna õpilasmalev,-1,4,670.9729999999988,0.1266299066581133
2396692743,Järgmise põlvkonna õpilasmalev,20,2,460.1200000000008,0.0868365085503162
2396692743,Järgmise põlvkonna õpilasmalev,98,4,888.4799999999996,0.167679086144451
2396692743,Järgmise põlvkonna õpilasmalev,106,1,129.56000000000017,0.0244513128048747
2396692743,Järgmise põlvkonna õpilasmalev,133,9,3149.560000000001,0.5944031858422446
2396692746,Kuidas hoida kokkuleppeid ruumis_,-1,12,3072.197000000001,0.4985036923741452
2396692746,Kuidas hoida kokkuleppeid ruumis_,4,2,223.7199999999998,0.0363014631086299
2396692746,Kuidas hoida kokkuleppeid ruumis_,26,2,225.88000000000036,0.0366519510413792
2396692746,Kuidas hoida kokkuleppeid ruumis_,30,8,2641.0399999999995,0.4285428934758455
2396692749,"Kas elekter saab olla korraga odav, roheline ja kindel ning hoida Eesti majanduse konkurentsivõimelisena_",-1,6,1704.047000000001,0.3013150163375782
2396692749,"Kas elekter saab olla korraga odav, roheline ja kindel ning hoida Eesti majanduse konkurentsivõimelisena_",12,4,1096.5200000000002,0.1938901577917048
2396692749,"Kas elekter saab olla korraga odav, roheline ja kindel ning hoida Eesti majanduse konkurentsivõimelisena_",13,5,2199.1199999999994,0.3888554005425287
2396692749,"Kas elekter saab olla korraga odav, roheline ja kindel ning hoida Eesti majanduse konkurentsivõimelisena_",26,1,266.1199999999999,0.04705618574356
2396692749,"Kas elekter saab olla korraga odav, roheline ja kindel ning hoida Eesti majanduse konkurentsivõimelisena_",84,1,92.11999999999988,0.0162889517161308
2396692749,"Kas elekter saab olla korraga odav, roheline ja kindel ning hoida Eesti majanduse konkurentsivõimelisena_",132,1,297.44,0.0525942878684973
2396692752,Tuleviku Eesti edulugu_ majanduskasv või tasaareng_,-1,8,2463.2799999999997,0.4823921423864434
2396692752,Tuleviku Eesti edulugu_ majanduskasv või tasaareng_,4,3,335.5600000000006,0.065713807321618
2396692752,Tuleviku Eesti edulugu_ majanduskasv või tasaareng_,23,2,432.4800000000004,0.084693966475305
2396692752,Tuleviku Eesti edulugu_ majanduskasv või tasaareng_,49,1,335.0,0.0656041406983609
2396692752,Tuleviku Eesti edulugu_ majanduskasv või tasaareng_,57,1,271.5200000000002,0.0531726456191611
2396692752,Tuleviku Eesti edulugu_ majanduskasv või tasaareng_,64,1,195.67999999999984,0.0383206514980754
2396692752,Tuleviku Eesti edulugu_ majanduskasv või tasaareng_,111,1,101.23999999999978,0.019826158818812
2396692752,Tuleviku Eesti edulugu_ majanduskasv või tasaareng_,118,2,609.9449999999997,0.1194475152186918
2396692752,Tuleviku Eesti edulugu_ majanduskasv või tasaareng_,124,1,361.6800000000003,0.0708289719635319
2396692755,Tehisintellekti nähtamatu jalajälg_ kas digiareng tuleb keskkonna arvelt_,-1,10,2687.160000000001,0.5105957025868771
2396692755,Tehisintellekti nähtamatu jalajälg_ kas digiareng tuleb keskkonna arvelt_,0,1,260.12,0.0494262173286661
2396692755,Tehisintellekti nähtamatu jalajälg_ kas digiareng tuleb keskkonna arvelt_,4,1,160.15999999999983,0.0304325041033336
2396692755,Tehisintellekti nähtamatu jalajälg_ kas digiareng tuleb keskkonna arvelt_,57,6,2021.273999999999,0.3840686145040066
2396692755,Tehisintellekti nähtamatu jalajälg_ kas digiareng tuleb keskkonna arvelt_,91,1,134.07999999999993,0.0254769614771165
2397177237,Kas sotsiaalmeediasse mahub sisukas poliitiline diskussioon_,-1,7,2275.12,0.4267889250832663
2397177237,Kas sotsiaalmeediasse mahub sisukas poliitiline diskussioon_,29,2,295.24000000000024,0.0553839631498926
2397177237,Kas sotsiaalmeediasse mahub sisukas poliitiline diskussioon_,41,2,355.7199999999998,0.0667293841338564
2397177237,Kas sotsiaalmeediasse mahub sisukas poliitiline diskussioon_,47,1,130.84000000000003,0.0245442275387208
2397177237,Kas sotsiaalmeediasse mahub sisukas poliitiline diskussioon_,73,2,205.96,0.0386359607449934
2397177237,Kas sotsiaalmeediasse mahub sisukas poliitiline diskussioon_,88,1,194.15999999999983,0.0364224030794713
2397177237,Kas sotsiaalmeediasse mahub sisukas poliitiline diskussioon_,121,5,1873.7450000000008,0.351495136269799
2397177240,Kultuur on majandusharu,-1,4,494.59999999999945,0.0885906492265243
2397177240,Kultuur on majandusharu,0,1,131.44000000000003,0.0235429739877363
2397177240,Kultuur on majandusharu,42,1,398.8800000000001,0.0714456897765388
2397177240,Kultuur on majandusharu,93,1,102.44,0.018348617280156
2397177240,Kultuur on majandusharu,112,11,4455.621999999999,0.7980720697290443
2397177243,Kultuuriretsept – ravi positiivsete kõrvaltoimetega,-1,11,3410.16,0.6560638133526384
2397177243,Kultuuriretsept – ravi positiivsete kõrvaltoimetega,1,1,290.0799999999999,0.0558070562605078
2397177243,Kultuuriretsept – ravi positiivsete kõrvaltoimetega,25,4,1293.949,0.2489364473291086
2397177243,Kultuuriretsept – ravi positiivsete kõrvaltoimetega,39,1,104.11999999999988,0.0200311317493245
2397177243,Kultuuriretsept – ravi positiivsete kõrvaltoimetega,55,1,99.60000000000036,0.0191615513084204
2397177246,Reklaamide vastutamatusest ja vastutusest,-1,2,421.64000000000055,0.0856080457431702
2397177246,Reklaamide vastutamatusest ja vastutusest,9,1,457.08,0.0928036371034252
2397177246,Reklaamide vastutamatusest ja vastutusest,75,1,105.07999999999991,0.0213350095975057
2397177246,Reklaamide vastutamatusest ja vastutusest,87,11,3941.438,0.8002533075558987
2397177249,AI ajastu ettevõtlus – kas miljon mikroettevõtjat või paar suurt võitjat_,-1,9,2245.492000000001,0.395635955129032
2397177249,AI ajastu ettevõtlus – kas miljon mikroettevõtjat või paar suurt võitjat_,0,5,1589.1999999999996,0.2800030727747225
2397177249,AI ajastu ettevõtlus – kas miljon mikroettevõtjat või paar suurt võitjat_,32,1,91.59999999999997,0.0161391149422128
2397177249,AI ajastu ettevõtlus – kas miljon mikroettevõtjat või paar suurt võitjat_,62,1,161.92000000000007,0.0285288809109508
2397177249,AI ajastu ettevõtlus – kas miljon mikroettevõtjat või paar suurt võitjat_,64,5,1587.4399999999998,0.2796929762430818
2397177252,Tehisintellekt kultuuris – kas loovisik on järgmine väljasureja_,-1,9,2638.199999999999,0.45065374002291
2397177252,Tehisintellekt kultuuris – kas loovisik on järgmine väljasureja_,0,6,1957.1220000000003,0.3343129213028269
2397177252,Tehisintellekt kultuuris – kas loovisik on järgmine väljasureja_,32,1,164.64,0.0281235811376589
2397177252,Tehisintellekt kultuuris – kas loovisik on järgmine väljasureja_,61,1,363.1600000000001,0.0620344978495641
2397177252,Tehisintellekt kultuuris – kas loovisik on järgmine väljasureja_,68,1,164.92000000000007,0.0281714103572808
2397177252,Tehisintellekt kultuuris – kas loovisik on järgmine väljasureja_,72,1,167.6800000000003,0.0286428698078393
2397177252,Tehisintellekt kultuuris – kas loovisik on järgmine väljasureja_,75,1,164.35999999999967,0.028075751918037
2397177252,Tehisintellekt kultuuris – kas loovisik on järgmine väljasureja_,93,1,131.6800000000003,0.022493398713599
2397177252,Tehisintellekt kultuuris – kas loovisik on järgmine väljasureja_,111,1,102.40000000000056,0.0174918288902836
2397177255,Vabakutseliste loovisikute toimetulek,-1,13,4000.92,0.7240400396175992
2397177255,Vabakutseliste loovisikute toimetulek,4,1,132.24,0.0239312595200682
2397177255,Vabakutseliste loovisikute toimetulek,39,3,736.4270000000004,0.1332700064623811
2397177255,Vabakutseliste loovisikute toimetulek,96,2,656.2399999999999,0.1187586943999513
2397177258,Kas tänavakunst peaks olema legaalne_,-1,3,541.1199999999999,0.1072545475951965
2397177258,Kas tänavakunst peaks olema legaalne_,72,13,4184.0,0.8293040862254257
2397177258,Kas tänavakunst peaks olema legaalne_,87,1,320.0739999999996,0.0634413661793777
2397264564,Küberturvalisus vs ettevõtlusvõime_ kus on tasakaal_,-1,6,1399.443,0.2608621981951217
2397264564,Küberturvalisus vs ettevõtlusvõime_ kus on tasakaal_,1,6,2070.28,0.3859091021780783
2397264564,Küberturvalisus vs ettevõtlusvõime_ kus on tasakaal_,24,1,183.4000000000001,0.0341865493264001
2397264564,Küberturvalisus vs ettevõtlusvõime_ kus on tasakaal_,35,1,454.96,0.0848065020803652
2397264564,Küberturvalisus vs ettevõtlusvõime_ kus on tasakaal_,51,3,1256.5999999999997,0.2342356482200345
2397264567,Teadmussiirdedoktorantuur – Eesti majanduse kasutamata potentsiaal_,-1,3,882.1600000000001,0.1642500653995142
2397264567,Teadmussiirdedoktorantuur – Eesti majanduse kasutamata potentsiaal_,23,1,493.48,0.0918814299824887
2397264567,Teadmussiirdedoktorantuur – Eesti majanduse kasutamata potentsiaal_,103,12,3995.195,0.7438685046179969
2397264570,"Miljon sensorit, üks planeet_ kuidas tehisintellekt asjades (AIoT) muudab teadust_",-1,5,1605.6,0.3194984177306498
2397264570,"Miljon sensorit, üks planeet_ kuidas tehisintellekt asjades (AIoT) muudab teadust_",5,5,1956.097000000001,0.3892438318557992
2397264570,"Miljon sensorit, üks planeet_ kuidas tehisintellekt asjades (AIoT) muudab teadust_",57,1,507.5999999999999,0.1010073473094655
2397264570,"Miljon sensorit, üks planeet_ kuidas tehisintellekt asjades (AIoT) muudab teadust_",65,1,180.59999999999943,0.0359376022933203
2397264570,"Miljon sensorit, üks planeet_ kuidas tehisintellekt asjades (AIoT) muudab teadust_",68,1,107.44000000000004,0.021379490533745
2397264570,"Miljon sensorit, üks planeet_ kuidas tehisintellekt asjades (AIoT) muudab teadust_",95,1,233.3199999999997,0.046428357514272
2397264570,"Miljon sensorit, üks planeet_ kuidas tehisintellekt asjades (AIoT) muudab teadust_",131,2,434.72000000000025,0.0865049527627479
2397264573,Kas oleme tehisaru nimel valmis ohverdama oma inimõigused_,-1,2,664.0400000000002,0.128831787251
2397264573,Kas oleme tehisaru nimel valmis ohverdama oma inimõigused_,1,1,499.67999999999984,0.0969439603842836
2397264573,Kas oleme tehisaru nimel valmis ohverdama oma inimõigused_,5,1,315.44000000000005,0.0611991731980836
2397264573,Kas oleme tehisaru nimel valmis ohverdama oma inimõigused_,6,1,232.15999999999983,0.0450418464673696
2397264573,Kas oleme tehisaru nimel valmis ohverdama oma inimõigused_,32,1,342.79999999999995,0.0665073439395861
2397264573,Kas oleme tehisaru nimel valmis ohverdama oma inimõigused_,35,1,505.0799999999999,0.0979916256622117
2397264573,Kas oleme tehisaru nimel valmis ohverdama oma inimõigused_,61,1,580.4400000000005,0.1126123766519645
2397264573,Kas oleme tehisaru nimel valmis ohverdama oma inimõigused_,62,3,839.6799999999998,0.1629080704760552
2397264573,Kas oleme tehisaru nimel valmis ohverdama oma inimõigused_,68,1,175.68000000000006,0.0340840437085954
2397264573,Kas oleme tehisaru nimel valmis ohverdama oma inimõigused_,73,1,199.83999999999924,0.0387713757668811
2397264573,Kas oleme tehisaru nimel valmis ohverdama oma inimõigused_,111,1,305.1600000000001,0.05920472892825
2397264573,Kas oleme tehisaru nimel valmis ohverdama oma inimõigused_,131,1,494.3180000000002,0.0959036675657187
2397264576,Kas linnud ja loomad keedavad meile uut superhaigust_,-1,3,921.52,0.1665135281399948
2397264576,Kas linnud ja loomad keedavad meile uut superhaigust_,4,1,156.39999999999998,0.0282606083439265
2397264576,Kas linnud ja loomad keedavad meile uut superhaigust_,37,11,3645.645,0.6587477334142845
2397264576,Kas linnud ja loomad keedavad meile uut superhaigust_,68,2,223.1199999999999,0.0403165404967831
2397264576,Kas linnud ja loomad keedavad meile uut superhaigust_,71,1,194.1200000000001,0.0350764021209912
2397264576,Kas linnud ja loomad keedavad meile uut superhaigust_,111,1,286.3600000000001,0.0517436560445448
2397264576,Kas linnud ja loomad keedavad meile uut superhaigust_,118,1,107.03999999999996,0.019341531439475
2397264579,Elu võimalikkusest pealinnast eemal,-1,6,1792.0,0.3201835337756106
2397264579,Elu võimalikkusest pealinnast eemal,3,1,348.20000000000005,0.0622142335159975
2397264579,Elu võimalikkusest pealinnast eemal,4,1,97.52000000000044,0.0174242735568067
2397264579,Elu võimalikkusest pealinnast eemal,23,1,196.84000000000012,0.0351701600381647
2397264579,Elu võimalikkusest pealinnast eemal,30,1,223.52,0.0399371782754042
2397264579,Elu võimalikkusest pealinnast eemal,45,9,2133.44,0.3811899320860707
2397264579,Elu võimalikkusest pealinnast eemal,119,3,805.2699999999995,0.1438806887519452
2397264582,Kes vastutab Eesti toidujulgeoleku eest_,-1,1,193.96000000000004,0.0365521707044415
2397264582,Kes vastutab Eesti toidujulgeoleku eest_,7,16,4963.52,0.9353858029228168
2397264582,Kes vastutab Eesti toidujulgeoleku eest_,15,1,148.90800000000036,0.0280620263727417
2397264585,Toiduraiskamine või toiduohutus – kas peame valima_,-1,1,105.55999999999996,0.0210875216049209
2397264585,Toiduraiskamine või toiduohutus – kas peame valima_,7,17,4900.244000000001,0.9789124783950792
2397264588,Mille taha jääb majanduskasv_,-1,4,926.8800000000006,0.1767654710789888
2397264588,Mille taha jääb majanduskasv_,13,1,455.0400000000004,0.0867807698513109
2397264588,Mille taha jääb majanduskasv_,42,1,328.2399999999998,0.0625987163677792
2397264588,Mille taha jääb majanduskasv_,45,4,856.4799999999991,0.1633394729304031
2397264588,Mille taha jääb majanduskasv_,73,1,95.72,0.0182547804372527
2397264588,Mille taha jääb majanduskasv_,101,8,2581.198,0.492260789334265
2397829623,Noorte julm vägivald – kas sinu kodukant on järgmine_,-1,9,2567.199999999999,0.4808030864891184
2397829623,Noorte julm vägivald – kas sinu kodukant on järgmine_,2,1,163.67999999999984,0.030655129789864
2397829623,Noorte julm vägivald – kas sinu kodukant on järgmine_,3,3,813.1199999999999,0.1522867737948084
2397829623,Noorte julm vägivald – kas sinu kodukant on järgmine_,20,1,327.2000000000003,0.061280293665955
2397829623,Noorte julm vägivald – kas sinu kodukant on järgmine_,31,1,320.5600000000004,0.0600367082443721
2397829623,Noorte julm vägivald – kas sinu kodukant on järgmine_,40,1,272.84000000000003,0.0510993744615499
2397829623,Noorte julm vägivald – kas sinu kodukant on järgmine_,67,2,351.9999999999999,0.0659250103007828
2397829623,Noorte julm vägivald – kas sinu kodukant on järgmine_,98,1,99.52,0.0186387983668577
2397829623,Noorte julm vägivald – kas sinu kodukant on järgmine_,128,2,423.2800000000001,0.0792748248866914
2397829626,"Kui sensoreid saab rohkem kui inimesi, siis kes hoiab piirialade Eestit_",-1,4,975.2000000000004,0.1776049808071156
2397829626,"Kui sensoreid saab rohkem kui inimesi, siis kes hoiab piirialade Eestit_",23,2,748.1999999999996,0.1362633784248193
2397829626,"Kui sensoreid saab rohkem kui inimesi, siis kes hoiab piirialade Eestit_",42,1,162.32000000000016,0.0295619775272877
2397829626,"Kui sensoreid saab rohkem kui inimesi, siis kes hoiab piirialade Eestit_",104,12,3403.317,0.6198175250877052
2397829626,"Kui sensoreid saab rohkem kui inimesi, siis kes hoiab piirialade Eestit_",105,1,201.79999999999995,0.0367521381530721
2397829629,Religioossete ühenduste roll ühiskonna toetaja ja tasakaalustajana,-1,3,1010.2399999999998,0.1822072683428758
2397829629,Religioossete ühenduste roll ühiskonna toetaja ja tasakaalustajana,54,18,4534.215,0.8177927316571242
2397829632,Appi! Mind ei lasta muuseumisse! Kultuuriharidus kui regionaalpoliitika,-1,3,749.3200000000002,0.1336919052095631
2397829632,Appi! Mind ei lasta muuseumisse! Kultuuriharidus kui regionaalpoliitika,3,1,102.23999999999978,0.0182414194050948
2397829632,Appi! Mind ei lasta muuseumisse! Kultuuriharidus kui regionaalpoliitika,25,12,3798.307,0.6776849669044201
2397829632,Appi! Mind ei lasta muuseumisse! Kultuuriharidus kui regionaalpoliitika,29,1,158.79999999999973,0.0283327210634689
2397829632,Appi! Mind ei lasta muuseumisse! Kultuuriharidus kui regionaalpoliitika,39,1,159.0,0.0283684045912567
2397829632,Appi! Mind ei lasta muuseumisse! Kultuuriharidus kui regionaalpoliitika,48,2,637.1599999999999,0.113680582826196
2397829635,„Veibi-Vellod“ ja veipivad noored – miks salaturg võidab ja mida teha teisiti_,-1,5,1521.4199999999996,0.2914430205160622
2397829635,„Veibi-Vellod“ ja veipivad noored – miks salaturg võidab ja mida teha teisiti_,89,13,3698.88,0.7085569794839378
2397829638,Kus on noore kodu_ Kuidas elatakse tulevikus ja kas kodu peab tingimata omama_,-1,11,2620.88,0.5898986097697174
2397829638,Kus on noore kodu_ Kuidas elatakse tulevikus ja kas kodu peab tingimata omama_,42,1,95.51999999999998,0.0214993113783169
2397829638,Kus on noore kodu_ Kuidas elatakse tulevikus ja kas kodu peab tingimata omama_,129,6,1726.533,0.3886020788519655
2397829641,"Kelle vastutus on NEET-olukorras noor – tema enda, spetsialistide või kogu ühiskonna_",-1,7,1838.767,0.3857536691626699
2397829641,"Kelle vastutus on NEET-olukorras noor – tema enda, spetsialistide või kogu ühiskonna_",3,1,135.39999999999964,0.0284054732353938
2397829641,"Kelle vastutus on NEET-olukorras noor – tema enda, spetsialistide või kogu ühiskonna_",98,7,2792.5200000000004,0.5858408576019362
2400164898,Kas lapsevanem on partner või lihtsalt teenusetarbija_,-1,3,612.3999999999996,0.1242723553264015
2400164898,Kas lapsevanem on partner või lihtsalt teenusetarbija_,38,6,1895.846,0.3847179094646265
2400164898,Kas lapsevanem on partner või lihtsalt teenusetarbija_,67,1,273.32,0.0554639453915938
2400164898,Kas lapsevanem on partner või lihtsalt teenusetarbija_,83,1,200.76,0.0407395787970744
2400164898,Kas lapsevanem on partner või lihtsalt teenusetarbija_,92,5,1945.56,0.3948062110203037
2400164901,Ühiskondlik ebavõrdsus algab enne kooli – kas me tunnistame seda_,-1,4,549.0800000000004,0.1017808120146884
2400164901,Ühiskondlik ebavõrdsus algab enne kooli – kas me tunnistame seda_,3,1,296.20000000000005,0.0549054354898206
2400164901,Ühiskondlik ebavõrdsus algab enne kooli – kas me tunnistame seda_,8,10,2832.13,0.5249808609513358
2400164901,Ühiskondlik ebavõrdsus algab enne kooli – kas me tunnistame seda_,38,1,240.1600000000008,0.044517519875879
2400164901,Ühiskondlik ebavõrdsus algab enne kooli – kas me tunnistame seda_,92,3,1124.239999999999,0.208395971624159
2400164901,Ühiskondlik ebavõrdsus algab enne kooli – kas me tunnistame seda_,95,1,225.31999999999996,0.0417666871187251
2400164901,Ühiskondlik ebavõrdsus algab enne kooli – kas me tunnistame seda_,131,1,127.60000000000036,0.023652712925392
2400164904,Kuidas toetada lapse keele ja kõne arengut liikumismängude kaudu_,-1,1,96.88000000000012,0.0243187767916334
2400164904,Kuidas toetada lapse keele ja kõne arengut liikumismängude kaudu_,8,2,477.44,0.1198467876898994
2400164904,Kuidas toetada lapse keele ja kõne arengut liikumismängude kaudu_,75,1,153.76,0.0385967704323034
2400164904,Kuidas toetada lapse keele ja kõne arengut liikumismängude kaudu_,90,11,3255.673,0.8172376650861637
2400164907,Iga lapse tulevik on Eesti arenguküsimus,-1,5,893.24,0.1556380368461604
2400164907,Iga lapse tulevik on Eesti arenguküsimus,3,1,231.0,0.0402494139441393
2400164907,Iga lapse tulevik on Eesti arenguküsimus,4,1,136.84000000000017,0.0238429861650045
2400164907,Iga lapse tulevik on Eesti arenguküsimus,8,11,3534.134,0.6157871095240568
2400164907,Iga lapse tulevik on Eesti arenguküsimus,92,2,717.1200000000001,0.1249509079117802
2400164907,Iga lapse tulevik on Eesti arenguküsimus,101,1,226.87999999999988,0.0395315456088586
2400164910,"Mida laps tegelikult tahab, et me märkaks_",-1,3,871.6000000000001,0.179853591417872
2400164910,"Mida laps tegelikult tahab, et me märkaks_",38,10,3159.36,0.6519300626227259
2400164910,"Mida laps tegelikult tahab, et me märkaks_",40,1,438.5999999999999,0.0905045722761342
2400164910,"Mida laps tegelikult tahab, et me märkaks_",67,1,280.7640000000001,0.0579353071831659
2400164910,"Mida laps tegelikult tahab, et me märkaks_",90,1,95.83999999999992,0.0197764665001019
2400164913,Alushariduse agenda 2027–2031_ mida Eesti peab nüüd otsustama_,-1,3,357.9200000000001,0.0661145911126931
2400164913,Alushariduse agenda 2027–2031_ mida Eesti peab nüüd otsustama_,8,9,3334.3200000000006,0.6159119452360163
2400164913,Alushariduse agenda 2027–2031_ mida Eesti peab nüüd otsustama_,38,2,561.4000000000001,0.1037011942631479
2400164913,Alushariduse agenda 2027–2031_ mida Eesti peab nüüd otsustama_,42,1,97.67999999999984,0.0180433428137233
2400164913,Alushariduse agenda 2027–2031_ mida Eesti peab nüüd otsustama_,92,3,770.8709999999999,0.1423944483840882
2400164913,Alushariduse agenda 2027–2031_ mida Eesti peab nüüd otsustama_,95,1,291.4399999999998,0.053834478190331
2400164916,Aga kes hoiab õpetajat_,-1,8,1834.72,0.5098492338867223
2400164916,Aga kes hoiab õpetajat_,8,5,1667.9939999999997,0.4635178463349444
2400164916,Aga kes hoiab õpetajat_,90,1,95.84000000000016,0.0266329197783332
2400184974,"Väike rahvas, suur mudel_ kas tehisaru on Eesti jaoks loodud_",-1,5,1254.3030000000003,0.2543800497401752
2400184974,"Väike rahvas, suur mudel_ kas tehisaru on Eesti jaoks loodud_",91,13,3676.52,0.7456199502598246
2400184977,"Post-it, pastakas ja AI-agent - Eesti.ai praktiline töötuba nutikama tööpäeva disainimiseks 2",-1,2,367.9600000000005,0.0846111659789346
2400184977,"Post-it, pastakas ja AI-agent - Eesti.ai praktiline töötuba nutikama tööpäeva disainimiseks 2",0,3,999.875,0.229917897551873
2400184977,"Post-it, pastakas ja AI-agent - Eesti.ai praktiline töötuba nutikama tööpäeva disainimiseks 2",32,10,2980.9999999999995,0.6854709364691921
2400184980,"Eesti, Singapur, Dubai, Delaware. Kui konkurentsivõimelised me globaalselt oleme_",-1,4,1098.8390000000004,0.2002871141834808
2400184980,"Eesti, Singapur, Dubai, Delaware. Kui konkurentsivõimelised me globaalselt oleme_",17,10,2781.64,0.5070139013061398
2400184980,"Eesti, Singapur, Dubai, Delaware. Kui konkurentsivõimelised me globaalselt oleme_",62,2,396.4799999999996,0.0722670336887081
2400184980,"Eesti, Singapur, Dubai, Delaware. Kui konkurentsivõimelised me globaalselt oleme_",99,5,973.9600000000004,0.1775252222847414
2400184980,"Eesti, Singapur, Dubai, Delaware. Kui konkurentsivõimelised me globaalselt oleme_",108,1,235.40000000000052,0.0429067285369298
2400184983,"Post-it, pastakas ja AI-agent - Eesti.ai praktiline töötuba nutikama tööpäeva disainimiseks",-1,2,430.0,0.1174637125908807
2400184983,"Post-it, pastakas ja AI-agent - Eesti.ai praktiline töötuba nutikama tööpäeva disainimiseks",0,4,1153.1049999999998,0.3149953355979244
2400184983,"Post-it, pastakas ja AI-agent - Eesti.ai praktiline töötuba nutikama tööpäeva disainimiseks",32,7,2077.6000000000004,0.567540951811195
2400184986,Eesti loob maailma esimese agentide riigi,-1,10,2551.3899999999994,0.4506553905230229
2400184986,Eesti loob maailma esimese agentide riigi,0,5,1294.8800000000006,0.228716367188259
2400184986,Eesti loob maailma esimese agentide riigi,61,1,162.03999999999996,0.0286213395366253
2400184986,Eesti loob maailma esimese agentide riigi,62,2,670.8800000000001,0.1184984217991313
2400184986,Eesti loob maailma esimese agentide riigi,64,1,92.07999999999991,0.0162642121978058
2400184986,Eesti loob maailma esimese agentide riigi,67,1,100.2800000000002,0.0177125890442656
2400184986,Eesti loob maailma esimese agentide riigi,93,1,101.0,0.0178397635966376
2400184986,Eesti loob maailma esimese agentide riigi,108,1,330.8800000000001,0.0584437720678759
2400184986,Eesti loob maailma esimese agentide riigi,123,1,358.0799999999999,0.0632481440463763
2400184989,Tiigri üleandmine. Kes kannab Eesti digilugu edasi_,-1,2,201.13700000000017,0.0415876746138754
2400184989,Tiigri üleandmine. Kes kannab Eesti digilugu edasi_,0,1,394.3199999999997,0.0815307569156512
2400184989,Tiigri üleandmine. Kes kannab Eesti digilugu edasi_,17,10,3309.5199999999995,0.6842860383127565
2400184989,Tiigri üleandmine. Kes kannab Eesti digilugu edasi_,23,1,320.24,0.0662137593697204
2400184989,Tiigri üleandmine. Kes kannab Eesti digilugu edasi_,48,1,96.84000000000016,0.0200229217379582
2400184989,Tiigri üleandmine. Kes kannab Eesti digilugu edasi_,62,1,385.52,0.0797112431682944
2400184989,Tiigri üleandmine. Kes kannab Eesti digilugu edasi_,99,1,128.8800000000001,0.0266476058817436
2400184992,"Usalda, aga kontrolli – mis saab valesti minna, kui AI-agent saab isikukoodi_",-1,9,2084.947,0.3481929495564979
2400184992,"Usalda, aga kontrolli – mis saab valesti minna, kui AI-agent saab isikukoodi_",0,2,349.35999999999945,0.0583442595217326
2400184992,"Usalda, aga kontrolli – mis saab valesti minna, kui AI-agent saab isikukoodi_",62,1,323.55999999999995,0.0540355753688225
2400184992,"Usalda, aga kontrolli – mis saab valesti minna, kui AI-agent saab isikukoodi_",108,6,2128.6800000000003,0.3554965032022041
2400184992,"Usalda, aga kontrolli – mis saab valesti minna, kui AI-agent saab isikukoodi_",111,1,93.72000000000024,0.0156515456903389
2400184992,"Usalda, aga kontrolli – mis saab valesti minna, kui AI-agent saab isikukoodi_",134,3,1007.64,0.168279166660404
2400184995,Kas annaksid AI-le õiguse enda nimel tegutseda_,-1,8,1461.9200000000003,0.2716612455327677
2400184995,Kas annaksid AI-le õiguse enda nimel tegutseda_,0,1,134.99999999999997,0.0250863714477697
2400184995,Kas annaksid AI-le õiguse enda nimel tegutseda_,62,1,230.4399999999996,0.0428215069364745
2400184995,Kas annaksid AI-le õiguse enda nimel tegutseda_,108,4,1512.3599999999994,0.281034257205549
2400184995,Kas annaksid AI-le õiguse enda nimel tegutseda_,134,7,2041.6880000000008,0.3793966188774388
2400207741,"Kuidas rahastada terviseidusid nii, et uued lahendused jõuaksid ka Eestis kasutusele_",-1,4,1139.8399999999997,0.2091993843535803
2400207741,"Kuidas rahastada terviseidusid nii, et uued lahendused jõuaksid ka Eestis kasutusele_",0,1,96.80000000000018,0.017766090333228
2400207741,"Kuidas rahastada terviseidusid nii, et uued lahendused jõuaksid ka Eestis kasutusele_",1,13,4021.7020000000007,0.7381190188566494
2400207741,"Kuidas rahastada terviseidusid nii, et uued lahendused jõuaksid ka Eestis kasutusele_",62,1,95.64,0.0175531909036149
2400207741,"Kuidas rahastada terviseidusid nii, et uued lahendused jõuaksid ka Eestis kasutusele_",97,1,94.59999999999992,0.0173623155529273
2400207744,Konkurents tervishoius – kas oht või lahendus_,-1,14,4847.52,0.9069284746489512
2400207744,Konkurents tervishoius – kas oht või lahendus_,43,1,237.90599999999995,0.0445101259385899
2400207744,Konkurents tervishoius – kas oht või lahendus_,96,1,95.0,0.0177736667598381
2400207744,Konkurents tervishoius – kas oht või lahendus_,100,1,164.55999999999997,0.0307877326526205
2400207747,Kuidas tehnoloogia areng meie aju mõjutab_,-1,10,2465.36,0.4983337062710332
2400207747,Kuidas tehnoloogia areng meie aju mõjutab_,1,2,677.3199999999999,0.1369095734219328
2400207747,Kuidas tehnoloogia areng meie aju mõjutab_,35,7,1804.5270000000005,0.3647567203070339
2400207750,Eesti terviseandmed_ kristallkuul või kompass_,-1,12,3134.395,0.5591706977246191
2400207750,Eesti terviseandmed_ kristallkuul või kompass_,43,5,1412.16,0.2519269244938171
2400207750,Eesti terviseandmed_ kristallkuul või kompass_,51,1,428.6399999999994,0.076468641595166
2400207750,Eesti terviseandmed_ kristallkuul või kompass_,100,1,432.44000000000005,0.0771465550844849
2400207750,Eesti terviseandmed_ kristallkuul või kompass_,131,1,197.80000000000015,0.0352871811019127
2400207753,"Uued hambad Türgist – kes parandab, kui midagi läheb valesti_",-1,1,120.17900000000007,0.0228892369219529
2400207753,"Uued hambad Türgist – kes parandab, kui midagi läheb valesti_",40,1,129.4400000000005,0.0246530827114354
2400207753,"Uued hambad Türgist – kes parandab, kui midagi läheb valesti_",74,17,5000.839999999999,0.9524576803666116
2400207756,Kuhu kaovad töötajad_,-1,4,604.1170000000001,0.1112645101616946
2400207756,Kuhu kaovad töötajad_,56,14,4663.799999999999,0.8589651052562851
2400207756,Kuhu kaovad töötajad_,70,1,161.63999999999987,0.0297703845820202
2400207759,Tervishoid aastal 2050_ milliseid otsuseid peame tegema juba täna_,-1,7,2428.6,0.447598484659993
2400207759,Tervishoid aastal 2050_ milliseid otsuseid peame tegema juba täna_,1,7,2476.6849999999986,0.4564606987483053
2400207759,Tervishoid aastal 2050_ milliseid otsuseid peame tegema juba täna_,8,1,94.40000000000056,0.0173982117071166
2400207759,Tervishoid aastal 2050_ milliseid otsuseid peame tegema juba täna_,62,1,94.40000000000008,0.0173982117071166
2400207759,Tervishoid aastal 2050_ milliseid otsuseid peame tegema juba täna_,81,2,331.7600000000002,0.0611443931774682
2400207762,Kelle vastutus on ennetus tervishoius_,-1,6,1047.5619999999994,0.1948009540311833
2400207762,Kelle vastutus on ennetus tervishoius_,1,1,257.2000000000003,0.0478280095849414
2400207762,Kelle vastutus on ennetus tervishoius_,24,1,323.2000000000003,0.060101138016536
2400207762,Kelle vastutus on ennetus tervishoius_,27,1,96.03999999999996,0.017859261432884
2400207762,Kelle vastutus on ennetus tervishoius_,40,1,287.52,0.0534662104038193
2400207762,Kelle vastutus on ennetus tervishoius_,43,2,654.0400000000004,0.1216229836272748
2400207762,Kelle vastutus on ennetus tervishoius_,51,3,1163.0,0.2162673994840079
2400207762,Kelle vastutus on ennetus tervishoius_,56,1,461.8800000000001,0.0858895842421957
2400207762,Kelle vastutus on ennetus tervishoius_,81,4,919.44,0.1709758364415961
2400207762,Kelle vastutus on ennetus tervishoius_,95,1,167.71999999999937,0.0311886227355611
2400207765,Üksilduse rohi_ kes vastutab üksilduse eest_,-1,15,4071.48,0.7430017161297952
2400207765,Üksilduse rohi_ kes vastutab üksilduse eest_,40,4,752.8400000000001,0.1373852780736133
2400207765,Üksilduse rohi_ kes vastutab üksilduse eest_,55,1,124.53200000000017,0.0227257630426959
2400207765,Üksilduse rohi_ kes vastutab üksilduse eest_,67,1,99.75999999999976,0.0182051370020504
2400207765,Üksilduse rohi_ kes vastutab üksilduse eest_,69,1,431.1599999999999,0.0786821057518451
