Topic,Count,Name,Representation,LLM_Name,LLM_Summary,LLM_Coherence,LLM_Naming_Confidence
-1,1545,-1_ai_iganes_kümme_inimest,"['ai', 'iganes', 'kümme', 'inimest', 'näide', 'mingid', 'ühte', 'tule', 'kakskümmend', 'ühesõnaga', 'protsenti', 'vähemalt', 'kogu aeg', 'kolmkümmend', 'niisugune']",,,,
0,52,0_andmeid_andmete_andmed_terviseandmed,"['andmeid', 'andmete', 'andmed', 'terviseandmed', 'terviseandmeid', 'arstid', 'terviseandmete', 'patsient', 'infarkti', 'arst', 'arstide', 'patsiendid', 'andmetest', 'infosüsteemi', 'arsti']","Terviseandmete kasutus, kvaliteet ja ligipääs","Arutelu keskmes on Eesti terviseandmete kasutamine teaduses, tehisintellektis ja ravitöös ning selle juures tekkinud takistused. Korduvalt käsitletakse andmete kvaliteeti, standardiseerimist, isikuandmete kaitset ja seda, kuidas andmeid turvaliselt paremini kättesaadavaks teha.",coherent,high
1,49,1_äärmuslus_radikaliseerunud_vägivald_radikaliseerumine,"['äärmuslus', 'radikaliseerunud', 'vägivald', 'radikaliseerumine', 'rünnakuid', 'vägivalda', 'radikaliseerumise', 'radikaliseerumist', 'rünnakud', 'sting', 'vägivalla', 'heidi', 'paremäärmuslus', 'paremäärmusluse', 'äärmuslusest']",Noorte äärmusluse kuuluvus ja vägivalla piir,"Arutletakse, kuidas noored võivad radikaliseeruda kuuluvusvajaduse, interneti, identiteedikriiside ja vaenulike keskkondade mõjul. Korduvalt rõhutatakse piiri, kus äärmuslikud vaated lähevad üle vägivalla õigustamiseks või ettevalmistuseks, ning kuidas seda märgata ja ennetada.",coherent,high
2,42,2_doktorantuuri_doktorant_teadmussiirde_doktorantuur,"['doktorantuuri', 'doktorant', 'teadmussiirde', 'doktorantuur', 'doktorante', 'doktorantide', 'doktorandi', 'jarek', 'doktorandid', 'doktorantuurist', 'andrei', 'ülikool', 'doktorikraadiga', 'ettevõte', 'katrin']",Tööstusdoktorantuur ettevõtte probleemi lahendamiseks,"Arutletakse, miks ja kuidas seotakse doktorantuur ettevõtte konkreetse probleemi lahendamisega, et doktorant saaks töötada ettevõttes ja tuua ülikooli kaudu praktilise tulemuse. Rõhk on ettevõtte kasul, ülikooli kompetentsil, teadusartiklite ja ärisaladuse tasakaalul ning sellele, miks tööstusdoktorantuur võib kiirendada spetsialisti arengut.",coherent,high
3,37,3_koolivõrgu_koolivõrk_koolivõrku_vestlusringi,"['koolivõrgu', 'koolivõrk', 'koolivõrku', 'vestlusringi', 'targa tuleviku', 'tark laps', 'koolid', 'haridus', 'kool', 'hariduse', 'koolivõrgust', 'rõuge', 'haridusele', 'tulevikuala', 'kooli']",Koolivõrgu korrastamine ja väikekoolid,"Aruteludes keskendutakse sellele, kuidas Eestis koolivõrku ümber korraldada nii, et säiliks kvaliteetne haridus, elujõuline kogukond ja mõistlik vastutuse jaotus riigi ning omavalitsuste vahel. Korduvalt käsitletakse väikekoolide, maakoolide, gümnaasiumide, õpilaskodude ja koolijuhtide rolli ning rahastamise ja otsustamise keerukust.",coherent,high
4,37,4_keeles_eesti keeles_mudelid_mõõdupuu,"['keeles', 'eesti keeles', 'mudelid', 'mõõdupuu', 'mudel', 'keelemudel', 'eesti keel', 'mudeli', 'keele', 'mudelite', 'eesti keele', 'keelemudelite', 'keelemudelid', 'keel', 'mudeleid']",Eesti keele kvaliteet keelemudelites,"Arutletakse selle üle, kui hästi suured keelemudelid oskavad eesti keelt ning kuidas seda süsteemselt mõõta. Korduvalt rõhutatakse, et erinevate mudelite kvaliteet, erialasõnavara ja kujundlike väljendite käsitlus eesti keeles on ebaühtlane ning vajab eraldi hindamist.",coherent,high
5,35,5_ai_vibode_einar_juuksur,"['ai', 'vibode', 'einar', 'juuksur', 'linnar', 'ettevõtet', 'ettevõttes', 'edust', 'ai ga', 'linkedinis', 'tööturul', 'praegu hetkel', 'ai le', 'sügisel olemas', 'vibe']",AI-ga loodud mikroettevõtete käivitamine,"Arutletakse selle üle, kuidas AI teeb ettevõtte alustamise ja prototüüpimise palju kiiremaks ning odavamaks, eriti mikroettevõtetele ja sooloettevõtjatele. Samal ajal rõhutatakse, et edu sõltub endiselt probleemi valikust, kliendi mõistmisest, müügist ja inimestevahelistest oskustest.",coherent,high
6,35,6_noorte heaolu_noor_noorte_reelika,"['noorte heaolu', 'noor', 'noorte', 'reelika', 'marii', 'töötukassa', 'mirjam', 'noorte garantii', 'jaanika', 'noore', 'heaolu spetsialist', 'detektiivi', 'seire', 'pöial', 'kaheksateist']",Noorte NEET-olukorra tugisüsteem,"Arutelu keskendub sellele, kuidas märgata ja toetada noori, kes ei õpi ega tööta, ning kuidas noorte heaolu spetsialistid, omavalitsused ja töötukassa neid kontakti kaudu aitavad. Rõhutatakse individuaalset lähenemist, usalduse loomist, tööandjate rolli ja küsimust, kas selline teenus peaks jääma püsivaks.",coherent,high
7,35,7_majandusareng_majandusarengu_avaldub pika_majandus,"['majandusareng', 'majandusarengu', 'avaldub pika', 'majandus', 'urmas', 'erki', 'avaliku sektori', 'skp inimese', 'inimese turuhindades', 'turuhindades', 'kapitalistid', 'skp', 'avaldub', 'hando', 'sektori']",Eesti majanduse aeglane areng ja kasvutõkked,"Arutatakse, miks Eesti majanduse kasv ja vajalikud reformid liiguvad konsensusele vaatamata aeglaselt. Fookuses on tööjõu kallinemine, bürokraatia, ettevõtluskeskkonna parandamine, investeeringud ning vajadus pikaajaliste kokkulepete ja julgema tegutsemise järele.",coherent,high
8,34,8_elamisluba_untsu_pärtel_masin,"['elamisluba', 'untsu', 'pärtel', 'masin', 'otsus', 'inimese üle', 'otsustusprotsessi', 'lubame', 'otsuse', 'automatiseerida', 'masinõppe', 'tunnetada sobib', 'aitan teid', 'nimekiri millele', 'kellel lubame']",AI roll elamisloa otsuste menetluses,"Arutletakse selle üle, kui palju võib tehisintellekt aidata elamisloa ja varjupaigamenetluse otsustes, ilma et lõplik vastutus inimeselt kaoks. Korduvalt rõhutatakse läbipaistvust, mudelite testimist ning seda, et AI võib toetada otsustusprotsessi, kuid mitte asendada menetlejat.",coherent,high
9,33,9_telefonis_nutitelefoni_telefoni_marit,"['telefonis', 'nutitelefoni', 'telefoni', 'marit', 'hoolekogus', 'nutiseadmeid', 'vahetunnis', 'telefon', 'helis', 'liia', 'tunnis', 'anton', 'põhikoolis', 'gümnaasiumis', 'maria']",Nutitelefoni kasutus koolis ja vahetunnis,"Arutatakse, kuidas noorte telefonikasutust koolikeskkonnas piirata või suunata nii, et see ei segaks õppimist ega suhtlust. Korduvalt rõhutatakse, et pelk keelamine ei pruugi toimida ning vaja on nii kokkuleppeid, asendustegevusi kui ka teadlikkuse kasvatamist.",coherent,high
10,33,10_teadlane_teadlased_märklaua_teadlase,"['teadlane', 'teadlased', 'märklaua', 'teadlase', 'ümber lükata', 'kriitika', 'kommunikatsiooniinimene', 'ajakirjanik', 'teadlasega', 'talumiskohustus', 'kalle', 'teadlasi', 'ümber lükkama', 'marta', 'kriitikaga']",teadlaste meediasõltuvus ja lugupidamatu kriitika,"Arutletakse selle üle, kuidas teadlased satuvad avalikus meedias ja sotsiaalmeedias kriitika ning mõnikord ka lugupidamatu rünnaku alla. Samuti käsitletakse, kuidas ajakirjanikega kokkuleppeid teha, millal kommenteerida ning kuidas teadlane saaks jääda eksperdiks ka lihtsustatud ja kiiret avalikku suhtlust tehes.",coherent,high
11,33,11_lastekodus_marina_kaarel_lastekodu,"['lastekodus', 'marina', 'kaarel', 'lastekodu', 'asenduskodus', 'paluksin siia', 'asenduskodu', 'kasvataja', 'lastekodust', 'asenduskodusse', 'aitäh marina', 'tallinna lastekodu', 'kristiina', 'hinge', 'aitäh riina']",Lastekodust pärit laste häbitunne,"Arutatakse, miks lastekodus või asenduskodus kasvanud noored oma tausta häbenevad ning kuidas ümbritsevad inimesed neid sageli valesti mõistavad või tembeldavad. Samas rõhutatakse, et see kogemus ei määra inimese väärtust ja et õigel ajal märkamata jäänud laps vajab turvalist tuge.",coherent,high
12,33,12_miinimumpalk_miinimumpalga_miinimumpalka_palk,"['miinimumpalk', 'miinimumpalga', 'miinimumpalka', 'palk', 'miinimumpalgaga', 'kaia', 'maksta', 'lenno', 'palgatõusu', 'miinimumpalgast', 'kairit', 'palka', 'miinimum', 'keskmisest', 'miinimumpal']",miinimumpalga tõusu mõju tööle ja toimetulekule,"Arutatakse, kas miinimumpalk peaks tagama äraelamise ning kuidas selle tõus mõjutab tööturgu, piirkondi ja ettevõtete võimekust. Läbi käivad ka maksusüsteem, mustalt maksmine, töömotivatsioon ja see, kas vajadusel võiks miinimumpalk ka langeda.",coherent,high
13,32,13_hingamise_teadveloleku_kontakti_vajan,"['hingamise', 'teadveloleku', 'kontakti', 'vajan', 'kaastunne', 'enesekaastunne', 'märkan', 'ann', 'tunded', 'iseendaga', 'aitäh sulle', 'teadvelolek', 'endaga', 'jääda kontakti', 'ann liis']",Hingamis- ja teadvelolekuharjutused kriisis,"Arutletakse, kuidas teadveloleku ja hingamise märkamise harjutused aitavad kriisis närvisüsteemi rahustada ning kohal olla. Lisaks rõhutatakse enesekaastunnet kui oskust jääda raskel hetkel iseendaga lahkelt kontakti.",coherent,high
14,32,14_muuseumis_muuseum_muuseumisse_muuseumi,"['muuseumis', 'muuseum', 'muuseumisse', 'muuseumi', 'kultuur', 'ütlekski', 'muuseumid', 'kohati', 'seto', 'linnamuuseumi', 'linnamuuseum', 'risto', 'tartu linnamuuseum', 'tartu linnamuuseumi', 'kultuuri']",Noorte muuseumikülastuse tõmbajad ja takistused,"Arutletakse selle üle, mis paneb noori muuseumisse minema või sealt eemale hoidma: oodatud tunne, giid, interaktiivsus, rahu, sotsiaalne õhkkond ja isiklik huvi. Korduvalt rõhutatakse, et muuseum ei tohiks muutuda lihtsalt koolitunniks, vaid peaks pakkuma avastamist, mängulisust ja noortepärast lähenemist.",coherent,high
15,31,15_üro_julgeolekunõukogu_rahvasteliidu_inimõiguste,"['üro', 'julgeolekunõukogu', 'rahvasteliidu', 'inimõiguste', 'kolonialismi', 'üro julgeolekunõukogu', 'multipolaarsus', 'ühinenud', 'jõerüüt', 'resolutsioonid', 'reformist', 'rahvusvahelise', 'riigid', 'peaassamblee', 'rahvasteliidu teed']",ÜRO reform ja väikeriikide kaitse,"Arutletakse, kas ÜRO on ajale jalgu jäänud või endiselt asendamatu, keskendudes eriti Julgeolekunõukogu reformile, rahapuudusele ja organisatsiooni legitiimsusele. Samal ajal rõhutatakse väikeriikide, sh Eesti huvi ÜRO kui hääle ja reeglitepõhise maailmakorra platvormi säilitamise vastu.",coherent,high
16,31,16_rail_eelarve_ave_anvar,"['rail', 'eelarve', 'ave', 'anvar', 'euroopa liidu', 'komisjoni', 'rail balticu', 'komisjon', 'balticu', 'cef', 'komisjonil', 'läbirääkimised', 'liidu', 'rail baltic', 'ettepanek']",Rail Balticu ELi rahastuse vaidlus,"Arutatakse Rail Balticu rahastamist järgmises ELi eelarveperioodis, sealhulgas CEF-i, ühtekuuluvusfondide ja riiklike ümbrike rolli. Fookuses on, kas raha jätkub, milline on omafinantseering ning kuidas see mõjutab Eesti, Läti ja Leedu otsuseid.",coherent,high
17,31,17_püsimetsa_püsimetsandus_lageraie_püsimetsanduse,"['püsimetsa', 'püsimetsandus', 'lageraie', 'püsimetsanduse', 'püsimetsana', 'erko', 'majandamise', 'valikraie', 'püsimetsandust', 'riigimetsas', 'rainer', 'puid', 'metsa', 'turberaieid', 'majandamine']",Püsimetsanduse definitsioon ja raieviiside piirid,"Arutletakse, mida loetakse püsimetsanduseks ja kus jookseb piir valikraie, turberaie, häilraie ja lageraie vahel. Fookuses on ka see, kas seadust peaks laiendama või pigem hoidma kitsama definitsiooni, et püsimetsandust mitte segi ajada uuendusraiega.",coherent,high
18,31,18_annetada_annetama_annetamine_sille,"['annetada', 'annetama', 'annetamine', 'sille', 'saatesse', 'nihuke', 'annetuse', 'inglite', 'annetanud', 'karl', 'annetusi', 'annetavad', 'annetus', 'annetan', 'inimesi annetama']",Annetuste mõju ja usaldus heategevuses,"Arutletakse, mis paneb inimesi annetama, kuidas annetuse mõju hinnata ning miks usaldus ja läbipaistvus on annetamise puhul olulised. Samuti käsitletakse, kuidas teha annetamine Eestis tavalisemaks ja millised teemad või lood annetajaid rohkem kõnetavad.",coherent,high
19,31,19_türgis_türgi_hambad_vahendaja,"['türgis', 'türgi', 'hambad', 'vahendaja', 'türki', 'hammas', 'hambaravi', 'hambaid', 'kroonid', 'kliiniku', 'krooni', 'hammastega', 'hammast', 'implantaat', 'kliinikus']",Türgi hambaravi järelravi ja riskid,"Arutletakse Türgis tehtud esteetilise hambaravi, eriti kroonide ja täissuu „Hollywoodi naeratuse” riskide ning järelravi üle. Rõhutatakse, et odav ja kiire lahendus võib hiljem tuua suuremad kulud ning et oluline on enne otsustamist uurida kliiniku tausta, sertifikaate ja protsessi.",coherent,high
20,30,20_madis_ingrid_tuulikut_keskkonnamõju,"['madis', 'ingrid', 'tuulikut', 'keskkonnamõju', 'põhja pärnumaa', 'pärnumaa', 'tuuleparke', 'tootsi', 'tuuliku', 'udilitas', 'kuumaks', 'põhja', 'kaido', 'põhja pärnumaal', 'kestlikkusse']",Tuuleparkide planeerimise usaldus ja kaasamine,"Arutatakse, miks tuuleparkide planeerimine Eestis läheb kogukondades kiiresti konfliktseks ning kuidas riigi, omavalitsuse ja arendajate rollid jäävad inimestele segaseks. Fookus on usaldusel, vähesel infol, hirmudel, keskkonnamõju hindamisel ja sellel, kuidas kohalikke päriselt kaasata.",coherent,high
21,30,21_nõusoleku_nõusolek_nõusolekus_suhte,"['nõusoleku', 'nõusolek', 'nõusolekus', 'suhte', 'veendumine', 'küsimine', 'nõusolekust', 'liisa', 'nõusolekut', 'willingness', 'veenduda', 'nõusolekus veendumine', 'lauri', 'seksi', 'nõusoleku tagasi']",Nõusolek pikaajalises paarisuhtes,"Arutelu keskendub sellele, kuidas nõusolek paarisuhtes muutub ajas ning miks pikaajalises suhtes on sellest rääkimine sageli keerulisem kui suhte alguses. Rõhutatakse avatud küsimusi, turvatunnet, ei-vastuse vastuvõtmist ja seda, et nõusolek ei pea olema must-valge ega pelgalt ühe lause küsimine.",coherent,high
22,30,22_üksildus_üksilduse_üksildust_üksildasena,"['üksildus', 'üksilduse', 'üksildust', 'üksildasena', 'kaisa', 'kädi', 'päriselt läheb', 'jaanika', 'apotheka', 'anna kaisa', 'pingid', 'üksildane', 'sul päriselt', 'ennast üksildasena', 'siinjuures']",Üksilduse ennetamine kogukonna märkamisega,"Arutatakse, kuidas üksildust ära tunda ja leevendada nii inimese, lähedaste, kogukonna kui ka riigi tasandil. Rõhk on märkamisel, kontakti loomisel, sotsiaalsetel oskustel ja erinevatel kogukondlikel tugivormidel, mis aitaksid üksilduse muutumist krooniliseks ennetada.",coherent,high
23,30,23_ühistu_korteriühistu_hanno_ühistus,"['ühistu', 'korteriühistu', 'hanno', 'ühistus', 'lisanna', 'andero', 'ühistud', 'zuzu', 'majas', 'liidab', 'maja', 'haldusfirma', 'nonii aitäh', 'koosolekuid', 'elanikud']",Korteriühistu koosolekute ja suhtluse korraldus,"Arutatakse, kuidas korteriühistutes kaasata elanikke, pidada koosolekuid ja teha otsuseid nii, et info jõuaks kõigini ning koostöö oleks sujuvam. Korduvalt käsitletakse ametlikke ja mitteametlikke suhtluskanaleid, üürnike kaasamist, läbipaistvust ja digilahendusi.",coherent,high
24,29,24_elurikkuse_ando_elurikkust_toyota,"['elurikkuse', 'ando', 'elurikkust', 'toyota', 'süsiniku', 'raadamine', 'jaan', 'maaomanike', 'süsinikukrediite', 'liikide', 'elurikkus', 'maaomanik', 'süsinikukrediiti', 'liikide vahel', 'jaanil']",Elurikkuse krediitide turu kujunemine,"Arutelu keskmes on elurikkuse ehk looduskrediitide turu loomine, selle seos süsinikukrediitidega ning küsimus, kuidas selliseid ühikuid üldse mõõta, sertifitseerida ja reguleerida. Korduvalt rõhutatakse, et teema on alles algfaasis, kuid võimalikud on nii maaomanike lisatulud kui ka riskid, nagu rohepesu, liiga lai turg või maa „äraostmine“ suurte ettevõtete poolt.",coherent,high
25,29,25_kaasamine_kaasamise_demokraatia_infosõja,"['kaasamine', 'kaasamise', 'demokraatia', 'infosõja', 'ristike', 'väidelda', 'juhtimisse', 'väitlus', 'keiu', 'organiseerunud', 'metsaraiet', 'vetoõigus', 'rahvas', 'demokraatiat', 'kaasamiskoosolek']",Näiline kaasamine ja kiirete projektide konflikt,"Arutatakse, kuidas ühiskondlikul ja planeerimisalusel kaasamisel tekib pinge näilise osaluse, otsuste tegeliku mõju ning kiirete strateegiliste projektide vahel. Fookuses on eriti see, millal kaasamine muutub formaalseks või manipuleerivaks ning kuidas seda teha mõttekamalt ja järjepidevamalt.",coherent,high
26,29,26_reis_reisile_reisida_reisid,"['reis', 'reisile', 'reisida', 'reisid', 'reisimine', 'reisi', 'reiside', 'tahad minna', 'välisministeeriumi', 'minna reisile', 'reis ida', 'üle mägede', 'avastada', 'reisima', 'reisidel']",Reiside planeerimine ja odavdamine,"Arutletakse, kuidas reisimiseks julgust leida, reisi ise planeerida ning kulusid targalt vähendada. Juttu tuleb piletite, majutuse, transpordi, eelarve ja praktiliste otsuste tegemisest.",coherent,high
27,29,27_töökius_töökiusamise_kius_töökiusu,"['töökius', 'töökiusamise', 'kius', 'töökiusu', 'töö kius', 'töötaja', 'töökiusamist', 'tööinspektsiooni', 'kaebuse', 'töökiusamine', 'kiusamise', 'nõue', 'juhtumit', 'kiusama', 'diskrimineerimine']",Töökiusu piirid ja tõendamine tööl,"Arutletakse, millal töökohal kogetud ebameeldivus või konflikt muutub töökiusuks ning millal on tegu lihtsalt juhtimise, tagasiside või töökorraldusega. Rõhk on pikaajalisusel, süsteemsusel, tõenditel ja sellele, kuidas töötaja või tööandja peaks sellistes olukordades käituma.",coherent,high
28,29,28_seksuaalkasvatus_peenis_inimeseõpetuse_seksuaalkasvatuse,"['seksuaalkasvatus', 'peenis', 'inimeseõpetuse', 'seksuaalkasvatuse', 'seks', 'pornost', 'seksuaalkasvatust', 'seksuaalharidus', 'seksuaalsusest', 'ebamugav', 'väline surve', 'surve töötab', 'porno', 'seksuaalsuse', 'tüdrukuga']",Eakohane seksuaalkasvatus ja kehasõnavara,"Arutletakse, kuidas seksuaalharidus peaks algama varakult ning hõlmama nii kehaosi, privaatsust, nõusolekut kui ka suhteoskusi. Oluline teema on ka see, et eesti keeles napib selleks selget ja neutraalset sõnavara ning õpetamine on kooliti väga ebaühtlane.",coherent,high
29,29,29_elektri_elektrit_megavatt_toota,"['elektri', 'elektrit', 'megavatt', 'toota', 'taastuvenergia', 'impordime', 'defitsiit', 'eurot megavatt', 'hind', 'importida', 'elekter', 'megavatti', 'tootmist', 'tarbimise', 'elektri hind']",Elektritootmise suurendamine ja isevarustatus,"Arutatakse, kui palju peaks Eesti ise elektrit tootma, et katta tarbimist, vähendada defitsiiti ja parandada varustuskindlust. Korduvalt rõhutatakse, et odava impordi kõrval on vaja rohkem kohalikke tootmisvõimsusi, eriti tuule, päikese, salvestuse ja juhitavate jaamade näol.",coherent,high
30,29,30_konkurents_konkurentsi_tanel_tervishoius,"['konkurents', 'konkurentsi', 'tanel', 'tervishoius', 'patsiendiga kaasa', 'tervishoiu', 'konkurentsist', 'patsiendiga', 'rein', 'raul', 'jaanus', 'tervishoid', 'teenuse', 'süsteemi', 'saamata jäänud']",Tervishoiu töötajate ja asutuste konkurents,"Arutatakse konkurentsi tervishoius eeskätt töötajate värbamise, palkade, töötingimuste ja asutuste omavahelise võidujooksu kaudu. Lisaks vaieldakse, kas konkurents parandab kvaliteeti või peaks tervishoius esikohal olema koostöö ja avalik rahastus.",coherent,high
31,29,31_toitu_parim enne_kõlblik_toidu,"['toitu', 'parim enne', 'kõlblik', 'toidu', 'kõlblik kuni', 'toit', 'kuupäeva', 'parim', 'kuupäev', 'tooted', 'toidujäätmeid', 'enne kõlblik', 'ümberjagamisega', 'toidujäätmete', 'tooteid']",parim enne ja kõlblik kuni märgistuse vahe,"Arutleti toidupakendite kuupäevamärgistuse tähenduse üle ning selle üle, kuidas see mõjutab toidu annetamist, ümberjagamist ja tarbija käitumist. Selgitati ka, millal toode on veel ohutu pärast kuupäeva möödumist ja miks seda tuleb eri tooteliikide puhul erinevalt hinnata.",coherent,high
32,29,32_mtü_vabaühenduste_vabakond_närvi,"['mtü', 'vabaühenduste', 'vabakond', 'närvi', 'vabaühendused', 'vabaühendusi', 'päris vabakond', 'maarja liisa', 'vabaühendustele', 'vabaühendus', 'kodanikuühiskond', 'ajab', 'maarja', 'liisa', 'jagamine']",Vabaühenduste rahastuse ausus ja läbipaistvus,"Arutletakse, miks avalik raha vabaühendustele mõnda inimest närvi ajab ning kuidas toetuste jagamist läbipaistvamaks teha. Juttu on ka katuserahadest, hindamiskriteeriumidest, kontrollist ja sellest, kas riigi toetus muudab vabaühenduse sõltumatust.",coherent,high
33,28,33_ravikindlustus_jürgen_vabakutseline_jürgen ligi,"['ravikindlustus', 'jürgen', 'vabakutseline', 'jürgen ligi', 'ravikindlustust', 'ravikindlustus kõigile', 'vabakutselised', 'riinaga', 'loovisikud', 'millal tööle', 'loovisikutele', 'tööle lähed', 'vabakutselise', 'loovisiku', 'hendrik']",Vabakutseliste loovisikute ravikindlustus,"Arutelu keskmes on vabakutseliste loovisikute toimetulek, eriti ravikindlustuse puudumine ja selle laiendamise võimalused. Räägitakse ka sellest, kuidas loometöö väärtustatakse, miks teema poliitikas tagaplaanile jääb ning milline on kultuurivaldkonna ühispositsioon.",coherent,high
34,28,34_isikukood_pin_agent_isikukoodi,"['isikukood', 'pin', 'agent', 'isikukoodi', 'agendile', 'agente', 'nimel', 'agendid', 'volituste', 'digiklooni', 'masin', 'identifikaatori', 'isikukoodist', 'kaelarihma', 'lhv']",AI-agendi piiratud volituste identifikaator,"Arutatakse, kuidas anda AI-agentidele piiratud õigused inimese nimel tegutsemiseks nii, et vastutus ja isikutuvastus oleksid selged. Isikukoodi või muu identifikaatori mõte on eeskätt ületada teenuste ja agentide “muna-kana” käivitumisprobleem ning hoida inimese lõplik kontroll alles.",coherent,high
35,28,35_õpilasesindus_ruslan_irene_õpilasesinduse,"['õpilasesindus', 'ruslan', 'irene', 'õpilasesinduse', 'kaasamine', 'kaasata', 'harjumus', 'kooli demokraatia', 'anastasia', 'aktiivne', 'hea kaasamine', 'mõnes koolis', 'kooli', 'natalja', 'sibul']",Õpilasesinduse sisuline ja eakohane kaasamine,"Arutelu keskmes oli, kuidas teha õpilasesinduse kaudu noorte kaasamine päriselt mõjusaks, mitte formaalseks. Rõhutati eakohast lähenemist, koolijuhtide ja mentorite rolli ning seda, et õpilaste arvamus peab ka otsuseid muutma.",coherent,high
36,27,36_õpiampsu_õpiamps_circle_anneli,"['õpiampsu', 'õpiamps', 'circle', 'anneli', 'kaia', 'mõne õpiampsu', 'growth', 'andragoog', 'viimati', 'gert', 'growth mindset', 'õpiampse', 'õpiampsude', 'viie aastased', 'baasteadmisi']",Töökohal lühikeste õpiampsude rakendamine,"Arutelu keskmes oli, kuidas õpiampsudena mõistetakse lühikesi töö- või eluolukorras omandatavaid õppimishetki ning kuidas organisatsioonid neid oma töötajate arendamisse põimivad. Näited ulatusid kontori-, tootmis-, teenindus- ja haridusasutustest, rõhutades paindlikkust, mängulisust, digilahendusi ja tööandja tuge.",coherent,high
37,26,37_haljastust_üldplaneering_tallinnas_detailplaneeringu,"['haljastust', 'üldplaneering', 'tallinnas', 'detailplaneeringu', 'maastikuarhitekt', 'madle', 'planeeringu', 'ilu', 'detailplaneering', 'viieteist minuti', 'näeme teadlikkus', 'teadlikkus kasvab', 'haljastatud', 'haljastamisele', 'mitmekesisuse']",Tänavahaljastuse ja planeeringute lihtsustamine,"Arutatakse, kuidas linnades säilitada ja lisada haljastust nii, et planeeringud ja detailplaneeringud ei veniks liialt pikaks. Fookuses on eriti Tallinn ja Tartu, avalik kaasamine, üldplaneeringu roll ning see, kuidas roheline väliruum saaks olla läbiv eesmärk kogu planeerimisprotsessis.",coherent,high
38,26,38_itaalias_itaalia_saksamaal_saksamaa,"['itaalias', 'itaalia', 'saksamaal', 'saksamaa', 'venemaa', 'roomas', 'itaallased', 'saksa', 'narva', 'otsusekindlus', 'itaallastel', 'karlo', 'itaaliale', 'putini', 'itaal']",Itaalia ja Saksamaa Venemaa-häirete tajumine,"Arutlus keskendub sellele, kuidas Saksamaal ja Itaalias tajutakse Venemaa julgeolekuohtu, sh Narva-sarnaseid stsenaariume, hübriidohte ja Venemaa mõju avalikule debatile. Samuti käsitletakse, kuidas see mõjutab kaitsevalmidust, sanktsioone, venekeelse elanikkonna ja viisapoliitika arutelusid.",coherent,high
39,26,39_markus_programmeerimine_matemaatika_ukse vahele,"['markus', 'programmeerimine', 'matemaatika', 'ukse vahele', 'eesti energias', 'jala ukse', 'juuniori', 'devops', 'boltis', 'koodi', 'piret', 'ikt', 'energias', 'hardware', 'hädavajalik']",Programmeerimisse tööle saamise eeldused,"Arutelus keskendutakse sellele, milliseid oskusi on vaja programmeerimis- ja IT-valdkonda sisenemiseks ning kui oluline on sealjuures matemaatika. Rõhutatakse pigem loogilist mõtlemist, suhtlemisoskust, õppimisvalmidust ja praktika kaudu „ukse vahele” saamist kui ainult formaalset haridust.",coherent,high
40,26,40_konventsiooni_istanbuli_konventsioon_istanbuli konventsiooni,"['konventsiooni', 'istanbuli', 'konventsioon', 'istanbuli konventsiooni', 'vägivalla', 'ohvriabi', 'istanbuli konventsioon', 'naiste', 'naiste õiguste', 'kõrvalseisja', 'naistevastase', 'pressida peale', 'lammutamine käib', 'feminist', 'naised']",Istanbuli konventsiooni ümber käiv vaidlus,"Arutletakse Istanbuli konventsiooni sisust, selle rakendamisest Eestis ning sellest, kuidas dokument on muutunud poliitilise ja ideoloogilise vastasseisu objektiks. Rõhutatakse nii ohvriabi, seadusmuudatuste ja teenuste arendamist kui ka väärinfo, soorollide ja võimuküsimuste rolli vastuseisu kujunemisel.",coherent,high
41,26,41_tagasiside_hea tagasiside_frank_õppimise,"['tagasiside', 'hea tagasiside', 'frank', 'õppimise', 'sümboolikaid', 'õppija', 'tagasisidet', 'tagasisidest', 'õppimist', 'assessment learning', 'enesehindamine', 'assessment', 'õpetaja', 'tahan õppida', 'learning']",õppimist toetav tagasiside ja enesehindamine,"Arutatakse, milline on õppimist ja arengut toetav tagasiside ning miks numbriline hinne seda sageli ei asenda. Eraldi rõhutatakse enesehindamist, jooksvat dialoogi ja õpilase kaasamist oma õppimise analüüsi.",coherent,high
42,25,42_kriis_kriisi_aaro_sina juhid,"['kriis', 'kriisi', 'aaro', 'sina juhid', 'kriisis', 'jaoks kriis', 'töötaja', 'juhid', 'kriisist', 'viimane kriis', 'keda sina', 'juht', 'martin', 'kaasama', 'otsus vastu']",Kriisis juhtimise ja usalduse hoidmine,"Arutletakse selle üle, kuidas kriisi defineerida, millal probleem muutub kriisiks ning kuidas juht peab surve all otsustama, infot jagama ja inimesi kaasama. Palju räägitakse ka usalduse, ettevalmistuse ja läbipõlemise piiride rollist organisatsiooni kriisides.",coherent,high
43,25,43_riigikaitse_looduskaitse_keskkonnakaitse_maastik,"['riigikaitse', 'looduskaitse', 'keskkonnakaitse', 'maastik', 'looduskaitsest', 'loodus', 'palju reegleid', 'looduskeskkond', 'kaitsta', 'loodust', 'looduse', 'timo', 'looduskaitse riigikaitse', 'keskkonnakaitselaagri', 'eesti loodust']",Rabakaitse riigikaitse maastikuna,"Arutletakse, kuidas Eesti sood, rabad ja metsad võivad ühtaegu toetada looduskaitset ja riigikaitset. Fookuses on märgalade taastamine, maastiku sobivus kaitsetegevuseks ning see, kuidas kaitsevägi saab loodust vähem kahjustada.",coherent,high
44,25,44_lastekaitsetöötaja_lastekaitse_lastekaitsetöö_ege,"['lastekaitsetöötaja', 'lastekaitse', 'lastekaitsetöö', 'ege', 'lapse', 'võrgustiku', 'lastekaitsetöötajad', 'ette teatamata', 'lastekaitses', 'teatamata', 'lastekaitse töötaja', 'võrgustiku töö', 'lapse jaoks', 'perest', 'olev laps']",Lastekaitsetöötaja töövõrgustik ja juhtumikorraldus,"Arutletakse, kuidas lastekaitsesüsteemis koordineeritakse abi vajava või hädaohus lapse juhtumit läbi võrgustikutöö, teenuste ja spetsialistide koostöö. Eraldi rõhutatakse, et vanemad ja lapsed kaasatakse protsessi ning eesmärk on leida õige tugi, mitte arutada detaile „kohvilaua ümber“.",coherent,high
45,25,45_naisi_mehi_naine_naised,"['naisi', 'mehi', 'naine', 'naised', 'mees naine', 'president', 'eesti president', 'mehed', 'kvoot', 'peaminister', 'kandidaati', 'aladel', 'nõukogu tasemel', 'soolistatud', 'soost']",Naiste alahindamine juhirollides,"Arutelu keskmes on naiste alaesindatus ja soolised stereotüübid juhtimises, poliitikas ning tööelus. Rõhutatakse, et probleem on kultuurilistes ootustes, valikuprotsessides ja soorollide jäikuses, mitte üksikutes juhtumites.",coherent,high
46,25,46_viie protsendi_nato_õhukaitse_raketid,"['viie protsendi', 'nato', 'õhukaitse', 'raketid', 'protsendi', 'raketti', 'briti', 'kaitseku', 'ballistilise', 'otsustati neljaks', 'õhutõrjet', 'kaitseväe osa', 'läheb lepingusse', 'moona', 'kaitse']",Pikamaa õhutõrje ja raketikaitse ostud,"Arutletakse Eesti kaitsekulude tõstmise taustal eelkõige pikamaa õhutõrje ja ballistilise raketikaitse hankimise üle. Kõlama jäävad ka tarneallikad, ühishanked, Eesti tööstuse roll ning küsimus, kui palju sellest jõuab kohapealse võimekuseni.",coherent,high
47,25,47_infraheli_müra_heli_hertsi,"['infraheli', 'müra', 'heli', 'hertsi', 'modulatsioon', 'detsibelli', 'häirib', 'tuugeni', 'helisid', 'sagedus', 'terviseamet', 'jüri', 'tuulikute', 'null koma', 'tuuliku']",Tuulikute infraheli ja mürahäiring,"Arutatakse, kas tuulikute infraheli või kuuldav müra võib tervist kahjustada, ning millised mõõtmised ja uuringud seda toetavad või ei toeta. Suur osa debatist keskendub madalsagedusliku heli, amplituudmodulatsiooni ja regulatsioonipiiride tõlgendamisele.",coherent,high
48,24,48_vabatahtlikud_vabatahtlik_vabatahtlikke_vabatahtliku,"['vabatahtlikud', 'vabatahtlik', 'vabatahtlikke', 'vabatahtliku', 'vabatahtliku tegevuse', 'vabatahtlikuks', 'vabatahtlike', 'vabatahtlikus', 'vabatahtlikkus', 'kommi', 'vabatahtlikus tegevuses', 'tegevuse', 'vabatahtlik tegevus', 'vabatahtlikku', 'hoiad vabatahtlikke']",Vabatahtlike kaasamine ja hoidmine lõimumiseks,"Arutelu keskendus sellele, kuidas vabatahtlik tegevus võiks aidata sisserännanute ja teiste uute inimeste lõimumist, kuid ainult siis, kui rollid on selged, barjäärid väikesed ja tugi olemas. Korduvalt rõhutati ka vabatahtlike ning koordinaatorite hoidmist, väljaõpet ja läbipõlemise ennetust.",coherent,high
49,24,49_järvamaa_järvamaal_töötukassa_sigrid,"['järvamaa', 'järvamaal', 'töötukassa', 'sigrid', 'õppima', 'tiina', 'kõrgharitud', 'täiskasvanu', 'täiskasvanute', 'õppida', 'õpin', 'endale koolitaja', 'koolitaja kutse', 'täienduskoolituses', 'jalgpallitrennis']",Järvamaa täiskasvanute paindlik õpe,"Arutelu keskmes on Järvamaa täiskasvanuhariduse ja ümberõppe võimalused, eriti see, kuidas õppimist sobitada töö, pere ja muu eluga. Korduvalt rõhutatakse paindlikke õppevorme, tööandja tuge, töötukassa rolli ning seda, et kõrgharidus ei määra üksi ei tarkust ega palka.",coherent,high
50,24,50_unistamine_unistamise_unistada_rikkaks,"['unistamine', 'unistamise', 'unistada', 'rikkaks', 'peep', 'unistamisega', 'rikkaks saada', 'kahekümne viie', 'unistuste', 'unistama', 'unistamist', 'unistusi', 'unis', 'unistus', 'niguliste']",Unistamise kaudu Eesti tuleviku kujundamine,"Arutatakse, kuidas teadlik ja süsteemne unistamine aitab kujundada Eesti tulevikupilti ning koondada inimeste mõtteid, lootusi ja vastutust. Läbi tulevad nii noorte ja eakate unistused, piirkondlikud erinevused kui ka tehnoloogia roll nende ideede kogumisel ja analüüsimisel.",coherent,high
51,24,51_naine_naised_isad_mehed,"['naine', 'naised', 'isad', 'mehed', 'karjääri', 'abikaasa', 'mees', 'naiste käest', 'isa', 'hakkama saate', 'meestena', 'naiste', 'meeste', 'naine mees', 'nügimise']",Isaduse ja töökoormuse jagamine,"Arutletakse selle üle, kuidas lastega seotud vastutus ja kodune vaimne koorem on endiselt sageli naiste õlul ning kuidas isasid tuleks rohkem kaasata. Kõne all on ka tööandjate hoiakud, vanemapuhkuse mõju karjäärile ja vajadus luua paindlikumaid töö- ja pereelu lahendusi.",coherent,high
52,24,52_kaugtöö_kontoris_töötaja_kontorisse,"['kaugtöö', 'kontoris', 'töötaja', 'kontorisse', 'kaugtööd', 'pesu', 'kaugtööl', 'kuusteist kolmkümmend', 'tööandja', 'kell', 'töövälisel', 'töövälisel ajal', 'tööaeg', 'kontorisse tagasi', 'pesu pesema']",Kaugtöö piirid ja kontorikohustus,"Arutatakse, kuidas kaugtöö ja hübriidtöö korraldada nii, et säiliks töö tegemine, meeskonna kontakt ja selged kokkulepped. Korduvalt tõstatub küsimus, millal kaugtöö muutub liiga vabaks, kuidas eristada rolle, ning kuidas vältida tööaja venimist ja läbipõlemist.",coherent,high
53,24,53_tööturult_töövõime_rille_haigus,"['tööturult', 'töövõime', 'rille', 'haigus', 'puudega', 'inimese tööeluga', 'töövõimet', 'tööeluga katkeb', 'haiguslehtede', 'puue', 'maiu', 'tööeluga', 'maivi', 'ravi', 'haiguslehte']",haigusest tingitud tööelust väljalangemine,"Arutatakse, kuidas krooniline või raske haigus viib inimese tööelust välja ning millal ja miks see side katkeb. Fookuses on töövõime, haigusleht, tööandja paindlikkus, rehabilitatsioon ja varane tugi, et inimene saaks tööturul püsida või turvaliselt naasta.",coherent,high
54,24,54_juht_paavo_organisatsioonis_juhi,"['juht', 'paavo', 'organisatsioonis', 'juhi', 'ekstreemumid', 'kõigis teemades', 'organisatsiooni', 'positsiooni', 'anni', 'juhti', 'paavoga', 'ootused juhile', 'töötajad', 'juhib', 'rolli']",Juhi ja töötaja äärmuste juhtimine,"Arutatakse, kuidas organisatsioonis tekivad äärmused: liiga jõuline või liiga passiivne juht ning töötajad, kes kas piirdavad miinimumiga või on liialt kõiges kaasa rääkivad. Fookuses on ootuste selge kommunikeerimine, usaldus, psühholoogiline turvalisus ja see, kas selliseid äärmusi saab tasakaalustada.",coherent,high
55,24,55_muuseumi_muuseum_muuseumit_valla,"['muuseumi', 'muuseum', 'muuseumit', 'valla', 'kogukonna', 'abivallavanem', 'muuseumil', 'viiskümmend tuhat', 'kakssada viiskümmend', 'vallas', 'mulgi', 'muuseumist', 'muuseumitöötajad', 'tulu', 'õla alla']",muuseumi päästmine kogukonna toel,"Arutatakse väikese vallamuuseumi katuse remondi ja rahastuse leidmise võimalusi, sh ettevõtjate, kogukonna ja toetuste kaasamist. Samal ajal vaieldakse muuseumi töötajate töötingimuste, palga, rolli ning võimaliku ümberkorralduse üle, et muuseum säiliks kogukonnale avatud ja elujõuline.",coherent,high
56,24,56_start_uku_founder_skype,"['start', 'uku', 'founder', 'skype', 'janek', 'asutajad', 'asutajate', 'startup', 'founder id', 'valley', 'silicon valley', 'silicon', 'riigihanked', 'janek sina', 'sina arvad']",Eesti startup-kogukonna vastastikune tugi,"Arutletakse Eesti startup-ökosüsteemi tiheda kogukonna üle: founder'id aitavad üksteist, jagavad kontakte ja loovad noortele nähtavaid eeskujusid. Korduvalt võrreldakse seda ka USA-ga ning rõhutatakse, et Eesti tugevus on väiksusest sündiv koostöö ja usaldus.",coherent,high
57,24,57_hooldekodu_dementsusega_pihlakodu_hoolekandeasutuses,"['hooldekodu', 'dementsusega', 'pihlakodu', 'hoolekandeasutuses', 'asutus', 'hooldekodus', 'süsteemid', 'dementsuse', 'kurjategija', 'viibime', 'hooldaja', 'pihlakodu juhtum', 'juhtum', 'abivajadusega', 'töötajate pidev']",Dementsusega hooldekodu elanike turvalisus,"Arutelu keskmes on dementsusega hooldekodu elanike kaitse, eriti seksuaalvägivalla ja muude vägivallaliikide ennetamine hoolekandeasutuses. Rõhutatakse asutuse vastutust, töötajate koolitust, riskianalüüse ja seda, et dementsusega inimest tuleb näha inimesena, mitte diagnoosina.",coherent,high
58,23,58_people_know_estonian_estonia,"['people', 'know', 'estonian', 'estonia', 'language', 'think', 'don', 'home', 'yeah', 'maybe', 'person', 'mean', 'say', 'lot', 'nature']",Eestisse kuuluvuse ja lõimumise arutelu,"Arutletakse selle üle, mida tähendab Eestis kuulumine, kuidas migrandid ja kohaliku taustaga inimesed seda ise määratlevad ning kui palju sõltub see keelest, käitumisest ja enesetundest. Fookuses on ka töökoha ja ühiskonna roll, usaldus, kultuuriline sobitumine ning see, kas integratsioonist saab rääkida pigem kohanemise kui kohustusliku nõudmisena.",coherent,high
59,23,59_internetis_margus_veebis_tv,"['internetis', 'margus', 'veebis', 'tv', 'ome tv', 'pedofiilia', 'raspel', 'seksuaalne', 'eelteismeline', 'omegle', 'erutuse', 'ome', 'seksuaalselt', 'margus raspel', 'veem']",Veebis levivad laste seksuaalse ahvatlemise riskid,"Arutatakse, kuidas veebikeskkonnad, vestlusplatvormid ja mängud loovad uusi võimalusi laste seksuaalseks ahvatlemiseks, väljapressimiseks ja väärkohtlemiseks. Fookuses on ka ennetus, vanemate roll, politsei sekkumine ning AI-ga loodud lapsporno probleem.",coherent,high
60,23,60_ukraine_really_companies_think,"['ukraine', 'really', 'companies', 'think', 'actually', 'sort', 'mean', 'know', 'today', 'innovation', 'going', 'war', 'working', 'course', 'ukrainians']",Ukraina turu sisenemine kohalike partneritega,"Arutatakse, kuidas Eesti ettevõtted saaksid Ukrainas tegutseda ja taastamistöös osaleda kohalike partnerite, võrgustike ja rahastuse abil. Korduvalt rõhutatakse sõjaga seotud riske, keerukat haldust ning vajadust alustada koostööd juba enne sõja lõppu.",coherent,high
61,23,61_lasteaias_lapsevanem_lasteaia_teenuse tarbija,"['lasteaias', 'lapsevanem', 'lasteaia', 'teenuse tarbija', 'lapsevanem peaks', 'lapse', 'lapsevanemate', 'lapsevanem partner', 'rühmast', 'pedagoogika osas', 'rühma', 'pedagoogika', 'lapsevanema', 'partner', 'lasteaiaga']",Lapsevanema kaasatus lasteaia partneriks,"Arutletakse selle üle, kas lapsevanem on lasteaias lihtsalt teenuse tarbija või kasvatuspartner, ning mida partnerlus praktikas tähendab. Rõhk on usalduse loomisel, suhtlusel, perevestlustel, kogukonnatundel ja vanemate osalemisel lapse arengu toetamisel.",coherent,high
62,23,62_perearst_peremeditsiini_esmatasandi_eriarsti,"['perearst', 'peremeditsiini', 'esmatasandi', 'eriarsti', 'perearsti', 'perearste', 'konsultatsioon', 'residentuuri', 'pigistab', 'päeva nädalas', 'arstiks', 'residentuuris', 'töötervishoiuarst', 'lisapädevuste', 'esmatasand']",esmatasandi tööjaotus ja koostöövõrgustik,"Arutatakse, kuidas jaotada perearsti, pereõe, eriarstide ja teiste tugispetsialistide rollid nii, et esmatasand toimiks paremini ja arstid ei koormuks üle. Suur rõhk on e-konsultatsioonidel, lisapädevustel, dokumentatsiooni vähendamisel ning usaldusel patsiendi ja tervishoiutöötajate vahel.",coherent,high
63,23,63_õppimine_õppimist_tehisäru_tehisharu,"['õppimine', 'õppimist', 'tehisäru', 'tehisharu', 'tehisharuga', 'õpilased', 'tehis', 'õpetaja', 'õppimise', 'õpiprotsess', 'kahjustab', 'õppimisprotsessi', 'õpilaste', 'sotsiaalemotsionaalsete', 'anna produkt']",Tehisaru mõju õppimisele ja õpioskustele,"Arutletakse selle üle, kuidas tehisaru mõjutab õppimisprotsessi, õpioskusi ja õpetaja rolli koolis. Korduvalt rõhutatakse, et tehisaru peaks olema õppimist toetav tööriist, mitte mõtlemise asendaja.",coherent,high
64,23,64_muna kana_muna_kana_kana küsimus,"['muna kana', 'muna', 'kana', 'kana küsimus', 'lhv', 'sutt', 'vaatama palju', 'elektri', 'tootmist', 'metanooli', 'energia', 'vaatama', 'peaks vaatama', 'enne vaatama', 'volatiilsust']",Elektritarbimise ja tootmise muna-kana vaidlus,"Arutletakse selle üle, kas Eesti energeetikas peaks enne vaatama tarbimisvajadust või tootmisvõimsuste rajamist. Fookuses on elektri- ja tööstusinvesteeringute omavaheline sõltuvus, varustuskindlus ning küsimus, kas tootmine ja tarbimine peaksid tekkima koos.",coherent,high
65,22,65_think_yes_thank_health,"['think', 'yes', 'thank', 'health', 'want', 'nuclear', 'don', 'estonia', 'lot', 'happen', 'course', 'cbr', 'situation', 'thinking', 'say']",CBRN-kriisiks valmisoleku ja kaitse arutelu,"Arutletakse, kui valmis on Eesti keemiliste, bioloogiliste, radioloogiliste ja tuumaohtude jaoks ning mida vajaks paremaks kaitseks. Fookuses on esmareageerijate koolitus, selged vastutused, avalikkuse teavitamine ja investeeringud võimekusse.",coherent,high
66,22,66_toidujulgeoleku_toidujulgeolek_toidu_kriisi ajal,"['toidujulgeoleku', 'toidujulgeolek', 'toidu', 'kriisi ajal', 'hannes', 'jaeketid', 'tarneahela', 'toidujulgeolekut', 'rando', 'tarneahel', 'toidu tootmine', 'kala', 'toidujulgeolek tagatud', 'isevarustatus', 'võimekust']",Kriisivarustuse toiduahela toimepidevus,"Arutati, kuidas Eesti toidujulgeolek sõltub kogu tarneahela toimimisest alates tootmisest ja töötlemisest kuni logistika ning jaekaubanduseni. Rõhk oli kriisi ajal varustuskindlusel, energiast sõltuvusel, riigi ja ettevõtete rollil ning vajadusel hoida nii tootmine kui ka kaupluste teenindamine käigus.",coherent,high
67,22,67_välistööjõud_lihttöö_välistööjõu_välistöö,"['välistööjõud', 'lihttöö', 'välistööjõu', 'välistöö', 'kerli', 'lüpsja', 'tööjõust', 'põllumajanduses', 'tanel', 'keskmise', 'põllumajandussektoris', 'atraktiivsuse', 'tuhandeid', 'marianna', 'usaldusväärse ettevõtja']",Välistööjõu kaasamine lihttöödeks,"Arutletakse, kas ja kuidas välistööjõudu kasutada Eestis lihttööde, eriti hooajatööde ja põllumajanduse puhul. Korduvalt rõhutatakse kohaliku tööjõu piiratust, palgatingimusi, piirkondlikke probleeme ja vajadust leida tasakaal tööjõupuuduse ning integratsiooni vahel.",coherent,high
68,22,68_ttüs_riskianalüüsi_töötervishoiu_bürokraatia,"['ttüs', 'riskianalüüsi', 'töötervishoiu', 'bürokraatia', 'redeli', 'istuv töö', 'kuvariga', 'võtta jälle', 'jälle tähelepanu', 'tööohutusest', 'kaire', 'istuv', 'robert', 'tööinspektsiooni', 'redeliga']",Riskianalüüsi ja tööohutuse bürokraatiavaidlus,"Arutatakse, millised töötervishoiu ja tööohutuse nõuded on päriselt vajalikud ning millised on pigem ülereguleerimine või paberitöö. Fookuses on eriti riskianalüüsi, juhendamise ja teiste nõuete lihtsustamine, aga ka mure, et lihtsustamine võib anda vale sõnumi ja vähendada teadlikkust.",coherent,high
69,22,69_küberi_lõuna korea_ai_tiihüppe,"['küberi', 'lõuna korea', 'ai', 'tiihüppe', 'hariduses', 'ainekava', 'keelata', 'koolidesse', 'laiadesse', 'teehüpe', 'paremini tuunitud', 'tiihüpe', 'kasutavad', 'tiiger', 'õpilase jaoks']",AI kasutamine Eesti koolihariduses,"Arutletakse selle üle, kuidas tehisintellekt koolidesse ja õppesse tuua, eriti õpetajate koolituse, õppeülesannete muutmise ja AI-kirjaoskuse õpetamise kaudu. Korduvalt võrreldakse Eesti lähenemist Lõuna-Korea AI-õpikute, digiriigi ja Tiigrihüppe kogemusega.",coherent,high
70,22,70_raudtee_rail_rail baltica_baltica,"['raudtee', 'rail', 'rail baltica', 'baltica', 'rail baltic', 'rongid', 'baltic', 'kilomeetrit tunnis', 'raudteed', 'peatus', 'sõitma', 'ronge', 'rapla', 'pärnu', 'läbi pärnu']",Rail Baltica mõju asulate arengule,"Arutelu keskmes on Rail Baltica kui piirkondlikku arengut, kinnisvara ja elukeskkonda mõjutav taristuprojekt. Rõhutatakse kiirete ühenduste, kohalike peatuste, ühistranspordi sidumise ja raudtee ümber tekkiva arengu rolli.",coherent,high
71,22,71_nato_läänemere_läänemeremaade_regiooni,"['nato', 'läänemere', 'läänemeremaade', 'regiooni', 'venemaa', 'läänemere regiooni', 'tahte', 'balti', 'läänemeremaade nõukogu', 'riikide', 'ukraina', 'läänemere riikide', 'tahte koalitsiooni', 'lepped', 'riigid']",Läänemere julgeolekukoostöö ja Ukraina toetus,"Arutelu keskendus Läänemere piirkonna riikide julgeolekukoostööle, NATO rollile ning sellele, kuidas regionaalsed formaadid nagu Läänemeremaade nõukogu ja NB8 saavad toetada heidutust. Suur osa vestlusest käsitles ka Ukraina abistamist, tahtekoalitsioone, Venemaa survet Läänemerele ning seda, kuidas piirangute, sanktsioonide ja merejulgeoleku küsimused selles koostöös põimuvad.",coherent,high
72,22,72_kaugkütte_kaugküte_piirkondades_hind,"['kaugkütte', 'kaugküte', 'piirkondades', 'hind', 'kaugkütte hind', 'kaugküttele', 'üle üheksakümne', 'soojus', 'kaugkütte ettevõte', 'vaba turg', 'jumet', 'kaugküttepiirkonna', 'võrkudes', 'piirkonnad', 'sooja']",Kaugkütte hind ja regulatsioon,"Arutelu keskmes on kaugkütte hinna kujunemine, selle reguleerimine ning küsimus, kas väiksemates piirkondades peaks lubama rohkem turupõhist hinnastamist. Läbi käivad ka kohalike omavalitsuste roll, võrkude ja tootmise lahutamine ning tarbija kaitse ja alternatiivsete lahenduste vajadus.",coherent,high
73,22,73_wise_tüdrukud_ikt_tüdrukutele,"['wise', 'tüdrukud', 'ikt', 'tüdrukutele', 'poisid', 'tehnoloogiasektoris', 'tüdrukute', 'johanna', 'squad', 'naisi', 'tuuliki', 'tüdruku', 'unicon', 'unicon squad', 'jõhvisse']",Tüdrukute tehnoloogiakokkupuute kasvatamine,"Arutatakse, kuidas suurendada tüdrukute ja naiste huvi ning osalust IKT- ja tehnoloogiaerialadel juba varasest east alates. Fookuses on kooliprogrammid, eeskujud, enesekindluse kasvatamine ja tööjõupuuduse leevendamine.",coherent,high
74,22,74_ugri_soome ugri_komi_soome,"['ugri', 'soome ugri', 'komi', 'soome', 'pagulus', 'los', 'eestlased', 'ameerikas', 'keelt', 'ersa', 'vastupanu', 'california', 'keel', 'rene', 'eesti keelt']",Soome-ugri keelte hoidmine paguluses,"Arutletakse, kuidas soome-ugri kogukonnad Eestis ja diasporaas hoiavad oma identiteeti läbi keele, eriti siis, kui emakeel on nõrgenenud või asendunud vene keelega. Juttu on ka kultuurilisest pagulusest, pühapäevakoolidest, kogukonnatraditsioonidest ja sellest, kuidas keel ning kultuur seostuvad rahvusliku kuuluvusega.",coherent,high
75,21,75_track_piisavalt suur_teenuse_panganduses,"['track', 'piisavalt suur', 'teenuse', 'panganduses', 'turule', 'paper', 'regulaatoriga', 'rahastus', 'health founders', 'andmed', 'founders', 'white paper', 'kaheteist kuuks', 'rahastajana', 'vererõhuaparaadi']",Terviseidu turuletoomise ja rahastamise teekond,"Arutelu keskmes oli, kuidas tervise- ja meditsiinilahendused jõuavad turule ning miks nende rahastamine on võrreldes fintechiga keerulisem. Rõhutati turu suuruse, regulatsiooni, valdkonnaspetsiifilise kapitali, riikliku valideerimise ja testkeskkondade rolli.",coherent,high
76,21,76_küberturvalisuse_perearstikeskused_perearstikeskuse_perearstikeskus,"['küberturvalisuse', 'perearstikeskused', 'perearstikeskuse', 'perearstikeskus', 'perearstid', 'turvalisusest', 'teenusepakkuja', 'andmekaitsega', 'interneti teenusepakkuja', 'perearstikeskused pihta', 'pea meile', 'haldusega', 'rakendama', 'perearstidele', 'küberturval']",Perearstikeskuste kübernõuded ja andmekaitse,"Arutelu keskmes on perearstikeskuste küberturvalisuse nõuded, nende rakendamine ja seos patsiendiandmete kaitsega. Räägitakse ka sellest, kuidas teha nõuded väikestele meditsiinikeskustele jõukohaseks ning kas auditid, standardid ja teenusepakkujad võiksid koormust vähendada.",coherent,high
77,21,77_natalja_darja_serbia_suur tänu,"['natalja', 'darja', 'serbia', 'suur tänu', 'eestlased', 'keelt', 'eesti keelt', 'ühinege', 'positiivseid näiteid', 'slaavi', 'grupid', 'gruppi', 'rahvus', 'kusjuures parlamendis', 'eestlased võib']",rahvusliku mitmekesisuse ja keelelõimumise arutelu,"Arutelus keskenduti sellele, kuidas eri rahvused ja kultuurid saavad ühes riigis koos toimida nii, et oleks vähem hirme, eelarvamusi ja konflikte. Korduvalt rõhutati suhtlemist, riigikeele õppimist, vastastikust austust ning seda, et integratsioon on kahepoolne protsess.",coherent,high
78,21,78_heitkogustega_heitkogustega kauplemise_kauplemise_kauplemise süsteem,"['heitkogustega', 'heitkogustega kauplemise', 'kauplemise', 'kauplemise süsteem', 'ühikute', 'arvi', 'varssavi', 'ettevõtetele', 'fossiilkütuste', 'süsteem', 'teadusajakirja', 'keskkonnaekspert', 'laura', 'investeeringud', 'tühistada']",CO2 heitkogustega kauplemise süsteemi reform,"Arutleti Euroopa Liidu heitkogustega kauplemise süsteemi toimimise, mõju ja reformivajaduse üle. Fookuses olid tasuta ühikud, hinnastabiilsus, tulude tagasisuunamine ning võimalik laiendamine hoonetele ja transpordile.",coherent,high
79,21,79_põlva_omavalitsus_ametnik_ehr,"['põlva', 'omavalitsus', 'ametnik', 'ehr', 'kaheteist kuuga', 'kohalikke omavalitsusi', 'toetussüsteem', 'leidub', 'tehas', 'maris', 'planeering', 'päästekomando', 'planeerimisjulgust', 'omavalitsusi', 'kohalikke']",Riigi ja omavalitsuse planeerimisotsused,"Arutatakse, kuidas omavalitsused ja riik peaksid suuremate ruumi- ja investeerimisotsuste puhul rolle jagama. Fookuses on planeeringute venimine, ametnike väike võimekus, riigi tugi ning see, millal ja kuidas teha keerulistes küsimustes selgeid otsuseid.",coherent,high
80,21,80_autoriõiguse_autorite_kõhus_keiti,"['autoriõiguse', 'autorite', 'kõhus', 'keiti', 'esindamise', 'teisisõnu', 'müncheni', 'teoste', 'loovisik', 'lammutatakse', 'autoriõigus', 'teosed', 'priit', 'tehisharu', 'teoseid']",Tehisintellekti treeningu autoriõiguse läbipaistvus,"Arutatakse, kas ja kuidas tuleks tehisintellekti treeningandmete kasutust autoritele nähtavamaks teha ning milline info peab neile kättesaadav olema. Fookuses on autoriõiguse jõustamine, kasutusloata treenimise piirid, ärisaladuse väited ja võimalikud kompensatsioonimehhanismid.",coherent,high
81,21,81_eluviisi_maie_eluviisist_eluviis,"['eluviisi', 'maie', 'eluviisist', 'eluviis', 'uue uue', 'minimalism', 'permakultuur', 'üha järjest', 'eluviisi juurde', 'tarbimisest', 'ökoloogiline', 'esineja', 'jõudsimegi', 'tendents', 'jalajälg']",Ökoeluviisi piisavus ja tarbimisest loobumine,"Arutletakse ökoloogilise eluviisi, minimalismi ja tasaarengu üle kui teadliku valiku üle, mis vähendab tarbimist, taastab loodusega kooskõla ning võib olla seotud ka finantsilise kindlustunde ja lihtsama eluga. Samal ajal vaieldakse, kas selline eluviis on jõukamatele kättesaadavam või pigem universaalne, ning kuidas see suhestub staatuse, mugavuse ja ühiskondliku süsteemiga.",coherent,high
82,21,82_palestiina_iisraeli_topeltstandardid_topeltstandardite,"['palestiina', 'iisraeli', 'topeltstandardid', 'topeltstandardite', 'hukka', 'palestiinlased', 'iisrael', 'tunnustamine', 'lähis', 'okupeeritud', 'tunnustame', 'kahe riigi', 'tunnustanud', 'tunnustamist', 'kurjust']",Iisraeli-Palestiina topeltstandardite vaidlus,"Arutatakse, kas Lääs ja Eesti käsitlevad Iisraeli-Palestiina konflikti teistest sõdadest erineva mõõdupuuga. Fookuses on Palestiina tunnustamine, rahvusvaheline õigus, tsiviilelanike kaitse ja süüdistused topeltstandardites.",coherent,high
83,20,83_ath_ennetus_vererõhk_vererõhu,"['ath', 'ennetus', 'vererõhk', 'vererõhu', 'vererõhuhaigus', 'ennetuse', 'keelis', 'kvaliteedisüsteemi', 'häire', 'vererõhku', 'keskkond toetama', 'elustiili', 'suitsetab', 'katrin', 'henri']",Vererõhu ja kroonika ennetuse korraldus,"Arutatakse, kuidas vererõhuhaiguse ja muude krooniliste seisundite ennetus ning jälgimine peaks tervishoiusüsteemis toimima. Fookuses on vastutus patsiendi, perearsti ja riigi vahel, mõõdikute sobivus ning see, kuidas tagada ravi võtmine ja tulemuspõhine seire.",coherent,high
84,20,84_kremli_kreml_propaganda_iseennast kaitsta,"['kremli', 'kreml', 'propaganda', 'iseennast kaitsta', 'väärinfo', 'sputnik', 'info', 'riigiasutused peavad', 'kremli info', 'mingit tähendust', 'iga vahendiga', 'infosõja', 'kuri info', 'propastopi', 'riigiasutused']",Kremli propaganda ja allikakriitiline kaitse,"Arutletakse Kremli mõjutuste, väärinfo ja propaganda leviku üle ning selle üle, kuidas neid ära tunda ilma iga ühiskondlikku probleemi Kremli kaela ajamata. Rõhk on allikakriitilisusel, enese kaitsmisel infomüras ja oma riigi loo ning väärtuste tugevdamisel.",coherent,high
85,20,85_riina_ajateenistus_naistele_naised,"['riina', 'ajateenistus', 'naistele', 'naised', 'eerik', 'kohustuslik', 'erakondade', 'niiles', 'eerik niiles', 'kohustuslik ajateenistus', 'lavly', 'ajateenistust', 'naiste', 'erakonnad', 'anu']",Naiste ajateenistuse kohustuslikuks muutmine,"Arutelus vaieldi selle üle, kas Eesti riigikaitse tugevdamiseks peaks naistele kehtestama kohustusliku ajateenistuse või vähemalt kohustusliku kutse ja ankeetide süsteemi. Rõhutati nii järkjärgulist rakendamist, asendusteenistuse võimalust kui ka laiemat ühiskondlikku muutust ja kommunikatsiooni vajadust.",coherent,high
86,20,86_liikumise_kehalise_aktiivsust_trennis,"['liikumise', 'kehalise', 'aktiivsust', 'trennis', 'trenni', 'treeningutel', 'treeneri', 'huviringe', 'aeg lapsed', 'liikuma', 'liigu', 'kasvatuse', 'spordi', 'kristo', 'liikumis']",Kehalise kasvatuse ja trenni motivatsioon,"Arutletakse selle üle, kuidas lapsi ja noori liikuma saada ning mis roll on seal liikumisõpetusel, treeningutel, eeskujul ja keskkonnal. Rõhutatakse, et ainult sund või tulemuskesksus ei tööta hästi, tähtis on liikumisrõõm, individuaalne lähenemine ja igapäevane harjumus.",coherent,high
87,20,87_loomemajanduse_loomemajandus_rahandusministeerium_horror,"['loomemajanduse', 'loomemajandus', 'rahandusministeerium', 'horror', 'narratiivi', 'filmi', 'kunsti', 'kultuuri', 'kultuur', 'siim', 'film', 'teavad body', 'body horror', 'loomet', 'kultuur majandusharu']",Kultuuri mõõtmine ja rahastamine,"Arutletakse, kuidas käsitleda kultuuri ja loomemajandust majandusharuna ning kuidas seda riigi jaoks õigete mõõdikute abil hinnata. Keskmes on andmete ebakõlad, maksustamise ja statistika probleemid ning eraraha, ekspordi ja toetuste roll kultuurisektori rahastamisel.",coherent,high
88,20,88_malev_maleva_malevas_töökogemust,"['malev', 'maleva', 'malevas', 'töökogemust', 'noort', 'kuuekümne aasta', 'malevast', 'malevat', 'viis noort', 'esmast töökogemust', 'malevlast', 'õpilasmalev', 'esmast', 'rühma', 'malevlased']",Malev kui esimene töökogemus noorte arenguks,"Arutatakse õpilasmaleva rolli noorte esimese töökogemuse, töökultuuri ja sotsiaalsete oskuste kujundajana. Lisaks rõhutatakse tööandjate vajadust, maleva kohanemist muutuvate töövormidega ning seda, et malev aitab ennetada noorte kõrvale jäämist.",coherent,high
89,20,89_info_ravimeeskond_vähipatsiendi_infot,"['info', 'ravimeeskond', 'vähipatsiendi', 'infot', 'infoallikas', 'abi muutub', 'muutub osas', 'infoomanik', 'peamine infoallikas', 'info eest', 'kollane', 'teekonna', 'infopuuduses', 'info puhul', 'teekonnajuht']",Vähipatsiendi info jagatud koordineerimine,"Arutati, kuidas vähipatsiendi info peaks olema paremini kättesaadav, õigeaegne ja usaldusväärne, mitte lihtsalt rohkem. Korduvalt rõhutati, et vastutus on jagatud ravimeeskonna, infoomanike ja võimaliku teekonnajuhi vahel, ning et patsiendile tuleb anda ka õigus mitte teada ja infot rahulikult vastu võtta.",coherent,high
90,20,90_hambaarsti_hambaarsti juurde_hambaarsti juures_suus,"['hambaarsti', 'hambaarsti juurde', 'hambaarsti juures', 'suus', 'arsti juurde', 'hammaste', 'hambaarst', 'hambaarstide', 'hambaid', 'kooliõde', 'lapsevanemani', 'arsti', 'vajavast', 'abi vajavast', 'suu']",laste hambaarstikäigu ja ennetuse vastutus,"Arutatakse, kuidas tagada laste jõudmine hambaarsti juurde ning kelle vastutus on suuhügieeni ja ennetuse eest hoolitseda. Fookuses on vanema roll, perearsti ja kooliõe märkamised ning vajadusel lastekaitse sekkumine.",coherent,high
91,20,91_koolijuht_tippjuht_koolijuhi_mudru,"['koolijuht', 'tippjuht', 'koolijuhi', 'mudru', 'koolijuht tippjuht', 'pidaja', 'koolijuhte', 'tippjuhi', 'ette antud', 'koolijuhtide', 'koolijuhi amet', 'amet', 'koolijuhid', 'pidaja sega', 'kooli']",Koolijuhi tippjuhtimise jaotamata koormus,"Arutletakse selle üle, milles koolijuhi tippjuhtimine tegelikult seisneb: strateegia hoidmine, inimeste juhtimine, visiooni kujundamine ja vastutus piiratud autonoomia tingimustes. Korduvalt tõuseb esile ka “mudru” ehk halli halduskoormuse, delegeerimise ning pidaja ja ressursside mõju koolijuhi tööle.",coherent,high
92,20,92_tubli_merilin_poiste värk_tubli laps,"['tubli', 'merilin', 'poiste värk', 'tubli laps', 'kätlin', 'rühmas', 'täiskasvanu', 'andsin neile', 'niikuinii pean', 'lapse', 'laps', 'poiste', 'täiskasvanud', 'märkama', 'vaja märgata']",Lapse märkamisega kaasnev tublidus ja soostereotüübid,"Arutelu keskmes on see, kuidas lapsi märgatakse läbi tubliduse, käitumise ja täiskasvanute ootuste. Samuti räägitakse poiste-tüdrukute stereotüüpidest ning sellest, kuidas märkamist mõjutab laste individuaalsus ja keskkond.",coherent,high
93,20,93_allkirja_rohereform_jürgen_vaivara,"['allkirja', 'rohereform', 'jürgen', 'vaivara', 'jätkusuutlikkus', 'veiko', 'tuleme teiega', 'õlitööstus', 'allkirju', 'stalin', 'absurdne', 'harjutusväljak', 'lõppev', 'lõppev ressurss', 'õlitööstuse']",Tuuleparkide kaasamine ja ebapopulaarsed roherohepöörde otsused,"Arutelu keskmes on taastuvenergia, eeskätt tuuleparkide, planeerimine ning selle ümber tekkinud allkirjakogumised ja kogukondade vastuseis. Rõhutatakse, et rohereformi edu sõltub varajasest kaasamisest, usaldusest, kohalike heaolu mõtestamisest ja poliitilisest julgusest teha ebapopulaarseid otsuseid.",coherent,high
94,20,94_heleri_tasaareng_majanduskasv_tasaarengu,"['heleri', 'tasaareng', 'majanduskasv', 'tasaarengu', 'skp', 'heaolu', 'jaanile', 'majanduskasvu', 'jaan', 'loobuma', 'hinnata lisaks', 'edu tuleks', 'rohkem tarkadest', 'tarkadest valikutest', 'kogukondlik töö']",Tasaarengu ja majanduskasvu vastandus,"Arutletakse selle üle, kas Eesti peaks eelistama kiiret majanduskasvu või tasaarengut, pidades silmas ressursikasutust, keskkonda ja riigi tulevikku. Korduvalt kõneldakse ka töökohtadest, maksudest, heaolu mõõtmisest ning sellest, kuidas muuta majandus mudelit nii, et inimeste heaolu säiliks.",coherent,high
95,20,95_postitada_pilte_postitused_postitavad,"['postitada', 'pilte', 'postitused', 'postitavad', 'malle', 'alasti', 'iiris', 'postitanud', 'pildid', 'postitamisi', 'lapse', 'lapsega', 'postitusi', 'postitan', 'eemaldamist']",Laste piltide postitamise privaatsus,"Arutatakse, kas ja kuidas vanemad tohivad oma lastest pilte sotsiaalmeediasse postitada ning millal peaks küsima lapse nõusolekut. Rõhutatakse privaatsusriske, piltide leviku püsivust ja seda, et postitusi ei saa pärast täielikult kontrollida ega tagasi võtta.",coherent,high
96,20,96_saara_petersoni_petersonis_kodumõju,"['saara', 'petersoni', 'petersonis', 'kodumõju', 'suhtumisest', 'sõbrad', 'ning', 'imelikud', 'sõpruskond', 'kodu', 'algab suhtumisest', 'meile nemad', 'kool', 'eriarvamusele', 'sidusus algab']",Kodu ja kooli mõju kuuluvustundele,"Arutelu keskmes oli see, kuidas pere, sõbrad, kool ja riik kujundavad noorte hoiakuid ning kuuluvustunnet. Rõhutati, et kodust pärit mõjud võivad püsida kaua, kuid kool ja suhtlus eri inimestega võivad neid tasakaalustada või muuta.",coherent,high
97,19,97_ajateenistuse_väljaõpe_kaitseväe_ajateenistus,"['ajateenistuse', 'väljaõpe', 'kaitseväe', 'ajateenistus', 'ajateenija', 'ajateenistuses', 'kolonel', 'teenistuse', 'tegevteenistusse', 'ajateenistusse', 'üheksateist koma', 'ajateenijaid', 'tegevväelasi', 'teenistusse', 'ajateenistust']",Ajateenistuse väljaõppe reform ja noorte ettevalmistus,"Arutatakse Eesti ajateenistuse ümberkorraldamist, et väljaõpe muutuks ühtlasemaks, intensiivsemaks ja paremini kooskõlla uute tehniliste ning julgeolekuvajadustega. Suur rõhk on noorte varasemal ettevalmistamisel koolis, sobiva juhtidekihi kasvatamisel ja sellel, kuidas ajateenistus toetaks ka hilisemat õpingut või tööelu.",coherent,high
98,19,98_börs_hinna_hinda_hind,"['börs', 'hinna', 'hinda', 'hind', 'börsi', 'börsihind', 'gaasi', 'börsil', 'päev ette', 'täiskulu', 'konkurentsiamet', 'börsilt', 'elektri', 'narva', 'gaasi hinna']",Elektribörsi marginaalhinna kriitika,"Arutatakse, miks elektribörsi marginaalhinna põhimõte tekitab pahameelt ja miks selle muutmine ei pruugi elektri lõpphinda tegelikult alla tuua. Rõhk on hinnasignaali, läbipaistvuse, investeerimiskindluse ja eri turumehhanismide võrdlusel.",coherent,high
99,19,99_annetajate_annetusi_annetuste_annetajad,"['annetajate', 'annetusi', 'annetuste', 'annetajad', 'annetusest', 'annetaja', 'lastefondi', 'sulev', 'organisatsiooni', 'palgakulud', 'annetusraha', 'annetajate jaoks', 'alexela', 'annetus', 'annetada']",annetajate mure üldkulude pärast,"Arutatakse, miks annetajad kardavad, et raha kulub heategevusorganisatsiooni palga- ja üldkuludeks, ning kuidas seda hoiakut parema selgituse ja läbipaistvusega leevendada. Samuti räägitakse, et professionaalne töö, auditid ja jätkusuutlik rahastus on sageli vajalikud, mitte raiskamine.",coherent,high
100,19,100_alushariduses_alusharidus_grete_alushariduse,"['alushariduses', 'alusharidus', 'grete', 'alushariduse', 'seitsmeaastaste', 'seitsmeaastaste hulgas', 'lasteaeda', 'osalemine', 'ebavõrdsusest', 'ott', 'koolijuhtide', 'lasteaeda minna', 'lapsed tule', 'alushariduses osalemine', 'grete sul']",alushariduse kvaliteet ja kohustuslikkus,"Arutletakse selle üle, kuidas alusharidus mõjutab laste hilisemat haridustee algust, ebavõrdsust ja märkamist juba enne kooli. Fookuses on ka osalemise kohustuslikkus, kohalike omavalitsuste roll, personali kvalifikatsioon ja kvaliteedinõuded.",coherent,high
101,19,101_poliitikasse_erakonna_hea tõsta_getter,"['poliitikasse', 'erakonna', 'hea tõsta', 'getter', 'noortekogu', 'noortekogud', 'noortekogude', 'meeri', 'dmitri', 'noorte', 'munadega', 'tõsta käsi', 'esimees', 'poliitikas', 'väärtused sarnased']",Noorte valimis- ja poliitikasse kaasamine,"Arutletakse selle üle, miks noored lähevad poliitikasse, kuidas noortekogud ja erakonnad noorte sisendit kasutavad ning miks noorte hääl valimistel sageli nõrgaks jääb. Keskmes on noorte motiveerimine valima, noorte arvamuse kuuldavaks tegemine ja poliitilise kultuuri parandamine.",coherent,high
102,19,102_hispaaniasse_reservväelane_reservväelase_pataljoni,"['hispaaniasse', 'reservväelane', 'reservväelase', 'pataljoni', 'reservväelased', 'reservväelastega', 'rese', 'marit', 'reservväelasena', 'parimal viisil', 'reservi', 'diviisi', 'tegevväelased', 'armani', 'vitamiine']",Reservväelase roll ja motivatsioon,"Arutelu keskendub sellele, kes on reservväelane, miks inimesed sellesse rolli astuvad ja kuidas hoida nende sidet riigikaitsega. Rõhutatakse nii isiklikku motivatsiooni, pere ja kodu kaitsmist kui ka reservväelaste arengu- ja väljaõppevajadust, eriti pataljoni- ja staabitöö tasemel.",coherent,high
103,19,103_naiskodukaitse_ulla_evakuatsiooni_kaitseliitu,"['naiskodukaitse', 'ulla', 'evakuatsiooni', 'kaitseliitu', 'naiskodukaitsesse', 'kaitseliidu', 'laia riigikaitse', 'riigikaitsesse', 'staapides', 'nato staapides', 'naiskodukaitsjad', 'riigikaitse', 'laia', 'kriiside', 'kaitseliit']",Elanikkonna kriisivalmidus ja vabatahtlik rollijaotus,"Arutatakse, kuidas tavakodanikud, eriti naiskodukaitse ja Kaitseliidu kaudu, saavad panustada laiapindsesse riigikaitsesse ka väljaspool relvastatud tegevust. Rõhk on evakuatsioonil, kriisivalmidusel, info levitamisel, noorte kaasamisel ning sellel, et vabatahtlikke ei koormataks üle.",coherent,high
104,19,104_visioon_väärtused_visiooni_maria,"['visioon', 'väärtused', 'visiooni', 'maria', 'riigisekretär', 'lavly', 'väärtuspõhine', 'väärtustest', 'tippjuhtide', 'väärtustega', 'selge väärtuspõhine', 'väärtuspõhine otsus', 'kelle väärtustest', 'väärtustest räägime', 'väärtusi']",Riigi juhtimine visiooni ja väärtuste järgi,"Arutatakse, kas riiki ja avalikku teenistust peaks juhtima eelkõige visiooni või väärtuste kaudu ning kuidas need kaks omavahel seostuvad. Fookuses on ka see, kelle väärtustest üldse rääkida, kas riigil on ühtne visioon ning miks sõnade ja tegude kooskõla on juhtimises oluline.",coherent,high
105,19,105_tugevusi_tugevuste_õppekava_andekuse,"['tugevusi', 'tugevuste', 'õppekava', 'andekuse', 'andekas', 'omandatud', 'tugevused', 'tänane haridussüsteem', 'märkamine', 'andekad', 'haridussüsteem', 'andekus', 'õpetajana', 'potentsiaali', 'õpilaste']",õpilaste tugevustel põhinev paindlik õppekorraldus,"Arutatakse, kuidas koolis märgata õpilaste tugevusi ja anda neile rohkem valikuid, et nad saaksid oma potentsiaali arendada. Fookuses on paindlik õppekava, erinevad õppimisviisid, noppõpe ja küsimus, kuidas selleks koolikorraldust ning hindamist muuta.",coherent,high
106,18,106_brenda_taltech_vladislav_karmen,"['brenda', 'taltech', 'vladislav', 'karmen', 'taltechi', 'kiur', 'matemaatika', 'energeetika', 'võrgu', 'eleringi', 'taltechis', 'eerik', 'näiteks prantsusmaalt', 'kõrged punktid', 'energiasalvestus']",noorte energeetikute õpitee ja töö,"Arutatakse, kuidas noored jõudsid Taltechi energeetikaerialadele, milline oli nende õpikogemus ja kuidas nad juba tudengina tööle või praktikasse sattusid. Lisaks räägitakse rahvusvahelistest võimalustest, eriala praktilisusest ning noorte vastutuse võtmisest energeetikaettevõtetes.",coherent,high
107,18,107_ülikooli_keskkooli_välismaale_õppima,"['ülikooli', 'keskkooli', 'välismaale', 'õppima', 'gümnaasiumis', 'gümnaasium', 'maakoolis', 'õppisin', 'karjääriõpetus', 'mõttes jätma', 'sain vist', 'mõttes noored', 'lõpetasin', 'peale keskkooli', 'tingimata alati']",Kõrghariduse valik gümnaasiumi järel,"Arutatakse, kuidas noored otsustavad pärast keskkooli edasi õppida, sageli katsetades eri erialasid enne õige tee leidmist. Läbi tuleb ka perekonna surve, karjääriõpetuse nappus, regionaalsed erinevused ning vajadus valida ülikooli, kutseõppe ja töö vahel.",coherent,high
108,18,108_vanus_coach_coaching_vanusest,"['vanus', 'coach', 'coaching', 'vanusest', 'kõige tähtsam', 'parimaks', 'tööelus', 'vanusega', 'stereotüüpe', 'tähtsam', 'finantsjuhiks', 'järelkasvule', 'öelda ealine', 'stereotüüpi', 'ealine mitmekesisus']",Vanusest sõltumatu värbamine ja areng,"Arutatakse, et tööle võtmisel ja tööelus ei peaks otsustama sünniaasta, vaid oskused, suhtumine, õppimisvõime ja koostööoskus. Rõhutatakse ka vanuseülest arengut, järelkasvu ning seda, kuidas organisatsioonid saavad pakkuda paindlikke rolle ja arenguvõimalusi.",coherent,high
109,18,109_elering_elektrisüsteemi_eleringi_taastamist,"['elering', 'elektrisüsteemi', 'eleringi', 'taastamist', 'iberia', 'elektrisüsteemi taastamist', 'hange', 'katki minna', 'võimsuste', 'öelda sõjaks', 'taastamist alustada', 'lauri sul', 'energiavarustuse', 'investeerimiskeskkonda', 'autonoomse energiavarustuse']",Eleringi juhitud võimsuste ja taastamise hanked,"Arutatakse Eleringi rolli elektrisüsteemi varustuskindluse tagamisel läbi juhitud võimsuste, taaskäivitamisvõime ja sagedusreservide hangete. Fookuses on ka õppetunnid Ukrainast ja Pürenee poolsaare katkestustest ning vaidlus selle üle, kui palju peaks süsteemi hajusalt taastamisvõimet ja tootmist arendama.",coherent,high
110,18,110_õppejõud_retsensioon_retsensiooni_õppejõud teevad,"['õppejõud', 'retsensioon', 'retsensiooni', 'õppejõud teevad', 'lõputöö', 'tehisharu', 'tudeng', 'töövihikut', 'üliõpilane', 'hästi kiirelt', 'tehisintellekti', 'koolis õpilane', 'üliõpilane ütleb', 'indeksile', 'provokatsioon']",retsensioonide tehisintellektiga tegemine,"Arutletakse selle üle, kas ja kuidas võivad õppejõud või retsenseerijad kasutada tehisintellekti lõputööde, artiklite ja muude tekstide hindamisel. Fookuses on nii teavitamise kohustus, otsustamise jäämine inimesele kui ka oht, et AI teeb pealiskaudse või valesti põhjendatud retsensiooni.",coherent,high
111,18,111_valimiste_valvurid_valimiste valvurid_valimistega,"['valimiste', 'valvurid', 'valimiste valvurid', 'valimistega', 'valimistava', 'hea valimistava', 'valvuri', 'valimiste valvuri', 'valimistega seoses', 'valimised', 'steven', 'moldovas', 'valijate', 'valimisi', 'valijate jaoks']",Valimiste valvamise ja hea tava vaidlus,"Arutatakse, kes peaks valimisi valvama, kuidas hea valimistava toimib ning kas selline järelevalve on tänapäeval piisav. Fookuses on ka avaliku raha väärkasutus, kampaaniate läbipaistvus ja valijate roll rikkumiste märkamises.",coherent,high
112,17,112_google com_veerand tundi_google_taustainfoks,"['google com', 'veerand tundi', 'google', 'taustainfoks', 'veerand', 'com', 'taustainfo', 'bla', 'ühekaupa', 'lõik', 'probleemiks', 'päevi', 'projektijuht', 'cloud', 'viis minutit']",AI-ga tööprobleemi koondav arutelu ja küsimisloits,"Arutatakse, kuidas AI-d kasutada tööalase probleemi kiireks lahendamiseks nii, et vestlus ei läheks laiali ega veniks liiga pikaks. Rõhk on koondaval promptimisel: roll, probleem, taustainfo ja ühekaupa küsitavad avatud küsimused, et jõuda umbes veerand tunniga toimiva lahenduseni.",coherent,high
113,17,113_kiusatav_kiusamine_kiusaja_juht,"['kiusatav', 'kiusamine', 'kiusaja', 'juht', 'kollektiivi', 'töökius', 'ületunde', 'kahte poolt', 'konflikti', 'uus juht', 'tarmo', 'kaptenid', 'töökiusu', 'konfliktid', 'parane']",Töökiusu ja konflikti piir töökohal,"Arutletakse, millal tööalane vastuolu muutub töökiusuks ning kuidas seda eristada tavalisest konfliktist. Fookuses on juhi roll, organisatsioonikultuur, tõendamine ja see, kuidas kiusamine võib kasvada järjestikuseks, vaenulikuks käitumiseks.",coherent,high
114,17,114_töövaidluskomisjoni_nõrgem_alati nõrgem_vaidlus,"['töövaidluskomisjoni', 'nõrgem', 'alati nõrgem', 'vaidlus', 'tvk', 'nõrgem osapool', 'tööandja', 'kohtusse', 'hüvitist', 'lehekülge', 'töötaja', 'las läheb', 'vaidlustest', 'puuktööotsija', 'osapool']",Töövaidluste kompromiss ja nõrgema poole kaitse,"Arutletakse selle üle, kas töötaja on töövaidlustes alati nõrgem pool ning kuidas töövaidluskomisjon ja kohus vaidlusi lahendavad. Korduvalt rõhutatakse kompromissi, varajase läbirääkimise ja mõistliku käitumise tähtsust, et vältida pikale venivaid ja kulukaid vaidlusi.",coherent,high
115,17,115_eesti kool_hariduse_margit_sihte,"['eesti kool', 'hariduse', 'margit', 'sihte', 'taavi', 'õpetame lapsi', 'kool', 'eesti koolis', 'võiks kaks', 'küll julgustaksin', 'suur nihe', 'väärtuskasvatuse', 'heegeldamine', 'kool võiks', 'droonid robotid']",hariduse eesmärgid ja kooli sihid,"Arutletakse, milleks Eesti kool tegelikult peaks valmistama: eluks, iseseisvuseks, väärtusteks ja ühiskonnas hakkamasaamiseks. Samuti räägitakse, kuidas sihte seada, kes peaks otsustama ning kuidas teha seda nii, et õpetus oleks vähem koormav ja paremini mõtestatud.",coherent,high
116,17,116_internet_myspace_internetis_internet vajab,"['internet', 'myspace', 'internetis', 'internet vajab', 'pikk plaan', 'avalik koht', 'riigikohus', 'platvorm', 'politsei', 'kaardid', 'juriidiline norm', 'korrakaitsja', 'nõrk kaitse', 'saanud suureks', 'teil kaardid']",Internetis ähvardamine ja laim,"Arutati, kuidas internetis levivad ähvardused, laim ja solvav käitumine mõjutavad inimesi ning miks neid on raske kiiresti menetleda. Fookuses oli ka küsimus, kas veebikeskkonnas on vaja selgemaid reegleid ja tõhusamaid sekkumisviise.",coherent,high
117,16,117_ravi_ravimid_ravim_tervisekassa,"['ravi', 'ravimid', 'ravim', 'tervisekassa', 'ravimit', 'süstravi', 'rahastatav ravim', 'toimeainega', 'teise rea', 'omaosalus', 'süste', 'uute ravimite', 'tervisekassa raha', 'uue põlvkonna', 'ravimite']",Kallite ravimite ja süstide kättesaadavus,"Arutatakse, kuidas Tervisekassa kaudu või enda kulul saada kallimaid ravimeid ja süstiravi siis, kui üks rahastatav toimeaine ei tööta või alternatiiv on patsiendile liiga kallis. Juttu on ka läbirääkimistest, ravivõimaluste piiratusest ning sellest, kuidas ravimivalik mõjutab arsti tööd ja patsiendi nägemist või elukvaliteeti.",coherent,high
118,16,118_patsiendi_patsiendina_diagnoosiga_õde,"['patsiendi', 'patsiendina', 'diagnoosiga', 'õde', 'psühhiaatriline', 'särav naisterahvas', 'välisravile', 'raviteekond', 'ravi', 'onko', 'kompetentsikeskus', 'patsiendi autonoomia', 'patsiendid', 'patsient', 'särav']",Vähipatsiendi raviteekonna ja info koordineerimine,"Arutatakse, kuidas vähidiagnoosiga patsiendi teekond oleks paremini koordineeritud alates perearstist ja vähikahtlusest kuni ravi, jälgimise ja taastumiseni. Rõhk on usaldusväärsel infojagamisesel, koordinaatori rollil, spetsialistide koostööl ja patsiendile arusaadaval juhisel.",coherent,high
119,16,119_tehisintellekt_ai ütle_arsti_arst,"['tehisintellekt', 'ai ütle', 'arsti', 'arst', 'patsiendi', 'patsient', 'viis punast', 'ütleme üldiselt', 'ärevuse tase', 'tehisharu', 'kaasuvad', 'patsie ndi', 'palju tehisintellekt', 'kirjelduse peale', 'palju ütlevad']",Vähipatsiendi ja arsti usaldus AI suhtes,"Arutelu keskmes on see, kuidas vähipatsiendid kasutavad tehisintellekti oma tervisemurede uurimiseks ning kuidas see mõjutab nende suhet arstiga. Rõhutatakse, et AI võib aidata infot selgitada ja ärevust leevendada, kuid võib ka eksitada, seega jääb otsustavaks arstiga kontrollimine ja usaldus.",coherent,high
120,16,120_kolisin_türgis_eesti andis_irina,"['kolisin', 'türgis', 'eesti andis', 'irina', 'tulin eestisse', 'laagri', 'osman', 'vana elu', 'kohanenud', 'uudiseid', 'eestisse', 'eestlane', 'süürias', 'ukraina', 'araabia']",Pagulaste kohanemine ja uus kuuluvus Eestis,"Näidetes räägitakse pagulaste ja sisserändajate isiklikust kohanemisest Eestis, identiteedi ümberkujundumisest ning sellest, kuidas uus elu siin seostub turvalisuse, keeleõppe ja tuleviku ülesehitamisega. Oluline osa on ka kogukonna loomisel ja tagasi andmisel, eriti läbi vabatahtliku töö ning kohalikega suhtlemise.",coherent,high
121,16,121_alkoholi_agne_alkoholivaba_tarvitavad,"['alkoholi', 'agne', 'alkoholivaba', 'tarvitavad', 'tarvitamine', 'joo', 'alkohol', 'kained', 'alkoholist', 'õlut', 'noorega', 'tantsi', 'kohe fikseerida', 'kokaiin', 'noorte seas']",Noorte peojookide ja alkoholi kasutus,"Arutatakse, miks noored peol alkoholi või muid aineid tarvitavad ning kui sageli see käib koos julguse, lõõgastuse või seltskonnaga. Kõlama jääb ka see, et osa noori ei tarvita üldse, ent lahjagi alkohol, alkoholivabad joogid ja muud alternatiivid mõjutavad peokultuuri ning ennetust.",coherent,high
122,16,122_reinsalu_eesti majanduse_sisetarbimine_michal,"['reinsalu', 'eesti majanduse', 'sisetarbimine', 'michal', 'käibemaksu', 'majanduse', 'härra michal', 'probleem eesti', 'urmas', 'eesti inimesed', 'peame loomulikult', 'inimesed targad', 'majanduse probleem', 'valitsemiskulusid', 'toiduainete käibemaksu']",Maksutõusud ja Eesti sisetarbimine,"Arutatakse, kuidas maksutõusud, maksustruktuur ja eriti toiduainete käibemaks mõjutavad Eesti majandust ning inimeste toimetulekut. Korduvalt rõhutatakse, et keskklassi ja sisetarbimise nõrgenemine pidurdab majandust, samal ajal kui vastaspoolelt rõhutatakse ekspordi, tootlikkuse ja investeeringute tähtsust.",coherent,high
123,16,123_wifi_häkker_wifi võrku_võrku,"['wifi', 'häkker', 'wifi võrku', 'võrku', 'sisse murda', 'seadmetega', 'mõelda häkker', 'rünnata', 'võrgus', 'ründed', 'ago', 'jaanus', 'ründavad', 'murda', 'ründajad']",WiFi ja nutiseadmete turvariskid,"Arutletakse kodu- ja töövõrgu WiFi, nutiseadmete ning IoT-seadmete küberturvalisuse üle. Rõhk on sellel, kuidas ebaturvalised seadmed, ühine võrk ja kehv uuendamine võivad muuta võrgus olevad seadmed ründevektoriks.",coherent,high
124,15,124_kõrghariduse_ülikoolid_üliõpilane_kõrgharidus,"['kõrghariduse', 'ülikoolid', 'üliõpilane', 'kõrgharidus', 'ülikooli', 'ülikool', 'eestikeelne ülikool', 'koroonakriisi', 'ai mõju', 'ülikoolid teevad', 'tudengid', 'ülikoolis', 'seminari', 'kõrgkoolid', 'õppeprotsessi']",Ülikooli õpiviisi muutus tehisintellekti tõttu,"Arutatakse, kuidas tehisintellekt muudab kõrgharidust, eriti õppetöö korraldust, hindamist ja ülikooli rolli üliõpilaste mõtlemisoskuse arendajana. Korduvalt rõhutatakse, et massiloengud, vanad õppekavad ja pelk teadmiste edasiandmine ei pruugi enam piisata.",coherent,high
125,15,125_piiriala_virumaa_ida virumaa_ida,"['piiriala', 'virumaa', 'ida virumaa', 'ida', 'võrumaa', 'piirialadel', 'idapiiriala', 'virumaa investeeringute', 'idapiirialadele', 'idapiirialade', 'kai', 'ida virumaal', 'virumaal', 'täna jagada', 'esinduslik']",Idapiirialade regionaalarengu erikohtlemine,"Arutelu keskmes on Eesti idapiirialade, eriti Ida-Virumaa, Setomaa ja Võrumaa eripärad: ääremaastumine, julgeolekumõju, investeeringud, teenused ja inimeste püsimine piirkonnas. Korduvalt kaalutakse, kas vajatakse eraldi programmi või piisab paindlikust regionaalpoliitikast, ning rõhutatakse, et piiriala ei ole ainult geograafiline, vaid ka sotsiaalne ja identiteediline ruum.",coherent,high
126,15,126_vägistamine_vägistamise_kriminaalmenetlus_psüühiline,"['vägistamine', 'vägistamise', 'kriminaalmenetlus', 'psüühiline', 'sellega tegema', 'vägivalda', 'nõusolekuta seks', 'füüsiline erivajadus', 'ringkonda', 'psüühiline vägivald', 'vägivalla', 'vägivallast', 'sakslastel', 'vägivald', 'filosoofia']",vägistamise nõusolekupõhine kriminaalõigus,"Arutatakse, kuidas Eesti vägistamissäte ja kriminaalmenetlus peaksid paremini kaitsma psüühilise surve ja haavatavuse all kannatavaid ohvreid. Fookuses on nõusolekupõhine mudel, menetluse alustamine ning see, kuidas praktika ja seadus omavahel suhestuvad.",coherent,high
127,15,127_haigekassa_nõukogu_taagepera_rahandusminister,"['haigekassa', 'nõukogu', 'taagepera', 'rahandusminister', 'kakssada miljonit', 'haigekassa nõukogu', 'kriisikoosolekul', 'nõukogu kriisikoosolekul', 'miljonit', 'nõukogu liikmed', 'tervishoid', 'truu', 'miljonit kokku', 'tervishoidu', 'nõukogu istungilt']",Haigekassa puudujäägi ja juhtimiskriisi arutelu,"Arutatakse Haigekassa/Tervisekassa eelarvepuudujääki, Taagepera sündmusega seotud maine- ja juhtimiskriisi ning võimalusi kulusid ohjeldada ilma tervishoiuteenust lõhkumata. Fookuses on ka rahastamismudeli muutmine, efektiivsuse tõstmine ja avaliku raha kasutus tervishoius.",coherent,high
128,15,128_kaitseinvesteering_priit_kohalik energia_tootmine kaitseinvesteering,"['kaitseinvesteering', 'priit', 'kohalik energia', 'tootmine kaitseinvesteering', 'ivo', 'energia', 'samamoodi küsimus', 'komponentide', 'haavatavad', 'virumaa', 'ida virumaa', 'isavalt inimesi', 'mastaabiefekti tehnoloogia', 'ebamugav riik', 'peame sellist']",Kohaliku energiatootmise kaitsevõime,"Arutletakse selle üle, kuidas kohalik ja hajutatud energiatootmine suurendab Eesti varustuskindlust, vähendab sõltuvust välisühendustest ning toimib sisuliselt kaitseinvesteeringuna. Samal ajal rõhutatakse investeeringute ajastust, tarneahelaid, oskustööjõudu ja rahalisi piiranguid.",coherent,high
129,15,129_ivo_tiihüpe_tiihüppe_kolmanda kooliastme,"['ivo', 'tiihüpe', 'tiihüppe', 'kolmanda kooliastme', 'õpetajaskonna', 'uudishimu', 'spikri', 'informaatikaõpetaja', 'laps omandanud', 'tuleksid kaasa', 'tii', 'arutlust', 'karula', 'keskmise õpetaja', 'tiigrihüppega']",Tehisintellekti mõju kooliõppimisele,"Arutatakse, kuidas tehisintellekt muudab kooliõppimist, õpetaja rolli, õpimotivatsiooni ja hindamist. Fookuses on eriti gümnaasium, põhikooli kolmas kooliaste ning küsimus, kuidas teha AI kasutus pedagoogiliselt mõtestatuks, mitte pelgalt mugavust suurendavaks.",coherent,high
130,15,130_agne_teenusel_triin_agne andre,"['agne', 'teenusel', 'triin', 'agne andre', 'majakaid', 'vajaduste', 'kutt', 'anonüümsed', 'kadi', 'harutama', 'baasvajadused', 'sul viga', 'vanglas', 'ingrid', 'hoidsin']",Vägivaldsete noorte tähelepanu- ja kuuluvusvajadus,"Arutletakse selle üle, kuidas noorte agressiivne ja vägivaldne käitumine on sageli seotud tähelepanu-, kuuluvus- ja turvatunde puudusega. Rõhk on ka sellel, kuidas usaldussuhe, märkamine ja toetav täiskasvanu aitavad tegelikke vajadusi näha ning noort paremini mõista.",coherent,high
131,14,131_kõrgharidus_kõrghariduse_elamiskulusid_stipendiumide,"['kõrgharidus', 'kõrghariduse', 'elamiskulusid', 'stipendiumide', 'stipendiumi', 'tehnikaülikooli', 'eraraha', 'tudengite', 'pensionite', 'miljonist', 'sajast miljonist', 'elamiskulusid kinni', 'arvutuse teinud', 'augus', 'vajaduspõhine']",Vajaduspõhine tudengitoetus ja elamiskulud,"Arutatakse, kuidas kõrghariduse rahastus mõjutab tudengite toimetulekut, eriti vajaduspõhiseid stipendiume, õppetoetusi ja elamiskulusid. Läbi käivad ka tasuta kõrghariduse säilitamine, õppimise kõrvalt töötamine ning see, et toetused peaksid jõudma eeskätt haavatavate rühmadeni.",coherent,high
132,14,132_rännet_ränne_sisserändega_sisserännet,"['rännet', 'ränne', 'sisserändega', 'sisserännet', 'sisserände', 'sisseränne', 'rändepoliitika', 'targa', 'tarka rännet', 'sisserännet vaja', 'eestisse', 'rändega', 'killu', 'rahvastiku', 'sisserändepoliitika']",Targa sisserände juhtimine Eestis,"Arutelu keskmes on, kuidas Eestisse vajalikku sisserännet juhtida nii, et see toetaks tööjõuvajadust ja demograafilist kestlikkust. Samal ajal rõhutatakse integratsiooni, julgeoleku ja ühiskonna vastuvõtuvõime piiranguid.",coherent,high
133,14,133_metsa_metsad_rmk_raiuma,"['metsa', 'metsad', 'rmk', 'raiuma', 'metsi', 'pindala', 'puitu', 'majandusmetsa', 'riigimetsast', 'metsade', 'männik', 'raievanused', 'metsast', 'kuusikute', 'lähe raiuma']",kvaliteetse puidu saamine küpsest metsast,"Arutelu keskmes on see, kuidas metsasid majandada nii, et lõpptulemus oleks terve ja kvaliteetne puit, mitte kütteks või graanuliks minev madalama väärtusega materjal. Selle kõrval räägitakse raievanustest, kahjustunud puidu kasutamisest, liigilise mitmekesisuse hoidmisest ning riigimetsa ja kaitsealade rollist.",coherent,high
134,14,134_vkg_tuksub_silvia_süda tuksub,"['vkg', 'tuksub', 'silvia', 'süda tuksub', 'bioressursside', 'biomassi', 'maakasutuses', 'hundinuia', 'miljonit tonni', 'juurdekasvu', 'takistuste', 'eriplaneeringu', 'tonni aastas', 'märgalad', 'väärindamine']",Bioressursside kasutuse regulatsioon ja vaidlused,"Arutletakse selle üle, miks Eestis jäävad bioressursside väärindamise projektid sageli kinni regulatsioonidesse, planeeringutesse ja ühiskondlikesse kokkulepetesse. Eriti teravalt kõlavad metsanduse, VKG tehaste ja menetluste venimisega seotud vaidlused, mille taustal rõhutatakse inimressursi nappust ja vajadust selgemate reeglite järele.",coherent,high
135,14,135_tankla_vesiniku_biometaani_ahto,"['tankla', 'vesiniku', 'biometaani', 'ahto', 'biometaan', 'veokid', 'sõitnud', 'tanklat', 'biometaaniga', 'jäätmetest', 'kütuse', 'aivo', 'vesinik', 'tanklaid', 'diisel']",Biometaani tanklad ja busside kütus,"Arutelu keskmes oli Eestis toodetava biometaani kasutamine transpordis, eriti bussides ja teistes gaasisõidukites. Räägiti tanklavõrgu nappusest, liinilepingutest, riigi võimalikust toetusest ning sellest, kuidas biojäätmed ja muu biomass jõuavad kütuseks.",coherent,high
136,14,136_laura_stsenaarium_kõige tõenäolisem_stsenaariumi,"['laura', 'stsenaarium', 'kõige tõenäolisem', 'stsenaariumi', 'tõenäolisem', 'autonoomia', 'kõrge autonoomia', 'õppekorraldus', 'stsenaariumid', 'õpetajate toas', 'tuleviku', 'ühtne siht', 'loovuse vabariik', 'koos rajal', 'algselt kooli']",õpetaja rolli stsenaariumiarutelu,"Arutatakse nelja tulevikustsenaariumi hariduses ning selle mõju õpetaja Laurale aastal 2035. Keskmes on õpetaja tööpäeva, autonoomia, tehnoloogia, standardite ja heaolu erinevad võimalikud arengud.",coherent,high
137,14,137_religiooni_islam_religioon_moslemid,"['religiooni', 'islam', 'religioon', 'moslemid', 'religioosseks', 'moslemite', 'kristlus', 'prohvet', 'usk', 'maailmavaade', 'kuussada aastat', 'kasvab religioosseks', 'harida', 'kristlased', 'islami']",islami ja riigi tasakaal usuvabaduses,"Arutletakse islami rolli üle ühiskonnas, eriti selle üle, kuidas usku, riigi seadusi ja sekulaarset korda ühitada. Korduvalt rõhutatakse hariduse, mõõdukuse ning usu ja poliitika lahushoidmise tähtsust, et vältida ekstremismi ja võimu instrumentaliseerimist.",coherent,high
138,14,138_põhjavesi_fosforiidi_ragn_raporti,"['põhjavesi', 'fosforiidi', 'ragn', 'raporti', 'saastunud', 'puurkaevude', 'ragn sells', 'põhjavee', 'põhjavett', 'seostub', 'tuleviku kirjeldused', 'tulemustest öelda', 'hüdrogeoloogia', 'maandatavad', 'suitsupakil']",Fosforiidi kaevanduse mõju põhjaveele,"Arutatakse fosforiidi võimaliku kaevandamise mõju Eesti põhjaveele ja seda, kui suured on sellega seotud keskkonnariskid. Korduvalt rõhutatakse, et enne otsustamist tuleb oodata uuringute lõpptulemusi ning hinnata ka leevendusmeetmete tegelikku maksumust.",coherent,high
139,14,139_joosep_maroko_euroopasse_rändereformi,"['joosep', 'maroko', 'euroopasse', 'rändereformi', 'inimesed liiguvad', 'välispiir', 'rände', 'rändereform', 'liibüa', 'rändesurvega', 'suured tänud', 'sigrid', 'julgeolekule', 'piiri', 'toime tulla']",Venemaa-survest kujundatud rändekriisi valmisolek,"Arutelu keskmes oli see, kuidas Eesti ja Euroopa peaksid valmistuma rändesurveks, mille võtmeohuks nähakse eeskätt Venemaaga seotud ebastabiilsust ja Euroopa välispiiri läbimurret. Käsitleti ka Euroopa rändereformi, piirimenetlusi, tagasisaatmist ning humanitaar- ja julgeolekuraami pinget.",coherent,high
140,13,140_kantserogeen_allkirju_tööohutuse_hoida tähelepanu,"['kantserogeen', 'allkirju', 'tööohutuse', 'hoida tähelepanu', 'haiguslehel', 'juhtuvad', 'töösurmad', 'allkirjad', 'teie ettevõttes', 'hoitavad', 'kukkumised', 'hästi lihtne', 'paber', 'õnnetust', 'tööohutus']",tööohutuse tähelepanu ja paberibürokraatia,"Arutletakse selle üle, kuidas hoida tööohutust pidevalt kõigi töötajate tähelepanu all ning vältida olukorda, kus ohutus jääb ainult spetsialistide või paberite pärusmaaks. Korduvalt rõhutatakse, et allkirjad ja vormid üksi ei ennetata õnnetusi; oluline on sisuline juhendamine, märkamist toetav kultuur ja lihtne teavitamine.",coherent,high
141,13,141_roheringi_raha panna_hea projekt_ühtpidi,"['roheringi', 'raha panna', 'hea projekt', 'ühtpidi', 'jõgi', 'rohering', 'loodusega loodusega', 'linna', 'toru', 'tartu', 'mõned inimesed', 'sildid', 'loodusega', 'vastasus', 'näidete']",Rohealade ja sademevee kogukonnatoetus,"Arutatakse, kuidas roheringi ja teiste linnalooduse projektidega muuta linnakeskkonda elurikkamaks ning samal ajal saada elanikud ja ettevõtted neid muutusi omaks võtma. Suur rõhk on kogukonna kaasamisel, rahastamisel ja looduspõhiste sademeveelahenduste praktilisel väärtusel.",coherent,high
142,13,142_lai riigikaitse_riigikaitse_reelika_nõuniku,"['lai riigikaitse', 'riigikaitse', 'reelika', 'nõuniku', 'kaitseliidu', 'kuuendikku', 'ulla', 'sõjaline riigikaitse', 'lai', 'naiskodukaitses', 'riigikaitsest', 'torm', 'viis kuuendikku', 'riigi tasemel', 'naiskodukaitse']",Lai riigikaitse kodanikukohuse ja juhtimise küsimus,"Arutletakse, kuidas lai riigikaitse algab inimesest, perest ja kogukonnast ning hõlmab lisaks sõjalisele poolele ka elutähtsaid teenuseid, valmisolekut ja vabatahtlikke rolle. Samal ajal tõstatatakse teravalt küsimus, kes peaks riigi tasemel seda tervikut juhtima, rahastama ja vastutama.",coherent,high
143,13,143_ajalugu_vabadussõja_ajaloo_pätsu,"['ajalugu', 'vabadussõja', 'ajaloo', 'pätsu', 'monumendi', 'monumendi probleem', 'vahtre', 'vabariigi', 'vabadussõjast', 'teise köite', 'vabadusvõitluse', 'lauri vahtre', 'küll sõda', 'muistne', 'köite']",Vabadussõda ja riigi sünnimüüdid,"Arutletakse selle üle, kuidas Eesti riigi algust on ajaloomälus ja avalikus vaidluses tõlgendatud, eriti Vabadussõja, muistse vabadusvõitluse ja taasiseseisvumise kaudu. Korduvalt võrreldakse sõja rolli rahvusriigi kujunemisel, ajalooliste narratiivide poliitilisust ning Pätsi, Laidoneri ja teiste sümbolite tähtsust.",coherent,high
144,13,144_nutitelefon_videosid_multikaid_libisema,"['nutitelefon', 'videosid', 'multikaid', 'libisema', 'multika', 'täitsa mõistlikuks', 'multikad', 'ekraaniaega', 'teisi videosid', 'nippe', 'võõrastega', 'nutitelefonide', 'võtan järgmise', 'mõistlikuks', 'ujuma']",Laste nutitelefoni ja ekraaniaja piiramine,"Arutatakse, kuidas laste nutitelefoni, sotsiaalmeediat ja videote vaatamist piirata nii, et see ei muutuks sõltuvuseks. Rõhutatakse peres kokkuleppeid, järkjärgulisi piiranguid ja lapsega koos arutamist, mitte lihtsalt telefoni äravõtmist.",coherent,high
145,13,145_rohetehnoloogia_taaskasutatud_saunalaval_rohe,"['rohetehnoloogia', 'taaskasutatud', 'saunalaval', 'rohe', 'sektor', 'rohetehnoloogiate', 'rohetehnoloogiatest', 'puhta tööstuse', 'kestlikkuse', 'fookuses', 'skeleton', 'järjest sagenenud', 'ettevõtete hulgas', 'palmiõli', 'võtmetegur finantseerimine']",Rohetehnoloogiate rahastus ja rakendamine,"Arutatakse, kuidas rohetehnoloogiad ja roheinnovatsioon saaksid Eestis kasvada läbi targema rahastuse, regulatsioonide ja riigi toe. Fookuses on ka taaskasutatud materjalid, väiksem jalajälg ning võimalus siduda need lahendused tööstuse ja konkurentsivõimega.",coherent,high
146,13,146_skt_kodanikupalga_kolm eurot_laste kasvatamine,"['skt', 'kodanikupalga', 'kolm eurot', 'laste kasvatamine', 'eneseteostus', 'greta', 'kodanikupalk', 'heido', 'kasvatamine', 'julguse taha', 'hooletöö', 'lea', 'tasustamata', 'skt sse', 'sõltumatult']",Laste kasvatamise tasustamine kodanikupalgana,"Arutatakse, kas laste kasvatamist peaks käsitama tasustatud tööna ning siduma seda kodanikupalga või perepalga ideega. Fookuses on sündimuse toetamine, koduse hooletöö väärtustamine ja see, kuidas rahaline toetus võiks katta lapse kasvatamise kulusid ilma emadele kogu vastutust lükkamata.",coherent,high
147,13,147_õpilased_gpt ga_õpilased kasutavad_tehisintel,"['õpilased', 'gpt ga', 'õpilased kasutavad', 'tehisintel', 'tehisintellekt', 'kasutavad', 'coding', 'tehisintel lekti', 'lekti', 'õpetaja', 'küsida õigeid', 'õpetajad', 'tehisintellekti', 'stereotüüp', 'õigeid küsimusi']",Õpilaste ja õpetajate TI kasutus koolis,"Arutatakse, kuidas õpilased ja õpetajad juba kasutavad tehisintellekti koolitöös ning miks seda tuleks suunata õppimist toetavaks, mitte selle asendajaks. Rõhk on õpetajate töö hõlbustamisel, õpilaste mõtestatud kasutusel ja promptimise õpetamisel.",coherent,high
148,13,148_ideevormi_tervishoiuteenuste_ideevormi tagasi_tõstanud,"['ideevormi', 'tervishoiuteenuste', 'ideevormi tagasi', 'tõstanud', 'tulnud neli', 'tagasi tõstanud', 'tehnoloogia', 'tervishoiuteenuste loetellu', 'juriidika', 'rahastaja', 'loetelu', 'loetellu', 'kliiniliselt', 'innovatsiooni', 'võtame lapse']",Tulemuspõhine rahastus ja terviseandmete kasutus,"Arutletakse selle üle, kuidas siduda tervishoiu rahastus ravitulemustega ning kasutada selleks paremaid andmeid, eriti kliinilisi ja raviarvete andmeid. Fookuses on ka see, miks innovatsiooniprotsessidesse jõuab vähe taotlusi ja kuidas teenuseosutajaid lahendusi pakkuma motiveerida.",coherent,high
149,13,149_kaspar_sekundid_jäid sekundid_kuhu jäid,"['kaspar', 'sekundid', 'jäid sekundid', 'kuhu jäid', 'värbame', 'tööd jäävad', 'armastus', 'valdkondlikud', 'nähti', 'spetsialiseeruda', 'oskuste', 'coaching', 'spordis', 'jäävad alles', 'hea sportlane']",AI mõju töökohtadele ja oskustele,"Arutatakse, kuidas tehisintellekt muudab töökohti, eriti rutiinseid ja vahepealseid rolle, ning milliseid oskusi on tööturul aina rohkem vaja. Fookuses on ka see, kuidas haridus ja värbamine peaksid kohanema ning miks üldoskused ja valdkondade kombineerimine muutuvad tähtsaks.",coherent,high
150,13,150_väikeettevõtja_ille_väikeettevõtjad_väikeettevõtted,"['väikeettevõtja', 'ille', 'väikeettevõtjad', 'väikeettevõtted', 'võetakse kõige', 'miina', 'ettevõtjaks', 'väikeettevõtjate', 'ettevõtluse', 'palgatöötaja', 'väikeettevõtlus', 'mikroettevõtja', 'kaie', 'ettevõtlust', 'teemal kaasa']",Väikeettevõtjate maksud ja rahastusraskused,"Arutatakse väikeettevõtjate rolli Eesti majanduses ning nende kuvandit, väärtustamist ja ettevõtja motiive. Põhirõhk on maksukoormusel, rahastuse kättesaadavusel, bürokraatial ja kohalike ettevõtjate eelistamisel riigi ning tarbijate poolt.",coherent,high
151,13,151_mets_ühtegi puud_raiu_rmk,"['mets', 'ühtegi puud', 'raiu', 'rmk', 'puutepunkt', 'terrass', 'metsaga', 'kiidan', 'puud', 'valus kuulata', 'metsast', 'võitlevad', 'metsa', 'lase ühtegi', 'lauda toodud']",Metsaraiemahu ja metsakaitse tasakaal,"Arutletakse Eesti metsade majandamise üle, eriti raiemahu, kaitsealade ja kogukondade huvide tasakaalu üle. Korduvalt rõhutatakse, et probleem pole mitte ühegi puu raiumise absoluutne keelamine, vaid kuidas metsast ressursse võtta nii, et mets, elurikkus ja inimeste side metsaga püsiksid.",coherent,high
152,13,152_kaido_niheleb_hea trend_ebasoodne,"['kaido', 'niheleb', 'hea trend', 'ebasoodne', 'katseaeg', 'ametiühing', 'ükssada avariid', 'paps', 'kohtlemine', 'niheleb niheleb', 'tööinspektsioonilt', 'katseaeg läbi', 'avariid', 'niheleb ütleb', 'töötaja']",Töökiusu ja ebasoodsa kohtlemise vaidlused,"Arutatakse, millal töövaidlustes on tegu päris töökiusu või ebasoodsa kohtlemisega ja millal lihtsalt töökorralduse muudatuse või ebamugava juhtimisotsusega. Rõhk on töötaja kaebustel, tööandja otsustel, katseajal lõpetamisel ning sellel, kuidas vaidlusi töövaidluskomisjonis hinnatakse.",coherent,high
153,13,153_regionaalareng_ruumipoliitika_maale_tallinnast,"['regionaalareng', 'ruumipoliitika', 'maale', 'tallinnast', 'tallinnast välja', 'osad teenused', 'planeerimine', 'pendeldama', 'maapiirkondades', 'linna', 'pealinna', 'rain', 'töökohad', 'kaks tahab', 'elada mujal']",Tallinnast väljapoole investeeringute suunamine,"Arutatakse, kuidas suunata investeeringuid ja planeerimist Tallinnast väljapoole nii, et tekiksid töö-, elu- ja teenusvõimalused ka mujal Eestis. Rõhutatakse pikaajalist, järjepidevat ruumipoliitikat, omavalitsuste koostööd ja selgeid eesmärke regionaalarengu toetamisel.",coherent,high
154,13,154_juhitavaid_võimsuseid_juhitavaid võimsuseid_inertsi,"['juhitavaid', 'võimsuseid', 'juhitavaid võimsuseid', 'inertsi', 'tuumajaam', 'georg', 'palju juhitavaid', 'juhitava võimsuse', 'juhitavad', 'juhitavate võimsuste', 'võimsuseid vaja', 'jaam', 'võimsuste', 'jaamad', 'rute']",Juhitavate võimsuste vajadus ja roll,"Arutatakse, kui palju juhitavaid võimsusi Eesti elektrisüsteem vajab ja mida need peavad katma: pika tuulevaikuse, külmade perioodide ning sagedusreservide vajaduse. Samuti võrreldakse põlevkivi-, gaasi-, aku- ja tuumalahendusi ning rõhutatakse, et täpsed definitsioonid ja turureeglid on olulised.",coherent,high
155,13,155_puidu_uute materjalide_materjalide_paberipuitu,"['puidu', 'uute materjalide', 'materjalide', 'paberipuitu', 'mehaanilise', 'puidutööstus', 'puidutööstuse', 'fredi', 'tarbija tellib', 'andrus', 'töösturid', 'materjalide loomisel', 'eesti puidutööstus', 'väärindamata', 'lisandväärtust']",puidu väärindamine ja paberipuidu probleem,"Arutelu keskmes on Eesti puidutööstuse lisandväärtuse kasvatamine, eriti palgi hea väärindamine ja paberipuidu ning raidmete nõrk kasutus. Osalejad seovad selle ekspordi, tööstuspoliitika, hariduse ja uute puidupõhiste materjalide arendamisega.",coherent,high
156,13,156_alusharidus_alushariduse_jõuagi_prioriteet,"['alusharidus', 'alushariduse', 'jõuagi', 'prioriteet', 'alatähelepanu', 'prioriteet eesti', 'mille järel', 'järel toimub', 'rajakindlus', 'lavly', 'harno', 'haridus noorteameti', 'sitsioonist', 'tasuta asju', 'arnol']",Alushariduse rahastus ja riigi roll,"Arutatakse, kas alusharidus on riigi prioriteet või kohaliku omavalitsuse vastutus ning kuidas seda rahastada ja korraldada. Fookuses on ka regulatsioonide maht, kvaliteedi tagamine ja era- ning munitsipaalteenuse tasakaal.",coherent,high
157,13,157_tehisintellekti poolt_teadust_tehisintellekti_palju andmeid,"['tehisintellekti poolt', 'teadust', 'tehisintellekti', 'palju andmeid', 'teaduse', 'sensorite', 'küllalt', 'tehisintellekt', 'publikatsioonide', 'publikatsioonide arv', 'andmeid', 'akadeemi', 'teadlase', 'teevad teadust', 'koodeks']",Tehisintellekt teaduse andmetöö ja hindamise kiirendajana,"Arutatakse, kuidas tehisintellekt ja sensorid muudavad teadust nii andmekogumises, analüüsis kui ka uute hüpoteeside loomises. Samas rõhutatakse, et andmemahu kasv, automatiseerimine ja publikatsioonisurve tekitavad eetilisi, kvaliteedi- ja hindamisprobleeme.",coherent,high
158,12,158_vähitõrje_vähitõrjetegevuskava_tegevuskava_kaire,"['vähitõrje', 'vähitõrjetegevuskava', 'tegevuskava', 'kaire', 'vähk', 'vähikeskuse', 'kaire innus', 'innus', 'kristel', 'saate äkki', 'estcan', 'äkki selgitada', 'vähiga', 'riina', 'vähitõrje tegevuskava']",Vähitõrje tegevuskava rakendamine,"Arutatakse Eesti vähitõrjetegevuskava elluviimist, selle juhtimist, rahastust ja seda, miks paljud tegevused on veel rakendumata. Rõhk on patsiendi teekonnal, andmetel, koordineerimisel ning vajadusel tuua vähitõrje riigi selgesse prioriteeti.",coherent,high
159,12,159_teede_asfalt_miljonid_kiiresti kasva,"['teede', 'asfalt', 'miljonid', 'kiiresti kasva', 'merle', 'anvar', 'taristu', 'peame paremini', 'aeguvad', 'majanduslanguse', 'kaheksa miljonit', 'raudteesse', 'teedesse', 'loomata', 'taristusse']",Taristuinvesteeringud majanduskasvu kiirendamiseks,"Arutatakse, kuidas teed, raudtee ja muud taristuprojektid võivad majandust elavdada, tuua tööd ning parandada ühendusi. Samal ajal rõhutatakse, et kasu sõltub järjepidevast planeerimisest, poliitilisest stabiilsusest ja sellest, et ei tehtaks valimistsüklites lühinägelikke ümberotsustusi.",coherent,high
160,12,160_viisteist korda_miinus kolm_pluss miinus_kliima,"['viisteist korda', 'miinus kolm', 'pluss miinus', 'kliima', 'ugandas', 'roheteemade', 'miinus', 'haagib öelda', 'saastajad', 'saavutatud võib', 'vähem paiskab', 'jäi pakkuda', 'korda viisteist', 'edaspidi inimeste', 'muretseda natukene']",Rohepöörde selgitamine ja kliimakõhklused,"Arutatakse, kuidas rohepööret ja kliimapoliitikat inimestele arusaadavamalt selgitada ning miks need sõnumid sageli vastuseisu tekitavad. Fookuses on kliimamuutuse, looduskaitse, majandusliku kasu, julgeoleku ja desinformatsiooni seosed.",coherent,high
161,12,161_ulme_startupid_marius_ravi jätku,"['ulme', 'startupid', 'marius', 'ravi jätku', 'tervishoiualane', 'piret', 'ülemiste city', 'arendades', 'päästerõngas', 'tervises', 'teekonnad', 'piret ütleb', 'üheksateist töötab', 'pool kuud', 'jätkub perearsti']",Tervisetehnoloogia raviteekonna rahastus ja andmekaitse,"Arutatakse, kuidas tervisetehnoloogiad saaksid päriselt jõuda igapäevasesse raviteekonda ilma, et need süvendaksid ebavõrdsust või põrkuksid liiga jäikade reeglitega. Fookuses on ka andmete jagamine, usaldus startupide vastu ning see, kuidas tõendus ja rahastusotsused peaksid toetama toimivaid lahendusi.",coherent,high
162,12,162_hindamine_hindamise_hinnet_hindeid,"['hindamine', 'hindamise', 'hinnet', 'hindeid', 'hinded', 'ilma hinneteta', 'tasemetöö', 'tähendust omab', 'praegune tase', 'hinneteta', 'hinnete', 'saaks homme', 'hinne', 'medalit', 'eristav']",Hinnete roll kooli hindamiskultuuris,"Arutletakse selle üle, mida hinded koolis tegelikult tähendavad ja kas neid peaks üldse kasutama või vähemalt senisest teistmoodi siduma tagasisidega. Fookuses on ka kooli ühised kokkulepped, kujundav hindamine, riiklikud nõuded ning hinnete surve õpilastele ja vanematele.",coherent,high
163,12,163_putini_paralleele_ajaloost_kennedy,"['putini', 'paralleele', 'ajaloost', 'kennedy', 'russkii', 'ajaloolaste', 'kuuba', 'triviaalne', 'esimese maailmasõja', 'ajaloolased', 'mir', 'erioperatsioon', 'sellega seletada', 'putin', 'maailmasõja']",Putini ja Kennedy ajaloolised paralleelid,"Arutletakse selle üle, kuivõrd saab tänapäeva poliitikuid ja kriise võrrelda mineviku ajalooliste olukordadega, eriti Putinit, Trumpi ja Kennedyt. Rõhk on Putini ajalookäsitusel, Ukraina sõja põhjendamisel ning Kennedy võimalikul õppimisel Kuuba raketikriisi ajal.",coherent,high
164,12,164_reklaam_reklaame_reklaami_kaebusi,"['reklaam', 'reklaame', 'reklaami', 'kaebusi', 'merike', 'kuni kaheksakümmend', 'reklaamis', 'sotsiaalmeedia põhjal', 'reklaamina', 'poliitreklaami', 'tarbijat', 'reklaamid', 'ttü', 'soovid miskit', 'kauplemisvõtted']",Eksitavad reklaamivõtted ja kaebused,"Arutatakse, kuidas reklaamid, pakendiväited ja turundusvõtted võivad tarbijaid eksitada ning millal need muutuvad järelevalve ja kaebuste objektiks. Juttu on ka reklaamiseaduse ajakohastamisest, poliitreklaami eripärast ja sellest, kuidas eetika ning seadus omavahel suhestuvad.",coherent,high
165,12,165_diabeedi_diabeet_mahla_sensor,"['diabeedi', 'diabeet', 'mahla', 'sensor', 'diabeeti', 'unustan', 'veresuhkru', 'tüüpi diabeet', 'diabeediga', 'sensoreid', 'veresuhkur', 'esimest tüüpi', 'diabeediregister', 'insuliini', 'jalgade']",diabeediga seotud igapäevane veresuhkru juhtimine,"Arutelu keskmes on esimese tüübi diabeediga inimese igapäevane toime tulemine: sensorid, pump, hüpo- ja kõrged suhkrud, mahla kaasas kandmine ning öised alarmid. Lisaks räägitakse, kuidas haigus mõjutab rasedust, tööd, pereelu ja vaimset tervist.",coherent,high
166,12,166_kaugküte_kaugkütte_soojussektoris_võsa,"['kaugküte', 'kaugkütte', 'soojussektoris', 'võsa', 'hooned', 'hoone', 'püsitasu', 'soojus', 'hooned ennast', 'kaugkütte hinda', 'kaugküttes', 'nimetasid', 'tarbijate', 'robert kitt', 'kitt']",Kaugkütte elektrifitseerimine ja hinnamuutused,"Arutletakse Eesti kaugkütte tuleviku üle, eriti selle elektrifitseerimise, uute soojusallikate ja hinnamudelite muutumise kontekstis. Fookuses on ka biomassi, gaasi ja kohalike ressursside roll ning tarbijahinna seos võrkude, investeeringute ja renoveerimisega.",coherent,high
167,12,167_lastega ühe_lapse luban_screenshoti_lapsega läbi,"['lastega ühe', 'lapse luban', 'screenshoti', 'lapsega läbi', 'rohelist', 'snapchat', 'olnud niivõrd', 'vanemad', 'koos lapsega', 'ühe ndust', 'võõrastel lastega', 'luban kuskile', 'da saanud', 'võõrastel', 'keelame atraktiivsemaks']",Lapsega läbi räägitud digikäitumise reeglid,"Arutletakse selle üle, kuidas vanemad peaksid lapsega koos kokku leppima nutiseadmete ja sotsiaalmeedia kasutamise reeglid. Rõhk on nii privaatsusel, ekraanisisu jagamisel, võõrastega suhtlemisel kui ka selles, et lapsed võivad mõnes digiteemas vanematest targemad olla.",coherent,high
168,12,168_põlevkivi_konist_teadlaste käest_teadlaste,"['põlevkivi', 'konist', 'teadlaste käest', 'teadlaste', 'käest küsitakse', 'ütleb põlevkivi', 'honest broker', 'rohepöördes', 'broker', 'huvide konflikt', 'käest tohib', 'ajab õiget', 'õiget juttu', 'honest', 'teadlased']",Teadlase roll põlevkivivaidlustes,"Arutatakse, kas ja kuidas peaks teadlaste käest küsima nõu energiapöörde kohta, eriti siis, kui teadlane on ise seotud põlevkivi uurimise või muude vastandlike huvidega. Rõhutatakse sõltumatu ekspertiisi, eri rollide ja lahtiütluste vajadust ning seda, et ühe teadlase üks arvamus ei peaks asendama mitme vaate kogumit.",coherent,high
169,12,169_läbipõlemine_läbipõlemise_onlainis_online,"['läbipõlemine', 'läbipõlemise', 'onlainis', 'online', 'tass', 'märke', 'aeg onlainis', 'kindlal kellaajal', 'tassist', 'läbipõlemine tuleb', 'olek', 'produktiivne', 'tassid', 'läbipõlemisega', 'läbipõlemist']",Pidev online-olek ja läbipõlemise ennetus,"Arutatakse, kuidas pidev ühenduses olemine, tööalane online-kättesaadavus ja paindlik tööaeg võivad suurendada läbipõlemise riski. Fookuses on varajaste märkide märkamine, piiride seadmine ning autonoomia ja taastumise tasakaal.",coherent,high
170,12,170_valida endale_kassi_kavatsustega_tehisintellekt,"['valida endale', 'kassi', 'kavatsustega', 'tehisintellekt', 'pileteid', 'kurjade kavatsustega', 'kurjade', 'videode', 'duširuumis', 'saad valida', 'kurjategijad', 'tehisintellektiga', 'tehisintellekt suudab', 'haiget', 'internetis']",Tehisintellekti kasutamine laste internetiohutuses,"Arutletakse selle üle, kuidas tehisintellekt võib aidata ja samas ohustada lapsi internetis. Peamiselt keskendutakse AI-ga seotud pettustele, piltide manipuleerimisele, küberkiusamisele ning sellele, kuidas lapsi paremini kaitsta ja õpetada.",coherent,high
171,11,171_id kaart_agent_rutt_ai agent,"['id kaart', 'agent', 'rutt', 'ai agent', 'kaart', 'tuludeklaratsiooni', 'geenius', 'pakk', 'agenti', 'sedasama inimese', 'unikaalsed kordumatud', 'arendaja jaoks', 'tõmbame hinge', 'kordumatud', 'omajagu inimesi']",AI-agendi volitused ja isikutuvastus,"Arutatakse, kuidas AI-agendile anda piiratud volitused ja siduda ta inimese identiteediga nii, et ta saaks tegutseda näiteks riigi- või pangateenustes. Fookuses on isikukoodi, allkirja, vastutuse ja teenuste lihtsustamise seos ning küsimus, millal agent tegutseb inimese käepikendusena.",coherent,high
172,11,172_tasuta_mihhail_juriste_tasuta kõrgharidus,"['tasuta', 'mihhail', 'juriste', 'tasuta kõrgharidus', 'kelleks', 'tasuta haridus', 'selgroog', 'hariduse selgroog', 'selgroog eesti', 'reinsalu teie', 'kristina kallas', 'hariduse', 'urmas', 'jurist', 'kõrgharidus']",Tasuta kõrghariduse piirangud ja spetsialistide jaotus,"Arutatakse, kas tasuta kõrgharidus peaks olema kõigile täielikult samas ulatuses ning millistes erialades riik peaks õppimist rohkem suunama. Korduvalt tuuakse välja, et juriste on liialt palju, samas insenere ja õpetajaid napib, ning et ülikoolide rahvusvahelistumine ja eestikeelse hariduse hoidmine mõjutavad seda tasakaalu.",coherent,high
173,11,173_rahapõhine_humanitaarabi_asendamatu_doonorite,"['rahapõhine', 'humanitaarabi', 'asendamatu', 'doonorite', 'toidupaki', 'rahapõhine abi', 'armeenia', 'doonor', 'abi', 'mõlemat ühelt', 'trikis', 'strateegiad kokku', 'doonori', 'näiteks armeenia', 'peaks juhtima']",Rahapõhise humanitaarabi koordineerimine,"Arutatakse, kuidas humanitaarabis eelistada rahapõhist abi esemepõhiste saadetiste asemel ning kuidas seda paremini koordineerida. Fookuses on doonorite koostöö, dubleerimise vähendamine, kohalike partnerite võimestamine ja digitaalsed jagamisviisid.",coherent,high
174,11,174_fosforit_reoveemuda_sirli sul_kasutatakse jällegi,"['fosforit', 'reoveemuda', 'sirli sul', 'kasutatakse jällegi', 'fosforit kasutatakse', 'ostame', 'fosfor', 'alar', 'vaja fosforit', 'kaevandamise', 'keskkonnamõjud', 'fosfori', 'venemaalt', 'ringmajandusega', 'google tööle']",Fosfori taaskasutus reoveest ja ringmajandus,"Arutelu keskmes on fosfori hankimine reoveemudast ja selle tuhast ning selle roll maavarakaevandamise alternatiivina. Räägitakse ka Euroopa sõltuvusest imporditud fosforväetistest, kohaliku tootmise võimalikkusest ja sellest, kas fosforiidi kaevandamine parandaks toidu- ja julgeolekut.",coherent,high
175,11,175_partneri_lapsi saada_lapsi_partnerit,"['partneri', 'lapsi saada', 'lapsi', 'partnerit', 'etteheitena', 'usume näiteks', 'sissetulek', 'vanemluse', 'saa kõiki', 'võlgade', 'sobivat partnerit', 'majanduslik koormus', 'rohkem lapsi', 'just esimese', 'majanduslik']",partneri puudus ja lapse saamise otsus,"Arutatakse, kui palju mõjutab lapse saamist partneri olemasolu võrreldes majandusliku kindlustunde ja eluasemega. Korduvalt rõhutatakse, et inimesed tahavad sageli lapsi, aga ei leia sobivat partnerit või ei tunne end majanduslikult piisavalt kindlalt.",coherent,high
176,11,176_keelt_keel_inglise_inglise keel,"['keelt', 'keel', 'inglise', 'inglise keel', 'eesti keelt', 'keele', 'eesti keel', 'vene keel', 'eesti keele', 'uljana', 'kodukeele', 'virve', 'keelelugu', 'keelt õppima', 'keeli']",Inglise ja eesti keele õppimine,"Arutatakse, kuidas inglise ja eesti keelt õpitakse, kasutatakse ning väärtustatakse mitmekeelses kooli- ja elukeskkonnas. Rõhk on keelekeskkonnal, motivatsioonil, suhtlusel ja sellel, kuidas keeleoskus seostub identiteedi ja igapäevase toimetulekuga.",coherent,high
177,11,177_korterid_üürida_üüri_üürileping,"['korterid', 'üürida', 'üüri', 'üürileping', 'kopenhaagenis', 'üürile', 'korter', 'kortereid', 'korterite', 'omada', 'kinnisvara', 'üürihinnad', 'meri liis', 'kodu', 'investorina']",üürilepingute stabiilsus ja üürituru korraldus,"Arutatakse, kuidas üürikorterite pakkumist ja üürihindade kujunemist mõjutavad käibemaks, arendajate motivatsioon ning institutsionaalsed üürileandjad. Fookuses on ka üürnikukaitse, lepingu kestus ja Kopenhaageni taolise stabiilse üürituru võrdlus Eestiga.",coherent,high
178,11,178_tublisid_põlva_põlvas_teslaga,"['tublisid', 'põlva', 'põlvas', 'teslaga', 'põlvat', 'võru kooli', 'kagu', 'lahendamata küsimus', 'fast track', 'koolid kinni', 'häid asju', 'tallinnasse', 'lahendamata', 'prillidega', 'fast']",Põlva ja Kagu-Eesti investeeringute puudus,"Arutletakse selle üle, kui vähe riik Põlvamaasse ja Kagu-Eestisse investeerib ning kuidas see mõjutab piirkonna elukeskkonda, koolivõrku ja ühistransporti. Läbiv teema on regionaalpoliitika valikute, pikka plaani ja ebapopulaarsete otsuste vajadus.",coherent,high
179,11,179_hageja_kohus_õigusbüroo_nõuda,"['hageja', 'kohus', 'õigusbüroo', 'nõuda', 'head nime', 'väärtushinnang', 'lammaste', 'au', 'hüvitamist', 'kahju hüvitamist', 'tema au', 'ümberlükkamist', 'kostja', 'mainet', 'kohtusse']",Laimu ja negatiivsete hinnangute kohtuvaidlused,"Arutelu keskmes on au ja hea nime kaitse, eriti kui sotsiaalmeedias, meedias või hinnangukeskkondades avaldatakse kellegi kohta negatiivseid väiteid või hinnanguid. Räägitakse sellest, mida saab kohtus nõuda, kuidas eristada faktiväiteid ja väärtushinnanguid ning millal on võimalik nõuda ümberlükkamist, eemaldamist või kahju hüvitamist.",coherent,high
180,11,180_kohtute_kohtuniku_kohtusüsteem_maakohtu,"['kohtute', 'kohtuniku', 'kohtusüsteem', 'maakohtu', 'maakohus', 'kohtunike', 'kohtumajade', 'tulla kohtusse', 'kohtumajad', 'video kaudu', 'saaks video', 'töökoormuse', 'ühe maakohtu', 'õigusemõistmise', 'kohtumaja']",kohtute ühendamine ja koormuse ühtlustamine,"Arutatakse kohtusüsteemi struktuurimuudatusi, eriti maakohtute ja teiste astmete ühendamist, et jaotada töökoormust ühtlasemalt. Rõhutatakse samal ajal õigusemõistmise kättesaadavust, kohtumajade allesjäämist ja eri juhtumite spetsialiseerumist.",coherent,high
181,11,181_paindlikkus_paindlikkuse_paindlikkust_paindlikku,"['paindlikkus', 'paindlikkuse', 'paindlikkust', 'paindlikku', 'paindliku tööaja', 'paindliku', 'paindlikkuse teema', 'teise õigused', 'töömaailm', 'tööaja', 'krista', 'generatsioonide', 'kokkulepped', 'tööandjast julgeks', 'kogu töölepingu']",Tööaja ja töökoha paindlik kokkulepe,"Arutatakse, mida paindlikkus töösuhetes tähendab: kodukontor, hübriidtöö, erinevad tööajad ja graafikud. Rõhutatakse usaldust, kokkuleppeid ja seda, et paindlikkus peab sobima nii töötajale kui tööandjale.",coherent,high
182,11,182_matemaatika_matemaatikat_kuup_raili,"['matemaatika', 'matemaatikat', 'kuup', 'raili', 'kümnendikku', 'neli kümnendikku', 'matemaatika ise', 'armastada', 'täpid', 'suurepärane', 'hulgad', 'kordamine', 'puudu', 'aritmeetika', 'määratud struktuuridest']",Matemaatika kui õpetamise ja mõtlemise keel,"Arutletakse selle üle, mis matemaatika üldse on, kuidas seda koolis õpetada ning millist rolli mängivad seal emotsioonid, loogika ja praktilised seosed. Rõhutatakse, et matemaatika võiks olla nii mõtlemise, mustrite kui ka eluliste rakenduste keel, mitte ainult valemite tuupimine.",coherent,high
183,11,183_rahvakohtunik_rahvakohtunike_rahvakohtuniku_jakob,"['rahvakohtunik', 'rahvakohtunike', 'rahvakohtuniku', 'jakob', 'menetluse', 'kohtute', 'ütleme rahvakohtunike', 'professionaalne kohtunik', 'rahvakohtunikke', 'kohtusse', 'kolleegium', 'kohtu', 'kohtumenetluse', 'üldmenetluse', 'rahvakohtunikku']",Rahvakohtunike rolli ja vajaduse vaidlus,"Arutatakse rahvakohtunike institutsiooni mõtet, nende panust kriminaalasjades ning seda, kas süsteem on tänapäeval veel õigustatud. Kõne all on ka valiku- ja vastutusküsimused, menetluse venimine ning võimalik kaotamine või ümberkorraldamine.",coherent,high
184,10,184_kaidi_kellad viled_mustem stsenaarium_intervjuule,"['kaidi', 'kellad viled', 'mustem stsenaarium', 'intervjuule', 'kõige mustem', 'viled', 'kellad', 'valukoht', 'mustem', 'värbamine', 'hommikuti neli', 'hoolivama', 'hoolivama teiste', 'pooli piiratuse', 'volasi']",Töökuulutuse ja kandidaadi sobivuse kujundamine,"Arutatakse, kuidas töökohti ja rolle enne värbamist läbi mõelda ning kuidas töökuulutuse, kandidaadi leidmise ja intervjuu kaudu õige inimene üles leida. Rõhutatakse, et liigne kellade-viledega enesekiitmine, läbipaistmatu protsess ja vale rolli sobitamine tekitavad pettumust nii kandidaadis kui tööandjas.",coherent,high
185,10,185_puitmaja_puitu_reimo_metsade,"['puitmaja', 'puitu', 'reimo', 'metsade', 'metsade majandamist', 'kliimatarga', 'betooni', 'näiteks betooni', 'kliimatarga metsanduse', 'puitu võimalik', 'süsinikku', 'puidu', 'majandamist', 'metsale', 'süsinik']",Puitmaja kui kliimateadlik valik,"Arutletakse, kuidas metsandus ja puidu kasutamine saavad aidata kliimamuutusi leevendada, eriti puidust ehituse kaudu. Rõhk on puitmaja eelistamisel betoonile, puidu süsinikusidumisel ja vajadusel harida tarbijaid ning ehitussektorit.",coherent,high
186,10,186_hoiak_survesta_kombed_hoiakute,"['hoiak', 'survesta', 'kombed', 'hoiakute', 'iisraelis', 'sinu laps', 'hoiakuid', 'erakondadeüleselt', 'igavesti elada', 'lapsi', 'laps sinu', 'sündimus', 'sünnitama', 'igavesti', 'vilja']",Sündimuse hoiakute muutmine,"Arutletakse selle üle, kuidas muuta ühiskondlikke hoiakuid nii, et lapsesaamist ei nähtaks surve või tabuna, vaid tavapärase ja väärtusliku valikuna. Rõhutatakse kultuuri, pere, meeste vastutuse, riikliku toe ja pikaajalise rahvuse kestmise seost.",coherent,high
187,10,187_kilo_valku_seened_uuend,"['kilo', 'valku', 'seened', 'uuend', 'valgu', 'toidu', 'seentele', 'funki', 'toiduks', 'kaks kilo', 'toiduinnovatsiooni', 'sada kilo', 'toetuste', 'valk', 'suhkrut']",Seente abil bioressursside väärindamine valguks,"Arutelu keskmes on see, kuidas Eestis kohalikke bioressursse, sh kõrvalsaadusi ja taimseid jääke, seenkasvatuse abil kiiremini ja ressursisäästlikumalt valguks väärindada. Räägitakse ka uuendtoidu regulatsioonidest, ettevõtete ja ülikoolide koostööst ning sellest, kuidas selline tootmine võiks suurendada toidujulgeolekut ja vähendada keskkonnajalajälge.",coherent,high
188,10,188_energiakulu_pisley_aspektid_generatiivne,"['energiakulu', 'pisley', 'aspektid', 'generatiivne', 'ai vajab', 'autot', 'generatiivne tehisharu', 'energiat kokku', 'demoniseerida', 'muud aspektid', 'rohkem sina', 'james', 'päring', 'madis', 'ai']",Generatiivse AI energiakulu ja mõju,"Arutelu keskmes oli generatiivse tehisintellekti energiakulu, veekulu ja CO2 jalajälg, eriti selle treenimise ja igapäevase kasutuse puhul. Samal ajal kaaluti, millal AI kasutus toob päriselt kokkuhoidu või ühiskondlikku kasu ning millal on see lihtsalt lisatarbimine.",coherent,high
189,10,189_vaktsiini_vaktsiin_viirust_viirus,"['vaktsiini', 'vaktsiin', 'viirust', 'viirus', 'viirusega', 'gripp', 'epideemia', 'pinnal', 'viiruse', 'nakatunud', 'nakkuse', 'kiituseks', 'aafrikasse', 'sigade', 'vaktsiinid']",Marutaudi ja metsloomade vaktsineerimine,"Arutatakse marutaudi levikut, selle ohtlikkust ning seda, kuidas metsloomade suukaudne vaktsineerimine aitas Eestis haiguse välja juurida. Juttu on ka loomade nakatumise, inimjuhtumite ja vaktsineerimise seaduslikust kohustusest.",coherent,high
190,10,190_kavandit_tänavakunsti_tänavakunst_legaalne,"['kavandit', 'tänavakunsti', 'tänavakunst', 'legaalne', 'tänavakunstil', 'illegaalset', 'loata', 'olema legaalne', 'illegaalne', 'tänavakunst peaks', 'illegaalse tänavakunsti', 'svastika', 'graffiti', 'ilma loata', 'avalikku ruumi']",Legaalse tänavakunsti kavandi muutmise hirm,"Arutatakse legaalse tänavakunsti puhul esitatava kavandi ja kooskõlastuse mõju kunstniku vabadusele. Korduvalt rõhutatakse, et loaga tegemine toob kaasa kavandi muutmise riski, ajasurve ja olukorra, kus kunst võib muutuda vähem spontaanseks.",coherent,high
191,10,191_keeleõpet_integratsiooni_kultuuriruumi_tähendab keeleõpet,"['keeleõpet', 'integratsiooni', 'kultuuriruumi', 'tähendab keeleõpet', 'öelda rahvusrühmadega', 'kõlab uhkelt', 'keeleõppest näiteks', 'esimene vali', 'õigustatud isegi', 'vaadake tema', 'muud taolist', 'enklaavimajandust', 'smuugeldajad', 'öelda vastastikku', 'lootustki õige']",Eestikeelne lõimumine ja keeleõppe korraldus,"Arutletakse selle üle, kuidas sisserändajate ja pagulaste lõimumist toetab eesti keele kasutus, keeleõpe ning vastuvõtva ühiskonna praktiline korraldus. Rõhk on ka sellel, et kogukondlik tugi, haridus ja töökorraldus ei viiks inimest kultuuriruumi kaotamiseni, vaid aitaksid samm-sammult kohaneda.",coherent,high
192,10,192_pean arvestama_vabavara_tehisintellekti_hiina,"['pean arvestama', 'vabavara', 'tehisintellekti', 'hiina', 'loen läbi', 'atele', 'ljendusele viite', 'näita sellega', 'siseneb siia', 'suurusest keeruka', 'andmeid kogu', 'reguleerid nõuad', 'reguleerid', 'kombineerib', 'numbreid reguleerid']",Hiina vabavara tehisintellekti reguleerimise probleem,"Arutatakse, kuidas tehisintellekti saab üldse reguleerida, kui mudelid levivad vabavarana ja pärinevad Hiina tehnoloogiakeskkonnast. Fookuses on autorlus, andmekasutus, geopoliitiline mõju ning see, et regulatsioon peab arvestama nii arendaja, kasutaja kui ka riigi vastutusega.",coherent,high
193,10,193_jalgsi_liikumise_enesehinnang_madala enesehinnang,"['jalgsi', 'liikumise', 'enesehinnang', 'madala enesehinnang', 'liikumisharrastuse', 'hirmutada', 'trenni', 'tagajärgede', 'liikumisest', 'sebi', 'ülekaalu', 'rohkem taimi', 'karina', 'magamine', 'liikumine']",Madal enesehinnang ja liikumisraskused,"Arutletakse, kuidas vähene liikumine ja ülekaal seostuvad madala enesehinnangu, kiusamise ja vaimse tervisega. Samuti käsitletakse, kuidas liikumise integreerimine igapäevaellu aitab enesetunnet parandada ja takistusi vähendada.",coherent,high
194,10,194_rene_võib aspekt_nemad saaksid_rajamisega lõpuks,"['rene', 'võib aspekt', 'nemad saaksid', 'rajamisega lõpuks', 'menetlustega uute', 'tootmisvõimsuste rajamisega', 'sageli probleemid', 'mured', 'uute tootmisvõimsuste', 'teemade osas', 'menetlustega', 'tõnis', 'utilitases', 'planeeringu', 'rajamisega']",Tuuleparkide kaasamise sihtgrupid ja kohalike mured,"Arutatakse, kuidas tuuleparkide ja muude planeeringute kaasamises jõuda õigete sihtgruppideni ning vältida olukorda, kus kohalike häält ei lasta piisavalt esile. Rõhutatakse avatud kommunikatsiooni, poliitilise surve mõju ja kohalike elanike murede ning kompensatsiooni küsimust.",coherent,high
195,10,195_kommunikatsiooni_patsient_otsustustugi_kõige vähem,"['kommunikatsiooni', 'patsient', 'otsustustugi', 'kõige vähem', 'inimesega reception', 'paluti taasesitada', 'süsteeme üles', 'oled pangaklient', 'inimesele rääkis', 'arst inimesele', 'suhtlust häid', 'sulle pangateenus', 'haiglad tõstavad', 'päevaravisse palju', 'suhtlemist paluti']",Patsiendi ja arsti suhtluse parandamine,"Arutatakse, kuidas tervishoius parandada patsiendi ja arsti vahelist suhtlust, et patsiendid mõistaksid ravi paremini ja usaldus süsteemi vastu suureneks. Rõhk on partnerlusel, kirjalikul infoandmisel, otsustustugedel ja sellel, et pere- või raviteekond oleks inimese jaoks paremini korraldatud.",coherent,high
196,10,196_võrdsetena_ettevõtmisi_tean teen_usudki,"['võrdsetena', 'ettevõtmisi', 'tean teen', 'usudki', 'tuulikute puhul', 'kehva', 'tuulikute', 'konfliktiks', 'loomakari', 'kohalikud inimesed', 'rajatud', 'jürgen', 'erinevaid ettevõtmisi', 'mingisugustes ettevõtmistes', 'tõttu seesama']",Tuulikuvastaste kogukondade võrdsuslaud,"Arutatakse, kuidas tuuleparkide ja teiste kohalike arenduste ümber tekkinud vaidlustes ei kohelda kogukondi võrdsete osalistena. Fookuses on sildistamine, valeinfo, rändav protest ning vajadus parema kaasamise ja arutelukultuuri järele.",coherent,high
197,10,197_tuumajaama_tuumajaam_põlevkivi_reaktor,"['tuumajaama', 'tuumajaam', 'põlevkivi', 'reaktor', 'mahub', 'kümnel', 'kaablitega', 'kolmsada võtaks', 'liikmetele suudame', 'järgmisel kümnel', 'gihitouch', 'eesti asemel', 'gwav reaktor', 'gwav', 'komponendi tehaseid']",Tuumajaama ja põlevkivi roll Eesti energiaplaanis,"Arutatakse, kuidas tuumajaam sobitub Eesti energiatuleviku, tööjõu ja regulatsiooniga ning kas selle kõrval peab alles hoidma põlevkivi ja muid juhitavaid võimsusi. Fookuses on ka tuumaenergia ajakava, riskid, tehnoloogia valik ja vajadus arendada taastuvenergiat paralleelselt.",coherent,high
198,10,198_rohetiiger_juhtusid_rohetiigri_otepääl,"['rohetiiger', 'juhtusid', 'rohetiigri', 'otepääl', 'oled enne', 'tuhat nelikümmend', 'tööstus', 'juhtusid viimase', 'enam osteta', 'olekski kellega', 'lahenduse abil', 'formuleerida olekski', 'eesti roheline', 'käest enam', 'küsima energias']",Rohetiigri energiapöörde praktilised valikud,"Arutatakse, kuidas Rohetiiger aitab kujundada Eesti energiapoliitikat ja ettevõtete kohanemist rohepöördega. Rõhk on praktilistel valikutel: tarbimise juhtimine, taastuvenergia, toetused, konkurentsieelis ja tööstuse investeeringud.",coherent,high
199,10,199_kliimamuutus_kliimamuutuse_kliima_eestlaste,"['kliimamuutus', 'kliimamuutuse', 'kliima', 'eestlaste', 'kliimamuutust', 'kliimateemad', 'valitsus teeb', 'kliimakriisi', 'ujutab', 'pidasid', 'kliimamuutused', 'seisundit', 'looduskeskkonda mõjutab', 'piisavalt kliimakriisi', 'õhutemperatuurid']",Eestlaste kliimaskepitsism ja loodushoid,"Arutletakse selle üle, miks eestlased näevad kliimamuutust sageli vähem pakilise probleemina kui teised eurooplased. Samas rõhutatakse, et eestlased hoolivad loodusest laiemalt, kuid ei seo seda alati kliimamuutuse, meedia ja poliitikaga.",coherent,high
200,10,200_hiina_hiinlased_hiinast_hiinaga,"['hiina', 'hiinlased', 'hiinast', 'hiinaga', 'tollid', 'pordi', 'hiinasse', 'hiinas', 'apple', 'tollimaksud', 'agressiooni', 'usa', 'tollimaksud hakkavad', 'globaalsed väärtusahelad', 'väärtusahelad']",Hiina tollid ja globaalne tarneahel,"Arutatakse USA ja Hiina kaubanduspingeid, eriti tollimaksude mõju tarneahelatele, hindadele ja tootmise võimaliku tagasitulekuga Ameerikasse. Samuti käsitletakse Hiina rolli globaalses väärtusahelas, tehnoloogia kopeerimist ning Euroopa ja Eesti ettevõtete haavatavust.",coherent,high
201,9,201_võimalus alati_kaitsetöö_kaitsetööstuse_kaitsetööstus,"['võimalus alati', 'kaitsetöö', 'kaitsetööstuse', 'kaitsetööstus', 'kemikaali', 'tööstuspark', 'tehnikat', 'laskemoona', 'ringmajandus', 'meile loonud', 'alati igasuguseid', 'igasugused nõuded', 'valdkonnas üsna', 'ökotööstusparkide', 'kemikaali seadustest']",Kaitsetööstuse ringmajanduslikud erandid,"Arutatakse, kas ja kui palju saab kaitsetööstuses rakendada ringmajanduse ja ökoloogilise tööstuspargi põhimõtteid. Rõhk on rangetel regulatsioonidel, ohtlike ainete eranditel ning küsimusel, kas rohelised nõuded muudaksid kaitsetehnika liiga kalliks.",coherent,high
202,9,202_pank_testkeskkondi_panga_tootlikkus,"['pank', 'testkeskkondi', 'panga', 'tootlikkus', 'prismade', 'läbi mingite', 'teiste prismade', 'investeerimise', 'roheoskuste', 'innovatsioon', 'jätkusuutlikkust', 'väärtustavad', 'valdkonnad', 'laenu', 'juhitud']",Roheinvesteeringute tootlus ja pangast rahastamine,"Arutletakse selle üle, kuidas keskkonnasõbralikke ja kestlikke ettevõtteid hinnatakse investeeringu või laenu kaudu ning miks tootlus ei pruugi olla vastuolus väiksema jalajäljega. Samuti räägitakse testkeskkondadest, riiklikest toetustest, garantiidest ja sellest, kuidas uuendusi pangast ja finantsinstrumentidega turvalisemalt rahastada.",coherent,high
203,9,203_meediapädevust_oled enda_kriitilise meele_algoritmid,"['meediapädevust', 'oled enda', 'kriitilise meele', 'algoritmid', 'jõuluvana', 'platvormid', 'aktuaalset kaamerat', 'ilona', 'aktuaalset', 'sotsiaalmeediaga', 'uudiseid', 'kaamerat', 'tundi võib', 'samamoodi sotsiaalmeediaga', 'mingisuguse luuletuse']",Kriitiline meediapädevus ja algoritmid,"Arutatakse, kuidas arendada kriitilist meediapädevust olukorras, kus sotsiaalmeedia algoritmid mõjutavad uudiste tarbimist ja arvamuste kujunemist. Fookuses on kooli roll, allikakriitika, platvormide mõju ning see, kas vastutus lasub pigem kasutajal või keskkonnal.",coherent,high
204,9,204_palestiina_kajastad_toimetusele_laulupidu,"['palestiina', 'kajastad', 'toimetusele', 'laulupidu', 'kokku postimehe', 'raske kirjutada', 'palestiina meelsust', 'kallutatud', 'palestiinast', 'meediaväljaanne', 'toimetajad', 'müürileht', 'eesti meedia', 'gregor', 'meedias']",Palestiina ja progressiivsete teemade kallutatud kajastus,"Arutatakse, kuidas Eesti meedias kajastatakse Palestiina teemat ning laiemalt progressiivseid või vasakpoolseid vaateid sageli kallutatult ja toimetuslike filtritega. Lisaks käsitletakse, kui raske on tundlikke teemasid avaldada, kartust tagasiside ja kohtuvaidluste ees ning toimetuse väärtuste mõju avaldamisotsustele.",coherent,high
205,9,205_suures suures_keskkonnamõju_energiat_läheb soojaks,"['suures suures', 'keskkonnamõju', 'energiat', 'läheb soojaks', 'läga toodetakse', 'jää jää', 'vähemalt ai', 'rahu leida', 'popsuvad', 'nimi ai', 'üldise inglise', 'tehisharu keskkonnamõju', 'tuulepark tuleb', 'tootmise vallas', 'palju siukest']",AI andmekeskuste energiakulu,"Arutatakse tehisintellekti ja andmekeskuste keskkonnamõju, eelkõige energia-, vee- ja süsinikukulu. Korduvalt rõhutatakse vajadust avaldada tarbimisandmed, valida säästvamaid tehnoloogiaid ning teha nutikamaid otsuseid, et vähendada jalajälge.",coherent,high
206,9,206_salaturu_salaturg_legaalsest_maitsetega,"['salaturu', 'salaturg', 'legaalsest', 'maitsetega', 'mait', 'toodete järele', 'järele suur', 'karistuspoliitika', 'illegaalsete', 'nõudlus toodete', 'legaalsest poest', 'illegaalsel turul', 'nõudlus', 'maitsega', 'illegaalsel']",E-sigarettide salaturu ja maitsete vaidlus,"Arutatakse e-sigarettide ja nikotiinitoodete salaturgu, eriti noorte kättesaadavust, maitsete rolli ning seda, kuidas piirangud võivad musta turgu kasvatada. Läbi käib ka küsimus, kas legaalse müügi lõdvendamine ja parem regulatsioon vähendaks alaealiste ligipääsu.",coherent,high
207,9,207_ida_ida viru_ida virumaal_virumaal,"['ida', 'ida viru', 'ida virumaal', 'virumaal', 'viru', 'sobivat tööd', 'praegu ida', 'elukeskkonnaga', 'minemast', 'tundub hirmus', 'võrumaale', 'sobivat', 'paiga', 'paiga identiteet', 'küsitluse']",Ida-Viru tuleviku- ja lahkumishirmud,"Arutatakse Ida-Viru ja teiste piirialade elanike ning ettevõtjate hirme tuleviku ees: töö, kinnisvara väärtus, tervis, haridus ja piirkonna maine. Vastukaaluks rõhutatakse kogukonda, paigaidentiteeti, kohalikke teenuseid ja väikeettevõtluse arendamist, et inimesed jääksid paigale või tuleksid tagasi.",coherent,high
208,9,208_nikotiini_brit_diilerid_tõmbasid,"['nikotiini', 'brit', 'diilerid', 'tõmbasid', 'maitset', 'milligrammi', 'musta turu', 'veip', 'sigaretid', 'mänguasjad', 'maitsega', 'maffi', 'noorte seas', 'ütles peale', 'sigarette']",Noorte veipide salaturg ja lapsed,"Arutelu keskmes on e-sigarettide ja nikotiinitoodete salaturg, eriti see, kuidas kontrollimatud, odavad ja ahvatleva väljanägemisega tooted jõuavad noorteni. Räägitakse ka seadusandlusest, järelevalvest ja ennetusest, kuid põhitelg on alaealistele suunatud varjatud müük.",coherent,high
209,9,209_istandik_istandike_istandikud_istandiku,"['istandik', 'istandike', 'istandikud', 'istandiku', 'liike', 'reimo', 'rmk', 'istandikku', 'istandi', 'puidu', 'jarek', 'põllumaa', 'põllumaad', 'kasvatada', 'kliimale']",Kohalikud puuliigid istandikes,"Arutatakse, kuidas Eestis rajada istandikke pigem kasutusest väljas põllumaale, mitte metsamaale, ning milliseid kohalikke puuliike seal kasvatada. Fookuses on kaseistandikud, mitmekesised puistud, süsiniku sidumine ja see, kas tööstus sellise puiduga üldse midagi peale hakkab.",coherent,high
210,9,210_lastefondis_lastefond_annetajatele_tegevuskulud,"['lastefondis', 'lastefond', 'annetajatele', 'tegevuskulud', 'fondina', 'tuleb oodata', 'üldkulud', 'puuri', 'kanal olekski', 'lastefondi vere', 'andmed võib', 'sellel õnne', 'esita küsimusi', 'selili ku', 'selili']",Lastefondi tegevuskulude ja annetajasuhtluse selgitamine,"Arutletakse, kuidas Lastefond põhjendab annetajatele oma tegevuskulusid, personali- ja terapeudikulude hulka ning seda, miks lihtne protsendivõrdlus ei kirjelda organisatsiooni tegelikku mõju. Samuti räägitakse annetuste sihtotstarvest, püsitoetuste jätkusuutlikkusest ja sellest, kuidas ettevõtted ning annetajad saavad fondi tööd paremini mõista.",coherent,high
211,9,211_keskkonnakulu_tassima_bmw_kaheksanda aasta,"['keskkonnakulu', 'tassima', 'bmw', 'kaheksanda aasta', 'kivi', 'tõenäoliselt saadaolevatest', 'ehitavad juurde', 'allikatest mille', 'kuuekümne kaheksanda', 'võiks igalühel', 'igalühel mingisugune', 'hinda suuresti', 'ilma pöörlemiseta', 'pöörlemiseta', 'leiutis']",Põlevkivi elektri keskkonnakulu ja asendus,"Arutatakse, kuidas põlevkivist elektri tootmisele on keskkonnakulu hinda sisse arvestatud ning miks see muudab selle teiste lahendustega võrreldes vähem konkurentsivõimeliseks. Samuti räägitakse, et tulevikuks tuleb valida asendused, salvestus ja muud energialiigid, mitte jätkata vana kivi ja kütuse tassimist.",coherent,high
212,9,212_äri_saudi_millised ohud_lõuna ameerika,"['äri', 'saudi', 'millised ohud', 'lõuna ameerika', 'lähis idast', 'äri äri', 'väärtusahelad', 'hotelli', 'idast', 'parem rääkida', 'joonatan', 'lähis', 'kitsa ütleme', 'mehhiko', 'sotsiaalsete po']",Ekspordi eetika ja riskid sanktsiooniriikides,"Arutletakse, kuidas Eesti ettevõtted hindavad välisriikides äri tehes poliitilisi, juriidilisi ja mainega seotud riske. Eraldi käsitletakse Saudi Araabiat, Iraani ja teisi kaugemaid turge, kus tuleb arvestada sanktsioonide, pankade kontrolli ja väärtuspõhiste piiridega.",coherent,high
213,9,213_cv sse_cv_ongi pead_töövestlusel,"['cv sse', 'cv', 'ongi pead', 'töövestlusel', 'jaoks õige', 'pilk võib', 'oluline võrgustik', 'minema kogukonnas', 'tööd kedagi', 'mindset mingisu', 'enda serva', 'täiesti välisülikool', 'tohutult klišeelikult', 'noorem oluline', 'praktikad tasustatud']",Töövestlusel silma paistmine ja kontaktid,"Arutatakse, kuidas tööle ja töövestlustele jõudmisel aitab võrgustik, järjepidevus ning vabatahtliku või praktikakogemuse CV-sse panek. Samuti rõhutatakse suhtlemisoskust, kirglikkust ja sotsiaalmeedia jälgimist kandideerimisel.",coherent,high
214,9,214_surm_elu lõpu_suremise_paljatiivravi,"['surm', 'elu lõpu', 'suremise', 'paljatiivravi', 'võõrdunud', 'lõpu', 'tahteavaldusega', 'lõpu tahteavaldusega', 'patsiendi elu', 'surma', 'tahteavalduse', 'surmast', 'kolinud', 'genfi', 'inimelu']",Elulõpu tahteavalduse ja suremise arutelu,"Arutatakse surmast, elu lõppemisest ja sellest, miks inimesed peaksid neist teemadest varem rääkima. Fookuses on patsiendi elu lõpu tahteavaldus, otsustusvõimetu patsiendi soovide austamine ning palliatiivse ravi ja väärika surma roll.",coherent,high
215,9,215_vahel erinevate_patsiendiorganisatsioonid_patsiendi_vähitõrje,"['vahel erinevate', 'patsiendiorganisatsioonid', 'patsiendi', 'vähitõrje', 'koordinaator', 'iga patsiendi', 'vähk', 'kaire teadusasutusena', 'vahel la', 'pa ljatiivraviteenuse', 'arstide vahel', 'versus erinevate', 'patsiendiorganisatsioonid tegutsenud', 'vägikaika', 'teadusasutusena kindlasti']",patsiendiorganisatsioonide rahastus ja kaasamine vähitõrjes,"Arutatakse, kuidas Eesti vähitõrjes peaks patsiendiorganisatsioone, patsiente ja lähedasi senisest süsteemsemalt kaasama ning selleks püsivat rahastust leidma. Rõhk on vähiteekondade, koordinaatorirolli, vabatahtliku töö piiride ja riigi, tervishoiu ning kodanikuühiskonna koostöö vajadusel.",coherent,high
216,9,216_hange_hanke_riigiabi_sagedusreservide,"['hange', 'hanke', 'riigiabi', 'sagedusreservide', 'megavatti', 'hange õnnestub', 'viissada megavatti', 'õnnestub', 'võimsust', 'viiesaja megavati', 'megavati ulatuses', 'eleringi', 'hankel', 'juhitavate', 'kümnendi']",sagedusreservide pikaajalise hanke vaidlus,"Arutatakse Eleringi pikaajalist sagedusreservide hanget, mille eesmärk on tagada kiiresti reageerivad juhitavad võimsused järgmise kümnendi alguseks. Fookuses on hanke edasilükkamine liitumistingimuste muutmise ja vaidlustuse tõttu ning küsimus, kas lahendus peaks tuginema hanke, riigiabi või võimsusmehhanismi kaudu.",coherent,high
217,9,217_õpetaja_õpetaja pere_vallavalitsuse_ümber õpetaja,"['õpetaja', 'õpetaja pere', 'vallavalitsuse', 'ümber õpetaja', 'kellel suurim', 'vallavalitsus', 'õpetaja ise', 'hoitud', 'suurim mõju', 'leila', 'väärtustatuna hoituna', 'õpetaja toolil', 'sotsodraama', 'õpetaja tunneb', 'lasteaias töötada']",õpetaja hoiu rollid ja vastutajad,"Arutatakse, kes ja mis rollid mõjutavad alushariduse õpetaja hoidmist ning väärtustatust Eestis. Kõlama jäävad omavalitsus, ministeerium, juhtkond, lapsevanemad, kolleegid ja eriti õpetaja enda eneseväärtustamine.",coherent,high
218,9,218_red_reklaam_bull_red bull,"['red', 'reklaam', 'bull', 'red bull', 'sellist reklaami', 'reklaami', 'red bulli', 'bulli', 'merike', 'järelevalveasutus', 'hakkliha', 'lehmad', 'järelevalveasutus ise', 'kerli', 'tiivad']",Õnnelike loomade ja teiste väidete reklaamivastutus,"Arutatakse reklaamide eksitavust, eriti väiteid loomade heaolu, keskkonnasõbralikkuse ja toote omaduste kohta. Näidete põhjal käsitletakse ka seda, millal sõnamäng või kujundus võib tarbijat valesti mõjuda või regulatsiooniga vastuollu minna.",coherent,high
219,9,219_kuusikud_majandusmetsas_rajati_istutatud,"['kuusikud', 'majandusmetsas', 'rajati', 'istutatud', 'kaitsealasid', 'metsad', 'soosivad', 'majandusmetsade', 'metsa', 'kaitsealade', 'looduskaitse', 'mets', 'gunnar', 'looduslikku', 'toimunud peale']",Majandusmetsade loodussõbralikum majandamine,"Arutatakse, kuidas majandusmetsades tuleks rakendada loodus­sõbralikumaid võtteid, et vähendada survet kaitsealade laiendamiseks ja hoida metsade elurikkust. Näited keskenduvad eriti istutatud ja tihedate kuusikute, säilikpuude, raiemahtude ning kohalike omanike õiguste ja ootuste tasakaalule.",coherent,high
220,9,220_üro_rahakassa_viis miljardit_miljardit dollarit,"['üro', 'rahakassa', 'viis miljardit', 'miljardit dollarit', 'saa riike', 'üdistame', 'rahuvalve', 'lauri', 'eskalaator', 'osutusid', 'kärbitud', 'dollarit', 'soovid kommenteerida', 'inimõigused', 'genfis']",ÜRO rahastuskriis ja kärbete mõju,"Arutletakse ÜRO likviidsuskriisi üle, eriti selle üle, kuidas liikmesriikide makseviivitused ja vabatahtlik rahastus kärbivad sekretariaadi, rahuvalve ja humanitaarabi tööd. Keskmes on ka see, kuidas rahapuudus vähendab järelevalvet, pikendab aruandlust ja võib jätta ÜRO vormiliseks kestaks ilma tegeliku sisuta.",coherent,high
221,9,221_kõrtsi_härra major_lõhestada_major,"['kõrtsi', 'härra major', 'lõhestada', 'major', 'anniki', 'arvo', 'internetist usaldada', 'rsa', 'masina kirjutatud', 'heita venemaa', 'filmis saa', 'kõrtsi võtad', 'kõrtsi analoogia', 'petvatel', 'turvalisuse filmis']",Väärinfo ja tehisintellekti tõrje,"Arutatakse, kuidas väärinfo, botid ja tehisintellekt mõjutavad digiruumi ning riigi ja organisatsioonide usaldusväärsust. Fookuses on allikakriitika, haridus, sotsiaalmeedia modereerimine ja propaganda vastu tegutsemine.",coherent,high
222,9,222_vanemapuhkusel_meditsiin ainult_rase_meditsiin,"['vanemapuhkusel', 'meditsiin ainult', 'rase', 'meditsiin', 'tervishoiusüsteemi', 'haige', 'päriselt selleks', 'jursina', 'kaasaegse maailma', 'tervishoius piisavalt', 'täielik läbilõige', 'nivoo kohe', 'maailma tulevik', 'inimastatest inimesed', 'inimastatest']",Vanemapuhkuse ja raseduse märkimine süsteemis,"Arutatakse, kuidas digi- ja tervisesüsteemid peaksid arvestama raseduse ning vanemapuhkuse staatust. Näidetes tuuakse välja, et lihtsad valikud ja selged märgised aitaksid vältida ebamugavusi ja süsteemseid vigu.",coherent,high
223,9,223_kaiku_tehisintellektist_mittereguleeritud_arst koos,"['kaiku', 'tehisintellektist', 'mittereguleeritud', 'arst koos', 'räägime tehisintellektist', 'koos tehisintellektiga', 'kõrvaltoimeid', 'platvorm', 'onkoloog', 'patsientide', 'platvormi', 'kiirendasime', 'ravi hakkab', 'kuulda seesama', 'platvormis']",Tehisintellekti kasutuselevõtu tõendamine vähiravis,"Arutletakse, kuidas tehisintellekti lahendused võiksid vähiravis päriselt aega säästa, kuid samal ajal peab nende kasu olema kliiniliselt tõendatud ja ohutu. Läbi tulevad sertifitseerimise, andmekvaliteedi, arstide usalduse ja patsiendi kõrvaltoimete kaugseire küsimused.",coherent,high
224,9,224_hinnet_hinde_kati_hinne,"['hinnet', 'hinde', 'kati', 'hinne', 'pille', 'anette', 'vaja infot', 'hinde pärast', 'oskusained', 'ette maailma', 'numbrilise', 'millest eespool', 'hindamises', 'ühtegi hinnet', 'hindeid']",numbriliste hinnete mõju õppimisele,"Arutletakse selle üle, kuidas numbrilised hinded mõjutavad õpilase motivatsiooni, eksimishirmu ja õppimise jätkumist. Läbi käib ka vajadus asendada või täiendada hindeid sõnalise tagasiside, kujundava hindamise ja eesmärgistatud õppimisega.",coherent,high
225,9,225_andmekeskuse_andmekeskusi_andmekeskused_andmekeskus,"['andmekeskuse', 'andmekeskusi', 'andmekeskused', 'andmekeskus', 'andmekeskuste', 'andmetöötluskeskus', 'ristil', 'ettevõte skeleton', 'masinaid opereerima', 'san linna', 'gigavati', 'stus siia', 'etappide kaupa', 'esialgu kolmkümmend', 'git']",Andmekeskuste energiatarve ja elektrikulu,"Arutatakse, kuidas andmekeskused mõjutavad elektrisüsteemi, hinnataset ja võrguressurssi Eestis. Fookuses on ka nende stabiilne tarbimine, jahutus ja võimalus siduda andmekeskused taastuvenergia ning heitsoojuse kasutusega.",coherent,high
226,9,226_audi_audile_tööstuse_töötleva,"['audi', 'audile', 'tööstuse', 'töötleva', 'kõrgema lisandväärtusega', 'cleveroni', 'rohelus', 'tootlikkus', 'inseneride', 'hakkama süsteemselt', 'audi audi', 'audi müüakse', 'tootlikkus peidus', 'audi volksudengi', 'sellele audile']",Tööstuse lisandväärtus ja insenerid,"Arutletakse, kuidas Eesti tööstus liiguks odavast allhankest ja lihtsast tootmisest kõrgema lisandväärtusega toodete, teenuste ja brändideni. Fookuses on inseneride puudus, hariduse roll ning tööstuse ja teenuseäri üha suurem põimumine.",coherent,high
227,9,227_õppeaasta_grupeerida_seitse õppeaasta_pedagooge,"['õppeaasta', 'grupeerida', 'seitse õppeaasta', 'pedagooge', 'praegu haridussüsteem', 'tugi läbi', 'õlgadele üksikult', 'põhikooli valikud', 'haridussüsteemi', 'mõistlik viis', 'äge õpetaja', 'ülikoolide poolt', 'õpiringid', 'klassi ruumis', 'klassiruumi']",Õppekava grupeerimine õpilaste vajaduse järgi,"Arutatakse, kuidas õppekava ja klassides grupeerimine võiks olla paindlikum, et arvestada õpilaste huvide, võimete ja valmisolekuga. Samuti kõlab mõte, et vanuse järgi ühtne klassisüsteem ja liiga koormatud ainekavad vajavad muutmist.",coherent,high
228,9,228_python_konverteerimine_alateadvusega_llm,"['python', 'konverteerimine', 'alateadvusega', 'llm', 'kasutan', 'paide arvamusfestival', 'installeerida', 'räägime majanduslikust', 'teema võlu', 'selliselt täna', 'eriti lollikindel', 'selliseks suudab', 'kasutan ai', 'efektiivne eriti', 'sai selliseks']",Pythoni ja LLM-ide inimkeelsus,"Arutletakse selle üle, kuidas tehisintellekt ja programmeerimine liiguvad inimkeelsema suhtluse suunas, eriti Pythonis skriptide kirjutamise ja LLM-ide kasutuse näitel. Samuti rõhutatakse, et AI töötab inimesele loetava vahendina, kuigi see pole arvutile kõige efektiivsem ega alati robustne.",coherent,high
229,8,229_vangla_vanglasse_vanglas_venib,"['vangla', 'vanglasse', 'vanglas', 'venib', 'klatt', 'kaotanud elu', 'noored hukas', 'vanglast', 'hukas', 'noortekeskus', 'nendega töötada', 'vaid katki', 'vaid millal', 'teo läbi', 'arusaam kohutavalt']",Noorte raske vägivalla ja vangla vaidlus,"Arutletakse noorte toime pandud raske vägivalla üle ning selle üle, kas ja millal peaks kasutama vanglat. Korduvalt rõhutatakse, et noored on pigem katki kui hukas ning et vaja on tugikeskkondi, rehabilitatsiooni ja kogukondlikku märkamist.",coherent,high
230,8,230_säästva_säästva arengu_arvestuslangi_lank,"['säästva', 'säästva arengu', 'arvestuslangi', 'lank', 'poolteist korda', 'arengu seadus', 'poliitiline tahe', 'metsade', 'viis säästva', 'lauale võtta', 'raiuda', 'ühtlase', 'raiemahtu', 'üheksasada üheksakümmend', 'erinevaid vaatenurki']",metsade raiemahu ja arvestuslangi piiramine,"Arutletakse selle üle, kuidas metsa raiemahtu säästva metsanduse põhimõtetega piirata ning milline roll on arvestuslangil, raievanustel ja ministri otsustel. Fookuses on ka säästva arengu seaduse täitmata sätete, kriitilise varu ning põlvkondadeülese jätkusuutlikkuse teema.",coherent,high
231,8,231_agentide_volituste süsteemi_volituste_agenti,"['agentide', 'volituste süsteemi', 'volituste', 'agenti', 'agent', 'agente', 'ainult ennustuslik', 'iseseisvalt sõita', 'sõita tänasel', 'saavutanud agent', 'idest võivad', 'saaks õigesti', 'seotud vastutust', 'moel peaks', 'tagajärg rakenda']",AI-agentide volituste ja vastutuse jaotus,"Arutelu keskmes on, kuidas agentidele anda identiteet, õigused ja volitused nii, et nende tegevus oleks jälgitav ja vastutus selge. Samuti võrreldakse üksikute kasutajate loodud agente institutsionaalselt pakutavate teenuseagentidega ning arutatakse, millal ja kus neid üldse turvaliselt kasutada.",coherent,high
232,8,232_gunnar_aira_sinu tunnetus_metsadest,"['gunnar', 'aira', 'sinu tunnetus', 'metsadest', 'puidutulu', 'aveliina', 'mahub', 'majandada', 'hiiumaalt', 'küsin publiku', 'metsaomanikega', 'metsad', 'kaitse alla', 'maire', 'tunnetus']",Metsade elurikkuse ja kaitse tasakaal,"Arutati, kuidas Eesti tulevikumetsades tasakaalustada looduskaitset ja majandamist, et metsad oleksid kliimamuutustes vastupidavamad. Läbivaks mõtteks jäi, et mitmekesisus, elurikkus ja õiglane kompensatsioon aitavad nii metsaomanikke kui ka loodust.",coherent,high
233,8,233_avalikul maal_ruutmeetri_avalikul_segregatsiooni,"['avalikul maal', 'ruutmeetri', 'avalikul', 'segregatsiooni', 'ruutmeetri hind', 'eakad inimesed', 'tüüpi maja', 'ühistuline', 'noored pered', 'korteriturg', 'kodutare tüüpi', 'korteri', 'kodutare', 'elukeskkonna arendaja', 'elan abikaasa']",avaliku maa kaudu taskukohane eluasemeplaneerimine,"Arutatakse, kuidas avalikul maal eluasemeid planeerides ja maa kasutustingimusi seades saaks vähendada segregatsiooni ning hoida kodud kättesaadavamana. Rõhk on nii kohaliku omavalitsuse rollil, ühistulistel mudelitel kui ka avaliku maa kasutamisel pikaajalise poliitikavahendina, mitte kiire müügitulu teenimiseks.",coherent,high
234,8,234_välismaalased_ppa_restoranide liidu_liidu vaatest,"['välismaalased', 'ppa', 'restoranide liidu', 'liidu vaatest', 'hotellide restoranide', 'restoranide', 'töötajad ise', 'pakun kõigile', 'lõppenud saadab', 'koostööpartneritega teadlikkuse', 'asjad muutuda', 'ilmselgelt lahkumisaeg', 'näiteks pikaajalised', 'kuni kuu', 'paljudes hotellides']",Välistöötajate ärakasutamise tõkestamine,"Arutletakse, kuidas tuvastada ja takistada välismaalastest töötajate ärakasutamist tööandjate poolt, eriti kui mängus on palga kinnipidamine, elamistingimused ja tööregistri kuritarvitamine. Fookuses on ka PPA, tööandjate liidu ja riigi koostöö, et parandada teadlikkust, järelevalvet ja abisse pöördumist.",coherent,high
235,8,235_elo_elo rääkis_turvavöö_mikita,"['elo', 'elo rääkis', 'turvavöö', 'mikita', 'keskkonnahoid', 'võib sõltuda', 'kliimateema', 'loodusrahvas', 'valijaid teavad', 'keskkonnateemana võime', 'energia tänu', 'läbi ükski', 'kliimateema okupeeritud', 'mäletate kaks', 'fosforiidisõjas võitlesime']","Põlevkivi, kliima ja loodusidentiteet","Arutletakse, miks eestlased näevad end loodusrahvana, kuid ei pruugi keskkonna- ja kliimateemasid valimiskastis samamoodi esikohale panna. Juttu on ka põlevkivi, Brüsselist tulevate piirangute, rohepöörde kuvandi ning isikliku vabaduse ja ühishuvi pingest.",coherent,high
236,8,236_väliseesti_elusa_tõmbekeskustesse_kultuurist rääkida,"['väliseesti', 'elusa', 'tõmbekeskustesse', 'kultuurist rääkida', 'põlvkondlikud', 'kultuuri kultuuri', 'kultuurist', 'riina', 'aavo', 'kultuuri', 'demograafia', 'eestlaskond', 'põlvkonda', 'kultuurimaja', 'rahvastiku']",Väliseestlaste ja kultuuri sideme hoidmine,"Arutletakse selle üle, kuidas väliseestlased, diasporaa ja põlvkondlikud sidemed seostuvad eesti keele, rahvuse ja kultuuri säilitamisega. Samuti rõhutatakse, et koolid, kultuurimajad ja perede paiknemine mõjutavad otseselt, kas kultuur püsib elus või hääbub.",coherent,high
237,8,237_elanikkonna kaitse_elanikkonna_alati võiks_sõda,"['elanikkonna kaitse', 'elanikkonna', 'alati võiks', 'sõda', 'kaks aastal', 'lauda elanikkonna', 'laigulisemad', 'valitsuse pres', 'id tagasi', 'müüa jagada', 'punkt sõda', 'tsiviilsektoriga', 'troonimeri', 'kaitse kontseptsioon', 'troonimeri õhus']",elanikkonna kaitse sõjaajaks valmisolek,"Arutatakse, kuidas Eesti elanikkonna kaitset ja kriisivalmidust sõjaolukorras üles ehitada ning millist rolli mängivad riigiasutused, tsiviilsektor ja vabatahtlikud. Rõhk on varudel, teenuste jätkumisel, drooniohule reageerimisel ja inimeste varajasel kaasamisel kaitsetegevusse.",coherent,high
238,8,238_uuringutega edasi_jaoks positiivne_mati küsimuse_lahtiseks,"['uuringutega edasi', 'jaoks positiivne', 'mati küsimuse', 'lahtiseks', 'fosforiiti', 'uuringutega', 'fosforiit', 'minna uuringutega', 'põhjavesi', 'mati', 'geoloogiateenistus', 'arutlema', 'alusel tahaks', 'tohin hetkeks', 'tollane mati']",Fosforiidi uuringute ja kaevanduse otsustus,"Arutatakse fosforiidi uuringute jätkamist, nende tulemuste piisavust ning seda, millal võiks jõuda kaevandamise või loobumise otsuseni. Samuti rõhutatakse kohalike kaasamist, tehnoloogilisi muudatusi ja vajadust, et tulemus ei jääks lahtiseks.",coherent,high
239,8,239_fosforit_mõjusid_tõesti usute_raport moskvasse,"['fosforit', 'mõjusid', 'tõesti usute', 'raport moskvasse', 'moskvasse', 'kirjutati raport', 'teadlasi kuulab', 'kõnelevat', 'keemia ikka', 'fosforiit', 'teadlased', 'organismis', 'anto', 'praaki', 'parematele']",Fosforiidi kaevandamise mõjude vaidlus,"Arutletakse fosforiidi kaevandamise kasude ja kahjude, eriti keskkonnamõjude ning nende arvutamise üle. Samuti vaieldakse, kui usaldusväärsed on varasemad nõukogudeaegsed väited ja praegune teaduslik hinnang.",coherent,high
240,8,240_kardioloogias_martinson_hoida kokku_saadan,"['kardioloogias', 'martinson', 'hoida kokku', 'saadan', 'head inimesed', 'inimesed olete', 'digitaalselt elavaid', 'ennast sealhulgas', 'juhtudel anna', 'väljaspool digitaalselt', 'õdedele rohkem', 'ühildub', 'kanalist teise', 'jälle programmiga', 'kaitseme inimese']",Riskihoiatused ja patsiendi jälgimine,"Arutletakse terviseandmete ja riskiskooride kasutamise üle, et tuvastada haigusriske varakult ning toetada arste otsuste tegemisel. Samuti käsitletakse andmete põhjal patsiendi jälgimist, hoiatussignaale ja andmekaitsega seotud piire.",coherent,high
241,8,241_õpiränne_tööränne_rände puhul_osad neist,"['õpiränne', 'tööränne', 'rände puhul', 'osad neist', 'naljata', 'rändest', 'rändest räägime', 'sidusus', 'öelda sunnitud', 'ringo', 'hakkama saanud', 'reflekteerida', 'tuleb silmas', 'ilma naljata', 'rände']",Õpirände ja töörände lõimumisprobleemid,"Arutatakse, kuidas õpiränne ja tööränne Eestisse seotud on keele, kultuuri, raha ja kohanemisega. Fookuses on ka see, kuidas rändajate pered, teine põlvkond ja laiem ühiskondliku sidususe küsimus mõjutavad edukat lõimumist.",coherent,high
242,8,242_rasvunud_osempic_kaaluravimid_rasvumise,"['rasvunud', 'osempic', 'kaaluravimid', 'rasvumise', 'kuritarvitamise', 'ülekaal', 'ravis', 'rasvumine', 'häbenevad', 'kilo', 'ravimid', 'parima võimaliku', 'lähenemise palju', 'vaja kleiti', 'täiendav viis']",kaaluravimite kompenseerimine ja kuritarvitus,"Arutletakse süstitavate kaaluravimite, nagu Osempic, kasutamise üle rasvumise ravis ning selle üle, kas ja kellele peaks neid riiklikult kompenseerima. Korduvalt tõstatuvad ka kõrvalmõjud, pikaajaline sõltuvus ravimist, elustiili ja psühholoogilise toe vajadus ning võimalik ülekasutuse või kuritarvituse oht.",coherent,high
243,8,243_tohi ehitada_tipuhindasid kujundavad_energeetika valdkonna_muutuv kulusid,"['tohi ehitada', 'tipuhindasid kujundavad', 'energeetika valdkonna', 'muutuv kulusid', 'tipuhindasid', 'mitut tuuleparki', 'jaoks sai', 'saavad abiks', 'teadlase rolli', 'sellega arvestatud', 'aeg uuendatakse', 'uuendatakse', 'elektrijaamad', 'energiapöördes', 'energeetika']",Tipphindade ja muutuvkulude mõju energiaturul,"Arutletakse, kuidas fossiilkütustel töötavad elektrijaamad kujundavad tipuhindu ning miks see mõjutab kogu energiaturu loogikat. Rõhutatakse, et ilma fossiilkütusteta muutuvkulud vähenevad ja soodsate tundide osakaal kasvab.",coherent,high
244,8,244_kaasa tuna_kaasatud_tuna_oled aktiivne,"['kaasa tuna', 'kaasatud', 'tuna', 'oled aktiivne', 'tundnud asjad', 'lähevad vales', 'nimelt aeg', 'küsid isiklikku', 'rääkida väljaspool', 'ühiskonnast just', 'ütleme erialast', 'pädeva informatsiooni', 'aktiivne osa', 'erialast pädevust', 'kogemust tunnen']",Kaasamise tasemed ja infovälja loomine,"Arutelu keskendub sellele, kuidas kaasamine eri vormides töötab alates teavitamisest kuni otsustusõiguse jagamiseni. Rõhutatakse, et hea kaasamine eeldab õigeaegset ja arusaadavat infot, sihtrühmade eristamist ning kuuluvustunde loomist.",coherent,high
245,8,245_aju ütleb_ussikene_ussike_ussikesed,"['aju ütleb', 'ussikene', 'ussike', 'ussikesed', 'ussikese', 'ussikest', 'raputas', 'tähe', 'viska', 'tomateid', 'maha kuku', 'proovi', 'aju', 'vaata sul', 'mäletate']",Ussikestega liikumisharjutused keele toetuseks,"Arutatakse, kuidas väikeste ussikeste abil teha tasakaalu-, rütmi- ja tähelepanuharjutusi, mis toetavad lapse keele ja kõne arengut. Rõhutatakse ka täiskasvanu häälestust, kontakti ja rahulikku või aktiivsemat mängulist tempot.",coherent,high
246,8,246_donald_ühendriikide_ameerika_ameerika ühendriikide,"['donald', 'ühendriikide', 'ameerika', 'ameerika ühendriikide', 'administratsiooni', 'kohtumised', 'trumpi', 'kasulikud', 'neile kasulikud', 'donald trumpi', 'enam kasulik', 'kohtumine', 'donald trump', 'trump', 'kandma hakkab']",Trumpi USA kasupõhine suhtumine Euroopasse,"Arutletakse selle üle, et Donald Trumpi ja laiemalt USA suhtumine Euroopasse on eelkõige kasupõhine ning sõltub sellest, kas Euroopa suudab end USA jaoks vajalikuna näidata. Rõhutatakse ka seda, et Ukraina ja Euroopa julgeoleku teemal tuleb rääkida sisust, mitte pelgalt kohtumiste formaadist ja loosungitest.",coherent,high
247,8,247_iisraeli_palestiinlaste_hamas_iisrael,"['iisraeli', 'palestiinlaste', 'hamas', 'iisrael', 'juudi', 'netanyahu', 'palestiinlaste seas', 'palestiina', 'iis raeli', 'raeli', 'hamasi', 'iis', 'sellel territooriumil', 'terrorirühmitused', 'palestiinlasi']",Iisraeli-Palestiina sõja õiguslik ja poliitiline vaidlus,"Arutletakse Gaza sõja, Iisraeli enesekaitse, rahvusvahelise humanitaarõiguse ja tsiviilohvrite üle. Samuti käsitletakse asundusi, topeltstandardeid, Hamasi nõrgenemist ning kahe riigi lahenduse ja palestiinlaste sundväljasaatmise küsimust.",coherent,high
248,8,248_assistent_käiviti_koosoleku protokoll_protokoll,"['assistent', 'käiviti', 'koosoleku protokoll', 'protokoll', 'skill', 'faili', 'assistendi', 'märgini', 'assistente', 'custom gpt', 'tekste', 'custom', 'koosoleku', 'viiesaja märgini', 'lisamist']",AI-assistendi käivitustingimused protokolli lühendamiseks,"Arutelu keskmes on AI-assistendi ehk custom GPT/agi loomisloogika, kus määratakse roll, juhised ja käiviti. Näitena kasutatakse koosoleku protokolli failist teksti lühendamist ja sellest meilikokkuvõtte tegemist.",coherent,high
249,8,249_vajalik kindlasti_peaks doteerima_doteerima_kaalu,"['vajalik kindlasti', 'peaks doteerima', 'doteerima', 'kaalu', 'söömishäirega patsient', 'lesegamiseta ilma', 'lesegamiseta', 'vaeva näeb', 'ga vajalik', 'düsmorfofoobia', 'ravimita', 'mõnus teine', 'alternatiivi ärme', 'natukene seotud', 'kardioloogia']",Kaalu­ravi doteerimise kriteeriumid,"Arutatakse, kellele ja millistel tingimustel peaks ülekaalulisuse ravimeid riiklikult või haigekassa kaudu hüvitama. Fookuses on isiklik panus, prooviperiood, terviseriskid ja ühiskonna kulude piirangud.",coherent,high
250,8,250_ülla_kultuuriretsept_kultuuriasutused_ülla karin,"['ülla', 'kultuuriretsept', 'kultuuriasutused', 'ülla karin', 'mihkel', 'kultuuriretsepti', 'kumu', 'katsetamisjulgust maru', 'katsetamisjulgust', 'kirjutab välja', 'kultuuriretsepti konteks', 'kasutaks järgmise', 'kasutaks praegu', 'taaskohtumiste', 'short nõus']",Kultuuriretsepti rakendamine ja kultuuriasutused,"Arutatakse kultuuriretsepti kui vaimset tervist toetava sekkumise kasutuselevõttu Eestis. Fookuses on kultuuriasutuste valmisolek, kohaliku tasandi koostöö, retsepti süsteemne korraldus ning vajadus vältida projektipõhisust.",coherent,high
251,8,251_tarkvara_agendi_agent_deterministlik,"['tarkvara', 'agendi', 'agent', 'deterministlik', 'tesla', 'prompt', 'üksikisik', 'volitusel', 'üheksa üheksa', 'tarkvara hakkab', 'iga üksikisik', 'sammhaaval', 'prompti', 'haamer', 'vastutama']",agentide vastutuse ja kontrolli jaotus,"Arutatakse, kes vastutab ja kuidas kontrollida keelemudelil põhinevaid agente, kui nad võivad teha promptist rohkem või teistmoodi kui ette nähtud. Rõhk on tarkvara mittedeterministlikkusel, ettevõtte või teenusepakkuja rollil ning vajadusel sammhaaval testimisel ja sertifitseerimisel.",coherent,high
252,8,252_meeleoluhäiret_suurenemine_sõltuvust_näidatud,"['meeleoluhäiret', 'suurenemine', 'sõltuvust', 'näidatud', 'naudingu', 'neuroloogia', 'neuroloogia aju', 'noor kasutad', 'niisuguseid nägemisruu', 'küsimusi märkamisi', 'kaheksateistkümnenda suits', 'usaldame jälgime', 'kasutad hakkad', 'kasuta vaatame', 'vamise aspektist']",Sotsiaalmeedia mõju laste meeleolule ja sõltuvusele,"Arutatakse, kuidas sotsiaalmeedia ja muud tehnoloogiarakendused võivad süvendada meeleoluhäireid ning tekitada sõltuvuskäitumist, eriti noortel. Samuti rõhutatakse vanusepiiranguid, teavituste ja autoscrolli mõju ning vajadust piirata kahjulikke rakendusi.",coherent,high
253,7,253_käibemaksu_käibemaks_kunsti_räägime käibemaksust,"['käibemaksu', 'käibemaks', 'kunsti', 'räägime käibemaksust', 'box office', 'järeldustega', 'erandite', 'käivet', 'argumentatsioon', 'kaasaegse kunsti', 'võetakse maha', 'käibemaksust', 'kinos', 'office', 'dialoogis']",Kultuurisündmuste käibemaksu mõju arutelu,"Arutletakse kultuuri- ja sündmuspiletite käibemaksu langetamise üle ning selle üle, kas maksuerisus jõuaks piletihinda või pigem ettevõtjale. Korduvalt võrreldakse eri riikide näiteid, räägitakse konkurentsivõimest, ellujäämisest ja sellest, kas probleemide lahendus peaks olema käibemaksus või sihitud toetustes.",coherent,high
254,7,254_juhtus kliimaseadusega_kliimaseadusega_paanika_rail,"['juhtus kliimaseadusega', 'kliimaseadusega', 'paanika', 'rail', 'lif juhtus', 'asja samasuguseid', 'siseveekogude seisundi', 'õigus selliseid', 'kliimaseadusega lif', 'deklaratsioon tulemus', 'iivne', 'kallase esimese', 'iivne seadus', 'kodanikena juhtus', 'juhtus majanduskasv']",Kliimaseaduse ja Rail Balticu kriitika,"Arutelus seotakse kliimaseaduse ja teiste keskkonnareeglite ümber tekkinud paanika Rail Balticu, mõjuhindamiste ja investeeringute pidurdamisega. Räägitakse ka sellest, kuidas tühjad kliima- ja taastuvenergia lubadused devalveeruvad ning miks keskkonnateemad poliitikas tagaplaanile jäävad.",coherent,high
255,7,255_vasakpoolsuse_vasakpoolsed_vasakpoolseid_vasakpoolsus,"['vasakpoolsuse', 'vasakpoolsed', 'vasakpoolseid', 'vasakpoolsus', 'võimule', 'eduard', 'vasakpoolsete', 'karju', 'sotsid', 'teostatud saama', 'saa teostatud', 'vaatame viimaseid', 'võitis oskasid', 'vot ühelt', 'kesksele']",Vasakpoolsuse tulevik Eesti poliitikas,"Arutelu keskmes on, mida vasakpoolsus Eesti kontekstis tähendab ja miks see valijatele vähe kõnetab. Räägitakse ka sellest, kuidas vasakpoolsed ideed võiksid suhestuda turumajanduse, identiteedipoliitika ja uute ühiskondlike muutustega.",coherent,high
256,7,256_teravilja_teravili_hannes_hannes palun,"['teravilja', 'teravili', 'hannes', 'hannes palun', 'toiduainete', 'maagiga', 'kitsaskohad', 'näiteks teravilja', 'sööda', 'suurtootmised', 'suurtootmised võtavad', 'nõrkused lahendama', 'rnime iga', 'nõus teeb', 'muretsen publiku']",Teravilja tootmise ja varustuse kriisikindlus,"Arutatakse, kuidas Eesti teraviljasektorit ja selle tarneahelat teha kriisideks vastupidavamaks. Fookuses on toetused, energia, sisendid, hajutatud ladustamine ja see, kas teravilja väärindada pigem toiduks, sööda või loomakasvatuse kaudu.",coherent,high
257,7,257_ärilist_hiina_heite_pilt muidugi,"['ärilist', 'hiina', 'heite', 'pilt muidugi', 'rohepoliitikat', 'kasvuhoonegaaside', 'hiina hiina', 'tuhat üheksa', 'tuhat üheksateist', 'usa', 'arusaadav vastuvõetav', 'brasiilia sellised', 'kasvatamise soov', 'kaks olidki', 'kiiremini arendada']",USA ja Hiina rohetehnoloogia vastasseis,"Arutelu keskmes on USA kliima- ja energiapoliitika tagasipööramine ning Hiina jätkuv taastuvenergia, elektriautode ja rohetehnoloogia jõuline arendamine. Läbi käib ka see, kuidas majanduslik, geopoliitiline ja äriline loogika kujundab heitmete vähendamist ning Euroopa ja Eesti valikuid.",coherent,high
258,7,258_rohetiigri_korda aastas_ülevaatamine_organisatsiooni kipuvad,"['rohetiigri', 'korda aastas', 'ülevaatamine', 'organisatsiooni kipuvad', 'istumas vähemalt', 'võib kaotab', 'tihti üle', 'rolli täita', 'võib õnnelikud', 'küsid tihti', 'kire tõesti', 'kõige juht', 'töötajatel seada', 'tegevusi selleks', 'mccord käis']",Rollide ja strateegia perioodiline ülevaatamine,"Arutatakse, kuidas organisatsioonis rolle, eesmärke ja juhtimisvajadusi regulaarselt üle vaadata ning tiimiga jooksvalt joondada. Fookuses on ka see, kuidas viieaastane plaan, kvartaalne strateegiakoosolek ja juhtide vahetus aitavad töö ja vastutuse ümber kujundada.",coherent,high
259,7,259_insenere_inseneri_iirlased_tahv,"['insenere', 'inseneri', 'iirlased', 'tahv', 'inseneride', 'müü vaata', 'piimatehnoloogi tuli', 'ses ringi', 'aastal neil', 'üle noppida', 'käisin taga', 'tehasele otsisime', 'lõpus üle', 'noppida põnev', 'tehnikaülikoolis liitunud']",Inseneripõua lahendamine talendi ja automatiseerimisega,"Arutatakse inseneride puudust Eestis ning kuidas seda leevendada tehnoloogiaõppe, kutsehariduse, talendimigratsiooni ja automatiseerimisega. Jutuks on ka see, et tootmine muutub kapitali- ja oskustemahukamaks ning osa töökohti asendub masinatega.",coherent,high
260,7,260_visiooni_visioon_kasvama_majanduskasv,"['visiooni', 'visioon', 'kasvama', 'majanduskasv', 'eesti visioon', 'tuleb kasvama', 'pehmeid', 'kasvama saada', 'majandus tuleb', 'tähtaeg', 'eesti panga', 'samamoodi visioon', 'arvates küpsuse', 'küpsuse tasemeni', 'siiski vali']",Eesti majanduskasvu ja riigi visioon,"Arutatakse, kas Eesti riigi juhtimisel peaks keskmes olema selge visioon või väärtused, ning nähakse majanduskasvu ja julgeolekut kui peamisi eesmärke. Samas vaieldakse, kas „majanduskasv“ ise saab olla visioon või on see pigem mõõdik, ning otsitakse konkreetsemat ja arusaadavamat sihti.",coherent,high
261,7,261_arengukoostöö_kirsika_võistkond_tulge välja,"['arengukoostöö', 'kirsika', 'võistkond', 'tulge välja', 'kiik tooli', 'tooli kaks', 'võistkonnad', 'kiik', 'boonus', 'mondo', 'maiko', 'õige vastus', 'mondo neist', 'minna vabatahtlikuks', 'praktikat üleüldse']",maailmahariduslik mälumäng arengukoostööst,"Arutletakse ja mängitakse mälumängu, mille kaudu seletatakse arengukoostöö, humanitaarabi ja maailmahariduse tähendust. Jutu sees rõhutatakse noorte ja vabatahtlike rolli, kestlikku tegutsemist ning Mondo ja arengukoostöö ümarlaua tegevust.",coherent,high
262,7,262_paksuks_algkoolis_pelmeenisupp_tervisekäitumine,"['paksuks', 'algkoolis', 'pelmeenisupp', 'tervisekäitumine', 'tervise hoidmise', 'teil tekkinud', 'toidab', 'tervisenõu', 'taavi', 'enamik inimesi', 'tervisekäitumist', 'märganud mcdonalds', 'jube olete', 'hot dogisail', 'töödeldud punane']",Laste tervisekäitumise kujunemine,"Arutletakse selle üle, kuidas laste tervisekäitumine kujuneb varases eas ning millised keskkonnad seda mõjutavad. Fookuses on lasteaia- ja koolitoit, puhvetid, reklaam ning vastutus lapsevanemate, haridusasutuste ja riigi vahel.",coherent,high
263,7,263_rändest_rändepoliitika_rändega_siia tulevad,"['rändest', 'rändepoliitika', 'rändega', 'siia tulevad', 'eesti rändepoliitika', 'ränne', 'räägime rändest', 'ringo', 'rände', 'võitleme sellega', 'rangemaid', 'jõuab julgeoleku', 'vaade jällegi', 'rändega seotud', 'järgmise pooleteise']","Rändepoliitika, integratsioon ja julgeolek","Arutatakse Eesti rändepoliitika kujundamist, kus keskmes on sisserände juhtimine, integratsioon ja avaliku korra/julgeoleku hoidmine. Korduvalt rõhutatakse reegleid, keeleõpet, sobivaid sihtriike ning vajadust vaadata rännet pika strateegilise vaatega.",coherent,high
264,7,264_jõhvi_kood_kood jõhvi_toetuseta,"['jõhvi', 'kood', 'kood jõhvi', 'toetuseta', 'hetkel olime', 'huvi õppijate', 'maja öelda', 'koolitusasutus', 'õppijate', 'haapsalus vist', 'kohalolek oluline', 'mõelda muret', 'kadusid peaks', 'muret lahendada', 'jäi kuhugile']",Kood/Jõhvi laienemine kohaliku tööõppe toetuseks,"Arutletakse Kood/Jõhvi loomise, selle kvaliteedinõuete ja mõju üle ning miks ettevõtmine laieneb ka Järvamaale ja teistesse piirkondadesse. Rõhk on kohaliku huvi, ettevõtjate ja riigi koostöö ning tööle viivate IT-oskuste õpetamisel inimestele, kes pole varem tehnoloogiaga kokku puutunud.",coherent,high
265,7,265_isabella_õpilasfirmat_eluks valmis_blowit,"['isabella', 'õpilasfirmat', 'eluks valmis', 'blowit', 'õpilasfirma', 'soov firmat', 'tordiküünlaid', 'kooliaed', 'küünlad', 'šokolaadist', 'eesti parima', 'koolist välja', 'põlvas', 'põlva', 'firmat']",Noorte ettevõtlikkuse ja rahatarkuse õpetus,"Arutletakse, kuidas noori ettevõtluse ja rahatarkuse juurde tuua ning miks koolist saadav praktiline eluks valmisolek jääb sageli väheseks. Isabella õpilasfirma kogemus, töökasvatus ja kooli ning ettevõtjate koostöö tõstetakse esile kui võimalikud lahendused.",coherent,high
266,7,266_kurjategija_parooli_parool_krüptoraha,"['kurjategija', 'parooli', 'parool', 'krüptoraha', 'teller', 'tegutseja', 'instrumendid', 'kontode', 'paroolid', 'paroole', 'lihtsustanud esiteks', 'raha telleritele', 'logidest', 'toime öelda', 'tähemärk']",Paroolide korduskasutus ja krüptoraha vargused,"Arutelu keskendub sellele, kuidas lekitatud või korduvkasutatud paroole ära kasutatakse, eriti krüptoraha kontode tühjendamiseks. Lisaks räägitakse, kuidas kaitset parandada ja miks teavitamine ning logid aitavad juhtumeid hiljem lahendada.",coherent,high
267,7,267_proviisori_töötervishoius_riskianalüüs_konsulteeris,"['proviisori', 'töötervishoius', 'riskianalüüs', 'konsulteeris', 'neli tundi', 'pereõe', 'paketi', 'vastuvõtu', 'perearsti', 'töötervishoiu', 'settida harjuda', 'vastuvõtu aega', 'bioloogiline risk', 'kukuks süsteemi', 'esmatasandis näiteks']",Töötervishoiu riskianalüüsi pealiskaudsus,"Arutati, et töötervishoid peaks keskenduma tööga seotud riskidele, mitte dubleerima üldisi tervisekontrolle nagu kolesterooli mõõtmine. Rõhutati, et riskianalüüs peab päriselt mõjutama tehtavaid uuringuid ja soovitusi, mitte jääma formaalseks linnukese tegemiseks.",coherent,high
268,7,268_haigla uksest_haigused_tehtud täna_omaosaluse,"['haigla uksest', 'haigused', 'tehtud täna', 'omaosaluse', 'administreerida', 'haigustega suuresti', 'järjekord kuna', 'tekivad äkki', 'kulu tingitud', 'operatsiooni tehtud', 'inimesel rehabilitatsioon', 'õigesti lugedes', 'klotse rohkem', 'suuresti elustiilihaigu', 'tingitud operatsiooni']",ravikindlustuse omaosalus ja tervishoiu ümberkorraldus,"Arutletakse, kuidas tervishoiusüsteemi rahastust ja vastutust ümber jagada, et toime tulla krooniliste haiguste, innovatsiooni ja eelarvepuudujäägiga. Korduvalt tõstatub küsimus, kas ja kuidas peaksid omaosalus, kaugteenused ning tulemuspõhine rahastus muutma seni haigla ukse- ja tükipõhist süsteemi.",coherent,high
269,7,269_von_von der_der_ursula,"['von', 'von der', 'der', 'ursula', 'ursula von', 'eelarvekava', 'urmas paet', 'paet', 'brüssel', 'lepiti kokku', 'kaitsehangete', 'konkurentsivõime', 'euroopa liit', 'lepiti', 'uusi makse']",Ursula von der Leyeni EL-i eelarvevaidlus,"Arutatakse Ursula von der Leyeni Euroopa Liidu eelarvekava, eriti selle mõju konkurentsivõimele, kaitsele ja ühisturule. Fookuses on ka vaidlus uute EL-i maksude, rohepöörde tagasipööramise ja liikmesriikide huvide vahel.",coherent,high
270,7,270_nakkushaiguste_keeldumist_vaktsineerimise_tekitama,"['nakkushaiguste', 'keeldumist', 'vaktsineerimise', 'tekitama', 'ütelda ekspertidena', 'hakkab kindlasti', 'täna ütelda', 'kõiki kaasatud', 'diskussiooni tekitama', 'kaasatud sellises', 'suurt diskussiooni', 'kindel patsienti', 'tekitama täna', 'patsienti kõiki', 'protsess kindel']",Vaktsineerimise ja nakkushaiguste seaduse vaidlused,"Arutatakse nakkushaiguste tõrje seaduse muudatusi, eriti vaktsineerimisega seotud keeldumist, laste vaktsineerimist ja tervishoiutöötajate kohustuslikku vaktsineerimist. Korduvalt rõhutatakse eksperdipõhist otsustamist, paremat kommunikatsiooni ja seda, et muudatused mõjutavad nii perearste kui ka patsiente.",coherent,high
271,7,271_film_filmi_filme_rõõmsaid filme,"['film', 'filmi', 'filme', 'rõõmsaid filme', 'rõõmsaid', 'filmiks', 'moosi', 'filmitegija', 'millist mõju', 'mõju avaldab', 'maailma ühiskondlik', 'est alkoholi', 'aitas tal', 'põlvkond usun', 'välimuse järgi']",Noorte raskete lugude filmimine,"Arutletakse, kuidas noored saavad oma raskeid või isiklikke lugusid filmiks vormida nii, et see aitaks neid ennast mõista ja oleks vaatajale mõjus. Rõhutatakse turvalist protsessi, tagasisidet ja seda, et ka rõõmsad lood väärivad filmis käsitlemist.",coherent,high
272,7,272_seisate_eest seisate_tõmbamise_vilistan,"['seisate', 'eest seisate', 'tõmbamise', 'vilistan', 'kai tuleb', 'kaasa tõmbamise', 'jaoks oluline', 'kaasatõmbamise', 'tuua mille', 'slogan', 'mille taha', 'mille eest', 'minut', 'muutust', 'leidsite']",Kaasatõmbamine muutuse eest seisma,"Arutelu keskendub kaasamise ja koos tegutsemise harjutamisele: kuidas oma jaoks olulist muutust sõnastada, sellest teisele rääkida ja leida sellele toetajaid. Lõpuks koondutakse ühise sõnumi taha ning näidatakse, kuidas väikestest erinevatest teemadest saab üks selge seisukoht.",coherent,high
273,7,273_õppelaen_ülikoolid_kõrgharidus_alles peale,"['õppelaen', 'ülikoolid', 'kõrgharidus', 'alles peale', 'õppelaen mille', 'õigusteaduste', 'noored õpivad', 'õppelaenu', 'robin', 'õppemaksuta', 'raha hulk', 'mille võtab', 'kõrghariduse', 'äoliselt piisavalt', 'kujul riik']",Õppelaenu ja tudengitoetuste vaidlus,"Arutletakse, kas õppelaenu piirmäära tuleks tõsta ja millal peaks noor seda tagasi maksma. Vastanduvad vaated vajaduspõhisele toele, tasuta kõrgharidusele ja sellele, kas riik peaks üliõpilasi üldse laiemalt toetama.",coherent,high
274,7,274_arengukoostöö_armeenia_aafrika_silja,"['arengukoostöö', 'armeenia', 'aafrika', 'silja', 'ning', 'aidati', 'äridiplomaatia', 'humanitaarabi', 'este', 'kriise rohkem', 'arengurahastuse', 'summad', 'doonorite', 'kriise', 'armeenial']",Arengukoostöö suunamine ja prioriteedid,"Arutatakse, kuidas arengukoostöö ja humanitaarabi rahastus, sihtriigid ning valdkonnad valitakse olukorras, kus kriise on rohkem ja raha vähem. Fookuses on Armeenia, Aafrika prioriteetriigid, digitaliseerimine ning pinge abivajaduse ja strateegiliste huvide vahel.",coherent,high
275,7,275_trump_donald_donald trump_ameerika,"['trump', 'donald', 'donald trump', 'ameerika', 'valge maja', 'moodsas', 'kaotas', 'oled vallandatud', 'mõttekojad', 'ego', 'presidendiks', 'america', 'vallandatud', 'ametiaeg', 'poliitikat']",Trumpi stiil ja Eesti-usa suhete mõju,"Arutletakse Donald Trumpi juhtimisstiili, ego ja meediakuvandi üle ning selle üle, kuidas riigid peavad temaga suhtlema. Rõhk on Ameerika poliitilise käitumise muutlikkusel, Euroopa ja Eesti vaatenurgal ning Trumpi teise ametiaja võimalikul mõjul valimistele ja ametkondadele.",coherent,high
276,7,276_telli_telli uuringut_perearsti_ostes,"['telli', 'telli uuringut', 'perearsti', 'ostes', 'normid', 'perearsti juurde', 'tellida', 'kinni makstud', 'analüüsid', 'perearstile', 'inimene suri', 'tuleb tellida', 'süda puperdab', 'teel padide', 'tüssamine isegi']",Perearsti kaudu uuringu tellimine ja tõlgendamine,"Arutatakse, kas inimene saab perearstilt tellida uuringuid ka siis, kui ta ise kahtlustab probleemi või tahab ennetavalt kontrollida oma tervist. Rõhutatakse, et uuringutest on kasu vaid siis, kui nendega kaasneb meditsiiniline loogika, nõustamine ja tulemuste tõlgendamine, mitte pelk paketi ostmine.",coherent,high
277,7,277_erasektor_lasteasutused_alusharidusseadus_kohalik omavalitsus,"['erasektor', 'lasteasutused', 'alusharidusseadus', 'kohalik omavalitsus', 'pidaja', 'sven alustas', 'kakssada käib', 'näeme erasektoril', 'atko uus', 'lapsest tsirka', 'alusharidusseadus mitu', 'll tulevikus', 'iskasvanutena atko', 'erasektoril kindlasti', 'tulevikus tartu']",Eralasteaedade roll ja valikuvabadus,"Arutatakse, kuidas alushariduses peaks kohalik omavalitsus suhestuma erasektoriga ning kas lapsevanemal peab olema tegelik valik erinevate lasteasutuste vahel. Samuti rõhutatakse rahastuse, omavalitsuse vastutuse ja eriilmeliste teenusepakkujate tähtsust.",coherent,high
278,7,278_käinud lasteaias_toetab lapse_otsas polnud_lapse arengut,"['käinud lasteaias', 'toetab lapse', 'otsas polnud', 'lapse arengut', 'lasteaias olid', 'meenutavad', 'töölehed', 'tunniplaani ahju', 'just jõuda', 'ühiselt peame', 'nõus looduskeskkond', 'katsetada saaks', 'olid kasvanud', 'vabandust asjad', 'kohilasse']",Lapsepõhine looduslik lasteaed,"Arutatakse, kuidas alusharidus peaks toetama lapse arengut rahuliku, looduslähedase ja lapsest lähtuva keskkonna kaudu. Kriitika all on liigne struktureeritus, töölehed ja „kooliks ettevalmistamise“ surve, mille asemel rõhutatakse vaba mängu, õuesolekut ja õpetaja teadlikkust.",coherent,high
279,7,279_lasteaed_alushariduse_lastea ia_arengutark,"['lasteaed', 'alushariduse', 'lastea ia', 'arengutark', 'koduhariduse', 'koduharidus', 'kohustuslik', 'lastea', 'kooliõpetaja', 'valel', 'lasteaia', 'kvaliteedi', 'sotsialiseerib', 'alushariduse iga', 'pakub kindlasti']",alushariduse väärtus ja kvaliteet,"Arutletakse selle üle, miks lasteaed ei peaks olema kohustuslik, vaid pakkuma perele ja lapsele selget väärtust läbi kvaliteedi ja arengu toe. Fookuses on alushariduse sisu, erisused munitsipaal- ja erasektori vahel, kaasav haridus ning täiskasvanute pädevus last toetada.",coherent,high
280,7,280_delaware_luksemburgi_ink_luksemburgis,"['delaware', 'luksemburgi', 'ink', 'luksemburgis', 'residentsuse', 'eu', 'kärt', 'delaware singapur', 'ütleme programmi', 'avalikud', 'eu ink', 'fondi', 'hiiu', 'võrdle võrdleme', 'võib nõksa']",EU Inci ja fondide asutamine Eestis,"Arutatakse, miks Euroopa ülest ettevõtte- ja fondistruktuuri võiks teha Eestis ning kuidas Eesti e-residentsus, finantsinspektsioon ja seadused võivad olla alternatiiv Delaware'ile, Luksemburgile ja Iirimaale. Rõhk on bürokraatia vähendamisel, usaldusväärsusel, läbipaistvusel ja ühise Euroopa ettevõtluskeskkonna loomisel.",coherent,high
281,7,281_nõel_riske toob_milliseid riske_kliimaettevõtete,"['nõel', 'riske toob', 'milliseid riske', 'kliimaettevõtete', 'kliimaettevõtete tegevusse', 'klient tunne', 'toob kliimaettevõtete', 'nõel jää', 'tegevusse', 'milleks valmis', 'jaanus', 'udilitase', 'kakaod osta', 'kriisid sellised', 'jaoks kulukamaks']",Kliimariskide valmisolek elutähtsates ettevõtetes,"Arutatakse, milliseid riske kliimamuutused toovad vee-, sooja- ja toiduteenuse ettevõtete tegevusse ning kuidas nendeks ette valmistuda. Rõhk on varustuskindlusel, kriisiplaanidel, tarneahela haavatavusel ja uute ilmastikunähtustega kohanemisel.",coherent,high
282,7,282_itf_einari_aafrika itf_viimane investeering,"['itf', 'einari', 'aafrika itf', 'viimane investeering', 'raivo', 'kõrget lisandväärtust', 'tööstused', 'tooraine', 'adveni', 'ostsin naisele', 'võib value', 'investeeringuna ostsin', 'investeering estplaiga', 'kindel võin', 'väärtus saame']",Tööstuse investeeringud Eesti energialahendustesse,"Arutatakse, mis paneb ettevõtteid Eestisse investeerima ja kuidas tööstus ning energialahendused omavahel seostuvad. Fookuses on tooraine kättesaadavus, energiakulu, stabiilne keskkond ja koostöö energiateenuse pakkujatega.",coherent,high
283,7,283_kollektiivist pidada_otsustasin tahaks_järele sellepärast_teeninud juhtus,"['kollektiivist pidada', 'otsustasin tahaks', 'järele sellepärast', 'teeninud juhtus', 'pikalt tahad', 'enne va', 'identiteet muutub', 'ajaga tahad', 'juhtus otsustasin', 'unustatakse osa', 'nemapuhkust pikalt', 'jätke käsi', 'oled naisena', 'jaoks identiteet', 'jääda hakkan']",Vanemapuhkuselt tööle naasmise probleemid,"Arutatakse, kuidas lapsehooldus- või vanemapuhkuselt naasmine mõjutab tööturule naasmist, palka, enesehinnangut ja tööandja suhtumist. Rõhk on sellel, et kontakt töötajaga tuleks hoida alles juba puhkuse ajal ning naasmine tuleks enne läbi rääkida.",coherent,high
284,7,284_katariina_emad_iganes aeg_emaduslõivu,"['katariina', 'emad', 'iganes aeg', 'emaduslõivu', 'emadusest', 'karistus', 'kompetents kaks', 'suhtarv üheksakümmend', 'emal sinu', 'jooksul kaasnev', 'emad kannavad', 'järjest töötanud', 'kümnete jooksul', 'mikrist', 'riigil võimalik']",Emaduslõivu mõju karjäärile ja sissetulekule,"Arutletakse selle üle, kuidas emaks saamine mõjutab naiste karjääri, sissetulekut, pensioni ja tööturule naasmist. Käsitletakse ka vanemapuhkuse ja isapuhkuse rolli ning seda, kuidas vastutus lapse eest mõjutab perede otsuseid ja tööandjate hoiakuid.",coherent,high
285,7,285_noored mehed_korda korda_seitseteist protsenti_töökeskkonna,"['noored mehed', 'korda korda', 'seitseteist protsenti', 'töökeskkonna', 'tööõnnetust', 'esimestel', 'seas taha', 'korda reegel', 'siim tööle', 'näe rohkem', 'asjadest olegi', 'korda kolm', 'küsida mikrofonis', 'alusta lihtsamatest', 'su põhiline']",Noorte meeste tööohutuse juhendamine,"Arutletakse noorte meeste tööõnnetuste, eriti tööle asumise alguse riskide ja tööohutuse juhendamise üle. Fookuses on alaealiste tööle võtmise lihtsus, juhendamise vastutus ning see, kuidas kodu, kool ja ettevõte peaksid ohutuskultuuri kujundama.",coherent,high
286,7,286_mudelis_kultuuriretsepti_vahetanud teil_arendame liikumisretsepti,"['mudelis', 'kultuuriretsepti', 'vahetanud teil', 'arendame liikumisretsepti', 'heaolust heaolu', 'küll sinuga', 'kirju vahetanud', 'heaolu tekib', 'tervisest heaolust', 'sinuga kirju', 'teid mõtlesin', 'kuulates teid', 'kuskil muja', 'täpsustava asja', 'praegu arendame']",kultuuriretsepti suunamine ja sidustöötaja roll,"Arutatakse, kuidas kultuuriretsepti kaudu suunata inimesi vaimse tervise ja heaolu toetavatesse tegevustesse ning kes peaks seda vahendama. Fookuses on arsti, perearsti, sidustöötaja ja kogukonna roll, samuti see, kuidas vältida kultuuritegevuse esitamist teisejärgulise abina.",coherent,high
287,7,287_loometegevus_korstnasse_praegu hetkel_inimühiskonna,"['loometegevus', 'korstnasse', 'praegu hetkel', 'inimühiskonna', 'praegusel hetkel', 'maksnud', 'hirmuga', 'murdis', 'mull', 'praegusel', 'kapitalikulu subsideerinud', 'korstnasse kirjutatakse', 'praegu mullis', 'arvelt kapitalikulu', 'rekombinatoorne']",AI subsideeritud kasutuselevõtt ettevõtluses,"Arutletakse selle üle, et tehisintellekti saab praegu kasutada väga odavalt, sest suuri kapitali- ja arvutusjõukulusid subsideeritakse, ning et ettevõtjad peaksid seda lühikest soodsa hinna akent kiiresti ära kasutama. Samal ajal rõhutatakse, et AI ei lahenda halba äriideed ise ära, vaid lihtsustab vaid kasulike toodete ja teenuste elluviimist.",coherent,high
288,7,288_tagavara_raiemaht_raie_keskkonnaagentuur,"['tagavara', 'raiemaht', 'raie', 'keskkonnaagentuur', 'pindala', 'tagavara pildi', 'tuhat hektarit', 'miljonit tihumeetrit', 'jätkusuutlik', 'murdeosa', 'arvestada võiks', 'murdeosa täpsusega', 'normaalne pikalt', 'matud välja', 'mõte sissejuhatuses']",Metsatagatava ja raiemahu seosed,"Arutletakse selle üle, kuidas raiemaht mõjutab metsa tagavara ning kas praegune raietase on jätkusuutlik. Korduvalt viidatakse Keskkonnaagentuuri hinnangutele, erinevatele prognoosidele ja andmete vastuoludele.",coherent,high
289,7,289_ajateenistusse_üleöö_kohustuslik_ajateenijat,"['ajateenistusse', 'üleöö', 'kohustuslik', 'ajateenijat', 'olema kohustuslik', 'ajateenistus', 'sõjaaja', 'riina lavly', 'kuskil kuni', 'riigikaitse ajateenistus', 'sooneutraalse', 'sooneutraalseks', 'aastad kuskil', 'sooneutraalne', 'sidumine']",Naiste kohustusliku ajateenistuse kehtestamine,"Arutatakse, kas Eesti peaks naiste ajateenistuse muuta kohustuslikuks ning kas seda tuleks teha kiiresti või järk-järgult. Põhjendustena tuuakse rahvastiku vähenemine, reservi vajadus, sooneutraalsus ja riigikaitse laiapindne korraldus.",coherent,high
290,7,290_kaitsekulude_kaitsevägi_eelarve väliselt_kaitsevägi ütleb,"['kaitsekulude', 'kaitsevägi', 'eelarve väliselt', 'kaitsevägi ütleb', 'toomas', 'kaitse eelarve', 'kaimo', 'järeleandmisi kaitseväe', 'väliselt kaitsekulude', 'majandus kaitse', 'asju lähtume', 'riigikaitseinvesteeringute keskuse', 'riigikaitseinvesteeringute', 'katri raudsepp', 'kaitsekulude kasvul']",Kaitsekulude hanke- ja rahastusarutelu,"Arutatakse, kuidas kaitsekulude kasvuga seotud hangete, planeerimise ja tootearenduse süsteem töötab ning kui palju raha jääb Eesti majandusse. Samal ajal vaieldakse avaliku toetuse, poliitilise surve ja kaitsekulude õiglase jaotuse üle.",coherent,high
291,7,291_tervishoiutöötaja_kõrvalmõju_kaardistamine_ärevust,"['tervishoiutöötaja', 'kõrvalmõju', 'kaardistamine', 'ärevust', 'rohkem kunagi', 'rohul sellist', 'parandamisrefleks', 'loomulik taha', 'infolehtede', 'pea valutama', 'ravimit kasutama', 'inimesed nimetavad', 'tervishoiutöötaja ütleb', 'rohul', 'hakanud ravimit']",Ravimite kõrvaltoimete sõnastamine ja kaardistamine,"Arutatakse, kuidas inimesed kirjeldavad ravimite kõrvaltoimeid oma sõnadega erinevalt ametlikust meditsiinikeelest ning miks see teeb nende murede võrdlemise infolehtedega keeruliseks. Rõhutatakse patsiendi kuulamist, tunnete valideerimist ja kõrvaltoimete süstemaatilist kaardistamist, et vähendada segadust ja ärevust.",coherent,high
292,7,292_surmast_surm_prognoosi_kolis,"['surmast', 'surm', 'prognoosi', 'kolis', 'ise tunnetad', 'surma', 'soovidest', 'vahur', 'surid', 'inimpõlvi', 'onkoloogi ise', 'teemasse suhtuma', 'ühesõnaga üheksakümnenda', 'nürnbergi', 'protsendi hulgas']",Surmast rääkimine vähihaige prognoosist,"Arutatakse, kuidas rääkida patsiendiga ja lähedastega surmast, vähi prognoosist ning elulõpust nii, et info oleks aus, eakohane ja toetav. Juttu on ka sellest, kuidas surm on ajas kodust haiglasse ja hoolekandeasutustesse nihkunud ning miks see teema paljudele endiselt raske on.",coherent,high
293,6,293_ideoloogiliselt_peaksid rohkem_oska keskkonnateemat_ideoloogiliselt laetud,"['ideoloogiliselt', 'peaksid rohkem', 'oska keskkonnateemat', 'ideoloogiliselt laetud', 'ajakirjandus oska', 'ajakirjanikud', 'asko', 'ajakirjandus', 'err', 'aktivistid', 'keskkonnateemat', 'asko lõhmusel', 'kümme teadusarti', 'küsita kuni', 'mehe räägivad']",Keskkonnateema ajakirjanduslik käsitlemine,"Arutatakse, kuidas meedia võiks keskkonna- ja kliimateemasid paremini kajastada, eriti kui need on ideoloogiliselt laetud või ebamugavad. Korduvalt rõhutatakse allikate tasakaalu, ajakirjanike pädevust, formaadi valikut ja seda, et süvitsi minekuks napib aega ning ressursse.",coherent,high
294,6,294_väärtustest_head teod_elupühadus_jäävad maha,"['väärtustest', 'head teod', 'elupühadus', 'jäävad maha', 'teod', 'väärtused', 'kiriku', 'kirik', 'püha', 'elu antud', 'müüride', 'müüride vahel', 'tõde', 'kanduvad', 'pärast surma']",Elupühadus ja head teod pärast surma,"Arutletakse selle üle, et inimese teod, õpetused ja moraalsed valikud jäävad pärast surma alles ning mõjutavad teisi ka edasi. Keskne on elu kui püha väärtus, teispoolsuseks valmistumine ja religioonide ühisosa selles küsimuses.",coherent,high
295,6,295_loodus_printsiipi_peaks kaitsma_küsisime,"['loodus', 'printsiipi', 'peaks kaitsma', 'küsisime', 'ulmelinna', 'küsisime oled', 'kasutatavad ongi', 'nõus loodust', 'inforteril metsanduses', 'sellist keskkonna', 'küsisime kumb', 'põllumajandusvarad samamoodi', 'küsiti küsisime', 'ongi põllumajandusvarad', 'metsanduses huvisid']",Looduskaitse ja majanduse tasakaal,"Arutletakse selle üle, kuidas Eesti inimesed väärtustavad looduse ja eriti metsa kaitset ning kui palju ollakse valmis selle nimel majanduslikest hüvedest loobuma. Samal ajal rõhutatakse, et puit ja mets võivad olla ka majanduslik kapital ning loodust saab kaitsta ka ilma selle väärtust kitsalt rahas mõõtmata.",coherent,high
296,6,296_aina_vasakpoolsetel_nostalgia_teame nõukogude,"['aina', 'vasakpoolsetel', 'nostalgia', 'teame nõukogude', 'kratsima hull', 'kommunism sotsialism', 'loo jutustavad', 'edasi tajun', 'võib kommunism', 'repressiivne inimesed', 'jutustavad meile', 'kogesid paneb', 'räägib muu', 'reformidega tegi', 'turuliberaalsete']",Nostalgia ja vasakpoolsuse lugu Eestis,"Arutletakse selle üle, miks vasakpoolsed ideed Eestis raskelt levivad, kuigi neoliberaalne mudel on kriisis. Jutuks on ka Nõukogude aja nostalgia, klassi- ja maksuteemad ning vajadus pakkuda vasakpoolsetele usutavat tulevikuvisiooni.",coherent,high
297,6,297_fox_fox news_news_saatkonnas,"['fox', 'fox news', 'news', 'saatkonnas', 'presidendi', 'uudiste', 'saada milline', 'üritan saada', 'kajastavad', 'olude', 'ameeriklased', 'milline ühisosa', 'ametikohtade täitmine', 'niisugune tervi', 'loodetavasti suured']",USA meediast administratsiooni mõistmine,"Arutletakse, millistest uudis- ja sotsiaalmeediakanalitest saab kõige paremini aru USA poliitilisest meelsusest ja administratsiooni mõttest. Rõhk on Fox Newsi, teiste kanalite, ajakirjanike ja kohalike allikate võrdlemisel ning presidendivahetuste mõjul info kättesaadavusele.",coherent,high
298,6,298_paneme ainult_päiksepaneelide_leedus_maismaa,"['paneme ainult', 'päiksepaneelide', 'leedus', 'maismaa', 'erinevates analüüsides', 'analüüsides kuus', 'päikesepaneelidele', 'protsessi taga', 'tegema selliseks', 'päikesepaneelidele tahab', 'kuud tuuliku', 'arvutatud erinevates', 'päiksepaneelide puhul', 'puhul veidi', 'protsessi tegema']",Maismaa ja meretuuleparkide võrdlus,"Arutletakse, kas Eesti peaks eelistama maismaa- või meretuuleparke ning miks nende vahel üldse valikut teha. Juttu on ka planeeringutest, kohaliku vastuseisu vähendamisest, investeerimiskulust ja sellest, et elektrisüsteemi tuleb vaadata kombineeritult koos salvestuse ja muude tootmisviisidega.",coherent,high
299,6,299_rahulolu_kaubanduses_kaidi_rahulolevamaks,"['rahulolu', 'kaubanduses', 'kaidi', 'rahulolevamaks', 'kümneni', 'osalise ajaga', 'lihtsamaid', 'tööga', 'võimalik ngut', 'kümnest kümneni', 'tahan hommikul', 'sellised tahan', 'lihtsamaid sellised', 'ngut areng', 'keeruliseks lihtsamaid']",Töörahulolu ja paindlik töö kaubanduses,"Arutatakse, millest sõltub tööga rahulolu ja õnnelikkus, eriti tööõnne, tähenduse, autonoomia ning suhete roll. Eraldi vaadeldakse kaubanduse ja teeninduse töötajate rahulolu, paindlikku tööaega, töökoha üldist kultuuri ning pikaajalist püsimist ühes ettevõttes.",coherent,high
300,6,300_pangandus_tink_inimkeskse_gdpr,"['pangandus', 'tink', 'inimkeskse', 'gdpr', 'personaliseeritumaid', 'kingivad vot', 'personaliseeritumaid lahendusi', 'personaliseeritumat', 'se ilma', 'kanalid nendesse', 'personaliseeritumat personaliseeritumaid', 'informeerimata lõpuks', 'informeerimata', 'ilusti kingivad', 'ilma alguses']",Üleeuroopalise finants- ja andmeregulatsiooni killustatus,"Arutatakse, kuidas Euroopa eri riikide direktiivid, kohalikud erisused ja lisareeglid teevad panganduse, kindlustuse ja startupide tegutsemise kalliks ning aeglaseks. Samas nähakse tugevust GDPR-is, avatud panganduses ja andmeliikumise raamides, mis võiksid toetada inimkeskseid teenuseid ja AI kasutust.",coherent,high
301,6,301_karpide_tammeparketi_kortereid_soetades,"['karpide', 'tammeparketi', 'kortereid', 'soetades', 'valgete karpide', 'isiklikult võib', 'kaks sotti', 'kikilipsu', 'maksa sorry', 'jõukusepõhine', 'sotti kuus', 'sorry samas', 'juurde maksa', 'natukese vinti', 'fassaadil']",Tudengikorterite valge karbi arutelu,"Arutletakse, kas noortele ja tudengitele sobiksid lihtsad, odavamad uusarenduse korterid, mis on pigem „valged karbid“ kui kallilt viimistletud kodud. Jutuks on ka stabiilsus, asukoht, teenuste lähedus ja see, kui palju ostjad või üürnikud üldse siseviimistlusest hoolivad.",coherent,high
302,6,302_laps siit_lapsi üksinda_enneaegselt sündinud_nähtud sageli,"['laps siit', 'lapsi üksinda', 'enneaegselt sündinud', 'nähtud sageli', 'käinud paljudel', 'tohutu jackpot', 'tuge äkki', 'võib vanavanemad', 'neli sel', 'pange panekutest', 'jackpot esimese', 'panekutest olin', 'saada norma', 'paljudel koolitust', 'panekutest']",lastevanemate varajane kaasamine ja tugivõrgustik,"Arutatakse, kuidas lasteaias ja kogukonnas varakult vanemaid toetada, et lapsi märgataks ning abi jõuaks õigel ajal. Rõhk on vanema-lapse-õpetaja suhte loomisel, kogukonnatoel ja tugispetsialistide kaasamisel.",coherent,high
303,6,303_tugiteenuste_tugiteenuste koordineerija_koordineerija_märkaja,"['tugiteenuste', 'tugiteenuste koordineerija', 'koordineerija', 'märkaja', 'erispetsialistid', 'esimene märkaja', 'lasteaias', 'ainult õpetaja', 'toe vajadus', 'kvalifikatsiooni', 'märkamine', 'märgata', 'lasteaia', 'märgatud', 'ongi erispetsialistid']",Tugiteenuste koordineerija roll alushariduses,"Arutatakse, kuidas alushariduses märgata lapse toevajadust, kes selle eest vastutab ja kuidas tugiteenuste koordineerija aitab koostööd lasteaia, lapsevanema ja teiste spetsialistide vahel. Fookuses on märkamise, sekkumise ja info liikumise korraldus, et vähendada ebavõrdsust ja toetada lapse arengut.",coherent,high
304,6,304_alusharidus_potsatab_töötuba_võtad kaasa,"['alusharidus', 'potsatab', 'töötuba', 'võtad kaasa', 'alusharidus oluline', 'lahti siduda', 'alushariduse', 'õnnelikke', 'õpetajate palk', 'fookusesse valimised', 'potsatab postkasti', 'kassid koerad', 'postkasti ühe', 'potsatab ikka', 'rohkem õnnelikke']",Alushariduse väärtustamine ja õpetajate palk,"Arutatakse alushariduse tähtsust, lasteaiaõpetajate rolli ning seda, kuidas koostöö ja hoiakud mõjutavad laste heaolu. Samuti kõlab teravalt palgaküsimus, rahastamine ja poliitiline otsustamine, mis kujundavad valdkonna tulevikku.",coherent,high
305,6,305_kastid_loopima_täht_käinud kõikides,"['kastid', 'loopima', 'täht', 'käinud kõikides', 'sobib teile', 'mõni mõte', 'kastike', 'õpetab', 'seoseid', 'kasutage tunnet', 'õigesti ikka', 'pulgad', 'tuli laps', 'lemmiktäht', 'justkui ise']",Tähtede ja esemetega mängulised õpitegevused,"Arutatakse, kuidas kasutada tähti, kaste ja erinevaid vahendeid mängulistes tegevustes, mis toetavad lapse tähelepanu, loovust ja kõne arengut. Rõhk on vabamal katsetamisel, seoste loomisel ning liikumise ja sensoorika kasutamisel õppimises.",coherent,high
306,6,306_nato_väärtuspoliitika_huvide väärtuste_strateegilises plaanis,"['nato', 'väärtuspoliitika', 'huvide väärtuste', 'strateegilises plaanis', 'huvide', 'väärtuspõhine', 'strateegilises', 'väärtuspõhine välispoliitika', 'suurriikide', 'välispoliitika', 'huvid', 'väärtuste', 'ameerika ühendriikide', 'samasuguseid väärtusi', 'looma tõ']",Väärtuspõhine NATO ja reaalpoliitika,"Arutatakse, kuidas Eesti ja liitlased saavad NATO-s hoida väärtuspõhist välispoliitikat olukorras, kus julgeolek sunnib tegema pragmaatilisi valikuid. Korduvalt rõhutatakse, et väärtused ja huvid ei ole strateegilises plaanis vastandid, vaid Eesti puhul samast lähtekohast tulenevad.",coherent,high
307,6,307_erjk_valimiste_olulist tööd_ühes mõttes,"['erjk', 'valimiste', 'olulist tööd', 'ühes mõttes', 'komisjon uurimisasutus', 'järelevalve komisjon', 'süüdistame mõnda', 'uurimisasutus', 'erakondadega', 'valvur olin', 'süüdistame', 'valimisliidud', 'valvur', 'mingisugust infot', 'rahastamise järelevalve']",ERJK fookus valimiste väikestel rikkumistel,"Arutatakse, et valimiste järelevalve ja ERJK tegelevad liiga palju väikeste, ebaoluliste rikkumistega ning see varjutab suuremaid probleeme nagu kampaaniate mõju, andmekasutus ja valimisliitude eripära. Samuti räägitakse vajadusest muuta erakonnaseadust, laiendada läbipaistvust ja arutada kolmandate isikute ning annetuste regulatsiooni sisulisemalt.",coherent,high
308,6,308_texase_päikest_tuul_päikest tuult,"['texase', 'päikest', 'tuul', 'päikest tuult', 'päike', 'naaberühenduste', 'realiseerusid', 'taastuvate', 'juhitavate', 'juhitav', 'juhitavaid', 'juhitavate võimsuste', 'enmak', 'päike tuul', 'tuult']",Juhitavad võimsused päikese ja tuule kõrval,"Arutatakse, kui palju Eestis on vaja kohapealseid juhitavaid elektritootmisvõimsusi olukorras, kus päike ja tuul ei kata tarbimise tippu. Võrreldakse Eesti, naaberühenduste ja Texase kogemust ning rõhutatakse varustuskindlust ja elektrihinda.",coherent,high
309,6,309_arendaja_tuulepargi_põhja pärnumaa_pärnumaa,"['arendaja', 'tuulepargi', 'põhja pärnumaa', 'pärnumaa', 'madis koit', 'kuhu saa', 'arendaja arendaja', 'infraheli', 'koit', 'uuringuid kuhu', 'täna kohaliku', 'aimu udilitas', 'töötab kujutan', 'kogu teemaga', 'kujutan ise']",Tuuleparkide infraheli ja regulatsioonivaidlus,"Arutatakse tuuleparkide võimaliku infraheli mõju, selle tõendamist ning seda, milliste allikate ja uuringute põhjal peaks omavalitsus ja arendaja otsuseid tegema. Fookuses on ka planeeringud Põhja-Pärnumaal, ekspertide roll ja vajadus selgete, ajakohaste piirnormide järele.",coherent,high
310,6,310_pereõel_põdejatele_füüsiline tervis_tervise õed,"['pereõel', 'põdejatele', 'füüsiline tervis', 'tervise õed', 'pereõde', 'angela', 'sain mhm', 'peegeldan sain', 'näitad näite', 'näite liigud', 'terviseõde', 'tahaks panna', 'hmh', 'liigud eluga', 'hästi näitad']",Pereõe roll diabeedi vaimse toe suunamisel,"Arutelu keskendub sellele, kuidas diabeediga inimesi toetab esmatasandil pereõde ning millal ja kuidas suunata neid edasi vaimse tervise abini. Rõhutatakse kuulamist, selgitamist, meeskonnatööd ja diabeediigapäeva koormuse vähendamist.",coherent,high
311,6,311_narkoosi_narkoosis_narkoosis ravi_narkoosi sambaravi,"['narkoosi', 'narkoosis', 'narkoosis ravi', 'narkoosi sambaravi', 'sambaravi', 'rinnaga', 'räägime narkoosis', 'hambaid', 'tal hambad', 'lapsed sünnivad', 'protseduuri', 'näidustatud', 'pange laps', 'ravi tehtud', 'teate pange']",laste narkoosihambaravi näidustused ja ülekasutus,"Arutatakse, millal lastel on narkoosis hambaravi päriselt näidustatud ning millal seda küsitakse või pakutakse liiga kergekäeliselt. Rõhutatakse ka vanemate hilinemist kontrollidega, laste suutervise hooletust ja spetsialistide vähesust.",coherent,high
312,6,312_ministrile vastu_kustutas_töötas ministrile_harri,"['ministrile vastu', 'kustutas', 'töötas ministrile', 'harri', 'ametnik töötas', 'korruptiivne', 'ilmus', 'garri', 'history', 'eesti ekspressi', 'harri postituse', 'vabandust tõesti', 'korruptiivne harri', 'alla ilmus', 'suudame sinu']",Laimavate sotsiaalmeediakommentaaride ja kustutamise vaidlus,"Arutletakse selle üle, kuidas hinnata sotsiaalmeedia ja veebikommentaaride laimavat sisu, eriti kui keegi väidab, et ametnik töötas ministrile vastu või oli korruptiivne. Räägitakse ka sellest, kui palju aitab vabandamine, kustutamine ja maine taastamine ning miks sellised vaidlused sageli kohtusse ei jõua.",coherent,high
313,6,313_nikotiini_veipi_kahjulikud_tarvitab,"['nikotiini', 'veipi', 'kahjulikud', 'tarvitab', 'suitsetama', 'järjel', 'teadusuuringuid', 'proovisid osad', 'tarbimise vähenemise', 'tuleb osas', 'osad jäidki', 'lastevanemate teadlikkus', 'jäävad sigareti', 'kasutus laiem', 'oskate täpsemalt']",Nikotiini tarvitamine stressi ja tähelepanu pärast,"Arutletakse, miks noored tarvitavad nikotiini sisaldavaid veipe ja patju, eriti stressi maandamiseks, keskendumise parandamiseks ning kuuluvustunde pärast. Samuti käsitletakse, kui kahjulikud need tooted on, miks neid peetakse ekslikult turvaliseks ning kuidas ennetuses tuleks noortele pakkuda alternatiive.",coherent,high
314,6,314_tarbija_vesi olemas_vett_liitrit,"['tarbija', 'vesi olemas', 'vett', 'liitrit', 'vesi', 'soojust', 'riskid', 'elektrikatkestus', 'tarbijal', 'kriisiks', 'mäleta pead', 'elektrit seadmed', 'tallinna veege', 'seadmed tööta', 'muuta mõnes']",Kriisideks valmis veetarbimine,"Arutatakse, kuidas vee- ja soojusvarustuse katkestusteks valmistuda, eriti tarbija ja ettevõtte vaatenurgast. Fookus on joogivee varumisel, kättesaadavusel ning kommunikatsioonil kriisi ajal.",coherent,high
315,6,315_siim_tere tulemast_tehnoloogia areng_tehnoloogia,"['siim', 'tere tulemast', 'tehnoloogia areng', 'tehnoloogia', 'meel kohale', 'kohale jõudsid', 'jõudsid tallinna', 'peavalude raviks', 'peavalude', 'tänu tehnoloogiale', 'päev patsientide', 'arro hea', 'tulemast grete', 'tehnoloogiale', 'tulemast']",Tehnoloogia mõju aju tervisele ja harjumustele,"Arutatakse, kuidas tehnoloogia areng mõjutab aju, vaimset tervist, tähelepanu ja igapäevaseid harjumusi. Samuti rõhutatakse, et tehnoloogia võib aidata ravis ja jälgimises, kuid selle kasutamine peab toetama und, liikumist ja päris suhtlust.",coherent,high
316,6,316_kirjutamata_online_raamid_produktiivsus,"['kirjutamata', 'online', 'raamid', 'produktiivsus', 'agib sinu', 'värvide järgi', 'värvide', 'ütlevad teevad', 'suurem produktiivsus', 'järgi küsin', 'kai keda', 'pikkus järgi', 'kirjeldused inimesed', 'küsin olengi', 'samas pikkus']",Kirjutamata digipiirid ja enesejuhtimine,"Arutatakse, kuidas pidev online-olek, teavitused ja meilikultuur loovad süütunnet ning hajutavad tähelepanu, kuid samas sunnivad inimesi iseenda jaoks piire ja rutiine kehtestama. Fookuses on kirjutamata reeglid, harjumuste asendamine ja enesejuhtimise oskus, et teha veebikasutusest tööriist, mitte koormus.",coherent,high
317,6,317_chat_lasteabi_murega_abisse,"['chat', 'lasteabi', 'murega', 'abisse', 'otsib inimesi', 'nõu soovitaks', 'sihuke tööpakkumine', 'vastab päris', 'sõnaga teadlikult', 'hakkab juhtima', 'muide keda', 'muide otsib', 'praegu otsib', 'tööpakkumine muide', 'instituudi väikene']",Laste abi küsimine tehisintellektist,"Arutletakse selle üle, kas ja millal võiks laps tehisintellekti kaudu abi või nõu küsida. Rõhutatakse, et suure mure korral on parem pöörduda päris inimese, eriti lasteabi või vanema poole, sest AI võib anda ebatäpset või kahjulikku nõu.",coherent,high
318,6,318_von der_der_von_ursula von,"['von der', 'der', 'von', 'ursula von', 'ursula', 'eelarvedistsipliiniga', 'laien', 'euroopa liidu', 'jaak', 'jaak madisson', 'euroopa', 'liidu', 'madisson', 'guses üldse', 'euroopa majandusele']",EL-i eelarve ja oma vahendite vaidlus,"Arutatakse Euroopa Liidu järgmise eelarveraamistiku ümber käivaid läbirääkimisi, eriti uute Euroopa maksude, tulude kasvatamise ja liikmesriikide vastuseisu üle. Fookuses on ka see, kuidas suunata raha ümber julgeoleku, kaitse ja konkurentsivõime tugevdamiseks ning mida see tähendab Eestile ja põllumajandusele.",coherent,high
319,6,319_saatkonda_tudengeid_viisat_viisasid,"['saatkonda', 'tudengeid', 'viisat', 'viisasid', 'teisel kujul', 'aafrikast', 'euroopast', 'aafrika', 'viisat saada', 'jõudnud oled', 'aafrikast aasiast', 'eesti saatkonda', 'eesti programmidesse', 'ülikoolidele ühel', 'ette välistatud']",Välistudengite viisasaamise takistused,"Arutletakse selle üle, kuidas Eesti ülikoolid ja organisatsioonid värbavad välistudengeid, kui suur osa huvilistest jääb viisa- ja saatkonnaprotsessi tõttu tulemata. Eraldi tuuakse välja, et see mõjutab eriti Aafrika ja Aasia riike ning sõltub palju sellest, kas Eestil on kohapealne saatkond või viisaesindus.",coherent,high
320,6,320_pidu_tarvitanud_kanepi_tunnetest,"['pidu', 'tarvitanud', 'kanepi', 'tunnetest', 'terek', 'üle poolaasta', 'polnud tarvitanud', 'poolaasta statistika', 'ki kontserdil', 'natuke maas', 'küsisin üle', 'arv praegult', 'nitaseenide', 'arvamusfestival käisin', 'lõbus kumbki']",Kaine peo surve ja tunnete rääkimine,"Arutletakse selle üle, kuidas pidudel ja noorte seltskonnas tuleb toime tulla alkoholi ning muude tõukeainete survega. Läbivalt rõhutatakse ka tunnetest rääkimise, abi küsimise ja kaine peokultuuri loomise tähtsust.",coherent,high
321,6,321_covidit_enne covidit_koolis olema_pandeemia,"['covidit', 'enne covidit', 'koolis olema', 'pandeemia', 'kogemus kuule', 'kandmisel distantsi', 'tegemisel maski', 'seljas kogemus', 'vaktsineerinud', 'haigeks surnud', 'terved isegi', 'kuule enne', 'distantsi hoidmisel', 'lähikondsed', 'lähikondsed terved']",Covidist jäänud kriisivalmiduse õppetunnid,"Arutatakse, mida Covidist õpiti nii inimeste käitumises kui ka tervise- ja kriisivalmiduses. Rõhk on sellel, kuidas koolis ja ühiskonnas peaks õpetama elementaarset tervisealast teadmist ning kuidas kogemused mõjutavad järgmise pandeemia või kriisi tajumist.",coherent,high
322,6,322_filmi_kirke_filmikooli_film,"['filmi', 'kirke', 'filmikooli', 'film', 'kaamera', 'end kursis', 'hoian end', 'kõige positiivsem', 'liina', 'teeb rõõmu', 'mõnda noort', 'lugu paberile', 'esimene film', 'õnneks fantaasiat', 'lugu õnneks']",Noorte isiklike filmilugude juhendamine,"Arutatakse, kuidas noored kasutavad filmi isiklike, valusate või ühiskondlike teemade väljendamiseks ning kuidas juhendajad neid selles turvaliselt toetavad. Fookuses on loovuse hoidmine, tagasiside andmine ja film kui enese mõtestamise viis.",coherent,high
323,6,323_surmast_marju_väärikate_enesekesksed,"['surmast', 'marju', 'väärikate', 'enesekesksed', 'pesnud', 'pesnud ühte', 'saa enesekesksed', 'aidanud riidesse', 'surnu', 'väärikate ülikooli', 'surnu pesnud', 'soov egoistlik', 'kodus suremist', 'ühe surnu', 'suremist näinud']",Surmast rääkimine ja elulõpu ettevalmistus,"Arutletakse, kuidas surmast ja suremisest rääkida avatult, et vähendada hirmu ning toetada nii patsienti kui lähedasi. Fookuses on elulõpu tahteavaldused, kannatuste leevendamine, matused, hingehoid ja surma kui elu osa mõtestamine.",coherent,high
324,6,324_inimkaubandus_inimkaubanduse_ärakasutamise_oluline vahet,"['inimkaubandus', 'inimkaubanduse', 'ärakasutamise', 'oluline vahet', 'ärakasutamist', 'seitsesada viiskümmend', 'tööjõupuudus', 'tööõigusalaseks teema', 'kõiki tingimusi', 'pidada selliseks', 'kannatanud päris', 'palju tööalast', 'tööalast', 'tööjõupuudus kindlasti', 'olukorras kannatanud']",Tööalase ärakasutamise ja inimkaubanduse vahe,"Arutatakse, kuidas eristada inimkaubandust tööalasest ärakasutamisest, eriti välistöötajate ja haavatavate rühmade puhul. Rõhutatakse, et asi ei piirdu piiriülese veoga, vaid hõlmab ka hirmutamist, palga maksmata jätmist ja sunnitud töötingimusi.",coherent,high
325,6,325_ülemiste_kakao_seenhaigus_globaalses plaanis,"['ülemiste', 'kakao', 'seenhaigus', 'globaalses plaanis', 'vee', 'vee hinda', 'ülemiste järve', 'vett', 'kliimamuutuste', 'nisu', 'temperatuuri', 'jaanus palju', 'hea üldteadmine', 'harjumused võivad', 'hinnatud kliimamuutuste']",Kakao ja riisi kliimariskid,"Arutatakse, kuidas kliimamuutused ohustavad kakao, riisi ja nisu kättesaadavust ning tõstavad toiduhindu. Juttu on ka saagikuse langusest, kahjuritest-seenhaigustest ning vajadusest toitumist ja toidukäitumist kohandada.",coherent,high
326,6,326_õppused_õppuste_tuhat kilomeetrit_välitoitlustus loomulikult,"['õppused', 'õppuste', 'tuhat kilomeetrit', 'välitoitlustus loomulikult', 'vehivad', 'tapeediks', 'tapeediks müraks', 'talitus', 'sõjast ühel', 'sellise paratamatus', 'riigisektoris rohkem', 'kilomeetrit lõuna', 'jutumärkides küll', 'suur logistiline', 'kellanud isiklikult']",tsiviilsektori õppused ja kriisivalmidus,"Arutletakse, kuidas õppused, lauaharjutused ja läbimängud aitavad riigil, kaitseväel ja erasektoril kriisi- ning sõjaolukordadeks valmis olla. Toonitatakse tsiviilsektori, partnerite ja vabatahtlike kaasamist ning seda, et praktilised olukorrad nagu elektrikatkestus, evakuatsioon või suursündmused annavad päris kogemuse.",coherent,high
327,6,327_ratas_sõidab sõidab_rattaga_tagumine,"['ratas', 'sõidab sõidab', 'rattaga', 'tagumine', 'sõidab', 'plekk', 'raili', 'esimene ratas', 'puutujad', 'jälje', 'ratta', 'ratas kumb', 'osad näe', 'jaguvad', 'teine ratas']",Rattajälgede mustri ja suuna tuletamine,"Arutatakse, kuidas kahe erineva suurusega ratta jätetud jälgedest järeldada mustrit, ühiskordseid ja sõidusuunda. Rõhk on visuaalsel mõtlemisel, puutujatel ja invariantidel, et selgitada, milline ratas jättis millise jälje.",coherent,high
328,6,328_ettevõtlikkust_kristo_rahatarkuse_ettevõtja,"['ettevõtlikkust', 'kristo', 'rahatarkuse', 'ettevõtja', 'rahatarkuse teema', 'kutse olemas', 'kutse line', 'line ettevõtja', 'täiesti saad', 'minna ho', 'spordimaailma', 'kogemus minna', 'ettevõtja mõelda', 'esiteks väikeettevõtja', 'spordimaailma poole']",Kooli ettevõtlikkusõpe ja ettevõtjate mentorlus,"Arutatakse, kuidas koolides õpetada noortele ettevõtlikkust ja rahatarkust nii, et see ei jääks vaid juhuslikuks või vaid vähestele jõudvaks. Rõhk on koduse tausta, maapiirkonna võimaluste, õpilasfirmade ning ettevõtjate rolli kaudu pakutaval mentorlusel.",coherent,high
329,6,329_jalgpalli_klubisid_mangusime_jalgpall kõige,"['jalgpalli', 'klubisid', 'mangusime', 'jalgpall kõige', 'loomulik protsess', 'jalgpallis', 'lahendust sellele', 'treeneri', 'näeme täna', 'jalgpall', 'korvpalli', 'paremini kaks', 'täna jalgpall', 'tagant võiks', 'selgelt klubisid']",Laste mitme alaga liikumisvõimalused,"Arutelu keskmes on see, kuidas lastele pakkuda rohkem mitmekülgseid liikumis- ja spordivõimalusi nii koolis kui huvihariduses. Rõhutatakse multisporti, algajate gruppe eri vanuses ning riigi ja klubide rolli, et lapsed saaksid liikuda ka siis, kui nad ei taha kohe võistlema hakata.",coherent,high
330,6,330_emaduse_eesti kultuuri_emadus_kultuuri,"['emaduse', 'eesti kultuuri', 'emadus', 'kultuuri', 'emadust', 'kujutatakse', 'hoiakud', 'veidikese', 'kultuuriga', 'eesti kultuur', 'edasiandmine', 'kõigil ükskama', 'kultuuri tähtsustata', 'tasapisi mõjutama', 'tähtsustata eriliselt']",Emaduse ja kultuuri edasikandumise hoiakud,"Arutatakse, kuidas emaduse kujutamine ja emaduse kogemus mõjutavad noorte hoiakuid ning seeläbi ka Eesti kultuuri kestmist. Rõhutatakse, et kultuuri säilimiseks tuleb luua tingimused, toetada emasid ja kaasata noori kultuuriloomesse.",coherent,high
331,6,331_kakskeelne_kakskeelsest_kakskeelsest perest_naine olema,"['kakskeelne', 'kakskeelsest', 'kakskeelsest perest', 'naine olema', 'marta', 'keel', 'inglise', 'keele', 'perest palju', 'lasnamäe vene', 'vene gümnaasium', 'ühiskonda õpetama', 'ajalugu ühiskonda', 'milline naine', 'mõjutas läksin']",Kakskeelsus ja naise identiteet,"Arutletakse kakskeelses peres kasvamise, keelelise kuuluvuse ja selle mõju üle eneseidentiteedile, eriti naise rolli ja ootuste kaudu. Vestluses seotakse kakskeelsus koolikogemuse, diskrimineerimistaju ja kultuuridevahelise võrdlemisega.",coherent,high
332,6,332_valglinnastumise_toimepiirkond_valglinn_tahame värk,"['valglinnastumise', 'toimepiirkond', 'valglinn', 'tahame värk', 'sellele lihtne', 'paneme palun', 'olemas korraks', 'kehtivad detailplaneeringud', 'öelda virtuaalne', 'konkreetne lähme', 'õhus olemas', 'detailplaneeringud öelda', 'riigi rahad', 'kõigil suurem', 'värk pikaajaliselt']",Valglinnastumise põhjused ja pidurdamine,"Arutatakse, miks inimesed kolivad linnast välja ning kuidas valglinnastumist pidurdada. Rõhutatakse eluaseme kättesaadavust, paremat ühistransporti, tihedamat hoonestust ja omavalitsuste rolli suunamisel.",coherent,high
333,6,333_vesiniku_veeldatud_toormed_elektriauto,"['vesiniku', 'veeldatud', 'toormed', 'elektriauto', 'vesinikust', 'laadijaid', 'vesinikku', 'biogaasi', 'mõttes kahtlustan', 'praegult odavam', 'ostad kuuskümmend', 'kõrgeid kütusehindade', 'taset eestlaste', 'elektriauto praegult', 'jätab rest']",Vesinikukütuste ja biometaani tootmise tasuvus,"Arutatakse, millised keskkonnasõbralikud kütused on Eestis tehnoloogiliselt ja majanduslikult kõige realistlikumad. Fookuses on vesiniku, biogaasi ja biometaani tootmiskulu, toormete kättesaadavus, tarbijate olemasolu ning see, kuidas elektri hind ja tankla- või laadimistaristu mõjutavad kasutuselevõttu ja eksporti.",coherent,high
334,6,334_hästi tugev_ukrainasse_sanktsioonide_turunišše,"['hästi tugev', 'ukrainasse', 'sanktsioonide', 'turunišše', 'mingitel puht', 'kohtunud saavad', 'kohtades mari', 'neil riiki', 'kõiges kõiges', 'puht puht', 'puht puhkudel', 'puhkudel alahanget', 'protsenti ettevõttest', 'võib keerulises', 'tuleb ukraina']",Ukraina turu- ja ülesehitusvõimalused,"Arutatakse Ukraina kui tulevase ja juba osalt ka praeguse sihtturu potentsiaali, eriti pärast sõda ja ülesehituse käigus. Korduvalt rõhutatakse Eesti ettevõtete rolli, kohapealse koostöö vajadust ning seda, kuidas sanktsioonid, kultuurierinevused ja tööjõu liikumine mõjutavad turule minekut.",coherent,high
335,6,335_surnud_lind_linde_lennugripi,"['surnud', 'lind', 'linde', 'lennugripi', 'nakkusohtlik', 'kilpkonnad', 'avastas', 'pirita', 'rannas', 'lindu', 'mesilastest', 'rändeteed', 'kevadel vabastasime', 'jäänud jää', 'näiteks pirita']",linnugripi levik ja surnud linnud,"Arutatakse linnugripi levikut, eriti rändlindude, surnud lindude ja imetajate kaudu, ning seda, kuidas varajane seire aitab haigust tuvastada. Samuti kirjeldatakse vabatahtlike ja ametkondade koostööd, kiirteste ning raskusi nakkusohtlike lindude käsitlemisel.",coherent,high
336,6,336_ülikooli edasi_kutsekoolide_tuhande ringis_eesti pangad,"['ülikooli edasi', 'kutsekoolide', 'tuhande ringis', 'eesti pangad', 'alajaam number', 'lõpetajatest läheb', 'nelikümmend prossa', 'protsenti põhikooli', 'imagoga', 'üldkeskhariduse', 'pakiline', 'kutsekoolide tase', 'gümnaasiumit', 'ütles tead', 'inseneeria']",kutsehariduse ja inseneeria suunamine,"Arutatakse, kuidas põhikooli järel rohkem noori kutse- ja rakendusõppesse suunata ning samal ajal tagada, et neil oleks võimalik hiljem ka ülikooli edasi minna. Korduvalt rõhutatakse inseneride järelkasvu, kutsekoolide maine parandamist ja praktilise tehnikaõppe tähtsust tööstuse jaoks.",coherent,high
337,6,337_smi_kakskümmend viiskümmend_kliimamuutust_vähem emotsiooni,"['smi', 'kakskümmend viiskümmend', 'kliimamuutust', 'vähem emotsiooni', 'euroopas omaette', 'sõnum smi', 'emotsioon tead', 'omaette kategoorias', 'emotsioon teadmine', 'kategoorias näe', 'sulle eesti', 'emotsiooni korraks', 'seostub sulle', 'kokku ministri', 'kliimamuutust teemat']",Metsaraiete otsustamine andmete ja emotsioonide vahel,"Arutletakse, kuidas Eesti metsaraiete taset peaks määrama poliitiline otsus, mis toetub andmetele, prognoosidele ja pikaajalisele vaatele. Korduvalt tõuseb esile vajadus vähendada emotsioonipõhist vaidlust ning korrastada metsastatistika, eriti SMI, ja kliimamuutuse tajumine.",coherent,high
338,6,338_maleva_malev_õpilasmaleva_rühmajuht,"['maleva', 'malev', 'õpilasmaleva', 'rühmajuht', 'malevas', 'rühm', 'vaikselt läksime', 'esimene maleva', 'mälestusi', 'valter', 'malevlased', 'malevast', 'raba', 'peterburi', 'õpilasmalev']",Õpilasmaleva rühmajuhtide kogemuslood,"Arutatakse õpilasmaleva ajaloo, rühmajuhtimise ja malevarühmadega seotud mälestuste üle. Rõhutatakse noorte kasvamist, kooselamist, suhtlemisoskust ja maleva mõju nii osalejatele kui ka juhendajatele.",coherent,high
339,6,339_andmekeskus_andmekeskused_andmekeskustest_kutsume siia,"['andmekeskus', 'andmekeskused', 'andmekeskustest', 'kutsume siia', 'missuguste', 'investeeringuid vaja', 'tööstus', 'tööle näed', 'elektritarbijana', 'makse teenime', 'elektritootjana ütleks', 'biine', 'elektritootjana', 'uusi töökohtasid', 'biine panen']",andmekeskuste meelitamine ja elektritarbimise kasu,"Arutletakse selle üle, kas Eestil tasub kutsuda siia andmekeskusi ja muid suurtarbijaid ning mida riik, tarbija ja elektritootja sellest võidaksid. Keskmes on elektri hind, võrgu koormus, investeeringu tasuvus ja see, kas andmekeskused toovad ühiskonnale päriselt lisandväärtust.",coherent,high
340,6,340_carne_stubb_stuubi_globaalne lõuna,"['carne', 'stubb', 'stuubi', 'globaalne lõuna', 'carney', 'indias', 'arenguabi', 'kaaluvad', 'sõbrad peale', 'kaaluvad üles', 'julgeolekunõukogus näiteks', 'toimuvad eestis', 'tugevamalt olulised', 'täiesti loogika', 'artiklit vikerkaares']",Globaalne lõuna ja ÜRO reeglid,"Arutletakse, kuidas ÜRO ja rahvusvahelised reeglid toimivad valikuliselt ning miks globaalse lõuna riike tuleks rohkem kaasata. Fookuses on ka väikeriikide koalitsioonid, arenguabi ja see, kuidas Eesti ja Euroopa peaksid lõunaga suhteid kujundama.",coherent,high
341,6,341_räägid poliitikutest_poliitikutest_sotsiaalmeedias_argumenteeritud,"['räägid poliitikutest', 'poliitikutest', 'sotsiaalmeedias', 'argumenteeritud', 'arusaam asjast', 'viisakama', 'arvamusi võib', 'asjast eetiline', 'vaid jagataksegi', 'eetiline käituda', 'tsiteerida arusaam', 'elamas vaid', 'käi inimesed', 'käituda praegu', 'poliitikutest räägivad']",argumenteeritud poliitiline arutelu sotsiaalmeedias,"Arutletakse selle üle, kas sotsiaalmeedias saab pidada sisukat ja argumenteeritud poliitilist diskussiooni või kipub see jääma kõlakambri ja konfliktide tasemele. Juttu on ka poliitikute, ajakirjanike ja organisatsioonide rollist arutelu kvaliteedi parandamisel.",coherent,high
342,6,342_väärt lahendamist_aasta kevadest_blockchain_lahendamist,"['väärt lahendamist', 'aasta kevadest', 'blockchain', 'lahendamist', 'kevadest', 'erinevates fo', 'konto olemas', 'istub viis', 'orumites ikka', 'olemas kuulsin', 'juttu peaks', 'aitäh sten', 'naturaalne riik', 'ainult läksime', 'otsas istub']",AI ja plokiahela praktiline riigipoolne rakendamine,"Arutatakse, kuidas Eesti ja teised riigid kipuvad tehnoloogia nimel lahendusi otsima enne, kui probleem on selgelt määratletud, ning miks peaks lähtuma päriselt väärt lahendamist vajavatest vajadustest. Fookuses on ka digiküpsus, läbipaistvus, regulatsioon ja see, kuidas AI, blockchain ja digiidentiteet seostuvad riigi rolli ning võimukeskme nihkumisega.",coherent,high
343,6,343_rohkem headust_headust_sarnases_natali,"['rohkem headust', 'headust', 'sarnases', 'natali', 'delfis', 'sotsiaalmeedias ainult', 'realsi', 'sina erinevates', 'taliga', 'teemal edasi', 'taliga nõu', 'sotsiaalmeedia reguleeritud', 'võib kohtume', 'märku ühiskond', 'võib jaana']",viisakas poliitiline arutelu sotsiaalmeedias,"Arutatakse, kas ja kuidas saab sotsiaalmeedias pidada sisukat poliitilist debatti ilma, et algoritmid, konflikt ja kommentaariumide polariseeritus selle ära rikuksid. Lahendusena tuuakse esile selged reeglid, modereerimine, mõõdukas lobi ning hea käitumise märkamise ja premeerimise tähtsus.",coherent,high
344,6,344_graffiti_grafiti_tänavakunst_tänavakunsti,"['graffiti', 'grafiti', 'tänavakunst', 'tänavakunsti', 'ülo', 'loaga', 'lõngus', 'outsider', 'banksy', 'tänavakunsti puhul', 'konnas loodud', 'graffiti tänavakunst', 'loe sealt', 'kood mõisteta', 'teatud hetk']",Tänavakunsti ja grafiti piirid,"Arutletakse selle üle, kuidas eristuvad grafiti, tänavakunst ja muralseinad ning miks tänavakunsti tajutakse sageli arusaadavama ja positiivsemana. Samuti käsitletakse legaalsust, linnaruumi suhtumist, autorlust ja sobivust erinevatesse kohtadesse.",coherent,high
345,6,345_chat kontrolli_tunneme_nendega järelevalve_iganes lahendus,"['chat kontrolli', 'tunneme', 'nendega järelevalve', 'iganes lahendus', 'samas küsimus', 'teine positiivne', 'parimad mõtted', 'aldades ettevõtteid', 'aldades', 'alati silutatud', 'tahtsin saavutada', 'saavutada korraga', 'sellepärast arutamegi', 'positiivne tahtsin', 'teil põrgus']",andmetöötluse varjatud õiguste piiramine,"Arutatakse, kuidas isikuandmete kogumine ja tehisaru- või järelevalvesüsteemid võivad märkamatult piirata privaatsust ja muid õigusi. Rõhk on autonoomial, läbipaistvusel ning sellel, et tagajärjed ilmnevad sageli alles hiljem.",coherent,high
